2017_01_ARI_DET	https://static.www.nfl.com/image/upload/v1677629455/gamecenter/10012017-0910-04e6-82e0-b5888d13894c.pdf
2017_01_ATL_CHI	https://static.www.nfl.com/image/upload/v1677629454/gamecenter/10012017-0910-0124-da5e-c8a0cd3f75eb.pdf
2017_01_BAL_CIN	https://static.www.nfl.com/image/upload/v1677629471/gamecenter/10012017-0910-02b1-a221-11b7791c2be0.pdf
2017_01_CAR_SF	https://static.www.nfl.com/image/upload/v1677629447/gamecenter/10012017-0910-11a3-01e2-9af94180303b.pdf
2017_01_IND_LA	https://static.www.nfl.com/image/upload/v1677629457/gamecenter/10012017-0910-09f0-9d73-596cec185bb0.pdf
2017_01_JAX_HOU	https://static.www.nfl.com/image/upload/v1677629444/gamecenter/10012017-0910-053c-52c9-2fd12c1b4333.pdf
2017_01_KC_NE	https://static.www.nfl.com/image/upload/v1677629453/gamecenter/10012017-0907-0048-c3b3-932661e7094f.pdf
2017_01_LAC_DEN	https://static.www.nfl.com/image/upload/v1677629471/gamecenter/10012017-0911-0131-3689-c8cd65e4be8e.pdf
2017_01_NO_MIN	https://static.www.nfl.com/image/upload/v1677629448/gamecenter/10012017-0911-008e-416f-ea4c68f01520.pdf
2017_01_NYG_DAL	https://static.www.nfl.com/image/upload/v1677629458/gamecenter/10012017-0910-1259-941f-cc7dcfc98b41.pdf
2017_01_NYJ_BUF	https://static.www.nfl.com/image/upload/v1677629442/gamecenter/10012017-0910-007a-9603-93516b0720bf.pdf
2017_01_OAK_TEN	https://static.www.nfl.com/image/upload/v1677629445/gamecenter/10012017-0910-07fc-3ba5-032bd0805ab5.pdf
2017_01_PHI_WAS	https://static.www.nfl.com/image/upload/v1677629456/gamecenter/10012017-0910-08e0-4e0b-011ea3f0dd8e.pdf
2017_01_PIT_CLE	https://static.www.nfl.com/image/upload/v1677629443/gamecenter/10012017-0910-032e-4814-f966ce3e4aae.pdf
2017_01_SEA_GB	https://static.www.nfl.com/image/upload/v1677629446/gamecenter/10012017-0910-102f-b9ca-05de0b4a50cb.pdf
2017_02_ARI_IND	https://static.www.nfl.com/image/upload/v1677629459/gamecenter/10012017-0917-025a-99be-d94da9f2c77d.pdf
2017_02_BUF_CAR	https://static.www.nfl.com/image/upload/v1677629449/gamecenter/10012017-0917-01fa-a40b-d13deb748d5a.pdf
2017_02_CHI_TB	https://static.www.nfl.com/image/upload/v1677629451/gamecenter/10012017-0917-077f-6a39-dd27d2d298da.pdf
2017_02_CLE_BAL	https://static.www.nfl.com/image/upload/v1677629473/gamecenter/10012017-0917-0070-fb5c-d089e47f4d81.pdf
2017_02_DAL_DEN	https://static.www.nfl.com/image/upload/v1677629452/gamecenter/10012017-0917-104a-9090-53f6f240c83e.pdf
2017_02_DET_NYG	https://static.www.nfl.com/image/upload/v1677629476/gamecenter/10012017-0918-0018-b0f3-7cdf4a3c135c.pdf
2017_02_GB_ATL	https://static.www.nfl.com/image/upload/v1677629462/gamecenter/10012017-0917-134b-af36-c83c014bca00.pdf
2017_02_HOU_CIN	https://static.www.nfl.com/image/upload/v1677629472/gamecenter/10012017-0914-00cb-4d95-fa9e3d999ae0.pdf
2017_02_MIA_LAC	https://static.www.nfl.com/image/upload/v1677629461/gamecenter/10012017-0917-08da-7338-6421d984b7fd.pdf
2017_02_MIN_PIT	https://static.www.nfl.com/image/upload/v1677629460/gamecenter/10012017-0917-06cb-f11e-c7b61a8b6f42.pdf
2017_02_NE_NO	https://static.www.nfl.com/image/upload/v1677629474/gamecenter/10012017-0917-0591-bce0-35792d32499d.pdf
2017_02_NYJ_OAK	https://static.www.nfl.com/image/upload/v1677629461/gamecenter/10012017-0917-094d-0900-cd87c253a1a2.pdf
2017_02_PHI_KC	https://static.www.nfl.com/image/upload/v1677629450/gamecenter/10012017-0917-0455-fc64-468ee298d8d7.pdf
2017_02_SF_SEA	https://static.www.nfl.com/image/upload/v1677629475/gamecenter/10012017-0917-1225-087d-22fd6606923a.pdf
2017_02_TEN_JAX	https://static.www.nfl.com/image/upload/v1677629449/gamecenter/10012017-0917-03fc-1619-b56c812f0a15.pdf
2017_02_WAS_LA	https://static.www.nfl.com/image/upload/v1677629453/gamecenter/10012017-0917-1169-5d6c-f23c9f5bccfa.pdf
2017_03_ATL_DET	https://static.www.nfl.com/image/upload/v1677629456/gamecenter/10012017-0924-045a-33a3-a664c53441d1.pdf
2017_03_BAL_JAX	https://static.www.nfl.com/image/upload/v1677629454/gamecenter/10012017-0924-00a0-39c3-db403a28c54e.pdf
2017_03_CIN_GB	https://static.www.nfl.com/image/upload/v1677629459/gamecenter/10012017-0924-11b8-2160-19a7190e3181.pdf
2017_03_CLE_IND	https://static.www.nfl.com/image/upload/v1677629464/gamecenter/10012017-0924-05b3-4986-f761a4686dbd.pdf
2017_03_DAL_ARI	https://static.www.nfl.com/image/upload/v1677629466/gamecenter/10012017-0925-00b3-ef26-98c8cf5704df.pdf
2017_03_DEN_BUF	https://static.www.nfl.com/image/upload/v1677629455/gamecenter/10012017-0924-01e8-ad83-597061bd62e8.pdf
2017_03_HOU_NE	https://static.www.nfl.com/image/upload/v1677629457/gamecenter/10012017-0924-079a-f18e-e360e1889765.pdf
2017_03_KC_LAC	https://static.www.nfl.com/image/upload/v1677629465/gamecenter/10012017-0924-1225-5003-8bc62a7e747c.pdf
2017_03_LA_SF	https://static.www.nfl.com/image/upload/v1677629463/gamecenter/10012017-0921-00ce-4e0a-d43490f0ebad.pdf
2017_03_MIA_NYJ	https://static.www.nfl.com/image/upload/v1677629479/gamecenter/10012017-0924-08b1-1bfc-8646b7b068ac.pdf
2017_03_NO_CAR	https://static.www.nfl.com/image/upload/v1677629477/gamecenter/10012017-0924-0239-ba6d-e179fa7c2960.pdf
2017_03_NYG_PHI	https://static.www.nfl.com/image/upload/v1677629480/gamecenter/10012017-0924-0934-7d84-2cce5153b41b.pdf
2017_03_OAK_WAS	https://static.www.nfl.com/image/upload/v1677629460/gamecenter/10012017-0924-1366-caab-25bfedfadd25.pdf
2017_03_PIT_CHI	https://static.www.nfl.com/image/upload/v1677629478/gamecenter/10012017-0924-0338-9418-30f8d136fc4a.pdf
2017_03_SEA_TEN	https://static.www.nfl.com/image/upload/v1677629458/gamecenter/10012017-0924-1047-f5ea-49bbafd0e8a9.pdf
2017_03_TB_MIN	https://static.www.nfl.com/image/upload/v1677629456/gamecenter/10012017-0924-06d1-e09c-91f209aa93aa.pdf
2017_04_BUF_ATL	https://static.www.nfl.com/image/upload/v1677629468/gamecenter/10012017-1001-0119-a1e5-2d07a7a613e6.pdf
2017_04_CAR_NE	https://static.www.nfl.com/image/upload/v1677629483/gamecenter/10012017-1001-07fb-8a01-8af33e623991.pdf
2017_04_CHI_GB	https://static.www.nfl.com/image/upload/v1677629467/gamecenter/10012017-0928-00d1-6dba-01aff48e5736.pdf
2017_04_CIN_CLE	https://static.www.nfl.com/image/upload/v1677629481/gamecenter/10012017-1001-033c-80ba-023aa809add8.pdf
2017_04_DET_MIN	https://static.www.nfl.com/image/upload/v1677629470/gamecenter/10012017-1001-0656-2216-eb40b4575085.pdf
2017_04_IND_SEA	https://static.www.nfl.com/image/upload/v1677629462/gamecenter/10012017-1001-1363-0989-dc523414c9ca.pdf
2017_04_JAX_NYJ	https://static.www.nfl.com/image/upload/v1677629471/gamecenter/10012017-1001-0858-ba27-fd76853f12c3.pdf
2017_04_LA_DAL	https://static.www.nfl.com/image/upload/v1677629482/gamecenter/10012017-1001-04c6-5b9c-47fd31bad080.pdf
2017_04_NO_MIA	https://static.www.nfl.com/image/upload/v1677629480/gamecenter/10012017-1001-0066-b52e-d55d3ef6ff48.pdf
2017_04_NYG_TB	https://static.www.nfl.com/image/upload/v1677629484/gamecenter/10012017-1001-11e7-52e9-615d20b8a8c1.pdf
2017_04_OAK_DEN	https://static.www.nfl.com/image/upload/v1677629473/gamecenter/10012017-1001-12db-99f1-543786e012a9.pdf
2017_04_PHI_LAC	https://static.www.nfl.com/image/upload/v1677629461/gamecenter/10012017-1001-102f-0be9-a7d9323357f4.pdf
2017_04_PIT_BAL	https://static.www.nfl.com/image/upload/v1677629468/gamecenter/10012017-1001-0294-0c31-ab9d3905580c.pdf
2017_04_SF_ARI	https://static.www.nfl.com/image/upload/v1677629472/gamecenter/10012017-1001-09db-aa84-266c476d81d3.pdf
2017_04_TEN_HOU	https://static.www.nfl.com/image/upload/v1677629469/gamecenter/10012017-1001-0519-a03e-065fcaa9c965.pdf
2017_04_WAS_KC	https://static.www.nfl.com/image/upload/v1677629463/gamecenter/10012017-1002-00cc-2b93-23934e39de2e.pdf
2017_05_ARI_PHI	https://static.www.nfl.com/image/upload/v1677629477/gamecenter/10012017-1008-0654-c2b7-85799a87750e.pdf
2017_05_BAL_OAK	https://static.www.nfl.com/image/upload/v1677629469/gamecenter/10012017-1008-09df-9557-0b7e0530c1c0.pdf
2017_05_BUF_CIN	https://static.www.nfl.com/image/upload/v1677629466/gamecenter/10012017-1008-00bc-6c23-80e1fad09904.pdf
2017_05_CAR_DET	https://static.www.nfl.com/image/upload/v1677629475/gamecenter/10012017-1008-02d8-e382-750e7d3d6913.pdf
2017_05_GB_DAL	https://static.www.nfl.com/image/upload/v1677629470/gamecenter/10012017-1008-1017-b961-12bee91f6473.pdf
2017_05_JAX_PIT	https://static.www.nfl.com/image/upload/v1677629468/gamecenter/10012017-1008-074c-5dc1-83159864ffd2.pdf
2017_05_KC_HOU	https://static.www.nfl.com/image/upload/v1677629485/gamecenter/10012017-1008-1191-0a57-e0f851661019.pdf
2017_05_LAC_NYG	https://static.www.nfl.com/image/upload/v1677629467/gamecenter/10012017-1008-057c-fcfe-c87ab56ff0d4.pdf
2017_05_MIN_CHI	https://static.www.nfl.com/image/upload/v1677629486/gamecenter/10012017-1009-00c2-95e0-58500037ff6c.pdf
2017_05_NE_TB	https://static.www.nfl.com/image/upload/v1677629463/gamecenter/10012017-1005-0075-fd61-618a1e271a52.pdf
2017_05_NYJ_CLE	https://static.www.nfl.com/image/upload/v1677629474/gamecenter/10012017-1008-019b-b326-c44525031bf1.pdf
2017_05_SEA_LA	https://static.www.nfl.com/image/upload/v1677629478/gamecenter/10012017-1008-0879-1199-6105eca71b02.pdf
2017_05_SF_IND	https://static.www.nfl.com/image/upload/v1677629466/gamecenter/10012017-1008-0352-2fca-daa374a66743.pdf
2017_05_TEN_MIA	https://static.www.nfl.com/image/upload/v1677629476/gamecenter/10012017-1008-047d-886e-b5cd9ce8a76f.pdf
2017_06_CHI_BAL	https://static.www.nfl.com/image/upload/v1677629481/gamecenter/10012017-1015-0178-b6e8-48171d8e7471.pdf
2017_06_CLE_HOU	https://static.www.nfl.com/image/upload/v1677629487/gamecenter/10012017-1015-0293-8919-c455966fbc65.pdf
2017_06_DET_NO	https://static.www.nfl.com/image/upload/v1677629483/gamecenter/10012017-1015-0461-6d8b-f1d283ecdb58.pdf
2017_06_GB_MIN	https://static.www.nfl.com/image/upload/v1677629482/gamecenter/10012017-1015-0388-11cd-013ba8c2a9ea.pdf
2017_06_IND_TEN	https://static.www.nfl.com/image/upload/v1677629472/gamecenter/10012017-1016-00aa-c37a-6254efd8f41b.pdf
2017_06_LAC_OAK	https://static.www.nfl.com/image/upload/v1677629490/gamecenter/10012017-1015-106c-5167-bf9f190a4c6a.pdf
2017_06_LA_JAX	https://static.www.nfl.com/image/upload/v1677629472/gamecenter/10012017-1015-08ba-4cdd-ff438e0499b5.pdf
2017_06_MIA_ATL	https://static.www.nfl.com/image/upload/v1677629480/gamecenter/10012017-1015-00c5-30c9-c1108171ff53.pdf
2017_06_NE_NYJ	https://static.www.nfl.com/image/upload/v1677629484/gamecenter/10012017-1015-05e8-d076-e460e7bba219.pdf
2017_06_NYG_DEN	https://static.www.nfl.com/image/upload/v1677629485/gamecenter/10012017-1015-112c-8bd7-c30f34e46cd8.pdf
2017_06_PHI_CAR	https://static.www.nfl.com/image/upload/v1677629479/gamecenter/10012017-1012-00b6-ab96-8cdbd521faf9.pdf
2017_06_PIT_KC	https://static.www.nfl.com/image/upload/v1677629489/gamecenter/10012017-1015-093d-4536-714ee2680b87.pdf
2017_06_SF_WAS	https://static.www.nfl.com/image/upload/v1677629488/gamecenter/10012017-1015-0677-2205-69028ec23825.pdf
2017_06_TB_ARI	https://static.www.nfl.com/image/upload/v1677629471/gamecenter/10012017-1015-07e6-5fe5-99831aa5b467.pdf
2017_07_ARI_LA	https://static.www.nfl.com/image/upload/v1677629492/gamecenter/10012017-1022-053d-d6e9-723bd5bc8369.pdf
2017_07_ATL_NE	https://static.www.nfl.com/image/upload/v1677629492/gamecenter/10012017-1022-12fd-98a1-078467a4e594.pdf
2017_07_BAL_MIN	https://static.www.nfl.com/image/upload/v1677629475/gamecenter/10012017-1022-0713-e63d-74be7fc6cb9e.pdf
2017_07_CAR_CHI	https://static.www.nfl.com/image/upload/v1677629491/gamecenter/10012017-1022-0151-04d3-011b9d80a97f.pdf
2017_07_CIN_PIT	https://static.www.nfl.com/image/upload/v1677629476/gamecenter/10012017-1022-08bc-6044-e6447ea57f4d.pdf
2017_07_DAL_SF	https://static.www.nfl.com/image/upload/v1677629490/gamecenter/10012017-1022-096e-beff-4ebdb8a00758.pdf
2017_07_DEN_LAC	https://static.www.nfl.com/image/upload/v1677629491/gamecenter/10012017-1022-105c-15ab-3c6b47cebc60.pdf
2017_07_JAX_IND	https://static.www.nfl.com/image/upload/v1677629474/gamecenter/10012017-1022-044f-f395-2e09704bb4f0.pdf
2017_07_KC_OAK	https://static.www.nfl.com/image/upload/v1677629486/gamecenter/10012017-1019-00ca-081e-50172269133e.pdf
2017_07_NO_GB	https://static.www.nfl.com/image/upload/v1677629488/gamecenter/10012017-1022-0397-0c4f-9dff3830cc1c.pdf
2017_07_NYJ_MIA	https://static.www.nfl.com/image/upload/v1677629489/gamecenter/10012017-1022-06b4-8894-0c52a8024b83.pdf
2017_07_SEA_NYG	https://static.www.nfl.com/image/upload/v1677629477/gamecenter/10012017-1022-1114-91a6-530af600f395.pdf
2017_07_TB_BUF	https://static.www.nfl.com/image/upload/v1677629487/gamecenter/10012017-1022-0024-8f4f-4e5348dd337b.pdf
2017_07_TEN_CLE	https://static.www.nfl.com/image/upload/v1677629473/gamecenter/10012017-1022-02d5-acbc-1c4675a40881.pdf
2017_07_WAS_PHI	https://static.www.nfl.com/image/upload/v1677629493/gamecenter/10012017-1023-00b1-2def-5597be27a9f9.pdf
2017_08_ATL_NYJ	https://static.www.nfl.com/image/upload/v1677629498/gamecenter/10012017-1029-05ac-0641-a6780422c20c.pdf
2017_08_CAR_TB	https://static.www.nfl.com/image/upload/v1677629499/gamecenter/10012017-1029-0731-9254-706f9ce1e8d5.pdf
2017_08_CHI_NO	https://static.www.nfl.com/image/upload/v1677629498/gamecenter/10012017-1029-04c8-a31f-c4a2f9d701ba.pdf
2017_08_DAL_WAS	https://static.www.nfl.com/image/upload/v1677629495/gamecenter/10012017-1029-0934-e2cc-9368ce3391a6.pdf
2017_08_DEN_KC	https://static.www.nfl.com/image/upload/v1677629479/gamecenter/10012017-1030-00b3-6b30-a61200c82d38.pdf
2017_08_HOU_SEA	https://static.www.nfl.com/image/upload/v1677629478/gamecenter/10012017-1029-089e-85d9-bce98ceeac7e.pdf
2017_08_IND_CIN	https://static.www.nfl.com/image/upload/v1677629496/gamecenter/10012017-1029-0261-481d-b1224551e05e.pdf
2017_08_LAC_NE	https://static.www.nfl.com/image/upload/v1677629497/gamecenter/10012017-1029-033f-6720-1efd11232eda.pdf
2017_08_MIA_BAL	https://static.www.nfl.com/image/upload/v1677629494/gamecenter/10012017-1026-0078-08f7-70d8588cf193.pdf
2017_08_MIN_CLE	https://static.www.nfl.com/image/upload/v1677629495/gamecenter/10012017-1029-005c-9f6e-eff3a4b813cb.pdf
2017_08_OAK_BUF	https://static.www.nfl.com/image/upload/v1677629493/gamecenter/10012017-1029-01f4-36ef-5bd437a4d7d4.pdf
2017_08_PIT_DET	https://static.www.nfl.com/image/upload/v1677629500/gamecenter/10012017-1029-10a4-040d-7f7074835ba5.pdf
2017_08_SF_PHI	https://static.www.nfl.com/image/upload/v1677629494/gamecenter/10012017-1029-065f-b162-5ff749147944.pdf
2017_09_ARI_SF	https://static.www.nfl.com/image/upload/v1677629481/gamecenter/10012017-1105-0728-34f9-308a7558baf4.pdf
2017_09_ATL_CAR	https://static.www.nfl.com/image/upload/v1677629497/gamecenter/10012017-1105-0016-fa7e-2cc7fc934def.pdf
2017_09_BAL_TEN	https://static.www.nfl.com/image/upload/v1677629480/gamecenter/10012017-1105-063b-138c-4fdd61fa1cc9.pdf
2017_09_BUF_NYJ	https://static.www.nfl.com/image/upload/v1677629496/gamecenter/10012017-1102-0079-64f1-6ff1021d59bd.pdf
2017_09_CIN_JAX	https://static.www.nfl.com/image/upload/v1677629501/gamecenter/10012017-1105-02fd-2606-ce6c093af362.pdf
2017_09_DEN_PHI	https://static.www.nfl.com/image/upload/v1677629480/gamecenter/10012017-1105-0589-a92d-42c896f5022a.pdf
2017_09_DET_GB	https://static.www.nfl.com/image/upload/v1677629503/gamecenter/10012017-1106-0026-a4ff-9929f71db29e.pdf
2017_09_IND_HOU	https://static.www.nfl.com/image/upload/v1677629498/gamecenter/10012017-1105-013c-6c11-cb7cd78d64a2.pdf
2017_09_KC_DAL	https://static.www.nfl.com/image/upload/v1677629482/gamecenter/10012017-1105-0968-4cd6-4aa9f620d60f.pdf
2017_09_LA_NYG	https://static.www.nfl.com/image/upload/v1677629499/gamecenter/10012017-1105-0432-35a4-7d44f71ce221.pdf
2017_09_OAK_MIA	https://static.www.nfl.com/image/upload/v1677629501/gamecenter/10012017-1105-10f2-733e-09dcf1436246.pdf
2017_09_TB_NO	https://static.www.nfl.com/image/upload/v1677629502/gamecenter/10012017-1105-03d2-4871-c740b8222a73.pdf
2017_09_WAS_SEA	https://static.www.nfl.com/image/upload/v1677629500/gamecenter/10012017-1105-0864-c399-9f9faf7f46c5.pdf
2017_10_CIN_TEN	https://static.www.nfl.com/image/upload/v1677629485/gamecenter/10012017-1112-0630-7ebe-b165f6951230.pdf
2017_10_CLE_DET	https://static.www.nfl.com/image/upload/v1677629506/gamecenter/10012017-1112-02fb-0dd6-a05f18bcb867.pdf
2017_10_DAL_ATL	https://static.www.nfl.com/image/upload/v1677629508/gamecenter/10012017-1112-0928-5cba-aeb211e485f8.pdf
2017_10_GB_CHI	https://static.www.nfl.com/image/upload/v1677629505/gamecenter/10012017-1112-01a8-b9e2-1aea8c4730bf.pdf
2017_10_HOU_LA	https://static.www.nfl.com/image/upload/v1677629486/gamecenter/10012017-1112-08fc-2074-725fa4fda20a.pdf
2017_10_LAC_JAX	https://static.www.nfl.com/image/upload/v1677629483/gamecenter/10012017-1112-04aa-47ce-a4007d9e2d23.pdf
2017_10_MIA_CAR	https://static.www.nfl.com/image/upload/v1677629505/gamecenter/10012017-1113-00eb-cb98-868c83f587c9.pdf
2017_10_MIN_WAS	https://static.www.nfl.com/image/upload/v1677629507/gamecenter/10012017-1112-078f-33b5-7db9548ea98d.pdf
2017_10_NE_DEN	https://static.www.nfl.com/image/upload/v1677629487/gamecenter/10012017-1112-1190-cd3c-f17a741048c2.pdf
2017_10_NO_BUF	https://static.www.nfl.com/image/upload/v1677629504/gamecenter/10012017-1112-00f2-d976-a6da7db61380.pdf
2017_10_NYG_SF	https://static.www.nfl.com/image/upload/v1677629504/gamecenter/10012017-1112-10e0-bfbd-de8bb868bad9.pdf
2017_10_NYJ_TB	https://static.www.nfl.com/image/upload/v1677629484/gamecenter/10012017-1112-056e-fef0-bba64915e9f6.pdf
2017_10_PIT_IND	https://static.www.nfl.com/image/upload/v1677629503/gamecenter/10012017-1112-03d8-b5f6-5047d2dba017.pdf
2017_10_SEA_ARI	https://static.www.nfl.com/image/upload/v1677629502/gamecenter/10012017-1109-0063-b1d4-32ed95444077.pdf
2017_11_ARI_HOU	https://static.www.nfl.com/image/upload/v1677629506/gamecenter/10012017-1119-0335-7396-36c9d13154f9.pdf
2017_11_ATL_SEA	https://static.www.nfl.com/image/upload/v1677629512/gamecenter/10012017-1120-0021-fe39-eaf17b7ac477.pdf
2017_11_BAL_GB	https://static.www.nfl.com/image/upload/v1677629489/gamecenter/10012017-1119-0254-c269-caab32bbad15.pdf
2017_11_BUF_LAC	https://static.www.nfl.com/image/upload/v1677629508/gamecenter/10012017-1119-0770-0a95-92ef77f22b2f.pdf
2017_11_CIN_DEN	https://static.www.nfl.com/image/upload/v1677629490/gamecenter/10012017-1119-0819-e2c8-4af8959b35c2.pdf
2017_11_DET_CHI	https://static.www.nfl.com/image/upload/v1677629505/gamecenter/10012017-1119-00d3-2508-9af4171b2f9e.pdf
2017_11_JAX_CLE	https://static.www.nfl.com/image/upload/v1677629488/gamecenter/10012017-1119-0155-f11c-7e64d11321b8.pdf
2017_11_KC_NYG	https://static.www.nfl.com/image/upload/v1677629490/gamecenter/10012017-1119-0666-7ea7-977ae09e3401.pdf
2017_11_LA_MIN	https://static.www.nfl.com/image/upload/v1677629507/gamecenter/10012017-1119-04f0-5431-a81c69a5689d.pdf
2017_11_NE_OAK	https://static.www.nfl.com/image/upload/v1677629491/gamecenter/10012017-1119-099b-1960-aa3895b87796.pdf
2017_11_PHI_DAL	https://static.www.nfl.com/image/upload/v1677629511/gamecenter/10012017-1119-109e-0439-b76fe47ad667.pdf
2017_11_TB_MIA	https://static.www.nfl.com/image/upload/v1677629509/gamecenter/10012017-1119-1136-a9db-08262cd7dde8.pdf
2017_11_TEN_PIT	https://static.www.nfl.com/image/upload/v1677629509/gamecenter/10012017-1116-0032-6480-becd4d7d1b1c.pdf
2017_11_WAS_NO	https://static.www.nfl.com/image/upload/v1677629510/gamecenter/10012017-1119-05f2-28da-3126b75f9d96.pdf
2017_12_BUF_KC	https://static.www.nfl.com/image/upload/v1677629496/gamecenter/10012017-1126-0366-9b25-c18a99a18070.pdf
2017_12_CAR_NYJ	https://static.www.nfl.com/image/upload/v1677629496/gamecenter/10012017-1126-05c9-69cb-f6ba7c1e5a2f.pdf
2017_12_CHI_PHI	https://static.www.nfl.com/image/upload/v1677629515/gamecenter/10012017-1126-06cf-8711-a0c43c07e9eb.pdf
2017_12_CLE_CIN	https://static.www.nfl.com/image/upload/v1677629494/gamecenter/10012017-1126-0194-ebf3-60e1e7d9f3aa.pdf
2017_12_DEN_OAK	https://static.www.nfl.com/image/upload/v1677629516/gamecenter/10012017-1126-10ce-7a45-dbcd392acca9.pdf
2017_12_GB_PIT	https://static.www.nfl.com/image/upload/v1677629517/gamecenter/10012017-1126-11f8-33d0-fb04fbd90779.pdf
2017_12_HOU_BAL	https://static.www.nfl.com/image/upload/v1677629499/gamecenter/10012017-1127-0081-1543-d2b602df8501.pdf
2017_12_JAX_ARI	https://static.www.nfl.com/image/upload/v1677629511/gamecenter/10012017-1126-0934-d0a3-8f789d807366.pdf
2017_12_LAC_DAL	https://static.www.nfl.com/image/upload/v1677629513/gamecenter/10012017-1123-011a-b918-ce13e6ab4127.pdf
2017_12_MIA_NE	https://static.www.nfl.com/image/upload/v1677629514/gamecenter/10012017-1126-045a-be47-19ea19602a58.pdf
2017_12_MIN_DET	https://static.www.nfl.com/image/upload/v1677629510/gamecenter/10012017-1123-00f3-01c8-32376a806b9e.pdf
2017_12_NO_LA	https://static.www.nfl.com/image/upload/v1677629497/gamecenter/10012017-1126-0793-f801-73123a8ec66a.pdf
2017_12_NYG_WAS	https://static.www.nfl.com/image/upload/v1677629492/gamecenter/10012017-1123-029e-19e3-be00f69c2098.pdf
2017_12_SEA_SF	https://static.www.nfl.com/image/upload/v1677629498/gamecenter/10012017-1126-081d-dce0-990731708de1.pdf
2017_12_TB_ATL	https://static.www.nfl.com/image/upload/v1677629493/gamecenter/10012017-1126-0063-12b5-f880bcd29eb0.pdf
2017_12_TEN_IND	https://static.www.nfl.com/image/upload/v1677629495/gamecenter/10012017-1126-02de-18ac-557ecc4e808f.pdf
2017_13_CAR_NO	https://static.www.nfl.com/image/upload/v1677629502/gamecenter/10012017-1203-079d-8801-adc1f5beccb8.pdf
2017_13_CLE_LAC	https://static.www.nfl.com/image/upload/v1677629503/gamecenter/10012017-1203-10ed-dc4b-ae816d15d062.pdf
2017_13_DEN_MIA	https://static.www.nfl.com/image/upload/v1677629521/gamecenter/10012017-1203-0679-711f-148a24e3f6a6.pdf
2017_13_DET_BAL	https://static.www.nfl.com/image/upload/v1677629500/gamecenter/10012017-1203-01af-6f26-ae1b6359bce1.pdf
2017_13_HOU_TEN	https://static.www.nfl.com/image/upload/v1677629523/gamecenter/10012017-1203-0937-cca6-b0ad88352367.pdf
2017_13_IND_JAX	https://static.www.nfl.com/image/upload/v1677629501/gamecenter/10012017-1203-05ba-164e-3e72f4dd0c01.pdf
2017_13_KC_NYJ	https://static.www.nfl.com/image/upload/v1677629522/gamecenter/10012017-1203-08bf-ef54-fd97d66a81ae.pdf
2017_13_LA_ARI	https://static.www.nfl.com/image/upload/v1677629504/gamecenter/10012017-1203-1144-852a-2fe88b6042b7.pdf
2017_13_MIN_ATL	https://static.www.nfl.com/image/upload/v1677629518/gamecenter/10012017-1203-00f6-58b2-a996dcdbb2ba.pdf
2017_13_NE_BUF	https://static.www.nfl.com/image/upload/v1677629513/gamecenter/10012017-1203-0215-e807-4d31b9be0c88.pdf
2017_13_NYG_OAK	https://static.www.nfl.com/image/upload/v1677629514/gamecenter/10012017-1203-12a0-d36e-dce1b81871bc.pdf
2017_13_PHI_SEA	https://static.www.nfl.com/image/upload/v1677629515/gamecenter/10012017-1203-1328-88df-8592a207064f.pdf
2017_13_PIT_CIN	https://static.www.nfl.com/image/upload/v1677629516/gamecenter/10012017-1204-00bb-8048-d0fbc564caa0.pdf
2017_13_SF_CHI	https://static.www.nfl.com/image/upload/v1677629519/gamecenter/10012017-1203-0310-44f1-b04b94bdcddf.pdf
2017_13_TB_GB	https://static.www.nfl.com/image/upload/v1677629520/gamecenter/10012017-1203-048d-f6c0-c85be407c5e3.pdf
2017_13_WAS_DAL	https://static.www.nfl.com/image/upload/v1677629512/gamecenter/10012017-1130-00a9-bf83-7a10559315cd.pdf
2017_14_BAL_PIT	https://static.www.nfl.com/image/upload/v1677629509/gamecenter/10012017-1210-13a5-9013-fdd7fe6214a2.pdf
2017_14_CHI_CIN	https://static.www.nfl.com/image/upload/v1677629518/gamecenter/10012017-1210-02a1-1a11-95541359c823.pdf
2017_14_DAL_NYG	https://static.www.nfl.com/image/upload/v1677629508/gamecenter/10012017-1210-1297-d4ec-5dbd0a0af2b9.pdf
2017_14_DET_TB	https://static.www.nfl.com/image/upload/v1677629520/gamecenter/10012017-1210-0712-3ca6-1e890ee52a91.pdf
2017_14_GB_CLE	https://static.www.nfl.com/image/upload/v1677629526/gamecenter/10012017-1210-034d-dbf0-e91983077359.pdf
2017_14_IND_BUF	https://static.www.nfl.com/image/upload/v1677629517/gamecenter/10012017-1210-001e-f6ef-698bf0088ba8.pdf
2017_14_MIN_CAR	https://static.www.nfl.com/image/upload/v1677629525/gamecenter/10012017-1210-01e2-59e3-b6e514aeeeea.pdf
2017_14_NE_MIA	https://static.www.nfl.com/image/upload/v1677629509/gamecenter/10012017-1211-0094-c3fa-aa1baa750e8c.pdf
2017_14_NO_ATL	https://static.www.nfl.com/image/upload/v1677629524/gamecenter/10012017-1207-00c6-bcda-fafe4368005b.pdf
2017_14_NYJ_DEN	https://static.www.nfl.com/image/upload/v1677629505/gamecenter/10012017-1210-09f9-671d-3b2eddda6d7a.pdf
2017_14_OAK_KC	https://static.www.nfl.com/image/upload/v1677629527/gamecenter/10012017-1210-06f4-0e85-2458d65ac401.pdf
2017_14_PHI_LA	https://static.www.nfl.com/image/upload/v1677629507/gamecenter/10012017-1210-1154-2820-759939227ec4.pdf
2017_14_SEA_JAX	https://static.www.nfl.com/image/upload/v1677629519/gamecenter/10012017-1210-0532-1a55-9dedbbba31ae.pdf
2017_14_SF_HOU	https://static.www.nfl.com/image/upload/v1677629519/gamecenter/10012017-1210-04af-a979-fdabf9f556ad.pdf
2017_14_TEN_ARI	https://static.www.nfl.com/image/upload/v1677629528/gamecenter/10012017-1210-0820-d398-a919deb12e4f.pdf
2017_14_WAS_LAC	https://static.www.nfl.com/image/upload/v1677629506/gamecenter/10012017-1210-10bb-33bb-6315f501b356.pdf
2017_15_ARI_WAS	https://static.www.nfl.com/image/upload/v1677629526/gamecenter/10012017-1217-076b-8da9-1c4553109f4a.pdf
2017_15_ATL_TB	https://static.www.nfl.com/image/upload/v1677629531/gamecenter/10012017-1218-00d1-a00b-172a73404de5.pdf
2017_15_BAL_CLE	https://static.www.nfl.com/image/upload/v1677629524/gamecenter/10012017-1217-0280-28bc-9e14a100058b.pdf
2017_15_CHI_DET	https://static.www.nfl.com/image/upload/v1677629510/gamecenter/10012017-1216-008d-2286-af2ffdbca9c4.pdf
2017_15_CIN_MIN	https://static.www.nfl.com/image/upload/v1677629524/gamecenter/10012017-1217-0490-2368-0aa9aa90238e.pdf
2017_15_DAL_OAK	https://static.www.nfl.com/image/upload/v1677629513/gamecenter/10012017-1217-1127-6e78-22f5bac34e4a.pdf
2017_15_DEN_IND	https://static.www.nfl.com/image/upload/v1677629529/gamecenter/10012017-1214-0065-2383-a90d4bec4774.pdf
2017_15_GB_CAR	https://static.www.nfl.com/image/upload/v1677629523/gamecenter/10012017-1217-01b4-f157-6baf42125bae.pdf
2017_15_HOU_JAX	https://static.www.nfl.com/image/upload/v1677629530/gamecenter/10012017-1217-03e6-8f27-5667771a95a1.pdf
2017_15_LAC_KC	https://static.www.nfl.com/image/upload/v1677629511/gamecenter/10012017-1216-01de-8a12-2948d49a85bc.pdf
2017_15_LA_SEA	https://static.www.nfl.com/image/upload/v1677629527/gamecenter/10012017-1217-08e6-cbf6-084e082ed464.pdf
2017_15_MIA_BUF	https://static.www.nfl.com/image/upload/v1677629521/gamecenter/10012017-1217-0017-a889-d30af2e7d2d8.pdf
2017_15_NE_PIT	https://static.www.nfl.com/image/upload/v1677629528/gamecenter/10012017-1217-0921-e16a-748d9253b05b.pdf
2017_15_NYJ_NO	https://static.www.nfl.com/image/upload/v1677629526/gamecenter/10012017-1217-0580-e846-86a3243c601e.pdf
2017_15_PHI_NYG	https://static.www.nfl.com/image/upload/v1677629512/gamecenter/10012017-1217-064e-ce49-709c64446d3d.pdf
2017_15_TEN_SF	https://static.www.nfl.com/image/upload/v1677629530/gamecenter/10012017-1217-106f-698d-ea9019070ab3.pdf
2017_16_ATL_NO	https://static.www.nfl.com/image/upload/v1677629516/gamecenter/10012017-1224-0555-bfa3-9cd774859374.pdf
2017_16_BUF_NE	https://static.www.nfl.com/image/upload/v1677629532/gamecenter/10012017-1224-04f8-d99a-c7baf6059dae.pdf
2017_16_CLE_CHI	https://static.www.nfl.com/image/upload/v1677629530/gamecenter/10012017-1224-0175-7467-8fc753b7425d.pdf
2017_16_DEN_WAS	https://static.www.nfl.com/image/upload/v1677629533/gamecenter/10012017-1224-086d-fa06-d6c3c4c81a25.pdf
2017_16_DET_CIN	https://static.www.nfl.com/image/upload/v1677629532/gamecenter/10012017-1224-02a7-2f01-e272148452c2.pdf
2017_16_IND_BAL	https://static.www.nfl.com/image/upload/v1677629514/gamecenter/10012017-1223-0099-df9c-1dbb9f1b54d3.pdf
2017_16_JAX_SF	https://static.www.nfl.com/image/upload/v1677629534/gamecenter/10012017-1224-092b-2c34-54982f36b003.pdf
2017_16_LAC_NYJ	https://static.www.nfl.com/image/upload/v1677629533/gamecenter/10012017-1224-06f7-e511-2194917719ec.pdf
2017_16_LA_TEN	https://static.www.nfl.com/image/upload/v1677629516/gamecenter/10012017-1224-0776-e790-c5e27ad1cedf.pdf
2017_16_MIA_KC	https://static.www.nfl.com/image/upload/v1677629531/gamecenter/10012017-1224-033a-1d9a-d60cbf0a6be9.pdf
2017_16_MIN_GB	https://static.www.nfl.com/image/upload/v1677629515/gamecenter/10012017-1223-0121-5204-8aad7390e655.pdf
2017_16_NYG_ARI	https://static.www.nfl.com/image/upload/v1677629517/gamecenter/10012017-1224-108e-4741-54f1bddc4b6e.pdf
2017_16_OAK_PHI	https://static.www.nfl.com/image/upload/v1677629519/gamecenter/10012017-1225-014c-3bc8-3d3658fef9c6.pdf
2017_16_PIT_HOU	https://static.www.nfl.com/image/upload/v1677629518/gamecenter/10012017-1225-0047-c082-f0848c28af5b.pdf
2017_16_SEA_DAL	https://static.www.nfl.com/image/upload/v1677629535/gamecenter/10012017-1224-11fb-278c-efa02f4139db.pdf
2017_16_TB_CAR	https://static.www.nfl.com/image/upload/v1677629529/gamecenter/10012017-1224-00be-5ae3-a7a9adcf32c5.pdf
2017_17_ARI_SEA	https://static.www.nfl.com/image/upload/v1677629538/gamecenter/10012017-1231-151c-1c6d-301b2d381f01.pdf
2017_17_BUF_MIA	https://static.www.nfl.com/image/upload/v1677629537/gamecenter/10012017-1231-0455-4703-2dd54f6a241d.pdf
2017_17_CAR_ATL	https://static.www.nfl.com/image/upload/v1677629536/gamecenter/10012017-1231-00ea-ba09-806c7a6ff063.pdf
2017_17_CHI_MIN	https://static.www.nfl.com/image/upload/v1677629521/gamecenter/10012017-1231-0523-e356-8826abc65c9b.pdf
2017_17_CIN_BAL	https://static.www.nfl.com/image/upload/v1677629534/gamecenter/10012017-1231-0153-dbd0-8d0ed68a5ebc.pdf
2017_17_CLE_PIT	https://static.www.nfl.com/image/upload/v1677629524/gamecenter/10012017-1231-09ab-988f-2f01d41787a3.pdf
2017_17_DAL_PHI	https://static.www.nfl.com/image/upload/v1677629537/gamecenter/10012017-1231-0836-077a-c7b47f734d6e.pdf
2017_17_GB_DET	https://static.www.nfl.com/image/upload/v1677629520/gamecenter/10012017-1231-02bc-7088-24fe870b53c4.pdf
2017_17_HOU_IND	https://static.www.nfl.com/image/upload/v1677629535/gamecenter/10012017-1231-038b-2ad8-9a54b101573f.pdf
2017_17_JAX_TEN	https://static.www.nfl.com/image/upload/v1677629538/gamecenter/10012017-1231-11b9-717c-0b92b58280e5.pdf
2017_17_KC_DEN	https://static.www.nfl.com/image/upload/v1677629539/gamecenter/10012017-1231-12f4-de9d-5d5b490b7837.pdf
2017_17_NO_TB	https://static.www.nfl.com/image/upload/v1677629536/gamecenter/10012017-1231-10af-5ff0-45a629fa1b43.pdf
2017_17_NYJ_NE	https://static.www.nfl.com/image/upload/v1677629522/gamecenter/10012017-1231-065d-0b94-73f5a6bbd140.pdf
2017_17_OAK_LAC	https://static.www.nfl.com/image/upload/v1677629537/gamecenter/10012017-1231-136f-c93c-374bc36f4a01.pdf
2017_17_SF_LA	https://static.www.nfl.com/image/upload/v1677629525/gamecenter/10012017-1231-1456-be05-3d6cf8f0dab2.pdf
2017_17_WAS_NYG	https://static.www.nfl.com/image/upload/v1677629523/gamecenter/10012017-1231-0731-fbc5-e3002fcde293.pdf
2018_01_ATL_PHI	https://static.www.nfl.com/image/upload/v1677629098/gamecenter/10012018-0906-0018-4b62-2991b9bec18b.pdf
2018_01_BUF_BAL	https://static.www.nfl.com/image/upload/v1677629095/gamecenter/10012018-0909-007a-a2be-fb9a6dae7310.pdf
2018_01_CHI_GB	https://static.www.nfl.com/image/upload/v1677629102/gamecenter/10012018-0909-1240-1d47-7496802f061e.pdf
2018_01_CIN_IND	https://static.www.nfl.com/image/upload/v1677629100/gamecenter/10012018-0909-029e-ddd8-ae34cd6c1af1.pdf
2018_01_DAL_CAR	https://static.www.nfl.com/image/upload/v1677629105/gamecenter/10012018-0909-1037-67f9-e25995ccf5d5.pdf
2018_01_HOU_NE	https://static.www.nfl.com/image/upload/v1677629102/gamecenter/10012018-0909-05bf-3b8a-9544f79f2631.pdf
2018_01_JAX_NYG	https://static.www.nfl.com/image/upload/v1677629095/gamecenter/10012018-0909-07f0-5fa5-9849f94a4fdb.pdf
2018_01_KC_LAC	https://static.www.nfl.com/image/upload/v1677629096/gamecenter/10012018-0909-0829-b346-f9041556f8f9.pdf
2018_01_LA_OAK	https://static.www.nfl.com/image/upload/v1677629097/gamecenter/10012018-0910-0169-9011-9b6c1caea447.pdf
2018_01_NYJ_DET	https://static.www.nfl.com/image/upload/v1677629103/gamecenter/10012018-0910-0025-da18-a91c48ed4854.pdf
2018_01_PIT_CLE	https://static.www.nfl.com/image/upload/v1677629099/gamecenter/10012018-0909-01ae-bf47-aa9830fe3163.pdf
2018_01_SEA_DEN	https://static.www.nfl.com/image/upload/v1677629101/gamecenter/10012018-0909-117f-8ecf-1d499e00fd12.pdf
2018_01_SF_MIN	https://static.www.nfl.com/image/upload/v1677629100/gamecenter/10012018-0909-04ab-f952-4bc0b998a93d.pdf
2018_01_TB_NO	https://static.www.nfl.com/image/upload/v1677629103/gamecenter/10012018-0909-0666-806e-c18465e036fa.pdf
2018_01_TEN_MIA	https://static.www.nfl.com/image/upload/v1677629099/gamecenter/10012018-0909-039e-4da2-e3cf836001bd.pdf
2018_01_WAS_ARI	https://static.www.nfl.com/image/upload/v1677629104/gamecenter/10012018-0909-095f-958f-db5ee8b1730c.pdf
2018_02_ARI_LA	https://static.www.nfl.com/image/upload/v1677629108/gamecenter/10012018-0916-0943-0658-0908a1a31078.pdf
2018_02_BAL_CIN	https://static.www.nfl.com/image/upload/v1677629104/gamecenter/10012018-0913-003f-ec92-957f0e48ef13.pdf
2018_02_CAR_ATL	https://static.www.nfl.com/image/upload/v1677629098/gamecenter/10012018-0916-0079-4a0d-10ca0fff582b.pdf
2018_02_CLE_NO	https://static.www.nfl.com/image/upload/v1677629105/gamecenter/10012018-0916-03b0-694d-dd58c673a8ea.pdf
2018_02_DET_SF	https://static.www.nfl.com/image/upload/v1677629109/gamecenter/10012018-0916-107e-be14-3d3408ed0f0e.pdf
2018_02_HOU_TEN	https://static.www.nfl.com/image/upload/v1677629108/gamecenter/10012018-0916-077e-ae3c-a20099b6dc3d.pdf
2018_02_IND_WAS	https://static.www.nfl.com/image/upload/v1677629107/gamecenter/10012018-0916-081b-593a-5095c01288ed.pdf
2018_02_KC_PIT	https://static.www.nfl.com/image/upload/v1677629108/gamecenter/10012018-0916-05a2-640a-ab5f00743ab4.pdf
2018_02_LAC_BUF	https://static.www.nfl.com/image/upload/v1677629106/gamecenter/10012018-0916-0135-d0ea-f60a6d2492ad.pdf
2018_02_MIA_NYJ	https://static.www.nfl.com/image/upload/v1677629107/gamecenter/10012018-0916-042f-3d7b-e946ea841e39.pdf
2018_02_MIN_GB	https://static.www.nfl.com/image/upload/v1677629107/gamecenter/10012018-0916-02b5-d2ac-255eebdbb196.pdf
2018_02_NE_JAX	https://static.www.nfl.com/image/upload/v1677629101/gamecenter/10012018-0916-12ed-209b-17205a6d3cf2.pdf
2018_02_NYG_DAL	https://static.www.nfl.com/image/upload/v1677629109/gamecenter/10012018-0916-1384-e5cd-c1c805de249f.pdf
2018_02_OAK_DEN	https://static.www.nfl.com/image/upload/v1677629100/gamecenter/10012018-0916-11d6-a00a-da25f468abcf.pdf
2018_02_PHI_TB	https://static.www.nfl.com/image/upload/v1677629099/gamecenter/10012018-0916-06c0-e87a-533e5268b345.pdf
2018_02_SEA_CHI	https://static.www.nfl.com/image/upload/v1677629110/gamecenter/10012018-0917-0033-098b-d4e72d1109f3.pdf
2018_03_BUF_MIN	https://static.www.nfl.com/image/upload/v1677629114/gamecenter/10012018-0923-07b5-39a4-d1b78c6bdb6c.pdf
2018_03_CHI_ARI	https://static.www.nfl.com/image/upload/v1677629103/gamecenter/10012018-0923-11bd-cef1-d5c1d2398473.pdf
2018_03_CIN_CAR	https://static.www.nfl.com/image/upload/v1677629112/gamecenter/10012018-0923-02e4-ede4-02244cfa0d6c.pdf
2018_03_DAL_SEA	https://static.www.nfl.com/image/upload/v1677629104/gamecenter/10012018-0923-1282-a4be-471f3b73d3f7.pdf
2018_03_DEN_BAL	https://static.www.nfl.com/image/upload/v1677629102/gamecenter/10012018-0923-01d4-50fc-ec5add6c4c73.pdf
2018_03_GB_WAS	https://static.www.nfl.com/image/upload/v1677629115/gamecenter/10012018-0923-0921-8df5-6244ecea9dd4.pdf
2018_03_IND_PHI	https://static.www.nfl.com/image/upload/v1677629115/gamecenter/10012018-0923-088e-e007-22758d570c87.pdf
2018_03_LAC_LA	https://static.www.nfl.com/image/upload/v1677629115/gamecenter/10012018-0923-105f-06e7-3af474ef0c42.pdf
2018_03_NE_DET	https://static.www.nfl.com/image/upload/v1677629105/gamecenter/10012018-0923-1361-f8af-b5ea18b4128f.pdf
2018_03_NO_ATL	https://static.www.nfl.com/image/upload/v1677629111/gamecenter/10012018-0923-0089-9dde-c78bad487354.pdf
2018_03_NYG_HOU	https://static.www.nfl.com/image/upload/v1677629113/gamecenter/10012018-0923-03b5-fa75-892d96dc3bf9.pdf
2018_03_NYJ_CLE	https://static.www.nfl.com/image/upload/v1677629110/gamecenter/10012018-0920-00ca-b9f8-6409e16564d6.pdf
2018_03_OAK_MIA	https://static.www.nfl.com/image/upload/v1677629114/gamecenter/10012018-0923-0698-3e53-2e8914a81231.pdf
2018_03_PIT_TB	https://static.www.nfl.com/image/upload/v1677629106/gamecenter/10012018-0924-00aa-e8e1-d52f38c2456b.pdf
2018_03_SF_KC	https://static.www.nfl.com/image/upload/v1677629113/gamecenter/10012018-0923-0572-9722-daaf7971ab8a.pdf
2018_03_TEN_JAX	https://static.www.nfl.com/image/upload/v1677629112/gamecenter/10012018-0923-04b0-6d18-30764d1e954e.pdf
2018_04_BAL_PIT	https://static.www.nfl.com/image/upload/v1677629121/gamecenter/10012018-0930-1258-6ad2-e660b88b90b7.pdf
2018_04_BUF_GB	https://static.www.nfl.com/image/upload/v1677629118/gamecenter/10012018-0930-0396-180c-3a450da884a2.pdf
2018_04_CIN_ATL	https://static.www.nfl.com/image/upload/v1677629108/gamecenter/10012018-0930-00ff-f8f1-82fe3c3887ae.pdf
2018_04_CLE_OAK	https://static.www.nfl.com/image/upload/v1677629120/gamecenter/10012018-0930-0969-affa-952bd3479907.pdf
2018_04_DET_DAL	https://static.www.nfl.com/image/upload/v1677629117/gamecenter/10012018-0930-023e-d12c-32db5a70a714.pdf
2018_04_HOU_IND	https://static.www.nfl.com/image/upload/v1677629116/gamecenter/10012018-0930-0466-1b0b-7f2a85006cc3.pdf
2018_04_KC_DEN	https://static.www.nfl.com/image/upload/v1677629112/gamecenter/10012018-1001-008d-bd6d-7056e9e2c47c.pdf
2018_04_MIA_NE	https://static.www.nfl.com/image/upload/v1677629109/gamecenter/10012018-0930-068c-61ea-9030c9d0bbde.pdf
2018_04_MIN_LA	https://static.www.nfl.com/image/upload/v1677629107/gamecenter/10012018-0927-0012-29c1-f6b0c795bc86.pdf
2018_04_NO_NYG	https://static.www.nfl.com/image/upload/v1677629117/gamecenter/10012018-0930-119b-3bff-211ad2589a69.pdf
2018_04_NYJ_JAX	https://static.www.nfl.com/image/upload/v1677629109/gamecenter/10012018-0930-05c7-f532-ab56833ebc8b.pdf
2018_04_PHI_TEN	https://static.www.nfl.com/image/upload/v1677629119/gamecenter/10012018-0930-07e4-b28f-a2df7bdbfa93.pdf
2018_04_SEA_ARI	https://static.www.nfl.com/image/upload/v1677629110/gamecenter/10012018-0930-0839-f14d-e689e9245db6.pdf
2018_04_SF_LAC	https://static.www.nfl.com/image/upload/v1677629111/gamecenter/10012018-0930-105a-be04-b68d2b16fc46.pdf
2018_04_TB_CHI	https://static.www.nfl.com/image/upload/v1677629116/gamecenter/10012018-0930-0180-fb65-e81855bc56f2.pdf
2018_05_ARI_SF	https://static.www.nfl.com/image/upload/v1677629125/gamecenter/10012018-1007-10e5-621f-12ce53e4fc48.pdf
2018_05_ATL_PIT	https://static.www.nfl.com/image/upload/v1677629120/gamecenter/10012018-1007-07a3-a5ee-802f20a8fe2a.pdf
2018_05_BAL_CLE	https://static.www.nfl.com/image/upload/v1677629118/gamecenter/10012018-1007-03b4-9baf-981c860597f0.pdf
2018_05_DAL_HOU	https://static.www.nfl.com/image/upload/v1677629127/gamecenter/10012018-1007-1241-36da-8fb57fcfab30.pdf
2018_05_DEN_NYJ	https://static.www.nfl.com/image/upload/v1677629116/gamecenter/10012018-1007-0610-eaf8-9284c6f0f9eb.pdf
2018_05_GB_DET	https://static.www.nfl.com/image/upload/v1677629119/gamecenter/10012018-1007-046a-e12a-9dd4f6642d7e.pdf
2018_05_IND_NE	https://static.www.nfl.com/image/upload/v1677629114/gamecenter/10012018-1004-00c0-953d-318746b17f05.pdf
2018_05_JAX_KC	https://static.www.nfl.com/image/upload/v1677629124/gamecenter/10012018-1007-054d-fd7a-14449dc3fb57.pdf
2018_05_LA_SEA	https://static.www.nfl.com/image/upload/v1677629126/gamecenter/10012018-1007-11ef-22eb-6ed8861660c6.pdf
2018_05_MIA_CIN	https://static.www.nfl.com/image/upload/v1677629123/gamecenter/10012018-1007-0275-d87c-502a517807db.pdf
2018_05_MIN_PHI	https://static.www.nfl.com/image/upload/v1677629121/gamecenter/10012018-1007-097b-4451-94fedce58aa9.pdf
2018_05_NYG_CAR	https://static.www.nfl.com/image/upload/v1677629115/gamecenter/10012018-1007-01e3-b0e2-f701d88b31c4.pdf
2018_05_OAK_LAC	https://static.www.nfl.com/image/upload/v1677629124/gamecenter/10012018-1007-081b-b727-4207d5a2a218.pdf
2018_05_TEN_BUF	https://static.www.nfl.com/image/upload/v1677629115/gamecenter/10012018-1007-00cd-21b1-56f88ac48472.pdf
2018_05_WAS_NO	https://static.www.nfl.com/image/upload/v1677629122/gamecenter/10012018-1008-00d9-a4be-d4322094680d.pdf
2018_06_ARI_MIN	https://static.www.nfl.com/image/upload/v1677629130/gamecenter/10012018-1014-05b0-ed24-23261b4e3a65.pdf
2018_06_BAL_TEN	https://static.www.nfl.com/image/upload/v1677629132/gamecenter/10012018-1014-11d2-bf55-da77f29a4f0d.pdf
2018_06_BUF_HOU	https://static.www.nfl.com/image/upload/v1677629123/gamecenter/10012018-1014-033f-6ca6-6cd7f4c4fd23.pdf
2018_06_CAR_WAS	https://static.www.nfl.com/image/upload/v1677629121/gamecenter/10012018-1014-08f3-8aef-44bc81dd3231.pdf
2018_06_CHI_MIA	https://static.www.nfl.com/image/upload/v1677629120/gamecenter/10012018-1014-04f0-9243-6b76857b76fd.pdf
2018_06_IND_NYJ	https://static.www.nfl.com/image/upload/v1677629131/gamecenter/10012018-1014-065c-ae70-a7b7b6574809.pdf
2018_06_JAX_DAL	https://static.www.nfl.com/image/upload/v1677629125/gamecenter/10012018-1014-10af-f732-42048325e23c.pdf
2018_06_KC_NE	https://static.www.nfl.com/image/upload/v1677629133/gamecenter/10012018-1014-124f-5b06-21275d1c200e.pdf
2018_06_LAC_CLE	https://static.www.nfl.com/image/upload/v1677629119/gamecenter/10012018-1014-0267-c3a4-bcc1422a3fd6.pdf
2018_06_LA_DEN	https://static.www.nfl.com/image/upload/v1677629122/gamecenter/10012018-1014-0912-6041-c0b629ce8fe1.pdf
2018_06_PHI_NYG	https://static.www.nfl.com/image/upload/v1677629123/gamecenter/10012018-1011-005a-361c-db9a1b726635.pdf
2018_06_PIT_CIN	https://static.www.nfl.com/image/upload/v1677629129/gamecenter/10012018-1014-012f-7115-7fd826ee4f40.pdf
2018_06_SEA_OAK	https://static.www.nfl.com/image/upload/v1677629120/gamecenter/10012018-1014-0769-aca3-288031406e84.pdf
2018_06_SF_GB	https://static.www.nfl.com/image/upload/v1677629123/gamecenter/10012018-1015-0055-3d37-3dc9a5c73b15.pdf
2018_06_TB_ATL	https://static.www.nfl.com/image/upload/v1677629117/gamecenter/10012018-1014-00ae-beae-92f786c686d0.pdf
2018_07_BUF_IND	https://static.www.nfl.com/image/upload/v1677629135/gamecenter/10012018-1021-03cd-de34-9d5f15f79a9c.pdf
2018_07_CAR_PHI	https://static.www.nfl.com/image/upload/v1677629128/gamecenter/10012018-1021-086a-1050-f69dc4fa7d38.pdf
2018_07_CIN_KC	https://static.www.nfl.com/image/upload/v1677629536/gamecenter/10012018-1021-05c0-b25e-69478ac29401.pdf
2018_07_CLE_TB	https://static.www.nfl.com/image/upload/v1677629127/gamecenter/10012018-1021-0973-c66c-a89b0250c0a6.pdf
2018_07_DAL_WAS	https://static.www.nfl.com/image/upload/v1677629547/gamecenter/10012018-1021-10f5-432a-c4266a318219.pdf
2018_07_DEN_ARI	https://static.www.nfl.com/image/upload/v1677629125/gamecenter/10012018-1018-00b4-e1a5-8faeda9e8e28.pdf
2018_07_DET_MIA	https://static.www.nfl.com/image/upload/v1677629126/gamecenter/10012018-1021-067a-5240-ea89a622e0ff.pdf
2018_07_HOU_JAX	https://static.www.nfl.com/image/upload/v1677629125/gamecenter/10012018-1021-0424-fd80-7e9d9e134ce4.pdf
2018_07_LA_SF	https://static.www.nfl.com/image/upload/v1677629537/gamecenter/10012018-1021-116f-1162-560b4a3ec1d9.pdf
2018_07_MIN_NYJ	https://static.www.nfl.com/image/upload/v1677629128/gamecenter/10012018-1021-0750-5bc4-529f2d108472.pdf
2018_07_NE_CHI	https://static.www.nfl.com/image/upload/v1677629124/gamecenter/10012018-1021-02f7-77f5-ee6bcd89bf8c.pdf
2018_07_NO_BAL	https://static.www.nfl.com/image/upload/v1677629126/gamecenter/10012018-1021-0173-2a31-33ffb19849ae.pdf
2018_07_NYG_ATL	https://static.www.nfl.com/image/upload/v1677629551/gamecenter/10012018-1022-00fe-5c8e-037155b30122.pdf
2018_07_TEN_LAC	https://static.www.nfl.com/image/upload/v1677629134/gamecenter/10012018-1021-00c5-b0a8-a81aa76e867e.pdf
2018_08_BAL_CAR	https://static.www.nfl.com/image/upload/v1677629548/gamecenter/10012018-1028-0161-5095-1cbd4b1c3db3.pdf
2018_08_CLE_PIT	https://static.www.nfl.com/image/upload/v1677629553/gamecenter/10012018-1028-076b-85ea-9d7a4c7289c7.pdf
2018_08_DEN_KC	https://static.www.nfl.com/image/upload/v1677629551/gamecenter/10012018-1028-0584-5a8c-3fd05704d85f.pdf
2018_08_GB_LA	https://static.www.nfl.com/image/upload/v1677629555/gamecenter/10012018-1028-10e2-f6f3-90fc9df984a8.pdf
2018_08_IND_OAK	https://static.www.nfl.com/image/upload/v1677629537/gamecenter/10012018-1028-08c2-5d15-ac6840405062.pdf
2018_08_MIA_HOU	https://static.www.nfl.com/image/upload/v1677629552/gamecenter/10012018-1025-008d-3997-8e3b45fb4607.pdf
2018_08_NE_BUF	https://static.www.nfl.com/image/upload/v1677629538/gamecenter/10012018-1029-0072-2093-be98f2cc0480.pdf
2018_08_NO_MIN	https://static.www.nfl.com/image/upload/v1677629556/gamecenter/10012018-1028-1174-6749-7bf8dd51544f.pdf
2018_08_NYJ_CHI	https://static.www.nfl.com/image/upload/v1677629553/gamecenter/10012018-1028-023a-e770-0776ae71be1a.pdf
2018_08_PHI_JAX	https://static.www.nfl.com/image/upload/v1677629553/gamecenter/10012018-1028-0044-b08f-fd79d764760c.pdf
2018_08_SEA_DET	https://static.www.nfl.com/image/upload/v1677629550/gamecenter/10012018-1028-041c-b81f-f0eeb1b5bc82.pdf
2018_08_SF_ARI	https://static.www.nfl.com/image/upload/v1677629554/gamecenter/10012018-1028-09ba-0b88-535a4aec612c.pdf
2018_08_TB_CIN	https://static.www.nfl.com/image/upload/v1677629549/gamecenter/10012018-1028-03cd-3cc3-dc098fe63b3e.pdf
2018_08_WAS_NYG	https://static.www.nfl.com/image/upload/v1677629552/gamecenter/10012018-1028-061c-52f2-23d10e17a6ba.pdf
2018_09_ATL_WAS	https://static.www.nfl.com/image/upload/v1677629554/gamecenter/10012018-1104-0676-c6d8-3a35b3e25909.pdf
2018_09_CHI_BUF	https://static.www.nfl.com/image/upload/v1677629541/gamecenter/10012018-1104-0158-90e1-d4871e802169.pdf
2018_09_DET_MIN	https://static.www.nfl.com/image/upload/v1677629560/gamecenter/10012018-1104-05f0-0299-067c41cb05a1.pdf
2018_09_GB_NE	https://static.www.nfl.com/image/upload/v1677629545/gamecenter/10012018-1104-10c9-58eb-41d9fea933eb.pdf
2018_09_HOU_DEN	https://static.www.nfl.com/image/upload/v1677629542/gamecenter/10012018-1104-0736-7d43-73ab7e390281.pdf
2018_09_KC_CLE	https://static.www.nfl.com/image/upload/v1677629559/gamecenter/10012018-1104-0312-8a0f-fbfd517d47b4.pdf
2018_09_LAC_SEA	https://static.www.nfl.com/image/upload/v1677629543/gamecenter/10012018-1104-0824-9c57-8cb966355f31.pdf
2018_09_LA_NO	https://static.www.nfl.com/image/upload/v1677629544/gamecenter/10012018-1104-0982-1058-cb47ad63b6dc.pdf
2018_09_NYJ_MIA	https://static.www.nfl.com/image/upload/v1677629541/gamecenter/10012018-1104-047d-1fbc-1b4102198bf4.pdf
2018_09_OAK_SF	https://static.www.nfl.com/image/upload/v1677629557/gamecenter/10012018-1101-00d2-cc51-85b6ab35e5c1.pdf
2018_09_PIT_BAL	https://static.www.nfl.com/image/upload/v1677629539/gamecenter/10012018-1104-007f-1618-66448685934a.pdf
2018_09_TB_CAR	https://static.www.nfl.com/image/upload/v1677629558/gamecenter/10012018-1104-02a7-3681-b74f12cc0606.pdf
2018_09_TEN_DAL	https://static.www.nfl.com/image/upload/v1677629561/gamecenter/10012018-1105-001b-cc42-529270db6f36.pdf
2018_10_ARI_KC	https://static.www.nfl.com/image/upload/v1677629547/gamecenter/10012018-1111-05d6-9797-ccc3f3d4ee1b.pdf
2018_10_ATL_CLE	https://static.www.nfl.com/image/upload/v1677629556/gamecenter/10012018-1111-0289-0897-eb245b3dd522.pdf
2018_10_BUF_NYJ	https://static.www.nfl.com/image/upload/v1677629558/gamecenter/10012018-1111-0677-1636-9199b9e7490b.pdf
2018_10_CAR_PIT	https://static.www.nfl.com/image/upload/v1677629555/gamecenter/10012018-1108-0057-04d0-d29c0aeb7c4a.pdf
2018_10_DAL_PHI	https://static.www.nfl.com/image/upload/v1677629564/gamecenter/10012018-1111-1163-4645-8db3235bd6d5.pdf
2018_10_DET_CHI	https://static.www.nfl.com/image/upload/v1677629546/gamecenter/10012018-1111-00ec-db97-c9358d0d47e5.pdf
2018_10_JAX_IND	https://static.www.nfl.com/image/upload/v1677629563/gamecenter/10012018-1111-0446-7965-d0fcbc34afde.pdf
2018_10_LAC_OAK	https://static.www.nfl.com/image/upload/v1677629559/gamecenter/10012018-1111-095e-dfdb-9d3ad5847a9e.pdf
2018_10_MIA_GB	https://static.www.nfl.com/image/upload/v1677629557/gamecenter/10012018-1111-0348-e129-5190c9100f22.pdf
2018_10_NE_TEN	https://static.www.nfl.com/image/upload/v1677629548/gamecenter/10012018-1111-0811-88a5-3d45b4aabb8f.pdf
2018_10_NO_CIN	https://static.www.nfl.com/image/upload/v1677629562/gamecenter/10012018-1111-0132-849b-674bee664a18.pdf
2018_10_NYG_SF	https://static.www.nfl.com/image/upload/v1677629560/gamecenter/10012018-1112-00c7-f9bc-2b82b7fe002e.pdf
2018_10_SEA_LA	https://static.www.nfl.com/image/upload/v1677629559/gamecenter/10012018-1111-10ad-5fd1-357dcc3e4e08.pdf
2018_10_WAS_TB	https://static.www.nfl.com/image/upload/v1677629564/gamecenter/10012018-1111-0755-4a8a-666c4dd24714.pdf
2018_11_CAR_DET	https://static.www.nfl.com/image/upload/v1677629561/gamecenter/10012018-1118-0313-1c02-66a963443ad2.pdf
2018_11_CIN_BAL	https://static.www.nfl.com/image/upload/v1677629550/gamecenter/10012018-1118-01fe-d083-4c01806b06c8.pdf
2018_11_DAL_ATL	https://static.www.nfl.com/image/upload/v1677629565/gamecenter/10012018-1118-00b6-ff07-075dbaf8f648.pdf
2018_11_DEN_LAC	https://static.www.nfl.com/image/upload/v1677629553/gamecenter/10012018-1118-08a1-0ebb-439284cb0363.pdf
2018_11_GB_SEA	https://static.www.nfl.com/image/upload/v1677629549/gamecenter/10012018-1115-0018-21a8-f17dad71ee62.pdf
2018_11_HOU_WAS	https://static.www.nfl.com/image/upload/v1677629552/gamecenter/10012018-1118-063c-8e75-33f77e9f5636.pdf
2018_11_KC_LA	https://static.www.nfl.com/image/upload/v1677629568/gamecenter/10012018-1119-00e5-6b8c-f3e2f7d97d26.pdf
2018_11_MIN_CHI	https://static.www.nfl.com/image/upload/v1677629551/gamecenter/10012018-1118-02f8-0e6b-007cc7966c1a.pdf
2018_11_OAK_ARI	https://static.www.nfl.com/image/upload/v1677629562/gamecenter/10012018-1118-0787-3e24-08d61244d22d.pdf
2018_11_PHI_NO	https://static.www.nfl.com/image/upload/v1677629563/gamecenter/10012018-1118-09d3-dd4c-5b4720f852bc.pdf
2018_11_PIT_JAX	https://static.www.nfl.com/image/upload/v1677629554/gamecenter/10012018-1118-1090-6140-9532f0d8f3b5.pdf
2018_11_TB_NYG	https://static.www.nfl.com/image/upload/v1677629567/gamecenter/10012018-1118-051d-1366-014caf998a27.pdf
2018_11_TEN_IND	https://static.www.nfl.com/image/upload/v1677629566/gamecenter/10012018-1118-0429-09e6-41f1ce9782e5.pdf
2018_12_ARI_LAC	https://static.www.nfl.com/image/upload/v1677629572/gamecenter/10012018-1125-08d2-a897-0973b688e94b.pdf
2018_12_ATL_NO	https://static.www.nfl.com/image/upload/v1677629556/gamecenter/10012018-1122-0283-e5d5-af5296152879.pdf
2018_12_CHI_DET	https://static.www.nfl.com/image/upload/v1677629564/gamecenter/10012018-1122-00f5-2138-9ed833233257.pdf
2018_12_CLE_CIN	https://static.www.nfl.com/image/upload/v1677629570/gamecenter/10012018-1125-0369-4811-ce5f3f48e27b.pdf
2018_12_GB_MIN	https://static.www.nfl.com/image/upload/v1677629559/gamecenter/10012018-1125-1056-f567-ec715f814598.pdf
2018_12_JAX_BUF	https://static.www.nfl.com/image/upload/v1677629557/gamecenter/10012018-1125-0193-0cef-7ac89d9deedb.pdf
2018_12_MIA_IND	https://static.www.nfl.com/image/upload/v1677629571/gamecenter/10012018-1125-04cd-b525-dbf877d78c42.pdf
2018_12_NE_NYJ	https://static.www.nfl.com/image/upload/v1677629566/gamecenter/10012018-1125-0545-4035-2ff76cfa4aa0.pdf
2018_12_NYG_PHI	https://static.www.nfl.com/image/upload/v1677629558/gamecenter/10012018-1125-0663-5807-04ca3ae226f6.pdf
2018_12_OAK_BAL	https://static.www.nfl.com/image/upload/v1677629565/gamecenter/10012018-1125-00e7-d00b-0f69d52ffbb5.pdf
2018_12_PIT_DEN	https://static.www.nfl.com/image/upload/v1677629573/gamecenter/10012018-1125-09d7-9f23-a707347021b3.pdf
2018_12_SEA_CAR	https://static.www.nfl.com/image/upload/v1677629569/gamecenter/10012018-1125-0221-a042-c74ae0cdceed.pdf
2018_12_SF_TB	https://static.www.nfl.com/image/upload/v1677629566/gamecenter/10012018-1125-073f-cb8b-a33276881bd3.pdf
2018_12_TEN_HOU	https://static.www.nfl.com/image/upload/v1677629559/gamecenter/10012018-1126-00c9-6706-69cb6e69858b.pdf
2018_12_WAS_DAL	https://static.www.nfl.com/image/upload/v1677629555/gamecenter/10012018-1122-0185-20f4-b2b36006ffad.pdf
2018_13_ARI_GB	https://static.www.nfl.com/image/upload/v1677629575/gamecenter/10012018-1202-0399-09a9-a1543e2f4b75.pdf
2018_13_BAL_ATL	https://static.www.nfl.com/image/upload/v1677629568/gamecenter/10012018-1202-00cf-d8ce-688a081c6357.pdf
2018_13_BUF_MIA	https://static.www.nfl.com/image/upload/v1677629561/gamecenter/10012018-1202-0687-4ffe-2acc82a57fde.pdf
2018_13_CAR_TB	https://static.www.nfl.com/image/upload/v1677629564/gamecenter/10012018-1202-09b0-9586-3e3ba447f5f1.pdf
2018_13_CHI_NYG	https://static.www.nfl.com/image/upload/v1677629561/gamecenter/10012018-1202-0770-ff45-9446fecaf620.pdf
2018_13_CLE_HOU	https://static.www.nfl.com/image/upload/v1677629570/gamecenter/10012018-1202-04ea-048f-2e8b0c558c7e.pdf
2018_13_DEN_CIN	https://static.www.nfl.com/image/upload/v1677629574/gamecenter/10012018-1202-013f-bd5a-3ccc6484a802.pdf
2018_13_IND_JAX	https://static.www.nfl.com/image/upload/v1677629571/gamecenter/10012018-1202-05d2-f96e-9e615fbf57ff.pdf
2018_13_KC_OAK	https://static.www.nfl.com/image/upload/v1677629576/gamecenter/10012018-1202-1010-13bd-fc1ac7cc4a45.pdf
2018_13_LAC_PIT	https://static.www.nfl.com/image/upload/v1677629563/gamecenter/10012018-1202-0829-82e7-d96637add53c.pdf
2018_13_LA_DET	https://static.www.nfl.com/image/upload/v1677629569/gamecenter/10012018-1202-0219-f249-0be608a8887e.pdf
2018_13_MIN_NE	https://static.www.nfl.com/image/upload/v1677629565/gamecenter/10012018-1202-1271-2089-c6fb8c1bb96b.pdf
2018_13_NO_DAL	https://static.www.nfl.com/image/upload/v1677629567/gamecenter/10012018-1129-00a6-81eb-54bd8c5f0780.pdf
2018_13_NYJ_TEN	https://static.www.nfl.com/image/upload/v1677629564/gamecenter/10012018-1202-1169-07e4-9994e67fe2d6.pdf
2018_13_SF_SEA	https://static.www.nfl.com/image/upload/v1677629576/gamecenter/10012018-1202-13e1-32b0-7656ec67856a.pdf
2018_13_WAS_PHI	https://static.www.nfl.com/image/upload/v1677629577/gamecenter/10012018-1203-00ba-f2c7-0cfb9a9aaa03.pdf
2018_14_ATL_GB	https://static.www.nfl.com/image/upload/v1677629573/gamecenter/10012018-1209-03aa-8540-69921097f0a4.pdf
2018_14_BAL_KC	https://static.www.nfl.com/image/upload/v1677629575/gamecenter/10012018-1209-05b9-f4eb-cc78faed0dbf.pdf
2018_14_CAR_CLE	https://static.www.nfl.com/image/upload/v1677629573/gamecenter/10012018-1209-0241-0774-fd64ac93389e.pdf
2018_14_CIN_LAC	https://static.www.nfl.com/image/upload/v1677629578/gamecenter/10012018-1209-0926-5099-79f74869fca4.pdf
2018_14_DEN_SF	https://static.www.nfl.com/image/upload/v1677629580/gamecenter/10012018-1209-1057-a541-25463240bb33.pdf
2018_14_DET_ARI	https://static.www.nfl.com/image/upload/v1677629568/gamecenter/10012018-1209-11c8-6abc-01f0b3b2b7b2.pdf
2018_14_IND_HOU	https://static.www.nfl.com/image/upload/v1677629574/gamecenter/10012018-1209-04ab-a302-fbf8297f338c.pdf
2018_14_JAX_TEN	https://static.www.nfl.com/image/upload/v1677629567/gamecenter/10012018-1206-00f6-2c7b-27af7d3d68c8.pdf
2018_14_LA_CHI	https://static.www.nfl.com/image/upload/v1677629578/gamecenter/10012018-1209-01e0-b99c-ea6aa4be180d.pdf
2018_14_MIN_SEA	https://static.www.nfl.com/image/upload/v1677629580/gamecenter/10012018-1210-00d1-a776-8ef9cc7a6c00.pdf
2018_14_NE_MIA	https://static.www.nfl.com/image/upload/v1677629579/gamecenter/10012018-1209-067b-89ca-d4e91090bbb1.pdf
2018_14_NO_TB	https://static.www.nfl.com/image/upload/v1677629576/gamecenter/10012018-1209-07c5-06aa-cf3704f2d2f0.pdf
2018_14_NYG_WAS	https://static.www.nfl.com/image/upload/v1677629577/gamecenter/10012018-1209-082c-65a1-495c487a6958.pdf
2018_14_NYJ_BUF	https://static.www.nfl.com/image/upload/v1677629572/gamecenter/10012018-1209-005d-c629-c81d3b21e91e.pdf
2018_14_PHI_DAL	https://static.www.nfl.com/image/upload/v1677629581/gamecenter/10012018-1209-12ca-45cb-e21d0acc8583.pdf
2018_14_PIT_OAK	https://static.www.nfl.com/image/upload/v1677629579/gamecenter/10012018-1209-13da-d389-1cb2a3a909f5.pdf
2018_15_ARI_ATL	https://static.www.nfl.com/image/upload/v1677629582/gamecenter/10012018-1216-007d-cec8-6b562b9ad26d.pdf
2018_15_CLE_DEN	https://static.www.nfl.com/image/upload/v1677629569/gamecenter/10012018-1215-01b3-36c6-8576d8726e57.pdf
2018_15_DAL_IND	https://static.www.nfl.com/image/upload/v1677629584/gamecenter/10012018-1216-057f-4029-67fe30f4ed02.pdf
2018_15_DET_BUF	https://static.www.nfl.com/image/upload/v1677629581/gamecenter/10012018-1216-029f-35a6-be2950f59056.pdf
2018_15_GB_CHI	https://static.www.nfl.com/image/upload/v1677629582/gamecenter/10012018-1216-0334-baff-b531e1cc3dfe.pdf
2018_15_HOU_NYJ	https://static.www.nfl.com/image/upload/v1677629580/gamecenter/10012018-1215-0024-b980-c6d5bb616894.pdf
2018_15_LAC_KC	https://static.www.nfl.com/image/upload/v1677629582/gamecenter/10012018-1213-0086-3345-87f6e5d58f33.pdf
2018_15_MIA_MIN	https://static.www.nfl.com/image/upload/v1677629586/gamecenter/10012018-1216-07ad-ed03-30a9cb18cedd.pdf
2018_15_NE_PIT	https://static.www.nfl.com/image/upload/v1677629572/gamecenter/10012018-1216-10c6-c555-8b8c809c222a.pdf
2018_15_NO_CAR	https://static.www.nfl.com/image/upload/v1677629583/gamecenter/10012018-1217-00f6-3874-0e10f56b503c.pdf
2018_15_OAK_CIN	https://static.www.nfl.com/image/upload/v1677629583/gamecenter/10012018-1216-04ef-b18d-91184864c5f3.pdf
2018_15_PHI_LA	https://static.www.nfl.com/image/upload/v1677629588/gamecenter/10012018-1216-1166-ff47-864ae204b738.pdf
2018_15_SEA_SF	https://static.www.nfl.com/image/upload/v1677629571/gamecenter/10012018-1216-091b-a5f1-0ae9e0518d18.pdf
2018_15_TB_BAL	https://static.www.nfl.com/image/upload/v1677629570/gamecenter/10012018-1216-0136-1615-3d6d151e505a.pdf
2018_15_TEN_NYG	https://static.www.nfl.com/image/upload/v1677629587/gamecenter/10012018-1216-08a2-0612-c9423f380f8e.pdf
2018_15_WAS_JAX	https://static.www.nfl.com/image/upload/v1677629586/gamecenter/10012018-1216-06d6-5765-ad6f3ff829f3.pdf
2018_16_ATL_CAR	https://static.www.nfl.com/image/upload/v1677629591/gamecenter/10012018-1223-04d3-5894-3a833feaa065.pdf
2018_16_BAL_LAC	https://static.www.nfl.com/image/upload/v1677629584/gamecenter/10012018-1222-0180-1a08-c4cdae406df2.pdf
2018_16_BUF_NE	https://static.www.nfl.com/image/upload/v1677629573/gamecenter/10012018-1223-08a6-c2ab-c5c6fc0092db.pdf
2018_16_CHI_SF	https://static.www.nfl.com/image/upload/v1677629575/gamecenter/10012018-1223-12f6-7991-cab85ac8b3e1.pdf
2018_16_CIN_CLE	https://static.www.nfl.com/image/upload/v1677629585/gamecenter/10012018-1223-0559-13aa-0e1ea5188433.pdf
2018_16_DEN_OAK	https://static.www.nfl.com/image/upload/v1677629592/gamecenter/10012018-1224-00ee-0a60-94cd6c37278e.pdf
2018_16_GB_NYJ	https://static.www.nfl.com/image/upload/v1677629587/gamecenter/10012018-1223-0991-3e49-233666c7398d.pdf
2018_16_HOU_PHI	https://static.www.nfl.com/image/upload/v1677629588/gamecenter/10012018-1223-107d-bc45-1cd6cfdd1cf4.pdf
2018_16_JAX_MIA	https://static.www.nfl.com/image/upload/v1677629573/gamecenter/10012018-1223-02a1-c14a-bed0d2542ca5.pdf
2018_16_KC_SEA	https://static.www.nfl.com/image/upload/v1677629591/gamecenter/10012018-1223-14e8-fef9-912afbc290c2.pdf
2018_16_LA_ARI	https://static.www.nfl.com/image/upload/v1677629574/gamecenter/10012018-1223-1158-c1e9-7c79d9b19646.pdf
2018_16_MIN_DET	https://static.www.nfl.com/image/upload/v1677629586/gamecenter/10012018-1223-078f-ca6f-4e2b3875360f.pdf
2018_16_NYG_IND	https://static.www.nfl.com/image/upload/v1677629590/gamecenter/10012018-1223-0074-249a-5972534390bf.pdf
2018_16_PIT_NO	https://static.www.nfl.com/image/upload/v1677629576/gamecenter/10012018-1223-1316-f78d-2151db2fe46f.pdf
2018_16_TB_DAL	https://static.www.nfl.com/image/upload/v1677629586/gamecenter/10012018-1223-063d-35d9-0f5060462977.pdf
2018_16_WAS_TEN	https://static.www.nfl.com/image/upload/v1677629589/gamecenter/10012018-1222-0055-1f60-39dc77a42ee8.pdf
2018_17_ARI_SEA	https://static.www.nfl.com/image/upload/v1677629578/gamecenter/10012018-1230-156d-bf1d-15efea5f0dd5.pdf
2018_17_ATL_TB	https://static.www.nfl.com/image/upload/v1677629577/gamecenter/10012018-1230-10db-4bf8-a079a1b5047f.pdf
2018_17_CAR_NO	https://static.www.nfl.com/image/upload/v1677629597/gamecenter/10012018-1230-07bb-8332-25e621dac157.pdf
2018_17_CHI_MIN	https://static.www.nfl.com/image/upload/v1677629591/gamecenter/10012018-1230-0594-97de-f7c17d52cd99.pdf
2018_17_CIN_PIT	https://static.www.nfl.com/image/upload/v1677629591/gamecenter/10012018-1230-0911-7a8b-cc6ce4d905d7.pdf
2018_17_CLE_BAL	https://static.www.nfl.com/image/upload/v1677629589/gamecenter/10012018-1230-0091-c22c-06a0e39caa34.pdf
2018_17_DAL_NYG	https://static.www.nfl.com/image/upload/v1677629598/gamecenter/10012018-1230-0833-c3b3-3862b6f80a09.pdf
2018_17_DET_GB	https://static.www.nfl.com/image/upload/v1677629594/gamecenter/10012018-1230-02c4-9074-6140a204c647.pdf
2018_17_IND_TEN	https://static.www.nfl.com/image/upload/v1677629592/gamecenter/10012018-1230-112c-cca6-063da3d3877f.pdf
2018_17_JAX_HOU	https://static.www.nfl.com/image/upload/v1677629590/gamecenter/10012018-1230-0369-8171-ce3cce4643fe.pdf
2018_17_LAC_DEN	https://static.www.nfl.com/image/upload/v1677629600/gamecenter/10012018-1230-1360-9368-381e4fe464b9.pdf
2018_17_MIA_BUF	https://static.www.nfl.com/image/upload/v1677629593/gamecenter/10012018-1230-01f2-0123-f46090824702.pdf
2018_17_NYJ_NE	https://static.www.nfl.com/image/upload/v1677629596/gamecenter/10012018-1230-06e5-3b4e-104e26eaa996.pdf
2018_17_OAK_KC	https://static.www.nfl.com/image/upload/v1677629595/gamecenter/10012018-1230-0473-0916-8ac76e498e2e.pdf
2018_17_PHI_WAS	https://static.www.nfl.com/image/upload/v1677629599/gamecenter/10012018-1230-12ff-3e15-e5c1868ad5d9.pdf
2018_17_SF_LA	https://static.www.nfl.com/image/upload/v1677629601/gamecenter/10012018-1230-14ba-1738-665c8c0d6211.pdf
2019_01_ATL_MIN	https://static.www.nfl.com/image/upload/v1677629165/gamecenter/10012019-0908-0463-d205-23f4179081b8.pdf
2019_01_BAL_MIA	https://static.www.nfl.com/image/upload/v1677629164/gamecenter/10012019-0908-0336-da8a-c49b913ba68f.pdf
2019_01_BUF_NYJ	https://static.www.nfl.com/image/upload/v1677629164/gamecenter/10012019-0908-05c6-6216-e2e4f6c1782f.pdf
2019_01_CIN_SEA	https://static.www.nfl.com/image/upload/v1677629157/gamecenter/10012019-0908-0811-7a44-785cc0a26345.pdf
2019_01_DEN_OAK	https://static.www.nfl.com/image/upload/v1677629170/gamecenter/10012019-0909-0113-2628-c97bb3e606ce.pdf
2019_01_DET_ARI	https://static.www.nfl.com/image/upload/v1677629167/gamecenter/10012019-0908-09c6-8cc0-ade3a436022a.pdf
2019_01_GB_CHI	https://static.www.nfl.com/image/upload/v1677629155/gamecenter/10012019-0905-00e9-b1ae-b5e2637d6f40.pdf
2019_01_HOU_NO	https://static.www.nfl.com/image/upload/v1677629166/gamecenter/10012019-0909-00f5-5209-8c79076227fb.pdf
2019_01_IND_LAC	https://static.www.nfl.com/image/upload/v1677629166/gamecenter/10012019-0908-079b-022c-fcb858990087.pdf
2019_01_KC_JAX	https://static.www.nfl.com/image/upload/v1677629163/gamecenter/10012019-0908-0236-599c-8c1fd381388d.pdf
2019_01_LA_CAR	https://static.www.nfl.com/image/upload/v1677629162/gamecenter/10012019-0908-00c1-5240-451279a5cbbd.pdf
2019_01_NYG_DAL	https://static.www.nfl.com/image/upload/v1677629165/gamecenter/10012019-0908-1054-5cb9-d244b68cf32d.pdf
2019_01_PIT_NE	https://static.www.nfl.com/image/upload/v1677629169/gamecenter/10012019-0908-122e-0115-969c5193150a.pdf
2019_01_SF_TB	https://static.www.nfl.com/image/upload/v1677629168/gamecenter/10012019-0908-11cd-c813-93bbe968161b.pdf
2019_01_TEN_CLE	https://static.www.nfl.com/image/upload/v1677629155/gamecenter/10012019-0908-0199-b65f-d95b45caead6.pdf
2019_01_WAS_PHI	https://static.www.nfl.com/image/upload/v1677629156/gamecenter/10012019-0908-06ae-87ab-48ca20253276.pdf
2019_02_ARI_BAL	https://static.www.nfl.com/image/upload/v1677629158/gamecenter/10012019-0915-00d2-51d3-eaaea02a74fc.pdf
2019_02_BUF_NYG	https://static.www.nfl.com/image/upload/v1677629159/gamecenter/10012019-0915-0645-4d7c-251facab3e8f.pdf
2019_02_CHI_DEN	https://static.www.nfl.com/image/upload/v1677629175/gamecenter/10012019-0915-1156-9a5d-4821bb623e7a.pdf
2019_02_CLE_NYJ	https://static.www.nfl.com/image/upload/v1677629161/gamecenter/10012019-0916-0038-8208-eb5cbd40544b.pdf
2019_02_DAL_WAS	https://static.www.nfl.com/image/upload/v1677629169/gamecenter/10012019-0915-0963-1475-69a0133436c4.pdf
2019_02_IND_TEN	https://static.www.nfl.com/image/upload/v1677629160/gamecenter/10012019-0915-0881-8bb9-407252dd6c11.pdf
2019_02_JAX_HOU	https://static.www.nfl.com/image/upload/v1677629173/gamecenter/10012019-0915-04e9-7a8a-3ff364ea0f81.pdf
2019_02_KC_OAK	https://static.www.nfl.com/image/upload/v1677629174/gamecenter/10012019-0915-105c-43b5-ef3e7b7dbf44.pdf
2019_02_LAC_DET	https://static.www.nfl.com/image/upload/v1677629172/gamecenter/10012019-0915-026d-9180-e59a53ac5677.pdf
2019_02_MIN_GB	https://static.www.nfl.com/image/upload/v1677629173/gamecenter/10012019-0915-0330-557d-4d99fe097e58.pdf
2019_02_NE_MIA	https://static.www.nfl.com/image/upload/v1677629168/gamecenter/10012019-0915-05cb-27b0-24ce60b2b4d9.pdf
2019_02_NO_LA	https://static.www.nfl.com/image/upload/v1677629176/gamecenter/10012019-0915-12f9-c96b-db7fa5b0a633.pdf
2019_02_PHI_ATL	https://static.www.nfl.com/image/upload/v1677629170/gamecenter/10012019-0915-1354-6120-28c01ff27595.pdf
2019_02_SEA_PIT	https://static.www.nfl.com/image/upload/v1677629168/gamecenter/10012019-0915-077d-73dd-e490f16e23b7.pdf
2019_02_SF_CIN	https://static.www.nfl.com/image/upload/v1677629167/gamecenter/10012019-0915-01e7-e3d7-b425aaf3060e.pdf
2019_02_TB_CAR	https://static.www.nfl.com/image/upload/v1677629170/gamecenter/10012019-0912-0063-b235-6ed245fc41ed.pdf
2019_03_ATL_IND	https://static.www.nfl.com/image/upload/v1677629179/gamecenter/10012019-0922-03b1-0144-b92d5085e453.pdf
2019_03_BAL_KC	https://static.www.nfl.com/image/upload/v1677629172/gamecenter/10012019-0922-04fb-bf36-b81cb1fd3518.pdf
2019_03_CAR_ARI	https://static.www.nfl.com/image/upload/v1677629181/gamecenter/10012019-0922-0881-5764-a8fac0aa0dad.pdf
2019_03_CHI_WAS	https://static.www.nfl.com/image/upload/v1677629166/gamecenter/10012019-0923-0043-cc3a-68a6001e4bed.pdf
2019_03_CIN_BUF	https://static.www.nfl.com/image/upload/v1677629171/gamecenter/10012019-0922-00c0-38e0-aadf060aede8.pdf
2019_03_DEN_GB	https://static.www.nfl.com/image/upload/v1677629178/gamecenter/10012019-0922-027c-e869-ef2299bb2f8a.pdf
2019_03_DET_PHI	https://static.www.nfl.com/image/upload/v1677629164/gamecenter/10012019-0922-0731-1377-16c8488aad7e.pdf
2019_03_HOU_LAC	https://static.www.nfl.com/image/upload/v1677629182/gamecenter/10012019-0922-10bc-9378-6897a8893cc3.pdf
2019_03_LA_CLE	https://static.www.nfl.com/image/upload/v1677629174/gamecenter/10012019-0922-134b-29c0-b967ca0090a5.pdf
2019_03_MIA_DAL	https://static.www.nfl.com/image/upload/v1677629162/gamecenter/10012019-0922-01b7-f9e3-2c6d04d5c95c.pdf
2019_03_NO_SEA	https://static.www.nfl.com/image/upload/v1677629183/gamecenter/10012019-0922-1177-99e9-4e2b6960d820.pdf
2019_03_NYG_TB	https://static.www.nfl.com/image/upload/v1677629173/gamecenter/10012019-0922-0925-9183-52151b1331a3.pdf
2019_03_NYJ_NE	https://static.www.nfl.com/image/upload/v1677629163/gamecenter/10012019-0922-061e-d6f6-b43422942be0.pdf
2019_03_OAK_MIN	https://static.www.nfl.com/image/upload/v1677629180/gamecenter/10012019-0922-059a-b1cd-177ed5fe994a.pdf
2019_03_PIT_SF	https://static.www.nfl.com/image/upload/v1677629165/gamecenter/10012019-0922-12b1-716f-56268e356a87.pdf
2019_03_TEN_JAX	https://static.www.nfl.com/image/upload/v1677629177/gamecenter/10012019-0919-00d1-cc5d-85359c774b8b.pdf
2019_04_CAR_HOU	https://static.www.nfl.com/image/upload/v1677629188/gamecenter/10012019-0929-0458-fe28-11860c9f695b.pdf
2019_04_CIN_PIT	https://static.www.nfl.com/image/upload/v1677629177/gamecenter/10012019-0930-00bc-6697-725ec116a7be.pdf
2019_04_CLE_BAL	https://static.www.nfl.com/image/upload/v1677629185/gamecenter/10012019-0929-011e-fb60-d610c0eefd10.pdf
2019_04_DAL_NO	https://static.www.nfl.com/image/upload/v1677629192/gamecenter/10012019-0929-1223-2cbe-bce487acff58.pdf
2019_04_JAX_DEN	https://static.www.nfl.com/image/upload/v1677629167/gamecenter/10012019-0929-111a-a3c9-31249c0b8a90.pdf
2019_04_KC_DET	https://static.www.nfl.com/image/upload/v1677629187/gamecenter/10012019-0929-0320-cdc1-ac3728127c5e.pdf
2019_04_LAC_MIA	https://static.www.nfl.com/image/upload/v1677629189/gamecenter/10012019-0929-06d4-42e9-28d4df79b782.pdf
2019_04_MIN_CHI	https://static.www.nfl.com/image/upload/v1677629176/gamecenter/10012019-0929-10a2-0d99-bf3f1009ab88.pdf
2019_04_NE_BUF	https://static.www.nfl.com/image/upload/v1677629174/gamecenter/10012019-0929-0277-062e-0de1c548137d.pdf
2019_04_OAK_IND	https://static.www.nfl.com/image/upload/v1677629188/gamecenter/10012019-0929-0517-6a19-dd5c3b1c802d.pdf
2019_04_PHI_GB	https://static.www.nfl.com/image/upload/v1677629184/gamecenter/10012019-0926-00e1-8981-7af2b49648c8.pdf
2019_04_SEA_ARI	https://static.www.nfl.com/image/upload/v1677629191/gamecenter/10012019-0929-0821-9a9e-9c3b51a6f26a.pdf
2019_04_TB_LA	https://static.www.nfl.com/image/upload/v1677629175/gamecenter/10012019-0929-099f-b426-cd132eac4d31.pdf
2019_04_TEN_ATL	https://static.www.nfl.com/image/upload/v1677629185/gamecenter/10012019-0929-0090-181a-f819de28baf2.pdf
2019_04_WAS_NYG	https://static.www.nfl.com/image/upload/v1677629190/gamecenter/10012019-0929-0799-f550-7d3636334993.pdf
2019_05_ARI_CIN	https://static.www.nfl.com/image/upload/v1677629168/gamecenter/10012019-1006-01a8-d6c6-435cf5caca5f.pdf
2019_05_ATL_HOU	https://static.www.nfl.com/image/upload/v1677629180/gamecenter/10012019-1006-02d7-1797-56e172c2d3b4.pdf
2019_05_BAL_PIT	https://static.www.nfl.com/image/upload/v1677629170/gamecenter/10012019-1006-076f-1eeb-14131d4217b1.pdf
2019_05_BUF_TEN	https://static.www.nfl.com/image/upload/v1677629181/gamecenter/10012019-1006-084a-b595-f7691b7f8261.pdf
2019_05_CHI_OAK	https://static.www.nfl.com/image/upload/v1677629169/gamecenter/10012019-1006-0526-e174-01bb7177f3c4.pdf
2019_05_CLE_SF	https://static.www.nfl.com/image/upload/v1677629173/gamecenter/10012019-1007-0047-ba96-60b9eb080b5b.pdf
2019_05_DEN_LAC	https://static.www.nfl.com/image/upload/v1677629172/gamecenter/10012019-1006-1035-c829-619503308728.pdf
2019_05_GB_DAL	https://static.www.nfl.com/image/upload/v1677629196/gamecenter/10012019-1006-11bf-cc33-c9c62efcdc31.pdf
2019_05_IND_KC	https://static.www.nfl.com/image/upload/v1677629172/gamecenter/10012019-1006-1233-cf23-5ebccae6fd8a.pdf
2019_05_JAX_CAR	https://static.www.nfl.com/image/upload/v1677629179/gamecenter/10012019-1006-0037-c0a8-75f8a33d7774.pdf
2019_05_LA_SEA	https://static.www.nfl.com/image/upload/v1677629178/gamecenter/10012019-1003-00e3-2523-0023b4bf6cb4.pdf
2019_05_MIN_NYG	https://static.www.nfl.com/image/upload/v1677629194/gamecenter/10012019-1006-0480-e953-0efa6f3cb6f5.pdf
2019_05_NE_WAS	https://static.www.nfl.com/image/upload/v1677629171/gamecenter/10012019-1006-0932-d941-115e0d4439fa.pdf
2019_05_NYJ_PHI	https://static.www.nfl.com/image/upload/v1677629195/gamecenter/10012019-1006-0685-027d-a185bee1cadc.pdf
2019_05_TB_NO	https://static.www.nfl.com/image/upload/v1677629193/gamecenter/10012019-1006-0370-fdff-9bf00e475e0c.pdf
2019_06_ATL_ARI	https://static.www.nfl.com/image/upload/v1677629183/gamecenter/10012019-1013-0782-4295-628331470d1a.pdf
2019_06_CAR_TB	https://static.www.nfl.com/image/upload/v1677629197/gamecenter/10012019-1013-00d3-8370-55ee7e9487d2.pdf
2019_06_CIN_BAL	https://static.www.nfl.com/image/upload/v1677629198/gamecenter/10012019-1013-0176-579a-21610f53fa34.pdf
2019_06_DAL_NYJ	https://static.www.nfl.com/image/upload/v1677629200/gamecenter/10012019-1013-107c-75a1-8bd35de83e46.pdf
2019_06_DET_GB	https://static.www.nfl.com/image/upload/v1677629176/gamecenter/10012019-1014-0088-a9c3-669107d519a7.pdf
2019_06_HOU_KC	https://static.www.nfl.com/image/upload/v1677629181/gamecenter/10012019-1013-0479-9817-5f620db6a523.pdf
2019_06_NO_JAX	https://static.www.nfl.com/image/upload/v1677629174/gamecenter/10012019-1013-0332-a297-2345e151c2dd.pdf
2019_06_NYG_NE	https://static.www.nfl.com/image/upload/v1677629196/gamecenter/10012019-1010-00ab-bc80-a9068cc34aa7.pdf
2019_06_PHI_MIN	https://static.www.nfl.com/image/upload/v1677629175/gamecenter/10012019-1013-06dd-c34f-1bacf19e3092.pdf
2019_06_PIT_LAC	https://static.www.nfl.com/image/upload/v1677629201/gamecenter/10012019-1013-119e-82a5-93999fcd25ea.pdf
2019_06_SEA_CLE	https://static.www.nfl.com/image/upload/v1677629199/gamecenter/10012019-1013-0231-d5ee-575df785bf69.pdf
2019_06_SF_LA	https://static.www.nfl.com/image/upload/v1677629184/gamecenter/10012019-1013-083c-3867-ac71341461e5.pdf
2019_06_TEN_DEN	https://static.www.nfl.com/image/upload/v1677629185/gamecenter/10012019-1013-092c-f75c-7dcca8f9c43d.pdf
2019_06_WAS_MIA	https://static.www.nfl.com/image/upload/v1677629182/gamecenter/10012019-1013-0591-b752-982b760b96ea.pdf
2019_07_ARI_NYG	https://static.www.nfl.com/image/upload/v1677629203/gamecenter/10012019-1020-06d0-f905-fe649cf2e784.pdf
2019_07_BAL_SEA	https://static.www.nfl.com/image/upload/v1677629189/gamecenter/10012019-1020-10f0-3997-aed448953102.pdf
2019_07_HOU_IND	https://static.www.nfl.com/image/upload/v1677629188/gamecenter/10012019-1020-05d8-00e7-1bf3417f8c21.pdf
2019_07_JAX_CIN	https://static.www.nfl.com/image/upload/v1677629202/gamecenter/10012019-1020-027e-56ec-b3e502efae02.pdf
2019_07_KC_DEN	https://static.www.nfl.com/image/upload/v1677629177/gamecenter/10012019-1017-004c-d20f-5331b0a993a8.pdf
2019_07_LAC_TEN	https://static.www.nfl.com/image/upload/v1677629179/gamecenter/10012019-1020-08c7-8b41-5c1e455b3935.pdf
2019_07_LA_ATL	https://static.www.nfl.com/image/upload/v1677629186/gamecenter/10012019-1020-002b-8f7b-181dc3a877f1.pdf
2019_07_MIA_BUF	https://static.www.nfl.com/image/upload/v1677629178/gamecenter/10012019-1020-014e-022e-69366a15ea4d.pdf
2019_07_MIN_DET	https://static.www.nfl.com/image/upload/v1677629187/gamecenter/10012019-1020-03f2-c4e9-e8d3615edc3c.pdf
2019_07_NE_NYJ	https://static.www.nfl.com/image/upload/v1677629205/gamecenter/10012019-1021-0074-2ae6-07d944c6f5ee.pdf
2019_07_NO_CHI	https://static.www.nfl.com/image/upload/v1677629179/gamecenter/10012019-1020-0994-225a-0e7df71554b6.pdf
2019_07_OAK_GB	https://static.www.nfl.com/image/upload/v1677629187/gamecenter/10012019-1020-04ff-5bd7-b8f01df903db.pdf
2019_07_PHI_DAL	https://static.www.nfl.com/image/upload/v1677629190/gamecenter/10012019-1020-1128-34ad-29c4470a2145.pdf
2019_07_SF_WAS	https://static.www.nfl.com/image/upload/v1677629204/gamecenter/10012019-1020-07a1-1b07-532d121e4f5a.pdf
2019_08_ARI_NO	https://static.www.nfl.com/image/upload/v1677629207/gamecenter/10012019-1027-07b2-b549-c3c490a6571a.pdf
2019_08_CAR_SF	https://static.www.nfl.com/image/upload/v1677629185/gamecenter/10012019-1027-09dc-7d3f-1ee67e6756ab.pdf
2019_08_CIN_LA	https://static.www.nfl.com/image/upload/v1677629192/gamecenter/10012019-1027-068b-016c-cf3d2dbc392a.pdf
2019_08_CLE_NE	https://static.www.nfl.com/image/upload/v1677629186/gamecenter/10012019-1027-1125-ae1f-09e06ebe59c5.pdf
2019_08_DEN_IND	https://static.www.nfl.com/image/upload/v1677629193/gamecenter/10012019-1027-1081-dd42-20ab4c74edd6.pdf
2019_08_GB_KC	https://static.www.nfl.com/image/upload/v1677629186/gamecenter/10012019-1027-12bd-28ec-3d197d97a9c0.pdf
2019_08_LAC_CHI	https://static.www.nfl.com/image/upload/v1677629191/gamecenter/10012019-1027-0295-9ddd-91528b59ed2b.pdf
2019_08_MIA_PIT	https://static.www.nfl.com/image/upload/v1677629208/gamecenter/10012019-1028-00a6-5aae-33d44499fbaa.pdf
2019_08_NYG_DET	https://static.www.nfl.com/image/upload/v1677629206/gamecenter/10012019-1027-03ad-f874-ac44302c4a8b.pdf
2019_08_NYJ_JAX	https://static.www.nfl.com/image/upload/v1677629183/gamecenter/10012019-1027-054c-e021-19350a17f56c.pdf
2019_08_OAK_HOU	https://static.www.nfl.com/image/upload/v1677629182/gamecenter/10012019-1027-04bf-6339-40753ca6a27f.pdf
2019_08_PHI_BUF	https://static.www.nfl.com/image/upload/v1677629206/gamecenter/10012019-1027-018d-24b9-8a09007fff39.pdf
2019_08_SEA_ATL	https://static.www.nfl.com/image/upload/v1677629181/gamecenter/10012019-1027-0080-5eba-2829ca1ecd18.pdf
2019_08_TB_TEN	https://static.www.nfl.com/image/upload/v1677629184/gamecenter/10012019-1027-08c3-1cf4-6873d12892ff.pdf
2019_08_WAS_MIN	https://static.www.nfl.com/image/upload/v1677629180/gamecenter/10012019-1024-0065-b23b-85df90ad4ee4.pdf
2019_09_CHI_PHI	https://static.www.nfl.com/image/upload/v1677629188/gamecenter/10012019-1103-05a1-9f21-2d4ba9b539a2.pdf
2019_09_CLE_DEN	https://static.www.nfl.com/image/upload/v1677629190/gamecenter/10012019-1103-09dd-1111-73a09836b8fb.pdf
2019_09_DAL_NYG	https://static.www.nfl.com/image/upload/v1677629214/gamecenter/10012019-1104-00bf-2393-c7d2113f6669.pdf
2019_09_DET_OAK	https://static.www.nfl.com/image/upload/v1677629189/gamecenter/10012019-1103-07bc-3223-95fa36fc6d79.pdf
2019_09_GB_LAC	https://static.www.nfl.com/image/upload/v1677629196/gamecenter/10012019-1103-10ca-dadf-d739ccc1b687.pdf
2019_09_HOU_JAX	https://static.www.nfl.com/image/upload/v1677629210/gamecenter/10012019-1103-008e-2662-c66d175569c1.pdf
2019_09_IND_PIT	https://static.www.nfl.com/image/upload/v1677629188/gamecenter/10012019-1103-0673-e43a-f3d6a397b287.pdf
2019_09_MIN_KC	https://static.www.nfl.com/image/upload/v1677629211/gamecenter/10012019-1103-036d-6cd5-6561a4958426.pdf
2019_09_NE_BAL	https://static.www.nfl.com/image/upload/v1677629213/gamecenter/10012019-1103-1118-bc90-c0981f69109c.pdf
2019_09_NYJ_MIA	https://static.www.nfl.com/image/upload/v1677629212/gamecenter/10012019-1103-0432-e192-1f35621d0b44.pdf
2019_09_SF_ARI	https://static.www.nfl.com/image/upload/v1677629209/gamecenter/10012019-1031-0035-b9c2-670988fe3a0e.pdf
2019_09_TB_SEA	https://static.www.nfl.com/image/upload/v1677629195/gamecenter/10012019-1103-086a-c715-9475b0374000.pdf
2019_09_TEN_CAR	https://static.www.nfl.com/image/upload/v1677629194/gamecenter/10012019-1103-02ba-53a4-3efcde816e65.pdf
2019_09_WAS_BUF	https://static.www.nfl.com/image/upload/v1677629193/gamecenter/10012019-1103-0155-0158-d8c3f5407f5b.pdf
2019_10_ARI_TB	https://static.www.nfl.com/image/upload/v1677629193/gamecenter/10012019-1110-06b6-1c8c-868216c8d234.pdf
2019_10_ATL_NO	https://static.www.nfl.com/image/upload/v1677629217/gamecenter/10012019-1110-04e0-ef68-fb0b43c7cb3d.pdf
2019_10_BAL_CIN	https://static.www.nfl.com/image/upload/v1677629191/gamecenter/10012019-1110-01e1-6c0a-57c649622576.pdf
2019_10_BUF_CLE	https://static.www.nfl.com/image/upload/v1677629216/gamecenter/10012019-1110-02c4-a97e-62be70b17a21.pdf
2019_10_CAR_GB	https://static.www.nfl.com/image/upload/v1677629198/gamecenter/10012019-1110-0370-dc38-af818dcbc650.pdf
2019_10_DET_CHI	https://static.www.nfl.com/image/upload/v1677629197/gamecenter/10012019-1110-00b6-54ac-e2ffe8f28498.pdf
2019_10_KC_TEN	https://static.www.nfl.com/image/upload/v1677629194/gamecenter/10012019-1110-0758-2a1e-c29e93a9b196.pdf
2019_10_LAC_OAK	https://static.www.nfl.com/image/upload/v1677629215/gamecenter/10012019-1107-008f-7858-4be86c6f6187.pdf
2019_10_LA_PIT	https://static.www.nfl.com/image/upload/v1677629194/gamecenter/10012019-1110-0925-0787-c3301cd05139.pdf
2019_10_MIA_IND	https://static.www.nfl.com/image/upload/v1677629199/gamecenter/10012019-1110-0876-6ea4-079cfec07445.pdf
2019_10_MIN_DAL	https://static.www.nfl.com/image/upload/v1677629218/gamecenter/10012019-1110-10a6-65de-784902c42944.pdf
2019_10_NYG_NYJ	https://static.www.nfl.com/image/upload/v1677629192/gamecenter/10012019-1110-05f0-1fb9-a52590de5685.pdf
2019_10_SEA_SF	https://static.www.nfl.com/image/upload/v1677629195/gamecenter/10012019-1111-0041-ddf7-ecc1c7e98a82.pdf
2019_11_ARI_SF	https://static.www.nfl.com/image/upload/v1677629222/gamecenter/10012019-1117-0873-7ed6-b496395f7dc8.pdf
2019_11_ATL_CAR	https://static.www.nfl.com/image/upload/v1677629197/gamecenter/10012019-1117-0149-268b-63cccac21e9a.pdf
2019_11_BUF_MIA	https://static.www.nfl.com/image/upload/v1677629200/gamecenter/10012019-1117-04b3-0319-96d93fb19a6d.pdf
2019_11_CHI_LA	https://static.www.nfl.com/image/upload/v1677629223/gamecenter/10012019-1117-112c-9248-03954fb5baeb.pdf
2019_11_CIN_OAK	https://static.www.nfl.com/image/upload/v1677629199/gamecenter/10012019-1117-09c5-0b4d-d3d6cb5f9801.pdf
2019_11_DAL_DET	https://static.www.nfl.com/image/upload/v1677629219/gamecenter/10012019-1117-0226-72a2-66122e2d7a7a.pdf
2019_11_DEN_MIN	https://static.www.nfl.com/image/upload/v1677629220/gamecenter/10012019-1117-05b0-03df-07985345c3ea.pdf
2019_11_HOU_BAL	https://static.www.nfl.com/image/upload/v1677629196/gamecenter/10012019-1117-0096-58ac-354373a2325a.pdf
2019_11_JAX_IND	https://static.www.nfl.com/image/upload/v1677629199/gamecenter/10012019-1117-0387-c2c4-1247638d7d01.pdf
2019_11_KC_LAC	https://static.www.nfl.com/image/upload/v1677629201/gamecenter/10012019-1118-0082-c6a6-18bc00876fdc.pdf
2019_11_NE_PHI	https://static.www.nfl.com/image/upload/v1677629200/gamecenter/10012019-1117-101a-045c-dec68db66bde.pdf
2019_11_NO_TB	https://static.www.nfl.com/image/upload/v1677629221/gamecenter/10012019-1117-0625-cae2-b20e4c2de95e.pdf
2019_11_NYJ_WAS	https://static.www.nfl.com/image/upload/v1677629198/gamecenter/10012019-1117-077a-6f32-694340970df7.pdf
2019_11_PIT_CLE	https://static.www.nfl.com/image/upload/v1677629218/gamecenter/10012019-1114-001c-a6a0-e7db0bbfdffb.pdf
2019_12_BAL_LA	https://static.www.nfl.com/image/upload/v1677629205/gamecenter/10012019-1125-00c5-4e1b-8d2f903240f6.pdf
2019_12_CAR_NO	https://static.www.nfl.com/image/upload/v1677629203/gamecenter/10012019-1124-0576-29bb-5d9aa883bae2.pdf
2019_12_DAL_NE	https://static.www.nfl.com/image/upload/v1677629228/gamecenter/10012019-1124-0968-eca0-21df4b780cba.pdf
2019_12_DEN_BUF	https://static.www.nfl.com/image/upload/v1677629225/gamecenter/10012019-1124-01f7-0c41-ab6f52a9c13f.pdf
2019_12_DET_WAS	https://static.www.nfl.com/image/upload/v1677629204/gamecenter/10012019-1124-0734-a057-a88bc6063927.pdf
2019_12_GB_SF	https://static.www.nfl.com/image/upload/v1677629203/gamecenter/10012019-1124-10e5-5484-6b7ff31b66ca.pdf
2019_12_IND_HOU	https://static.www.nfl.com/image/upload/v1677629224/gamecenter/10012019-1121-0019-b823-a03f25215ee1.pdf
2019_12_JAX_TEN	https://static.www.nfl.com/image/upload/v1677629227/gamecenter/10012019-1124-0873-af98-2aa8e1e0b6ee.pdf
2019_12_MIA_CLE	https://static.www.nfl.com/image/upload/v1677629202/gamecenter/10012019-1124-0454-8d9b-1b21289af441.pdf
2019_12_NYG_CHI	https://static.www.nfl.com/image/upload/v1677629225/gamecenter/10012019-1124-02f4-23e2-b8a35402ab27.pdf
2019_12_OAK_NYJ	https://static.www.nfl.com/image/upload/v1677629202/gamecenter/10012019-1124-06b3-533f-fe7ba9403bac.pdf
2019_12_PIT_CIN	https://static.www.nfl.com/image/upload/v1677629226/gamecenter/10012019-1124-0344-cadc-e52ac317b192.pdf
2019_12_SEA_PHI	https://static.www.nfl.com/image/upload/v1677629204/gamecenter/10012019-1124-11ce-cb70-eeaeda217a4c.pdf
2019_12_TB_ATL	https://static.www.nfl.com/image/upload/v1677629201/gamecenter/10012019-1124-00ff-ee1c-c5d1fe81cb82.pdf
2019_13_BUF_DAL	https://static.www.nfl.com/image/upload/v1677629206/gamecenter/10012019-1128-01b4-e372-7ba5ce38b87a.pdf
2019_13_CHI_DET	https://static.www.nfl.com/image/upload/v1677629205/gamecenter/10012019-1128-0029-505b-234abeb77c95.pdf
2019_13_CLE_PIT	https://static.www.nfl.com/image/upload/v1677629232/gamecenter/10012019-1201-1080-ce6e-96ed95d1e298.pdf
2019_13_GB_NYG	https://static.www.nfl.com/image/upload/v1677629231/gamecenter/10012019-1201-0738-f9ae-c443cc399a30.pdf
2019_13_LAC_DEN	https://static.www.nfl.com/image/upload/v1677629211/gamecenter/10012019-1201-0947-5d4c-fc749c7efe56.pdf
2019_13_LA_ARI	https://static.www.nfl.com/image/upload/v1677629210/gamecenter/10012019-1201-0810-1acd-9c0f49084d3e.pdf
2019_13_MIN_SEA	https://static.www.nfl.com/image/upload/v1677629212/gamecenter/10012019-1202-00d4-6a4a-4ad21dc983a1.pdf
2019_13_NE_HOU	https://static.www.nfl.com/image/upload/v1677629232/gamecenter/10012019-1201-1138-3058-f960f3efb989.pdf
2019_13_NO_ATL	https://static.www.nfl.com/image/upload/v1677629206/gamecenter/10012019-1128-029e-306b-5dfefbcc0db2.pdf
2019_13_NYJ_CIN	https://static.www.nfl.com/image/upload/v1677629207/gamecenter/10012019-1201-029c-8048-30400fdc4024.pdf
2019_13_OAK_KC	https://static.www.nfl.com/image/upload/v1677629208/gamecenter/10012019-1201-05ad-709c-a9203bbe12d0.pdf
2019_13_PHI_MIA	https://static.www.nfl.com/image/upload/v1677629209/gamecenter/10012019-1201-0672-3fcd-670981e7bde7.pdf
2019_13_SF_BAL	https://static.www.nfl.com/image/upload/v1677629229/gamecenter/10012019-1201-0042-aef5-7edc7ac61e77.pdf
2019_13_TB_JAX	https://static.www.nfl.com/image/upload/v1677629207/gamecenter/10012019-1201-04e7-dd9d-317f4a0d749c.pdf
2019_13_TEN_IND	https://static.www.nfl.com/image/upload/v1677629208/gamecenter/10012019-1201-0379-3559-7596c6dc1a06.pdf
2019_13_WAS_CAR	https://static.www.nfl.com/image/upload/v1677629230/gamecenter/10012019-1201-01ef-50ca-c96f40364770.pdf
2019_14_BAL_BUF	https://static.www.nfl.com/image/upload/v1677629209/gamecenter/10012019-1208-01c2-92d9-a4821bb0eacf.pdf
2019_14_CAR_ATL	https://static.www.nfl.com/image/upload/v1677629233/gamecenter/10012019-1208-00e4-bc1e-eb99facabd35.pdf
2019_14_CIN_CLE	https://static.www.nfl.com/image/upload/v1677629234/gamecenter/10012019-1208-0240-82a5-91b819152dba.pdf
2019_14_DAL_CHI	https://static.www.nfl.com/image/upload/v1677629208/gamecenter/10012019-1205-00c6-852f-ebaa948d5e2a.pdf
2019_14_DEN_HOU	https://static.www.nfl.com/image/upload/v1677629211/gamecenter/10012019-1208-04f6-c35d-766c66d2e31d.pdf
2019_14_DET_MIN	https://static.www.nfl.com/image/upload/v1677629213/gamecenter/10012019-1208-05fa-0bec-1e34e70c8cad.pdf
2019_14_IND_TB	https://static.www.nfl.com/image/upload/v1677629212/gamecenter/10012019-1208-08af-74a0-f84693093710.pdf
2019_14_KC_NE	https://static.www.nfl.com/image/upload/v1677629214/gamecenter/10012019-1208-117f-bb6c-072fa9e58315.pdf
2019_14_LAC_JAX	https://static.www.nfl.com/image/upload/v1677629214/gamecenter/10012019-1208-09a8-6e03-0f85edb3a964.pdf
2019_14_MIA_NYJ	https://static.www.nfl.com/image/upload/v1677629237/gamecenter/10012019-1208-0735-24a9-3e7f825afa9b.pdf
2019_14_NYG_PHI	https://static.www.nfl.com/image/upload/v1677629238/gamecenter/10012019-1209-006b-e7fb-c23a0e8bd501.pdf
2019_14_PIT_ARI	https://static.www.nfl.com/image/upload/v1677629213/gamecenter/10012019-1208-10f7-844d-f14947a04317.pdf
2019_14_SEA_LA	https://static.www.nfl.com/image/upload/v1677629215/gamecenter/10012019-1208-1328-e8b8-b2b38914a2b1.pdf
2019_14_SF_NO	https://static.www.nfl.com/image/upload/v1677629235/gamecenter/10012019-1208-0661-9756-7ceb25c0de09.pdf
2019_14_TEN_OAK	https://static.www.nfl.com/image/upload/v1677629215/gamecenter/10012019-1208-1259-33d4-3a8fcd374209.pdf
2019_14_WAS_GB	https://static.www.nfl.com/image/upload/v1677629210/gamecenter/10012019-1208-03f3-0a64-f4fafc573bd3.pdf
2019_15_ATL_SF	https://static.www.nfl.com/image/upload/v1677629220/gamecenter/10012019-1215-1285-6600-c18feabd3ad8.pdf
2019_15_BUF_PIT	https://static.www.nfl.com/image/upload/v1677629243/gamecenter/10012019-1215-06a6-8b69-31443afc6dd3.pdf
2019_15_CHI_GB	https://static.www.nfl.com/image/upload/v1677629240/gamecenter/10012019-1215-033c-87f1-6fc7537b3813.pdf
2019_15_CLE_ARI	https://static.www.nfl.com/image/upload/v1677629218/gamecenter/10012019-1215-0936-3c48-1e9a182c0ade.pdf
2019_15_DEN_KC	https://static.www.nfl.com/image/upload/v1677629241/gamecenter/10012019-1215-048d-a422-8adafc03ed03.pdf
2019_15_HOU_TEN	https://static.www.nfl.com/image/upload/v1677629218/gamecenter/10012019-1215-07f7-8eaf-af1da5c20b57.pdf
2019_15_IND_NO	https://static.www.nfl.com/image/upload/v1677629219/gamecenter/10012019-1216-00e8-6ec3-98b896b6dfd3.pdf
2019_15_JAX_OAK	https://static.www.nfl.com/image/upload/v1677629244/gamecenter/10012019-1215-10f2-a6a2-f210fca610cd.pdf
2019_15_LA_DAL	https://static.www.nfl.com/image/upload/v1677629219/gamecenter/10012019-1215-1182-ec10-80ef26818900.pdf
2019_15_MIA_NYG	https://static.www.nfl.com/image/upload/v1677629242/gamecenter/10012019-1215-0581-636e-66ab77f4ae96.pdf
2019_15_MIN_LAC	https://static.www.nfl.com/image/upload/v1677629221/gamecenter/10012019-1215-13cb-c442-9c596ff7a244.pdf
2019_15_NE_CIN	https://static.www.nfl.com/image/upload/v1677629216/gamecenter/10012019-1215-01db-5eb2-0f601d2b3e0c.pdf
2019_15_NYJ_BAL	https://static.www.nfl.com/image/upload/v1677629239/gamecenter/10012019-1212-00cf-08a6-2caa84bcd320.pdf
2019_15_PHI_WAS	https://static.www.nfl.com/image/upload/v1677629217/gamecenter/10012019-1215-0881-ba9b-04c9aa6d3394.pdf
2019_15_SEA_CAR	https://static.www.nfl.com/image/upload/v1677629216/gamecenter/10012019-1215-0068-548b-eeaae9577262.pdf
2019_15_TB_DET	https://static.www.nfl.com/image/upload/v1677629217/gamecenter/10012019-1215-024a-554a-d65a650d18aa.pdf
2019_16_ARI_SEA	https://static.www.nfl.com/image/upload/v1677629225/gamecenter/10012019-1222-13d0-3631-0d87bbd164bc.pdf
2019_16_BAL_CLE	https://static.www.nfl.com/image/upload/v1677629224/gamecenter/10012019-1222-065f-6145-858045aafb82.pdf
2019_16_BUF_NE	https://static.www.nfl.com/image/upload/v1677629223/gamecenter/10012019-1221-01ff-7005-01bd30f9cd0c.pdf
2019_16_CAR_IND	https://static.www.nfl.com/image/upload/v1677629223/gamecenter/10012019-1222-0758-d1ce-5f0efcc0ed84.pdf
2019_16_CIN_MIA	https://static.www.nfl.com/image/upload/v1677629225/gamecenter/10012019-1222-08d2-52d3-0a67bb8e3004.pdf
2019_16_DAL_PHI	https://static.www.nfl.com/image/upload/v1677629228/gamecenter/10012019-1222-12e7-3c73-1589f10fe03b.pdf
2019_16_DET_DEN	https://static.www.nfl.com/image/upload/v1677629221/gamecenter/10012019-1222-0098-b0f0-f003425b2c33.pdf
2019_16_GB_MIN	https://static.www.nfl.com/image/upload/v1677629229/gamecenter/10012019-1223-00df-8cfc-7d3eaac20349.pdf
2019_16_HOU_TB	https://static.www.nfl.com/image/upload/v1677629222/gamecenter/10012019-1221-00b2-faa9-93b74cf5c6a8.pdf
2019_16_JAX_ATL	https://static.www.nfl.com/image/upload/v1677629245/gamecenter/10012019-1222-05af-f464-c9bb6467d147.pdf
2019_16_KC_CHI	https://static.www.nfl.com/image/upload/v1677629229/gamecenter/10012019-1222-14ec-8ffc-16311d0ba625.pdf
2019_16_LA_SF	https://static.www.nfl.com/image/upload/v1677629220/gamecenter/10012019-1221-029c-b90e-17ffed9dfcfc.pdf
2019_16_NO_TEN	https://static.www.nfl.com/image/upload/v1677629224/gamecenter/10012019-1222-1040-f282-07e0269eabf2.pdf
2019_16_NYG_WAS	https://static.www.nfl.com/image/upload/v1677629227/gamecenter/10012019-1222-115e-b22c-54cf2a37c382.pdf
2019_16_OAK_LAC	https://static.www.nfl.com/image/upload/v1677629222/gamecenter/10012019-1222-01b4-b329-62ea89d38c3e.pdf
2019_16_PIT_NYJ	https://static.www.nfl.com/image/upload/v1677629226/gamecenter/10012019-1222-096a-9ee3-8b633ca3cfc9.pdf
2019_17_ARI_LA	https://static.www.nfl.com/image/upload/v1677629249/gamecenter/10012019-1229-1461-7023-05b881e43732.pdf
2019_17_ATL_TB	https://static.www.nfl.com/image/upload/v1677629229/gamecenter/10012019-1229-1281-ebfb-4a0da68229e3.pdf
2019_17_CHI_MIN	https://static.www.nfl.com/image/upload/v1677629233/gamecenter/10012019-1229-09b0-d1ed-3a80302be03d.pdf
2019_17_CLE_CIN	https://static.www.nfl.com/image/upload/v1677629248/gamecenter/10012019-1229-03f3-7271-9f358ec386b1.pdf
2019_17_GB_DET	https://static.www.nfl.com/image/upload/v1677629231/gamecenter/10012019-1229-05b9-a4c7-ec63d5719e88.pdf
2019_17_IND_JAX	https://static.www.nfl.com/image/upload/v1677629232/gamecenter/10012019-1229-07f0-fa41-b116a1fe561b.pdf
2019_17_LAC_KC	https://static.www.nfl.com/image/upload/v1677629227/gamecenter/10012019-1229-08e1-78f6-ad4d1e6f8a1c.pdf
2019_17_MIA_NE	https://static.www.nfl.com/image/upload/v1677629228/gamecenter/10012019-1229-1092-8309-8a64f865a54f.pdf
2019_17_NO_CAR	https://static.www.nfl.com/image/upload/v1677629226/gamecenter/10012019-1229-02ca-a620-60fbb2ac1049.pdf
2019_17_NYJ_BUF	https://static.www.nfl.com/image/upload/v1677629247/gamecenter/10012019-1229-0184-9324-49015a792850.pdf
2019_17_OAK_DEN	https://static.www.nfl.com/image/upload/v1677629235/gamecenter/10012019-1229-1342-f03f-8d7881fa30a3.pdf
2019_17_PHI_NYG	https://static.www.nfl.com/image/upload/v1677629234/gamecenter/10012019-1229-119a-749a-de38125a057b.pdf
2019_17_PIT_BAL	https://static.www.nfl.com/image/upload/v1677629246/gamecenter/10012019-1229-00b2-0067-20384c6d15bd.pdf
2019_17_SF_SEA	https://static.www.nfl.com/image/upload/v1677629237/gamecenter/10012019-1229-153a-d164-2140aa0ef61f.pdf
2019_17_TEN_HOU	https://static.www.nfl.com/image/upload/v1677629227/gamecenter/10012019-1229-0650-a5c5-e160717bbda1.pdf
2019_17_WAS_DAL	https://static.www.nfl.com/image/upload/v1677629230/gamecenter/10012019-1229-04bd-94ea-b87f6e6075c9.pdf
2020_01_ARI_SF	https://static.www.nfl.com/image/upload/v1677629245/gamecenter/10012020-0913-1151-b440-3bd7f60a42ca.pdf
2020_01_CHI_DET	https://static.www.nfl.com/image/upload/v1677629256/gamecenter/10012020-0913-04ca-c00e-7d26a62450ea.pdf
2020_01_CLE_BAL	https://static.www.nfl.com/image/upload/v1677629242/gamecenter/10012020-0913-01bf-d20b-55d75ae2084e.pdf
2020_01_DAL_LA	https://static.www.nfl.com/image/upload/v1677629237/gamecenter/10012020-0913-12e2-7ccd-8083b8eae02a.pdf
2020_01_GB_MIN	https://static.www.nfl.com/image/upload/v1677629257/gamecenter/10012020-0913-06b4-a7e3-b5e6528ee7a8.pdf
2020_01_HOU_KC	https://static.www.nfl.com/image/upload/v1677629233/gamecenter/10012020-0910-004e-d9e7-1b07484306e5.pdf
2020_01_IND_JAX	https://static.www.nfl.com/image/upload/v1677629235/gamecenter/10012020-0913-053f-161b-490753f947be.pdf
2020_01_LAC_CIN	https://static.www.nfl.com/image/upload/v1677629236/gamecenter/10012020-0913-0970-4b0c-d1e1f11bb7ad.pdf
2020_01_LV_CAR	https://static.www.nfl.com/image/upload/v1677629234/gamecenter/10012020-0913-0352-8263-da5e43a66693.pdf
2020_01_MIA_NE	https://static.www.nfl.com/image/upload/v1677629244/gamecenter/10012020-0913-075e-9749-420f31163e13.pdf
2020_01_NYJ_BUF	https://static.www.nfl.com/image/upload/v1677629243/gamecenter/10012020-0913-0283-b513-2d7aec512dfd.pdf
2020_01_PHI_WAS	https://static.www.nfl.com/image/upload/v1677629258/gamecenter/10012020-0913-089c-b3d7-197a4bdcadc2.pdf
2020_01_PIT_NYG	https://static.www.nfl.com/image/upload/v1677629238/gamecenter/10012020-0914-006c-3137-bf4fd425611c.pdf
2020_01_SEA_ATL	https://static.www.nfl.com/image/upload/v1677629255/gamecenter/10012020-0913-003f-f697-b52f49882730.pdf
2020_01_TB_NO	https://static.www.nfl.com/image/upload/v1677629259/gamecenter/10012020-0913-1035-120e-5eaf886bf2ed.pdf
2020_01_TEN_DEN	https://static.www.nfl.com/image/upload/v1677629245/gamecenter/10012020-0914-01b7-b22d-2e9003c78414.pdf
2020_02_ATL_DAL	https://static.www.nfl.com/image/upload/v1677629260/gamecenter/10012020-0920-019e-c574-77ef9d055808.pdf
2020_02_BAL_HOU	https://static.www.nfl.com/image/upload/v1677629264/gamecenter/10012020-0920-11cc-663f-3bdbdf34f622.pdf
2020_02_BUF_MIA	https://static.www.nfl.com/image/upload/v1677629261/gamecenter/10012020-0920-04c6-f540-c91f934e8b27.pdf
2020_02_CAR_TB	https://static.www.nfl.com/image/upload/v1677629262/gamecenter/10012020-0920-083d-f56c-89ba300b7391.pdf
2020_02_CIN_CLE	https://static.www.nfl.com/image/upload/v1677629246/gamecenter/10012020-0917-001c-99a4-1894084007f3.pdf
2020_02_DEN_PIT	https://static.www.nfl.com/image/upload/v1677629247/gamecenter/10012020-0920-07ea-ea96-671dd575a513.pdf
2020_02_DET_GB	https://static.www.nfl.com/image/upload/v1677629240/gamecenter/10012020-0920-02b2-3b9b-d67853347c11.pdf
2020_02_JAX_TEN	https://static.www.nfl.com/image/upload/v1677629242/gamecenter/10012020-0920-095e-152a-06bdcefdbe48.pdf
2020_02_KC_LAC	https://static.www.nfl.com/image/upload/v1677629243/gamecenter/10012020-0920-1211-4bc3-4e82de245153.pdf
2020_02_LA_PHI	https://static.www.nfl.com/image/upload/v1677629262/gamecenter/10012020-0920-0661-9186-21e1266366f7.pdf
2020_02_MIN_IND	https://static.www.nfl.com/image/upload/v1677629241/gamecenter/10012020-0920-034d-c35e-e48361f350a7.pdf
2020_02_NE_SEA	https://static.www.nfl.com/image/upload/v1677629265/gamecenter/10012020-0920-13b3-ae97-bbadeaca98f9.pdf
2020_02_NO_LV	https://static.www.nfl.com/image/upload/v1677629248/gamecenter/10012020-0921-00a7-1585-f2fccdff9628.pdf
2020_02_NYG_CHI	https://static.www.nfl.com/image/upload/v1677629239/gamecenter/10012020-0920-00f3-a0c0-993729846d9d.pdf
2020_02_SF_NYJ	https://static.www.nfl.com/image/upload/v1677629241/gamecenter/10012020-0920-05db-b9cb-2ac46914b74f.pdf
2020_02_WAS_ARI	https://static.www.nfl.com/image/upload/v1677629263/gamecenter/10012020-0920-10fd-bde8-1d9ad5c0fa56.pdf
2020_03_CAR_LAC	https://static.www.nfl.com/image/upload/v1677629269/gamecenter/10012020-0927-09d7-9133-732e24fa238a.pdf
2020_03_CHI_ATL	https://static.www.nfl.com/image/upload/v1677629266/gamecenter/10012020-0927-003b-1f92-0e1c44795f7b.pdf
2020_03_CIN_PHI	https://static.www.nfl.com/image/upload/v1677629251/gamecenter/10012020-0927-06d1-eb8f-4284a5ade981.pdf
2020_03_DAL_SEA	https://static.www.nfl.com/image/upload/v1677629253/gamecenter/10012020-0927-12dc-d068-0a057248b6f7.pdf
2020_03_DET_ARI	https://static.www.nfl.com/image/upload/v1677629270/gamecenter/10012020-0927-10ce-1258-e10b176aeaa9.pdf
2020_03_GB_NO	https://static.www.nfl.com/image/upload/v1677629247/gamecenter/10012020-0927-1395-5776-9a1ee51fa946.pdf
2020_03_HOU_PIT	https://static.www.nfl.com/image/upload/v1677629246/gamecenter/10012020-0927-073c-cba9-a78c8d32ba7a.pdf
2020_03_KC_BAL	https://static.www.nfl.com/image/upload/v1677629254/gamecenter/10012020-0928-00e5-85af-690e14014bc4.pdf
2020_03_LA_BUF	https://static.www.nfl.com/image/upload/v1677629267/gamecenter/10012020-0927-01e8-4b54-3767326fe40a.pdf
2020_03_LV_NE	https://static.www.nfl.com/image/upload/v1677629249/gamecenter/10012020-0927-0414-aae1-3900394bb10e.pdf
2020_03_MIA_JAX	https://static.www.nfl.com/image/upload/v1677629244/gamecenter/10012020-0924-006b-5a73-bbdde3104d7d.pdf
2020_03_NYJ_IND	https://static.www.nfl.com/image/upload/v1677629252/gamecenter/10012020-0927-08c2-4019-eab0742a7406.pdf
2020_03_SF_NYG	https://static.www.nfl.com/image/upload/v1677629250/gamecenter/10012020-0927-0591-a12a-0ae86f03579b.pdf
2020_03_TB_DEN	https://static.www.nfl.com/image/upload/v1677629270/gamecenter/10012020-0927-1132-09e4-18af3652f420.pdf
2020_03_TEN_MIN	https://static.www.nfl.com/image/upload/v1677629268/gamecenter/10012020-0927-03d2-93b4-bf9fde1bbdf0.pdf
2020_03_WAS_CLE	https://static.www.nfl.com/image/upload/v1677629245/gamecenter/10012020-0927-02f9-68aa-4af6caf1d51f.pdf
2020_04_ARI_CAR	https://static.www.nfl.com/image/upload/v1677629248/gamecenter/10012020-1004-005f-a8c1-0e5973a17923.pdf
2020_04_ATL_GB	https://static.www.nfl.com/image/upload/v1677629279/gamecenter/10012020-1005-00ff-f551-5e175b80d73d.pdf
2020_04_BAL_WAS	https://static.www.nfl.com/image/upload/v1677629255/gamecenter/10012020-1004-092e-5926-764b31e83e5a.pdf
2020_04_BUF_LV	https://static.www.nfl.com/image/upload/v1677629277/gamecenter/10012020-1004-1253-1f42-cce056cefc24.pdf
2020_04_CLE_DAL	https://static.www.nfl.com/image/upload/v1677629272/gamecenter/10012020-1004-03c5-3d41-ff37805f4bdc.pdf
2020_04_DEN_NYJ	https://static.www.nfl.com/image/upload/v1677629248/gamecenter/10012020-1001-001c-3b20-98706f3dfda9.pdf
2020_04_IND_CHI	https://static.www.nfl.com/image/upload/v1677629249/gamecenter/10012020-1004-01c9-fe84-6c7b77301a20.pdf
2020_04_JAX_CIN	https://static.www.nfl.com/image/upload/v1677629271/gamecenter/10012020-1004-0297-f664-19c94fdc421f.pdf
2020_04_LAC_TB	https://static.www.nfl.com/image/upload/v1677629276/gamecenter/10012020-1004-0797-8bfb-a0c948fd9fab.pdf
2020_04_MIN_HOU	https://static.www.nfl.com/image/upload/v1677629274/gamecenter/10012020-1004-0511-247b-1971a6c069a9.pdf
2020_04_NE_KC	https://static.www.nfl.com/image/upload/v1677629279/gamecenter/10012020-1005-0155-26ef-e6bbdb2ec71b.pdf
2020_04_NO_DET	https://static.www.nfl.com/image/upload/v1677629273/gamecenter/10012020-1004-0480-3d0e-906a548a04d5.pdf
2020_04_NYG_LA	https://static.www.nfl.com/image/upload/v1677629250/gamecenter/10012020-1004-104e-0e15-d4d17b93d296.pdf
2020_04_PHI_SF	https://static.www.nfl.com/image/upload/v1677629278/gamecenter/10012020-1004-1393-d56d-e312ff82a605.pdf
2020_04_SEA_MIA	https://static.www.nfl.com/image/upload/v1677629275/gamecenter/10012020-1004-0696-e95b-60d77b9197ac.pdf
2020_05_ARI_NYJ	https://static.www.nfl.com/image/upload/v1677629258/gamecenter/10012020-1011-0516-9753-28a1381bc67a.pdf
2020_05_BUF_TEN	https://static.www.nfl.com/image/upload/v1677629286/gamecenter/10012020-1013-005b-2fe5-e547995aba0d.pdf
2020_05_CAR_ATL	https://static.www.nfl.com/image/upload/v1677629256/gamecenter/10012020-1011-00d8-25cf-df9eea798b7a.pdf
2020_05_CIN_BAL	https://static.www.nfl.com/image/upload/v1677629257/gamecenter/10012020-1011-0188-6082-7224edb72b35.pdf
2020_05_IND_CLE	https://static.www.nfl.com/image/upload/v1677629284/gamecenter/10012020-1011-10ad-731c-9d532d2b4e8c.pdf
2020_05_JAX_HOU	https://static.www.nfl.com/image/upload/v1677629281/gamecenter/10012020-1011-0229-6ce7-a60226aa9661.pdf
2020_05_LAC_NO	https://static.www.nfl.com/image/upload/v1677629285/gamecenter/10012020-1012-00c9-8b07-b47b67116d22.pdf
2020_05_LA_WAS	https://static.www.nfl.com/image/upload/v1677629251/gamecenter/10012020-1011-08d9-4dd9-2964cefd7d8e.pdf
2020_05_LV_KC	https://static.www.nfl.com/image/upload/v1677629282/gamecenter/10012020-1011-039e-9daf-2a483104928b.pdf
2020_05_MIA_SF	https://static.www.nfl.com/image/upload/v1677629252/gamecenter/10012020-1011-09d5-5d0e-506611494647.pdf
2020_05_MIN_SEA	https://static.www.nfl.com/image/upload/v1677629260/gamecenter/10012020-1011-1259-ea9c-05be12d75eb0.pdf
2020_05_NYG_DAL	https://static.www.nfl.com/image/upload/v1677629259/gamecenter/10012020-1011-11ce-52b2-3b95e6dd526c.pdf
2020_05_PHI_PIT	https://static.www.nfl.com/image/upload/v1677629283/gamecenter/10012020-1011-0628-0ad0-6a9bbf606671.pdf
2020_05_TB_CHI	https://static.www.nfl.com/image/upload/v1677629280/gamecenter/10012020-1008-003f-2e38-a561dbdd4627.pdf
2020_06_ARI_DAL	https://static.www.nfl.com/image/upload/v1677629263/gamecenter/10012020-1019-00db-b6ee-02fef7a3109c.pdf
2020_06_ATL_MIN	https://static.www.nfl.com/image/upload/v1677629262/gamecenter/10012020-1018-031b-9ad7-7ab1df5c928d.pdf
2020_06_BAL_PHI	https://static.www.nfl.com/image/upload/v1677629254/gamecenter/10012020-1018-05d8-f557-2d02c4a2c819.pdf
2020_06_CHI_CAR	https://static.www.nfl.com/image/upload/v1677629253/gamecenter/10012020-1018-00d4-0da4-c4f3f25a8260.pdf
2020_06_CIN_IND	https://static.www.nfl.com/image/upload/v1677629287/gamecenter/10012020-1018-01d6-7319-fd174e54d808.pdf
2020_06_CLE_PIT	https://static.www.nfl.com/image/upload/v1677629255/gamecenter/10012020-1018-06ee-5fc3-e7ed7390206e.pdf
2020_06_DEN_NE	https://static.www.nfl.com/image/upload/v1677629257/gamecenter/10012020-1018-1280-0dd0-1b3ac602a375.pdf
2020_06_DET_JAX	https://static.www.nfl.com/image/upload/v1677629261/gamecenter/10012020-1018-02c5-c709-a1cffd6ce390.pdf
2020_06_GB_TB	https://static.www.nfl.com/image/upload/v1677629256/gamecenter/10012020-1018-108a-a5c9-87f6fde0c9ad.pdf
2020_06_HOU_TEN	https://static.www.nfl.com/image/upload/v1677629288/gamecenter/10012020-1018-07a3-2d77-cdec683a6e21.pdf
2020_06_KC_BUF	https://static.www.nfl.com/image/upload/v1677629258/gamecenter/10012020-1019-0130-00d3-1898fe13c64d.pdf
2020_06_LA_SF	https://static.www.nfl.com/image/upload/v1677629257/gamecenter/10012020-1018-11ca-bcff-752dcc4163ab.pdf
2020_06_NYJ_MIA	https://static.www.nfl.com/image/upload/v1677629289/gamecenter/10012020-1018-137c-e64b-3766a3ce555b.pdf
2020_06_WAS_NYG	https://static.www.nfl.com/image/upload/v1677629288/gamecenter/10012020-1018-0476-5398-1b45a44716d6.pdf
2020_07_BUF_NYJ	https://static.www.nfl.com/image/upload/v1677629291/gamecenter/10012020-1025-06ef-d6e1-ea0b4850c4b7.pdf
2020_07_CAR_NO	https://static.www.nfl.com/image/upload/v1677629264/gamecenter/10012020-1025-0510-396d-fe7d539f21ca.pdf
2020_07_CHI_LA	https://static.www.nfl.com/image/upload/v1677629268/gamecenter/10012020-1026-0094-4b8c-7041b5b0a2ee.pdf
2020_07_CLE_CIN	https://static.www.nfl.com/image/upload/v1677629290/gamecenter/10012020-1025-02c4-6e65-eb612b837f35.pdf
2020_07_DAL_WAS	https://static.www.nfl.com/image/upload/v1677629292/gamecenter/10012020-1025-07b9-809e-dfd579713920.pdf
2020_07_DET_ATL	https://static.www.nfl.com/image/upload/v1677629261/gamecenter/10012020-1025-00bf-a9df-226eb8878b45.pdf
2020_07_GB_HOU	https://static.www.nfl.com/image/upload/v1677629262/gamecenter/10012020-1025-0319-5ac4-50144cd10959.pdf
2020_07_JAX_LAC	https://static.www.nfl.com/image/upload/v1677629267/gamecenter/10012020-1025-1319-3014-97c4b7c017e6.pdf
2020_07_KC_DEN	https://static.www.nfl.com/image/upload/v1677629266/gamecenter/10012020-1025-09f7-7c6d-de0d84be7f81.pdf
2020_07_NYG_PHI	https://static.www.nfl.com/image/upload/v1677629259/gamecenter/10012020-1022-002d-2b6d-e5c6619cbf32.pdf
2020_07_PIT_TEN	https://static.www.nfl.com/image/upload/v1677629264/gamecenter/10012020-1025-1279-66b2-ed8977278bc8.pdf
2020_07_SEA_ARI	https://static.www.nfl.com/image/upload/v1677629265/gamecenter/10012020-1025-082f-fb02-7cc212b13e6e.pdf
2020_07_SF_NE	https://static.www.nfl.com/image/upload/v1677629266/gamecenter/10012020-1025-1090-b2a3-605ed50f8dde.pdf
2020_07_TB_LV	https://static.www.nfl.com/image/upload/v1677629263/gamecenter/10012020-1025-1158-3d43-a816c674eaac.pdf
2020_08_ATL_CAR	https://static.www.nfl.com/image/upload/v1677629293/gamecenter/10012020-1029-0024-44c6-f1aae5000bf9.pdf
2020_08_DAL_PHI	https://static.www.nfl.com/image/upload/v1677629267/gamecenter/10012020-1101-10be-31f1-f19363e006c7.pdf
2020_08_IND_DET	https://static.www.nfl.com/image/upload/v1677629297/gamecenter/10012020-1101-031e-44a5-32a2509aecc4.pdf
2020_08_LAC_DEN	https://static.www.nfl.com/image/upload/v1677629269/gamecenter/10012020-1101-12c6-6523-39b43a4e8872.pdf
2020_08_LA_MIA	https://static.www.nfl.com/image/upload/v1677629269/gamecenter/10012020-1101-066f-99c0-248a79404d23.pdf
2020_08_LV_CLE	https://static.www.nfl.com/image/upload/v1677629296/gamecenter/10012020-1101-0255-5725-8161182ef34b.pdf
2020_08_MIN_GB	https://static.www.nfl.com/image/upload/v1677629265/gamecenter/10012020-1101-04a2-7e15-680a173dc2cf.pdf
2020_08_NE_BUF	https://static.www.nfl.com/image/upload/v1677629294/gamecenter/10012020-1101-00cc-1b67-0ad6a0ba8f5d.pdf
2020_08_NO_CHI	https://static.www.nfl.com/image/upload/v1677629266/gamecenter/10012020-1101-08a0-8782-0833f94b0d70.pdf
2020_08_NYJ_KC	https://static.www.nfl.com/image/upload/v1677629298/gamecenter/10012020-1101-0523-f273-d6eb13c043eb.pdf
2020_08_PIT_BAL	https://static.www.nfl.com/image/upload/v1677629268/gamecenter/10012020-1101-111c-de32-cfe7d945b07b.pdf
2020_08_SF_SEA	https://static.www.nfl.com/image/upload/v1677629299/gamecenter/10012020-1101-09d3-814e-4f6b984d3594.pdf
2020_08_TB_NYG	https://static.www.nfl.com/image/upload/v1677629300/gamecenter/10012020-1102-00de-204b-b5a23808156c.pdf
2020_08_TEN_CIN	https://static.www.nfl.com/image/upload/v1677629295/gamecenter/10012020-1101-0134-56fb-e99cf77628d2.pdf
2020_09_BAL_IND	https://static.www.nfl.com/image/upload/v1677629271/gamecenter/10012020-1108-02f3-6da6-03a22b95458b.pdf
2020_09_CAR_KC	https://static.www.nfl.com/image/upload/v1677629304/gamecenter/10012020-1108-04aa-09e6-31a723859ad6.pdf
2020_09_CHI_TEN	https://static.www.nfl.com/image/upload/v1677629305/gamecenter/10012020-1108-0666-a6b4-05e1efb867bd.pdf
2020_09_DEN_ATL	https://static.www.nfl.com/image/upload/v1677629301/gamecenter/10012020-1108-004b-0b5e-93e65c47b51c.pdf
2020_09_DET_MIN	https://static.www.nfl.com/image/upload/v1677629270/gamecenter/10012020-1108-0537-a365-170e5f2299cf.pdf
2020_09_GB_SF	https://static.www.nfl.com/image/upload/v1677629270/gamecenter/10012020-1105-0036-4915-104a4b2ba68a.pdf
2020_09_HOU_JAX	https://static.www.nfl.com/image/upload/v1677629303/gamecenter/10012020-1108-0378-015e-150231fae00b.pdf
2020_09_LV_LAC	https://static.www.nfl.com/image/upload/v1677629272/gamecenter/10012020-1108-086a-1d8c-d92155936af3.pdf
2020_09_MIA_ARI	https://static.www.nfl.com/image/upload/v1677629272/gamecenter/10012020-1108-092d-06af-d96f325ffe22.pdf
2020_09_NE_NYJ	https://static.www.nfl.com/image/upload/v1677629275/gamecenter/10012020-1109-0067-ef92-13c04d3585e5.pdf
2020_09_NO_TB	https://static.www.nfl.com/image/upload/v1677629274/gamecenter/10012020-1108-11a8-a18f-0d5ffede0c33.pdf
2020_09_NYG_WAS	https://static.www.nfl.com/image/upload/v1677629271/gamecenter/10012020-1108-0778-a16b-495b491a3b25.pdf
2020_09_PIT_DAL	https://static.www.nfl.com/image/upload/v1677629273/gamecenter/10012020-1108-103b-d862-9b3f6abb3615.pdf
2020_09_SEA_BUF	https://static.www.nfl.com/image/upload/v1677629302/gamecenter/10012020-1108-016b-7ea7-ed90211e0343.pdf
2020_10_BAL_NE	https://static.www.nfl.com/image/upload/v1677629278/gamecenter/10012020-1115-116c-094d-82e65f07ae20.pdf
2020_10_BUF_ARI	https://static.www.nfl.com/image/upload/v1677629275/gamecenter/10012020-1115-06ac-0455-ecb8d1122b39.pdf
2020_10_CIN_PIT	https://static.www.nfl.com/image/upload/v1677629308/gamecenter/10012020-1115-05da-e27a-581f5ac17110.pdf
2020_10_DEN_LV	https://static.www.nfl.com/image/upload/v1677629276/gamecenter/10012020-1115-074b-e4de-15d8d4ae9cd8.pdf
2020_10_HOU_CLE	https://static.www.nfl.com/image/upload/v1677629306/gamecenter/10012020-1115-01d2-ba05-b7f16be294fc.pdf
2020_10_IND_TEN	https://static.www.nfl.com/image/upload/v1677629273/gamecenter/10012020-1112-00db-86cb-8f0ee8d68f3b.pdf
2020_10_JAX_GB	https://static.www.nfl.com/image/upload/v1677629276/gamecenter/10012020-1115-03d6-3a59-0e6ba515f7b3.pdf
2020_10_LAC_MIA	https://static.www.nfl.com/image/upload/v1677629310/gamecenter/10012020-1115-12ab-f198-c40f6e2a179a.pdf
2020_10_MIN_CHI	https://static.www.nfl.com/image/upload/v1677629311/gamecenter/10012020-1116-0014-0c15-75dd41483dda.pdf
2020_10_PHI_NYG	https://static.www.nfl.com/image/upload/v1677629307/gamecenter/10012020-1115-0457-b488-28f6925be29f.pdf
2020_10_SEA_LA	https://static.www.nfl.com/image/upload/v1677629277/gamecenter/10012020-1115-095d-a431-104e77674502.pdf
2020_10_SF_NO	https://static.www.nfl.com/image/upload/v1677629309/gamecenter/10012020-1115-10c0-ab6d-c7c625785284.pdf
2020_10_TB_CAR	https://static.www.nfl.com/image/upload/v1677629274/gamecenter/10012020-1115-0071-1e36-fece27e24b3e.pdf
2020_10_WAS_DET	https://static.www.nfl.com/image/upload/v1677629274/gamecenter/10012020-1115-0246-e855-3bd0ab665585.pdf
2020_11_ARI_SEA	https://static.www.nfl.com/image/upload/v1677629279/gamecenter/10012020-1119-0099-9c00-74e0c3b8e26a.pdf
2020_11_ATL_NO	https://static.www.nfl.com/image/upload/v1677629315/gamecenter/10012020-1122-069f-b8d7-ca5b06192146.pdf
2020_11_CIN_WAS	https://static.www.nfl.com/image/upload/v1677629316/gamecenter/10012020-1122-0768-2a4a-919f82d8176f.pdf
2020_11_DAL_MIN	https://static.www.nfl.com/image/upload/v1677629278/gamecenter/10012020-1122-0995-ae59-3016a18ee23d.pdf
2020_11_DET_CAR	https://static.www.nfl.com/image/upload/v1677629313/gamecenter/10012020-1122-013a-e97d-0677c677baca.pdf
2020_11_GB_IND	https://static.www.nfl.com/image/upload/v1677629314/gamecenter/10012020-1122-04d5-e818-51df3347c730.pdf
2020_11_KC_LV	https://static.www.nfl.com/image/upload/v1677629278/gamecenter/10012020-1122-1021-05d1-1211fb340ace.pdf
2020_11_LA_TB	https://static.www.nfl.com/image/upload/v1677629281/gamecenter/10012020-1123-0016-ce89-d187047c7972.pdf
2020_11_MIA_DEN	https://static.www.nfl.com/image/upload/v1677629279/gamecenter/10012020-1122-11fd-1178-be691ffab0f8.pdf
2020_11_NE_HOU	https://static.www.nfl.com/image/upload/v1677629281/gamecenter/10012020-1122-03d8-d123-7296e7469aa7.pdf
2020_11_NYJ_LAC	https://static.www.nfl.com/image/upload/v1677629280/gamecenter/10012020-1122-122b-7970-66a9c7f54c1f.pdf
2020_11_PHI_CLE	https://static.www.nfl.com/image/upload/v1677629280/gamecenter/10012020-1122-0296-26ab-9f4b1144763c.pdf
2020_11_PIT_JAX	https://static.www.nfl.com/image/upload/v1677629282/gamecenter/10012020-1122-0563-c369-fc100b5cd205.pdf
2020_11_TEN_BAL	https://static.www.nfl.com/image/upload/v1677629312/gamecenter/10012020-1122-00a0-e089-d10c4990f95f.pdf
2020_12_ARI_NE	https://static.www.nfl.com/image/upload/v1677629283/gamecenter/10012020-1129-06a3-eeff-58ab5c5ce500.pdf
2020_12_BAL_PIT	https://static.www.nfl.com/image/upload/v1677629322/gamecenter/10012020-1202-003f-6140-af4de922dbfd.pdf
2020_12_CAR_MIN	https://static.www.nfl.com/image/upload/v1677629319/gamecenter/10012020-1129-051c-0b2e-d922a707ea3a.pdf
2020_12_CHI_GB	https://static.www.nfl.com/image/upload/v1677629286/gamecenter/10012020-1129-1198-d981-de33e95f0e66.pdf
2020_12_CLE_JAX	https://static.www.nfl.com/image/upload/v1677629318/gamecenter/10012020-1129-04a1-df0a-f7dcf193246a.pdf
2020_12_HOU_DET	https://static.www.nfl.com/image/upload/v1677629282/gamecenter/10012020-1126-0097-6a47-3738061bb47d.pdf
2020_12_KC_TB	https://static.www.nfl.com/image/upload/v1677629321/gamecenter/10012020-1129-1087-0eb5-50336d274480.pdf
2020_12_LAC_BUF	https://static.www.nfl.com/image/upload/v1677629284/gamecenter/10012020-1129-01e0-6063-d238a68d3e83.pdf
2020_12_LV_ATL	https://static.www.nfl.com/image/upload/v1677629283/gamecenter/10012020-1129-0052-5ece-f4791abb4060.pdf
2020_12_MIA_NYJ	https://static.www.nfl.com/image/upload/v1677629284/gamecenter/10012020-1129-0795-54c9-96c5dd3c30d4.pdf
2020_12_NO_DEN	https://static.www.nfl.com/image/upload/v1677629285/gamecenter/10012020-1129-0824-824c-68f5c661a6a2.pdf
2020_12_NYG_CIN	https://static.www.nfl.com/image/upload/v1677629285/gamecenter/10012020-1129-0218-4d2f-386a23901f26.pdf
2020_12_SEA_PHI	https://static.www.nfl.com/image/upload/v1677629287/gamecenter/10012020-1130-0072-75b4-d766c9dfb007.pdf
2020_12_SF_LA	https://static.www.nfl.com/image/upload/v1677629320/gamecenter/10012020-1129-09cb-038d-31480c706e59.pdf
2020_12_TEN_IND	https://static.www.nfl.com/image/upload/v1677629286/gamecenter/10012020-1129-036d-9b3f-dc1f49d5041c.pdf
2020_12_WAS_DAL	https://static.www.nfl.com/image/upload/v1677629317/gamecenter/10012020-1126-0110-0c14-45ab57a82909.pdf
2020_13_BUF_SF	https://static.www.nfl.com/image/upload/v1677629326/gamecenter/10012020-1207-0071-7dab-3fed11c871e6.pdf
2020_13_CIN_MIA	https://static.www.nfl.com/image/upload/v1677629324/gamecenter/10012020-1206-035e-60fc-4c5768db2c26.pdf
2020_13_CLE_TEN	https://static.www.nfl.com/image/upload/v1677629288/gamecenter/10012020-1206-07b4-7f0e-37f415740c06.pdf
2020_13_DAL_BAL	https://static.www.nfl.com/image/upload/v1677629328/gamecenter/10012020-1208-00b6-6d31-e8c3d3d4ded0.pdf
2020_13_DEN_KC	https://static.www.nfl.com/image/upload/v1677629291/gamecenter/10012020-1206-1217-e024-3286bb810d03.pdf
2020_13_DET_CHI	https://static.www.nfl.com/image/upload/v1677629323/gamecenter/10012020-1206-019a-5404-c3c96ae59b88.pdf
2020_13_IND_HOU	https://static.www.nfl.com/image/upload/v1677629323/gamecenter/10012020-1206-028b-6b9f-f5e7f64da014.pdf
2020_13_JAX_MIN	https://static.www.nfl.com/image/upload/v1677629288/gamecenter/10012020-1206-04f7-c36b-fa12bceb8eef.pdf
2020_13_LA_ARI	https://static.www.nfl.com/image/upload/v1677629289/gamecenter/10012020-1206-08f0-041c-f31325a4078d.pdf
2020_13_LV_NYJ	https://static.www.nfl.com/image/upload/v1677629288/gamecenter/10012020-1206-05c5-f2e1-5382beba18e4.pdf
2020_13_NE_LAC	https://static.www.nfl.com/image/upload/v1677629325/gamecenter/10012020-1206-1119-5656-6febbbdaaece.pdf
2020_13_NO_ATL	https://static.www.nfl.com/image/upload/v1677629287/gamecenter/10012020-1206-008d-fd0e-3e477f4e7f6a.pdf
2020_13_NYG_SEA	https://static.www.nfl.com/image/upload/v1677629290/gamecenter/10012020-1206-0982-2b99-6852db97abc1.pdf
2020_13_PHI_GB	https://static.www.nfl.com/image/upload/v1677629289/gamecenter/10012020-1206-107d-7823-5b8390dd5e77.pdf
2020_13_WAS_PIT	https://static.www.nfl.com/image/upload/v1677629327/gamecenter/10012020-1207-026c-aff7-434831e7e45c.pdf
2020_14_ARI_NYG	https://static.www.nfl.com/image/upload/v1677629291/gamecenter/10012020-1213-06fd-9169-582a28041c87.pdf
2020_14_ATL_LAC	https://static.www.nfl.com/image/upload/v1677629332/gamecenter/10012020-1213-10f5-4064-12bb1e159cac.pdf
2020_14_BAL_CLE	https://static.www.nfl.com/image/upload/v1677629293/gamecenter/10012020-1214-0010-6ac5-5fb5ef183372.pdf
2020_14_DAL_CIN	https://static.www.nfl.com/image/upload/v1677629295/gamecenter/10012020-1213-0289-84cf-348352ae32ee.pdf
2020_14_DEN_CAR	https://static.www.nfl.com/image/upload/v1677629293/gamecenter/10012020-1213-0014-9eba-570313719bfa.pdf
2020_14_GB_DET	https://static.www.nfl.com/image/upload/v1677629290/gamecenter/10012020-1213-03b0-6a7e-d9a281bcc662.pdf
2020_14_HOU_CHI	https://static.www.nfl.com/image/upload/v1677629294/gamecenter/10012020-1213-0130-809e-216fb3e8a77c.pdf
2020_14_IND_LV	https://static.www.nfl.com/image/upload/v1677629330/gamecenter/10012020-1213-0887-a7bd-acf8aa690d81.pdf
2020_14_KC_MIA	https://static.www.nfl.com/image/upload/v1677629329/gamecenter/10012020-1213-056e-157c-cba60f70d27a.pdf
2020_14_MIN_TB	https://static.www.nfl.com/image/upload/v1677629292/gamecenter/10012020-1213-07fb-d990-56627bf42ae8.pdf
2020_14_NE_LA	https://static.www.nfl.com/image/upload/v1677629292/gamecenter/10012020-1210-004d-40ee-16e1d5e565fb.pdf
2020_14_NO_PHI	https://static.www.nfl.com/image/upload/v1677629297/gamecenter/10012020-1213-11ea-4e0a-ece039fccfab.pdf
2020_14_NYJ_SEA	https://static.www.nfl.com/image/upload/v1677629331/gamecenter/10012020-1213-091f-f6c8-1ac0a5b8141c.pdf
2020_14_PIT_BUF	https://static.www.nfl.com/image/upload/v1677629334/gamecenter/10012020-1213-138f-fd07-602d2eea0d84.pdf
2020_14_TEN_JAX	https://static.www.nfl.com/image/upload/v1677629296/gamecenter/10012020-1213-048b-783c-e352ce354861.pdf
2020_14_WAS_SF	https://static.www.nfl.com/image/upload/v1677629333/gamecenter/10012020-1213-129d-0d75-fac854fb4c23.pdf
2020_15_BUF_DEN	https://static.www.nfl.com/image/upload/v1677629335/gamecenter/10012020-1219-00ef-3fee-f837f331e965.pdf
2020_15_CAR_GB	https://static.www.nfl.com/image/upload/v1677629295/gamecenter/10012020-1219-0166-5b0d-2a5049868324.pdf
2020_15_CHI_MIN	https://static.www.nfl.com/image/upload/v1677629339/gamecenter/10012020-1220-08d3-6789-a4f8f0bdcce7.pdf
2020_15_CLE_NYG	https://static.www.nfl.com/image/upload/v1677629298/gamecenter/10012020-1220-0982-bc26-a4e1dec6468c.pdf
2020_15_DET_TEN	https://static.www.nfl.com/image/upload/v1677629297/gamecenter/10012020-1220-04da-d3c2-9ed6167b1f76.pdf
2020_15_HOU_IND	https://static.www.nfl.com/image/upload/v1677629296/gamecenter/10012020-1220-0218-43d9-d4d66fdc90d2.pdf
2020_15_JAX_BAL	https://static.www.nfl.com/image/upload/v1677629338/gamecenter/10012020-1220-06f4-5cf7-63230a68e4f6.pdf
2020_15_KC_NO	https://static.www.nfl.com/image/upload/v1677629299/gamecenter/10012020-1220-1257-7134-14a9ec40cec3.pdf
2020_15_LAC_LV	https://static.www.nfl.com/image/upload/v1677629294/gamecenter/10012020-1217-0046-b2fc-566c471e23cc.pdf
2020_15_NE_MIA	https://static.www.nfl.com/image/upload/v1677629339/gamecenter/10012020-1220-075a-cd3f-fe318bba6911.pdf
2020_15_NYJ_LA	https://static.www.nfl.com/image/upload/v1677629336/gamecenter/10012020-1220-0395-ee2d-2755b9fb2e06.pdf
2020_15_PHI_ARI	https://static.www.nfl.com/image/upload/v1677629299/gamecenter/10012020-1220-11da-f4f7-c296a8c8ec9a.pdf
2020_15_PIT_CIN	https://static.www.nfl.com/image/upload/v1677629300/gamecenter/10012020-1221-009e-cd83-92cdcf55eca8.pdf
2020_15_SEA_WAS	https://static.www.nfl.com/image/upload/v1677629298/gamecenter/10012020-1220-1042-1bc4-10ba01628156.pdf
2020_15_SF_DAL	https://static.www.nfl.com/image/upload/v1677629340/gamecenter/10012020-1220-13fb-48b6-73db779a4e03.pdf
2020_15_TB_ATL	https://static.www.nfl.com/image/upload/v1677629337/gamecenter/10012020-1220-0584-4b72-b10970af87ba.pdf
2020_16_ATL_KC	https://static.www.nfl.com/image/upload/v1677629305/gamecenter/10012020-1227-08af-09c2-1d794746dfe1.pdf
2020_16_BUF_NE	https://static.www.nfl.com/image/upload/v1677629303/gamecenter/10012020-1228-0012-2f5f-7e476d3079de.pdf
2020_16_CAR_WAS	https://static.www.nfl.com/image/upload/v1677629344/gamecenter/10012020-1227-109b-5b2a-acbbdc2253c2.pdf
2020_16_CHI_JAX	https://static.www.nfl.com/image/upload/v1677629301/gamecenter/10012020-1227-073e-78d7-7e7ea493b400.pdf
2020_16_CIN_HOU	https://static.www.nfl.com/image/upload/v1677629304/gamecenter/10012020-1227-0696-59e9-46c0ea9d7226.pdf
2020_16_CLE_NYJ	https://static.www.nfl.com/image/upload/v1677629303/gamecenter/10012020-1227-04e4-dfa9-ce0ece97eb3b.pdf
2020_16_DEN_LAC	https://static.www.nfl.com/image/upload/v1677629302/gamecenter/10012020-1227-0249-2c7e-8e80a9f98a16.pdf
2020_16_IND_PIT	https://static.www.nfl.com/image/upload/v1677629302/gamecenter/10012020-1227-0933-b463-bc8e89ad5a71.pdf
2020_16_LA_SEA	https://static.www.nfl.com/image/upload/v1677629345/gamecenter/10012020-1227-11f3-65ec-900c87911023.pdf
2020_16_MIA_LV	https://static.www.nfl.com/image/upload/v1677629342/gamecenter/10012020-1226-02da-3740-f11f824224ff.pdf
2020_16_MIN_NO	https://static.www.nfl.com/image/upload/v1677629341/gamecenter/10012020-1225-001f-42cf-ead38c9c4612.pdf
2020_16_NYG_BAL	https://static.www.nfl.com/image/upload/v1677629343/gamecenter/10012020-1227-0574-84d3-4901af55a843.pdf
2020_16_PHI_DAL	https://static.www.nfl.com/image/upload/v1677629306/gamecenter/10012020-1227-12dc-7dd0-57575792a01c.pdf
2020_16_SF_ARI	https://static.www.nfl.com/image/upload/v1677629301/gamecenter/10012020-1226-017e-9c1a-46251c7f092a.pdf
2020_16_TB_DET	https://static.www.nfl.com/image/upload/v1677629300/gamecenter/10012020-1226-0054-2b8c-93e713500db2.pdf
2020_16_TEN_GB	https://static.www.nfl.com/image/upload/v1677629346/gamecenter/10012020-1227-13b2-2938-fc2cc09f79a7.pdf
2020_17_ARI_LA	https://static.www.nfl.com/image/upload/v1677629348/gamecenter/10012021-0103-14c1-4258-a8e7482b10ce.pdf
2020_17_ATL_TB	https://static.www.nfl.com/image/upload/v1677629313/gamecenter/10012021-0103-1075-2031-aac0472201f7.pdf
2020_17_BAL_CIN	https://static.www.nfl.com/image/upload/v1677629308/gamecenter/10012021-0103-03b4-2117-d4418e26122c.pdf
2020_17_DAL_NYG	https://static.www.nfl.com/image/upload/v1677629312/gamecenter/10012021-0103-081c-a21d-fc36a804322d.pdf
2020_17_GB_CHI	https://static.www.nfl.com/image/upload/v1677629347/gamecenter/10012021-0103-0216-5e58-0a924a4c6e67.pdf
2020_17_JAX_IND	https://static.www.nfl.com/image/upload/v1677629348/gamecenter/10012021-0103-13cb-9f4c-bde393f7520e.pdf
2020_17_LAC_KC	https://static.www.nfl.com/image/upload/v1677629305/gamecenter/10012021-0103-063e-51d9-0c44efa65f65.pdf
2020_17_LV_DEN	https://static.www.nfl.com/image/upload/v1677629307/gamecenter/10012021-0103-11a6-753d-fe2e2ab2775b.pdf
2020_17_MIA_BUF	https://static.www.nfl.com/image/upload/v1677629307/gamecenter/10012021-0103-00e7-5581-baa2e0df3f47.pdf
2020_17_MIN_DET	https://static.www.nfl.com/image/upload/v1677629311/gamecenter/10012021-0103-0555-9f5a-08e4ea048f6f.pdf
2020_17_NO_CAR	https://static.www.nfl.com/image/upload/v1677629304/gamecenter/10012021-0103-01e7-a2c9-9a0ca173d34f.pdf
2020_17_NYJ_NE	https://static.www.nfl.com/image/upload/v1677629306/gamecenter/10012021-0103-07c7-0878-7e798807a9b9.pdf
2020_17_PIT_CLE	https://static.www.nfl.com/image/upload/v1677629310/gamecenter/10012021-0103-0427-50a0-a55f94b36bd8.pdf
2020_17_SEA_SF	https://static.www.nfl.com/image/upload/v1677629314/gamecenter/10012021-0103-157a-d72b-c62672b9becd.pdf
2020_17_TEN_HOU	https://static.www.nfl.com/image/upload/v1677629313/gamecenter/10012021-0103-12bd-603b-a68f670c99a6.pdf
2020_17_WAS_PHI	https://static.www.nfl.com/image/upload/v1677629307/gamecenter/10012021-0103-099c-655f-6bfb51ea23fa.pdf
2021_01_ARI_TEN	https://static.www.nfl.com/image/upload/v1677629436/gamecenter/c59f3fe3-b37c-11eb-a824-966776c37c34.pdf
2021_01_BAL_LV	https://static.www.nfl.com/image/upload/v1677629437/gamecenter/c59f4ba9-b37c-11eb-9f27-33818e4d796d.pdf
2021_01_CHI_LA	https://static.www.nfl.com/image/upload/v1677629413/gamecenter/c59f1195-b37c-11eb-a238-2558151bb271.pdf
2021_01_CLE_KC	https://static.www.nfl.com/image/upload/v1677629433/gamecenter/c59f2990-b37c-11eb-a2e3-1893925df770.pdf
2021_01_DAL_TB	https://static.www.nfl.com/image/upload/v1677629340/gamecenter/c5722300-b37c-11eb-9617-afa9727fab42.pdf
2021_01_DEN_NYG	https://static.www.nfl.com/image/upload/v1677629436/gamecenter/c59f41e0-b37c-11eb-acb9-bc5b029089d3.pdf
2021_01_GB_NO	https://static.www.nfl.com/image/upload/v1677629414/gamecenter/c59f34e4-b37c-11eb-a3ba-55ec1a6e189e.pdf
2021_01_JAX_HOU	https://static.www.nfl.com/image/upload/v1677629431/gamecenter/c59f20b4-b37c-11eb-b268-91616e0aa8ce.pdf
2021_01_LAC_WAS	https://static.www.nfl.com/image/upload/v1677629445/gamecenter/c59f3207-b37c-11eb-a168-a6c97a9e291b.pdf
2021_01_MIA_NE	https://static.www.nfl.com/image/upload/v1677629446/gamecenter/c59f4a98-b37c-11eb-a4de-4a9ece5dcb0d.pdf
2021_01_MIN_CIN	https://static.www.nfl.com/image/upload/v1677629416/gamecenter/c59f3b56-b37c-11eb-acef-004a6dd04236.pdf
2021_01_NYJ_CAR	https://static.www.nfl.com/image/upload/v1677629435/gamecenter/c59f39c2-b37c-11eb-9064-a3b8d28903d4.pdf
2021_01_PHI_ATL	https://static.www.nfl.com/image/upload/v1677629448/gamecenter/c59f84e7-b37c-11eb-a78a-30c5c677cad5.pdf
2021_01_PIT_BUF	https://static.www.nfl.com/image/upload/v1677629417/gamecenter/c59f78bb-b37c-11eb-a318-b1d0e7e8792e.pdf
2021_01_SEA_IND	https://static.www.nfl.com/image/upload/v1677629415/gamecenter/c59f380a-b37c-11eb-a4b9-33ea453005d5.pdf
2021_01_SF_DET	https://static.www.nfl.com/image/upload/v1677629447/gamecenter/c59f6e42-b37c-11eb-901f-b386dd79c602.pdf
2021_02_ATL_TB	https://static.www.nfl.com/image/upload/v1677629412/gamecenter/c59f10de-b37c-11eb-aba9-a0ee1ea0d04b.pdf
2021_02_BUF_MIA	https://static.www.nfl.com/image/upload/v1677629429/gamecenter/c59f0ea3-b37c-11eb-bef2-5db09239a0ac.pdf
2021_02_CIN_CHI	https://static.www.nfl.com/image/upload/v1677629443/gamecenter/c59f213e-b37c-11eb-a470-77d96e8dad84.pdf
2021_02_DAL_LAC	https://static.www.nfl.com/image/upload/v1677629427/gamecenter/c59efb1d-b37c-11eb-ac67-82694b975169.pdf
2021_02_DEN_JAX	https://static.www.nfl.com/image/upload/v1677629441/gamecenter/c59f0e31-b37c-11eb-a9cd-31082c458582.pdf
2021_02_DET_GB	https://static.www.nfl.com/image/upload/v1677629428/gamecenter/c59f082e-b37c-11eb-9f7c-7c9249e10b74.pdf
2021_02_HOU_CLE	https://static.www.nfl.com/image/upload/v1677629432/gamecenter/c59f2696-b37c-11eb-9ed8-304777eba43c.pdf
2021_02_KC_BAL	https://static.www.nfl.com/image/upload/v1677629438/gamecenter/c59ecfe2-b37c-11eb-b462-92ca5e22ea78.pdf
2021_02_LA_IND	https://static.www.nfl.com/image/upload/v1677629442/gamecenter/c59f1258-b37c-11eb-b8df-213c1efefc3f.pdf
2021_02_LV_PIT	https://static.www.nfl.com/image/upload/v1677629443/gamecenter/c59f1600-b37c-11eb-abac-4f5c371de22e.pdf
2021_02_MIN_ARI	https://static.www.nfl.com/image/upload/v1677629411/gamecenter/c59efa49-b37c-11eb-8fa9-4082cc76fbb5.pdf
2021_02_NE_NYJ	https://static.www.nfl.com/image/upload/v1677629428/gamecenter/c59efc6f-b37c-11eb-a97a-3d335630dde6.pdf
2021_02_NO_CAR	https://static.www.nfl.com/image/upload/v1677629434/gamecenter/c59f2d31-b37c-11eb-ac10-97a1ea06b5e2.pdf
2021_02_NYG_WAS	https://static.www.nfl.com/image/upload/v1677629446/gamecenter/c59f59d7-b37c-11eb-9617-afa9727fab42.pdf
2021_02_SF_PHI	https://static.www.nfl.com/image/upload/v1677629430/gamecenter/c59f0fdb-b37c-11eb-bcee-fa4faa7ecb35.pdf
2021_02_TEN_SEA	https://static.www.nfl.com/image/upload/v1677629440/gamecenter/c59edb90-b37c-11eb-88c0-51a557ae873f.pdf
2021_03_ARI_JAX	https://static.www.nfl.com/image/upload/v1677629439/gamecenter/c59ed49c-b37c-11eb-89a6-58df96732a88.pdf
2021_03_ATL_NYG	https://static.www.nfl.com/image/upload/v1677629423/gamecenter/c59ea7f8-b37c-11eb-8f41-f45bb96e097e.pdf
2021_03_BAL_DET	https://static.www.nfl.com/image/upload/v1677629424/gamecenter/c59ecb83-b37c-11eb-90d7-8b1d3d0789e6.pdf
2021_03_CAR_HOU	https://static.www.nfl.com/image/upload/v1677629410/gamecenter/c59edb6d-b37c-11eb-b344-9f8315daa578.pdf
2021_03_CHI_CLE	https://static.www.nfl.com/image/upload/v1677629437/gamecenter/c59ec571-b37c-11eb-b0d5-c75633bde823.pdf
2021_03_CIN_PIT	https://static.www.nfl.com/image/upload/v1677629436/gamecenter/c59ebcd4-b37c-11eb-9bf6-8266221c6f86.pdf
2021_03_GB_SF	https://static.www.nfl.com/image/upload/v1677629433/gamecenter/c59e9330-b37c-11eb-98fb-8728a42333e4.pdf
2021_03_IND_TEN	https://static.www.nfl.com/image/upload/v1677629422/gamecenter/c59ea25f-b37c-11eb-9ea7-1ad03543e49a.pdf
2021_03_LAC_KC	https://static.www.nfl.com/image/upload/v1677629435/gamecenter/c59eb8ab-b37c-11eb-ba13-aa7df81873db.pdf
2021_03_MIA_LV	https://static.www.nfl.com/image/upload/v1677629434/gamecenter/c59eb239-b37c-11eb-a7ee-a216e0da7aac.pdf
2021_03_NO_NE	https://static.www.nfl.com/image/upload/v1677629425/gamecenter/c59ed0e7-b37c-11eb-b396-d1345dd16473.pdf
2021_03_NYJ_DEN	https://static.www.nfl.com/image/upload/v1677629432/gamecenter/c59e92ff-b37c-11eb-8f25-c6a3e3dad04c.pdf
2021_03_PHI_DAL	https://static.www.nfl.com/image/upload/v1677629421/gamecenter/c59e9ea2-b37c-11eb-8116-e420dc2f1097.pdf
2021_03_SEA_MIN	https://static.www.nfl.com/image/upload/v1677629420/gamecenter/c59e8a08-b37c-11eb-ad13-0afbcf7ddfa9.pdf
2021_03_TB_LA	https://static.www.nfl.com/image/upload/v1677629409/gamecenter/c59eac1c-b37c-11eb-b54c-adfe23a3e086.pdf
2021_03_WAS_BUF	https://static.www.nfl.com/image/upload/v1677629426/gamecenter/c59edba1-b37c-11eb-9029-5814fad5708e.pdf
2021_04_ARI_LA	https://static.www.nfl.com/image/upload/v1677629404/gamecenter/c59e2303-b37c-11eb-8ac9-773553be5f19.pdf
2021_04_BAL_DEN	https://static.www.nfl.com/image/upload/v1677629405/gamecenter/c59e2b3c-b37c-11eb-aaaa-3cd93d2e7884.pdf
2021_04_CAR_DAL	https://static.www.nfl.com/image/upload/v1677629431/gamecenter/c59e3f5b-b37c-11eb-b605-7aabb5db6277.pdf
2021_04_CLE_MIN	https://static.www.nfl.com/image/upload/v1677629406/gamecenter/c59e437e-b37c-11eb-b6c4-9047f43b506b.pdf
2021_04_DET_CHI	https://static.www.nfl.com/image/upload/v1677629418/gamecenter/c59e4e49-b37c-11eb-8717-b15655d15a43.pdf
2021_04_HOU_BUF	https://static.www.nfl.com/image/upload/v1677629406/gamecenter/c59e586d-b37c-11eb-9545-5d927aa1f09a.pdf
2021_04_IND_MIA	https://static.www.nfl.com/image/upload/v1677629407/gamecenter/c59e5b5f-b37c-11eb-87e7-c86a9c00d82a.pdf
2021_04_JAX_CIN	https://static.www.nfl.com/image/upload/v1677629408/gamecenter/c59e7931-b37c-11eb-bdcd-878b71a272b3.pdf
2021_04_KC_PHI	https://static.www.nfl.com/image/upload/v1677629416/gamecenter/c59e2c22-b37c-11eb-ba8a-ecb6fe06b3b0.pdf
2021_04_LV_LAC	https://static.www.nfl.com/image/upload/v1677629401/gamecenter/c59dfb79-b37c-11eb-96b9-62a07f8b20c1.pdf
2021_04_NYG_NO	https://static.www.nfl.com/image/upload/v1677629417/gamecenter/c59e42b7-b37c-11eb-9fdd-edea6533b161.pdf
2021_04_PIT_GB	https://static.www.nfl.com/image/upload/v1677629430/gamecenter/c59e29d5-b37c-11eb-bd2e-2fc8670f4c6e.pdf
2021_04_SEA_SF	https://static.www.nfl.com/image/upload/v1677629402/gamecenter/c59e1186-b37c-11eb-92fc-9ab6b24fbc7e.pdf
2021_04_TB_NE	https://static.www.nfl.com/image/upload/v1677629415/gamecenter/c59e2166-b37c-11eb-88b5-52a417aac100.pdf
2021_04_TEN_NYJ	https://static.www.nfl.com/image/upload/v1677629415/gamecenter/c59e2514-b37c-11eb-837c-ddf732b06303.pdf
2021_04_WAS_ATL	https://static.www.nfl.com/image/upload/v1677629419/gamecenter/c59e6e09-b37c-11eb-aaa9-9d79bbf40974.pdf
2021_05_BUF_KC	https://static.www.nfl.com/image/upload/v1677629419/gamecenter/c59d81ad-b37c-11eb-a238-2558151bb271.pdf
2021_05_CHI_LV	https://static.www.nfl.com/image/upload/v1677629397/gamecenter/c59db97e-b37c-11eb-a4de-4a9ece5dcb0d.pdf
2021_05_CLE_LAC	https://static.www.nfl.com/image/upload/v1677629423/gamecenter/c59db55c-b37c-11eb-a2e3-1893925df770.pdf
2021_05_DEN_PIT	https://static.www.nfl.com/image/upload/v1677629428/gamecenter/c59df889-b37c-11eb-a4b9-33ea453005d5.pdf
2021_05_DET_MIN	https://static.www.nfl.com/image/upload/v1677629396/gamecenter/c59dafc5-b37c-11eb-b268-91616e0aa8ce.pdf
2021_05_GB_CIN	https://static.www.nfl.com/image/upload/v1677629399/gamecenter/c59de6a9-b37c-11eb-9064-a3b8d28903d4.pdf
2021_05_IND_BAL	https://static.www.nfl.com/image/upload/v1677629425/gamecenter/c59dcd6a-b37c-11eb-9f27-33818e4d796d.pdf
2021_05_LA_SEA	https://static.www.nfl.com/image/upload/v1677629403/gamecenter/c59e1367-b37c-11eb-9e19-00bc1829d24f.pdf
2021_05_MIA_TB	https://static.www.nfl.com/image/upload/v1677629426/gamecenter/c59de01e-b37c-11eb-a824-966776c37c34.pdf
2021_05_NE_HOU	https://static.www.nfl.com/image/upload/v1677629414/gamecenter/c59dc503-b37c-11eb-acef-004a6dd04236.pdf
2021_05_NO_WAS	https://static.www.nfl.com/image/upload/v1677629424/gamecenter/c59db5d1-b37c-11eb-a168-a6c97a9e291b.pdf
2021_05_NYG_DAL	https://static.www.nfl.com/image/upload/v1677629398/gamecenter/c59dcd67-b37c-11eb-acb9-bc5b029089d3.pdf
2021_05_NYJ_ATL	https://static.www.nfl.com/image/upload/v1677629400/gamecenter/c59df610-b37c-11eb-a78a-30c5c677cad5.pdf
2021_05_PHI_CAR	https://static.www.nfl.com/image/upload/v1677629428/gamecenter/c59e0c05-b37c-11eb-a318-b1d0e7e8792e.pdf
2021_05_SF_ARI	https://static.www.nfl.com/image/upload/v1677629420/gamecenter/c59d9f5a-b37c-11eb-a3ba-55ec1a6e189e.pdf
2021_05_TEN_JAX	https://static.www.nfl.com/image/upload/v1677629429/gamecenter/c59e27ef-b37c-11eb-901f-b386dd79c602.pdf
2021_06_ARI_CLE	https://static.www.nfl.com/image/upload/v1677629413/gamecenter/c59a0483-b37c-11eb-abac-4f5c371de22e.pdf
2021_06_BUF_TEN	https://static.www.nfl.com/image/upload/v1677629413/gamecenter/c599d337-b37c-11eb-88c0-51a557ae873f.pdf
2021_06_CIN_DET	https://static.www.nfl.com/image/upload/v1677629412/gamecenter/c59a007c-b37c-11eb-a9cd-31082c458582.pdf
2021_06_DAL_NE	https://static.www.nfl.com/image/upload/v1677629418/gamecenter/c599fb90-b37c-11eb-aba9-a0ee1ea0d04b.pdf
2021_06_GB_CHI	https://static.www.nfl.com/image/upload/v1677629393/gamecenter/c59d8583-b37c-11eb-b8df-213c1efefc3f.pdf
2021_06_HOU_IND	https://static.www.nfl.com/image/upload/v1677629393/gamecenter/c599f391-b37c-11eb-bef2-5db09239a0ac.pdf
2021_06_KC_WAS	https://static.www.nfl.com/image/upload/v1677629409/gamecenter/c599d9db-b37c-11eb-bcee-fa4faa7ecb35.pdf
2021_06_LAC_BAL	https://static.www.nfl.com/image/upload/v1677629394/gamecenter/c59da5c6-b37c-11eb-a470-77d96e8dad84.pdf
2021_06_LA_NYG	https://static.www.nfl.com/image/upload/v1677629415/gamecenter/c599df09-b37c-11eb-a97a-3d335630dde6.pdf
2021_06_LV_DEN	https://static.www.nfl.com/image/upload/v1677629416/gamecenter/c599ec4b-b37c-11eb-8fa9-4082cc76fbb5.pdf
2021_06_MIA_JAX	https://static.www.nfl.com/image/upload/v1677629422/gamecenter/c59dae6d-b37c-11eb-ac10-97a1ea06b5e2.pdf
2021_06_MIN_CAR	https://static.www.nfl.com/image/upload/v1677629427/gamecenter/c59df5be-b37c-11eb-9ed8-304777eba43c.pdf
2021_06_SEA_PIT	https://static.www.nfl.com/image/upload/v1677629417/gamecenter/c599f2d0-b37c-11eb-ac67-82694b975169.pdf
2021_06_TB_PHI	https://static.www.nfl.com/image/upload/v1677629421/gamecenter/c59da4d8-b37c-11eb-9617-afa9727fab42.pdf
2021_07_ATL_MIA	https://static.www.nfl.com/image/upload/v1677629411/gamecenter/c599df10-b37c-11eb-9029-5814fad5708e.pdf
2021_07_CAR_NYG	https://static.www.nfl.com/image/upload/v1677629405/gamecenter/c599acdc-b37c-11eb-90d7-8b1d3d0789e6.pdf
2021_07_CHI_TB	https://static.www.nfl.com/image/upload/v1677629406/gamecenter/c599b84f-b37c-11eb-9bf6-8266221c6f86.pdf
2021_07_CIN_BAL	https://static.www.nfl.com/image/upload/v1677629392/gamecenter/c599f342-b37c-11eb-9f7c-7c9249e10b74.pdf
2021_07_DEN_CLE	https://static.www.nfl.com/image/upload/v1677629412/gamecenter/c599d0ff-b37c-11eb-b462-92ca5e22ea78.pdf
2021_07_DET_LA	https://static.www.nfl.com/image/upload/v1677629411/gamecenter/c599c3fb-b37c-11eb-ba13-aa7df81873db.pdf
2021_07_HOU_ARI	https://static.www.nfl.com/image/upload/v1677629408/gamecenter/c599accc-b37c-11eb-8f41-f45bb96e097e.pdf
2021_07_IND_SF	https://static.www.nfl.com/image/upload/v1677629407/gamecenter/c599a113-b37c-11eb-9ea7-1ad03543e49a.pdf
2021_07_KC_TEN	https://static.www.nfl.com/image/upload/v1677629409/gamecenter/c599cdf2-b37c-11eb-89a6-58df96732a88.pdf
2021_07_NO_SEA	https://static.www.nfl.com/image/upload/v1677629390/gamecenter/c59999f9-b37c-11eb-8f25-c6a3e3dad04c.pdf
2021_07_NYJ_NE	https://static.www.nfl.com/image/upload/v1677629407/gamecenter/c599bdbe-b37c-11eb-b0d5-c75633bde823.pdf
2021_07_PHI_LV	https://static.www.nfl.com/image/upload/v1677629391/gamecenter/c599cccd-b37c-11eb-b396-d1345dd16473.pdf
2021_07_WAS_GB	https://static.www.nfl.com/image/upload/v1677629414/gamecenter/c599de70-b37c-11eb-b344-9f8315daa578.pdf
2021_08_CAR_ATL	https://static.www.nfl.com/image/upload/v1677629409/gamecenter/c599b635-b37c-11eb-b54c-adfe23a3e086.pdf
2021_08_CIN_NYJ	https://static.www.nfl.com/image/upload/v1677629400/gamecenter/c599748a-b37c-11eb-8717-b15655d15a43.pdf
2021_08_DAL_MIN	https://static.www.nfl.com/image/upload/v1677629396/gamecenter/c5994e3e-b37c-11eb-837c-ddf732b06303.pdf
2021_08_GB_ARI	https://static.www.nfl.com/image/upload/v1677629408/gamecenter/c599c1ec-b37c-11eb-a7ee-a216e0da7aac.pdf
2021_08_JAX_SEA	https://static.www.nfl.com/image/upload/v1677629389/gamecenter/c59982f7-b37c-11eb-87e7-c86a9c00d82a.pdf
2021_08_LA_HOU	https://static.www.nfl.com/image/upload/v1677629404/gamecenter/c5998dc8-b37c-11eb-aaa9-9d79bbf40974.pdf
2021_08_MIA_BUF	https://static.www.nfl.com/image/upload/v1677629410/gamecenter/c599bf43-b37c-11eb-ad13-0afbcf7ddfa9.pdf
2021_08_NE_LAC	https://static.www.nfl.com/image/upload/v1677629403/gamecenter/c5997ddf-b37c-11eb-b605-7aabb5db6277.pdf
2021_08_NYG_KC	https://static.www.nfl.com/image/upload/v1677629397/gamecenter/c59968af-b37c-11eb-ba8a-ecb6fe06b3b0.pdf
2021_08_PHI_DET	https://static.www.nfl.com/image/upload/v1677629406/gamecenter/c59996b3-b37c-11eb-bdcd-878b71a272b3.pdf
2021_08_PIT_CLE	https://static.www.nfl.com/image/upload/v1677629405/gamecenter/c599942b-b37c-11eb-8116-e420dc2f1097.pdf
2021_08_SF_CHI	https://static.www.nfl.com/image/upload/v1677629404/gamecenter/c5999f18-b37c-11eb-98fb-8728a42333e4.pdf
2021_08_TB_NO	https://static.www.nfl.com/image/upload/v1677629401/gamecenter/c59978ee-b37c-11eb-9fdd-edea6533b161.pdf
2021_08_TEN_IND	https://static.www.nfl.com/image/upload/v1677629402/gamecenter/c59979aa-b37c-11eb-9545-5d927aa1f09a.pdf
2021_08_WAS_DEN	https://static.www.nfl.com/image/upload/v1677629403/gamecenter/c5996ddf-b37c-11eb-b6c4-9047f43b506b.pdf
2021_09_ARI_SF	https://static.www.nfl.com/image/upload/v1677629385/gamecenter/c59958b3-b37c-11eb-901f-b386dd79c602.pdf
2021_09_ATL_NO	https://static.www.nfl.com/image/upload/v1677629398/gamecenter/c5993b64-b37c-11eb-a78a-30c5c677cad5.pdf
2021_09_BUF_JAX	https://static.www.nfl.com/image/upload/v1677629402/gamecenter/c5995ac8-b37c-11eb-96b9-62a07f8b20c1.pdf
2021_09_CHI_PIT	https://static.www.nfl.com/image/upload/v1677629383/gamecenter/c5994cf9-b37c-11eb-a4b9-33ea453005d5.pdf
2021_09_CLE_CIN	https://static.www.nfl.com/image/upload/v1677629386/gamecenter/c5995a09-b37c-11eb-bd2e-2fc8670f4c6e.pdf
2021_09_DEN_DAL	https://static.www.nfl.com/image/upload/v1677629380/gamecenter/c5994245-b37c-11eb-88b5-52a417aac100.pdf
2021_09_GB_KC	https://static.www.nfl.com/image/upload/v1677629394/gamecenter/c5992eb1-b37c-11eb-acef-004a6dd04236.pdf
2021_09_HOU_MIA	https://static.www.nfl.com/image/upload/v1677629399/gamecenter/c59970e8-b37c-11eb-9e19-00bc1829d24f.pdf
2021_09_LAC_PHI	https://static.www.nfl.com/image/upload/v1677629387/gamecenter/c599646b-b37c-11eb-9064-a3b8d28903d4.pdf
2021_09_LV_NYG	https://static.www.nfl.com/image/upload/v1677629388/gamecenter/c59971b3-b37c-11eb-a318-b1d0e7e8792e.pdf
2021_09_MIN_BAL	https://static.www.nfl.com/image/upload/v1677629401/gamecenter/c599583a-b37c-11eb-92fc-9ab6b24fbc7e.pdf
2021_09_NE_CAR	https://static.www.nfl.com/image/upload/v1677629400/gamecenter/c59952fa-b37c-11eb-aaaa-3cd93d2e7884.pdf
2021_09_NYJ_IND	https://static.www.nfl.com/image/upload/v1677629398/gamecenter/c5996d0c-b37c-11eb-8ac9-773553be5f19.pdf
2021_09_TEN_LA	https://static.www.nfl.com/image/upload/v1677629397/gamecenter/c5992b88-b37c-11eb-b268-91616e0aa8ce.pdf
2021_10_ATL_DAL	https://static.www.nfl.com/image/upload/v1677629378/gamecenter/c5992400-b37c-11eb-a168-a6c97a9e291b.pdf
2021_10_BAL_MIA	https://static.www.nfl.com/image/upload/v1677629382/gamecenter/c59949a5-b37c-11eb-a824-966776c37c34.pdf
2021_10_BUF_NYJ	https://static.www.nfl.com/image/upload/v1677629390/gamecenter/c5990a2c-b37c-11eb-a3ba-55ec1a6e189e.pdf
2021_10_CAR_ARI	https://static.www.nfl.com/image/upload/v1677629393/gamecenter/c5992c6d-b37c-11eb-9617-afa9727fab42.pdf
2021_10_CLE_NE	https://static.www.nfl.com/image/upload/v1677629399/gamecenter/c59948ac-b37c-11eb-a4de-4a9ece5dcb0d.pdf
2021_10_DET_PIT	https://static.www.nfl.com/image/upload/v1677629395/gamecenter/c5993531-b37c-11eb-acb9-bc5b029089d3.pdf
2021_10_JAX_IND	https://static.www.nfl.com/image/upload/v1677629379/gamecenter/c5993188-b37c-11eb-a2e3-1893925df770.pdf
2021_10_KC_LV	https://static.www.nfl.com/image/upload/v1677629389/gamecenter/c599035c-b37c-11eb-b8df-213c1efefc3f.pdf
2021_10_LA_SF	https://static.www.nfl.com/image/upload/v1677629391/gamecenter/c5990e7c-b37c-11eb-a9cd-31082c458582.pdf
2021_10_MIN_LAC	https://static.www.nfl.com/image/upload/v1677629395/gamecenter/c59921e1-b37c-11eb-ac10-97a1ea06b5e2.pdf
2021_10_NO_TEN	https://static.www.nfl.com/image/upload/v1677629396/gamecenter/c59926e6-b37c-11eb-a238-2558151bb271.pdf
2021_10_PHI_DEN	https://static.www.nfl.com/image/upload/v1677629394/gamecenter/c5991e4b-b37c-11eb-a470-77d96e8dad84.pdf
2021_10_SEA_GB	https://static.www.nfl.com/image/upload/v1677629384/gamecenter/c5995423-b37c-11eb-9ed8-304777eba43c.pdf
2021_10_TB_WAS	https://static.www.nfl.com/image/upload/v1677629395/gamecenter/c599200c-b37c-11eb-9f27-33818e4d796d.pdf
2021_11_ARI_SEA	https://static.www.nfl.com/image/upload/v1677629371/gamecenter/c598d2c3-b37c-11eb-b0d5-c75633bde823.pdf
2021_11_BAL_CHI	https://static.www.nfl.com/image/upload/v1677629393/gamecenter/c5991638-b37c-11eb-abac-4f5c371de22e.pdf
2021_11_CIN_LV	https://static.www.nfl.com/image/upload/v1677629391/gamecenter/c598f32b-b37c-11eb-b344-9f8315daa578.pdf
2021_11_DAL_KC	https://static.www.nfl.com/image/upload/v1677629374/gamecenter/c598efa6-b37c-11eb-9029-5814fad5708e.pdf
2021_11_DET_CLE	https://static.www.nfl.com/image/upload/v1677629392/gamecenter/c598f740-b37c-11eb-8fa9-4082cc76fbb5.pdf
2021_11_GB_MIN	https://static.www.nfl.com/image/upload/v1677629376/gamecenter/c5990a3d-b37c-11eb-ac67-82694b975169.pdf
2021_11_HOU_TEN	https://static.www.nfl.com/image/upload/v1677629389/gamecenter/c59903bf-b37c-11eb-9f7c-7c9249e10b74.pdf
2021_11_IND_BUF	https://static.www.nfl.com/image/upload/v1677629374/gamecenter/c598e5a7-b37c-11eb-a97a-3d335630dde6.pdf
2021_11_MIA_NYJ	https://static.www.nfl.com/image/upload/v1677629373/gamecenter/c598e17a-b37c-11eb-88c0-51a557ae873f.pdf
2021_11_NE_ATL	https://static.www.nfl.com/image/upload/v1677629377/gamecenter/c5990d64-b37c-11eb-bef2-5db09239a0ac.pdf
2021_11_NO_PHI	https://static.www.nfl.com/image/upload/v1677629370/gamecenter/c598c977-b37c-11eb-b462-92ca5e22ea78.pdf
2021_11_NYG_TB	https://static.www.nfl.com/image/upload/v1677629386/gamecenter/c598dd6b-b37c-11eb-89a6-58df96732a88.pdf
2021_11_PIT_LAC	https://static.www.nfl.com/image/upload/v1677629387/gamecenter/c598b164-b37c-11eb-90d7-8b1d3d0789e6.pdf
2021_11_SF_JAX	https://static.www.nfl.com/image/upload/v1677629375/gamecenter/c598fd3f-b37c-11eb-aba9-a0ee1ea0d04b.pdf
2021_11_WAS_CAR	https://static.www.nfl.com/image/upload/v1677629390/gamecenter/c598e457-b37c-11eb-bcee-fa4faa7ecb35.pdf
2021_12_ATL_JAX	https://static.www.nfl.com/image/upload/v1677629389/gamecenter/c598d16c-b37c-11eb-a7ee-a216e0da7aac.pdf
2021_12_BUF_NO	https://static.www.nfl.com/image/upload/v1677629382/gamecenter/c598b6fd-b37c-11eb-8f41-f45bb96e097e.pdf
2021_12_CAR_MIA	https://static.www.nfl.com/image/upload/v1677629388/gamecenter/c598bc88-b37c-11eb-b54c-adfe23a3e086.pdf
2021_12_CHI_DET	https://static.www.nfl.com/image/upload/v1677629386/gamecenter/c598cfc6-b37c-11eb-ba13-aa7df81873db.pdf
2021_12_CLE_BAL	https://static.www.nfl.com/image/upload/v1677629382/gamecenter/c5988453-b37c-11eb-9545-5d927aa1f09a.pdf
2021_12_LAC_DEN	https://static.www.nfl.com/image/upload/v1677629372/gamecenter/c598de48-b37c-11eb-8116-e420dc2f1097.pdf
2021_12_LA_GB	https://static.www.nfl.com/image/upload/v1677629380/gamecenter/c598a1e7-b37c-11eb-bdcd-878b71a272b3.pdf
2021_12_LV_DAL	https://static.www.nfl.com/image/upload/v1677629388/gamecenter/c598cdcc-b37c-11eb-b396-d1345dd16473.pdf
2021_12_MIN_SF	https://static.www.nfl.com/image/upload/v1677629369/gamecenter/c598b7aa-b37c-11eb-aaa9-9d79bbf40974.pdf
2021_12_NYJ_HOU	https://static.www.nfl.com/image/upload/v1677629385/gamecenter/c598ab7c-b37c-11eb-9ea7-1ad03543e49a.pdf
2021_12_PHI_NYG	https://static.www.nfl.com/image/upload/v1677629386/gamecenter/c598b072-b37c-11eb-98fb-8728a42333e4.pdf
2021_12_PIT_CIN	https://static.www.nfl.com/image/upload/v1677629385/gamecenter/c598c70f-b37c-11eb-9bf6-8266221c6f86.pdf
2021_12_SEA_WAS	https://static.www.nfl.com/image/upload/v1677629367/gamecenter/c5989cd6-b37c-11eb-8717-b15655d15a43.pdf
2021_12_TB_IND	https://static.www.nfl.com/image/upload/v1677629382/gamecenter/c598a455-b37c-11eb-8f25-c6a3e3dad04c.pdf
2021_12_TEN_NE	https://static.www.nfl.com/image/upload/v1677629383/gamecenter/c598c183-b37c-11eb-ad13-0afbcf7ddfa9.pdf
2021_13_ARI_CHI	https://static.www.nfl.com/image/upload/v1677629379/gamecenter/c5988ff5-b37c-11eb-b6c4-9047f43b506b.pdf
2021_13_BAL_PIT	https://static.www.nfl.com/image/upload/v1677629376/gamecenter/c5987bd5-b37c-11eb-96b9-62a07f8b20c1.pdf
2021_13_DAL_NO	https://static.www.nfl.com/image/upload/v1677629380/gamecenter/c598a2c4-b37c-11eb-b605-7aabb5db6277.pdf
2021_13_DEN_KC	https://static.www.nfl.com/image/upload/v1677629378/gamecenter/c5988ba4-b37c-11eb-8ac9-773553be5f19.pdf
2021_13_IND_HOU	https://static.www.nfl.com/image/upload/v1677629363/gamecenter/c5988012-b37c-11eb-ba8a-ecb6fe06b3b0.pdf
2021_13_JAX_LA	https://static.www.nfl.com/image/upload/v1677629380/gamecenter/c598679b-b37c-11eb-88b5-52a417aac100.pdf
2021_13_LAC_CIN	https://static.www.nfl.com/image/upload/v1677629383/gamecenter/c5989635-b37c-11eb-9fdd-edea6533b161.pdf
2021_13_MIN_DET	https://static.www.nfl.com/image/upload/v1677629381/gamecenter/c59880e6-b37c-11eb-837c-ddf732b06303.pdf
2021_13_NE_BUF	https://static.www.nfl.com/image/upload/v1677629358/gamecenter/c5985487-b37c-11eb-a78a-30c5c677cad5.pdf
2021_13_NYG_MIA	https://static.www.nfl.com/image/upload/v1677629359/gamecenter/c5986caf-b37c-11eb-92fc-9ab6b24fbc7e.pdf
2021_13_PHI_NYJ	https://static.www.nfl.com/image/upload/v1677629365/gamecenter/c59883c9-b37c-11eb-aaaa-3cd93d2e7884.pdf
2021_13_SF_SEA	https://static.www.nfl.com/image/upload/v1677629362/gamecenter/c5987e3e-b37c-11eb-9e19-00bc1829d24f.pdf
2021_13_TB_ATL	https://static.www.nfl.com/image/upload/v1677629384/gamecenter/c598a2eb-b37c-11eb-87e7-c86a9c00d82a.pdf
2021_13_WAS_LV	https://static.www.nfl.com/image/upload/v1677629377/gamecenter/c5988442-b37c-11eb-bd2e-2fc8670f4c6e.pdf
2021_14_ATL_CAR	https://static.www.nfl.com/image/upload/v1677629373/gamecenter/c5985d56-b37c-11eb-9064-a3b8d28903d4.pdf
2021_14_BAL_CLE	https://static.www.nfl.com/image/upload/v1677629362/gamecenter/c5987fd2-b37c-11eb-901f-b386dd79c602.pdf
2021_14_BUF_TB	https://static.www.nfl.com/image/upload/v1677629357/gamecenter/c59847b5-b37c-11eb-acb9-bc5b029089d3.pdf
2021_14_CHI_GB	https://static.www.nfl.com/image/upload/v1677629367/gamecenter/c5981a18-b37c-11eb-a238-2558151bb271.pdf
2021_14_DAL_WAS	https://static.www.nfl.com/image/upload/v1677629374/gamecenter/c5983033-b37c-11eb-a2e3-1893925df770.pdf
2021_14_DET_DEN	https://static.www.nfl.com/image/upload/v1677629378/gamecenter/c59851fc-b37c-11eb-a4de-4a9ece5dcb0d.pdf
2021_14_JAX_TEN	https://static.www.nfl.com/image/upload/v1677629376/gamecenter/c5983a53-b37c-11eb-a168-a6c97a9e291b.pdf
2021_14_LA_ARI	https://static.www.nfl.com/image/upload/v1677629361/gamecenter/c5987453-b37c-11eb-9f27-33818e4d796d.pdf
2021_14_LV_KC	https://static.www.nfl.com/image/upload/v1677629379/gamecenter/c5985c49-b37c-11eb-a4b9-33ea453005d5.pdf
2021_14_NO_NYJ	https://static.www.nfl.com/image/upload/v1677629373/gamecenter/c5985d3c-b37c-11eb-a824-966776c37c34.pdf
2021_14_NYG_LAC	https://static.www.nfl.com/image/upload/v1677629373/gamecenter/c5982d2b-b37c-11eb-a3ba-55ec1a6e189e.pdf
2021_14_PIT_MIN	https://static.www.nfl.com/image/upload/v1677629366/gamecenter/c5988c1b-b37c-11eb-a318-b1d0e7e8792e.pdf
2021_14_SEA_HOU	https://static.www.nfl.com/image/upload/v1677629372/gamecenter/c59842b5-b37c-11eb-b268-91616e0aa8ce.pdf
2021_14_SF_CIN	https://static.www.nfl.com/image/upload/v1677629356/gamecenter/c5983997-b37c-11eb-acef-004a6dd04236.pdf
2021_15_ARI_DET	https://static.www.nfl.com/image/upload/v1677629371/gamecenter/c5983f33-b37c-11eb-a97a-3d335630dde6.pdf
2021_15_ATL_SF	https://static.www.nfl.com/image/upload/v1677629368/gamecenter/c5982e2e-b37c-11eb-ac67-82694b975169.pdf
2021_15_CAR_BUF	https://static.www.nfl.com/image/upload/v1677629364/gamecenter/c5988186-b37c-11eb-ac10-97a1ea06b5e2.pdf
2021_15_CIN_DEN	https://static.www.nfl.com/image/upload/v1677629363/gamecenter/c598061f-b37c-11eb-aba9-a0ee1ea0d04b.pdf
2021_15_DAL_NYG	https://static.www.nfl.com/image/upload/v1677629365/gamecenter/c5980c9e-b37c-11eb-abac-4f5c371de22e.pdf
2021_15_GB_BAL	https://static.www.nfl.com/image/upload/v1677629369/gamecenter/c59838ce-b37c-11eb-bef2-5db09239a0ac.pdf
2021_15_HOU_JAX	https://static.www.nfl.com/image/upload/v1677629366/gamecenter/c59810b5-b37c-11eb-bcee-fa4faa7ecb35.pdf
2021_15_KC_LAC	https://static.www.nfl.com/image/upload/v1677629377/gamecenter/c598460b-b37c-11eb-9617-afa9727fab42.pdf
2021_15_LV_CLE	https://static.www.nfl.com/image/upload/v1677629358/gamecenter/c598671f-b37c-11eb-a470-77d96e8dad84.pdf
2021_15_MIN_CHI	https://static.www.nfl.com/image/upload/v1677629368/gamecenter/c5983406-b37c-11eb-9f7c-7c9249e10b74.pdf
2021_15_NE_IND	https://static.www.nfl.com/image/upload/v1677629387/gamecenter/c598ddfe-b37c-11eb-9ed8-304777eba43c.pdf
2021_15_NO_TB	https://static.www.nfl.com/image/upload/v1677629362/gamecenter/c597df47-b37c-11eb-b462-92ca5e22ea78.pdf
2021_15_NYJ_MIA	https://static.www.nfl.com/image/upload/v1677629355/gamecenter/c5982f9d-b37c-11eb-b8df-213c1efefc3f.pdf
2021_15_SEA_LA	https://static.www.nfl.com/image/upload/v1677629351/gamecenter/c597f79d-b37c-11eb-88c0-51a557ae873f.pdf
2021_15_TEN_PIT	https://static.www.nfl.com/image/upload/v1677629354/gamecenter/c5981883-b37c-11eb-8fa9-4082cc76fbb5.pdf
2021_15_WAS_PHI	https://static.www.nfl.com/image/upload/v1677629370/gamecenter/c5983b46-b37c-11eb-a9cd-31082c458582.pdf
2021_16_BAL_CIN	https://static.www.nfl.com/image/upload/v1677629374/gamecenter/c5986fd6-b37c-11eb-ba13-aa7df81873db.pdf
2021_16_BUF_NE	https://static.www.nfl.com/image/upload/v1677629350/gamecenter/c597d8df-b37c-11eb-9bf6-8266221c6f86.pdf
2021_16_CHI_SEA	https://static.www.nfl.com/image/upload/v1677629372/gamecenter/c597f1b2-b37c-11eb-a7ee-a216e0da7aac.pdf
2021_16_CLE_GB	https://static.www.nfl.com/image/upload/v1677629375/gamecenter/c598335f-b37c-11eb-9029-5814fad5708e.pdf
2021_16_DEN_LV	https://static.www.nfl.com/image/upload/v1677629349/gamecenter/c597c4a0-b37c-11eb-ad13-0afbcf7ddfa9.pdf
2021_16_DET_ATL	https://static.www.nfl.com/image/upload/v1677629352/gamecenter/c597f9da-b37c-11eb-90d7-8b1d3d0789e6.pdf
2021_16_IND_ARI	https://static.www.nfl.com/image/upload/v1677629348/gamecenter/c597c41e-b37c-11eb-b0d5-c75633bde823.pdf
2021_16_JAX_NYJ	https://static.www.nfl.com/image/upload/v1677629371/gamecenter/c597ebe2-b37c-11eb-9ea7-1ad03543e49a.pdf
2021_16_LAC_HOU	https://static.www.nfl.com/image/upload/v1677629362/gamecenter/c597fab4-b37c-11eb-b396-d1345dd16473.pdf
2021_16_LA_MIN	https://static.www.nfl.com/image/upload/v1677629360/gamecenter/c597cb29-b37c-11eb-8f41-f45bb96e097e.pdf
2021_16_MIA_NO	https://static.www.nfl.com/image/upload/v1677629375/gamecenter/c5987819-b37c-11eb-8116-e420dc2f1097.pdf
2021_16_NYG_PHI	https://static.www.nfl.com/image/upload/v1677629356/gamecenter/c597a513-b37c-11eb-8f25-c6a3e3dad04c.pdf
2021_16_PIT_KC	https://static.www.nfl.com/image/upload/v1677629358/gamecenter/c597b34a-b37c-11eb-b54c-adfe23a3e086.pdf
2021_16_SF_TEN	https://static.www.nfl.com/image/upload/v1677629364/gamecenter/c5980b38-b37c-11eb-b344-9f8315daa578.pdf
2021_16_TB_CAR	https://static.www.nfl.com/image/upload/v1677629370/gamecenter/c597e1e5-b37c-11eb-89a6-58df96732a88.pdf
2021_16_WAS_DAL	https://static.www.nfl.com/image/upload/v1677629361/gamecenter/c597db1f-b37c-11eb-98fb-8728a42333e4.pdf
2021_17_ARI_DAL	https://static.www.nfl.com/image/upload/v1677629370/gamecenter/c597ca8f-b37c-11eb-8717-b15655d15a43.pdf
2021_17_ATL_BUF	https://static.www.nfl.com/image/upload/v1677629359/gamecenter/c597bde2-b37c-11eb-bdcd-878b71a272b3.pdf
2021_17_CAR_NO	https://static.www.nfl.com/image/upload/v1677629367/gamecenter/c597692e-b37c-11eb-b6c4-9047f43b506b.pdf
2021_17_CLE_PIT	https://static.www.nfl.com/image/upload/v1677629348/gamecenter/c5974a69-b37c-11eb-96b9-62a07f8b20c1.pdf
2021_17_DEN_LAC	https://static.www.nfl.com/image/upload/v1677629355/gamecenter/c5979076-b37c-11eb-8ac9-773553be5f19.pdf
2021_17_DET_SEA	https://static.www.nfl.com/image/upload/v1677629345/gamecenter/c5976d77-b37c-11eb-bd2e-2fc8670f4c6e.pdf
2021_17_HOU_SF	https://static.www.nfl.com/image/upload/v1677629347/gamecenter/c5974088-b37c-11eb-92fc-9ab6b24fbc7e.pdf
2021_17_JAX_NE	https://static.www.nfl.com/image/upload/v1677629354/gamecenter/c59786cd-b37c-11eb-87e7-c86a9c00d82a.pdf
2021_17_KC_CIN	https://static.www.nfl.com/image/upload/v1677629346/gamecenter/c5979f33-b37c-11eb-9545-5d927aa1f09a.pdf
2021_17_LA_BAL	https://static.www.nfl.com/image/upload/v1677629344/gamecenter/c59759cf-b37c-11eb-aaaa-3cd93d2e7884.pdf
2021_17_LV_IND	https://static.www.nfl.com/image/upload/v1677629355/gamecenter/c59788d7-b37c-11eb-b605-7aabb5db6277.pdf
2021_17_MIA_TEN	https://static.www.nfl.com/image/upload/v1677629353/gamecenter/c59781c1-b37c-11eb-837c-ddf732b06303.pdf
2021_17_MIN_GB	https://static.www.nfl.com/image/upload/v1677629343/gamecenter/c5973ecb-b37c-11eb-88b5-52a417aac100.pdf
2021_17_NYG_CHI	https://static.www.nfl.com/image/upload/v1677629357/gamecenter/c597b2f6-b37c-11eb-aaa9-9d79bbf40974.pdf
2021_17_PHI_WAS	https://static.www.nfl.com/image/upload/v1677629349/gamecenter/c597512d-b37c-11eb-ba8a-ecb6fe06b3b0.pdf
2021_17_TB_NYJ	https://static.www.nfl.com/image/upload/v1677629368/gamecenter/c5976cc9-b37c-11eb-9fdd-edea6533b161.pdf
2021_18_CAR_TB	https://static.www.nfl.com/image/upload/v1677629345/gamecenter/c5972dc4-b37c-11eb-a4de-4a9ece5dcb0d.pdf
2021_18_CHI_MIN	https://static.www.nfl.com/image/upload/v1677629341/gamecenter/c597276d-b37c-11eb-a824-966776c37c34.pdf
2021_18_CIN_CLE	https://static.www.nfl.com/image/upload/v1677629347/gamecenter/c597c0fd-b37c-11eb-9064-a3b8d28903d4.pdf
2021_18_DAL_PHI	https://static.www.nfl.com/image/upload/v1677629341/gamecenter/c596edd8-b37c-11eb-a2e3-1893925df770.pdf
2021_18_GB_DET	https://static.www.nfl.com/image/upload/v1677629342/gamecenter/c596f86e-b37c-11eb-acef-004a6dd04236.pdf
2021_18_IND_JAX	https://static.www.nfl.com/image/upload/v1677629340/gamecenter/c5970285-b37c-11eb-b268-91616e0aa8ce.pdf
2021_18_KC_DEN	https://static.www.nfl.com/image/upload/v1677629344/gamecenter/c5971ee9-b37c-11eb-acb9-bc5b029089d3.pdf
2021_18_LAC_LV	https://static.www.nfl.com/image/upload/v1677629339/gamecenter/c596f997-b37c-11eb-9f27-33818e4d796d.pdf
2021_18_NE_MIA	https://static.www.nfl.com/image/upload/v1677629342/gamecenter/c597373f-b37c-11eb-a4b9-33ea453005d5.pdf
2021_18_NO_ATL	https://static.www.nfl.com/image/upload/v1677629350/gamecenter/c59755e6-b37c-11eb-9e19-00bc1829d24f.pdf
2021_18_NYJ_BUF	https://static.www.nfl.com/image/upload/v1677629369/gamecenter/c59797ef-b37c-11eb-a318-b1d0e7e8792e.pdf
2021_18_PIT_BAL	https://static.www.nfl.com/image/upload/v1677629352/gamecenter/c59762b8-b37c-11eb-a78a-30c5c677cad5.pdf
2021_18_SEA_ARI	https://static.www.nfl.com/image/upload/v1677629346/gamecenter/c5972e26-b37c-11eb-a3ba-55ec1a6e189e.pdf
2021_18_SF_LA	https://static.www.nfl.com/image/upload/v1677629366/gamecenter/c596ff9e-b37c-11eb-a238-2558151bb271.pdf
2021_18_TEN_HOU	https://static.www.nfl.com/image/upload/v1677629351/gamecenter/c59757a5-b37c-11eb-901f-b386dd79c602.pdf
2021_18_WAS_NYG	https://static.www.nfl.com/image/upload/v1677629343/gamecenter/c59704f5-b37c-11eb-a168-a6c97a9e291b.pdf
