game_id,season,week,gameday,home_team,away_team,home_score,away_score,expected_home_points,expected_away_points,rest_diff,actual_margin,actual_total,expected_margin,expected_total,home_win_probability,home_score_sd,away_score_sd,margin_sd,total_sd,score_uncertainty,margin_p25,margin_p75,margin_p10,margin_p90,total_p25,total_p75,total_p10,total_p90,home_offense_strength,away_offense_strength,home_defense_strength,away_defense_strength,offense_strength_diff,defense_strength_diff,summed_offense_strength,summed_defense_strength,candidate_id,outer_target_season,train_through_season,training_through_boundary,selected_alpha,selected_half_life,source_contract_version,code_sha,config_sha,fallback_state,residual_covariance_version,cov_home_var,cov_away_var,cov_home_away
2022_01_BAL_NYJ,2022,1,2022-09-11,NYJ,BAL,9.0,24.0,20.0268519423537,23.466014336015498,0.0,-15.0,33.0,-3.439162393661796,43.4928662783692,0.39979822516889774,9.779612208571955,9.680345893140471,13.546974543226709,13.970658676202419,13.760447360492725,-12.576457869235456,5.698133081911864,-20.800308827926838,13.921984040603245,34.06980019778271,52.915932358955686,25.58874678019273,61.39698577654567,-0.010455499555814913,-0.2140417293747926,-0.19961669980305208,-0.05295866194760351,0.2035862298189777,-0.14665803785544856,-0.2244972289306075,-0.2525753617506556,A0-DYNAMIC-OPPONENT-ADJUSTED-JOINT-SCORE-V1,2022,2021,2021-REG-END,100.0,4,phase3-feature-provenance-v1,5f148219527b07d85261d3f196ace97a5eb5646271d43596032a692389abc579,2c5cc1af74fc5f3955e44361b82b791710e4b63bbc69b0c15570617e2d86e543,NONE,A0_training_only_home_away_cov_v1,95.64081495004962,93.70909661084158,2.9146961430293654
2022_01_BUF_LA,2022,1,2022-09-08,LA,BUF,10.0,31.0,23.189654688589727,23.971092724742142,0.0,-21.0,41.0,-0.7814380361524158,47.16074741333187,0.47700033522674773,9.779612208571955,9.680345893140471,13.546974543226709,13.970658676202419,13.760447360492725,-9.918733511726076,8.355857439421245,-18.142584470417457,16.579708398112626,37.73768133274538,56.583813493918356,29.2566279151554,65.06486691150835,0.05621747395265683,0.08225346674958009,0.08253787170302739,0.2209298058897161,-0.026035992796923257,-0.13839193418668871,0.13847094070223692,0.3034676775927435,A0-DYNAMIC-OPPONENT-ADJUSTED-JOINT-SCORE-V1,2022,2021,2021-REG-END,100.0,4,phase3-feature-provenance-v1,5f148219527b07d85261d3f196ace97a5eb5646271d43596032a692389abc579,2c5cc1af74fc5f3955e44361b82b791710e4b63bbc69b0c15570617e2d86e543,NONE,A0_training_only_home_away_cov_v1,95.64081495004962,93.70909661084158,2.9146961430293654
2022_01_CLE_CAR,2022,1,2022-09-11,CAR,CLE,24.0,26.0,18.321722449876248,20.203058704338673,0.0,-2.0,50.0,-1.8813362544624255,38.52478115421492,0.4447744585039594,9.779612208571955,9.680345893140471,13.546974543226709,13.970658676202419,13.760447360492725,-11.018631730036086,7.255959221111235,-19.242482688727467,15.479810179802616,29.10171507362843,47.947847234801415,20.62066165603845,56.42890065239139,-0.2143661302664187,-0.25816945214175446,-0.2377145663390232,0.16449540546957736,0.043803321875335754,-0.4022099718086005,-0.47253558240817317,-0.07321916086944583,A0-DYNAMIC-OPPONENT-ADJUSTED-JOINT-SCORE-V1,2022,2021,2021-REG-END,100.0,4,phase3-feature-provenance-v1,5f148219527b07d85261d3f196ace97a5eb5646271d43596032a692389abc579,2c5cc1af74fc5f3955e44361b82b791710e4b63bbc69b0c15570617e2d86e543,NONE,A0_training_only_home_away_cov_v1,95.64081495004962,93.70909661084158,2.9146961430293654
2022_01_DEN_SEA,2022,1,2022-09-12,SEA,DEN,17.0,16.0,25.12063811825089,21.10264660820789,0.0,1.0,33.0,4.017991510043,46.223284726458786,0.6166128851902288,9.779612208571955,9.680345893140471,13.546974543226709,13.970658676202419,13.760447360492725,-5.11930396553066,13.15528698561666,-13.343154924222041,21.37913794430804,36.80021864587229,55.64635080704528,28.319165228282316,64.12740422463526,0.2248014785283947,-0.1921088344744899,0.015463454268807372,0.1941139863555186,0.4169103130028846,-0.17865053208671122,0.03269264405390479,0.20957744062432598,A0-DYNAMIC-OPPONENT-ADJUSTED-JOINT-SCORE-V1,2022,2021,2021-REG-END,100.0,4,phase3-feature-provenance-v1,5f148219527b07d85261d3f196ace97a5eb5646271d43596032a692389abc579,2c5cc1af74fc5f3955e44361b82b791710e4b63bbc69b0c15570617e2d86e543,NONE,A0_training_only_home_away_cov_v1,95.64081495004962,93.70909661084158,2.9146961430293654
2022_01_GB_MIN,2022,1,2022-09-11,MIN,GB,23.0,7.0,23.472285445405817,27.38163470612906,0.0,16.0,30.0,-3.9093492607232427,50.85392015153488,0.38645243652765626,9.779612208571955,9.680345893140471,13.546974543226709,13.970658676202419,13.760447360492725,-13.046644736296903,5.227946214850418,-21.270495694988284,13.451797173541799,41.430854070948385,60.276986232121374,32.94980065335841,68.75803964971135,0.0656399857865026,0.11736151334821991,-0.11143618830138141,-0.025880707270160803,-0.051721527561717315,-0.08555548103122061,0.18300149913472252,-0.13731689557154222,A0-DYNAMIC-OPPONENT-ADJUSTED-JOINT-SCORE-V1,2022,2021,2021-REG-END,100.0,4,phase3-feature-provenance-v1,5f148219527b07d85261d3f196ace97a5eb5646271d43596032a692389abc579,2c5cc1af74fc5f3955e44361b82b791710e4b63bbc69b0c15570617e2d86e543,NONE,A0_training_only_home_away_cov_v1,95.64081495004962,93.70909661084158,2.9146961430293654
2022_01_IND_HOU,2022,1,2022-09-11,HOU,IND,20.0,20.0,20.29067338584237,23.865390729203284,0.0,0.0,40.0,-3.5747173433609127,44.15606411504565,0.395937851728773,9.779612208571955,9.680345893140471,13.546974543226709,13.970658676202419,13.760447360492725,-12.712012818934573,5.562578132212748,-20.935863777625954,13.786429090904129,34.73299803445916,53.579130195632146,26.25194461686918,62.06018361322212,-0.07213350945480035,-0.015951618418332723,-0.07841476660637225,0.07789186622630548,-0.056181891036467625,-0.15630663283267773,-0.08808512787313308,-0.0005229003800667764,A0-DYNAMIC-OPPONENT-ADJUSTED-JOINT-SCORE-V1,2022,2021,2021-REG-END,100.0,4,phase3-feature-provenance-v1,5f148219527b07d85261d3f196ace97a5eb5646271d43596032a692389abc579,2c5cc1af74fc5f3955e44361b82b791710e4b63bbc69b0c15570617e2d86e543,NONE,A0_training_only_home_away_cov_v1,95.64081495004962,93.70909661084158,2.9146961430293654
2022_01_JAX_WAS,2022,1,2022-09-11,WAS,JAX,28.0,22.0,23.13431410900629,17.870479617938425,0.0,6.0,50.0,5.263834491067865,41.00479372694471,0.6511997718013738,9.779612208571955,9.680345893140471,13.546974543226709,13.970658676202419,13.760447360492725,-3.8734609845057957,14.401129966641525,-12.097311943197177,22.624980925332906,31.58172764635822,50.427859807531206,23.10067422876824,58.90891322512118,-0.09684973449435927,-0.24697244498160595,-0.04072357670931882,-0.11796565938630967,0.15012271048724668,0.07724208267699084,-0.3438221794759652,-0.1586892360956285,A0-DYNAMIC-OPPONENT-ADJUSTED-JOINT-SCORE-V1,2022,2021,2021-REG-END,100.0,4,phase3-feature-provenance-v1,5f148219527b07d85261d3f196ace97a5eb5646271d43596032a692389abc579,2c5cc1af74fc5f3955e44361b82b791710e4b63bbc69b0c15570617e2d86e543,NONE,A0_training_only_home_away_cov_v1,95.64081495004962,93.70909661084158,2.9146961430293654
2022_01_KC_ARI,2022,1,2022-09-11,ARI,KC,21.0,44.0,24.61413667729993,27.365558542209456,0.0,-23.0,65.0,-2.7514218649095277,51.97969521950938,0.4195275319183892,9.779612208571955,9.680345893140471,13.546974543226709,13.970658676202419,13.760447360492725,-11.888717340483188,6.385873610664133,-20.11256829917457,14.609724569355514,42.55662913892289,61.402761300095875,34.07557572133291,69.88381471768585,0.008870822096719182,0.10584012327700514,-0.14706064958902637,0.22358546046889155,-0.09696930118028596,-0.3706461100579179,0.11471094537372431,0.07652481087986518,A0-DYNAMIC-OPPONENT-ADJUSTED-JOINT-SCORE-V1,2022,2021,2021-REG-END,100.0,4,phase3-feature-provenance-v1,5f148219527b07d85261d3f196ace97a5eb5646271d43596032a692389abc579,2c5cc1af74fc5f3955e44361b82b791710e4b63bbc69b0c15570617e2d86e543,NONE,A0_training_only_home_away_cov_v1,95.64081495004962,93.70909661084158,2.9146961430293654
2022_01_LV_LAC,2022,1,2022-09-11,LAC,LV,24.0,19.0,27.501457450464624,23.148695021963643,0.0,5.0,43.0,4.352762428500981,50.65015247242827,0.6260118140999338,9.779612208571955,9.680345893140471,13.546974543226709,13.970658676202419,13.760447360492725,-4.78453304707268,13.490057904074641,-13.00838400576406,21.713908862766022,41.22708639184178,60.073218553014755,32.7460329742518,68.55427197060473,0.32148856794341374,-0.12652109659752947,-0.3157263800910933,-0.08040987529644641,0.4480096645409432,-0.23531650479464686,0.19496747134588427,-0.3961362553875397,A0-DYNAMIC-OPPONENT-ADJUSTED-JOINT-SCORE-V1,2022,2021,2021-REG-END,100.0,4,phase3-feature-provenance-v1,5f148219527b07d85261d3f196ace97a5eb5646271d43596032a692389abc579,2c5cc1af74fc5f3955e44361b82b791710e4b63bbc69b0c15570617e2d86e543,NONE,A0_training_only_home_away_cov_v1,95.64081495004962,93.70909661084158,2.9146961430293654
2022_01_NE_MIA,2022,1,2022-09-11,MIA,NE,20.0,7.0,20.819633110054284,23.142444146702953,0.0,13.0,27.0,-2.3228110366486696,43.96207725675724,0.43192968245173397,9.779612208571955,9.680345893140471,13.546974543226709,13.970658676202419,13.760447360492725,-11.46010651222233,6.814484438924991,-19.68395747091371,15.038335397616372,34.539011176170746,53.385143337343735,26.05795775858077,61.86619675493371,-0.0026372115794037125,0.2700711473094847,0.09177635984461763,0.12607198904780134,-0.27270835888888845,-0.034295629203183714,0.267433935730081,0.21784834889241897,A0-DYNAMIC-OPPONENT-ADJUSTED-JOINT-SCORE-V1,2022,2021,2021-REG-END,100.0,4,phase3-feature-provenance-v1,5f148219527b07d85261d3f196ace97a5eb5646271d43596032a692389abc579,2c5cc1af74fc5f3955e44361b82b791710e4b63bbc69b0c15570617e2d86e543,NONE,A0_training_only_home_away_cov_v1,95.64081495004962,93.70909661084158,2.9146961430293654
2022_01_NO_ATL,2022,1,2022-09-11,ATL,NO,26.0,27.0,19.06622857502287,20.280370178021446,0.0,-1.0,53.0,-1.214141602998577,39.34659875304432,0.4642927843167334,9.779612208571955,9.680345893140471,13.546974543226709,13.970658676202419,13.760447360492725,-10.351437078572237,7.923153872575083,-18.57528803726362,16.147004831266464,29.923532672457828,48.76966483363081,21.44247925486785,57.25071825122079,-0.14263025478786803,-0.126816299830111,-0.1675903674837904,0.15803755187940138,-0.01581395495775703,-0.3256279193631918,-0.26944655461797906,-0.009552815604389003,A0-DYNAMIC-OPPONENT-ADJUSTED-JOINT-SCORE-V1,2022,2021,2021-REG-END,100.0,4,phase3-feature-provenance-v1,5f148219527b07d85261d3f196ace97a5eb5646271d43596032a692389abc579,2c5cc1af74fc5f3955e44361b82b791710e4b63bbc69b0c15570617e2d86e543,NONE,A0_training_only_home_away_cov_v1,95.64081495004962,93.70909661084158,2.9146961430293654
2022_01_NYG_TEN,2022,1,2022-09-11,TEN,NYG,20.0,21.0,25.642404180679534,12.963690726310496,0.0,-1.0,41.0,12.678713454369039,38.60609490699003,0.8253395614959336,9.779612208571955,9.680345893140471,13.546974543226709,13.970658676202419,13.760447360492725,3.541417978795378,21.816008929942697,-4.682432979896003,30.03985988863408,29.18302882640354,48.02916098757652,20.70197540881356,56.5102144051665,-0.03864361265044363,-0.45037256884367716,0.18055404223667765,-0.05358945455510565,0.4117289561932335,0.2341434967917833,-0.4890161814941208,0.12696458768157198,A0-DYNAMIC-OPPONENT-ADJUSTED-JOINT-SCORE-V1,2022,2021,2021-REG-END,100.0,4,phase3-feature-provenance-v1,5f148219527b07d85261d3f196ace97a5eb5646271d43596032a692389abc579,2c5cc1af74fc5f3955e44361b82b791710e4b63bbc69b0c15570617e2d86e543,NONE,A0_training_only_home_away_cov_v1,95.64081495004962,93.70909661084158,2.9146961430293654
2022_01_PHI_DET,2022,1,2022-09-11,DET,PHI,35.0,38.0,23.09056442450396,24.45888489440327,0.0,-3.0,73.0,-1.3683204698993094,47.54944931890723,0.45977300216385697,9.779612208571955,9.680345893140471,13.546974543226709,13.970658676202419,13.760447360492725,-10.50561594547297,7.768975005674351,-18.72946690416435,15.992825964365732,38.12638323832074,56.972515399493716,29.64532982073076,65.45356881708369,0.1109426512961182,0.19159358013792763,-0.23305538195930073,-0.11405989316963033,-0.08065092884180942,-0.1189954887896704,0.30253623143404584,-0.34711527512893103,A0-DYNAMIC-OPPONENT-ADJUSTED-JOINT-SCORE-V1,2022,2021,2021-REG-END,100.0,4,phase3-feature-provenance-v1,5f148219527b07d85261d3f196ace97a5eb5646271d43596032a692389abc579,2c5cc1af74fc5f3955e44361b82b791710e4b63bbc69b0c15570617e2d86e543,NONE,A0_training_only_home_away_cov_v1,95.64081495004962,93.70909661084158,2.9146961430293654
2022_01_PIT_CIN,2022,1,2022-09-11,CIN,PIT,20.0,23.0,23.762818032500533,18.80962447981537,0.0,-3.0,43.0,4.953193552685164,42.5724425123159,0.6426797719172463,9.779612208571955,9.680345893140471,13.546974543226709,13.970658676202419,13.760447360492725,-4.184101922888496,14.090489028258824,-12.407952881579877,22.314339986950205,33.14937643172941,51.9955085929024,24.668323014139432,60.47656201049237,0.21156988341132582,-0.0474137114152845,0.04177236017051903,0.05341017065874456,0.2589835948266103,-0.011637810488225528,0.16415617199604132,0.09518253082926359,A0-DYNAMIC-OPPONENT-ADJUSTED-JOINT-SCORE-V1,2022,2021,2021-REG-END,100.0,4,phase3-feature-provenance-v1,5f148219527b07d85261d3f196ace97a5eb5646271d43596032a692389abc579,2c5cc1af74fc5f3955e44361b82b791710e4b63bbc69b0c15570617e2d86e543,NONE,A0_training_only_home_away_cov_v1,95.64081495004962,93.70909661084158,2.9146961430293654
2022_01_SF_CHI,2022,1,2022-09-11,CHI,SF,19.0,10.0,20.2460581529973,23.673865161704555,0.0,9.0,29.0,-3.427807008707255,43.919923314701855,0.4001220578699091,9.779612208571955,9.680345893140471,13.546974543226709,13.970658676202419,13.760447360492725,-12.565102484280915,5.709488466866405,-20.788953442972296,13.933339425557786,34.49685723411537,53.34298939528834,26.015803816525384,61.824042812878325,-0.020868241005468458,0.012693565957974957,-0.014470467104029806,0.14997274445167347,-0.033561806963443415,-0.16444321155570327,-0.008174675047493501,0.13550227734764367,A0-DYNAMIC-OPPONENT-ADJUSTED-JOINT-SCORE-V1,2022,2021,2021-REG-END,100.0,4,phase3-feature-provenance-v1,5f148219527b07d85261d3f196ace97a5eb5646271d43596032a692389abc579,2c5cc1af74fc5f3955e44361b82b791710e4b63bbc69b0c15570617e2d86e543,NONE,A0_training_only_home_away_cov_v1,95.64081495004962,93.70909661084158,2.9146961430293654
2022_01_TB_DAL,2022,1,2022-09-11,DAL,TB,3.0,19.0,26.103987994796274,23.99323332137653,0.0,-16.0,22.0,2.110754673419745,50.097221316172806,0.5619086225593142,9.779612208571955,9.680345893140471,13.546974543226709,13.970658676202419,13.760447360492725,-7.0265408021539155,11.248050148993405,-15.250391760845297,19.471901107684786,40.67415523558631,59.5202873967593,32.193101817996336,68.00134081434928,0.5492000666446551,0.21763267559674446,0.06847973493858281,0.10640645435692025,0.33156739104791066,-0.037926719418337446,0.7668327422413996,0.17488618929550306,A0-DYNAMIC-OPPONENT-ADJUSTED-JOINT-SCORE-V1,2022,2021,2021-REG-END,100.0,4,phase3-feature-provenance-v1,5f148219527b07d85261d3f196ace97a5eb5646271d43596032a692389abc579,2c5cc1af74fc5f3955e44361b82b791710e4b63bbc69b0c15570617e2d86e543,NONE,A0_training_only_home_away_cov_v1,95.64081495004962,93.70909661084158,2.9146961430293654
2022_02_ARI_LV,2022,2,2022-09-18,LV,ARI,23.0,29.0,24.612411532634987,22.793997342308145,0.0,-6.0,52.0,1.8184141903268412,47.40640887494313,0.5533897588255905,9.779612208571955,9.680345893140471,13.546974543226709,13.970658676202419,13.760447360492725,-7.318881285246819,10.955709665900502,-15.5427322439382,19.179560624591883,37.983342794356645,56.82947495552962,29.50228937676666,65.31052837311961,-0.12652109659752947,0.008870822096719182,-0.08040987529644641,-0.14706064958902637,-0.13539191869424866,0.06665077429257996,-0.11765027450081028,-0.22747052488547279,A0-DYNAMIC-OPPONENT-ADJUSTED-JOINT-SCORE-V1,2022,2021,2021-REG-END,100.0,4,phase3-feature-provenance-v1,5f148219527b07d85261d3f196ace97a5eb5646271d43596032a692389abc579,2c5cc1af74fc5f3955e44361b82b791710e4b63bbc69b0c15570617e2d86e543,NONE,A0_training_only_home_away_cov_v1,95.64081495004962,93.70909661084158,2.9146961430293654
2022_02_ATL_LA,2022,2,2022-09-18,LA,ATL,31.0,27.0,26.255652228559416,18.463148957368993,3.0,4.0,58.0,7.792503271190423,44.71880118592841,0.7174290547266884,9.779612208571955,9.680345893140471,13.546974543226709,13.970658676202419,13.760447360492725,-1.3447922043832374,16.929798746764085,-9.568643163074618,25.153649705455464,35.29573510534192,54.14186726651491,26.814681687751943,62.62292068410488,0.05621747395265683,-0.14263025478786803,0.08253787170302739,-0.1675903674837904,0.19884772874052487,0.25012823918681776,-0.0864127808352112,-0.085052495780763,A0-DYNAMIC-OPPONENT-ADJUSTED-JOINT-SCORE-V1,2022,2021,2021-REG-END,100.0,4,phase3-feature-provenance-v1,5f148219527b07d85261d3f196ace97a5eb5646271d43596032a692389abc579,2c5cc1af74fc5f3955e44361b82b791710e4b63bbc69b0c15570617e2d86e543,NONE,A0_training_only_home_away_cov_v1,95.64081495004962,93.70909661084158,2.9146961430293654
2022_02_CAR_NYG,2022,2,2022-09-18,NYG,CAR,19.0,16.0,16.445309124862362,17.38728331710673,0.0,3.0,35.0,-0.9419741922443663,33.83259244196909,0.47228231838791246,9.779612208571955,9.680345893140471,13.546974543226709,13.970658676202419,13.760447360492725,-10.079269667818027,8.195321283329294,-18.303120626509408,16.419172242020675,24.4095263613826,43.25565852255558,15.92847294379262,51.73671194014556,-0.45037256884367716,-0.2143661302664187,-0.05358945455510565,-0.2377145663390232,-0.23600643857725845,0.18412511178391755,-0.6647386991100959,-0.2913040208941288,A0-DYNAMIC-OPPONENT-ADJUSTED-JOINT-SCORE-V1,2022,2021,2021-REG-END,100.0,4,phase3-feature-provenance-v1,5f148219527b07d85261d3f196ace97a5eb5646271d43596032a692389abc579,2c5cc1af74fc5f3955e44361b82b791710e4b63bbc69b0c15570617e2d86e543,NONE,A0_training_only_home_away_cov_v1,95.64081495004962,93.70909661084158,2.9146961430293654
2022_02_CHI_GB,2022,2,2022-09-18,GB,CHI,27.0,10.0,27.45557590167504,18.873110197187536,0.0,17.0,37.0,8.582465704487504,46.328686098862576,0.7368074287222496,9.779612208571955,9.680345893140471,13.546974543226709,13.970658676202419,13.760447360492725,-0.5548297710861565,17.719761180061163,-8.778680729777538,25.943612138752545,36.90562001827608,55.75175217944907,28.424566600686106,64.23280559703905,0.11736151334821991,-0.020868241005468458,-0.025880707270160803,-0.014470467104029806,0.13822975435368837,-0.011410240166130996,0.09649327234275146,-0.04035117437419061,A0-DYNAMIC-OPPONENT-ADJUSTED-JOINT-SCORE-V1,2022,2021,2021-REG-END,100.0,4,phase3-feature-provenance-v1,5f148219527b07d85261d3f196ace97a5eb5646271d43596032a692389abc579,2c5cc1af74fc5f3955e44361b82b791710e4b63bbc69b0c15570617e2d86e543,NONE,A0_training_only_home_away_cov_v1,95.64081495004962,93.70909661084158,2.9146961430293654
2022_02_CIN_DAL,2022,2,2022-09-18,DAL,CIN,20.0,17.0,25.804044996890322,20.377377047888615,0.0,3.0,37.0,5.426667949001708,46.18142204477894,0.6556358811645667,9.779612208571955,9.680345893140471,13.546974543226709,13.970658676202419,13.760447360492725,-3.710627526571953,14.563963424575368,-11.934478485263334,22.78781438326675,36.75835596419245,55.604488125365435,28.27730254660247,64.08554154295541,0.5492000666446551,0.21156988341132582,0.06847973493858281,0.04177236017051903,0.33763018323332933,0.026707374768063778,0.760769950055981,0.11025209510910183,A0-DYNAMIC-OPPONENT-ADJUSTED-JOINT-SCORE-V1,2022,2021,2021-REG-END,100.0,4,phase3-feature-provenance-v1,5f148219527b07d85261d3f196ace97a5eb5646271d43596032a692389abc579,2c5cc1af74fc5f3955e44361b82b791710e4b63bbc69b0c15570617e2d86e543,NONE,A0_training_only_home_away_cov_v1,95.64081495004962,93.70909661084158,2.9146961430293654
2022_02_HOU_DEN,2022,2,2022-09-18,DEN,HOU,16.0,9.0,24.707559826005983,18.813464371743457,-1.0,7.0,25.0,5.894095454262526,43.52102419774944,0.6682499034180587,9.779612208571955,9.680345893140471,13.546974543226709,13.970658676202419,13.760447360492725,-3.243200021311134,15.031390929836187,-11.467050980002515,23.255241888527568,34.097958117162946,52.944090278335935,25.61690469957297,61.42514369592591,-0.1921088344744899,-0.07213350945480035,0.1941139863555186,-0.07841476660637225,-0.11997532501968955,0.27252875296189083,-0.26424234392929025,0.11569921974914635,A0-DYNAMIC-OPPONENT-ADJUSTED-JOINT-SCORE-V1,2022,2021,2021-REG-END,100.0,4,phase3-feature-provenance-v1,5f148219527b07d85261d3f196ace97a5eb5646271d43596032a692389abc579,2c5cc1af74fc5f3955e44361b82b791710e4b63bbc69b0c15570617e2d86e543,NONE,A0_training_only_home_away_cov_v1,95.64081495004962,93.70909661084158,2.9146961430293654
2022_02_IND_JAX,2022,2,2022-09-18,JAX,IND,24.0,0.0,19.877756709857806,23.95950566029718,0.0,24.0,24.0,-4.081748950439373,43.83726237015499,0.3815915894212999,9.779612208571955,9.680345893140471,13.546974543226709,13.970658676202419,13.760447360492725,-13.219044426013033,5.055546525134288,-21.442895384704414,13.279397483825669,34.414196289568494,53.26032845074148,25.933142871978518,61.74138186833146,-0.24697244498160595,-0.015951618418332723,-0.11796565938630967,0.07789186622630548,-0.23102082656327322,-0.19585752561261516,-0.2629240633999387,-0.04007379316000419,A0-DYNAMIC-OPPONENT-ADJUSTED-JOINT-SCORE-V1,2022,2021,2021-REG-END,100.0,4,phase3-feature-provenance-v1,5f148219527b07d85261d3f196ace97a5eb5646271d43596032a692389abc579,2c5cc1af74fc5f3955e44361b82b791710e4b63bbc69b0c15570617e2d86e543,NONE,A0_training_only_home_away_cov_v1,95.64081495004962,93.70909661084158,2.9146961430293654
2022_02_LAC_KC,2022,2,2022-09-15,KC,LAC,27.0,24.0,31.256018615033856,24.635372661934973,0.0,3.0,51.0,6.620645953098883,55.89139127696883,0.6874792070237288,9.779612208571955,9.680345893140471,13.546974543226709,13.970658676202419,13.760447360492725,-2.5166495224747774,15.757941428672543,-10.740500481166158,23.981792387363924,46.46832519638234,65.31445735755533,37.98727177879236,73.7955107751453,0.10584012327700514,0.32148856794341374,0.22358546046889155,-0.3157263800910933,-0.2156484446664086,0.5393118405599848,0.4273286912204189,-0.09214091962220172,A0-DYNAMIC-OPPONENT-ADJUSTED-JOINT-SCORE-V1,2022,2021,2021-REG-END,100.0,4,phase3-feature-provenance-v1,5f148219527b07d85261d3f196ace97a5eb5646271d43596032a692389abc579,2c5cc1af74fc5f3955e44361b82b791710e4b63bbc69b0c15570617e2d86e543,NONE,A0_training_only_home_away_cov_v1,95.64081495004962,93.70909661084158,2.9146961430293654
2022_02_MIA_BAL,2022,2,2022-09-18,BAL,MIA,38.0,42.0,22.83957233905824,20.096366848699574,0.0,-4.0,80.0,2.7432054903586653,42.93593918775781,0.5802354304716857,9.779612208571955,9.680345893140471,13.546974543226709,13.970658676202419,13.760447360492725,-6.394089985214995,11.880500965932326,-14.617940943906376,20.104351924623707,33.512873107171316,52.359005268344305,25.03181968958134,60.84005868593428,-0.2140417293747926,-0.0026372115794037125,-0.05295866194760351,0.09177635984461763,-0.21140451779538888,-0.14473502179222114,-0.21667894095419632,0.03881769789701412,A0-DYNAMIC-OPPONENT-ADJUSTED-JOINT-SCORE-V1,2022,2021,2021-REG-END,100.0,4,phase3-feature-provenance-v1,5f148219527b07d85261d3f196ace97a5eb5646271d43596032a692389abc579,2c5cc1af74fc5f3955e44361b82b791710e4b63bbc69b0c15570617e2d86e543,NONE,A0_training_only_home_away_cov_v1,95.64081495004962,93.70909661084158,2.9146961430293654
2022_02_MIN_PHI,2022,2,2022-09-19,PHI,MIN,24.0,7.0,25.519331260878804,21.728384707371657,0.0,17.0,31.0,3.7909465535071476,47.24771596825046,0.6101987703593056,9.779612208571955,9.680345893140471,13.546974543226709,13.970658676202419,13.760447360492725,-5.346348922066513,12.928242029080808,-13.570199880757894,21.15209298777219,37.824649887663966,56.670782048836955,29.34359647007399,65.15183546642693,0.19159358013792763,0.0656399857865026,-0.11405989316963033,-0.11143618830138141,0.12595359435142503,-0.0026237048682489217,0.25723356592443025,-0.22549608147101174,A0-DYNAMIC-OPPONENT-ADJUSTED-JOINT-SCORE-V1,2022,2021,2021-REG-END,100.0,4,phase3-feature-provenance-v1,5f148219527b07d85261d3f196ace97a5eb5646271d43596032a692389abc579,2c5cc1af74fc5f3955e44361b82b791710e4b63bbc69b0c15570617e2d86e543,NONE,A0_training_only_home_away_cov_v1,95.64081495004962,93.70909661084158,2.9146961430293654
2022_02_NE_PIT,2022,2,2022-09-18,PIT,NE,14.0,17.0,19.443492366206172,22.7375091605626,0.0,-3.0,31.0,-3.294016794356427,42.18100152676877,0.40394259991370385,9.779612208571955,9.680345893140471,13.546974543226709,13.970658676202419,13.760447360492725,-12.431312269930087,5.8432786812172335,-20.65516322862147,14.067129639908615,32.75793544618227,51.60406760735526,24.276882028592297,60.08512102494524,-0.0474137114152845,0.2700711473094847,0.05341017065874456,0.12607198904780134,-0.3174848587247692,-0.07266181838905678,0.22265743589420023,0.1794821597065459,A0-DYNAMIC-OPPONENT-ADJUSTED-JOINT-SCORE-V1,2022,2021,2021-REG-END,100.0,4,phase3-feature-provenance-v1,5f148219527b07d85261d3f196ace97a5eb5646271d43596032a692389abc579,2c5cc1af74fc5f3955e44361b82b791710e4b63bbc69b0c15570617e2d86e543,NONE,A0_training_only_home_away_cov_v1,95.64081495004962,93.70909661084158,2.9146961430293654
2022_02_NYJ_CLE,2022,2,2022-09-18,CLE,NYJ,30.0,31.0,23.814228013794633,17.02959829283633,0.0,-1.0,61.0,6.7846297209583035,40.84382630663096,0.6917519770681675,9.779612208571955,9.680345893140471,13.546974543226709,13.970658676202419,13.760447360492725,-2.352665754615357,15.921925196531964,-10.576516713306738,24.145776155223345,31.420760226044468,50.26689238721745,22.93970680845449,58.74794580480743,-0.25816945214175446,-0.010455499555814913,0.16449540546957736,-0.19961669980305208,-0.24771395258593956,0.36411210527262944,-0.2686249516975694,-0.03512129433347472,A0-DYNAMIC-OPPONENT-ADJUSTED-JOINT-SCORE-V1,2022,2021,2021-REG-END,100.0,4,phase3-feature-provenance-v1,5f148219527b07d85261d3f196ace97a5eb5646271d43596032a692389abc579,2c5cc1af74fc5f3955e44361b82b791710e4b63bbc69b0c15570617e2d86e543,NONE,A0_training_only_home_away_cov_v1,95.64081495004962,93.70909661084158,2.9146961430293654
2022_02_SEA_SF,2022,2,2022-09-18,SF,SEA,27.0,7.0,26.166745088986858,21.728907478836707,1.0,20.0,34.0,4.437837610150151,47.89565256782356,0.6283887175982831,9.779612208571955,9.680345893140471,13.546974543226709,13.970658676202419,13.760447360492725,-4.6994578654235095,13.575133085723811,-12.92330882411489,21.798984044415192,38.472586487237066,57.318718648410055,29.99153306964709,65.79977206600003,0.012693565957974957,0.2248014785283947,0.14997274445167347,0.015463454268807372,-0.21210791257041972,0.1345092901828661,0.23749504448636966,0.16543619872048085,A0-DYNAMIC-OPPONENT-ADJUSTED-JOINT-SCORE-V1,2022,2021,2021-REG-END,100.0,4,phase3-feature-provenance-v1,5f148219527b07d85261d3f196ace97a5eb5646271d43596032a692389abc579,2c5cc1af74fc5f3955e44361b82b791710e4b63bbc69b0c15570617e2d86e543,NONE,A0_training_only_home_away_cov_v1,95.64081495004962,93.70909661084158,2.9146961430293654
2022_02_TB_NO,2022,2,2022-09-18,NO,TB,10.0,20.0,20.03438459431241,23.472354763289488,0.0,-10.0,30.0,-3.4379701689770776,43.5067393576019,0.39983222178118466,9.779612208571955,9.680345893140471,13.546974543226709,13.970658676202419,13.760447360492725,-12.575265644550738,5.699325306596583,-20.79911660324212,13.923176265287964,34.08367327701541,52.929805438188396,25.60261985942543,61.41085885577837,-0.126816299830111,0.21763267559674446,0.15803755187940138,0.10640645435692025,-0.3444489754268555,0.05163109752248113,0.09081637576663346,0.26444400623632164,A0-DYNAMIC-OPPONENT-ADJUSTED-JOINT-SCORE-V1,2022,2021,2021-REG-END,100.0,4,phase3-feature-provenance-v1,5f148219527b07d85261d3f196ace97a5eb5646271d43596032a692389abc579,2c5cc1af74fc5f3955e44361b82b791710e4b63bbc69b0c15570617e2d86e543,NONE,A0_training_only_home_away_cov_v1,95.64081495004962,93.70909661084158,2.9146961430293654
2022_02_TEN_BUF,2022,2,2022-09-19,BUF,TEN,41.0,7.0,26.976551153599072,20.37106843900316,3.0,34.0,48.0,6.605482714595912,47.34761959260223,0.6870828250545518,9.779612208571955,9.680345893140471,13.546974543226709,13.970658676202419,13.760447360492725,-2.5318127609777488,15.742778190169572,-10.75566371966913,23.966629148860953,37.924553512015734,56.77068567318872,29.443500094425758,65.2517390907787,0.08225346674958009,-0.03864361265044363,0.2209298058897161,0.18055404223667765,0.12089707940002373,0.040375763653038466,0.04360985409913646,0.40148384812639376,A0-DYNAMIC-OPPONENT-ADJUSTED-JOINT-SCORE-V1,2022,2021,2021-REG-END,100.0,4,phase3-feature-provenance-v1,5f148219527b07d85261d3f196ace97a5eb5646271d43596032a692389abc579,2c5cc1af74fc5f3955e44361b82b791710e4b63bbc69b0c15570617e2d86e543,NONE,A0_training_only_home_away_cov_v1,95.64081495004962,93.70909661084158,2.9146961430293654
2022_02_WAS_DET,2022,2,2022-09-18,DET,WAS,36.0,27.0,22.801670781234662,21.292466514813672,0.0,9.0,63.0,1.5092042664209906,44.09413729604833,0.5443525067478316,9.779612208571955,9.680345893140471,13.546974543226709,13.970658676202419,13.760447360492725,-7.62809120915267,10.646499741994651,-15.85194216784405,18.870350700686032,34.671071215461836,53.517203376634825,26.19001779787186,61.9982567942248,0.1109426512961182,-0.09684973449435927,-0.23305538195930073,-0.04072357670931882,0.20779238579047749,-0.1923318052499819,0.014092916801758934,-0.27377895866861957,A0-DYNAMIC-OPPONENT-ADJUSTED-JOINT-SCORE-V1,2022,2021,2021-REG-END,100.0,4,phase3-feature-provenance-v1,5f148219527b07d85261d3f196ace97a5eb5646271d43596032a692389abc579,2c5cc1af74fc5f3955e44361b82b791710e4b63bbc69b0c15570617e2d86e543,NONE,A0_training_only_home_away_cov_v1,95.64081495004962,93.70909661084158,2.9146961430293654
2022_03_ATL_SEA,2022,3,2022-09-25,SEA,ATL,23.0,27.0,25.680102507702557,19.804136296527613,0.0,-4.0,50.0,5.875966211174944,45.48423880423017,0.6677640918539428,9.779612208571955,9.680345893140471,13.546974543226709,13.970658676202419,13.760447360492725,-3.261329264398716,15.013261686748605,-11.485180223090097,23.237112645439986,36.06117272364368,54.90730488481667,27.580119306053703,63.388358302406644,0.2248014785283947,-0.14263025478786803,0.015463454268807372,-0.1675903674837904,0.3674317333162627,0.18305382175259777,0.08217122374052666,-0.152126913214983,A0-DYNAMIC-OPPONENT-ADJUSTED-JOINT-SCORE-V1,2022,2021,2021-REG-END,100.0,4,phase3-feature-provenance-v1,5f148219527b07d85261d3f196ace97a5eb5646271d43596032a692389abc579,2c5cc1af74fc5f3955e44361b82b791710e4b63bbc69b0c15570617e2d86e543,NONE,A0_training_only_home_away_cov_v1,95.64081495004962,93.70909661084158,2.9146961430293654
2022_03_BAL_NE,2022,3,2022-09-25,NE,BAL,26.0,37.0,25.9739101880379,21.644516307967365,0.0,-11.0,63.0,4.329393880070537,47.61842649600527,0.6253580794697777,9.779612208571955,9.680345893140471,13.546974543226709,13.970658676202419,13.760447360492725,-4.8079015955031235,13.466689355644197,-13.031752554194505,21.69054031433558,38.195360415418776,57.041492576591764,29.7143069978288,65.52254599418174,0.2700711473094847,-0.2140417293747926,0.12607198904780134,-0.05295866194760351,0.4841128766842773,0.17903065099540486,0.05602941793469213,0.07311332710019783,A0-DYNAMIC-OPPONENT-ADJUSTED-JOINT-SCORE-V1,2022,2021,2021-REG-END,100.0,4,phase3-feature-provenance-v1,5f148219527b07d85261d3f196ace97a5eb5646271d43596032a692389abc579,2c5cc1af74fc5f3955e44361b82b791710e4b63bbc69b0c15570617e2d86e543,NONE,A0_training_only_home_away_cov_v1,95.64081495004962,93.70909661084158,2.9146961430293654
2022_03_BUF_MIA,2022,3,2022-09-25,MIA,BUF,21.0,19.0,21.553688668188705,24.51030824321786,1.0,2.0,40.0,-2.956619575029155,46.06399691140656,0.41361738386981306,9.779612208571955,9.680345893140471,13.546974543226709,13.970658676202419,13.760447360492725,-12.093915050602815,6.1806759005445056,-20.317766009294196,14.404526859235887,36.64093083082007,55.48706299199306,28.15987741323009,63.96811640958303,-0.0026372115794037125,0.08225346674958009,0.09177635984461763,0.2209298058897161,-0.0848906783289838,-0.12915344604509849,0.07961625517017638,0.31270616573433374,A0-DYNAMIC-OPPONENT-ADJUSTED-JOINT-SCORE-V1,2022,2021,2021-REG-END,100.0,4,phase3-feature-provenance-v1,5f148219527b07d85261d3f196ace97a5eb5646271d43596032a692389abc579,2c5cc1af74fc5f3955e44361b82b791710e4b63bbc69b0c15570617e2d86e543,NONE,A0_training_only_home_away_cov_v1,95.64081495004962,93.70909661084158,2.9146961430293654
2022_03_CIN_NYJ,2022,3,2022-09-25,NYJ,CIN,12.0,27.0,20.532826032916635,23.240879454791738,0.0,-15.0,39.0,-2.7080534218751033,43.77370548770837,0.4207790138782473,9.779612208571955,9.680345893140471,13.546974543226709,13.970658676202419,13.760447360492725,-11.845348897448764,6.429242053698557,-20.069199856140145,14.653093012389938,34.350639407121875,53.196771568294864,25.8695859895319,61.67782498588484,-0.010455499555814913,0.21156988341132582,-0.19961669980305208,0.04177236017051903,-0.22202538296714072,-0.2413890599735711,0.20111438385551092,-0.15784433963253305,A0-DYNAMIC-OPPONENT-ADJUSTED-JOINT-SCORE-V1,2022,2021,2021-REG-END,100.0,4,phase3-feature-provenance-v1,5f148219527b07d85261d3f196ace97a5eb5646271d43596032a692389abc579,2c5cc1af74fc5f3955e44361b82b791710e4b63bbc69b0c15570617e2d86e543,NONE,A0_training_only_home_away_cov_v1,95.64081495004962,93.70909661084158,2.9146961430293654
2022_03_DAL_NYG,2022,3,2022-09-26,NYG,DAL,16.0,23.0,15.198650585326153,24.065251095321123,0.0,-7.0,39.0,-8.86660050999497,39.26390168064728,0.25639235165787677,9.779612208571955,9.680345893140471,13.546974543226709,13.970658676202419,13.760447360492725,-18.003895985568633,0.27069496557868966,-26.227746944260012,8.49454592427007,29.84083560006079,48.686967761233774,21.35978218247081,57.16802117882375,-0.45037256884367716,0.5492000666446551,-0.05358945455510565,0.06847973493858281,-0.9995726354883323,-0.12206918949368846,0.09882749780097799,0.014890280383477159,A0-DYNAMIC-OPPONENT-ADJUSTED-JOINT-SCORE-V1,2022,2021,2021-REG-END,100.0,4,phase3-feature-provenance-v1,5f148219527b07d85261d3f196ace97a5eb5646271d43596032a692389abc579,2c5cc1af74fc5f3955e44361b82b791710e4b63bbc69b0c15570617e2d86e543,NONE,A0_training_only_home_away_cov_v1,95.64081495004962,93.70909661084158,2.9146961430293654
2022_03_DET_MIN,2022,3,2022-09-25,MIN,DET,28.0,24.0,24.50044463915645,21.343854317624512,-1.0,4.0,52.0,3.1565903215319366,45.84429895678096,0.5921234600879061,9.779612208571955,9.680345893140471,13.546974543226709,13.970658676202419,13.760447360492725,-5.980705154041724,12.293885797105597,-14.204556112733105,20.517736755796978,36.421232876194466,55.267365037367455,27.94017945860449,63.74841845495743,0.0656399857865026,0.1109426512961182,-0.11143618830138141,-0.23305538195930073,-0.045302665509615606,0.12161919365791932,0.17658263708262079,-0.3444915702606821,A0-DYNAMIC-OPPONENT-ADJUSTED-JOINT-SCORE-V1,2022,2021,2021-REG-END,100.0,4,phase3-feature-provenance-v1,5f148219527b07d85261d3f196ace97a5eb5646271d43596032a692389abc579,2c5cc1af74fc5f3955e44361b82b791710e4b63bbc69b0c15570617e2d86e543,NONE,A0_training_only_home_away_cov_v1,95.64081495004962,93.70909661084158,2.9146961430293654
2022_03_GB_TB,2022,3,2022-09-25,TB,GB,12.0,14.0,26.827014674856596,24.81358506515332,0.0,-2.0,26.0,2.0134296097032767,51.64059974000992,0.5590755338680777,9.779612208571955,9.680345893140471,13.546974543226709,13.970658676202419,13.760447360492725,-7.123865865870384,11.150725085276937,-15.347716824561765,19.374576043968318,42.217533659423424,61.06366582059641,33.73648024183345,69.54471923818639,0.21763267559674446,0.11736151334821991,0.10640645435692025,-0.025880707270160803,0.10027116224852455,0.13228716162708107,0.33499418894496436,0.08052574708675946,A0-DYNAMIC-OPPONENT-ADJUSTED-JOINT-SCORE-V1,2022,2021,2021-REG-END,100.0,4,phase3-feature-provenance-v1,5f148219527b07d85261d3f196ace97a5eb5646271d43596032a692389abc579,2c5cc1af74fc5f3955e44361b82b791710e4b63bbc69b0c15570617e2d86e543,NONE,A0_training_only_home_away_cov_v1,95.64081495004962,93.70909661084158,2.9146961430293654
2022_03_HOU_CHI,2022,3,2022-09-25,CHI,HOU,23.0,20.0,21.649970009685397,18.11434531912593,0.0,3.0,43.0,3.535624690559466,39.76431532881133,0.6029498849742245,9.779612208571955,9.680345893140471,13.546974543226709,13.970658676202419,13.760447360492725,-5.6016707850141945,12.672920166133126,-13.825521743705576,20.896771124824507,30.341249248224837,49.187381409397815,21.860195830634858,57.6684348269878,-0.020868241005468458,-0.07213350945480035,-0.014470467104029806,-0.07841476660637225,0.051265268449331894,0.06394429950234246,-0.0930017504602688,-0.09288523371040205,A0-DYNAMIC-OPPONENT-ADJUSTED-JOINT-SCORE-V1,2022,2021,2021-REG-END,100.0,4,phase3-feature-provenance-v1,5f148219527b07d85261d3f196ace97a5eb5646271d43596032a692389abc579,2c5cc1af74fc5f3955e44361b82b791710e4b63bbc69b0c15570617e2d86e543,NONE,A0_training_only_home_away_cov_v1,95.64081495004962,93.70909661084158,2.9146961430293654
2022_03_JAX_LAC,2022,3,2022-09-25,LAC,JAX,10.0,38.0,28.297671836924877,19.275360447580216,3.0,-28.0,48.0,9.022311389344662,47.57303228450509,0.7472950712759717,9.779612208571955,9.680345893140471,13.546974543226709,13.970658676202419,13.760447360492725,-0.1149840862289988,18.159606864918324,-8.33883504492038,26.383457823609703,38.149966203918595,56.996098365091584,29.66891278632862,65.47715178268156,0.32148856794341374,-0.24697244498160595,-0.3157263800910933,-0.11796565938630967,0.5684610129250197,-0.19776072070478362,0.07451612296180779,-0.4336920394774029,A0-DYNAMIC-OPPONENT-ADJUSTED-JOINT-SCORE-V1,2022,2021,2021-REG-END,100.0,4,phase3-feature-provenance-v1,5f148219527b07d85261d3f196ace97a5eb5646271d43596032a692389abc579,2c5cc1af74fc5f3955e44361b82b791710e4b63bbc69b0c15570617e2d86e543,NONE,A0_training_only_home_away_cov_v1,95.64081495004962,93.70909661084158,2.9146961430293654
2022_03_KC_IND,2022,3,2022-09-25,IND,KC,20.0,17.0,22.648796497688025,28.247721657728704,-3.0,3.0,37.0,-5.598925160040679,50.89651815541673,0.3396944807381107,9.779612208571955,9.680345893140471,13.546974543226709,13.970658676202419,13.760447360492725,-14.73622063561434,3.5383703155329815,-22.96007159430572,11.762221274224363,41.473452074830234,60.31958423600322,32.99239865724026,68.8006376535932,-0.015951618418332723,0.10584012327700514,0.07789186622630548,0.22358546046889155,-0.12179174169533785,-0.14569359424258607,0.08988850485867242,0.301477326695197,A0-DYNAMIC-OPPONENT-ADJUSTED-JOINT-SCORE-V1,2022,2021,2021-REG-END,100.0,4,phase3-feature-provenance-v1,5f148219527b07d85261d3f196ace97a5eb5646271d43596032a692389abc579,2c5cc1af74fc5f3955e44361b82b791710e4b63bbc69b0c15570617e2d86e543,NONE,A0_training_only_home_away_cov_v1,95.64081495004962,93.70909661084158,2.9146961430293654
2022_03_LA_ARI,2022,3,2022-09-25,ARI,LA,12.0,20.0,23.896573437991457,22.997550140971484,0.0,-8.0,32.0,0.8990232970199727,46.89412357896294,0.5264557459398193,9.779612208571955,9.680345893140471,13.546974543226709,13.970658676202419,13.760447360492725,-8.238272178553688,10.036318772593633,-16.46212313724507,18.260169731285014,37.47105749837645,56.31718965954943,28.99000408078647,64.7982430771394,0.008870822096719182,0.05621747395265683,-0.14706064958902637,0.08253787170302739,-0.04734665185593765,-0.22959852129205377,0.06508829604937602,-0.06452277788599899,A0-DYNAMIC-OPPONENT-ADJUSTED-JOINT-SCORE-V1,2022,2021,2021-REG-END,100.0,4,phase3-feature-provenance-v1,5f148219527b07d85261d3f196ace97a5eb5646271d43596032a692389abc579,2c5cc1af74fc5f3955e44361b82b791710e4b63bbc69b0c15570617e2d86e543,NONE,A0_training_only_home_away_cov_v1,95.64081495004962,93.70909661084158,2.9146961430293654
2022_03_LV_TEN,2022,3,2022-09-25,TEN,LV,24.0,22.0,24.637887373227475,21.405512586302304,-1.0,2.0,46.0,3.2323747869251704,46.04339995952978,0.594294025428337,9.779612208571955,9.680345893140471,13.546974543226709,13.970658676202419,13.760447360492725,-5.90492068864849,12.36967026249883,-14.128771647339871,20.593521221190212,36.620333878943285,55.46646604011627,28.13928046135331,63.94751945770625,-0.03864361265044363,-0.12652109659752947,0.18055404223667765,-0.08040987529644641,0.08787748394708583,0.2609639175331241,-0.1651647092479731,0.10014416694023123,A0-DYNAMIC-OPPONENT-ADJUSTED-JOINT-SCORE-V1,2022,2021,2021-REG-END,100.0,4,phase3-feature-provenance-v1,5f148219527b07d85261d3f196ace97a5eb5646271d43596032a692389abc579,2c5cc1af74fc5f3955e44361b82b791710e4b63bbc69b0c15570617e2d86e543,NONE,A0_training_only_home_away_cov_v1,95.64081495004962,93.70909661084158,2.9146961430293654
2022_03_NO_CAR,2022,3,2022-09-25,CAR,NO,22.0,14.0,17.125367097457627,18.454274140625177,0.0,8.0,36.0,-1.3289070431675505,35.5796412380828,0.4609279431191668,9.779612208571955,9.680345893140471,13.546974543226709,13.970658676202419,13.760447360492725,-10.46620251874121,7.80838843240611,-18.690053477432592,16.03223939109749,26.15657515749631,45.002707318669295,17.67552173990633,53.48376073625927,-0.2143661302664187,-0.126816299830111,-0.2377145663390232,0.15803755187940138,-0.08754983043630771,-0.3957521182184246,-0.3411824300965297,-0.0796770144596218,A0-DYNAMIC-OPPONENT-ADJUSTED-JOINT-SCORE-V1,2022,2021,2021-REG-END,100.0,4,phase3-feature-provenance-v1,5f148219527b07d85261d3f196ace97a5eb5646271d43596032a692389abc579,2c5cc1af74fc5f3955e44361b82b791710e4b63bbc69b0c15570617e2d86e543,NONE,A0_training_only_home_away_cov_v1,95.64081495004962,93.70909661084158,2.9146961430293654
2022_03_PHI_WAS,2022,3,2022-09-25,WAS,PHI,8.0,24.0,22.1501107805547,23.206360718920678,1.0,-16.0,32.0,-1.0562499383659762,45.356471499475376,0.4689261835191902,9.779612208571955,9.680345893140471,13.546974543226709,13.970658676202419,13.760447360492725,-10.193545413939637,8.081045537207684,-18.417396372631018,16.304896495899065,35.93340541888888,54.77953758006187,27.452352001298905,63.260590997651846,-0.09684973449435927,0.19159358013792763,-0.04072357670931882,-0.11405989316963033,-0.2884433146322869,0.07333631646031151,0.09474384564356836,-0.15478346987894914,A0-DYNAMIC-OPPONENT-ADJUSTED-JOINT-SCORE-V1,2022,2021,2021-REG-END,100.0,4,phase3-feature-provenance-v1,5f148219527b07d85261d3f196ace97a5eb5646271d43596032a692389abc579,2c5cc1af74fc5f3955e44361b82b791710e4b63bbc69b0c15570617e2d86e543,NONE,A0_training_only_home_away_cov_v1,95.64081495004962,93.70909661084158,2.9146961430293654
2022_03_PIT_CLE,2022,3,2022-09-22,CLE,PIT,29.0,17.0,22.336601284948046,17.897247741960648,0.0,12.0,46.0,4.439353542987398,40.23384902690869,0.628431026983516,9.779612208571955,9.680345893140471,13.546974543226709,13.970658676202419,13.760447360492725,-4.697941932586263,13.576649018561058,-12.921792891277644,21.80049997725244,30.810782946322202,49.65691510749518,22.329729528732223,58.137968525085164,-0.25816945214175446,-0.0474137114152845,0.16449540546957736,0.05341017065874456,-0.21075574072646996,0.1110852348108328,-0.30558316355703896,0.21790557612832193,A0-DYNAMIC-OPPONENT-ADJUSTED-JOINT-SCORE-V1,2022,2021,2021-REG-END,100.0,4,phase3-feature-provenance-v1,5f148219527b07d85261d3f196ace97a5eb5646271d43596032a692389abc579,2c5cc1af74fc5f3955e44361b82b791710e4b63bbc69b0c15570617e2d86e543,NONE,A0_training_only_home_away_cov_v1,95.64081495004962,93.70909661084158,2.9146961430293654
2022_03_SF_DEN,2022,3,2022-09-25,DEN,SF,11.0,10.0,21.8076996782697,23.26884404606276,0.0,1.0,21.0,-1.461144367793061,45.07654372433246,0.45705431953200726,9.779612208571955,9.680345893140471,13.546974543226709,13.970658676202419,13.760447360492725,-10.598439843366721,7.6761511077805995,-18.822290802058102,15.90000206647198,35.65347764374597,54.49960980491895,27.17242422615599,62.98066322250893,-0.1921088344744899,0.012693565957974957,0.1941139863555186,0.14997274445167347,-0.20480240043246487,0.044141241903845135,-0.17941526851651493,0.3440867308071921,A0-DYNAMIC-OPPONENT-ADJUSTED-JOINT-SCORE-V1,2022,2021,2021-REG-END,100.0,4,phase3-feature-provenance-v1,5f148219527b07d85261d3f196ace97a5eb5646271d43596032a692389abc579,2c5cc1af74fc5f3955e44361b82b791710e4b63bbc69b0c15570617e2d86e543,NONE,A0_training_only_home_away_cov_v1,95.64081495004962,93.70909661084158,2.9146961430293654
2022_04_ARI_CAR,2022,4,2022-10-02,CAR,ARI,16.0,26.0,19.83425951128936,21.61003738609056,0.0,-10.0,42.0,-1.7757778748012,41.44429689737992,0.44785483010102156,9.779612208571955,9.680345893140471,13.546974543226709,13.970658676202419,13.760447360492725,-10.91307335037486,7.36151760077246,-19.13692430906624,15.585368559463841,32.021230816793434,50.86736297796641,23.54017739920345,59.34841639555639,-0.2143661302664187,0.008870822096719182,-0.2377145663390232,-0.14706064958902637,-0.2232369523631379,-0.09065391674999682,-0.20549530816969952,-0.38477521592804953,A0-DYNAMIC-OPPONENT-ADJUSTED-JOINT-SCORE-V1,2022,2021,2021-REG-END,100.0,4,phase3-feature-provenance-v1,5f148219527b07d85261d3f196ace97a5eb5646271d43596032a692389abc579,2c5cc1af74fc5f3955e44361b82b791710e4b63bbc69b0c15570617e2d86e543,NONE,A0_training_only_home_away_cov_v1,95.64081495004962,93.70909661084158,2.9146961430293654
2022_04_BUF_BAL,2022,4,2022-10-02,BAL,BUF,20.0,23.0,23.066851504507913,25.415685028753177,0.0,-3.0,43.0,-2.348833524245265,48.48253653326109,0.4311746585361308,9.779612208571955,9.680345893140471,13.546974543226709,13.970658676202419,13.760447360492725,-11.486128999818925,6.7884619513283955,-19.709979958510306,15.012312910019777,39.0594704526746,57.90560261384758,30.57841703508462,66.38665603143755,-0.2140417293747926,0.08225346674958009,-0.05295866194760351,0.2209298058897161,-0.2962951961243727,-0.2738884678373196,-0.1317882626252125,0.1679711439421126,A0-DYNAMIC-OPPONENT-ADJUSTED-JOINT-SCORE-V1,2022,2021,2021-REG-END,100.0,4,phase3-feature-provenance-v1,5f148219527b07d85261d3f196ace97a5eb5646271d43596032a692389abc579,2c5cc1af74fc5f3955e44361b82b791710e4b63bbc69b0c15570617e2d86e543,NONE,A0_training_only_home_away_cov_v1,95.64081495004962,93.70909661084158,2.9146961430293654
2022_04_CHI_NYG,2022,4,2022-10-02,NYG,CHI,20.0,12.0,16.477833835142786,18.85567352364961,-1.0,8.0,32.0,-2.3778396885068247,35.333507358792396,0.43033336180880233,9.779612208571955,9.680345893140471,13.546974543226709,13.970658676202419,13.760447360492725,-11.515135164080485,6.759455787066836,-19.738986122771866,14.983306745758217,25.910441278205905,44.75657343937888,17.429387860615925,53.237626856968866,-0.45037256884367716,-0.020868241005468458,-0.05358945455510565,-0.014470467104029806,-0.4295043278382087,-0.039118987451075844,-0.4712408098491456,-0.06805992165913546,A0-DYNAMIC-OPPONENT-ADJUSTED-JOINT-SCORE-V1,2022,2021,2021-REG-END,100.0,4,phase3-feature-provenance-v1,5f148219527b07d85261d3f196ace97a5eb5646271d43596032a692389abc579,2c5cc1af74fc5f3955e44361b82b791710e4b63bbc69b0c15570617e2d86e543,NONE,A0_training_only_home_away_cov_v1,95.64081495004962,93.70909661084158,2.9146961430293654
2022_04_CLE_ATL,2022,4,2022-10-02,ATL,CLE,23.0,20.0,21.635320080027842,23.292825693736646,-3.0,3.0,43.0,-1.6575056137088033,44.928145773764484,0.4513099448672999,9.779612208571955,9.680345893140471,13.546974543226709,13.970658676202419,13.760447360492725,-10.794801089282464,7.479789861864857,-19.018652047973845,15.703640820556238,35.50507969317799,54.35121185435098,27.024026275588014,62.832265271940955,-0.14263025478786803,-0.25816945214175446,-0.1675903674837904,0.16449540546957736,0.11553919735388643,-0.3320857729533677,-0.4007997069296225,-0.0030949620142130263,A0-DYNAMIC-OPPONENT-ADJUSTED-JOINT-SCORE-V1,2022,2021,2021-REG-END,100.0,4,phase3-feature-provenance-v1,5f148219527b07d85261d3f196ace97a5eb5646271d43596032a692389abc579,2c5cc1af74fc5f3955e44361b82b791710e4b63bbc69b0c15570617e2d86e543,NONE,A0_training_only_home_away_cov_v1,95.64081495004962,93.70909661084158,2.9146961430293654
2022_04_DEN_LV,2022,4,2022-10-02,LV,DEN,32.0,23.0,23.71973626740262,20.90836832896435,0.0,9.0,55.0,2.81136793843827,44.62810459636697,0.5822009884009661,9.779612208571955,9.680345893140471,13.546974543226709,13.970658676202419,13.760447360492725,-6.3259275371353905,11.94866341401193,-14.549778495826772,20.17251437270331,35.20503851578047,54.05117067695346,26.723985098190497,62.53222409454344,-0.12652109659752947,-0.1921088344744899,-0.08040987529644641,0.1941139863555186,0.06558773787696043,-0.274523861651965,-0.31862993107201937,0.11370411105907219,A0-DYNAMIC-OPPONENT-ADJUSTED-JOINT-SCORE-V1,2022,2021,2021-REG-END,100.0,4,phase3-feature-provenance-v1,5f148219527b07d85261d3f196ace97a5eb5646271d43596032a692389abc579,2c5cc1af74fc5f3955e44361b82b791710e4b63bbc69b0c15570617e2d86e543,NONE,A0_training_only_home_away_cov_v1,95.64081495004962,93.70909661084158,2.9146961430293654
2022_04_JAX_PHI,2022,4,2022-10-02,PHI,JAX,29.0,21.0,26.250513828494867,19.853770041506454,0.0,8.0,50.0,6.396743786988413,46.104283870001325,0.6816043556568077,9.779612208571955,9.680345893140471,13.546974543226709,13.970658676202419,13.760447360492725,-2.7405516885852474,15.534039262562073,-10.964402647276628,23.757890221253454,36.68121778941483,55.52734995058782,28.200164371824854,64.0084033681778,0.19159358013792763,-0.24697244498160595,-0.11405989316963033,-0.11796565938630967,0.4385660251195336,0.003905766216679332,-0.05537886484367832,-0.23202555255593998,A0-DYNAMIC-OPPONENT-ADJUSTED-JOINT-SCORE-V1,2022,2021,2021-REG-END,100.0,4,phase3-feature-provenance-v1,5f148219527b07d85261d3f196ace97a5eb5646271d43596032a692389abc579,2c5cc1af74fc5f3955e44361b82b791710e4b63bbc69b0c15570617e2d86e543,NONE,A0_training_only_home_away_cov_v1,95.64081495004962,93.70909661084158,2.9146961430293654
2022_04_KC_TB,2022,4,2022-10-02,TB,KC,31.0,41.0,26.235162676961288,25.91264195784383,0.0,-10.0,72.0,0.32252071911745617,52.14780463480512,0.5094969542465636,9.779612208571955,9.680345893140471,13.546974543226709,13.970658676202419,13.760447360492725,-8.814774756456204,9.459816194691117,-17.038625715147585,17.683667153382498,42.72473855421863,61.57087071539161,34.24368513662865,70.05192413298158,0.21763267559674446,0.10584012327700514,0.10640645435692025,0.22358546046889155,0.11179255231973932,-0.1171790061119713,0.3234727988737496,0.3299919148258118,A0-DYNAMIC-OPPONENT-ADJUSTED-JOINT-SCORE-V1,2022,2021,2021-REG-END,100.0,4,phase3-feature-provenance-v1,5f148219527b07d85261d3f196ace97a5eb5646271d43596032a692389abc579,2c5cc1af74fc5f3955e44361b82b791710e4b63bbc69b0c15570617e2d86e543,NONE,A0_training_only_home_away_cov_v1,95.64081495004962,93.70909661084158,2.9146961430293654
2022_04_LAC_HOU,2022,4,2022-10-02,HOU,LAC,24.0,34.0,21.67904150487612,24.67758311009951,0.0,-10.0,58.0,-2.9985416052233873,46.35662461497563,0.41241229415623676,9.779612208571955,9.680345893140471,13.546974543226709,13.970658676202419,13.760447360492725,-12.135837080797048,6.138753870350273,-20.35968803948843,14.362604829041654,36.933558534389135,55.779690695562124,28.45250511679916,64.2607441131521,-0.07213350945480035,0.32148856794341374,-0.07841476660637225,-0.3157263800910933,-0.3936220773982141,0.23731161348472102,0.2493550584886134,-0.3941411466974655,A0-DYNAMIC-OPPONENT-ADJUSTED-JOINT-SCORE-V1,2022,2021,2021-REG-END,100.0,4,phase3-feature-provenance-v1,5f148219527b07d85261d3f196ace97a5eb5646271d43596032a692389abc579,2c5cc1af74fc5f3955e44361b82b791710e4b63bbc69b0c15570617e2d86e543,NONE,A0_training_only_home_away_cov_v1,95.64081495004962,93.70909661084158,2.9146961430293654
2022_04_LA_SF,2022,4,2022-10-03,SF,LA,24.0,9.0,24.349196339141063,21.140607356800952,0.0,15.0,33.0,3.2085889823401104,45.489803695942015,0.5936130778866382,9.779612208571955,9.680345893140471,13.546974543226709,13.970658676202419,13.760447360492725,-5.92870649323355,12.34588445791377,-14.152557451924931,20.569735416605152,36.06673761535552,54.91286977652851,27.585684197765545,63.393923194118486,0.012693565957974957,0.05621747395265683,0.14997274445167347,0.08253787170302739,-0.04352390799468188,0.06743487274864608,0.06891103991063179,0.23251061615470087,A0-DYNAMIC-OPPONENT-ADJUSTED-JOINT-SCORE-V1,2022,2021,2021-REG-END,100.0,4,phase3-feature-provenance-v1,5f148219527b07d85261d3f196ace97a5eb5646271d43596032a692389abc579,2c5cc1af74fc5f3955e44361b82b791710e4b63bbc69b0c15570617e2d86e543,NONE,A0_training_only_home_away_cov_v1,95.64081495004962,93.70909661084158,2.9146961430293654
2022_04_MIA_CIN,2022,4,2022-09-29,CIN,MIA,27.0,15.0,23.353613117997924,21.478251360793852,0.0,12.0,42.0,1.8753617572040717,44.83186447879177,0.5550512828068962,9.779612208571955,9.680345893140471,13.546974543226709,13.970658676202419,13.760447360492725,-7.261933718369589,11.012657232777732,-15.48578467706097,19.236508191469113,35.40879839820528,54.254930559378266,26.9277449806153,62.73598397696824,0.21156988341132582,-0.0026372115794037125,0.04177236017051903,0.09177635984461763,0.21420709499072954,-0.0500039996740986,0.2089326718319221,0.13354872001513665,A0-DYNAMIC-OPPONENT-ADJUSTED-JOINT-SCORE-V1,2022,2021,2021-REG-END,100.0,4,phase3-feature-provenance-v1,5f148219527b07d85261d3f196ace97a5eb5646271d43596032a692389abc579,2c5cc1af74fc5f3955e44361b82b791710e4b63bbc69b0c15570617e2d86e543,NONE,A0_training_only_home_away_cov_v1,95.64081495004962,93.70909661084158,2.9146961430293654
2022_04_MIN_NO,2022,4,2022-10-02,NO,MIN,25.0,28.0,21.275136804393252,19.273966933077386,0.0,-3.0,53.0,2.0011698713158665,40.54910373747064,0.558718440814855,9.779612208571955,9.680345893140471,13.546974543226709,13.970658676202419,13.760447360492725,-7.136125604257794,11.138465346889527,-15.359976562949175,19.362316305580908,31.126037656884147,49.972169818057125,22.644984239294168,58.45322323564711,-0.126816299830111,0.0656399857865026,0.15803755187940138,-0.11143618830138141,-0.1924562856166136,0.2694737401807828,-0.061176314043608404,0.04660136357801997,A0-DYNAMIC-OPPONENT-ADJUSTED-JOINT-SCORE-V1,2022,2021,2021-REG-END,100.0,4,phase3-feature-provenance-v1,5f148219527b07d85261d3f196ace97a5eb5646271d43596032a692389abc579,2c5cc1af74fc5f3955e44361b82b791710e4b63bbc69b0c15570617e2d86e543,NONE,A0_training_only_home_away_cov_v1,95.64081495004962,93.70909661084158,2.9146961430293654
2022_04_NE_GB,2022,4,2022-10-02,GB,NE,27.0,24.0,27.0349401529148,23.226514941367476,0.0,3.0,51.0,3.8084252115473234,50.261455094282276,0.610693642234283,9.779612208571955,9.680345893140471,13.546974543226709,13.970658676202419,13.760447360492725,-5.328870264026337,12.945720687120984,-13.552721222717718,21.169571645812365,40.83838901369579,59.68452117486876,32.357335596105806,68.16557459245874,0.11736151334821991,0.2700711473094847,-0.025880707270160803,0.12607198904780134,-0.1527096339612648,-0.15195269631796215,0.38743266065770465,0.10019128177764054,A0-DYNAMIC-OPPONENT-ADJUSTED-JOINT-SCORE-V1,2022,2021,2021-REG-END,100.0,4,phase3-feature-provenance-v1,5f148219527b07d85261d3f196ace97a5eb5646271d43596032a692389abc579,2c5cc1af74fc5f3955e44361b82b791710e4b63bbc69b0c15570617e2d86e543,NONE,A0_training_only_home_away_cov_v1,95.64081495004962,93.70909661084158,2.9146961430293654
2022_04_NYJ_PIT,2022,4,2022-10-02,PIT,NYJ,20.0,24.0,22.59143406443015,16.74108721601922,3.0,-4.0,44.0,5.850346848410929,39.33252128044937,0.6670770858319602,9.779612208571955,9.680345893140471,13.546974543226709,13.970658676202419,13.760447360492725,-3.2869486271627313,14.98764232398459,-11.510799585854112,23.21149328267597,29.90945519986288,48.755587361035865,21.4284017822729,57.23664077862584,-0.0474137114152845,-0.010455499555814913,0.05341017065874456,-0.19961669980305208,-0.036958211859469584,0.2530268704617966,-0.057869210971099413,-0.1462065291443075,A0-DYNAMIC-OPPONENT-ADJUSTED-JOINT-SCORE-V1,2022,2021,2021-REG-END,100.0,4,phase3-feature-provenance-v1,5f148219527b07d85261d3f196ace97a5eb5646271d43596032a692389abc579,2c5cc1af74fc5f3955e44361b82b791710e4b63bbc69b0c15570617e2d86e543,NONE,A0_training_only_home_away_cov_v1,95.64081495004962,93.70909661084158,2.9146961430293654
2022_04_SEA_DET,2022,4,2022-10-02,DET,SEA,45.0,48.0,23.751272532374838,24.407140808045607,0.0,-3.0,93.0,-0.6558682756707697,48.158413340420445,0.4806930024549348,9.779612208571955,9.680345893140471,13.546974543226709,13.970658676202419,13.760447360492725,-9.79316375124443,8.48142719990289,-18.01701470993581,16.705278158594272,38.73534725983396,57.58147942100693,30.254293842243975,66.06253283859692,0.1109426512961182,0.2248014785283947,-0.23305538195930073,0.015463454268807372,-0.11385882723227649,-0.2485188362281081,0.3357441298245129,-0.21759192769049335,A0-DYNAMIC-OPPONENT-ADJUSTED-JOINT-SCORE-V1,2022,2021,2021-REG-END,100.0,4,phase3-feature-provenance-v1,5f148219527b07d85261d3f196ace97a5eb5646271d43596032a692389abc579,2c5cc1af74fc5f3955e44361b82b791710e4b63bbc69b0c15570617e2d86e543,NONE,A0_training_only_home_away_cov_v1,95.64081495004962,93.70909661084158,2.9146961430293654
2022_04_TEN_IND,2022,4,2022-10-02,IND,TEN,17.0,24.0,22.75381921336228,22.180310361727763,0.0,-7.0,41.0,0.5735088516345179,44.93412957509004,0.5168841097071869,9.779612208571955,9.680345893140471,13.546974543226709,13.970658676202419,13.760447360492725,-8.563786623939142,9.710804327208178,-16.787637582630524,17.93465528589956,35.511063494503546,54.357195655676534,27.03001007691357,62.83824907326651,-0.015951618418332723,-0.03864361265044363,0.07789186622630548,0.18055404223667765,0.022691994232110907,-0.10266217601037217,-0.054595231068776354,0.2584459084629831,A0-DYNAMIC-OPPONENT-ADJUSTED-JOINT-SCORE-V1,2022,2021,2021-REG-END,100.0,4,phase3-feature-provenance-v1,5f148219527b07d85261d3f196ace97a5eb5646271d43596032a692389abc579,2c5cc1af74fc5f3955e44361b82b791710e4b63bbc69b0c15570617e2d86e543,NONE,A0_training_only_home_away_cov_v1,95.64081495004962,93.70909661084158,2.9146961430293654
2022_04_WAS_DAL,2022,4,2022-10-02,DAL,WAS,25.0,10.0,25.954337482944837,17.885268057085376,-1.0,15.0,35.0,8.06906942585946,43.83960554003021,0.7242908803876638,9.779612208571955,9.680345893140471,13.546974543226709,13.970658676202419,13.760447360492725,-1.0682260497142,17.20636490143312,-9.292077008405581,25.430215860124502,34.416539459443726,53.2626716206167,25.935486041853743,61.743725038206684,0.5492000666446551,-0.09684973449435927,0.06847973493858281,-0.04072357670931882,0.6460498011390144,0.10920331164790163,0.45235033215029585,0.027756158229263986,A0-DYNAMIC-OPPONENT-ADJUSTED-JOINT-SCORE-V1,2022,2021,2021-REG-END,100.0,4,phase3-feature-provenance-v1,5f148219527b07d85261d3f196ace97a5eb5646271d43596032a692389abc579,2c5cc1af74fc5f3955e44361b82b791710e4b63bbc69b0c15570617e2d86e543,NONE,A0_training_only_home_away_cov_v1,95.64081495004962,93.70909661084158,2.9146961430293654
2022_05_ATL_TB,2022,5,2022-10-09,TB,ATL,21.0,15.0,27.86181635859019,19.37885014127803,0.0,6.0,36.0,8.48296621731216,47.24066649986822,0.7344045038646181,9.779612208571955,9.680345893140471,13.546974543226709,13.970658676202419,13.760447360492725,-0.6543292582614999,17.62026169288582,-8.878180216952881,25.844112651577202,37.81760041928173,56.663732580454706,29.33654700169175,65.14478599804468,0.21763267559674446,-0.14263025478786803,0.10640645435692025,-0.1675903674837904,0.3602629303846125,0.2739968218407106,0.07500242080887642,-0.06118391312687013,A0-DYNAMIC-OPPONENT-ADJUSTED-JOINT-SCORE-V1,2022,2021,2021-REG-END,100.0,4,phase3-feature-provenance-v1,5f148219527b07d85261d3f196ace97a5eb5646271d43596032a692389abc579,2c5cc1af74fc5f3955e44361b82b791710e4b63bbc69b0c15570617e2d86e543,NONE,A0_training_only_home_away_cov_v1,95.64081495004962,93.70909661084158,2.9146961430293654
2022_05_CHI_MIN,2022,5,2022-10-09,MIN,CHI,29.0,22.0,23.42594833101473,18.819123087880527,0.0,7.0,51.0,4.606825243134203,42.24507141889526,0.6330954698259967,9.779612208571955,9.680345893140471,13.546974543226709,13.970658676202419,13.760447360492725,-4.530470232439457,13.744120718707864,-12.754321191130838,21.967971677399245,32.82200533830877,51.668137499481745,24.340951920718787,60.14919091707173,0.0656399857865026,-0.020868241005468458,-0.11143618830138141,-0.014470467104029806,0.08650822679197105,-0.09696572119735161,0.04477174478103414,-0.1259066554054112,A0-DYNAMIC-OPPONENT-ADJUSTED-JOINT-SCORE-V1,2022,2021,2021-REG-END,100.0,4,phase3-feature-provenance-v1,5f148219527b07d85261d3f196ace97a5eb5646271d43596032a692389abc579,2c5cc1af74fc5f3955e44361b82b791710e4b63bbc69b0c15570617e2d86e543,NONE,A0_training_only_home_away_cov_v1,95.64081495004962,93.70909661084158,2.9146961430293654
2022_05_CIN_BAL,2022,5,2022-10-09,BAL,CIN,19.0,17.0,23.65021244305263,22.896159447836897,-3.0,2.0,36.0,0.7540529952157335,46.54637189088953,0.5221945020945699,9.779612208571955,9.680345893140471,13.546974543226709,13.970658676202419,13.760447360492725,-8.383242480357927,9.891348470789394,-16.607093439049308,18.115199429480775,37.12330581030304,55.969437971476026,28.64225239271306,64.450491389066,-0.2140417293747926,0.21156988341132582,-0.05295866194760351,0.04177236017051903,-0.4256116127861184,-0.09473102211812254,-0.002471845963466779,-0.011186301777084476,A0-DYNAMIC-OPPONENT-ADJUSTED-JOINT-SCORE-V1,2022,2021,2021-REG-END,100.0,4,phase3-feature-provenance-v1,5f148219527b07d85261d3f196ace97a5eb5646271d43596032a692389abc579,2c5cc1af74fc5f3955e44361b82b791710e4b63bbc69b0c15570617e2d86e543,NONE,A0_training_only_home_away_cov_v1,95.64081495004962,93.70909661084158,2.9146961430293654
2022_05_DAL_LA,2022,5,2022-10-09,LA,DAL,10.0,22.0,22.659858444206296,23.124984443305024,-1.0,-12.0,32.0,-0.46512599909872776,45.78484288751132,0.4863052835022594,9.779612208571955,9.680345893140471,13.546974543226709,13.970658676202419,13.760447360492725,-9.602421474672388,8.672169476474933,-17.82627243336377,16.896020435166314,36.36177680692482,55.20790896809781,27.880723389334847,63.68896238568779,0.05621747395265683,0.5492000666446551,0.08253787170302739,0.06847973493858281,-0.4929825926919983,0.014058136764444576,0.605417540597312,0.15101760664161018,A0-DYNAMIC-OPPONENT-ADJUSTED-JOINT-SCORE-V1,2022,2021,2021-REG-END,100.0,4,phase3-feature-provenance-v1,5f148219527b07d85261d3f196ace97a5eb5646271d43596032a692389abc579,2c5cc1af74fc5f3955e44361b82b791710e4b63bbc69b0c15570617e2d86e543,NONE,A0_training_only_home_away_cov_v1,95.64081495004962,93.70909661084158,2.9146961430293654
2022_05_DET_NE,2022,5,2022-10-09,NE,DET,29.0,0.0,27.21150322452861,20.307890779041422,0.0,29.0,29.0,6.903612445487187,47.51939400357003,0.6948360575546264,9.779612208571955,9.680345893140471,13.546974543226709,13.970658676202419,13.760447360492725,-2.233683030086473,16.04090792106085,-10.457533988777854,24.26475887975223,38.096327922983534,56.94246008415652,29.615274505393558,65.4235135017465,0.2700711473094847,0.1109426512961182,0.12607198904780134,-0.23305538195930073,0.15912849601336654,0.35912737100710207,0.3810137986056029,-0.10698339291149939,A0-DYNAMIC-OPPONENT-ADJUSTED-JOINT-SCORE-V1,2022,2021,2021-REG-END,100.0,4,phase3-feature-provenance-v1,5f148219527b07d85261d3f196ace97a5eb5646271d43596032a692389abc579,2c5cc1af74fc5f3955e44361b82b791710e4b63bbc69b0c15570617e2d86e543,NONE,A0_training_only_home_away_cov_v1,95.64081495004962,93.70909661084158,2.9146961430293654
2022_05_HOU_JAX,2022,5,2022-10-09,JAX,HOU,6.0,13.0,22.583537805254313,18.54994907580565,0.0,-7.0,19.0,4.033588729448663,41.133486881059966,0.6170523643604107,9.779612208571955,9.680345893140471,13.546974543226709,13.970658676202419,13.760447360492725,-5.103706746124997,13.170884205022324,-13.327557704816378,21.394735163713705,31.710420800473475,50.55655296164646,23.229367382883495,59.037606379236436,-0.24697244498160595,-0.07213350945480035,-0.11796565938630967,-0.07841476660637225,-0.1748389355268056,-0.03955089277993741,-0.3191059544364063,-0.1963804259926819,A0-DYNAMIC-OPPONENT-ADJUSTED-JOINT-SCORE-V1,2022,2021,2021-REG-END,100.0,4,phase3-feature-provenance-v1,5f148219527b07d85261d3f196ace97a5eb5646271d43596032a692389abc579,2c5cc1af74fc5f3955e44361b82b791710e4b63bbc69b0c15570617e2d86e543,NONE,A0_training_only_home_away_cov_v1,95.64081495004962,93.70909661084158,2.9146961430293654
2022_05_IND_DEN,2022,5,2022-10-06,DEN,IND,9.0,12.0,21.622775473484502,20.601028717542768,0.0,-3.0,21.0,1.0217467559417344,42.22380419102727,0.5300607231189625,9.779612208571955,9.680345893140471,13.546974543226709,13.970658676202419,13.760447360492725,-8.115548719631926,10.159042231515395,-16.339399678323307,18.382893190206776,32.800738110440776,51.646870271613764,24.3196846928508,60.12792368920374,-0.1921088344744899,-0.015951618418332723,0.1941139863555186,0.07789186622630548,-0.17615721605615717,0.11622212012921312,-0.20806045289282263,0.2720058525818241,A0-DYNAMIC-OPPONENT-ADJUSTED-JOINT-SCORE-V1,2022,2021,2021-REG-END,100.0,4,phase3-feature-provenance-v1,5f148219527b07d85261d3f196ace97a5eb5646271d43596032a692389abc579,2c5cc1af74fc5f3955e44361b82b791710e4b63bbc69b0c15570617e2d86e543,NONE,A0_training_only_home_away_cov_v1,95.64081495004962,93.70909661084158,2.9146961430293654
2022_05_LAC_CLE,2022,5,2022-10-09,CLE,LAC,28.0,30.0,23.959991488060595,23.416479041093087,0.0,-2.0,58.0,0.5435124469675081,47.37647052915368,0.516001501876875,9.779612208571955,9.680345893140471,13.546974543226709,13.970658676202419,13.760447360492725,-8.593783028606152,9.680807922541169,-16.817633987297533,17.90465888123255,37.953404448567184,56.79953660974017,29.472351030977208,65.28059002733015,-0.25816945214175446,0.32148856794341374,0.16449540546957736,-0.3157263800910933,-0.5796580200851682,0.48022178556067063,0.06331911580165928,-0.1512309746215159,A0-DYNAMIC-OPPONENT-ADJUSTED-JOINT-SCORE-V1,2022,2021,2021-REG-END,100.0,4,phase3-feature-provenance-v1,5f148219527b07d85261d3f196ace97a5eb5646271d43596032a692389abc579,2c5cc1af74fc5f3955e44361b82b791710e4b63bbc69b0c15570617e2d86e543,NONE,A0_training_only_home_away_cov_v1,95.64081495004962,93.70909661084158,2.9146961430293654
2022_05_LV_KC,2022,5,2022-10-10,KC,LV,30.0,29.0,30.234673300903573,22.002891935149673,0.0,1.0,59.0,8.2317813657539,52.23756523605324,0.728289260844609,9.779612208571955,9.680345893140471,13.546974543226709,13.970658676202419,13.760447360492725,-0.9055141098197605,17.369076841327562,-9.129365068511142,25.59292780001894,42.81449915546675,61.66063131663974,34.33344573787677,70.14168473422971,0.10584012327700514,-0.12652109659752947,0.22358546046889155,-0.08040987529644641,0.23236121987453462,0.303995335765338,-0.020680973320524335,0.14317558517244514,A0-DYNAMIC-OPPONENT-ADJUSTED-JOINT-SCORE-V1,2022,2021,2021-REG-END,100.0,4,phase3-feature-provenance-v1,5f148219527b07d85261d3f196ace97a5eb5646271d43596032a692389abc579,2c5cc1af74fc5f3955e44361b82b791710e4b63bbc69b0c15570617e2d86e543,NONE,A0_training_only_home_away_cov_v1,95.64081495004962,93.70909661084158,2.9146961430293654
2022_05_MIA_NYJ,2022,5,2022-10-09,NYJ,MIA,40.0,17.0,19.40647665433151,23.521986888685902,-3.0,23.0,57.0,-4.115510234354392,42.928463543017415,0.38064183838197335,9.779612208571955,9.680345893140471,13.546974543226709,13.970658676202419,13.760447360492725,-13.252805709928053,5.021785241219268,-21.476656668619434,13.245636199910649,33.50539746243092,52.35152962360391,25.024344044840944,60.832583041193885,-0.010455499555814913,-0.0026372115794037125,-0.19961669980305208,0.09177635984461763,-0.0078182879764112,-0.2913930596476697,-0.013092711135218626,-0.10784033995843445,A0-DYNAMIC-OPPONENT-ADJUSTED-JOINT-SCORE-V1,2022,2021,2021-REG-END,100.0,4,phase3-feature-provenance-v1,5f148219527b07d85261d3f196ace97a5eb5646271d43596032a692389abc579,2c5cc1af74fc5f3955e44361b82b791710e4b63bbc69b0c15570617e2d86e543,NONE,A0_training_only_home_away_cov_v1,95.64081495004962,93.70909661084158,2.9146961430293654
2022_05_NYG_GB,2022,5,2022-10-09,GB,NYG,22.0,27.0,27.87084553231882,15.05738511305558,0.0,-5.0,49.0,12.813460419263242,42.9282306453744,0.8278884775421782,9.779612208571955,9.680345893140471,13.546974543226709,13.970658676202419,13.760447360492725,3.6761649436895816,21.950755894836902,-4.5476860150017995,30.17460685352828,33.505164564787904,52.35129672596089,25.024111147197928,60.83235014355087,0.11736151334821991,-0.45037256884367716,-0.025880707270160803,-0.05358945455510565,0.567734082191897,0.027708747284944848,-0.33301105549545723,-0.07947016182526645,A0-DYNAMIC-OPPONENT-ADJUSTED-JOINT-SCORE-V1,2022,2021,2021-REG-END,100.0,4,phase3-feature-provenance-v1,5f148219527b07d85261d3f196ace97a5eb5646271d43596032a692389abc579,2c5cc1af74fc5f3955e44361b82b791710e4b63bbc69b0c15570617e2d86e543,NONE,A0_training_only_home_away_cov_v1,95.64081495004962,93.70909661084158,2.9146961430293654
2022_05_PHI_ARI,2022,5,2022-10-09,ARI,PHI,17.0,20.0,23.663961483502437,23.351884937734805,0.0,-3.0,37.0,0.31207654576763133,47.01584642123724,0.5091894701304956,9.779612208571955,9.680345893140471,13.546974543226709,13.970658676202419,13.760447360492725,-8.825218929806029,9.449372021341292,-17.04906988849741,17.673222980032673,37.59278034065075,56.43891250182374,29.111726923060772,64.91996591941371,0.008870822096719182,0.19159358013792763,-0.14706064958902637,-0.11405989316963033,-0.18272275804120844,-0.03300075641939604,0.20046440223464682,-0.2611205427586567,A0-DYNAMIC-OPPONENT-ADJUSTED-JOINT-SCORE-V1,2022,2021,2021-REG-END,100.0,4,phase3-feature-provenance-v1,5f148219527b07d85261d3f196ace97a5eb5646271d43596032a692389abc579,2c5cc1af74fc5f3955e44361b82b791710e4b63bbc69b0c15570617e2d86e543,NONE,A0_training_only_home_away_cov_v1,95.64081495004962,93.70909661084158,2.9146961430293654
2022_05_PIT_BUF,2022,5,2022-10-09,BUF,PIT,38.0,3.0,26.802495362371204,16.38163407869964,0.0,35.0,41.0,10.420861283671563,43.184129441070844,0.7791242818423366,9.779612208571955,9.680345893140471,13.546974543226709,13.970658676202419,13.760447360492725,1.2835658080979027,19.55815675924522,-6.940285150593478,27.782007717936605,33.76106336048436,52.60719552165733,25.280009942894374,61.088248939247315,0.08225346674958009,-0.0474137114152845,0.2209298058897161,0.05341017065874456,0.1296671781648646,0.16751963523097155,0.03483975533429559,0.27433997654846065,A0-DYNAMIC-OPPONENT-ADJUSTED-JOINT-SCORE-V1,2022,2021,2021-REG-END,100.0,4,phase3-feature-provenance-v1,5f148219527b07d85261d3f196ace97a5eb5646271d43596032a692389abc579,2c5cc1af74fc5f3955e44361b82b791710e4b63bbc69b0c15570617e2d86e543,NONE,A0_training_only_home_away_cov_v1,95.64081495004962,93.70909661084158,2.9146961430293654
2022_05_SEA_NO,2022,5,2022-10-09,NO,SEA,39.0,32.0,22.51192934038568,22.220020154959695,0.0,7.0,71.0,0.2919091854259861,44.731949495345376,0.508595712971711,9.779612208571955,9.680345893140471,13.546974543226709,13.970658676202419,13.760447360492725,-8.845386290147674,9.429204660999646,-17.069237248839055,17.653055619691028,35.30888341475888,54.15501557593187,26.827829997168905,62.636068993521846,-0.126816299830111,0.2248014785283947,0.15803755187940138,0.015463454268807372,-0.3516177783585057,0.142574097610594,0.09798517869828369,0.17350100614820876,A0-DYNAMIC-OPPONENT-ADJUSTED-JOINT-SCORE-V1,2022,2021,2021-REG-END,100.0,4,phase3-feature-provenance-v1,5f148219527b07d85261d3f196ace97a5eb5646271d43596032a692389abc579,2c5cc1af74fc5f3955e44361b82b791710e4b63bbc69b0c15570617e2d86e543,NONE,A0_training_only_home_away_cov_v1,95.64081495004962,93.70909661084158,2.9146961430293654
2022_05_SF_CAR,2022,5,2022-10-09,CAR,SF,15.0,37.0,17.350819901653228,22.420380130477625,1.0,-22.0,52.0,-5.069560228824397,39.77120003213085,0.3541200092621127,9.779612208571955,9.680345893140471,13.546974543226709,13.970658676202419,13.760447360492725,-14.206855704398057,4.067735246749264,-22.43070666308944,12.291586205440645,30.34813395154436,49.194266112717344,21.86708053395438,57.67531953030732,-0.2143661302664187,0.012693565957974957,-0.2377145663390232,0.14997274445167347,-0.22705969622439368,-0.3876873107906966,-0.20167256430844374,-0.08774182188734972,A0-DYNAMIC-OPPONENT-ADJUSTED-JOINT-SCORE-V1,2022,2021,2021-REG-END,100.0,4,phase3-feature-provenance-v1,5f148219527b07d85261d3f196ace97a5eb5646271d43596032a692389abc579,2c5cc1af74fc5f3955e44361b82b791710e4b63bbc69b0c15570617e2d86e543,NONE,A0_training_only_home_away_cov_v1,95.64081495004962,93.70909661084158,2.9146961430293654
2022_05_TEN_WAS,2022,5,2022-10-09,WAS,TEN,17.0,21.0,19.972826261697797,22.699934817532636,0.0,-4.0,38.0,-2.727108555834839,42.67276107923043,0.4202290410068061,9.779612208571955,9.680345893140471,13.546974543226709,13.970658676202419,13.760447360492725,-11.8644040314085,6.4101869197388215,-20.08825499009988,14.634037878430203,33.249694998643946,52.09582715981692,24.768641581053963,60.576880577406904,-0.09684973449435927,-0.03864361265044363,-0.04072357670931882,0.18055404223667765,-0.05820612184391564,-0.22127761894599646,-0.1354933471448029,0.13983046552735884,A0-DYNAMIC-OPPONENT-ADJUSTED-JOINT-SCORE-V1,2022,2021,2021-REG-END,100.0,4,phase3-feature-provenance-v1,5f148219527b07d85261d3f196ace97a5eb5646271d43596032a692389abc579,2c5cc1af74fc5f3955e44361b82b791710e4b63bbc69b0c15570617e2d86e543,NONE,A0_training_only_home_away_cov_v1,95.64081495004962,93.70909661084158,2.9146961430293654
2022_06_ARI_SEA,2022,6,2022-10-16,SEA,ARI,19.0,9.0,26.313086353934093,22.490496011692017,0.0,10.0,28.0,3.8225903422420764,48.80358236562611,0.6110945668468873,9.779612208571955,9.680345893140471,13.546974543226709,13.970658676202419,13.760447360492725,-5.314705133331584,12.959885817815737,-13.538556092022965,21.183736776507118,39.38051628503962,58.22664844621261,30.899462867449643,66.70770186380258,0.2248014785283947,0.008870822096719182,0.015463454268807372,-0.14706064958902637,0.2159306564316755,0.16252410385783375,0.23367230062511388,-0.131597195320219,A0-DYNAMIC-OPPONENT-ADJUSTED-JOINT-SCORE-V1,2022,2021,2021-REG-END,100.0,4,phase3-feature-provenance-v1,5f148219527b07d85261d3f196ace97a5eb5646271d43596032a692389abc579,2c5cc1af74fc5f3955e44361b82b791710e4b63bbc69b0c15570617e2d86e543,NONE,A0_training_only_home_away_cov_v1,95.64081495004962,93.70909661084158,2.9146961430293654
2022_06_BAL_NYG,2022,6,2022-10-16,NYG,BAL,24.0,20.0,18.709268119932588,22.854973392423574,0.0,4.0,44.0,-4.145705272490986,41.56424151235616,0.3797930194605531,9.779612208571955,9.680345893140471,13.546974543226709,13.970658676202419,13.760447360492725,-13.283000748064646,4.991590203082675,-21.506851706756027,13.215441161774056,32.14117543176967,50.987307592942656,23.66012201417969,59.46836101053263,-0.45037256884367716,-0.2140417293747926,-0.05358945455510565,-0.05295866194760351,-0.23633083946888456,-0.0006307926075021439,-0.6644142982184698,-0.10654811650270915,A0-DYNAMIC-OPPONENT-ADJUSTED-JOINT-SCORE-V1,2022,2021,2021-REG-END,100.0,4,phase3-feature-provenance-v1,5f148219527b07d85261d3f196ace97a5eb5646271d43596032a692389abc579,2c5cc1af74fc5f3955e44361b82b791710e4b63bbc69b0c15570617e2d86e543,NONE,A0_training_only_home_away_cov_v1,95.64081495004962,93.70909661084158,2.9146961430293654
2022_06_BUF_KC,2022,6,2022-10-16,KC,BUF,20.0,24.0,27.726221079614696,26.091958700485765,-1.0,-4.0,44.0,1.6342623791289306,53.818179780100465,0.5480106028406548,9.779612208571955,9.680345893140471,13.546974543226709,13.970658676202419,13.760447360492725,-7.50303309644473,10.771557854702591,-15.72688405513611,18.995408813393972,44.39511369951397,63.24124586068696,35.914060281923994,71.72229927827694,0.10584012327700514,0.08225346674958009,0.22358546046889155,0.2209298058897161,0.023586656527425046,0.002655654579175437,0.1880935900265852,0.44451526635860766,A0-DYNAMIC-OPPONENT-ADJUSTED-JOINT-SCORE-V1,2022,2021,2021-REG-END,100.0,4,phase3-feature-provenance-v1,5f148219527b07d85261d3f196ace97a5eb5646271d43596032a692389abc579,2c5cc1af74fc5f3955e44361b82b791710e4b63bbc69b0c15570617e2d86e543,NONE,A0_training_only_home_away_cov_v1,95.64081495004962,93.70909661084158,2.9146961430293654
2022_06_CAR_LA,2022,6,2022-10-16,LA,CAR,24.0,10.0,23.61397425846464,15.738891067083523,0.0,14.0,34.0,7.875083191381117,39.352865325548166,0.7194865026120474,9.779612208571955,9.680345893140471,13.546974543226709,13.970658676202419,13.760447360492725,-1.2622122841925432,17.012378666954778,-9.486063242883924,25.23622962564616,29.929799244961675,48.77593140613466,21.448745827371695,57.256984823724636,0.05621747395265683,-0.2143661302664187,0.08253787170302739,-0.2377145663390232,0.27058360421907557,0.32025243804205056,-0.15814865631376188,-0.15517669463599582,A0-DYNAMIC-OPPONENT-ADJUSTED-JOINT-SCORE-V1,2022,2021,2021-REG-END,100.0,4,phase3-feature-provenance-v1,5f148219527b07d85261d3f196ace97a5eb5646271d43596032a692389abc579,2c5cc1af74fc5f3955e44361b82b791710e4b63bbc69b0c15570617e2d86e543,NONE,A0_training_only_home_away_cov_v1,95.64081495004962,93.70909661084158,2.9146961430293654
2022_06_CIN_NO,2022,6,2022-10-16,NO,CIN,26.0,30.0,21.335689382246418,20.32881811666499,0.0,-4.0,56.0,1.0068712655814274,41.664507498911405,0.5296238838367047,9.779612208571955,9.680345893140471,13.546974543226709,13.970658676202419,13.760447360492725,-8.130424209992233,10.144166741155088,-16.354275168683614,18.36801769984647,32.24144141832491,51.0875735794979,23.760388000734935,59.568626997087875,-0.126816299830111,0.21156988341132582,0.15803755187940138,0.04177236017051903,-0.3383861832414368,0.11626519170888236,0.08475358358121482,0.1998099120499204,A0-DYNAMIC-OPPONENT-ADJUSTED-JOINT-SCORE-V1,2022,2021,2021-REG-END,100.0,4,phase3-feature-provenance-v1,5f148219527b07d85261d3f196ace97a5eb5646271d43596032a692389abc579,2c5cc1af74fc5f3955e44361b82b791710e4b63bbc69b0c15570617e2d86e543,NONE,A0_training_only_home_away_cov_v1,95.64081495004962,93.70909661084158,2.9146961430293654
2022_06_DAL_PHI,2022,6,2022-10-16,PHI,DAL,26.0,17.0,23.596986881803133,22.64413691643256,0.0,9.0,43.0,0.9528499653705715,46.24112379823569,0.5280371779044383,9.779612208571955,9.680345893140471,13.546974543226709,13.970658676202419,13.760447360492725,-8.184445510203089,10.090145440944232,-16.40829646889447,18.313996399635613,36.8180577176492,55.664189878822185,28.33700430005922,64.14524329641216,0.19159358013792763,0.5492000666446551,-0.11405989316963033,0.06847973493858281,-0.35760648650672755,-0.18253962810821314,0.7407936467825827,-0.045580158231047524,A0-DYNAMIC-OPPONENT-ADJUSTED-JOINT-SCORE-V1,2022,2021,2021-REG-END,100.0,4,phase3-feature-provenance-v1,5f148219527b07d85261d3f196ace97a5eb5646271d43596032a692389abc579,2c5cc1af74fc5f3955e44361b82b791710e4b63bbc69b0c15570617e2d86e543,NONE,A0_training_only_home_away_cov_v1,95.64081495004962,93.70909661084158,2.9146961430293654
2022_06_DEN_LAC,2022,6,2022-10-17,LAC,DEN,19.0,16.0,25.169919854827636,20.542152584115613,-3.0,3.0,35.0,4.627767270712024,45.71207243894325,0.6336773862666262,9.779612208571955,9.680345893140471,13.546974543226709,13.970658676202419,13.760447360492725,-4.5095282048616365,13.765062746285684,-12.733379163553018,21.988913704977065,36.28900635835676,55.13513851952975,27.807952940766782,63.61619193711972,0.32148856794341374,-0.1921088344744899,-0.3157263800910933,0.1941139863555186,0.5135974024179036,-0.5098403664466119,0.12937973346892384,-0.12161239373557467,A0-DYNAMIC-OPPONENT-ADJUSTED-JOINT-SCORE-V1,2022,2021,2021-REG-END,100.0,4,phase3-feature-provenance-v1,5f148219527b07d85261d3f196ace97a5eb5646271d43596032a692389abc579,2c5cc1af74fc5f3955e44361b82b791710e4b63bbc69b0c15570617e2d86e543,NONE,A0_training_only_home_away_cov_v1,95.64081495004962,93.70909661084158,2.9146961430293654
2022_06_JAX_IND,2022,6,2022-10-16,IND,JAX,34.0,27.0,23.436596504302372,18.279024919378582,3.0,7.0,61.0,5.15757158492379,41.71562142368096,0.648293594733167,9.779612208571955,9.680345893140471,13.546974543226709,13.970658676202419,13.760447360492725,-3.97972389064987,14.29486706049745,-12.203574849341251,22.51871801918883,32.29255534309446,51.13868750426745,23.811501925504487,59.61974092185743,-0.015951618418332723,-0.24697244498160595,0.07789186622630548,-0.11796565938630967,0.23102082656327322,0.19585752561261516,-0.2629240633999387,-0.04007379316000419,A0-DYNAMIC-OPPONENT-ADJUSTED-JOINT-SCORE-V1,2022,2021,2021-REG-END,100.0,4,phase3-feature-provenance-v1,5f148219527b07d85261d3f196ace97a5eb5646271d43596032a692389abc579,2c5cc1af74fc5f3955e44361b82b791710e4b63bbc69b0c15570617e2d86e543,NONE,A0_training_only_home_away_cov_v1,95.64081495004962,93.70909661084158,2.9146961430293654
2022_06_MIN_MIA,2022,6,2022-10-16,MIA,MIN,16.0,24.0,23.899874256021693,21.87945027095631,0.0,-8.0,40.0,2.020423985065385,45.779324526978,0.5592792396256218,9.779612208571955,9.680345893140471,13.546974543226709,13.970658676202419,13.760447360492725,-7.1168714905082755,11.157719460639045,-15.340722449199657,19.381570419330426,36.35625844639151,55.202390607564496,27.87520502880153,63.68344402515447,-0.0026372115794037125,0.0656399857865026,0.09177635984461763,-0.11143618830138141,-0.0682771973659063,0.20321254814599904,0.06300277420709889,-0.019659828456763784,A0-DYNAMIC-OPPONENT-ADJUSTED-JOINT-SCORE-V1,2022,2021,2021-REG-END,100.0,4,phase3-feature-provenance-v1,5f148219527b07d85261d3f196ace97a5eb5646271d43596032a692389abc579,2c5cc1af74fc5f3955e44361b82b791710e4b63bbc69b0c15570617e2d86e543,NONE,A0_training_only_home_away_cov_v1,95.64081495004962,93.70909661084158,2.9146961430293654
2022_06_NE_CLE,2022,6,2022-10-16,CLE,NE,15.0,38.0,22.466825688367578,23.174465862089072,0.0,-23.0,53.0,-0.7076401737214937,45.64129155045665,0.4791703120115229,9.779612208571955,9.680345893140471,13.546974543226709,13.970658676202419,13.760447360492725,-9.844935649295154,8.429655301852167,-18.068786607986535,16.653506260543548,36.21822546987016,55.06435763104314,27.73717205228018,63.54541104863312,-0.25816945214175446,0.2700711473094847,0.16449540546957736,0.12607198904780134,-0.5282405994512391,0.03842341642177602,0.011901695167730264,0.2905673945173787,A0-DYNAMIC-OPPONENT-ADJUSTED-JOINT-SCORE-V1,2022,2021,2021-REG-END,100.0,4,phase3-feature-provenance-v1,5f148219527b07d85261d3f196ace97a5eb5646271d43596032a692389abc579,2c5cc1af74fc5f3955e44361b82b791710e4b63bbc69b0c15570617e2d86e543,NONE,A0_training_only_home_away_cov_v1,95.64081495004962,93.70909661084158,2.9146961430293654
2022_06_NYJ_GB,2022,6,2022-10-16,GB,NYJ,10.0,27.0,28.74250619141601,19.09943411419915,0.0,-17.0,37.0,9.64307207721686,47.841940305615154,0.7617133548329881,9.779612208571955,9.680345893140471,13.546974543226709,13.970658676202419,13.760447360492725,0.5057766016432002,18.780367552790523,-7.718074357048181,27.004218511481902,38.41887422502866,57.26500638620165,29.937820807438683,65.74605980379162,0.11736151334821991,-0.010455499555814913,-0.025880707270160803,-0.19961669980305208,0.12781701290403483,0.17373599253289126,0.106906013792405,-0.2254974070732129,A0-DYNAMIC-OPPONENT-ADJUSTED-JOINT-SCORE-V1,2022,2021,2021-REG-END,100.0,4,phase3-feature-provenance-v1,5f148219527b07d85261d3f196ace97a5eb5646271d43596032a692389abc579,2c5cc1af74fc5f3955e44361b82b791710e4b63bbc69b0c15570617e2d86e543,NONE,A0_training_only_home_away_cov_v1,95.64081495004962,93.70909661084158,2.9146961430293654
2022_06_SF_ATL,2022,6,2022-10-16,ATL,SF,28.0,14.0,20.928685750434266,24.599324964265584,0.0,14.0,42.0,-3.6706392138313184,45.528010714699846,0.39321228977750977,9.779612208571955,9.680345893140471,13.546974543226709,13.970658676202419,13.760447360492725,-12.807934689404979,5.466656261742342,-21.03178564809636,13.690507220433723,36.10494463411335,54.95107679528634,27.623891216523376,63.43213021287632,-0.14263025478786803,0.012693565957974957,-0.1675903674837904,0.14997274445167347,-0.155323820745843,-0.3175631119354638,-0.12993668882989307,-0.01761762303211692,A0-DYNAMIC-OPPONENT-ADJUSTED-JOINT-SCORE-V1,2022,2021,2021-REG-END,100.0,4,phase3-feature-provenance-v1,5f148219527b07d85261d3f196ace97a5eb5646271d43596032a692389abc579,2c5cc1af74fc5f3955e44361b82b791710e4b63bbc69b0c15570617e2d86e543,NONE,A0_training_only_home_away_cov_v1,95.64081495004962,93.70909661084158,2.9146961430293654
2022_06_TB_PIT,2022,6,2022-10-16,PIT,TB,20.0,18.0,19.223645524005313,24.10496016780031,0.0,2.0,38.0,-4.8813146437949975,43.32860569180562,0.35930202420279156,9.779612208571955,9.680345893140471,13.546974543226709,13.970658676202419,13.760447360492725,-14.018610119368658,4.255980831778663,-22.24246107806004,12.479831790470044,33.905539611219126,52.751671772392115,25.42448619362915,61.23272518998209,-0.0474137114152845,0.21763267559674446,0.05341017065874456,0.10640645435692025,-0.265046387012029,-0.052996283698175696,0.17021896418145996,0.15981662501566482,A0-DYNAMIC-OPPONENT-ADJUSTED-JOINT-SCORE-V1,2022,2021,2021-REG-END,100.0,4,phase3-feature-provenance-v1,5f148219527b07d85261d3f196ace97a5eb5646271d43596032a692389abc579,2c5cc1af74fc5f3955e44361b82b791710e4b63bbc69b0c15570617e2d86e543,NONE,A0_training_only_home_away_cov_v1,95.64081495004962,93.70909661084158,2.9146961430293654
2022_06_WAS_CHI,2022,6,2022-10-13,CHI,WAS,7.0,12.0,20.68412248145915,18.39309794744402,0.0,-5.0,19.0,2.291024534015129,39.07722042890317,0.5671477176601514,9.779612208571955,9.680345893140471,13.546974543226709,13.970658676202419,13.760447360492725,-6.846270941558531,11.42832000958879,-15.070121900249912,19.65217096828017,29.654154348316677,48.500286509489655,21.173100930726697,56.98133992707964,-0.020868241005468458,-0.09684973449435927,-0.014470467104029806,-0.04072357670931882,0.07598149348889081,0.026253109605289017,-0.11771797549982772,-0.05519404381334863,A0-DYNAMIC-OPPONENT-ADJUSTED-JOINT-SCORE-V1,2022,2021,2021-REG-END,100.0,4,phase3-feature-provenance-v1,5f148219527b07d85261d3f196ace97a5eb5646271d43596032a692389abc579,2c5cc1af74fc5f3955e44361b82b791710e4b63bbc69b0c15570617e2d86e543,NONE,A0_training_only_home_away_cov_v1,95.64081495004962,93.70909661084158,2.9146961430293654
2022_07_ATL_CIN,2022,7,2022-10-23,CIN,ATL,35.0,17.0,26.441031034688415,20.72873618790382,0.0,18.0,52.0,5.712294846784594,47.169767222592235,0.6633654873764478,9.779612208571955,9.680345893140471,13.546974543226709,13.970658676202419,13.760447360492725,-3.425000628789066,14.849590322358255,-11.648851587480447,23.073441281049636,37.74670114200575,56.59283330317872,29.265647724415764,65.07388672076871,0.21156988341132582,-0.14263025478786803,0.04177236017051903,-0.1675903674837904,0.3542001381991938,0.2093627276543094,0.06893962862345779,-0.12581800731327136,A0-DYNAMIC-OPPONENT-ADJUSTED-JOINT-SCORE-V1,2022,2021,2021-REG-END,100.0,4,phase3-feature-provenance-v1,5f148219527b07d85261d3f196ace97a5eb5646271d43596032a692389abc579,2c5cc1af74fc5f3955e44361b82b791710e4b63bbc69b0c15570617e2d86e543,NONE,A0_training_only_home_away_cov_v1,95.64081495004962,93.70909661084158,2.9146961430293654
2022_07_CHI_NE,2022,7,2022-10-24,NE,CHI,14.0,33.0,25.116756139738786,17.19118928633241,-3.0,-19.0,47.0,7.925566853406377,42.3079454260712,0.7207407028757826,9.779612208571955,9.680345893140471,13.546974543226709,13.970658676202419,13.760447360492725,-1.2117286221672838,17.06286232898004,-9.435579580858665,25.286713287671418,32.884879345484705,51.731011506657694,24.40382592789473,60.21206492424767,0.2700711473094847,-0.020868241005468458,0.12607198904780134,-0.014470467104029806,0.2909393883149532,0.14054245615183114,0.24920290630401626,0.11160152194377154,A0-DYNAMIC-OPPONENT-ADJUSTED-JOINT-SCORE-V1,2022,2021,2021-REG-END,100.0,4,phase3-feature-provenance-v1,5f148219527b07d85261d3f196ace97a5eb5646271d43596032a692389abc579,2c5cc1af74fc5f3955e44361b82b791710e4b63bbc69b0c15570617e2d86e543,NONE,A0_training_only_home_away_cov_v1,95.64081495004962,93.70909661084158,2.9146961430293654
2022_07_CLE_BAL,2022,7,2022-10-23,BAL,CLE,23.0,20.0,24.114989272965612,21.020808289812265,0.0,3.0,43.0,3.094180983153347,45.13579756277788,0.5903338471132341,9.779612208571955,9.680345893140471,13.546974543226709,13.970658676202419,13.760447360492725,-6.0431144924203135,12.231476458727007,-14.266965451111695,20.45532741741839,35.71273148219139,54.558863643364376,27.23167806460141,63.03991706095435,-0.2140417293747926,-0.25816945214175446,-0.05295866194760351,0.16449540546957736,0.04412772276696186,-0.21745406741718087,-0.47221118151654706,0.11153674352197385,A0-DYNAMIC-OPPONENT-ADJUSTED-JOINT-SCORE-V1,2022,2021,2021-REG-END,100.0,4,phase3-feature-provenance-v1,5f148219527b07d85261d3f196ace97a5eb5646271d43596032a692389abc579,2c5cc1af74fc5f3955e44361b82b791710e4b63bbc69b0c15570617e2d86e543,NONE,A0_training_only_home_away_cov_v1,95.64081495004962,93.70909661084158,2.9146961430293654
2022_07_DET_DAL,2022,7,2022-10-23,DAL,DET,24.0,6.0,25.320106865710084,19.672347880505036,-7.0,18.0,30.0,5.647758985205048,44.99245474621512,0.6616249062158541,9.779612208571955,9.680345893140471,13.546974543226709,13.970658676202419,13.760447360492725,-3.4895364903686126,14.785054460778708,-11.713387449059994,23.00890541947009,35.56938866562862,54.41552082680161,27.088335248038646,62.89657424439159,0.5492000666446551,0.1109426512961182,0.06847973493858281,-0.23305538195930073,0.43825741534853696,0.30153511689788354,0.6601427179407734,-0.16457564702071792,A0-DYNAMIC-OPPONENT-ADJUSTED-JOINT-SCORE-V1,2022,2021,2021-REG-END,100.0,4,phase3-feature-provenance-v1,5f148219527b07d85261d3f196ace97a5eb5646271d43596032a692389abc579,2c5cc1af74fc5f3955e44361b82b791710e4b63bbc69b0c15570617e2d86e543,NONE,A0_training_only_home_away_cov_v1,95.64081495004962,93.70909661084158,2.9146961430293654
2022_07_GB_WAS,2022,7,2022-10-23,WAS,GB,23.0,21.0,21.142314253471067,23.823725445146824,3.0,2.0,44.0,-2.681411191675757,44.96603969861789,0.42154822601551123,9.779612208571955,9.680345893140471,13.546974543226709,13.970658676202419,13.760447360492725,-11.818706667249417,6.455884283897904,-20.0425576259408,14.679735242589285,35.5429736180314,54.389105779204385,27.06192020044142,62.87015919679436,-0.09684973449435927,0.11736151334821991,-0.04072357670931882,-0.025880707270160803,-0.21421124784257917,-0.01484286943915802,0.020511778853860643,-0.06660428397947962,A0-DYNAMIC-OPPONENT-ADJUSTED-JOINT-SCORE-V1,2022,2021,2021-REG-END,100.0,4,phase3-feature-provenance-v1,5f148219527b07d85261d3f196ace97a5eb5646271d43596032a692389abc579,2c5cc1af74fc5f3955e44361b82b791710e4b63bbc69b0c15570617e2d86e543,NONE,A0_training_only_home_away_cov_v1,95.64081495004962,93.70909661084158,2.9146961430293654
2022_07_HOU_LV,2022,7,2022-10-23,LV,HOU,38.0,20.0,24.89745282855942,18.993660200829325,-1.0,18.0,58.0,5.903792627730095,43.89111302938875,0.6685096437344602,9.779612208571955,9.680345893140471,13.546974543226709,13.970658676202419,13.760447360492725,-3.2335028478435657,15.041088103303755,-11.457353806534947,23.264939061995136,34.468046948802254,53.31417910997524,25.986993531212278,61.79523252756522,-0.12652109659752947,-0.07213350945480035,-0.08040987529644641,-0.07841476660637225,-0.05438758714272912,-0.00199510869007416,-0.19865460605232982,-0.15882464190281867,A0-DYNAMIC-OPPONENT-ADJUSTED-JOINT-SCORE-V1,2022,2021,2021-REG-END,100.0,4,phase3-feature-provenance-v1,5f148219527b07d85261d3f196ace97a5eb5646271d43596032a692389abc579,2c5cc1af74fc5f3955e44361b82b791710e4b63bbc69b0c15570617e2d86e543,NONE,A0_training_only_home_away_cov_v1,95.64081495004962,93.70909661084158,2.9146961430293654
2022_07_IND_TEN,2022,7,2022-10-23,TEN,IND,19.0,10.0,25.640257903648035,19.157294130033645,7.0,9.0,29.0,6.48296377361439,44.79755203368168,0.6838721543332341,9.779612208571955,9.680345893140471,13.546974543226709,13.970658676202419,13.760447360492725,-2.6543317019592703,15.62025924918805,-10.878182660650651,23.84411020787943,35.37448595309519,54.22061811426818,26.893432535505212,62.70167153185815,-0.03864361265044363,-0.015951618418332723,0.18055404223667765,0.07789186622630548,-0.022691994232110907,0.10266217601037217,-0.054595231068776354,0.2584459084629831,A0-DYNAMIC-OPPONENT-ADJUSTED-JOINT-SCORE-V1,2022,2021,2021-REG-END,100.0,4,phase3-feature-provenance-v1,5f148219527b07d85261d3f196ace97a5eb5646271d43596032a692389abc579,2c5cc1af74fc5f3955e44361b82b791710e4b63bbc69b0c15570617e2d86e543,NONE,A0_training_only_home_away_cov_v1,95.64081495004962,93.70909661084158,2.9146961430293654
2022_07_KC_SF,2022,7,2022-10-23,SF,KC,23.0,44.0,25.621591151910636,26.062929046531913,0.0,-21.0,67.0,-0.44133789462127737,51.68452019844255,0.4870054228315625,9.779612208571955,9.680345893140471,13.546974543226709,13.970658676202419,13.760447360492725,-9.578633370194938,8.695957580952383,-17.80248432888632,16.919808539643764,42.26145411785606,61.107586279029036,33.78040070026608,69.58863969661903,0.012693565957974957,0.10584012327700514,0.14997274445167347,0.22358546046889155,-0.09314655731903018,-0.07361271601721808,0.11853368923498009,0.373558204920565,A0-DYNAMIC-OPPONENT-ADJUSTED-JOINT-SCORE-V1,2022,2021,2021-REG-END,100.0,4,phase3-feature-provenance-v1,5f148219527b07d85261d3f196ace97a5eb5646271d43596032a692389abc579,2c5cc1af74fc5f3955e44361b82b791710e4b63bbc69b0c15570617e2d86e543,NONE,A0_training_only_home_away_cov_v1,95.64081495004962,93.70909661084158,2.9146961430293654
2022_07_NO_ARI,2022,7,2022-10-20,ARI,NO,42.0,34.0,21.630780290752078,20.56707751160559,0.0,8.0,76.0,1.0637027791464888,42.19785780235767,0.5312926229556908,9.779612208571955,9.680345893140471,13.546974543226709,13.970658676202419,13.760447360492725,-8.073592696427172,10.20099825472015,-16.297443655118553,18.42484921341153,32.77479172177118,51.620923882944155,24.293738304181197,60.10197730053414,0.008870822096719182,-0.126816299830111,-0.14706064958902637,0.15803755187940138,0.1356871219268302,-0.30509820146842775,-0.11794547773339181,0.010976902290375012,A0-DYNAMIC-OPPONENT-ADJUSTED-JOINT-SCORE-V1,2022,2021,2021-REG-END,100.0,4,phase3-feature-provenance-v1,5f148219527b07d85261d3f196ace97a5eb5646271d43596032a692389abc579,2c5cc1af74fc5f3955e44361b82b791710e4b63bbc69b0c15570617e2d86e543,NONE,A0_training_only_home_away_cov_v1,95.64081495004962,93.70909661084158,2.9146961430293654
2022_07_NYG_JAX,2022,7,2022-10-23,JAX,NYG,17.0,23.0,22.326957682247272,17.58090614754592,0.0,-6.0,40.0,4.746051534701351,39.90786382979319,0.6369583491903581,9.779612208571955,9.680345893140471,13.546974543226709,13.970658676202419,13.760447360492725,-4.391243940872309,13.883347010275012,-12.61509489956369,22.107197968966393,30.484797749206702,49.33092991037968,22.003744331616723,57.81198332796966,-0.24697244498160595,-0.45037256884367716,-0.11796565938630967,-0.05358945455510565,0.2034001238620712,-0.06437620483120401,-0.6973450138252831,-0.17155511394141532,A0-DYNAMIC-OPPONENT-ADJUSTED-JOINT-SCORE-V1,2022,2021,2021-REG-END,100.0,4,phase3-feature-provenance-v1,5f148219527b07d85261d3f196ace97a5eb5646271d43596032a692389abc579,2c5cc1af74fc5f3955e44361b82b791710e4b63bbc69b0c15570617e2d86e543,NONE,A0_training_only_home_away_cov_v1,95.64081495004962,93.70909661084158,2.9146961430293654
2022_07_NYJ_DEN,2022,7,2022-10-23,DEN,NYJ,9.0,16.0,21.686448221800628,18.33282370330488,-1.0,-7.0,25.0,3.3536245184957494,40.01927192510551,0.5977607264866726,9.779612208571955,9.680345893140471,13.546974543226709,13.970658676202419,13.760447360492725,-5.783670957077911,12.49091999406941,-14.007521915769292,20.71477095276079,30.596205844519016,49.442338005691994,22.115152426929036,57.92339142328198,-0.1921088344744899,-0.010455499555814913,0.1941139863555186,-0.19961669980305208,-0.181653334918675,0.39373068615857065,-0.2025643340303048,-0.005502713447533475,A0-DYNAMIC-OPPONENT-ADJUSTED-JOINT-SCORE-V1,2022,2021,2021-REG-END,100.0,4,phase3-feature-provenance-v1,5f148219527b07d85261d3f196ace97a5eb5646271d43596032a692389abc579,2c5cc1af74fc5f3955e44361b82b791710e4b63bbc69b0c15570617e2d86e543,NONE,A0_training_only_home_away_cov_v1,95.64081495004962,93.70909661084158,2.9146961430293654
2022_07_PIT_MIA,2022,7,2022-10-23,MIA,PIT,16.0,10.0,22.719370823736647,18.05652309588615,0.0,6.0,26.0,4.662847727850497,40.775893919622796,0.6346514784932789,9.779612208571955,9.680345893140471,13.546974543226709,13.970658676202419,13.760447360492725,-4.474447747723163,13.800143203424158,-12.698298706414544,22.02399416211554,31.352827839036305,50.19896000020928,22.871774421446325,58.680013417799266,-0.0026372115794037125,-0.0474137114152845,0.09177635984461763,0.05341017065874456,0.044776499835880786,0.03836618918587307,-0.05005092299468821,0.1451865305033622,A0-DYNAMIC-OPPONENT-ADJUSTED-JOINT-SCORE-V1,2022,2021,2021-REG-END,100.0,4,phase3-feature-provenance-v1,5f148219527b07d85261d3f196ace97a5eb5646271d43596032a692389abc579,2c5cc1af74fc5f3955e44361b82b791710e4b63bbc69b0c15570617e2d86e543,NONE,A0_training_only_home_away_cov_v1,95.64081495004962,93.70909661084158,2.9146961430293654
2022_07_SEA_LAC,2022,7,2022-10-23,LAC,SEA,23.0,37.0,25.799051905420868,23.877831345068003,-1.0,-14.0,60.0,1.9212205603528645,49.67688325048887,0.556388575521098,9.779612208571955,9.680345893140471,13.546974543226709,13.970658676202419,13.760447360492725,-7.216074915220796,11.058516035926525,-15.439925873912177,19.282366994617906,40.253817169902376,59.099949331075365,31.7727637523124,67.58100274866534,0.32148856794341374,0.2248014785283947,-0.3157263800910933,0.015463454268807372,0.09668708941501905,-0.3311898343599006,0.5462900464718085,-0.3002629258222859,A0-DYNAMIC-OPPONENT-ADJUSTED-JOINT-SCORE-V1,2022,2021,2021-REG-END,100.0,4,phase3-feature-provenance-v1,5f148219527b07d85261d3f196ace97a5eb5646271d43596032a692389abc579,2c5cc1af74fc5f3955e44361b82b791710e4b63bbc69b0c15570617e2d86e543,NONE,A0_training_only_home_away_cov_v1,95.64081495004962,93.70909661084158,2.9146961430293654
2022_07_TB_CAR,2022,7,2022-10-23,CAR,TB,21.0,3.0,17.057177285730457,24.6438091026617,0.0,18.0,24.0,-7.5866318169312414,41.70098638839215,0.2877315100065606,9.779612208571955,9.680345893140471,13.546974543226709,13.970658676202419,13.760447360492725,-16.723927292504904,1.550663658642419,-24.947778251196283,9.7745146173338,32.27792030780566,51.12405246897865,23.796866890215682,59.60510588656862,-0.2143661302664187,0.21763267559674446,-0.2377145663390232,0.10640645435692025,-0.4319988058631632,-0.3441210206959434,0.0032665453303257486,-0.13130811198210293,A0-DYNAMIC-OPPONENT-ADJUSTED-JOINT-SCORE-V1,2022,2021,2021-REG-END,100.0,4,phase3-feature-provenance-v1,5f148219527b07d85261d3f196ace97a5eb5646271d43596032a692389abc579,2c5cc1af74fc5f3955e44361b82b791710e4b63bbc69b0c15570617e2d86e543,NONE,A0_training_only_home_away_cov_v1,95.64081495004962,93.70909661084158,2.9146961430293654
2022_08_ARI_MIN,2022,8,2022-10-30,MIN,ARI,34.0,26.0,25.20444984413671,20.799947580370024,4.0,8.0,60.0,4.4045022637666875,46.004397424506735,0.627457943466949,9.779612208571955,9.680345893140471,13.546974543226709,13.970658676202419,13.760447360492725,-4.732793211806973,13.541797739340348,-12.956644170498354,21.76564869803173,36.58133134392024,55.42746350509323,28.100277926330264,63.908516922683205,0.0656399857865026,0.008870822096719182,-0.11143618830138141,-0.14706064958902637,0.056769163689783415,0.03562446128764496,0.07451080788322179,-0.2584968378904078,A0-DYNAMIC-OPPONENT-ADJUSTED-JOINT-SCORE-V1,2022,2021,2021-REG-END,100.0,4,phase3-feature-provenance-v1,5f148219527b07d85261d3f196ace97a5eb5646271d43596032a692389abc579,2c5cc1af74fc5f3955e44361b82b791710e4b63bbc69b0c15570617e2d86e543,NONE,A0_training_only_home_away_cov_v1,95.64081495004962,93.70909661084158,2.9146961430293654
2022_08_BAL_TB,2022,8,2022-10-27,TB,BAL,22.0,27.0,26.440882771706484,21.15748706258067,0.0,-5.0,49.0,5.283395709125813,47.598369834287155,0.651733790846443,9.779612208571955,9.680345893140471,13.546974543226709,13.970658676202419,13.760447360492725,-3.8538997664478476,14.420691184699473,-12.077750725139229,22.644542143390854,38.17530375370066,57.02143591487365,29.694250336110684,65.50248933246363,0.21763267559674446,-0.2140417293747926,0.10640645435692025,-0.05295866194760351,0.4316744049715371,0.15936511630452377,0.0035909462219518573,0.05344779240931675,A0-DYNAMIC-OPPONENT-ADJUSTED-JOINT-SCORE-V1,2022,2021,2021-REG-END,100.0,4,phase3-feature-provenance-v1,5f148219527b07d85261d3f196ace97a5eb5646271d43596032a692389abc579,2c5cc1af74fc5f3955e44361b82b791710e4b63bbc69b0c15570617e2d86e543,NONE,A0_training_only_home_away_cov_v1,95.64081495004962,93.70909661084158,2.9146961430293654
2022_08_CAR_ATL,2022,8,2022-10-30,ATL,CAR,37.0,34.0,23.092246209210117,18.27391298071101,0.0,3.0,71.0,4.818333228499107,41.36615918992113,0.6389583762500226,9.779612208571955,9.680345893140471,13.546974543226709,13.970658676202419,13.760447360492725,-4.318962247074554,13.955628704072767,-12.542813205765935,22.179479662764148,31.943093109334637,50.789225270507615,23.462039691744657,59.2702786880976,-0.14263025478786803,-0.2143661302664187,-0.1675903674837904,-0.2377145663390232,0.07173587547855068,0.0701241988552328,-0.35699638505428677,-0.4053049338228136,A0-DYNAMIC-OPPONENT-ADJUSTED-JOINT-SCORE-V1,2022,2021,2021-REG-END,100.0,4,phase3-feature-provenance-v1,5f148219527b07d85261d3f196ace97a5eb5646271d43596032a692389abc579,2c5cc1af74fc5f3955e44361b82b791710e4b63bbc69b0c15570617e2d86e543,NONE,A0_training_only_home_away_cov_v1,95.64081495004962,93.70909661084158,2.9146961430293654
2022_08_CHI_DAL,2022,8,2022-10-30,DAL,CHI,49.0,29.0,24.601523906440516,16.929115429032063,1.0,20.0,78.0,7.672408477408453,41.53063933547258,0.7144240543297521,9.779612208571955,9.680345893140471,13.546974543226709,13.970658676202419,13.760447360492725,-1.4648869981652073,16.80970395298211,-9.688737956856588,25.033554911673495,32.10757325488609,50.953705416059066,23.626519837296108,59.43475883364905,0.5492000666446551,-0.020868241005468458,0.06847973493858281,-0.014470467104029806,0.5700683076501236,0.08295020204261261,0.5283318256391867,0.054009267834553,A0-DYNAMIC-OPPONENT-ADJUSTED-JOINT-SCORE-V1,2022,2021,2021-REG-END,100.0,4,phase3-feature-provenance-v1,5f148219527b07d85261d3f196ace97a5eb5646271d43596032a692389abc579,2c5cc1af74fc5f3955e44361b82b791710e4b63bbc69b0c15570617e2d86e543,NONE,A0_training_only_home_away_cov_v1,95.64081495004962,93.70909661084158,2.9146961430293654
2022_08_CIN_CLE,2022,8,2022-10-31,CLE,CIN,32.0,13.0,22.61996537160411,23.415052313694577,0.0,19.0,45.0,-0.7950869420904674,46.03501768529868,0.47659907107381017,9.779612208571955,9.680345893140471,13.546974543226709,13.970658676202419,13.760447360492725,-9.932382417664128,8.342208533483193,-18.15623337635551,16.566059492174574,36.61195160471219,55.45808376588518,28.130898187122213,63.939137183475154,-0.25816945214175446,0.21156988341132582,0.16449540546957736,0.04177236017051903,-0.4697393355530803,0.12272304529905834,-0.04659956873042864,0.20626776564009638,A0-DYNAMIC-OPPONENT-ADJUSTED-JOINT-SCORE-V1,2022,2021,2021-REG-END,100.0,4,phase3-feature-provenance-v1,5f148219527b07d85261d3f196ace97a5eb5646271d43596032a692389abc579,2c5cc1af74fc5f3955e44361b82b791710e4b63bbc69b0c15570617e2d86e543,NONE,A0_training_only_home_away_cov_v1,95.64081495004962,93.70909661084158,2.9146961430293654
2022_08_DEN_JAX,2022,8,2022-10-30,JAX,DEN,17.0,21.0,21.441499656874072,18.92427659694211,0.0,-4.0,38.0,2.517223059931961,40.36577625381618,0.5737048474677311,9.779612208571955,9.680345893140471,13.546974543226709,13.970658676202419,13.760447360492725,-6.620072415641699,11.654518535505622,-14.84392337433308,19.878369494197003,30.94271017322969,49.78884233440267,22.46165675563971,58.26989575199265,-0.24697244498160595,-0.1921088344744899,-0.11796565938630967,0.1941139863555186,-0.05486361050711605,-0.3120796457418283,-0.4390812794560959,0.07614832696920894,A0-DYNAMIC-OPPONENT-ADJUSTED-JOINT-SCORE-V1,2022,2021,2021-REG-END,100.0,4,phase3-feature-provenance-v1,5f148219527b07d85261d3f196ace97a5eb5646271d43596032a692389abc579,2c5cc1af74fc5f3955e44361b82b791710e4b63bbc69b0c15570617e2d86e543,NONE,A0_training_only_home_away_cov_v1,95.64081495004962,93.70909661084158,2.9146961430293654
2022_08_GB_BUF,2022,8,2022-10-30,BUF,GB,27.0,17.0,29.121090132110524,20.882380926213614,7.0,10.0,44.0,8.23870920589691,50.00347105832414,0.7284588584524669,9.779612208571955,9.680345893140471,13.546974543226709,13.970658676202419,13.760447360492725,-0.8985862696767501,17.37600468147057,-9.122437228368131,25.59985564016195,40.58040497773764,59.42653713891063,32.09935156014767,67.90759055650061,0.08225346674958009,0.11736151334821991,0.2209298058897161,-0.025880707270160803,-0.03510804659863982,0.24681051315987693,0.1996149800978,0.1950490986195553,A0-DYNAMIC-OPPONENT-ADJUSTED-JOINT-SCORE-V1,2022,2021,2021-REG-END,100.0,4,phase3-feature-provenance-v1,5f148219527b07d85261d3f196ace97a5eb5646271d43596032a692389abc579,2c5cc1af74fc5f3955e44361b82b791710e4b63bbc69b0c15570617e2d86e543,NONE,A0_training_only_home_away_cov_v1,95.64081495004962,93.70909661084158,2.9146961430293654
2022_08_LV_NO,2022,8,2022-10-30,NO,LV,24.0,0.0,23.635272581474833,21.298908697229532,3.0,24.0,24.0,2.3363638842453014,44.934181278704365,0.5684635749610941,9.779612208571955,9.680345893140471,13.546974543226709,13.970658676202419,13.760447360492725,-6.800931591328359,11.473659359818962,-15.02478255001974,19.697510318510343,35.51111519811788,54.35724735929085,27.030061780527895,62.838300776880835,-0.126816299830111,-0.12652109659752947,0.15803755187940138,-0.08040987529644641,-0.00029520323258153125,0.2384474271758478,-0.25333739642764047,0.07762767658295497,A0-DYNAMIC-OPPONENT-ADJUSTED-JOINT-SCORE-V1,2022,2021,2021-REG-END,100.0,4,phase3-feature-provenance-v1,5f148219527b07d85261d3f196ace97a5eb5646271d43596032a692389abc579,2c5cc1af74fc5f3955e44361b82b791710e4b63bbc69b0c15570617e2d86e543,NONE,A0_training_only_home_away_cov_v1,95.64081495004962,93.70909661084158,2.9146961430293654
2022_08_MIA_DET,2022,8,2022-10-30,DET,MIA,27.0,31.0,21.262675091269664,22.892754818596117,0.0,-4.0,58.0,-1.6300797273264536,44.15542990986578,0.4521116805166374,9.779612208571955,9.680345893140471,13.546974543226709,13.970658676202419,13.760447360492725,-10.767375202900114,7.507215748247207,-18.991226161591495,15.731066706938588,34.732363829279294,53.57849599045227,26.25131041168931,62.05954940804225,0.1109426512961182,-0.0026372115794037125,-0.23305538195930073,0.09177635984461763,0.11357986287552191,-0.3248317418039184,0.1083054397167145,-0.1412790221146831,A0-DYNAMIC-OPPONENT-ADJUSTED-JOINT-SCORE-V1,2022,2021,2021-REG-END,100.0,4,phase3-feature-provenance-v1,5f148219527b07d85261d3f196ace97a5eb5646271d43596032a692389abc579,2c5cc1af74fc5f3955e44361b82b791710e4b63bbc69b0c15570617e2d86e543,NONE,A0_training_only_home_away_cov_v1,95.64081495004962,93.70909661084158,2.9146961430293654
2022_08_NE_NYJ,2022,8,2022-10-30,NYJ,NE,17.0,22.0,19.64829929445198,22.99884645684867,1.0,-5.0,39.0,-3.3505471623966905,42.647145751300656,0.40232716567559246,9.779612208571955,9.680345893140471,13.546974543226709,13.970658676202419,13.760447360492725,-12.48784263797035,5.78674831317697,-20.711693596661732,14.010599271868351,33.22407967071416,52.07021183188715,24.743026253124185,60.551265249477126,-0.010455499555814913,0.2700711473094847,-0.19961669980305208,0.12607198904780134,-0.28052664686529966,-0.32568868885085345,0.2596156477536698,-0.07354471075525074,A0-DYNAMIC-OPPONENT-ADJUSTED-JOINT-SCORE-V1,2022,2021,2021-REG-END,100.0,4,phase3-feature-provenance-v1,5f148219527b07d85261d3f196ace97a5eb5646271d43596032a692389abc579,2c5cc1af74fc5f3955e44361b82b791710e4b63bbc69b0c15570617e2d86e543,NONE,A0_training_only_home_away_cov_v1,95.64081495004962,93.70909661084158,2.9146961430293654
2022_08_NYG_SEA,2022,8,2022-10-30,SEA,NYG,27.0,13.0,25.940181067927725,17.975893971618095,0.0,14.0,40.0,7.964287096309629,43.91607503954582,0.7217008061593104,9.779612208571955,9.680345893140471,13.546974543226709,13.970658676202419,13.760447360492725,-1.1730083792640311,17.10158257188329,-9.396859337955412,25.32543353057467,34.49300895895932,53.33914112013231,26.011955541369346,61.82019453772229,0.2248014785283947,-0.45037256884367716,0.015463454268807372,-0.05358945455510565,0.6751740473720719,0.06905290882391302,-0.22557109031528247,-0.03812600028629828,A0-DYNAMIC-OPPONENT-ADJUSTED-JOINT-SCORE-V1,2022,2021,2021-REG-END,100.0,4,phase3-feature-provenance-v1,5f148219527b07d85261d3f196ace97a5eb5646271d43596032a692389abc579,2c5cc1af74fc5f3955e44361b82b791710e4b63bbc69b0c15570617e2d86e543,NONE,A0_training_only_home_away_cov_v1,95.64081495004962,93.70909661084158,2.9146961430293654
2022_08_PIT_PHI,2022,8,2022-10-30,PHI,PIT,35.0,13.0,26.474638791253764,16.998314253412552,7.0,22.0,48.0,9.476324537841212,43.47295304466631,0.7578851703674652,9.779612208571955,9.680345893140471,13.546974543226709,13.970658676202419,13.760447360492725,0.33902906226755114,18.613620013414874,-7.88482189642383,26.837470972106253,34.04988696407982,52.896019125252806,25.56883354648984,61.37707254284278,0.19159358013792763,-0.0474137114152845,-0.11405989316963033,0.05341017065874456,0.23900729155321213,-0.1674700638283749,0.14417986872264313,-0.060649722510885774,A0-DYNAMIC-OPPONENT-ADJUSTED-JOINT-SCORE-V1,2022,2021,2021-REG-END,100.0,4,phase3-feature-provenance-v1,5f148219527b07d85261d3f196ace97a5eb5646271d43596032a692389abc579,2c5cc1af74fc5f3955e44361b82b791710e4b63bbc69b0c15570617e2d86e543,NONE,A0_training_only_home_away_cov_v1,95.64081495004962,93.70909661084158,2.9146961430293654
2022_08_SF_LA,2022,8,2022-10-30,LA,SF,14.0,31.0,24.191190688877338,20.650355092320364,7.0,-17.0,45.0,3.540835596556974,44.8415457811977,0.6030981941521552,9.779612208571955,9.680345893140471,13.546974543226709,13.970658676202419,13.760447360492725,-5.596459879016686,12.678131072130634,-13.820310837708067,20.901982030822015,35.418479700611215,54.26461186178419,26.93742628302123,62.74566527937417,0.05621747395265683,0.012693565957974957,0.08253787170302739,0.14997274445167347,0.04352390799468188,-0.06743487274864608,0.06891103991063179,0.23251061615470087,A0-DYNAMIC-OPPONENT-ADJUSTED-JOINT-SCORE-V1,2022,2021,2021-REG-END,100.0,4,phase3-feature-provenance-v1,5f148219527b07d85261d3f196ace97a5eb5646271d43596032a692389abc579,2c5cc1af74fc5f3955e44361b82b791710e4b63bbc69b0c15570617e2d86e543,NONE,A0_training_only_home_away_cov_v1,95.64081495004962,93.70909661084158,2.9146961430293654
2022_08_TEN_HOU,2022,8,2022-10-30,HOU,TEN,10.0,17.0,19.93030720127502,23.511829668387495,0.0,-7.0,27.0,-3.5815224671124746,43.44213686966252,0.39574431877229577,9.779612208571955,9.680345893140471,13.546974543226709,13.970658676202419,13.760447360492725,-12.718817942686135,5.555773008461186,-20.942668901377516,13.779623967152567,34.019070789076025,52.865202950249014,25.53801737148605,61.34625636783899,-0.07213350945480035,-0.03864361265044363,-0.07841476660637225,0.18055404223667765,-0.03348989680435672,-0.2589688088430499,-0.11077712210524399,0.10213927563030539,A0-DYNAMIC-OPPONENT-ADJUSTED-JOINT-SCORE-V1,2022,2021,2021-REG-END,100.0,4,phase3-feature-provenance-v1,5f148219527b07d85261d3f196ace97a5eb5646271d43596032a692389abc579,2c5cc1af74fc5f3955e44361b82b791710e4b63bbc69b0c15570617e2d86e543,NONE,A0_training_only_home_away_cov_v1,95.64081495004962,93.70909661084158,2.9146961430293654
2022_08_WAS_IND,2022,8,2022-10-30,IND,WAS,16.0,17.0,22.510893887839465,18.180465553497072,0.0,-1.0,33.0,4.330428334342393,40.69135944133654,0.6253870259439551,9.779612208571955,9.680345893140471,13.546974543226709,13.970658676202419,13.760447360492725,-4.806867141231267,13.467723809916054,-13.030718099922648,21.691574768607435,31.268293360750047,50.114425521923025,22.787239943160067,58.59547893951301,-0.015951618418332723,-0.09684973449435927,0.07789186622630548,-0.04072357670931882,0.08089811607602654,0.1186154429356243,-0.112801352912692,0.037168289516986655,A0-DYNAMIC-OPPONENT-ADJUSTED-JOINT-SCORE-V1,2022,2021,2021-REG-END,100.0,4,phase3-feature-provenance-v1,5f148219527b07d85261d3f196ace97a5eb5646271d43596032a692389abc579,2c5cc1af74fc5f3955e44361b82b791710e4b63bbc69b0c15570617e2d86e543,NONE,A0_training_only_home_away_cov_v1,95.64081495004962,93.70909661084158,2.9146961430293654
2022_09_BAL_NO,2022,9,2022-11-07,NO,BAL,13.0,27.0,22.94574004212066,21.31556721886437,-3.0,-14.0,40.0,1.6301728232562915,44.261307260985035,0.5478910412709584,9.779612208571955,9.680345893140471,13.546974543226709,13.970658676202419,13.760447360492725,-7.507122652317369,10.767468298829952,-15.73097361100875,18.991319257521333,34.83824118039854,53.68437334157153,26.357187762808564,62.165426759161505,-0.126816299830111,-0.2140417293747926,0.15803755187940138,-0.05295866194760351,0.0872254295446816,0.2109962138270049,-0.3408580292049036,0.10507888993179787,A0-DYNAMIC-OPPONENT-ADJUSTED-JOINT-SCORE-V1,2022,2021,2021-REG-END,100.0,4,phase3-feature-provenance-v1,5f148219527b07d85261d3f196ace97a5eb5646271d43596032a692389abc579,2c5cc1af74fc5f3955e44361b82b791710e4b63bbc69b0c15570617e2d86e543,NONE,A0_training_only_home_away_cov_v1,95.64081495004962,93.70909661084158,2.9146961430293654
2022_09_BUF_NYJ,2022,9,2022-11-06,NYJ,BUF,20.0,17.0,18.589818646776823,26.07771284696932,0.0,3.0,37.0,-7.487894200192496,44.66753149374614,0.2902222589632787,9.779612208571955,9.680345893140471,13.546974543226709,13.970658676202419,13.760447360492725,-16.62518967576616,1.6494012753811642,-24.849040634457538,9.873252234072545,35.244465413159645,54.090597574332634,26.76341199556967,62.57165099192261,-0.010455499555814913,0.08225346674958009,-0.19961669980305208,0.2209298058897161,-0.092708966305395,-0.4205465056927682,0.07179796719376517,0.021313106086664035,A0-DYNAMIC-OPPONENT-ADJUSTED-JOINT-SCORE-V1,2022,2021,2021-REG-END,100.0,4,phase3-feature-provenance-v1,5f148219527b07d85261d3f196ace97a5eb5646271d43596032a692389abc579,2c5cc1af74fc5f3955e44361b82b791710e4b63bbc69b0c15570617e2d86e543,NONE,A0_training_only_home_away_cov_v1,95.64081495004962,93.70909661084158,2.9146961430293654
2022_09_CAR_CIN,2022,9,2022-11-06,CIN,CAR,42.0,21.0,25.11857887508936,16.873390407947685,-1.0,21.0,63.0,8.245188467141674,41.991969283037044,0.728617426858722,9.779612208571955,9.680345893140471,13.546974543226709,13.970658676202419,13.760447360492725,-0.8921070084319869,17.382483942715332,-9.115957967123368,25.606334901406715,32.56890320245056,51.41503536362353,24.087849784860573,59.896088781213514,0.21156988341132582,-0.2143661302664187,0.04177236017051903,-0.2377145663390232,0.42593601367774453,0.2794869265095422,-0.0027962468550928876,-0.19594220616850416,A0-DYNAMIC-OPPONENT-ADJUSTED-JOINT-SCORE-V1,2022,2021,2021-REG-END,100.0,4,phase3-feature-provenance-v1,5f148219527b07d85261d3f196ace97a5eb5646271d43596032a692389abc579,2c5cc1af74fc5f3955e44361b82b791710e4b63bbc69b0c15570617e2d86e543,NONE,A0_training_only_home_away_cov_v1,95.64081495004962,93.70909661084158,2.9146961430293654
2022_09_GB_DET,2022,9,2022-11-06,DET,GB,15.0,9.0,22.859497564558588,25.81809010478055,0.0,6.0,24.0,-2.958592540221961,48.67758766933913,0.4135606507147816,9.779612208571955,9.680345893140471,13.546974543226709,13.970658676202419,13.760447360492725,-12.095888015795621,6.1787029353517,-20.319738974487002,14.40255389404308,39.25452158875264,58.10065374992563,30.773468171162662,66.5817071675156,0.1109426512961182,0.11736151334821991,-0.23305538195930073,-0.025880707270160803,-0.006418862052101709,-0.20717467468913991,0.22830416464433811,-0.25893608922946154,A0-DYNAMIC-OPPONENT-ADJUSTED-JOINT-SCORE-V1,2022,2021,2021-REG-END,100.0,4,phase3-feature-provenance-v1,5f148219527b07d85261d3f196ace97a5eb5646271d43596032a692389abc579,2c5cc1af74fc5f3955e44361b82b791710e4b63bbc69b0c15570617e2d86e543,NONE,A0_training_only_home_away_cov_v1,95.64081495004962,93.70909661084158,2.9146961430293654
2022_09_IND_NE,2022,9,2022-11-06,NE,IND,26.0,3.0,24.346917322034074,19.32663962832476,0.0,23.0,29.0,5.020277693709314,43.67355695035883,0.644525905768999,9.779612208571955,9.680345893140471,13.546974543226709,13.970658676202419,13.760447360492725,-4.117017781864346,14.157573169282974,-12.340868740555727,22.381424127974356,34.250490869772335,53.096623030945324,25.76943745218236,61.5776764485353,0.2700711473094847,-0.015951618418332723,0.12607198904780134,0.07789186622630548,0.28602276572781743,0.04818012282149586,0.254119528891152,0.20396385527410682,A0-DYNAMIC-OPPONENT-ADJUSTED-JOINT-SCORE-V1,2022,2021,2021-REG-END,100.0,4,phase3-feature-provenance-v1,5f148219527b07d85261d3f196ace97a5eb5646271d43596032a692389abc579,2c5cc1af74fc5f3955e44361b82b791710e4b63bbc69b0c15570617e2d86e543,NONE,A0_training_only_home_away_cov_v1,95.64081495004962,93.70909661084158,2.9146961430293654
2022_09_LAC_ATL,2022,9,2022-11-06,ATL,LAC,17.0,20.0,22.986966338460913,25.677742579135394,-7.0,-3.0,37.0,-2.690776240674481,48.66470891759631,0.42127780485977184,9.779612208571955,9.680345893140471,13.546974543226709,13.970658676202419,13.760447360492725,-11.828071716248141,6.4465192348991796,-20.051922674939522,14.67037019359056,39.24164283700982,58.087774998182795,30.760589419419837,66.56882841577277,-0.14263025478786803,0.32148856794341374,-0.1675903674837904,-0.3157263800910933,-0.4641188227312818,0.14813601260730289,0.1788583131555457,-0.48331674757488363,A0-DYNAMIC-OPPONENT-ADJUSTED-JOINT-SCORE-V1,2022,2021,2021-REG-END,100.0,4,phase3-feature-provenance-v1,5f148219527b07d85261d3f196ace97a5eb5646271d43596032a692389abc579,2c5cc1af74fc5f3955e44361b82b791710e4b63bbc69b0c15570617e2d86e543,NONE,A0_training_only_home_away_cov_v1,95.64081495004962,93.70909661084158,2.9146961430293654
2022_09_LA_TB,2022,9,2022-11-06,TB,LA,16.0,13.0,25.994483373871507,20.08959837522876,3.0,3.0,29.0,5.904884998642746,46.084081749100264,0.6685388979860457,9.779612208571955,9.680345893140471,13.546974543226709,13.970658676202419,13.760447360492725,-3.232410476930914,15.042180474216407,-11.456261435622295,23.266031432907788,36.66101566851377,55.50714782968676,28.179962250923793,63.988201247276734,0.21763267559674446,0.05621747395265683,0.10640645435692025,0.08253787170302739,0.16141520164408762,0.02386858265389287,0.2738501495494013,0.18894432605994765,A0-DYNAMIC-OPPONENT-ADJUSTED-JOINT-SCORE-V1,2022,2021,2021-REG-END,100.0,4,phase3-feature-provenance-v1,5f148219527b07d85261d3f196ace97a5eb5646271d43596032a692389abc579,2c5cc1af74fc5f3955e44361b82b791710e4b63bbc69b0c15570617e2d86e543,NONE,A0_training_only_home_away_cov_v1,95.64081495004962,93.70909661084158,2.9146961430293654
2022_09_LV_JAX,2022,9,2022-11-06,JAX,LV,27.0,20.0,22.946882343389362,22.436084374781714,0.0,7.0,47.0,0.5107979686076476,45.382966718171076,0.5150388287818326,9.779612208571955,9.680345893140471,13.546974543226709,13.970658676202419,13.760447360492725,-8.626497506966013,9.648093444181308,-16.850348465657394,17.87194440287269,35.95990063758458,54.80603279875757,27.478847219994606,63.28708621634755,-0.24697244498160595,-0.12652109659752947,-0.11796565938630967,-0.08040987529644641,-0.12045134838407648,-0.03755578408986325,-0.3734935415791354,-0.1983755346827561,A0-DYNAMIC-OPPONENT-ADJUSTED-JOINT-SCORE-V1,2022,2021,2021-REG-END,100.0,4,phase3-feature-provenance-v1,5f148219527b07d85261d3f196ace97a5eb5646271d43596032a692389abc579,2c5cc1af74fc5f3955e44361b82b791710e4b63bbc69b0c15570617e2d86e543,NONE,A0_training_only_home_away_cov_v1,95.64081495004962,93.70909661084158,2.9146961430293654
2022_09_MIA_CHI,2022,9,2022-11-06,CHI,MIA,32.0,35.0,20.503184623127993,21.826775510883227,0.0,-3.0,67.0,-1.323590887755234,42.329960134011216,0.4610837491228236,9.779612208571955,9.680345893140471,13.546974543226709,13.970658676202419,13.760447360492725,-10.460886363328894,7.813704587818426,-18.684737322020275,16.037555546509807,32.90689405342472,51.75302621459771,24.425840635834746,60.23407963218769,-0.020868241005468458,-0.0026372115794037125,-0.014470467104029806,0.09177635984461763,-0.018231029426064745,-0.10624682694864743,-0.02350545258487217,0.07730589274058783,A0-DYNAMIC-OPPONENT-ADJUSTED-JOINT-SCORE-V1,2022,2021,2021-REG-END,100.0,4,phase3-feature-provenance-v1,5f148219527b07d85261d3f196ace97a5eb5646271d43596032a692389abc579,2c5cc1af74fc5f3955e44361b82b791710e4b63bbc69b0c15570617e2d86e543,NONE,A0_training_only_home_away_cov_v1,95.64081495004962,93.70909661084158,2.9146961430293654
2022_09_MIN_WAS,2022,9,2022-11-06,WAS,MIN,17.0,20.0,21.29284529060567,21.442189212563772,0.0,-3.0,37.0,-0.14934392195810275,42.735034503169445,0.49560208828785585,9.779612208571955,9.680345893140471,13.546974543226709,13.970658676202419,13.760447360492725,-9.286639397531763,8.987951553615558,-17.510490356223144,17.21180251230694,33.31196842258295,52.15810058375594,24.830915004992974,60.639154001345915,-0.09684973449435927,0.0656399857865026,-0.04072357670931882,-0.11143618830138141,-0.16248972028086187,0.07071261159206259,-0.03120974870785667,-0.15215976501070022,A0-DYNAMIC-OPPONENT-ADJUSTED-JOINT-SCORE-V1,2022,2021,2021-REG-END,100.0,4,phase3-feature-provenance-v1,5f148219527b07d85261d3f196ace97a5eb5646271d43596032a692389abc579,2c5cc1af74fc5f3955e44361b82b791710e4b63bbc69b0c15570617e2d86e543,NONE,A0_training_only_home_away_cov_v1,95.64081495004962,93.70909661084158,2.9146961430293654
2022_09_PHI_HOU,2022,9,2022-11-03,HOU,PHI,17.0,29.0,19.723173712254706,24.952200569952026,0.0,-12.0,46.0,-5.2290268576973205,44.67537428220673,0.3497512131836272,9.779612208571955,9.680345893140471,13.546974543226709,13.970658676202419,13.760447360492725,-14.36632233327098,3.90826861787634,-22.590173291962362,12.132119576567721,35.25230820162024,54.09844036279323,26.771254784030262,62.5794937803832,-0.07213350945480035,0.19159358013792763,-0.07841476660637225,-0.11405989316963033,-0.26372708959272795,0.03564512656325808,0.11946007068312728,-0.1924746597760026,A0-DYNAMIC-OPPONENT-ADJUSTED-JOINT-SCORE-V1,2022,2021,2021-REG-END,100.0,4,phase3-feature-provenance-v1,5f148219527b07d85261d3f196ace97a5eb5646271d43596032a692389abc579,2c5cc1af74fc5f3955e44361b82b791710e4b63bbc69b0c15570617e2d86e543,NONE,A0_training_only_home_away_cov_v1,95.64081495004962,93.70909661084158,2.9146961430293654
2022_09_SEA_ARI,2022,9,2022-11-06,ARI,SEA,21.0,31.0,23.095422964678914,23.891397994290738,0.0,-10.0,52.0,-0.7959750296118244,46.98682095896965,0.47657296300866453,9.779612208571955,9.680345893140471,13.546974543226709,13.970658676202419,13.760447360492725,-9.933270505185485,8.341320445961836,-18.157121463876866,16.565171404653217,37.563754878383165,56.40988703955614,29.08270146079318,64.89094045714612,0.008870822096719182,0.2248014785283947,-0.14706064958902637,0.015463454268807372,-0.2159306564316755,-0.16252410385783375,0.23367230062511388,-0.131597195320219,A0-DYNAMIC-OPPONENT-ADJUSTED-JOINT-SCORE-V1,2022,2021,2021-REG-END,100.0,4,phase3-feature-provenance-v1,5f148219527b07d85261d3f196ace97a5eb5646271d43596032a692389abc579,2c5cc1af74fc5f3955e44361b82b791710e4b63bbc69b0c15570617e2d86e543,NONE,A0_training_only_home_away_cov_v1,95.64081495004962,93.70909661084158,2.9146961430293654
2022_09_TEN_KC,2022,9,2022-11-06,KC,TEN,20.0,17.0,30.41246447829453,20.73900112195564,7.0,3.0,37.0,9.673463356338893,51.15146560025017,0.7624074872611596,9.779612208571955,9.680345893140471,13.546974543226709,13.970658676202419,13.760447360492725,0.5361678807652321,18.81075883191255,-7.687683077926149,27.034609790603934,41.72839951966368,60.57453168083666,33.2473461020737,69.05558509842663,0.10584012327700514,-0.03864361265044363,0.22358546046889155,0.18055404223667765,0.14448373592744876,0.0430314182322139,0.06719651062656151,0.4041395027055692,A0-DYNAMIC-OPPONENT-ADJUSTED-JOINT-SCORE-V1,2022,2021,2021-REG-END,100.0,4,phase3-feature-provenance-v1,5f148219527b07d85261d3f196ace97a5eb5646271d43596032a692389abc579,2c5cc1af74fc5f3955e44361b82b791710e4b63bbc69b0c15570617e2d86e543,NONE,A0_training_only_home_away_cov_v1,95.64081495004962,93.70909661084158,2.9146961430293654
2022_10_ARI_LA,2022,10,2022-11-13,LA,ARI,17.0,27.0,23.399839794541958,19.869283954429513,0.0,-10.0,44.0,3.530555840112445,43.26912374897147,0.602805604595953,9.779612208571955,9.680345893140471,13.546974543226709,13.970658676202419,13.760447360492725,-5.606739635461215,12.667851315686105,-13.830590594152596,20.891702274377487,33.84605766838497,52.69218982955796,25.365004250794996,61.17324324714794,0.05621747395265683,0.008870822096719182,0.08253787170302739,-0.14706064958902637,0.04734665185593765,0.22959852129205377,0.06508829604937602,-0.06452277788599899,A0-DYNAMIC-OPPONENT-ADJUSTED-JOINT-SCORE-V1,2022,2021,2021-REG-END,100.0,4,phase3-feature-provenance-v1,5f148219527b07d85261d3f196ace97a5eb5646271d43596032a692389abc579,2c5cc1af74fc5f3955e44361b82b791710e4b63bbc69b0c15570617e2d86e543,NONE,A0_training_only_home_away_cov_v1,95.64081495004962,93.70909661084158,2.9146961430293654
2022_10_ATL_CAR,2022,10,2022-11-10,CAR,ATL,25.0,15.0,20.602748590579772,21.494157818523117,0.0,10.0,40.0,-0.8914092279433454,42.096906409102886,0.473767990282999,9.779612208571955,9.680345893140471,13.546974543226709,13.970658676202419,13.760447360492725,-10.028704703517006,8.245886247630315,-18.252555662208387,16.469737206321696,32.67384032851639,51.51997248968938,24.192786910926415,60.001025907279356,-0.2143661302664187,-0.14263025478786803,-0.2377145663390232,-0.1675903674837904,-0.07173587547855068,-0.0701241988552328,-0.35699638505428677,-0.4053049338228136,A0-DYNAMIC-OPPONENT-ADJUSTED-JOINT-SCORE-V1,2022,2021,2021-REG-END,100.0,4,phase3-feature-provenance-v1,5f148219527b07d85261d3f196ace97a5eb5646271d43596032a692389abc579,2c5cc1af74fc5f3955e44361b82b791710e4b63bbc69b0c15570617e2d86e543,NONE,A0_training_only_home_away_cov_v1,95.64081495004962,93.70909661084158,2.9146961430293654
2022_10_CLE_MIA,2022,10,2022-11-13,MIA,CLE,39.0,17.0,23.130128817132498,22.239314789055125,-6.0,22.0,56.0,0.8908140280773722,45.36944360618762,0.5262145196692366,9.779612208571955,9.680345893140471,13.546974543226709,13.970658676202419,13.760447360492725,-8.246481447496288,10.028109503651033,-16.47033240618767,18.251960462342414,35.946377525601136,54.79250968677411,27.465324108011153,63.273563104364094,-0.0026372115794037125,-0.25816945214175446,0.09177635984461763,0.16449540546957736,0.25553224056235074,-0.07271904562495973,-0.2608066637211582,0.256271765314195,A0-DYNAMIC-OPPONENT-ADJUSTED-JOINT-SCORE-V1,2022,2021,2021-REG-END,100.0,4,phase3-feature-provenance-v1,5f148219527b07d85261d3f196ace97a5eb5646271d43596032a692389abc579,2c5cc1af74fc5f3955e44361b82b791710e4b63bbc69b0c15570617e2d86e543,NONE,A0_training_only_home_away_cov_v1,95.64081495004962,93.70909661084158,2.9146961430293654
2022_10_DAL_GB,2022,10,2022-11-13,GB,DAL,31.0,28.0,22.22324460462658,25.055801326013047,-7.0,3.0,59.0,-2.8325567213864673,47.279045930639626,0.41718841962473924,9.779612208571955,9.680345893140471,13.546974543226709,13.970658676202419,13.760447360492725,-11.969852196960128,6.304738754187193,-20.19370315565151,14.528589712878574,37.85597985005313,56.70211201122612,29.374926432463155,65.1831654288161,0.11736151334821991,0.5492000666446551,-0.025880707270160803,0.06847973493858281,-0.4318385532964352,-0.09436044220874361,0.666561579992875,0.04259902766842201,A0-DYNAMIC-OPPONENT-ADJUSTED-JOINT-SCORE-V1,2022,2021,2021-REG-END,100.0,4,phase3-feature-provenance-v1,5f148219527b07d85261d3f196ace97a5eb5646271d43596032a692389abc579,2c5cc1af74fc5f3955e44361b82b791710e4b63bbc69b0c15570617e2d86e543,NONE,A0_training_only_home_away_cov_v1,95.64081495004962,93.70909661084158,2.9146961430293654
2022_10_DEN_TEN,2022,10,2022-11-13,TEN,DEN,17.0,10.0,21.101687686622036,18.721778763678792,-7.0,7.0,27.0,2.379908922943244,39.82346645030083,0.5697266423692048,9.779612208571955,9.680345893140471,13.546974543226709,13.970658676202419,13.760447360492725,-6.757386552630416,11.517204398516904,-14.981237511321797,19.741055357208285,30.400400369714337,49.24653253088732,21.919346952124357,57.7275859484773,-0.03864361265044363,-0.1921088344744899,0.18055404223667765,0.1941139863555186,0.15346522182404626,-0.013559944118840955,-0.23075244712493354,0.3746680285921963,A0-DYNAMIC-OPPONENT-ADJUSTED-JOINT-SCORE-V1,2022,2021,2021-REG-END,100.0,4,phase3-feature-provenance-v1,5f148219527b07d85261d3f196ace97a5eb5646271d43596032a692389abc579,2c5cc1af74fc5f3955e44361b82b791710e4b63bbc69b0c15570617e2d86e543,NONE,A0_training_only_home_away_cov_v1,95.64081495004962,93.70909661084158,2.9146961430293654
2022_10_DET_CHI,2022,10,2022-11-13,CHI,DET,30.0,31.0,22.88490288059752,20.761696487135094,0.0,-1.0,61.0,2.123206393462425,43.64659936773261,0.5622708608086489,9.779612208571955,9.680345893140471,13.546974543226709,13.970658676202419,13.760447360492725,-7.014089082111235,11.260501869036085,-15.237940040802616,19.484352827727466,34.223533287146125,53.0696654483191,25.742479869556142,61.55071886590908,-0.020868241005468458,0.1109426512961182,-0.014470467104029806,-0.23305538195930073,-0.13181089230158666,0.21858491485527093,0.09007441029064975,-0.24752584906333053,A0-DYNAMIC-OPPONENT-ADJUSTED-JOINT-SCORE-V1,2022,2021,2021-REG-END,100.0,4,phase3-feature-provenance-v1,5f148219527b07d85261d3f196ace97a5eb5646271d43596032a692389abc579,2c5cc1af74fc5f3955e44361b82b791710e4b63bbc69b0c15570617e2d86e543,NONE,A0_training_only_home_away_cov_v1,95.64081495004962,93.70909661084158,2.9146961430293654
2022_10_HOU_NYG,2022,10,2022-11-13,NYG,HOU,24.0,16.0,21.73194365678876,17.43547189324989,4.0,8.0,40.0,4.296471763538872,39.167415550038655,0.6244364727032417,9.779612208571955,9.680345893140471,13.546974543226709,13.970658676202419,13.760447360492725,-4.840823712034789,13.433767239112532,-13.06467467072617,21.657618197803913,29.744349469452164,48.59048163062515,21.263296051862184,57.071535048215125,-0.45037256884367716,-0.07213350945480035,-0.05358945455510565,-0.07841476660637225,-0.3782390593888768,0.024825312051266604,-0.5225060782984775,-0.13200422116147792,A0-DYNAMIC-OPPONENT-ADJUSTED-JOINT-SCORE-V1,2022,2021,2021-REG-END,100.0,4,phase3-feature-provenance-v1,5f148219527b07d85261d3f196ace97a5eb5646271d43596032a692389abc579,2c5cc1af74fc5f3955e44361b82b791710e4b63bbc69b0c15570617e2d86e543,NONE,A0_training_only_home_away_cov_v1,95.64081495004962,93.70909661084158,2.9146961430293654
2022_10_IND_LV,2022,10,2022-11-13,LV,IND,20.0,25.0,23.472214071520007,19.980030712804314,0.0,-5.0,45.0,3.4921833587156925,43.45224478432432,0.6017129105107542,9.779612208571955,9.680345893140471,13.546974543226709,13.970658676202419,13.760447360492725,-5.645112116857968,12.629478834289353,-13.868963075549349,20.853329792980734,34.02917870373783,52.875310864910816,25.54812528614785,61.35636428250079,-0.12652109659752947,-0.015951618418332723,-0.08040987529644641,0.07789186622630548,-0.11056947817919674,-0.1583017415227519,-0.1424727150158622,-0.0025180090701409363,A0-DYNAMIC-OPPONENT-ADJUSTED-JOINT-SCORE-V1,2022,2021,2021-REG-END,100.0,4,phase3-feature-provenance-v1,5f148219527b07d85261d3f196ace97a5eb5646271d43596032a692389abc579,2c5cc1af74fc5f3955e44361b82b791710e4b63bbc69b0c15570617e2d86e543,NONE,A0_training_only_home_away_cov_v1,95.64081495004962,93.70909661084158,2.9146961430293654
2022_10_JAX_KC,2022,10,2022-11-13,KC,JAX,27.0,17.0,30.240235788496285,20.817631707530666,0.0,10.0,44.0,9.42260408096562,51.05786749602695,0.7566447932098435,9.779612208571955,9.680345893140471,13.546974543226709,13.970658676202419,13.760447360492725,0.28530860539195935,18.55989955653928,-7.938542353299422,26.78375051523066,41.634801415440464,60.48093357661344,33.15374799785048,68.96198699420341,0.10584012327700514,-0.24697244498160595,0.22358546046889155,-0.11796565938630967,0.35281256825861107,0.3415511198552012,-0.14113232170460083,0.10561980108258189,A0-DYNAMIC-OPPONENT-ADJUSTED-JOINT-SCORE-V1,2022,2021,2021-REG-END,100.0,4,phase3-feature-provenance-v1,5f148219527b07d85261d3f196ace97a5eb5646271d43596032a692389abc579,2c5cc1af74fc5f3955e44361b82b791710e4b63bbc69b0c15570617e2d86e543,NONE,A0_training_only_home_away_cov_v1,95.64081495004962,93.70909661084158,2.9146961430293654
2022_10_LAC_SF,2022,10,2022-11-13,SF,LAC,22.0,16.0,28.13667002616389,20.80131162549952,7.0,6.0,38.0,7.335358400664372,48.93798165166341,0.7059101511380628,9.779612208571955,9.680345893140471,13.546974543226709,13.970658676202419,13.760447360492725,-1.8019370749092882,16.472653876238034,-10.02578803360067,24.696504834929414,39.51491557107691,58.3610477322499,31.033862153486936,66.84210114983988,0.012693565957974957,0.32148856794341374,0.14997274445167347,-0.3157263800910933,-0.3087950019854388,0.46569912454276674,0.3341821339013887,-0.1657536356394198,A0-DYNAMIC-OPPONENT-ADJUSTED-JOINT-SCORE-V1,2022,2021,2021-REG-END,100.0,4,phase3-feature-provenance-v1,5f148219527b07d85261d3f196ace97a5eb5646271d43596032a692389abc579,2c5cc1af74fc5f3955e44361b82b791710e4b63bbc69b0c15570617e2d86e543,NONE,A0_training_only_home_away_cov_v1,95.64081495004962,93.70909661084158,2.9146961430293654
2022_10_MIN_BUF,2022,10,2022-11-13,BUF,MIN,30.0,33.0,27.633712398060904,20.294023654198725,0.0,-3.0,63.0,7.33968874386218,47.92773605225963,0.7060202761005441,9.779612208571955,9.680345893140471,13.546974543226709,13.970658676202419,13.760447360492725,-1.7976067317114808,16.476984219435842,-10.021457690402862,24.70083517812722,38.50466997167314,57.35080213284613,30.023616554083162,65.8318555504361,0.08225346674958009,0.0656399857865026,0.2209298058897161,-0.11143618830138141,0.016613480963077493,0.3323659941910975,0.1478934525360827,0.1094936175883347,A0-DYNAMIC-OPPONENT-ADJUSTED-JOINT-SCORE-V1,2022,2021,2021-REG-END,100.0,4,phase3-feature-provenance-v1,5f148219527b07d85261d3f196ace97a5eb5646271d43596032a692389abc579,2c5cc1af74fc5f3955e44361b82b791710e4b63bbc69b0c15570617e2d86e543,NONE,A0_training_only_home_away_cov_v1,95.64081495004962,93.70909661084158,2.9146961430293654
2022_10_NO_PIT,2022,10,2022-11-13,PIT,NO,20.0,10.0,20.57702092237158,19.329595143742424,8.0,10.0,30.0,1.2474257786291574,39.906616066114005,0.536683357808626,9.779612208571955,9.680345893140471,13.546974543226709,13.970658676202419,13.760447360492725,-7.889869696944503,10.384721254202818,-16.113720655635884,18.6085722128942,30.483549985527514,49.32968214670049,22.002496567937534,57.810735564290475,-0.0474137114152845,-0.126816299830111,0.05341017065874456,0.15803755187940138,0.0794025884148265,-0.10462738122065682,-0.1742300112453955,0.21144772253814595,A0-DYNAMIC-OPPONENT-ADJUSTED-JOINT-SCORE-V1,2022,2021,2021-REG-END,100.0,4,phase3-feature-provenance-v1,5f148219527b07d85261d3f196ace97a5eb5646271d43596032a692389abc579,2c5cc1af74fc5f3955e44361b82b791710e4b63bbc69b0c15570617e2d86e543,NONE,A0_training_only_home_away_cov_v1,95.64081495004962,93.70909661084158,2.9146961430293654
2022_10_SEA_TB,2022,10,2022-11-13,TB,SEA,21.0,16.0,25.2738194591254,22.247854149395337,0.0,5.0,37.0,3.0259653097300614,47.521673608520736,0.5883755812589917,9.779612208571955,9.680345893140471,13.546974543226709,13.970658676202419,13.760447360492725,-6.111330165843599,12.163260785303722,-14.33518112453498,20.387111743995103,38.09860752793425,56.94473968910722,29.617554110344265,65.4257931066972,0.21763267559674446,0.2248014785283947,0.10640645435692025,0.015463454268807372,-0.007168802931650231,0.09094300008811289,0.44243415412513915,0.12186990862572762,A0-DYNAMIC-OPPONENT-ADJUSTED-JOINT-SCORE-V1,2022,2021,2021-REG-END,100.0,4,phase3-feature-provenance-v1,5f148219527b07d85261d3f196ace97a5eb5646271d43596032a692389abc579,2c5cc1af74fc5f3955e44361b82b791710e4b63bbc69b0c15570617e2d86e543,NONE,A0_training_only_home_away_cov_v1,95.64081495004962,93.70909661084158,2.9146961430293654
2022_10_WAS_PHI,2022,10,2022-11-14,PHI,WAS,21.0,32.0,26.90467502900501,17.611534675189795,3.0,-11.0,53.0,9.293140353815215,44.51620970419481,0.753641486485712,9.779612208571955,9.680345893140471,13.546974543226709,13.970658676202419,13.760447360492725,0.15584487824155424,18.430435829388877,-8.068006080449827,26.654286788080256,35.09314362360831,53.9392757847813,26.612090206018337,62.42032920237128,0.19159358013792763,-0.09684973449435927,-0.11405989316963033,-0.04072357670931882,0.2884433146322869,-0.07333631646031151,0.09474384564356836,-0.15478346987894914,A0-DYNAMIC-OPPONENT-ADJUSTED-JOINT-SCORE-V1,2022,2021,2021-REG-END,100.0,4,phase3-feature-provenance-v1,5f148219527b07d85261d3f196ace97a5eb5646271d43596032a692389abc579,2c5cc1af74fc5f3955e44361b82b791710e4b63bbc69b0c15570617e2d86e543,NONE,A0_training_only_home_away_cov_v1,95.64081495004962,93.70909661084158,2.9146961430293654
2022_11_CAR_BAL,2022,11,2022-11-20,BAL,CAR,13.0,3.0,25.65171360367558,16.73654226265345,3.0,10.0,16.0,8.91517134102213,42.38825586632903,0.7447608659150162,9.779612208571955,9.680345893140471,13.546974543226709,13.970658676202419,13.760447360492725,-0.2221241345515299,18.05246681659579,-8.445975093242911,26.276317775287172,32.96518978574254,51.81132194691553,24.484136368152562,60.2923753645055,-0.2140417293747926,-0.2143661302664187,-0.05295866194760351,-0.2377145663390232,0.00032440089162610874,0.18475590439141967,-0.4284078596412113,-0.2906732282866267,A0-DYNAMIC-OPPONENT-ADJUSTED-JOINT-SCORE-V1,2022,2021,2021-REG-END,100.0,4,phase3-feature-provenance-v1,5f148219527b07d85261d3f196ace97a5eb5646271d43596032a692389abc579,2c5cc1af74fc5f3955e44361b82b791710e4b63bbc69b0c15570617e2d86e543,NONE,A0_training_only_home_away_cov_v1,95.64081495004962,93.70909661084158,2.9146961430293654
2022_11_CHI_ATL,2022,11,2022-11-20,ATL,CHI,27.0,24.0,23.966006185216255,19.919528811788958,3.0,3.0,51.0,4.046477373427297,43.88553499700521,0.6174154109972925,9.779612208571955,9.680345893140471,13.546974543226709,13.970658676202419,13.760447360492725,-5.090818102146363,13.183772849000958,-13.314669060837744,21.40762380769234,34.462468916418715,53.3086010775917,25.98141549882874,61.78965449518168,-0.14263025478786803,-0.020868241005468458,-0.1675903674837904,-0.014470467104029806,-0.12176201378239958,-0.1531199003797606,-0.1634984957933365,-0.1820608345878202,A0-DYNAMIC-OPPONENT-ADJUSTED-JOINT-SCORE-V1,2022,2021,2021-REG-END,100.0,4,phase3-feature-provenance-v1,5f148219527b07d85261d3f196ace97a5eb5646271d43596032a692389abc579,2c5cc1af74fc5f3955e44361b82b791710e4b63bbc69b0c15570617e2d86e543,NONE,A0_training_only_home_away_cov_v1,95.64081495004962,93.70909661084158,2.9146961430293654
2022_11_CIN_PIT,2022,11,2022-11-20,PIT,CIN,30.0,37.0,19.27804084703925,24.959439655256364,-7.0,-7.0,67.0,-5.681398808217114,44.23748050229561,0.33746736840510194,9.779612208571955,9.680345893140471,13.546974543226709,13.970658676202419,13.760447360492725,-14.818694283790775,3.455896667356546,-23.042545242482156,11.679747626047927,34.81441442170912,53.660546582882105,26.33336100411914,62.14160000047208,-0.0474137114152845,0.21156988341132582,0.05341017065874456,0.04177236017051903,-0.2589835948266103,0.011637810488225528,0.16415617199604132,0.09518253082926359,A0-DYNAMIC-OPPONENT-ADJUSTED-JOINT-SCORE-V1,2022,2021,2021-REG-END,100.0,4,phase3-feature-provenance-v1,5f148219527b07d85261d3f196ace97a5eb5646271d43596032a692389abc579,2c5cc1af74fc5f3955e44361b82b791710e4b63bbc69b0c15570617e2d86e543,NONE,A0_training_only_home_away_cov_v1,95.64081495004962,93.70909661084158,2.9146961430293654
2022_11_CLE_BUF,2022,11,2022-11-20,BUF,CLE,31.0,23.0,27.495071083595818,20.117498054917252,0.0,8.0,54.0,7.377573028678565,47.61256913851307,0.7069828972885299,9.779612208571955,9.680345893140471,13.546974543226709,13.970658676202419,13.760447360492725,-1.7597224468950952,16.514868504252227,-9.983573405586476,24.738719462943607,38.18950305792657,57.03563521909956,29.708449640336596,65.51668863668954,0.08225346674958009,-0.25816945214175446,0.2209298058897161,0.16449540546957736,0.3404229188913346,0.05643440042013875,-0.17591598539217437,0.3854252113592935,A0-DYNAMIC-OPPONENT-ADJUSTED-JOINT-SCORE-V1,2022,2021,2021-REG-END,100.0,4,phase3-feature-provenance-v1,5f148219527b07d85261d3f196ace97a5eb5646271d43596032a692389abc579,2c5cc1af74fc5f3955e44361b82b791710e4b63bbc69b0c15570617e2d86e543,NONE,A0_training_only_home_away_cov_v1,95.64081495004962,93.70909661084158,2.9146961430293654
2022_11_DAL_MIN,2022,11,2022-11-20,MIN,DAL,3.0,40.0,22.46213229545091,24.070563442116427,0.0,-37.0,43.0,-1.6084311466655166,46.53269573756734,0.45274466740612873,9.779612208571955,9.680345893140471,13.546974543226709,13.970658676202419,13.760447360492725,-10.745726622239177,7.528864328908144,-18.969577580930558,15.752715287599525,37.10962965698084,55.95576181815383,28.628576239390867,64.43681523574381,0.0656399857865026,0.5492000666446551,-0.11143618830138141,0.06847973493858281,-0.48356008085815255,-0.17991592323996422,0.6148400524311577,-0.0429564533627986,A0-DYNAMIC-OPPONENT-ADJUSTED-JOINT-SCORE-V1,2022,2021,2021-REG-END,100.0,4,phase3-feature-provenance-v1,5f148219527b07d85261d3f196ace97a5eb5646271d43596032a692389abc579,2c5cc1af74fc5f3955e44361b82b791710e4b63bbc69b0c15570617e2d86e543,NONE,A0_training_only_home_away_cov_v1,95.64081495004962,93.70909661084158,2.9146961430293654
2022_11_DET_NYG,2022,11,2022-11-20,NYG,DET,18.0,31.0,22.49594870222446,21.67237306053689,0.0,-13.0,49.0,0.8235756416875688,44.16832176276135,0.524238391216093,9.779612208571955,9.680345893140471,13.546974543226709,13.970658676202419,13.760447360492725,-8.313719833886092,9.96087111726123,-16.537570792577473,18.18472207595261,34.74525568217486,53.591387843347846,26.26420226458488,62.07244126093782,-0.45037256884367716,0.1109426512961182,-0.05358945455510565,-0.23305538195930073,-0.5613152201397954,0.1794659274041951,-0.33942991754755897,-0.28664483651440636,A0-DYNAMIC-OPPONENT-ADJUSTED-JOINT-SCORE-V1,2022,2021,2021-REG-END,100.0,4,phase3-feature-provenance-v1,5f148219527b07d85261d3f196ace97a5eb5646271d43596032a692389abc579,2c5cc1af74fc5f3955e44361b82b791710e4b63bbc69b0c15570617e2d86e543,NONE,A0_training_only_home_away_cov_v1,95.64081495004962,93.70909661084158,2.9146961430293654
2022_11_KC_LAC,2022,11,2022-11-20,LAC,KC,27.0,30.0,24.19376754631107,28.681576510547806,0.0,-3.0,57.0,-4.487808964236738,52.87534405685888,0.37021741174333106,9.779612208571955,9.680345893140471,13.546974543226709,13.970658676202419,13.760447360492725,-13.625104439810398,4.649486511336923,-21.84895539850178,12.873337470028304,43.452277976272384,62.29841013744537,34.97122455868241,70.77946355503535,0.32148856794341374,0.10584012327700514,-0.3157263800910933,0.22358546046889155,0.2156484446664086,-0.5393118405599848,0.4273286912204189,-0.09214091962220172,A0-DYNAMIC-OPPONENT-ADJUSTED-JOINT-SCORE-V1,2022,2021,2021-REG-END,100.0,4,phase3-feature-provenance-v1,5f148219527b07d85261d3f196ace97a5eb5646271d43596032a692389abc579,2c5cc1af74fc5f3955e44361b82b791710e4b63bbc69b0c15570617e2d86e543,NONE,A0_training_only_home_away_cov_v1,95.64081495004962,93.70909661084158,2.9146961430293654
2022_11_LA_NO,2022,11,2022-11-20,NO,LA,27.0,20.0,21.662565683479087,18.829058582390818,0.0,7.0,47.0,2.8335071010882693,40.4916242658699,0.5828389625668795,9.779612208571955,9.680345893140471,13.546974543226709,13.970658676202419,13.760447360492725,-6.303788374485391,11.97080257666193,-14.527639333176772,20.19465353535331,31.06855818528341,49.914690346456396,22.58750476769343,58.39574376404637,-0.126816299830111,0.05621747395265683,0.15803755187940138,0.08253787170302739,-0.18303377378276783,0.075499680176374,-0.07059882587745417,0.24057542358242878,A0-DYNAMIC-OPPONENT-ADJUSTED-JOINT-SCORE-V1,2022,2021,2021-REG-END,100.0,4,phase3-feature-provenance-v1,5f148219527b07d85261d3f196ace97a5eb5646271d43596032a692389abc579,2c5cc1af74fc5f3955e44361b82b791710e4b63bbc69b0c15570617e2d86e543,NONE,A0_training_only_home_away_cov_v1,95.64081495004962,93.70909661084158,2.9146961430293654
2022_11_LV_DEN,2022,11,2022-11-20,DEN,LV,16.0,22.0,21.65195116504157,20.88534699886315,0.0,-6.0,38.0,0.7666041661784213,42.53729816390472,0.5225635374326772,9.779612208571955,9.680345893140471,13.546974543226709,13.970658676202419,13.760447360492725,-8.370691309395239,9.903899641752082,-16.59454226808662,18.127750600443463,33.11423208331823,51.96036424449122,24.633178665728252,60.44141766208119,-0.1921088344744899,-0.12652109659752947,0.1941139863555186,-0.08040987529644641,-0.06558773787696043,0.274523861651965,-0.31862993107201937,0.11370411105907219,A0-DYNAMIC-OPPONENT-ADJUSTED-JOINT-SCORE-V1,2022,2021,2021-REG-END,100.0,4,phase3-feature-provenance-v1,5f148219527b07d85261d3f196ace97a5eb5646271d43596032a692389abc579,2c5cc1af74fc5f3955e44361b82b791710e4b63bbc69b0c15570617e2d86e543,NONE,A0_training_only_home_away_cov_v1,95.64081495004962,93.70909661084158,2.9146961430293654
2022_11_NYJ_NE,2022,11,2022-11-20,NE,NYJ,10.0,3.0,23.986562036457293,16.85802585813254,0.0,7.0,13.0,7.1285361783247545,40.844587894589836,0.7006284031273424,9.779612208571955,9.680345893140471,13.546974543226709,13.970658676202419,13.760447360492725,-2.008759297248906,16.265831653898417,-10.232610255940287,24.489682612589796,31.421521814003345,50.26765397517633,22.940468396413365,58.748707392766306,0.2700711473094847,-0.010455499555814913,0.12607198904780134,-0.19961669980305208,0.28052664686529966,0.32568868885085345,0.2596156477536698,-0.07354471075525074,A0-DYNAMIC-OPPONENT-ADJUSTED-JOINT-SCORE-V1,2022,2021,2021-REG-END,100.0,4,phase3-feature-provenance-v1,5f148219527b07d85261d3f196ace97a5eb5646271d43596032a692389abc579,2c5cc1af74fc5f3955e44361b82b791710e4b63bbc69b0c15570617e2d86e543,NONE,A0_training_only_home_away_cov_v1,95.64081495004962,93.70909661084158,2.9146961430293654
2022_11_PHI_IND,2022,11,2022-11-20,IND,PHI,16.0,17.0,21.57719970802101,23.221533624970313,1.0,-1.0,33.0,-1.6443339169493036,44.79873333299132,0.45169496595641856,9.779612208571955,9.680345893140471,13.546974543226709,13.970658676202419,13.760447360492725,-10.781629392522964,7.492961558624357,-19.005480351214345,15.716812517315738,35.375667252404824,54.22179941357781,26.894613834814848,62.70285283116779,-0.015951618418332723,0.19159358013792763,0.07789186622630548,-0.11405989316963033,-0.20754519855626036,0.1919517593959358,0.1756419617195949,-0.036168026943324855,A0-DYNAMIC-OPPONENT-ADJUSTED-JOINT-SCORE-V1,2022,2021,2021-REG-END,100.0,4,phase3-feature-provenance-v1,5f148219527b07d85261d3f196ace97a5eb5646271d43596032a692389abc579,2c5cc1af74fc5f3955e44361b82b791710e4b63bbc69b0c15570617e2d86e543,NONE,A0_training_only_home_away_cov_v1,95.64081495004962,93.70909661084158,2.9146961430293654
2022_11_SF_ARI,2022,11,2022-11-21,ARI,SF,10.0,38.0,21.69171218032876,24.537505961173533,0.0,-28.0,48.0,-2.8457937808447724,46.229218141502294,0.4168070717545808,9.779612208571955,9.680345893140471,13.546974543226709,13.970658676202419,13.760447360492725,-11.983089256418433,6.291501694728888,-20.206940215109814,14.515352653420269,36.80615206091581,55.65228422208878,28.325098643325823,64.13333763967876,0.008870822096719182,0.012693565957974957,-0.14706064958902637,0.14997274445167347,-0.003822743861255775,-0.29703339404069984,0.02156438805469414,0.0029120948626470966,A0-DYNAMIC-OPPONENT-ADJUSTED-JOINT-SCORE-V1,2022,2021,2021-REG-END,100.0,4,phase3-feature-provenance-v1,5f148219527b07d85261d3f196ace97a5eb5646271d43596032a692389abc579,2c5cc1af74fc5f3955e44361b82b791710e4b63bbc69b0c15570617e2d86e543,NONE,A0_training_only_home_away_cov_v1,95.64081495004962,93.70909661084158,2.9146961430293654
2022_11_TEN_GB,2022,11,2022-11-17,GB,TEN,17.0,27.0,24.170275017033585,21.276998217547145,0.0,-10.0,44.0,2.89327679948644,45.447273234580734,0.5845602252318347,9.779612208571955,9.680345893140471,13.546974543226709,13.970658676202419,13.760447360492725,-6.2440186760872205,12.0305722750601,-14.467869634778602,20.25442323375148,36.02420715399424,54.87033931516723,27.543153736404264,63.351392732757205,0.11736151334821991,-0.03864361265044363,-0.025880707270160803,0.18055404223667765,0.15600512599866354,-0.20643474950683846,0.07871790069777629,0.15467333496651683,A0-DYNAMIC-OPPONENT-ADJUSTED-JOINT-SCORE-V1,2022,2021,2021-REG-END,100.0,4,phase3-feature-provenance-v1,5f148219527b07d85261d3f196ace97a5eb5646271d43596032a692389abc579,2c5cc1af74fc5f3955e44361b82b791710e4b63bbc69b0c15570617e2d86e543,NONE,A0_training_only_home_away_cov_v1,95.64081495004962,93.70909661084158,2.9146961430293654
2022_11_WAS_HOU,2022,11,2022-11-20,HOU,WAS,10.0,23.0,20.127601169964542,20.04497483821037,1.0,-13.0,33.0,0.08262633175417378,40.172576008174914,0.50243323206457,9.779612208571955,9.680345893140471,13.546974543226709,13.970658676202419,13.760447360492725,-9.054669143819487,9.219921807327834,-17.278520102510868,17.443772766019215,30.749509927588424,49.59564208876141,22.268456509998444,58.076695506351385,-0.07213350945480035,-0.09684973449435927,-0.07841476660637225,-0.04072357670931882,0.02471622503955892,-0.03769118989705343,-0.16898324394915962,-0.11913834331569108,A0-DYNAMIC-OPPONENT-ADJUSTED-JOINT-SCORE-V1,2022,2021,2021-REG-END,100.0,4,phase3-feature-provenance-v1,5f148219527b07d85261d3f196ace97a5eb5646271d43596032a692389abc579,2c5cc1af74fc5f3955e44361b82b791710e4b63bbc69b0c15570617e2d86e543,NONE,A0_training_only_home_away_cov_v1,95.64081495004962,93.70909661084158,2.9146961430293654
2022_12_ATL_WAS,2022,12,2022-11-27,WAS,ATL,19.0,13.0,22.562075493626928,20.039122594796346,0.0,6.0,32.0,2.5229528988305816,42.601198088423274,0.5738706898937004,9.779612208571955,9.680345893140471,13.546974543226709,13.970658676202419,13.760447360492725,-6.614342576743079,11.660248374404242,-14.83819353543446,19.884099333095623,33.17813200783678,52.02426416900977,24.697078590246804,60.505317586599745,-0.09684973449435927,-0.14263025478786803,-0.04072357670931882,-0.1675903674837904,0.045780520293508764,0.12686679077447155,-0.2394799892822273,-0.20831394419310922,A0-DYNAMIC-OPPONENT-ADJUSTED-JOINT-SCORE-V1,2022,2021,2021-REG-END,100.0,4,phase3-feature-provenance-v1,5f148219527b07d85261d3f196ace97a5eb5646271d43596032a692389abc579,2c5cc1af74fc5f3955e44361b82b791710e4b63bbc69b0c15570617e2d86e543,NONE,A0_training_only_home_away_cov_v1,95.64081495004962,93.70909661084158,2.9146961430293654
2022_12_BAL_JAX,2022,12,2022-11-27,JAX,BAL,28.0,27.0,24.025870854722022,21.92376336549009,7.0,1.0,55.0,2.1021074892319334,45.94963422021211,0.5616570331274079,9.779612208571955,9.680345893140471,13.546974543226709,13.970658676202419,13.760447360492725,-7.035187986341727,11.239402964805594,-15.259038945033108,19.463253923496975,36.526568139625624,55.3727003007986,28.04551472203564,63.85375371838858,-0.24697244498160595,-0.2140417293747926,-0.11796565938630967,-0.05295866194760351,-0.03293071560681335,-0.06500699743870617,-0.4610141743563986,-0.17092432133391317,A0-DYNAMIC-OPPONENT-ADJUSTED-JOINT-SCORE-V1,2022,2021,2021-REG-END,100.0,4,phase3-feature-provenance-v1,5f148219527b07d85261d3f196ace97a5eb5646271d43596032a692389abc579,2c5cc1af74fc5f3955e44361b82b791710e4b63bbc69b0c15570617e2d86e543,NONE,A0_training_only_home_away_cov_v1,95.64081495004962,93.70909661084158,2.9146961430293654
2022_12_BUF_DET,2022,12,2022-11-24,DET,BUF,25.0,28.0,22.856369219630338,27.15847799974223,0.0,-3.0,53.0,-4.302108780111894,50.01484721937257,0.375405676661933,9.779612208571955,9.680345893140471,13.546974543226709,13.970658676202419,13.760447360492725,-13.439404255685554,4.835186695461767,-21.663255214376935,13.059037654153148,40.591781138786075,59.437913299959064,32.1107277211961,67.91896671754904,0.1109426512961182,0.08225346674958009,-0.23305538195930073,0.2209298058897161,0.028689184546538113,-0.45398518784901687,0.1931961180456983,-0.012125576069584615,A0-DYNAMIC-OPPONENT-ADJUSTED-JOINT-SCORE-V1,2022,2021,2021-REG-END,100.0,4,phase3-feature-provenance-v1,5f148219527b07d85261d3f196ace97a5eb5646271d43596032a692389abc579,2c5cc1af74fc5f3955e44361b82b791710e4b63bbc69b0c15570617e2d86e543,NONE,A0_training_only_home_away_cov_v1,95.64081495004962,93.70909661084158,2.9146961430293654
2022_12_CHI_NYJ,2022,12,2022-11-27,NYJ,CHI,31.0,10.0,20.65719021223768,19.466047937181017,0.0,21.0,41.0,1.191142275056663,40.1232381494187,0.5350325766247888,9.779612208571955,9.680345893140471,13.546974543226709,13.970658676202419,13.760447360492725,-7.9461532005169975,10.328437750630323,-16.17000415920838,18.552288709321704,30.700172068832206,49.54630423000519,22.219118651242226,58.02735764759517,-0.010455499555814913,-0.020868241005468458,-0.19961669980305208,-0.014470467104029806,0.010412741449653545,-0.18514623269902228,-0.03132374056128337,-0.21408716690708188,A0-DYNAMIC-OPPONENT-ADJUSTED-JOINT-SCORE-V1,2022,2021,2021-REG-END,100.0,4,phase3-feature-provenance-v1,5f148219527b07d85261d3f196ace97a5eb5646271d43596032a692389abc579,2c5cc1af74fc5f3955e44361b82b791710e4b63bbc69b0c15570617e2d86e543,NONE,A0_training_only_home_away_cov_v1,95.64081495004962,93.70909661084158,2.9146961430293654
2022_12_CIN_TEN,2022,12,2022-11-27,TEN,CIN,16.0,20.0,24.28889864438389,22.506051791704994,3.0,-4.0,36.0,1.7828468526788974,46.79495043608888,0.552351554986759,9.779612208571955,9.680345893140471,13.546974543226709,13.970658676202419,13.760447360492725,-7.354448622894763,10.920142328252558,-15.578299581586144,19.14399328694394,37.37188435550239,56.21801651667538,28.890830937912412,64.69906993426535,-0.03864361265044363,0.21156988341132582,0.18055404223667765,0.04177236017051903,-0.25021349606176946,0.13878168206615862,0.17292627076088218,0.22232640240719667,A0-DYNAMIC-OPPONENT-ADJUSTED-JOINT-SCORE-V1,2022,2021,2021-REG-END,100.0,4,phase3-feature-provenance-v1,5f148219527b07d85261d3f196ace97a5eb5646271d43596032a692389abc579,2c5cc1af74fc5f3955e44361b82b791710e4b63bbc69b0c15570617e2d86e543,NONE,A0_training_only_home_away_cov_v1,95.64081495004962,93.70909661084158,2.9146961430293654
2022_12_DEN_CAR,2022,12,2022-11-27,CAR,DEN,23.0,10.0,18.08575655625829,18.910840406314044,0.0,13.0,33.0,-0.8250838500557549,36.99659696257233,0.4757172759934474,9.779612208571955,9.680345893140471,13.546974543226709,13.970658676202419,13.760447360492725,-9.962379325629415,8.312211625517905,-18.186230284320796,16.536062584209287,27.573530881985842,46.41966304315882,19.092477464395863,54.900716460748804,-0.2143661302664187,-0.1921088344744899,-0.2377145663390232,0.1941139863555186,-0.02225729579192881,-0.4318285526945418,-0.4064749647409086,-0.043600579983504584,A0-DYNAMIC-OPPONENT-ADJUSTED-JOINT-SCORE-V1,2022,2021,2021-REG-END,100.0,4,phase3-feature-provenance-v1,5f148219527b07d85261d3f196ace97a5eb5646271d43596032a692389abc579,2c5cc1af74fc5f3955e44361b82b791710e4b63bbc69b0c15570617e2d86e543,NONE,A0_training_only_home_away_cov_v1,95.64081495004962,93.70909661084158,2.9146961430293654
2022_12_GB_PHI,2022,12,2022-11-27,PHI,GB,40.0,33.0,25.376598672356316,23.115190314566988,-3.0,7.0,73.0,2.2614083577893282,48.491788986923304,0.566287781641374,9.779612208571955,9.680345893140471,13.546974543226709,13.970658676202419,13.760447360492725,-6.875887117784332,11.398703833362989,-15.099738076475713,19.62255479205437,39.068722906336816,57.91485506750979,30.587669488746833,66.39590848509977,0.19159358013792763,0.11736151334821991,-0.11405989316963033,-0.025880707270160803,0.07423206678970772,-0.08817918589946953,0.3089550934861475,-0.13994060043979115,A0-DYNAMIC-OPPONENT-ADJUSTED-JOINT-SCORE-V1,2022,2021,2021-REG-END,100.0,4,phase3-feature-provenance-v1,5f148219527b07d85261d3f196ace97a5eb5646271d43596032a692389abc579,2c5cc1af74fc5f3955e44361b82b791710e4b63bbc69b0c15570617e2d86e543,NONE,A0_training_only_home_away_cov_v1,95.64081495004962,93.70909661084158,2.9146961430293654
2022_12_HOU_MIA,2022,12,2022-11-27,MIA,HOU,30.0,15.0,27.92209984271569,15.80343009279599,7.0,15.0,45.0,12.118669749919698,43.72552993551168,0.8144905696975644,9.779612208571955,9.680345893140471,13.546974543226709,13.970658676202419,13.760447360492725,2.981374274346038,21.25596522549336,-5.242476684345343,29.47981618418474,34.30246385492519,53.14859601609817,25.82141043733521,61.62964943368815,-0.0026372115794037125,-0.07213350945480035,0.09177635984461763,-0.07841476660637225,0.06949629787539664,0.17019112645098988,-0.07477072103420405,0.013361593238245373,A0-DYNAMIC-OPPONENT-ADJUSTED-JOINT-SCORE-V1,2022,2021,2021-REG-END,100.0,4,phase3-feature-provenance-v1,5f148219527b07d85261d3f196ace97a5eb5646271d43596032a692389abc579,2c5cc1af74fc5f3955e44361b82b791710e4b63bbc69b0c15570617e2d86e543,NONE,A0_training_only_home_away_cov_v1,95.64081495004962,93.70909661084158,2.9146961430293654
2022_12_LAC_ARI,2022,12,2022-11-27,ARI,LAC,24.0,25.0,23.273291998916832,23.382927017620712,-1.0,-1.0,49.0,-0.10963501870388015,46.65621901653755,0.49677141439993744,9.779612208571955,9.680345893140471,13.546974543226709,13.970658676202419,13.760447360492725,-9.24693049427754,9.02766045686978,-17.47078145296892,17.25151141556116,37.233152935951054,56.07928509712404,28.752099518361078,64.56033851471402,0.008870822096719182,0.32148856794341374,-0.14706064958902637,-0.3157263800910933,-0.31261774584669455,0.1686657305020669,0.3303593900401329,-0.46278702968011964,A0-DYNAMIC-OPPONENT-ADJUSTED-JOINT-SCORE-V1,2022,2021,2021-REG-END,100.0,4,phase3-feature-provenance-v1,5f148219527b07d85261d3f196ace97a5eb5646271d43596032a692389abc579,2c5cc1af74fc5f3955e44361b82b791710e4b63bbc69b0c15570617e2d86e543,NONE,A0_training_only_home_away_cov_v1,95.64081495004962,93.70909661084158,2.9146961430293654
2022_12_LA_KC,2022,12,2022-11-27,KC,LA,26.0,10.0,29.60785803207486,20.138605735940793,0.0,16.0,36.0,9.469252296134066,49.74646376801565,0.7577220721975035,9.779612208571955,9.680345893140471,13.546974543226709,13.970658676202419,13.760447360492725,0.3319568205604053,18.606547771707724,-7.891894138130976,26.830398730399107,40.323397687429164,59.16952984860214,31.84234426983918,67.65058326619211,0.10584012327700514,0.05621747395265683,0.22358546046889155,0.08253787170302739,0.0496226493243483,0.14104758876586415,0.16205759722966195,0.30612333217191895,A0-DYNAMIC-OPPONENT-ADJUSTED-JOINT-SCORE-V1,2022,2021,2021-REG-END,100.0,4,phase3-feature-provenance-v1,5f148219527b07d85261d3f196ace97a5eb5646271d43596032a692389abc579,2c5cc1af74fc5f3955e44361b82b791710e4b63bbc69b0c15570617e2d86e543,NONE,A0_training_only_home_away_cov_v1,95.64081495004962,93.70909661084158,2.9146961430293654
2022_12_LV_SEA,2022,12,2022-11-27,SEA,LV,34.0,40.0,27.8926848413288,20.47558157329877,7.0,-6.0,74.0,7.417103268030033,48.36826641462757,0.7079857795296702,9.779612208571955,9.680345893140471,13.546974543226709,13.970658676202419,13.760447360492725,-1.7201922075436276,16.55439874360369,-9.944043166235009,24.778249702295074,38.945200334041076,57.791332495214064,30.4641469164511,66.27238591280404,0.2248014785283947,-0.12652109659752947,0.015463454268807372,-0.08040987529644641,0.35132257512592413,0.09587332956525378,0.09828038193086522,-0.06494642102763905,A0-DYNAMIC-OPPONENT-ADJUSTED-JOINT-SCORE-V1,2022,2021,2021-REG-END,100.0,4,phase3-feature-provenance-v1,5f148219527b07d85261d3f196ace97a5eb5646271d43596032a692389abc579,2c5cc1af74fc5f3955e44361b82b791710e4b63bbc69b0c15570617e2d86e543,NONE,A0_training_only_home_away_cov_v1,95.64081495004962,93.70909661084158,2.9146961430293654
2022_12_NE_MIN,2022,12,2022-11-24,MIN,NE,33.0,26.0,20.391865752282445,21.91311153101291,0.0,7.0,59.0,-1.5212457787304636,42.30497728329536,0.4552950962689519,9.779612208571955,9.680345893140471,13.546974543226709,13.970658676202419,13.760447360492725,-10.658541254304124,7.616049696843197,-18.882392212995505,15.839900655534578,32.881911202708864,51.72804336388185,24.400857785118887,60.20909678147183,0.0656399857865026,0.2700711473094847,-0.11143618830138141,0.12607198904780134,-0.20443116152298213,-0.23750817734918275,0.3357111330959873,0.01463580074641993,A0-DYNAMIC-OPPONENT-ADJUSTED-JOINT-SCORE-V1,2022,2021,2021-REG-END,100.0,4,phase3-feature-provenance-v1,5f148219527b07d85261d3f196ace97a5eb5646271d43596032a692389abc579,2c5cc1af74fc5f3955e44361b82b791710e4b63bbc69b0c15570617e2d86e543,NONE,A0_training_only_home_away_cov_v1,95.64081495004962,93.70909661084158,2.9146961430293654
2022_12_NO_SF,2022,12,2022-11-27,SF,NO,13.0,0.0,25.76655557203269,19.778399999717763,-1.0,13.0,13.0,5.988155572314927,45.54495557175045,0.67076588860589,9.779612208571955,9.680345893140471,13.546974543226709,13.970658676202419,13.760447360492725,-3.1491399032587335,15.125451047888587,-11.372990861950115,23.34930200657997,36.121889491163955,54.968021652336944,27.64083607357398,63.44907506992692,0.012693565957974957,-0.126816299830111,0.14997274445167347,0.15803755187940138,0.13950986578808597,-0.008064807427727916,-0.11412273387213605,0.30801029633107485,A0-DYNAMIC-OPPONENT-ADJUSTED-JOINT-SCORE-V1,2022,2021,2021-REG-END,100.0,4,phase3-feature-provenance-v1,5f148219527b07d85261d3f196ace97a5eb5646271d43596032a692389abc579,2c5cc1af74fc5f3955e44361b82b791710e4b63bbc69b0c15570617e2d86e543,NONE,A0_training_only_home_away_cov_v1,95.64081495004962,93.70909661084158,2.9146961430293654
2022_12_NYG_DAL,2022,12,2022-11-24,DAL,NYG,28.0,20.0,27.136041382792026,16.72718133379355,0.0,8.0,48.0,10.408860048998477,43.863222716585575,0.7788612857081336,9.779612208571955,9.680345893140471,13.546974543226709,13.970658676202419,13.760447360492725,1.2715645734248167,19.546155524572136,-6.952286385266564,27.77000648326352,34.44015663599909,53.28628879717206,25.959103218409105,61.767342214762046,0.5492000666446551,-0.45037256884367716,0.06847973493858281,-0.05358945455510565,0.9995726354883323,0.12206918949368846,0.09882749780097799,0.014890280383477159,A0-DYNAMIC-OPPONENT-ADJUSTED-JOINT-SCORE-V1,2022,2021,2021-REG-END,100.0,4,phase3-feature-provenance-v1,5f148219527b07d85261d3f196ace97a5eb5646271d43596032a692389abc579,2c5cc1af74fc5f3955e44361b82b791710e4b63bbc69b0c15570617e2d86e543,NONE,A0_training_only_home_away_cov_v1,95.64081495004962,93.70909661084158,2.9146961430293654
2022_12_PIT_IND,2022,12,2022-11-28,IND,PIT,17.0,24.0,21.30741045341093,18.086687885844892,0.0,-7.0,41.0,3.220722567566039,39.39409833925582,0.5939604775195322,9.779612208571955,9.680345893140471,13.546974543226709,13.970658676202419,13.760447360492725,-5.9165729080076215,12.3580180431397,-14.140423866699003,20.58186900183108,29.97103225866933,48.817164419842314,21.48997884107935,57.29821783743229,-0.015951618418332723,-0.0474137114152845,0.07789186622630548,0.05341017065874456,0.031462092996951775,0.02448169556756092,-0.06336532983361723,0.13130203688505004,A0-DYNAMIC-OPPONENT-ADJUSTED-JOINT-SCORE-V1,2022,2021,2021-REG-END,100.0,4,phase3-feature-provenance-v1,5f148219527b07d85261d3f196ace97a5eb5646271d43596032a692389abc579,2c5cc1af74fc5f3955e44361b82b791710e4b63bbc69b0c15570617e2d86e543,NONE,A0_training_only_home_away_cov_v1,95.64081495004962,93.70909661084158,2.9146961430293654
2022_12_TB_CLE,2022,12,2022-11-27,CLE,TB,23.0,17.0,22.102629065975734,25.404284087561336,-7.0,6.0,40.0,-3.301655021585603,47.50691315353707,0.40372423049181333,9.779612208571955,9.680345893140471,13.546974543226709,13.970658676202419,13.760447360492725,-12.438950497159263,5.8356404539880575,-20.662801455850644,14.059491412679439,38.083847072950576,56.929979234123564,29.6027936553606,65.41103265171354,-0.25816945214175446,0.21763267559674446,0.16449540546957736,0.10640645435692025,-0.47580212773849895,0.058088951112657106,-0.040536776545010006,0.2709018598264976,A0-DYNAMIC-OPPONENT-ADJUSTED-JOINT-SCORE-V1,2022,2021,2021-REG-END,100.0,4,phase3-feature-provenance-v1,5f148219527b07d85261d3f196ace97a5eb5646271d43596032a692389abc579,2c5cc1af74fc5f3955e44361b82b791710e4b63bbc69b0c15570617e2d86e543,NONE,A0_training_only_home_away_cov_v1,95.64081495004962,93.70909661084158,2.9146961430293654
2022_13_BUF_NE,2022,13,2022-12-01,NE,BUF,10.0,24.0,22.654300432465217,23.644684481521004,0.0,-14.0,34.0,-0.9903840490557876,46.29898491398622,0.470860327641297,9.779612208571955,9.680345893140471,13.546974543226709,13.970658676202419,13.760447360492725,-10.127679524629448,8.146911426517873,-18.35153048332083,16.370762385209254,36.87591883339972,55.72205099457271,28.394865415809747,64.20310441216269,0.2700711473094847,0.08225346674958009,0.12607198904780134,0.2209298058897161,0.18781768055990464,-0.09485781684191477,0.3523246140590648,0.3470017949375175,A0-DYNAMIC-OPPONENT-ADJUSTED-JOINT-SCORE-V1,2022,2021,2021-REG-END,100.0,4,phase3-feature-provenance-v1,5f148219527b07d85261d3f196ace97a5eb5646271d43596032a692389abc579,2c5cc1af74fc5f3955e44361b82b791710e4b63bbc69b0c15570617e2d86e543,NONE,A0_training_only_home_away_cov_v1,95.64081495004962,93.70909661084158,2.9146961430293654
2022_13_CLE_HOU,2022,13,2022-12-04,HOU,CLE,14.0,27.0,18.8789397984652,22.32316764049484,0.0,-13.0,41.0,-3.4442278420296404,41.20210743896004,0.3996537909982974,9.779612208571955,9.680345893140471,13.546974543226709,13.970658676202419,13.760447360492725,-12.5815233176033,5.69306763354402,-20.805374276294682,13.916918592235401,31.77904135837355,50.625173519546536,23.29798794078357,59.10622693713651,-0.07213350945480035,-0.25816945214175446,-0.07841476660637225,0.16449540546957736,0.18603594268695411,-0.24291017207594962,-0.3303029615965548,0.0860806388632051,A0-DYNAMIC-OPPONENT-ADJUSTED-JOINT-SCORE-V1,2022,2021,2021-REG-END,100.0,4,phase3-feature-provenance-v1,5f148219527b07d85261d3f196ace97a5eb5646271d43596032a692389abc579,2c5cc1af74fc5f3955e44361b82b791710e4b63bbc69b0c15570617e2d86e543,NONE,A0_training_only_home_away_cov_v1,95.64081495004962,93.70909661084158,2.9146961430293654
2022_13_DEN_BAL,2022,13,2022-12-04,BAL,DEN,10.0,9.0,24.258584158109386,18.041541037980572,0.0,1.0,19.0,6.217043120128814,42.30012519608996,0.6768559297817146,9.779612208571955,9.680345893140471,13.546974543226709,13.970658676202419,13.760447360492725,-2.9202523554448465,15.354338595702474,-11.144103314136228,23.578189554393855,32.87705911550347,51.723191276676445,24.396005697913488,60.20424469426643,-0.2140417293747926,-0.1921088344744899,-0.05295866194760351,0.1941139863555186,-0.021932894900302702,-0.24707264830312212,-0.4061505638492825,0.1411553244079151,A0-DYNAMIC-OPPONENT-ADJUSTED-JOINT-SCORE-V1,2022,2021,2021-REG-END,100.0,4,phase3-feature-provenance-v1,5f148219527b07d85261d3f196ace97a5eb5646271d43596032a692389abc579,2c5cc1af74fc5f3955e44361b82b791710e4b63bbc69b0c15570617e2d86e543,NONE,A0_training_only_home_away_cov_v1,95.64081495004962,93.70909661084158,2.9146961430293654
2022_13_GB_CHI,2022,13,2022-12-04,CHI,GB,19.0,28.0,21.75577103992983,24.39980336607344,0.0,-9.0,47.0,-2.644032326143609,46.15557440600327,0.4226279295450891,9.779612208571955,9.680345893140471,13.546974543226709,13.970658676202419,13.760447360492725,-11.78132780171727,6.493263149430051,-20.00517876040865,14.717114108121432,36.732508325416774,55.57864048658976,28.251454907826798,64.05969390417974,-0.020868241005468458,0.11736151334821991,-0.014470467104029806,-0.025880707270160803,-0.13822975435368837,0.011410240166130996,0.09649327234275146,-0.04035117437419061,A0-DYNAMIC-OPPONENT-ADJUSTED-JOINT-SCORE-V1,2022,2021,2021-REG-END,100.0,4,phase3-feature-provenance-v1,5f148219527b07d85261d3f196ace97a5eb5646271d43596032a692389abc579,2c5cc1af74fc5f3955e44361b82b791710e4b63bbc69b0c15570617e2d86e543,NONE,A0_training_only_home_away_cov_v1,95.64081495004962,93.70909661084158,2.9146961430293654
2022_13_IND_DAL,2022,13,2022-12-04,DAL,IND,54.0,19.0,27.035437461015512,16.51942110340588,4.0,35.0,73.0,10.516016357609633,43.554858564421394,0.7812031700214007,9.779612208571955,9.680345893140471,13.546974543226709,13.970658676202419,13.760447360492725,1.3787208820359727,19.653311833183295,-6.845130076655408,27.877162791874674,34.1317924838349,52.97792464500789,25.650739066244924,61.458978062597865,0.5492000666446551,-0.015951618418332723,0.06847973493858281,0.07789186622630548,0.5651516850629879,-0.00941213128772267,0.5332484482263224,0.1463716011648883,A0-DYNAMIC-OPPONENT-ADJUSTED-JOINT-SCORE-V1,2022,2021,2021-REG-END,100.0,4,phase3-feature-provenance-v1,5f148219527b07d85261d3f196ace97a5eb5646271d43596032a692389abc579,2c5cc1af74fc5f3955e44361b82b791710e4b63bbc69b0c15570617e2d86e543,NONE,A0_training_only_home_away_cov_v1,95.64081495004962,93.70909661084158,2.9146961430293654
2022_13_JAX_DET,2022,13,2022-12-04,DET,JAX,40.0,14.0,25.516046767280052,22.144016414115292,3.0,26.0,54.0,3.37203035316476,47.660063181395344,0.5982863109708669,9.779612208571955,9.680345893140471,13.546974543226709,13.970658676202419,13.760447360492725,-5.7652651224089,12.50932582873842,-13.989116081100281,20.7331767874298,38.23699710080885,57.08312926198184,29.755943683218874,65.56418267957181,0.1109426512961182,-0.24697244498160595,-0.23305538195930073,-0.11796565938630967,0.35791509627772417,-0.11508972257299106,-0.13602979368548773,-0.3510210413456104,A0-DYNAMIC-OPPONENT-ADJUSTED-JOINT-SCORE-V1,2022,2021,2021-REG-END,100.0,4,phase3-feature-provenance-v1,5f148219527b07d85261d3f196ace97a5eb5646271d43596032a692389abc579,2c5cc1af74fc5f3955e44361b82b791710e4b63bbc69b0c15570617e2d86e543,NONE,A0_training_only_home_away_cov_v1,95.64081495004962,93.70909661084158,2.9146961430293654
2022_13_KC_CIN,2022,13,2022-12-04,CIN,KC,27.0,24.0,26.39322978104681,27.785530532960816,0.0,3.0,51.0,-1.3923007519140072,54.178760314007626,0.4590704677213376,9.779612208571955,9.680345893140471,13.546974543226709,13.970658676202419,13.760447360492725,-10.529596227487668,7.744994723659653,-18.75344718617905,15.968845682351034,44.75569423342114,63.60182639459411,36.274640815831155,72.0828798121841,0.21156988341132582,0.10584012327700514,0.04177236017051903,0.22358546046889155,0.10572976013432069,-0.18181310029837253,0.31741000668833097,0.2653578206394106,A0-DYNAMIC-OPPONENT-ADJUSTED-JOINT-SCORE-V1,2022,2021,2021-REG-END,100.0,4,phase3-feature-provenance-v1,5f148219527b07d85261d3f196ace97a5eb5646271d43596032a692389abc579,2c5cc1af74fc5f3955e44361b82b791710e4b63bbc69b0c15570617e2d86e543,NONE,A0_training_only_home_away_cov_v1,95.64081495004962,93.70909661084158,2.9146961430293654
2022_13_LAC_LV,2022,13,2022-12-04,LV,LAC,27.0,20.0,25.578304985890053,23.421331811858437,0.0,7.0,47.0,2.1569731740316165,48.999636797748494,0.5632529210203361,9.779612208571955,9.680345893140471,13.546974543226709,13.970658676202419,13.760447360492725,-6.980322301542044,11.294268649605277,-15.204173260233425,19.518119608296658,39.576570717162,58.42270287833499,31.095517299572023,66.90375629592496,-0.12652109659752947,0.32148856794341374,-0.08040987529644641,-0.3157263800910933,-0.4480096645409432,0.23531650479464686,0.19496747134588427,-0.3961362553875397,A0-DYNAMIC-OPPONENT-ADJUSTED-JOINT-SCORE-V1,2022,2021,2021-REG-END,100.0,4,phase3-feature-provenance-v1,5f148219527b07d85261d3f196ace97a5eb5646271d43596032a692389abc579,2c5cc1af74fc5f3955e44361b82b791710e4b63bbc69b0c15570617e2d86e543,NONE,A0_training_only_home_away_cov_v1,95.64081495004962,93.70909661084158,2.9146961430293654
2022_13_MIA_SF,2022,13,2022-12-04,SF,MIA,33.0,17.0,25.93806523641803,21.7086974798457,0.0,16.0,50.0,4.22936775657233,47.64676271626373,0.6225557985747331,9.779612208571955,9.680345893140471,13.546974543226709,13.970658676202419,13.760447360492725,-4.90792771900133,13.36666323214599,-13.131778677692711,21.59051419083737,38.22369663567724,57.06982879685022,29.74264321808726,65.55088221444021,0.012693565957974957,-0.0026372115794037125,0.14997274445167347,0.09177635984461763,0.01533077753737867,0.05819638460705584,0.010056354378571244,0.2417491042962911,A0-DYNAMIC-OPPONENT-ADJUSTED-JOINT-SCORE-V1,2022,2021,2021-REG-END,100.0,4,phase3-feature-provenance-v1,5f148219527b07d85261d3f196ace97a5eb5646271d43596032a692389abc579,2c5cc1af74fc5f3955e44361b82b791710e4b63bbc69b0c15570617e2d86e543,NONE,A0_training_only_home_away_cov_v1,95.64081495004962,93.70909661084158,2.9146961430293654
2022_13_NO_TB,2022,13,2022-12-05,TB,NO,17.0,16.0,24.25821064121527,19.407512451437164,0.0,1.0,33.0,4.850698189778107,43.665723092652435,0.6398526853028255,9.779612208571955,9.680345893140471,13.546974543226709,13.970658676202419,13.760447360492725,-4.286597285795553,13.987993665351768,-12.510448244486934,22.21184462404315,34.24265701206595,53.08878917323892,25.761603594475964,61.569842590828905,0.21763267559674446,-0.126816299830111,0.10640645435692025,0.15803755187940138,0.3444489754268555,-0.05163109752248113,0.09081637576663346,0.26444400623632164,A0-DYNAMIC-OPPONENT-ADJUSTED-JOINT-SCORE-V1,2022,2021,2021-REG-END,100.0,4,phase3-feature-provenance-v1,5f148219527b07d85261d3f196ace97a5eb5646271d43596032a692389abc579,2c5cc1af74fc5f3955e44361b82b791710e4b63bbc69b0c15570617e2d86e543,NONE,A0_training_only_home_away_cov_v1,95.64081495004962,93.70909661084158,2.9146961430293654
2022_13_NYJ_MIN,2022,13,2022-12-04,MIN,NYJ,27.0,22.0,23.414100482944797,19.192258437193967,3.0,5.0,49.0,4.221842045750829,42.60635892013876,0.6223446987834036,9.779612208571955,9.680345893140471,13.546974543226709,13.970658676202419,13.760447360492725,-4.915453429822831,13.35913752132449,-13.139304388514212,21.58298848001587,33.183292839552266,52.029425000725254,24.70223942196229,60.51047841831523,0.0656399857865026,-0.010455499555814913,-0.11143618830138141,-0.19961669980305208,0.07609548534231751,0.08818051150167067,0.05518448623068768,-0.3110528881044335,A0-DYNAMIC-OPPONENT-ADJUSTED-JOINT-SCORE-V1,2022,2021,2021-REG-END,100.0,4,phase3-feature-provenance-v1,5f148219527b07d85261d3f196ace97a5eb5646271d43596032a692389abc579,2c5cc1af74fc5f3955e44361b82b791710e4b63bbc69b0c15570617e2d86e543,NONE,A0_training_only_home_away_cov_v1,95.64081495004962,93.70909661084158,2.9146961430293654
2022_13_PIT_ATL,2022,13,2022-12-04,ATL,PIT,16.0,19.0,23.334875637587817,20.353767420670135,1.0,-3.0,35.0,2.981108216917683,43.68864305825795,0.5870866656599512,9.779612208571955,9.680345893140471,13.546974543226709,13.970658676202419,13.760447360492725,-6.156187258655978,12.118403692491343,-14.380038217347359,20.342254651182724,34.26557697767146,53.111709138844446,25.78452356008148,61.59276255643442,-0.14263025478786803,-0.0474137114152845,-0.1675903674837904,0.05341017065874456,-0.09521654337258353,-0.22100053814253495,-0.19004396620315253,-0.11418019682504582,A0-DYNAMIC-OPPONENT-ADJUSTED-JOINT-SCORE-V1,2022,2021,2021-REG-END,100.0,4,phase3-feature-provenance-v1,5f148219527b07d85261d3f196ace97a5eb5646271d43596032a692389abc579,2c5cc1af74fc5f3955e44361b82b791710e4b63bbc69b0c15570617e2d86e543,NONE,A0_training_only_home_away_cov_v1,95.64081495004962,93.70909661084158,2.9146961430293654
2022_13_SEA_LA,2022,13,2022-12-04,LA,SEA,23.0,27.0,21.542871581498044,23.635935771094662,0.0,-4.0,50.0,-2.0930641895966176,45.178807352592706,0.4386061079229886,9.779612208571955,9.680345893140471,13.546974543226709,13.970658676202419,13.760447360492725,-11.230359665170278,7.044231285977043,-19.45421062386166,15.268082244668424,35.75574127200622,54.60187343317919,27.274687854416236,63.08292685076918,0.05621747395265683,0.2248014785283947,0.08253787170302739,0.015463454268807372,-0.16858400457573786,0.06707441743422002,0.2810189524810515,0.09800132597183475,A0-DYNAMIC-OPPONENT-ADJUSTED-JOINT-SCORE-V1,2022,2021,2021-REG-END,100.0,4,phase3-feature-provenance-v1,5f148219527b07d85261d3f196ace97a5eb5646271d43596032a692389abc579,2c5cc1af74fc5f3955e44361b82b791710e4b63bbc69b0c15570617e2d86e543,NONE,A0_training_only_home_away_cov_v1,95.64081495004962,93.70909661084158,2.9146961430293654
2022_13_TEN_PHI,2022,13,2022-12-04,PHI,TEN,35.0,10.0,24.325388297684018,21.775203350917256,0.0,25.0,45.0,2.5501849467667626,46.100591648601274,0.5746587055704129,9.779612208571955,9.680345893140471,13.546974543226709,13.970658676202419,13.760447360492725,-6.587110528806898,11.687480422340423,-14.810961487498279,19.911331381031804,36.67752556801479,55.52365772918776,28.196472150424803,64.00471114677774,0.19159358013792763,-0.03864361265044363,-0.11405989316963033,0.18055404223667765,0.23023719278837126,-0.294613935406308,0.152949967487484,0.06649414906704731,A0-DYNAMIC-OPPONENT-ADJUSTED-JOINT-SCORE-V1,2022,2021,2021-REG-END,100.0,4,phase3-feature-provenance-v1,5f148219527b07d85261d3f196ace97a5eb5646271d43596032a692389abc579,2c5cc1af74fc5f3955e44361b82b791710e4b63bbc69b0c15570617e2d86e543,NONE,A0_training_only_home_away_cov_v1,95.64081495004962,93.70909661084158,2.9146961430293654
2022_13_WAS_NYG,2022,13,2022-12-04,NYG,WAS,20.0,20.0,20.48169006370298,19.832855147715925,3.0,0.0,40.0,0.6488349159870559,40.3145452114189,0.5191001134829523,9.779612208571955,9.680345893140471,13.546974543226709,13.970658676202419,13.760447360492725,-8.488460559586605,9.786130391560716,-16.712311518277986,18.009981350252097,30.891479130832412,49.7376112920054,22.410425713242432,58.21866470959537,-0.45037256884367716,-0.09684973449435927,-0.05358945455510565,-0.04072357670931882,-0.35352283434931786,-0.012865877845786827,-0.5472223033380365,-0.09431303126442447,A0-DYNAMIC-OPPONENT-ADJUSTED-JOINT-SCORE-V1,2022,2021,2021-REG-END,100.0,4,phase3-feature-provenance-v1,5f148219527b07d85261d3f196ace97a5eb5646271d43596032a692389abc579,2c5cc1af74fc5f3955e44361b82b791710e4b63bbc69b0c15570617e2d86e543,NONE,A0_training_only_home_away_cov_v1,95.64081495004962,93.70909661084158,2.9146961430293654
2022_14_BAL_PIT,2022,14,2022-12-11,PIT,BAL,14.0,16.0,21.802103390334015,22.181697363712736,0.0,-2.0,30.0,-0.37959397337872147,43.983800754046754,0.4888228718167753,9.779612208571955,9.680345893140471,13.546974543226709,13.970658676202419,13.760447360492725,-9.516889448952382,8.757701502194939,-17.740740407643763,16.98155246088632,34.56073467346026,53.40686683463325,26.079681255870284,61.887920252223225,-0.0474137114152845,-0.2140417293747926,0.05341017065874456,-0.05295866194760351,0.1666280179595081,0.10636883260634807,-0.2614554407900771,0.00045150871114105207,A0-DYNAMIC-OPPONENT-ADJUSTED-JOINT-SCORE-V1,2022,2021,2021-REG-END,100.0,4,phase3-feature-provenance-v1,5f148219527b07d85261d3f196ace97a5eb5646271d43596032a692389abc579,2c5cc1af74fc5f3955e44361b82b791710e4b63bbc69b0c15570617e2d86e543,NONE,A0_training_only_home_away_cov_v1,95.64081495004962,93.70909661084158,2.9146961430293654
2022_14_CAR_SEA,2022,14,2022-12-11,SEA,CAR,24.0,30.0,25.066780669899735,18.463617661211938,-7.0,-6.0,54.0,6.6031630086877975,43.53039833111167,0.6870221665666287,9.779612208571955,9.680345893140471,13.546974543226709,13.970658676202419,13.760447360492725,-2.534132466885863,15.740458484261458,-10.757983425577244,23.96430944295284,34.107332250525175,52.953464411698164,25.6262788329352,61.43451782928814,0.2248014785283947,-0.2143661302664187,0.015463454268807372,-0.2377145663390232,0.4391676087948134,0.25317802060783057,0.01043534826197598,-0.2222511120702158,A0-DYNAMIC-OPPONENT-ADJUSTED-JOINT-SCORE-V1,2022,2021,2021-REG-END,100.0,4,phase3-feature-provenance-v1,5f148219527b07d85261d3f196ace97a5eb5646271d43596032a692389abc579,2c5cc1af74fc5f3955e44361b82b791710e4b63bbc69b0c15570617e2d86e543,NONE,A0_training_only_home_away_cov_v1,95.64081495004962,93.70909661084158,2.9146961430293654
2022_14_CLE_CIN,2022,14,2022-12-11,CIN,CLE,23.0,10.0,27.085421973258498,20.901062430266514,0.0,13.0,33.0,6.184359542991984,47.98648440352501,0.6759891604328184,9.779612208571955,9.680345893140471,13.546974543226709,13.970658676202419,13.760447360492725,-2.952935932581676,15.321655018565645,-11.176786891273057,23.545505977257026,38.56341832293852,57.409550484111506,30.08236490534854,65.89060390170148,0.21156988341132582,-0.25816945214175446,0.04177236017051903,0.16449540546957736,0.4697393355530803,-0.12272304529905834,-0.04659956873042864,0.20626776564009638,A0-DYNAMIC-OPPONENT-ADJUSTED-JOINT-SCORE-V1,2022,2021,2021-REG-END,100.0,4,phase3-feature-provenance-v1,5f148219527b07d85261d3f196ace97a5eb5646271d43596032a692389abc579,2c5cc1af74fc5f3955e44361b82b791710e4b63bbc69b0c15570617e2d86e543,NONE,A0_training_only_home_away_cov_v1,95.64081495004962,93.70909661084158,2.9146961430293654
2022_14_HOU_DAL,2022,14,2022-12-11,DAL,HOU,27.0,23.0,27.460305390665365,14.033336008950412,0.0,4.0,50.0,13.426969381714953,41.493641399615775,0.8391917672815132,9.779612208571955,9.680345893140471,13.546974543226709,13.970658676202419,13.760447360492725,4.289673906141292,22.564264857288613,-3.9341770525500888,30.788115815979992,32.07057531902929,50.91670748020226,23.589521901439305,59.397760897792246,0.5492000666446551,-0.07213350945480035,0.06847973493858281,-0.07841476660637225,0.6213335760994555,0.14689450154495506,0.4770665571898548,-0.009935031667789446,A0-DYNAMIC-OPPONENT-ADJUSTED-JOINT-SCORE-V1,2022,2021,2021-REG-END,100.0,4,phase3-feature-provenance-v1,5f148219527b07d85261d3f196ace97a5eb5646271d43596032a692389abc579,2c5cc1af74fc5f3955e44361b82b791710e4b63bbc69b0c15570617e2d86e543,NONE,A0_training_only_home_away_cov_v1,95.64081495004962,93.70909661084158,2.9146961430293654
2022_14_JAX_TEN,2022,14,2022-12-11,TEN,JAX,22.0,36.0,24.37621033087285,19.76427065665152,0.0,-14.0,58.0,4.6119396742213326,44.14048098752437,0.6332376128873183,9.779612208571955,9.680345893140471,13.546974543226709,13.970658676202419,13.760447360492725,-4.525355801352328,13.749235149794993,-12.749206760043709,21.973086108486374,34.717414906937876,53.563547068110864,26.2363614893479,62.04460048570084,-0.03864361265044363,-0.24697244498160595,0.18055404223667765,-0.11796565938630967,0.2083288323311623,0.2985197016229873,-0.28561605763204956,0.06258838285036798,A0-DYNAMIC-OPPONENT-ADJUSTED-JOINT-SCORE-V1,2022,2021,2021-REG-END,100.0,4,phase3-feature-provenance-v1,5f148219527b07d85261d3f196ace97a5eb5646271d43596032a692389abc579,2c5cc1af74fc5f3955e44361b82b791710e4b63bbc69b0c15570617e2d86e543,NONE,A0_training_only_home_away_cov_v1,95.64081495004962,93.70909661084158,2.9146961430293654
2022_14_KC_DEN,2022,14,2022-12-11,DEN,KC,28.0,34.0,20.568443365089585,27.3798304624368,0.0,-6.0,62.0,-6.811387097347215,47.948273827526386,0.307553269581067,9.779612208571955,9.680345893140471,13.546974543226709,13.970658676202419,13.760447360492725,-15.948682572920875,2.325908378226446,-24.172533531612256,10.549759336917827,38.5252077469399,57.37133990811287,30.044154329349915,65.85239332570285,-0.1921088344744899,0.10584012327700514,0.1941139863555186,0.22358546046889155,-0.29794895775149505,-0.029471474113372947,-0.08626871119748476,0.4176994468244102,A0-DYNAMIC-OPPONENT-ADJUSTED-JOINT-SCORE-V1,2022,2021,2021-REG-END,100.0,4,phase3-feature-provenance-v1,5f148219527b07d85261d3f196ace97a5eb5646271d43596032a692389abc579,2c5cc1af74fc5f3955e44361b82b791710e4b63bbc69b0c15570617e2d86e543,NONE,A0_training_only_home_away_cov_v1,95.64081495004962,93.70909661084158,2.9146961430293654
2022_14_LV_LA,2022,14,2022-12-08,LA,LV,17.0,16.0,22.419272939230208,21.94536332186169,0.0,1.0,33.0,0.4739096173685162,44.3646362610919,0.5139532282890913,9.779612208571955,9.680345893140471,13.546974543226709,13.970658676202419,13.760447360492725,-8.663385858205144,9.611205092942177,-16.887236816896525,17.835056051633558,34.94157018050541,53.7877023416784,26.460516762915432,62.26875575926837,0.05621747395265683,-0.12652109659752947,0.08253787170302739,-0.08040987529644641,0.1827385705501863,0.16294774699947379,-0.07030362264487264,0.0021279964065809703,A0-DYNAMIC-OPPONENT-ADJUSTED-JOINT-SCORE-V1,2022,2021,2021-REG-END,100.0,4,phase3-feature-provenance-v1,5f148219527b07d85261d3f196ace97a5eb5646271d43596032a692389abc579,2c5cc1af74fc5f3955e44361b82b791710e4b63bbc69b0c15570617e2d86e543,NONE,A0_training_only_home_away_cov_v1,95.64081495004962,93.70909661084158,2.9146961430293654
2022_14_MIA_LAC,2022,14,2022-12-11,LAC,MIA,23.0,17.0,23.3060650997048,23.011057029502314,0.0,6.0,40.0,0.2950080702024849,46.317122129207114,0.5086869500314907,9.779612208571955,9.680345893140471,13.546974543226709,13.970658676202419,13.760447360492725,-8.842287405371176,9.432303545776145,-17.066138364062557,17.656154504467526,36.89405604862063,55.7401882097936,28.413002631030643,64.22124162738359,0.32148856794341374,-0.0026372115794037125,-0.3157263800910933,0.09177635984461763,0.32412577952281746,-0.4075027399357109,0.31885135636401,-0.22395002024647565,A0-DYNAMIC-OPPONENT-ADJUSTED-JOINT-SCORE-V1,2022,2021,2021-REG-END,100.0,4,phase3-feature-provenance-v1,5f148219527b07d85261d3f196ace97a5eb5646271d43596032a692389abc579,2c5cc1af74fc5f3955e44361b82b791710e4b63bbc69b0c15570617e2d86e543,NONE,A0_training_only_home_away_cov_v1,95.64081495004962,93.70909661084158,2.9146961430293654
2022_14_MIN_DET,2022,14,2022-12-11,DET,MIN,34.0,23.0,25.744718610794912,21.905616185766725,0.0,11.0,57.0,3.8391024250281873,47.65033479656164,0.6115617694012707,9.779612208571955,9.680345893140471,13.546974543226709,13.970658676202419,13.760447360492725,-5.298193050545473,12.976397900601848,-13.522044009236854,21.20024885929323,38.22726871597514,57.07340087714813,29.746215298385167,65.55445429473811,0.1109426512961182,0.0656399857865026,-0.23305538195930073,-0.11143618830138141,0.045302665509615606,-0.12161919365791932,0.17658263708262079,-0.3444915702606821,A0-DYNAMIC-OPPONENT-ADJUSTED-JOINT-SCORE-V1,2022,2021,2021-REG-END,100.0,4,phase3-feature-provenance-v1,5f148219527b07d85261d3f196ace97a5eb5646271d43596032a692389abc579,2c5cc1af74fc5f3955e44361b82b791710e4b63bbc69b0c15570617e2d86e543,NONE,A0_training_only_home_away_cov_v1,95.64081495004962,93.70909661084158,2.9146961430293654
2022_14_NE_ARI,2022,14,2022-12-12,ARI,NE,13.0,27.0,21.657655446778925,21.257160489417892,4.0,-14.0,40.0,0.40049495736103324,42.91481593619682,0.5117923821606638,9.779612208571955,9.680345893140471,13.546974543226709,13.970658676202419,13.760447360492725,-8.736800518212627,9.537790432934694,-16.960651476904008,17.761641391626075,33.49174985561032,52.33788201678331,25.010696438020346,60.81893543437329,0.008870822096719182,0.2700711473094847,-0.14706064958902637,0.12607198904780134,-0.26120032521276554,-0.2731326386368277,0.2789419694062039,-0.02098866054122503,A0-DYNAMIC-OPPONENT-ADJUSTED-JOINT-SCORE-V1,2022,2021,2021-REG-END,100.0,4,phase3-feature-provenance-v1,5f148219527b07d85261d3f196ace97a5eb5646271d43596032a692389abc579,2c5cc1af74fc5f3955e44361b82b791710e4b63bbc69b0c15570617e2d86e543,NONE,A0_training_only_home_away_cov_v1,95.64081495004962,93.70909661084158,2.9146961430293654
2022_14_NYJ_BUF,2022,14,2022-12-11,BUF,NYJ,20.0,12.0,28.150760019548848,17.58220175192349,3.0,8.0,32.0,10.56855826762536,45.73296177147233,0.7823462309313869,9.779612208571955,9.680345893140471,13.546974543226709,13.970658676202419,13.760447360492725,1.4312627920516992,19.70585374319902,-6.792588166639682,27.9297047018904,36.30989569088584,55.15602785205883,27.828842273295862,63.6370812696488,0.08225346674958009,-0.010455499555814913,0.2209298058897161,-0.19961669980305208,0.092708966305395,0.4205465056927682,0.07179796719376517,0.021313106086664035,A0-DYNAMIC-OPPONENT-ADJUSTED-JOINT-SCORE-V1,2022,2021,2021-REG-END,100.0,4,phase3-feature-provenance-v1,5f148219527b07d85261d3f196ace97a5eb5646271d43596032a692389abc579,2c5cc1af74fc5f3955e44361b82b791710e4b63bbc69b0c15570617e2d86e543,NONE,A0_training_only_home_away_cov_v1,95.64081495004962,93.70909661084158,2.9146961430293654
2022_14_PHI_NYG,2022,14,2022-12-11,NYG,PHI,22.0,48.0,20.424739452663886,24.293081483650997,0.0,-26.0,70.0,-3.8683420309871117,44.71782093631488,0.3876113042834727,9.779612208571955,9.680345893140471,13.546974543226709,13.970658676202419,13.760447360492725,-13.005637506560772,5.268953444586549,-21.229488465252153,13.49280440327793,35.294754855728385,54.140887016901374,26.81370143813841,62.62194043449135,-0.45037256884367716,0.19159358013792763,-0.05358945455510565,-0.11405989316963033,-0.6419661489816048,0.06047043861452468,-0.25877898870574956,-0.167649347724736,A0-DYNAMIC-OPPONENT-ADJUSTED-JOINT-SCORE-V1,2022,2021,2021-REG-END,100.0,4,phase3-feature-provenance-v1,5f148219527b07d85261d3f196ace97a5eb5646271d43596032a692389abc579,2c5cc1af74fc5f3955e44361b82b791710e4b63bbc69b0c15570617e2d86e543,NONE,A0_training_only_home_away_cov_v1,95.64081495004962,93.70909661084158,2.9146961430293654
2022_14_TB_SF,2022,14,2022-12-11,SF,TB,35.0,7.0,25.967902151318253,21.312779816047044,1.0,28.0,42.0,4.6551223352712086,47.2806819673653,0.6344370389291549,9.779612208571955,9.680345893140471,13.546974543226709,13.970658676202419,13.760447360492725,-4.482173140302452,13.792417810844869,-12.706024098993833,22.01626876953625,37.8576158867788,56.70374804795179,29.376562469188826,65.18480146554177,0.012693565957974957,0.21763267559674446,0.14997274445167347,0.10640645435692025,-0.2049391096387695,0.04356629009475321,0.23032624155471942,0.2563791988085937,A0-DYNAMIC-OPPONENT-ADJUSTED-JOINT-SCORE-V1,2022,2021,2021-REG-END,100.0,4,phase3-feature-provenance-v1,5f148219527b07d85261d3f196ace97a5eb5646271d43596032a692389abc579,2c5cc1af74fc5f3955e44361b82b791710e4b63bbc69b0c15570617e2d86e543,NONE,A0_training_only_home_away_cov_v1,95.64081495004962,93.70909661084158,2.9146961430293654
2022_15_ARI_DEN,2022,15,2022-12-18,DEN,ARI,24.0,15.0,20.93920117062829,19.09522336187431,1.0,9.0,39.0,1.84397780875398,40.0344245325026,0.5541357304528663,9.779612208571955,9.680345893140471,13.546974543226709,13.970658676202419,13.760447360492725,-7.29331766681968,10.98127328432764,-15.517168625511061,19.20512424301902,30.611358451916107,49.45749061308909,22.130305034326128,57.93854403067907,-0.1921088344744899,0.008870822096719182,0.1941139863555186,-0.14706064958902637,-0.2009796565712091,0.341174635944545,-0.1832380123777707,0.04705333676649223,A0-DYNAMIC-OPPONENT-ADJUSTED-JOINT-SCORE-V1,2022,2021,2021-REG-END,100.0,4,phase3-feature-provenance-v1,5f148219527b07d85261d3f196ace97a5eb5646271d43596032a692389abc579,2c5cc1af74fc5f3955e44361b82b791710e4b63bbc69b0c15570617e2d86e543,NONE,A0_training_only_home_away_cov_v1,95.64081495004962,93.70909661084158,2.9146961430293654
2022_15_ATL_NO,2022,15,2022-12-18,NO,ATL,21.0,18.0,23.64497269218447,19.993610019395653,-1.0,3.0,39.0,3.6513626727888173,43.63858271158013,0.6062403943295878,9.779612208571955,9.680345893140471,13.546974543226709,13.970658676202419,13.760447360492725,-5.485932802784843,12.788658148362478,-13.709783761476224,21.01250910705386,34.21551663099363,53.06164879216662,25.734463213403657,61.5427022097566,-0.126816299830111,-0.14263025478786803,0.15803755187940138,-0.1675903674837904,0.01581395495775703,0.3256279193631918,-0.26944655461797906,-0.009552815604389003,A0-DYNAMIC-OPPONENT-ADJUSTED-JOINT-SCORE-V1,2022,2021,2021-REG-END,100.0,4,phase3-feature-provenance-v1,5f148219527b07d85261d3f196ace97a5eb5646271d43596032a692389abc579,2c5cc1af74fc5f3955e44361b82b791710e4b63bbc69b0c15570617e2d86e543,NONE,A0_training_only_home_away_cov_v1,95.64081495004962,93.70909661084158,2.9146961430293654
2022_15_BAL_CLE,2022,15,2022-12-17,CLE,BAL,13.0,3.0,22.500612176448,21.74714002054108,0.0,10.0,16.0,0.7534721559069197,44.24775219698908,0.5221774235251787,9.779612208571955,9.680345893140471,13.546974543226709,13.970658676202419,13.760447360492725,-8.38382331966674,9.89076763148058,-16.60767427835812,18.11461859017196,34.82468611640259,53.67081827757558,26.343632698812613,62.15187169516555,-0.25816945214175446,-0.2140417293747926,0.16449540546957736,-0.05295866194760351,-0.04412772276696186,0.21745406741718087,-0.47221118151654706,0.11153674352197385,A0-DYNAMIC-OPPONENT-ADJUSTED-JOINT-SCORE-V1,2022,2021,2021-REG-END,100.0,4,phase3-feature-provenance-v1,5f148219527b07d85261d3f196ace97a5eb5646271d43596032a692389abc579,2c5cc1af74fc5f3955e44361b82b791710e4b63bbc69b0c15570617e2d86e543,NONE,A0_training_only_home_away_cov_v1,95.64081495004962,93.70909661084158,2.9146961430293654
2022_15_CIN_TB,2022,15,2022-12-18,TB,CIN,23.0,34.0,24.658582659457448,24.44101537214441,0.0,-11.0,57.0,0.2175672873130381,49.09959803160186,0.5064068223021628,9.779612208571955,9.680345893140471,13.546974543226709,13.970658676202419,13.760447360492725,-8.919728188260622,9.354862762886698,-17.143579146952003,17.57871372157808,39.67653195101536,58.52266411218835,31.195478533425387,67.00371752977833,0.21763267559674446,0.21156988341132582,0.10640645435692025,0.04177236017051903,0.006062792185418636,0.06463409418640123,0.42920255900807025,0.14817881452743928,A0-DYNAMIC-OPPONENT-ADJUSTED-JOINT-SCORE-V1,2022,2021,2021-REG-END,100.0,4,phase3-feature-provenance-v1,5f148219527b07d85261d3f196ace97a5eb5646271d43596032a692389abc579,2c5cc1af74fc5f3955e44361b82b791710e4b63bbc69b0c15570617e2d86e543,NONE,A0_training_only_home_away_cov_v1,95.64081495004962,93.70909661084158,2.9146961430293654
2022_15_DAL_JAX,2022,15,2022-12-18,JAX,DAL,40.0,34.0,21.640740482929857,25.604217190424162,0.0,6.0,74.0,-3.963476707494305,47.24495767335402,0.3849243412032486,9.779612208571955,9.680345893140471,13.546974543226709,13.970658676202419,13.760447360492725,-13.100772183067965,5.1738187680793555,-21.324623141759346,13.397669726770737,37.82189159276753,56.66802375394052,29.340838175177552,65.1490771715305,-0.24697244498160595,0.5492000666446551,-0.11796565938630967,0.06847973493858281,-0.7961725116262611,-0.1864453943248925,0.3022276216630492,-0.049485924447726856,A0-DYNAMIC-OPPONENT-ADJUSTED-JOINT-SCORE-V1,2022,2021,2021-REG-END,100.0,4,phase3-feature-provenance-v1,5f148219527b07d85261d3f196ace97a5eb5646271d43596032a692389abc579,2c5cc1af74fc5f3955e44361b82b791710e4b63bbc69b0c15570617e2d86e543,NONE,A0_training_only_home_away_cov_v1,95.64081495004962,93.70909661084158,2.9146961430293654
2022_15_DET_NYJ,2022,15,2022-12-18,NYJ,DET,17.0,20.0,21.944414980257484,22.925614258327872,0.0,-3.0,37.0,-0.9811992780703882,44.87002923858536,0.47113009302987335,9.779612208571955,9.680345893140471,13.546974543226709,13.970658676202419,13.760447360492725,-10.118494753644049,8.156096197503272,-18.34234571233543,16.379947156194653,35.446963157998866,54.293095319171854,26.96590974040889,62.77414873676183,-0.010455499555814913,0.1109426512961182,-0.19961669980305208,-0.23305538195930073,-0.12139815085193312,0.03343868215624865,0.10048715174030329,-0.43267208176235283,A0-DYNAMIC-OPPONENT-ADJUSTED-JOINT-SCORE-V1,2022,2021,2021-REG-END,100.0,4,phase3-feature-provenance-v1,5f148219527b07d85261d3f196ace97a5eb5646271d43596032a692389abc579,2c5cc1af74fc5f3955e44361b82b791710e4b63bbc69b0c15570617e2d86e543,NONE,A0_training_only_home_away_cov_v1,95.64081495004962,93.70909661084158,2.9146961430293654
2022_15_IND_MIN,2022,15,2022-12-17,MIN,IND,39.0,36.0,21.692978060036328,20.47255932286247,-7.0,3.0,75.0,1.2204187371738584,42.1655373828988,0.5358913250487195,9.779612208571955,9.680345893140471,13.546974543226709,13.970658676202419,13.760447360492725,-7.916876738399802,10.357714212747519,-16.140727697091183,18.5815651714389,32.74247130231231,51.588603463485285,24.261417884722327,60.06965688107527,0.0656399857865026,-0.015951618418332723,-0.11143618830138141,0.07789186622630548,0.08159160420483533,-0.1893280545276869,0.049688367368169874,-0.03354432207507593,A0-DYNAMIC-OPPONENT-ADJUSTED-JOINT-SCORE-V1,2022,2021,2021-REG-END,100.0,4,phase3-feature-provenance-v1,5f148219527b07d85261d3f196ace97a5eb5646271d43596032a692389abc579,2c5cc1af74fc5f3955e44361b82b791710e4b63bbc69b0c15570617e2d86e543,NONE,A0_training_only_home_away_cov_v1,95.64081495004962,93.70909661084158,2.9146961430293654
2022_15_KC_HOU,2022,15,2022-12-18,HOU,KC,24.0,30.0,18.700967671717375,28.331543368873817,0.0,-6.0,54.0,-9.630575697156441,47.03251104059119,0.23857238263487052,9.779612208571955,9.680345893140471,13.546974543226709,13.970658676202419,13.760447360492725,-18.767871172730104,-0.49328022158278095,-26.991722131421483,7.7305707371086,37.609444960004694,56.45557712117768,29.128391542414718,64.93663053876766,-0.07213350945480035,0.10584012327700514,-0.07841476660637225,0.22358546046889155,-0.1779736327318055,-0.3020002270752638,0.03370661382220479,0.1451706938625193,A0-DYNAMIC-OPPONENT-ADJUSTED-JOINT-SCORE-V1,2022,2021,2021-REG-END,100.0,4,phase3-feature-provenance-v1,5f148219527b07d85261d3f196ace97a5eb5646271d43596032a692389abc579,2c5cc1af74fc5f3955e44361b82b791710e4b63bbc69b0c15570617e2d86e543,NONE,A0_training_only_home_away_cov_v1,95.64081495004962,93.70909661084158,2.9146961430293654
2022_15_LA_GB,2022,15,2022-12-19,GB,LA,24.0,12.0,26.56412657752555,19.40545432526841,4.0,12.0,36.0,7.158672252257141,45.96958090279396,0.7014006795594366,9.779612208571955,9.680345893140471,13.546974543226709,13.970658676202419,13.760447360492725,-1.9786232233165197,16.2959677278308,-10.2024741820079,24.519818686522182,36.54651482220747,55.392646983380445,28.065461404617487,63.87370040097043,0.11736151334821991,0.05621747395265683,-0.025880707270160803,0.08253787170302739,0.06114403939556308,-0.10841857897318818,0.17357898730087673,0.056657164432866586,A0-DYNAMIC-OPPONENT-ADJUSTED-JOINT-SCORE-V1,2022,2021,2021-REG-END,100.0,4,phase3-feature-provenance-v1,5f148219527b07d85261d3f196ace97a5eb5646271d43596032a692389abc579,2c5cc1af74fc5f3955e44361b82b791710e4b63bbc69b0c15570617e2d86e543,NONE,A0_training_only_home_away_cov_v1,95.64081495004962,93.70909661084158,2.9146961430293654
2022_15_MIA_BUF,2022,15,2022-12-17,BUF,MIA,32.0,29.0,26.451886531528555,20.718395437466924,0.0,3.0,61.0,5.73349109406163,47.17028196899548,0.6639364058345869,9.779612208571955,9.680345893140471,13.546974543226709,13.970658676202419,13.760447360492725,-3.40380438151203,14.87078656963529,-11.627655340203411,23.094637528326672,37.74721588840899,56.59334804958198,29.266162470819012,65.07440146717195,0.08225346674958009,-0.0026372115794037125,0.2209298058897161,0.09177635984461763,0.0848906783289838,0.12915344604509849,0.07961625517017638,0.31270616573433374,A0-DYNAMIC-OPPONENT-ADJUSTED-JOINT-SCORE-V1,2022,2021,2021-REG-END,100.0,4,phase3-feature-provenance-v1,5f148219527b07d85261d3f196ace97a5eb5646271d43596032a692389abc579,2c5cc1af74fc5f3955e44361b82b791710e4b63bbc69b0c15570617e2d86e543,NONE,A0_training_only_home_away_cov_v1,95.64081495004962,93.70909661084158,2.9146961430293654
2022_15_NE_LV,2022,15,2022-12-18,LV,NE,30.0,24.0,23.020575993488823,20.880750213174196,4.0,6.0,54.0,2.1398257803146272,43.901326206663015,0.5627542610628538,9.779612208571955,9.680345893140471,13.546974543226709,13.970658676202419,13.760447360492725,-6.997469695259033,11.277121255888288,-15.221320653950414,19.50097221457967,34.47826012607652,53.32439228724951,25.997206708486544,61.805445704839485,-0.12652109659752947,0.2700711473094847,-0.08040987529644641,0.12607198904780134,-0.3965922439070142,-0.20648186434424776,0.14355005071195526,0.04566211375135493,A0-DYNAMIC-OPPONENT-ADJUSTED-JOINT-SCORE-V1,2022,2021,2021-REG-END,100.0,4,phase3-feature-provenance-v1,5f148219527b07d85261d3f196ace97a5eb5646271d43596032a692389abc579,2c5cc1af74fc5f3955e44361b82b791710e4b63bbc69b0c15570617e2d86e543,NONE,A0_training_only_home_away_cov_v1,95.64081495004962,93.70909661084158,2.9146961430293654
2022_15_NYG_WAS,2022,15,2022-12-18,WAS,NYG,12.0,20.0,23.96342301609536,16.76946803068337,7.0,-8.0,32.0,7.193954985411988,40.73289104677873,0.7023036927297397,9.779612208571955,9.680345893140471,13.546974543226709,13.970658676202419,13.760447360492725,-1.9433404901616722,16.33125046098565,-10.167191448853053,24.55510141967703,31.30982496619224,50.15595712736523,22.828771548602262,58.6370105449552,-0.09684973449435927,-0.45037256884367716,-0.04072357670931882,-0.05358945455510565,0.35352283434931786,0.012865877845786827,-0.5472223033380365,-0.09431303126442447,A0-DYNAMIC-OPPONENT-ADJUSTED-JOINT-SCORE-V1,2022,2021,2021-REG-END,100.0,4,phase3-feature-provenance-v1,5f148219527b07d85261d3f196ace97a5eb5646271d43596032a692389abc579,2c5cc1af74fc5f3955e44361b82b791710e4b63bbc69b0c15570617e2d86e543,NONE,A0_training_only_home_away_cov_v1,95.64081495004962,93.70909661084158,2.9146961430293654
2022_15_PHI_CHI,2022,15,2022-12-18,CHI,PHI,20.0,25.0,21.98168656273878,24.21501036396569,7.0,-5.0,45.0,-2.233323801226909,46.19669692670447,0.4345279722492334,9.779612208571955,9.680345893140471,13.546974543226709,13.970658676202419,13.760447360492725,-11.37061927680057,6.903971674346751,-19.59447023549195,15.127822633038132,36.77363084611798,55.619763007290956,28.292577428528,64.10081642488095,-0.020868241005468458,0.19159358013792763,-0.014470467104029806,-0.11405989316963033,-0.2124618211433961,0.09958942606560053,0.17072533913245916,-0.12853036027366013,A0-DYNAMIC-OPPONENT-ADJUSTED-JOINT-SCORE-V1,2022,2021,2021-REG-END,100.0,4,phase3-feature-provenance-v1,5f148219527b07d85261d3f196ace97a5eb5646271d43596032a692389abc579,2c5cc1af74fc5f3955e44361b82b791710e4b63bbc69b0c15570617e2d86e543,NONE,A0_training_only_home_away_cov_v1,95.64081495004962,93.70909661084158,2.9146961430293654
2022_15_PIT_CAR,2022,15,2022-12-18,CAR,PIT,16.0,24.0,20.18243450542184,20.033787702820632,0.0,-8.0,40.0,0.14864680260120622,40.21622220824247,0.5043773836182375,9.779612208571955,9.680345893140471,13.546974543226709,13.970658676202419,13.760447360492725,-8.988648672972454,9.285942278174867,-17.212499631663835,17.509793236866248,30.79315612765598,49.639288288828965,22.312102710066,58.12034170641894,-0.2143661302664187,-0.0474137114152845,-0.2377145663390232,0.05341017065874456,-0.1669524188511342,-0.29112473699776775,-0.2617798416817032,-0.18430439568027862,A0-DYNAMIC-OPPONENT-ADJUSTED-JOINT-SCORE-V1,2022,2021,2021-REG-END,100.0,4,phase3-feature-provenance-v1,5f148219527b07d85261d3f196ace97a5eb5646271d43596032a692389abc579,2c5cc1af74fc5f3955e44361b82b791710e4b63bbc69b0c15570617e2d86e543,NONE,A0_training_only_home_away_cov_v1,95.64081495004962,93.70909661084158,2.9146961430293654
2022_15_SF_SEA,2022,15,2022-12-15,SEA,SF,13.0,21.0,24.419737158677332,24.960252131852023,0.0,-8.0,34.0,-0.540514973174691,49.37998929052935,0.4840866995348905,9.779612208571955,9.680345893140471,13.546974543226709,13.970658676202419,13.760447360492725,-9.677810448748351,8.59678050239897,-17.901661407439732,16.82063146109035,39.95692320994286,58.803055371115846,31.47586979235288,67.28410878870582,0.2248014785283947,0.012693565957974957,0.015463454268807372,0.14997274445167347,0.21210791257041972,-0.1345092901828661,0.23749504448636966,0.16543619872048085,A0-DYNAMIC-OPPONENT-ADJUSTED-JOINT-SCORE-V1,2022,2021,2021-REG-END,100.0,4,phase3-feature-provenance-v1,5f148219527b07d85261d3f196ace97a5eb5646271d43596032a692389abc579,2c5cc1af74fc5f3955e44361b82b791710e4b63bbc69b0c15570617e2d86e543,NONE,A0_training_only_home_away_cov_v1,95.64081495004962,93.70909661084158,2.9146961430293654
2022_15_TEN_LAC,2022,15,2022-12-18,LAC,TEN,17.0,14.0,23.25201178291891,21.329568210815818,0.0,3.0,31.0,1.9224435721030915,44.58157999373473,0.5564242311571537,9.779612208571955,9.680345893140471,13.546974543226709,13.970658676202419,13.760447360492725,-7.214851903470569,11.059739047676752,-15.43870286216195,19.283590006368133,35.15851391314824,54.004646074321215,26.677460495558257,62.4856994919112,0.32148856794341374,-0.03864361265044363,-0.3157263800910933,0.18055404223667765,0.3601321805938574,-0.4962804223277709,0.2828449552929701,-0.13517233785441563,A0-DYNAMIC-OPPONENT-ADJUSTED-JOINT-SCORE-V1,2022,2021,2021-REG-END,100.0,4,phase3-feature-provenance-v1,5f148219527b07d85261d3f196ace97a5eb5646271d43596032a692389abc579,2c5cc1af74fc5f3955e44361b82b791710e4b63bbc69b0c15570617e2d86e543,NONE,A0_training_only_home_away_cov_v1,95.64081495004962,93.70909661084158,2.9146961430293654
2022_16_ATL_BAL,2022,16,2022-12-24,BAL,ATL,17.0,9.0,25.129006503073356,20.3513621459308,1.0,8.0,26.0,4.777644357142556,45.480368649004156,0.6378329826505073,9.779612208571955,9.680345893140471,13.546974543226709,13.970658676202419,13.760447360492725,-4.359651118431104,13.914939832716216,-12.583502077122485,22.138790791407597,36.05730256841767,54.90343472959064,27.576249150827685,63.384488147180626,-0.2140417293747926,-0.14263025478786803,-0.05295866194760351,-0.1675903674837904,-0.07141147458692457,0.11463170553618687,-0.35667198416266066,-0.2205490294313939,A0-DYNAMIC-OPPONENT-ADJUSTED-JOINT-SCORE-V1,2022,2021,2021-REG-END,100.0,4,phase3-feature-provenance-v1,5f148219527b07d85261d3f196ace97a5eb5646271d43596032a692389abc579,2c5cc1af74fc5f3955e44361b82b791710e4b63bbc69b0c15570617e2d86e543,NONE,A0_training_only_home_away_cov_v1,95.64081495004962,93.70909661084158,2.9146961430293654
2022_16_BUF_CHI,2022,16,2022-12-24,CHI,BUF,13.0,35.0,20.321685247676857,26.324803996072262,-1.0,-22.0,48.0,-6.003118748395405,46.646489243749116,0.32883457429319835,9.779612208571955,9.680345893140471,13.546974543226709,13.970658676202419,13.760447360492725,-15.140414223969065,3.1341767271782555,-23.364265182660446,11.358027685869637,37.22342316316262,56.06955532433561,28.742369745572645,64.55060874192559,-0.020868241005468458,0.08225346674958009,-0.014470467104029806,0.2209298058897161,-0.10312170775504854,-0.2354002729937459,0.061385225744111635,0.2064593387856863,A0-DYNAMIC-OPPONENT-ADJUSTED-JOINT-SCORE-V1,2022,2021,2021-REG-END,100.0,4,phase3-feature-provenance-v1,5f148219527b07d85261d3f196ace97a5eb5646271d43596032a692389abc579,2c5cc1af74fc5f3955e44361b82b791710e4b63bbc69b0c15570617e2d86e543,NONE,A0_training_only_home_away_cov_v1,95.64081495004962,93.70909661084158,2.9146961430293654
2022_16_CIN_NE,2022,16,2022-12-24,NE,CIN,18.0,22.0,22.4034709313227,22.98562613708664,0.0,-4.0,40.0,-0.5821552057639394,45.38909706840934,0.48286149697830977,9.779612208571955,9.680345893140471,13.546974543226709,13.970658676202419,13.760447360492725,-9.7194506813376,8.555140269809721,-17.94330164002898,16.778991228501102,35.96603098782285,54.812163148995836,27.48497757023287,63.29321656658581,0.2700711473094847,0.21156988341132582,0.12607198904780134,0.04177236017051903,0.058501263898158906,0.08429962887728232,0.48164103072081055,0.16784434921832037,A0-DYNAMIC-OPPONENT-ADJUSTED-JOINT-SCORE-V1,2022,2021,2021-REG-END,100.0,4,phase3-feature-provenance-v1,5f148219527b07d85261d3f196ace97a5eb5646271d43596032a692389abc579,2c5cc1af74fc5f3955e44361b82b791710e4b63bbc69b0c15570617e2d86e543,NONE,A0_training_only_home_away_cov_v1,95.64081495004962,93.70909661084158,2.9146961430293654
2022_16_DEN_LA,2022,16,2022-12-25,LA,DEN,51.0,14.0,20.506019987433262,18.69071316217208,-1.0,37.0,65.0,1.8153068252611817,39.19673314960534,0.5532990699111398,9.779612208571955,9.680345893140471,13.546974543226709,13.970658676202419,13.760447360492725,-7.321988650312479,10.952602300834842,-15.54583960900386,19.176453259526223,29.773667069018853,48.61979923019183,21.292613651428873,57.100852647781814,0.05621747395265683,-0.1921088344744899,0.08253787170302739,0.1941139863555186,0.24832630842714673,-0.11157611465249122,-0.13589136052183307,0.276651858058546,A0-DYNAMIC-OPPONENT-ADJUSTED-JOINT-SCORE-V1,2022,2021,2021-REG-END,100.0,4,phase3-feature-provenance-v1,5f148219527b07d85261d3f196ace97a5eb5646271d43596032a692389abc579,2c5cc1af74fc5f3955e44361b82b791710e4b63bbc69b0c15570617e2d86e543,NONE,A0_training_only_home_away_cov_v1,95.64081495004962,93.70909661084158,2.9146961430293654
2022_16_DET_CAR,2022,16,2022-12-24,CAR,DET,37.0,23.0,21.251801816478018,23.472511697083167,0.0,14.0,60.0,-2.220709880605149,44.724313513561185,0.43489445156704876,9.779612208571955,9.680345893140471,13.546974543226709,13.970658676202419,13.760447360492725,-11.35800535617881,6.916585594968511,-19.58185631487019,15.140436553659892,35.30124743297469,54.14737959414768,26.820194015384715,62.628433011737656,-0.2143661302664187,0.1109426512961182,-0.2377145663390232,-0.23305538195930073,-0.3253087815625369,-0.004659184379722459,-0.1034234789703005,-0.4707699482983239,A0-DYNAMIC-OPPONENT-ADJUSTED-JOINT-SCORE-V1,2022,2021,2021-REG-END,100.0,4,phase3-feature-provenance-v1,5f148219527b07d85261d3f196ace97a5eb5646271d43596032a692389abc579,2c5cc1af74fc5f3955e44361b82b791710e4b63bbc69b0c15570617e2d86e543,NONE,A0_training_only_home_away_cov_v1,95.64081495004962,93.70909661084158,2.9146961430293654
2022_16_GB_MIA,2022,16,2022-12-25,MIA,GB,20.0,26.0,24.800407891693997,23.11783729916406,2.0,-6.0,46.0,1.6825705925299381,47.91824519085806,0.5494226012443542,9.779612208571955,9.680345893140471,13.546974543226709,13.970658676202419,13.760447360492725,-7.454724883043722,10.819866068103599,-15.678575841735103,19.04371702679498,38.495179110271565,57.34131127144455,30.01412569268159,65.82236468903453,-0.0026372115794037125,0.11736151334821991,0.09177635984461763,-0.025880707270160803,-0.11999872492762362,0.11765706711477843,0.1147243017688162,0.06589565257445683,A0-DYNAMIC-OPPONENT-ADJUSTED-JOINT-SCORE-V1,2022,2021,2021-REG-END,100.0,4,phase3-feature-provenance-v1,5f148219527b07d85261d3f196ace97a5eb5646271d43596032a692389abc579,2c5cc1af74fc5f3955e44361b82b791710e4b63bbc69b0c15570617e2d86e543,NONE,A0_training_only_home_away_cov_v1,95.64081495004962,93.70909661084158,2.9146961430293654
2022_16_HOU_TEN,2022,16,2022-12-24,TEN,HOU,14.0,19.0,23.325633832363238,16.145747108382828,0.0,-5.0,33.0,7.17988672398041,39.471380940746066,0.7019437842338492,9.779612208571955,9.680345893140471,13.546974543226709,13.970658676202419,13.760447360492725,-1.9574087515932508,16.31718219955407,-10.181259710284632,24.54103315824545,30.048314860159575,48.89444702133255,21.567261442569595,57.375500438922536,-0.03864361265044363,-0.07213350945480035,0.18055404223667765,-0.07841476660637225,0.03348989680435672,0.2589688088430499,-0.11077712210524399,0.10213927563030539,A0-DYNAMIC-OPPONENT-ADJUSTED-JOINT-SCORE-V1,2022,2021,2021-REG-END,100.0,4,phase3-feature-provenance-v1,5f148219527b07d85261d3f196ace97a5eb5646271d43596032a692389abc579,2c5cc1af74fc5f3955e44361b82b791710e4b63bbc69b0c15570617e2d86e543,NONE,A0_training_only_home_away_cov_v1,95.64081495004962,93.70909661084158,2.9146961430293654
2022_16_JAX_NYJ,2022,16,2022-12-22,NYJ,JAX,3.0,19.0,22.12420302694351,21.584516428670096,0.0,-16.0,22.0,0.5396865982734127,43.708719455613604,0.5158889251901243,9.779612208571955,9.680345893140471,13.546974543226709,13.970658676202419,13.760447360492725,-8.597608877300248,9.676982073847073,-16.82145983599163,17.900833032538454,34.28565337502711,53.1317855362001,25.804599957437134,61.612838953790074,-0.010455499555814913,-0.24697244498160595,-0.19961669980305208,-0.11796565938630967,0.23651694542579105,-0.08165104041674241,-0.25742794453742085,-0.31758235918936173,A0-DYNAMIC-OPPONENT-ADJUSTED-JOINT-SCORE-V1,2022,2021,2021-REG-END,100.0,4,phase3-feature-provenance-v1,5f148219527b07d85261d3f196ace97a5eb5646271d43596032a692389abc579,2c5cc1af74fc5f3955e44361b82b791710e4b63bbc69b0c15570617e2d86e543,NONE,A0_training_only_home_away_cov_v1,95.64081495004962,93.70909661084158,2.9146961430293654
2022_16_LAC_IND,2022,16,2022-12-26,IND,LAC,3.0,20.0,21.18525339826118,20.965700346966457,1.0,-17.0,23.0,0.21955305129472436,42.15095374522764,0.5064652930782859,9.779612208571955,9.680345893140471,13.546974543226709,13.970658676202419,13.760447360492725,-8.917742424278936,9.356848526868385,-17.141593382970317,17.580699485559766,32.727887664641145,51.57401982581413,24.24683424705117,60.05507324340411,-0.015951618418332723,0.32148856794341374,0.07789186622630548,-0.3157263800910933,-0.33744018636174644,0.3936182463173987,0.30553694952508104,-0.2378345138647878,A0-DYNAMIC-OPPONENT-ADJUSTED-JOINT-SCORE-V1,2022,2021,2021-REG-END,100.0,4,phase3-feature-provenance-v1,5f148219527b07d85261d3f196ace97a5eb5646271d43596032a692389abc579,2c5cc1af74fc5f3955e44361b82b791710e4b63bbc69b0c15570617e2d86e543,NONE,A0_training_only_home_away_cov_v1,95.64081495004962,93.70909661084158,2.9146961430293654
2022_16_LV_PIT,2022,16,2022-12-24,PIT,LV,13.0,10.0,23.609909823761182,21.695538359670238,0.0,3.0,23.0,1.9143714640909444,45.30544818343142,0.5561888888115103,9.779612208571955,9.680345893140471,13.546974543226709,13.970658676202419,13.760447360492725,-7.222924011482716,11.051666939664605,-15.446774970174097,19.275517898355986,35.88238210284493,54.72851426401792,27.401328685254953,63.20956768160789,-0.0474137114152845,-0.12652109659752947,0.05341017065874456,-0.08040987529644641,0.07910738518224497,0.13382004595519098,-0.17393480801281397,-0.026999704637701856,A0-DYNAMIC-OPPONENT-ADJUSTED-JOINT-SCORE-V1,2022,2021,2021-REG-END,100.0,4,phase3-feature-provenance-v1,5f148219527b07d85261d3f196ace97a5eb5646271d43596032a692389abc579,2c5cc1af74fc5f3955e44361b82b791710e4b63bbc69b0c15570617e2d86e543,NONE,A0_training_only_home_away_cov_v1,95.64081495004962,93.70909661084158,2.9146961430293654
2022_16_NO_CLE,2022,16,2022-12-24,CLE,NO,10.0,17.0,21.829320821389157,20.417250944882973,1.0,-7.0,27.0,1.4120698765061839,42.246571766272126,0.541508599220372,9.779612208571955,9.680345893140471,13.546974543226709,13.970658676202419,13.760447360492725,-7.7252255990674765,10.549365352079844,-15.949076557758858,18.773216310771225,32.82350568568563,51.66963784685862,24.342452268095656,60.1506912644486,-0.25816945214175446,-0.126816299830111,0.16449540546957736,0.15803755187940138,-0.13135315231164346,0.006457853590175977,-0.38498575197186546,0.32253295734897874,A0-DYNAMIC-OPPONENT-ADJUSTED-JOINT-SCORE-V1,2022,2021,2021-REG-END,100.0,4,phase3-feature-provenance-v1,5f148219527b07d85261d3f196ace97a5eb5646271d43596032a692389abc579,2c5cc1af74fc5f3955e44361b82b791710e4b63bbc69b0c15570617e2d86e543,NONE,A0_training_only_home_away_cov_v1,95.64081495004962,93.70909661084158,2.9146961430293654
2022_16_NYG_MIN,2022,16,2022-12-24,MIN,NYG,27.0,24.0,23.855273982959528,19.53394739010138,1.0,3.0,51.0,4.321326592858149,43.389221373060906,0.6251323134927019,9.779612208571955,9.680345893140471,13.546974543226709,13.970658676202419,13.760447360492725,-4.815968882715511,13.45862206843181,-13.039819841406892,21.68247302712319,33.96615529247441,52.8122874536474,25.485101874884435,61.293340871237376,0.0656399857865026,-0.45037256884367716,-0.11143618830138141,-0.05358945455510565,0.5160125546301797,-0.05784673374627576,-0.38473258305717456,-0.16502564285648708,A0-DYNAMIC-OPPONENT-ADJUSTED-JOINT-SCORE-V1,2022,2021,2021-REG-END,100.0,4,phase3-feature-provenance-v1,5f148219527b07d85261d3f196ace97a5eb5646271d43596032a692389abc579,2c5cc1af74fc5f3955e44361b82b791710e4b63bbc69b0c15570617e2d86e543,NONE,A0_training_only_home_away_cov_v1,95.64081495004962,93.70909661084158,2.9146961430293654
2022_16_PHI_DAL,2022,16,2022-12-24,DAL,PHI,40.0,34.0,26.38056632478657,22.549517244887884,0.0,6.0,74.0,3.831049079898687,48.93008356967445,0.6113339234484614,9.779612208571955,9.680345893140471,13.546974543226709,13.970658676202419,13.760447360492725,-5.3062463956749735,12.968344555472347,-13.530097354366355,21.19219551416373,39.50701748908796,58.353149650260946,31.02596407149798,66.83420306785092,0.5492000666446551,0.19159358013792763,0.06847973493858281,-0.11405989316963033,0.35760648650672755,0.18253962810821314,0.7407936467825827,-0.045580158231047524,A0-DYNAMIC-OPPONENT-ADJUSTED-JOINT-SCORE-V1,2022,2021,2021-REG-END,100.0,4,phase3-feature-provenance-v1,5f148219527b07d85261d3f196ace97a5eb5646271d43596032a692389abc579,2c5cc1af74fc5f3955e44361b82b791710e4b63bbc69b0c15570617e2d86e543,NONE,A0_training_only_home_away_cov_v1,95.64081495004962,93.70909661084158,2.9146961430293654
2022_16_SEA_KC,2022,16,2022-12-24,KC,SEA,24.0,10.0,29.652746308257193,23.626509931998058,-3.0,14.0,34.0,6.026236376259135,53.27925624025525,0.671782313232724,9.779612208571955,9.680345893140471,13.546974543226709,13.970658676202419,13.760447360492725,-3.1110590993145255,15.163531851832795,-11.334910058005907,23.387382810524176,43.856190159668756,62.702322320841745,35.37513674207878,71.18337573843172,0.10584012327700514,0.2248014785283947,0.22358546046889155,0.015463454268807372,-0.11896135525138955,0.20812200620008417,0.3306416018053998,0.23904891473769893,A0-DYNAMIC-OPPONENT-ADJUSTED-JOINT-SCORE-V1,2022,2021,2021-REG-END,100.0,4,phase3-feature-provenance-v1,5f148219527b07d85261d3f196ace97a5eb5646271d43596032a692389abc579,2c5cc1af74fc5f3955e44361b82b791710e4b63bbc69b0c15570617e2d86e543,NONE,A0_training_only_home_away_cov_v1,95.64081495004962,93.70909661084158,2.9146961430293654
2022_16_TB_ARI,2022,16,2022-12-25,ARI,TB,16.0,19.0,20.963198085784335,22.83415516944145,0.0,-3.0,35.0,-1.8709570836571139,43.79735325522579,0.4450771955105223,9.779612208571955,9.680345893140471,13.546974543226709,13.970658676202419,13.760447360492725,-11.008252559230774,7.2663383919165465,-19.232103517922155,15.490189350607928,34.37428717463929,53.22041933581228,25.893233757049316,61.70147275340226,0.008870822096719182,0.21763267559674446,-0.14706064958902637,0.10640645435692025,-0.20876185350002527,-0.2534671039459466,0.22650349769346365,-0.040654195232106116,A0-DYNAMIC-OPPONENT-ADJUSTED-JOINT-SCORE-V1,2022,2021,2021-REG-END,100.0,4,phase3-feature-provenance-v1,5f148219527b07d85261d3f196ace97a5eb5646271d43596032a692389abc579,2c5cc1af74fc5f3955e44361b82b791710e4b63bbc69b0c15570617e2d86e543,NONE,A0_training_only_home_away_cov_v1,95.64081495004962,93.70909661084158,2.9146961430293654
2022_16_WAS_SF,2022,16,2022-12-24,SF,WAS,37.0,20.0,26.72342408444787,17.36929151701978,3.0,17.0,57.0,9.354132567428092,44.092715601467646,0.7550588570696759,9.779612208571955,9.680345893140471,13.546974543226709,13.970658676202419,13.760447360492725,0.21683709185443156,18.491428043001754,-8.00701386683695,26.715279001693133,34.66964952088115,53.51578168205414,26.188596103291175,61.996835099644116,0.012693565957974957,-0.09684973449435927,0.14997274445167347,-0.04072357670931882,0.10954330045233422,0.19069632116099228,-0.08415616853638432,0.10924916774235464,A0-DYNAMIC-OPPONENT-ADJUSTED-JOINT-SCORE-V1,2022,2021,2021-REG-END,100.0,4,phase3-feature-provenance-v1,5f148219527b07d85261d3f196ace97a5eb5646271d43596032a692389abc579,2c5cc1af74fc5f3955e44361b82b791710e4b63bbc69b0c15570617e2d86e543,NONE,A0_training_only_home_away_cov_v1,95.64081495004962,93.70909661084158,2.9146961430293654
2022_17_ARI_ATL,2022,17,2023-01-01,ATL,ARI,20.0,19.0,23.184559761405072,19.57043046581988,1.0,1.0,39.0,3.614129295585194,42.75499022722495,0.6051826392127575,9.779612208571955,9.680345893140471,13.546974543226709,13.970658676202419,13.760447360492725,-5.523166179988467,12.751424771158854,-13.747017138679848,20.975275729850235,33.33192414663846,52.178056307811445,24.85087072904848,60.65910972540142,-0.14263025478786803,0.008870822096719182,-0.1675903674837904,-0.14706064958902637,-0.15150107688458722,-0.020529717894764016,-0.13375943269114884,-0.31465101707281673,A0-DYNAMIC-OPPONENT-ADJUSTED-JOINT-SCORE-V1,2022,2021,2021-REG-END,100.0,4,phase3-feature-provenance-v1,5f148219527b07d85261d3f196ace97a5eb5646271d43596032a692389abc579,2c5cc1af74fc5f3955e44361b82b791710e4b63bbc69b0c15570617e2d86e543,NONE,A0_training_only_home_away_cov_v1,95.64081495004962,93.70909661084158,2.9146961430293654
2022_17_CAR_TB,2022,17,2023-01-01,TB,CAR,30.0,24.0,24.22669670341722,19.27287155633063,-1.0,6.0,54.0,4.953825147086587,43.499568259747846,0.6426971688535082,9.779612208571955,9.680345893140471,13.546974543226709,13.970658676202419,13.760447360492725,-4.183470328487074,14.091120622660247,-12.407321287178455,22.314971581351628,34.07650217916135,52.92263434033434,25.595448761571376,61.40368775792432,0.21763267559674446,-0.2143661302664187,0.10640645435692025,-0.2377145663390232,0.4319988058631632,0.3441210206959434,0.0032665453303257486,-0.13130811198210293,A0-DYNAMIC-OPPONENT-ADJUSTED-JOINT-SCORE-V1,2022,2021,2021-REG-END,100.0,4,phase3-feature-provenance-v1,5f148219527b07d85261d3f196ace97a5eb5646271d43596032a692389abc579,2c5cc1af74fc5f3955e44361b82b791710e4b63bbc69b0c15570617e2d86e543,NONE,A0_training_only_home_away_cov_v1,95.64081495004962,93.70909661084158,2.9146961430293654
2022_17_CHI_DET,2022,17,2023-01-01,DET,CHI,41.0,10.0,26.53477262984953,19.75923518189564,0.0,31.0,51.0,6.775537447953891,46.294007811745175,0.6915157402323545,9.779612208571955,9.680345893140471,13.546974543226709,13.970658676202419,13.760447360492725,-2.3617580276197696,15.912832923527551,-10.58560898631115,24.136683882218932,36.87094173115868,55.71707389233167,28.389888313568704,64.19812730992165,0.1109426512961182,-0.020868241005468458,-0.23305538195930073,-0.014470467104029806,0.13181089230158666,-0.21858491485527093,0.09007441029064975,-0.24752584906333053,A0-DYNAMIC-OPPONENT-ADJUSTED-JOINT-SCORE-V1,2022,2021,2021-REG-END,100.0,4,phase3-feature-provenance-v1,5f148219527b07d85261d3f196ace97a5eb5646271d43596032a692389abc579,2c5cc1af74fc5f3955e44361b82b791710e4b63bbc69b0c15570617e2d86e543,NONE,A0_training_only_home_away_cov_v1,95.64081495004962,93.70909661084158,2.9146961430293654
2022_17_CLE_WAS,2022,17,2023-01-01,WAS,CLE,10.0,24.0,21.015932656308348,19.249104862029853,0.0,-14.0,34.0,1.7668277942784947,40.265037518338204,0.5518838441034111,9.779612208571955,9.680345893140471,13.546974543226709,13.970658676202419,13.760447360492725,-7.370467681295166,10.904123269852155,-15.594318639986547,19.127974228543536,30.841971437751713,49.6881035989247,22.360918020161733,58.169157016514674,-0.09684973449435927,-0.25816945214175446,-0.04072357670931882,0.16449540546957736,0.1613197176473952,-0.20521898217889617,-0.35501918663611376,0.12377182876025854,A0-DYNAMIC-OPPONENT-ADJUSTED-JOINT-SCORE-V1,2022,2021,2021-REG-END,100.0,4,phase3-feature-provenance-v1,5f148219527b07d85261d3f196ace97a5eb5646271d43596032a692389abc579,2c5cc1af74fc5f3955e44361b82b791710e4b63bbc69b0c15570617e2d86e543,NONE,A0_training_only_home_away_cov_v1,95.64081495004962,93.70909661084158,2.9146961430293654
2022_17_DAL_TEN,2022,17,2022-12-29,TEN,DAL,13.0,27.0,20.66713689226534,24.224845068327333,0.0,-14.0,40.0,-3.5577081760619933,44.89198196059267,0.3964216926430846,9.779612208571955,9.680345893140471,13.546974543226709,13.970658676202419,13.760447360492725,-12.695003651635654,5.579587299511667,-20.918854610327035,13.803438258203048,35.46891588000618,54.31504804117917,26.987862462416203,62.796101458769144,-0.03864361265044363,0.5492000666446551,0.18055404223667765,0.06847973493858281,-0.5878436792950987,0.11207430729809484,0.5105564539942116,0.24903377717526046,A0-DYNAMIC-OPPONENT-ADJUSTED-JOINT-SCORE-V1,2022,2021,2021-REG-END,100.0,4,phase3-feature-provenance-v1,5f148219527b07d85261d3f196ace97a5eb5646271d43596032a692389abc579,2c5cc1af74fc5f3955e44361b82b791710e4b63bbc69b0c15570617e2d86e543,NONE,A0_training_only_home_away_cov_v1,95.64081495004962,93.70909661084158,2.9146961430293654
2022_17_DEN_KC,2022,17,2023-01-01,KC,DEN,27.0,24.0,29.604143708973794,16.94914081842459,1.0,3.0,51.0,12.655002890549206,46.55328452739838,0.8248885776557437,9.779612208571955,9.680345893140471,13.546974543226709,13.970658676202419,13.760447360492725,3.517707414975545,21.792298366122864,-4.706143543715836,30.016149324814247,37.130218446811895,55.97635060798487,28.649165029221912,64.45740402557485,0.10584012327700514,-0.1921088344744899,0.22358546046889155,0.1941139863555186,0.29794895775149505,0.029471474113372947,-0.08626871119748476,0.4176994468244102,A0-DYNAMIC-OPPONENT-ADJUSTED-JOINT-SCORE-V1,2022,2021,2021-REG-END,100.0,4,phase3-feature-provenance-v1,5f148219527b07d85261d3f196ace97a5eb5646271d43596032a692389abc579,2c5cc1af74fc5f3955e44361b82b791710e4b63bbc69b0c15570617e2d86e543,NONE,A0_training_only_home_away_cov_v1,95.64081495004962,93.70909661084158,2.9146961430293654
2022_17_IND_NYG,2022,17,2023-01-01,NYG,IND,38.0,10.0,21.394881703131276,17.784454984701814,2.0,28.0,48.0,3.610426718429462,39.179336687833086,0.6050774109476611,9.779612208571955,9.680345893140471,13.546974543226709,13.970658676202419,13.760447360492725,-5.526868757144198,12.747722194003122,-13.75071971583558,20.971573152694504,29.756270607246595,48.60240276841958,21.275217189656615,57.083456186009556,-0.45037256884367716,-0.015951618418332723,-0.05358945455510565,0.07789186622630548,-0.43442095042534445,-0.13148132078141112,-0.46632418726200986,0.024302411671199828,A0-DYNAMIC-OPPONENT-ADJUSTED-JOINT-SCORE-V1,2022,2021,2021-REG-END,100.0,4,phase3-feature-provenance-v1,5f148219527b07d85261d3f196ace97a5eb5646271d43596032a692389abc579,2c5cc1af74fc5f3955e44361b82b791710e4b63bbc69b0c15570617e2d86e543,NONE,A0_training_only_home_away_cov_v1,95.64081495004962,93.70909661084158,2.9146961430293654
2022_17_JAX_HOU,2022,17,2023-01-01,HOU,JAX,3.0,31.0,19.714036791918833,22.671786231501855,-2.0,-28.0,34.0,-2.957749439583022,42.385823023420684,0.4135848940840734,9.779612208571955,9.680345893140471,13.546974543226709,13.970658676202419,13.760447360492725,-12.095044915156683,6.179546035990638,-20.318895873848064,14.40339699468202,32.96275694283419,51.80888910400718,24.481703525244214,60.289942521597155,-0.07213350945480035,-0.24697244498160595,-0.07841476660637225,-0.11796565938630967,0.1748389355268056,0.03955089277993741,-0.3191059544364063,-0.1963804259926819,A0-DYNAMIC-OPPONENT-ADJUSTED-JOINT-SCORE-V1,2022,2021,2021-REG-END,100.0,4,phase3-feature-provenance-v1,5f148219527b07d85261d3f196ace97a5eb5646271d43596032a692389abc579,2c5cc1af74fc5f3955e44361b82b791710e4b63bbc69b0c15570617e2d86e543,NONE,A0_training_only_home_away_cov_v1,95.64081495004962,93.70909661084158,2.9146961430293654
2022_17_LA_LAC,2022,17,2023-01-01,LAC,LA,31.0,10.0,23.36471539199245,20.672394787249278,-1.0,21.0,41.0,2.6923206047431734,44.03711017924173,0.5787667859746313,9.779612208571955,9.680345893140471,13.546974543226709,13.970658676202419,13.760447360492725,-6.444974870830487,11.829616080316834,-14.668825829521868,20.053467039008215,34.61404409865524,53.460176259828216,26.13299068106526,61.9412296774182,0.32148856794341374,0.05621747395265683,-0.3157263800910933,0.08253787170302739,0.2652710939907569,-0.39826425179412067,0.3777060418960706,-0.23318850838806587,A0-DYNAMIC-OPPONENT-ADJUSTED-JOINT-SCORE-V1,2022,2021,2021-REG-END,100.0,4,phase3-feature-provenance-v1,5f148219527b07d85261d3f196ace97a5eb5646271d43596032a692389abc579,2c5cc1af74fc5f3955e44361b82b791710e4b63bbc69b0c15570617e2d86e543,NONE,A0_training_only_home_away_cov_v1,95.64081495004962,93.70909661084158,2.9146961430293654
2022_17_MIA_NE,2022,17,2023-01-01,NE,MIA,23.0,21.0,21.97024553355167,19.91598277811282,1.0,2.0,44.0,2.054262755438849,41.88622831166449,0.5602645450984711,9.779612208571955,9.680345893140471,13.546974543226709,13.970658676202419,13.760447360492725,-7.0830327201348116,11.19155823101251,-15.306883678826193,19.41540918970389,32.463162231078,51.309294392250976,23.98210881348802,59.79034780984096,0.2700711473094847,-0.0026372115794037125,0.12607198904780134,0.09177635984461763,0.27270835888888845,0.034295629203183714,0.267433935730081,0.21784834889241897,A0-DYNAMIC-OPPONENT-ADJUSTED-JOINT-SCORE-V1,2022,2021,2021-REG-END,100.0,4,phase3-feature-provenance-v1,5f148219527b07d85261d3f196ace97a5eb5646271d43596032a692389abc579,2c5cc1af74fc5f3955e44361b82b791710e4b63bbc69b0c15570617e2d86e543,NONE,A0_training_only_home_away_cov_v1,95.64081495004962,93.70909661084158,2.9146961430293654
2022_17_MIN_GB,2022,17,2023-01-01,GB,MIN,41.0,17.0,26.35965469134049,21.464894786192744,-1.0,24.0,58.0,4.8947599051477475,47.82454947753324,0.6410689691640541,9.779612208571955,9.680345893140471,13.546974543226709,13.970658676202419,13.760447360492725,-4.242535570425913,14.032055380721408,-12.466386529117294,22.25590633941279,38.401483396946745,57.24761555811973,29.92042997935677,65.72866897570971,0.11736151334821991,0.0656399857865026,-0.025880707270160803,-0.11143618830138141,0.051721527561717315,0.08555548103122061,0.18300149913472252,-0.13731689557154222,A0-DYNAMIC-OPPONENT-ADJUSTED-JOINT-SCORE-V1,2022,2021,2021-REG-END,100.0,4,phase3-feature-provenance-v1,5f148219527b07d85261d3f196ace97a5eb5646271d43596032a692389abc579,2c5cc1af74fc5f3955e44361b82b791710e4b63bbc69b0c15570617e2d86e543,NONE,A0_training_only_home_away_cov_v1,95.64081495004962,93.70909661084158,2.9146961430293654
2022_17_NO_PHI,2022,17,2023-01-01,PHI,NO,10.0,20.0,25.14318463271166,20.193145212426014,0.0,-10.0,30.0,4.950039420285645,45.33632984513767,0.6425928885580464,9.779612208571955,9.680345893140471,13.546974543226709,13.970658676202419,13.760447360492725,-4.187256055288016,14.087334895859305,-12.411107013979397,22.311185854550686,35.913263764551175,54.759395925724164,27.4322103469612,63.24044934331414,0.19159358013792763,-0.126816299830111,-0.11405989316963033,0.15803755187940138,0.3184098799680386,-0.2720974450490317,0.06477728030781663,0.04397765870977105,A0-DYNAMIC-OPPONENT-ADJUSTED-JOINT-SCORE-V1,2022,2021,2021-REG-END,100.0,4,phase3-feature-provenance-v1,5f148219527b07d85261d3f196ace97a5eb5646271d43596032a692389abc579,2c5cc1af74fc5f3955e44361b82b791710e4b63bbc69b0c15570617e2d86e543,NONE,A0_training_only_home_away_cov_v1,95.64081495004962,93.70909661084158,2.9146961430293654
2022_17_NYJ_SEA,2022,17,2023-01-01,SEA,NYJ,23.0,6.0,23.930831283833427,18.57656092634099,-2.0,17.0,29.0,5.354270357492439,42.507392210174416,0.6536661357720743,9.779612208571955,9.680345893140471,13.546974543226709,13.970658676202419,13.760447360492725,-3.7830251180812215,14.4915658330661,-12.006876076772603,22.71541679175748,33.08432612958792,51.93045829076091,24.603272711997946,60.411511708350886,0.2248014785283947,-0.010455499555814913,0.015463454268807372,-0.19961669980305208,0.2352569780842096,0.21508015407185946,0.2143459789725798,-0.1841532455342447,A0-DYNAMIC-OPPONENT-ADJUSTED-JOINT-SCORE-V1,2022,2021,2021-REG-END,100.0,4,phase3-feature-provenance-v1,5f148219527b07d85261d3f196ace97a5eb5646271d43596032a692389abc579,2c5cc1af74fc5f3955e44361b82b791710e4b63bbc69b0c15570617e2d86e543,NONE,A0_training_only_home_away_cov_v1,95.64081495004962,93.70909661084158,2.9146961430293654
2022_17_PIT_BAL,2022,17,2023-01-01,BAL,PIT,13.0,16.0,23.116192417710554,20.63780243854055,0.0,-3.0,29.0,2.4783899791700037,43.753994856251104,0.572580534477497,9.779612208571955,9.680345893140471,13.546974543226709,13.970658676202419,13.760447360492725,-6.658905496403657,11.615685454743664,-14.882756455095038,19.839536413435045,34.33092877566462,53.17706093683759,25.849875358074634,61.658114354427575,-0.2140417293747926,-0.0474137114152845,-0.05295866194760351,0.05341017065874456,-0.1666280179595081,-0.10636883260634807,-0.2614554407900771,0.00045150871114105207,A0-DYNAMIC-OPPONENT-ADJUSTED-JOINT-SCORE-V1,2022,2021,2021-REG-END,100.0,4,phase3-feature-provenance-v1,5f148219527b07d85261d3f196ace97a5eb5646271d43596032a692389abc579,2c5cc1af74fc5f3955e44361b82b791710e4b63bbc69b0c15570617e2d86e543,NONE,A0_training_only_home_away_cov_v1,95.64081495004962,93.70909661084158,2.9146961430293654
2022_17_SF_LV,2022,17,2023-01-01,LV,SF,34.0,37.0,21.61442925806494,24.98107989695869,0.0,-3.0,71.0,-3.3666506388937485,46.595509155023635,0.40186729014710215,9.779612208571955,9.680345893140471,13.546974543226709,13.970658676202419,13.760447360492725,-12.503946114467409,5.770644836679912,-20.72779707315879,13.994495795371293,37.17244307443714,56.01857523561013,28.691389656847164,64.4996286532001,-0.12652109659752947,0.012693565957974957,-0.08040987529644641,0.14997274445167347,-0.13921466255550444,-0.23038261974811988,-0.11382753063955452,0.06956286915522705,A0-DYNAMIC-OPPONENT-ADJUSTED-JOINT-SCORE-V1,2022,2021,2021-REG-END,100.0,4,phase3-feature-provenance-v1,5f148219527b07d85261d3f196ace97a5eb5646271d43596032a692389abc579,2c5cc1af74fc5f3955e44361b82b791710e4b63bbc69b0c15570617e2d86e543,NONE,A0_training_only_home_away_cov_v1,95.64081495004962,93.70909661084158,2.9146961430293654
2022_18_ARI_SF,2022,18,2023-01-08,SF,ARI,38.0,13.0,27.5700952235207,17.277819303999877,0.0,25.0,51.0,10.292275919520822,44.84791452752057,0.7762971440769286,9.779612208571955,9.680345893140471,13.546974543226709,13.970658676202419,13.760447360492725,1.1549804439471618,19.429571395094484,-7.068870514744219,27.653422353785864,35.42484844693408,54.27098060810707,26.943795029344102,62.75203402569704,0.012693565957974957,0.008870822096719182,0.14997274445167347,-0.14706064958902637,0.003822743861255775,0.29703339404069984,0.02156438805469414,0.0029120948626470966,A0-DYNAMIC-OPPONENT-ADJUSTED-JOINT-SCORE-V1,2022,2021,2021-REG-END,100.0,4,phase3-feature-provenance-v1,5f148219527b07d85261d3f196ace97a5eb5646271d43596032a692389abc579,2c5cc1af74fc5f3955e44361b82b791710e4b63bbc69b0c15570617e2d86e543,NONE,A0_training_only_home_away_cov_v1,95.64081495004962,93.70909661084158,2.9146961430293654
2022_18_BAL_CIN,2022,18,2023-01-08,CIN,BAL,27.0,16.0,26.609672730654047,21.17584544418165,-1.0,11.0,43.0,5.433827286472397,47.7855181748357,0.6558304395438069,9.779612208571955,9.680345893140471,13.546974543226709,13.970658676202419,13.760447360492725,-3.7034681891012635,14.571122762046057,-11.927319147792645,22.79497372073744,38.36245209424921,57.208584255422195,29.88139867665923,65.68963767301217,0.21156988341132582,-0.2140417293747926,0.04177236017051903,-0.05295866194760351,0.4256116127861184,0.09473102211812254,-0.002471845963466779,-0.011186301777084476,A0-DYNAMIC-OPPONENT-ADJUSTED-JOINT-SCORE-V1,2022,2021,2021-REG-END,100.0,4,phase3-feature-provenance-v1,5f148219527b07d85261d3f196ace97a5eb5646271d43596032a692389abc579,2c5cc1af74fc5f3955e44361b82b791710e4b63bbc69b0c15570617e2d86e543,NONE,A0_training_only_home_away_cov_v1,95.64081495004962,93.70909661084158,2.9146961430293654
2022_18_CAR_NO,2022,18,2023-01-08,NO,CAR,7.0,10.0,23.067297153442446,18.30616340752051,0.0,-3.0,17.0,4.761133745921935,41.373460560962954,0.6373759830410863,9.779612208571955,9.680345893140471,13.546974543226709,13.970658676202419,13.760447360492725,-4.3761617296517255,13.898429221495595,-12.600012688343107,22.122280180186976,31.950394480376463,50.79652664154945,23.469341062786484,59.277580059139424,-0.126816299830111,-0.2143661302664187,0.15803755187940138,-0.2377145663390232,0.08754983043630771,0.3957521182184246,-0.3411824300965297,-0.0796770144596218,A0-DYNAMIC-OPPONENT-ADJUSTED-JOINT-SCORE-V1,2022,2021,2021-REG-END,100.0,4,phase3-feature-provenance-v1,5f148219527b07d85261d3f196ace97a5eb5646271d43596032a692389abc579,2c5cc1af74fc5f3955e44361b82b791710e4b63bbc69b0c15570617e2d86e543,NONE,A0_training_only_home_away_cov_v1,95.64081495004962,93.70909661084158,2.9146961430293654
2022_18_CLE_PIT,2022,18,2023-01-08,PIT,CLE,28.0,14.0,22.767150636532314,20.2398167130278,0.0,14.0,42.0,2.5273339235045142,43.006967349560114,0.5739974839079858,9.779612208571955,9.680345893140471,13.546974543226709,13.970658676202419,13.760447360492725,-6.609961552069146,11.664629399078175,-14.833812510760527,19.888480357769556,33.58390126897362,52.43003343014661,25.102847851383643,60.911086847736584,-0.0474137114152845,-0.25816945214175446,0.05341017065874456,0.16449540546957736,0.21075574072646996,-0.1110852348108328,-0.30558316355703896,0.21790557612832193,A0-DYNAMIC-OPPONENT-ADJUSTED-JOINT-SCORE-V1,2022,2021,2021-REG-END,100.0,4,phase3-feature-provenance-v1,5f148219527b07d85261d3f196ace97a5eb5646271d43596032a692389abc579,2c5cc1af74fc5f3955e44361b82b791710e4b63bbc69b0c15570617e2d86e543,NONE,A0_training_only_home_away_cov_v1,95.64081495004962,93.70909661084158,2.9146961430293654
2022_18_DAL_WAS,2022,18,2023-01-08,WAS,DAL,26.0,6.0,19.24082727854117,25.068395162451186,-3.0,20.0,32.0,-5.827567883910017,44.30922244099236,0.3335342238559782,9.779612208571955,9.680345893140471,13.546974543226709,13.970658676202419,13.760447360492725,-14.964863359483678,3.309727591663643,-23.18871431817506,11.533578550355024,34.88615636040586,53.73228852157885,26.405102942815887,62.21334193916883,-0.09684973449435927,0.5492000666446551,-0.04072357670931882,0.06847973493858281,-0.6460498011390144,-0.10920331164790163,0.45235033215029585,0.027756158229263986,A0-DYNAMIC-OPPONENT-ADJUSTED-JOINT-SCORE-V1,2022,2021,2021-REG-END,100.0,4,phase3-feature-provenance-v1,5f148219527b07d85261d3f196ace97a5eb5646271d43596032a692389abc579,2c5cc1af74fc5f3955e44361b82b791710e4b63bbc69b0c15570617e2d86e543,NONE,A0_training_only_home_away_cov_v1,95.64081495004962,93.70909661084158,2.9146961430293654
2022_18_DET_GB,2022,18,2023-01-08,GB,DET,16.0,20.0,26.665701960197943,23.93914234006539,0.0,-4.0,36.0,2.7265596201325515,50.60484430026334,0.5797551176805621,9.779612208571955,9.680345893140471,13.546974543226709,13.970658676202419,13.760447360492725,-6.410735855441109,11.863855095706212,-14.63458681413249,20.087706054397593,41.18177821967684,60.02791038084983,32.70072480208687,68.50896379843981,0.11736151334821991,0.1109426512961182,-0.025880707270160803,-0.23305538195930073,0.006418862052101709,0.20717467468913991,0.22830416464433811,-0.25893608922946154,A0-DYNAMIC-OPPONENT-ADJUSTED-JOINT-SCORE-V1,2022,2021,2021-REG-END,100.0,4,phase3-feature-provenance-v1,5f148219527b07d85261d3f196ace97a5eb5646271d43596032a692389abc579,2c5cc1af74fc5f3955e44361b82b791710e4b63bbc69b0c15570617e2d86e543,NONE,A0_training_only_home_away_cov_v1,95.64081495004962,93.70909661084158,2.9146961430293654
2022_18_HOU_IND,2022,18,2023-01-08,IND,HOU,31.0,32.0,19.79942264555822,16.060342734078258,0.0,-1.0,63.0,3.739079911479962,35.85976537963648,0.6087292251586669,9.779612208571955,9.680345893140471,13.546974543226709,13.970658676202419,13.760447360492725,-5.398215564093698,12.876375387053622,-13.62206652278508,21.100226345745003,26.436699299049987,45.282831460222965,17.955645881460008,53.76388487781295,-0.015951618418332723,-0.07213350945480035,0.07789186622630548,-0.07841476660637225,0.056181891036467625,0.15630663283267773,-0.08808512787313308,-0.0005229003800667764,A0-DYNAMIC-OPPONENT-ADJUSTED-JOINT-SCORE-V1,2022,2021,2021-REG-END,100.0,4,phase3-feature-provenance-v1,5f148219527b07d85261d3f196ace97a5eb5646271d43596032a692389abc579,2c5cc1af74fc5f3955e44361b82b791710e4b63bbc69b0c15570617e2d86e543,NONE,A0_training_only_home_away_cov_v1,95.64081495004962,93.70909661084158,2.9146961430293654
2022_18_KC_LV,2022,18,2023-01-07,LV,KC,13.0,31.0,23.077947689872047,28.00072663910519,0.0,-18.0,44.0,-4.922778949233141,51.078674328977236,0.3581583327540956,9.779612208571955,9.680345893140471,13.546974543226709,13.970658676202419,13.760447360492725,-14.060074424806801,4.214516526340519,-22.283925383498183,12.4383674850319,41.65560824839075,60.50174040956372,33.174554830800766,68.9827938271537,-0.12652109659752947,0.10584012327700514,-0.08040987529644641,0.22358546046889155,-0.23236121987453462,-0.303995335765338,-0.020680973320524335,0.14317558517244514,A0-DYNAMIC-OPPONENT-ADJUSTED-JOINT-SCORE-V1,2022,2021,2021-REG-END,100.0,4,phase3-feature-provenance-v1,5f148219527b07d85261d3f196ace97a5eb5646271d43596032a692389abc579,2c5cc1af74fc5f3955e44361b82b791710e4b63bbc69b0c15570617e2d86e543,NONE,A0_training_only_home_away_cov_v1,95.64081495004962,93.70909661084158,2.9146961430293654
2022_18_LAC_DEN,2022,18,2023-01-08,DEN,LAC,31.0,28.0,19.40278336870251,22.047559236991887,0.0,3.0,59.0,-2.6447758682893756,41.4503426056944,0.42260644633603833,9.779612208571955,9.680345893140471,13.546974543226709,13.970658676202419,13.760447360492725,-11.782071343863036,6.492519607284285,-20.005922302554417,14.716370565975666,32.02727652510791,50.8734086862809,23.546223107517932,59.35446210387087,-0.1921088344744899,0.32148856794341374,0.1941139863555186,-0.3157263800910933,-0.5135974024179036,0.5098403664466119,0.12937973346892384,-0.12161239373557467,A0-DYNAMIC-OPPONENT-ADJUSTED-JOINT-SCORE-V1,2022,2021,2021-REG-END,100.0,4,phase3-feature-provenance-v1,5f148219527b07d85261d3f196ace97a5eb5646271d43596032a692389abc579,2c5cc1af74fc5f3955e44361b82b791710e4b63bbc69b0c15570617e2d86e543,NONE,A0_training_only_home_away_cov_v1,95.64081495004962,93.70909661084158,2.9146961430293654
2022_18_LA_SEA,2022,18,2023-01-08,SEA,LA,19.0,16.0,24.59736971239173,19.81221645244313,0.0,3.0,35.0,4.785153259948597,44.40958616483486,0.638040757731204,9.779612208571955,9.680345893140471,13.546974543226709,13.970658676202419,13.760447360492725,-4.352142215625063,13.922448735522257,-12.575993174316444,22.14629969421364,34.98652008424837,53.83265224542136,26.505466666658393,62.31370566301133,0.2248014785283947,0.05621747395265683,0.015463454268807372,0.08253787170302739,0.16858400457573786,-0.06707441743422002,0.2810189524810515,0.09800132597183475,A0-DYNAMIC-OPPONENT-ADJUSTED-JOINT-SCORE-V1,2022,2021,2021-REG-END,100.0,4,phase3-feature-provenance-v1,5f148219527b07d85261d3f196ace97a5eb5646271d43596032a692389abc579,2c5cc1af74fc5f3955e44361b82b791710e4b63bbc69b0c15570617e2d86e543,NONE,A0_training_only_home_away_cov_v1,95.64081495004962,93.70909661084158,2.9146961430293654
2022_18_MIN_CHI,2022,18,2023-01-08,CHI,MIN,13.0,29.0,20.423123013417857,21.579059975036316,0.0,-16.0,42.0,-1.1559369616184583,42.00218298845417,0.4660002948997758,9.779612208571955,9.680345893140471,13.546974543226709,13.970658676202419,13.760447360492725,-10.293232437192119,7.981358513955202,-18.5170833958835,16.205209472646583,32.579116907867686,51.42524906904066,24.098063490277703,59.90630248663064,-0.020868241005468458,0.0656399857865026,-0.014470467104029806,-0.11143618830138141,-0.08650822679197105,0.09696572119735161,0.04477174478103414,-0.1259066554054112,A0-DYNAMIC-OPPONENT-ADJUSTED-JOINT-SCORE-V1,2022,2021,2021-REG-END,100.0,4,phase3-feature-provenance-v1,5f148219527b07d85261d3f196ace97a5eb5646271d43596032a692389abc579,2c5cc1af74fc5f3955e44361b82b791710e4b63bbc69b0c15570617e2d86e543,NONE,A0_training_only_home_away_cov_v1,95.64081495004962,93.70909661084158,2.9146961430293654
2022_18_NE_BUF,2022,18,2023-01-08,BUF,NE,35.0,23.0,25.563763300355937,18.753939957461537,-1.0,12.0,58.0,6.809823342894401,44.31770325781747,0.6924061466012184,9.779612208571955,9.680345893140471,13.546974543226709,13.970658676202419,13.760447360492725,-2.32747213267926,15.947118818468061,-10.55132309137064,24.170969777159442,34.894637177230976,53.740769338403965,26.413583759641,62.22182275599394,0.08225346674958009,0.2700711473094847,0.2209298058897161,0.12607198904780134,-0.18781768055990464,0.09485781684191477,0.3523246140590648,0.3470017949375175,A0-DYNAMIC-OPPONENT-ADJUSTED-JOINT-SCORE-V1,2022,2021,2021-REG-END,100.0,4,phase3-feature-provenance-v1,5f148219527b07d85261d3f196ace97a5eb5646271d43596032a692389abc579,2c5cc1af74fc5f3955e44361b82b791710e4b63bbc69b0c15570617e2d86e543,NONE,A0_training_only_home_away_cov_v1,95.64081495004962,93.70909661084158,2.9146961430293654
2022_18_NYG_PHI,2022,18,2023-01-08,PHI,NYG,22.0,16.0,25.58695270780246,20.007354641048554,0.0,6.0,38.0,5.579598066753906,45.59430734885102,0.6597827978412449,9.779612208571955,9.680345893140471,13.546974543226709,13.970658676202419,13.760447360492725,-3.557697408819754,14.716893542327567,-11.781548367511135,22.940744501018948,36.171241268264524,55.01737342943751,27.690187850674548,63.49842684702749,0.19159358013792763,-0.45037256884367716,-0.11405989316963033,-0.05358945455510565,0.6419661489816048,-0.06047043861452468,-0.25877898870574956,-0.167649347724736,A0-DYNAMIC-OPPONENT-ADJUSTED-JOINT-SCORE-V1,2022,2021,2021-REG-END,100.0,4,phase3-feature-provenance-v1,5f148219527b07d85261d3f196ace97a5eb5646271d43596032a692389abc579,2c5cc1af74fc5f3955e44361b82b791710e4b63bbc69b0c15570617e2d86e543,NONE,A0_training_only_home_away_cov_v1,95.64081495004962,93.70909661084158,2.9146961430293654
2022_18_NYJ_MIA,2022,18,2023-01-08,MIA,NYJ,11.0,6.0,23.242361406153005,16.7876509614872,0.0,5.0,17.0,6.454710444665807,40.030012367640204,0.6831297782219357,9.779612208571955,9.680345893140471,13.546974543226709,13.970658676202419,13.760447360492725,-2.6825850309078536,15.592005920239467,-10.906435989599235,23.81585687893085,30.606946287053713,49.45307844822669,22.125892869463733,57.934131865816674,-0.0026372115794037125,-0.010455499555814913,0.09177635984461763,-0.19961669980305208,0.0078182879764112,0.2913930596476697,-0.013092711135218626,-0.10784033995843445,A0-DYNAMIC-OPPONENT-ADJUSTED-JOINT-SCORE-V1,2022,2021,2021-REG-END,100.0,4,phase3-feature-provenance-v1,5f148219527b07d85261d3f196ace97a5eb5646271d43596032a692389abc579,2c5cc1af74fc5f3955e44361b82b791710e4b63bbc69b0c15570617e2d86e543,NONE,A0_training_only_home_away_cov_v1,95.64081495004962,93.70909661084158,2.9146961430293654
2022_18_TB_ATL,2022,18,2023-01-08,ATL,TB,30.0,17.0,22.06060679716989,23.500782019762305,0.0,13.0,47.0,-1.4401752225924156,45.561388816932194,0.4576683054728424,9.779612208571955,9.680345893140471,13.546974543226709,13.970658676202419,13.760447360492725,-10.577470698166076,7.697120252981245,-18.801321656857457,15.920971211672626,36.1383227363457,54.98445489751869,27.657269318755723,63.465508315108664,-0.14263025478786803,0.21763267559674446,-0.1675903674837904,0.10640645435692025,-0.3602629303846125,-0.2739968218407106,0.07500242080887642,-0.06118391312687013,A0-DYNAMIC-OPPONENT-ADJUSTED-JOINT-SCORE-V1,2022,2021,2021-REG-END,100.0,4,phase3-feature-provenance-v1,5f148219527b07d85261d3f196ace97a5eb5646271d43596032a692389abc579,2c5cc1af74fc5f3955e44361b82b791710e4b63bbc69b0c15570617e2d86e543,NONE,A0_training_only_home_away_cov_v1,95.64081495004962,93.70909661084158,2.9146961430293654
2022_18_TEN_JAX,2022,18,2023-01-07,JAX,TEN,20.0,16.0,22.95750803194899,19.90359473082737,-3.0,4.0,36.0,3.0539133011216215,42.861102762776355,0.5891781528155734,9.779612208571955,9.680345893140471,13.546974543226709,13.970658676202419,13.760447360492725,-6.083382174452039,12.191208776695282,-14.30723313314342,20.415059735386663,33.43803668218986,52.28416884336285,24.956983264599884,60.765222260952825,-0.24697244498160595,-0.03864361265044363,-0.11796565938630967,0.18055404223667765,-0.2083288323311623,-0.2985197016229873,-0.28561605763204956,0.06258838285036798,A0-DYNAMIC-OPPONENT-ADJUSTED-JOINT-SCORE-V1,2022,2021,2021-REG-END,100.0,4,phase3-feature-provenance-v1,5f148219527b07d85261d3f196ace97a5eb5646271d43596032a692389abc579,2c5cc1af74fc5f3955e44361b82b791710e4b63bbc69b0c15570617e2d86e543,NONE,A0_training_only_home_away_cov_v1,95.64081495004962,93.70909661084158,2.9146961430293654
2023_01_ARI_WAS,2023,1,2023-09-10,WAS,ARI,20.0,16.0,21.003289109383363,16.923792331245302,0.0,4.0,36.0,4.079496778138061,37.92708144062867,0.6192395222714199,9.692464868966852,9.637654487932533,13.442208827666473,13.891131716431563,13.668513425567635,-4.987135296118263,13.146128852394385,-13.14738698933536,21.306380545611482,28.557655479271876,47.296507401985465,20.12487984224954,55.7292830390078,-0.07075177403044852,-0.13609498092431277,0.12415474904778158,-0.2090631268091023,0.06534320689386425,0.3332178758568839,-0.2068467549547613,-0.08490837776132072,A0-DYNAMIC-OPPONENT-ADJUSTED-JOINT-SCORE-V1,2023,2022,2022-REG-END,100.0,4,phase3-feature-provenance-v1,5f148219527b07d85261d3f196ace97a5eb5646271d43596032a692389abc579,2c5cc1af74fc5f3955e44361b82b791710e4b63bbc69b0c15570617e2d86e543,NONE,A0_training_only_home_away_cov_v1,93.9438752361566,92.88438402876609,3.0676405491641043
2023_01_BUF_NYJ,2023,1,2023-09-11,NYJ,BUF,22.0,16.0,18.865046699148284,23.49338645183556,0.0,6.0,38.0,-4.628339752687275,42.35843315098384,0.3653051046122067,9.692464868966852,9.637654487932533,13.442208827666473,13.891131716431563,13.668513425567635,-13.694971826943599,4.438292321569049,-21.855223520160695,12.598544014786146,32.989007189627046,51.72785911234064,24.556231552604714,60.16063474936297,-0.3359577457612426,0.24428604417347138,0.3242230084618013,0.08476651380437006,-0.5802437899347139,0.23945649465743124,-0.09167170158777121,0.40898952226617136,A0-DYNAMIC-OPPONENT-ADJUSTED-JOINT-SCORE-V1,2023,2022,2022-REG-END,100.0,4,phase3-feature-provenance-v1,5f148219527b07d85261d3f196ace97a5eb5646271d43596032a692389abc579,2c5cc1af74fc5f3955e44361b82b791710e4b63bbc69b0c15570617e2d86e543,NONE,A0_training_only_home_away_cov_v1,93.9438752361566,92.88438402876609,3.0676405491641043
2023_01_CAR_ATL,2023,1,2023-09-10,ATL,CAR,24.0,10.0,21.933221460333094,19.691057401138295,0.0,14.0,34.0,2.242164059194799,41.62427886147139,0.5662363968053049,9.692464868966852,9.637654487932533,13.442208827666473,13.891131716431563,13.668513425567635,-6.824468015061525,11.308796133451123,-14.984719708278622,19.46904782666822,32.2548529001146,50.99370482282818,23.82207726309226,59.42648045985052,-0.05737413207427318,0.11624680194065612,0.006704794530812161,0.0711115579295539,-0.17362093401492928,-0.06440676339874174,0.05887266986638294,0.07781635246036606,A0-DYNAMIC-OPPONENT-ADJUSTED-JOINT-SCORE-V1,2023,2022,2022-REG-END,100.0,4,phase3-feature-provenance-v1,5f148219527b07d85261d3f196ace97a5eb5646271d43596032a692389abc579,2c5cc1af74fc5f3955e44361b82b791710e4b63bbc69b0c15570617e2d86e543,NONE,A0_training_only_home_away_cov_v1,93.9438752361566,92.88438402876609,3.0676405491641043
2023_01_CIN_CLE,2023,1,2023-09-10,CLE,CIN,24.0,3.0,21.28058568674682,22.811693408107686,0.0,21.0,27.0,-1.5311077213608648,44.092279094854504,0.4546573493196474,9.692464868966852,9.637654487932533,13.442208827666473,13.891131716431563,13.668513425567635,-10.597739795617189,7.535524352895459,-18.757991488834286,15.695776046112556,34.72285313349771,53.4617050562113,26.290077496475377,61.89448069323363,-0.15558690395478042,0.18688868200372877,0.17431906458262486,0.1300318443399049,-0.3424755859585092,0.04428722024271997,0.03130177804894835,0.30435090892252975,A0-DYNAMIC-OPPONENT-ADJUSTED-JOINT-SCORE-V1,2023,2022,2022-REG-END,100.0,4,phase3-feature-provenance-v1,5f148219527b07d85261d3f196ace97a5eb5646271d43596032a692389abc579,2c5cc1af74fc5f3955e44361b82b791710e4b63bbc69b0c15570617e2d86e543,NONE,A0_training_only_home_away_cov_v1,93.9438752361566,92.88438402876609,3.0676405491641043
2023_01_DAL_NYG,2023,1,2023-09-10,NYG,DAL,0.0,40.0,21.38355860483717,22.731073873842575,0.0,-40.0,40.0,-1.347515269005406,44.114632478679745,0.46007487968049926,9.692464868966852,9.637654487932533,13.442208827666473,13.891131716431563,13.668513425567635,-10.41414734326173,7.719116805250918,-18.574399036478827,15.879368498468015,34.745206517322956,53.484058440036534,26.312430880300617,61.91683407705887,0.1370448014282821,0.27003360090875156,-0.022275702842112763,-0.15606479172887217,-0.13298879948046946,0.1337890888867594,0.40707840233703363,-0.17834049457098494,A0-DYNAMIC-OPPONENT-ADJUSTED-JOINT-SCORE-V1,2023,2022,2022-REG-END,100.0,4,phase3-feature-provenance-v1,5f148219527b07d85261d3f196ace97a5eb5646271d43596032a692389abc579,2c5cc1af74fc5f3955e44361b82b791710e4b63bbc69b0c15570617e2d86e543,NONE,A0_training_only_home_away_cov_v1,93.9438752361566,92.88438402876609,3.0676405491641043
2023_01_DET_KC,2023,1,2023-09-07,KC,DET,20.0,21.0,28.090717042067464,23.03808766156326,0.0,-1.0,41.0,5.052629380504204,51.12880470363072,0.6464961687740091,9.692464868966852,9.637654487932533,13.442208827666473,13.891131716431563,13.668513425567635,-4.01400269375212,14.119261454760528,-12.174254386969217,22.279513147977624,41.759378742273924,60.49823066498752,33.32660310525159,68.93100630200985,0.08347998558285964,0.25074325513128526,0.12359465459269325,-0.024143824796604176,-0.16726326954842563,0.14773847938929743,0.3342232407141449,0.09945082979608907,A0-DYNAMIC-OPPONENT-ADJUSTED-JOINT-SCORE-V1,2023,2022,2022-REG-END,100.0,4,phase3-feature-provenance-v1,5f148219527b07d85261d3f196ace97a5eb5646271d43596032a692389abc579,2c5cc1af74fc5f3955e44361b82b791710e4b63bbc69b0c15570617e2d86e543,NONE,A0_training_only_home_away_cov_v1,93.9438752361566,92.88438402876609,3.0676405491641043
2023_01_GB_CHI,2023,1,2023-09-10,CHI,GB,20.0,38.0,19.20329927035274,23.434168728598372,0.0,-18.0,58.0,-4.230869458245632,42.63746799895111,0.376477596468312,9.692464868966852,9.637654487932533,13.442208827666473,13.891131716431563,13.668513425567635,-13.297501532501956,4.835762616010692,-21.457753225719053,12.996014309227789,33.26804203759431,52.006893960307906,24.83526640057198,60.43966959733024,-0.1452043886560311,0.03767092297079481,-0.4546051978585218,0.06356880691560689,-0.1828753116268259,-0.5181740047741287,-0.1075334656852363,-0.3910363909429149,A0-DYNAMIC-OPPONENT-ADJUSTED-JOINT-SCORE-V1,2023,2022,2022-REG-END,100.0,4,phase3-feature-provenance-v1,5f148219527b07d85261d3f196ace97a5eb5646271d43596032a692389abc579,2c5cc1af74fc5f3955e44361b82b791710e4b63bbc69b0c15570617e2d86e543,NONE,A0_training_only_home_away_cov_v1,93.9438752361566,92.88438402876609,3.0676405491641043
2023_01_HOU_BAL,2023,1,2023-09-10,BAL,HOU,25.0,9.0,22.502614657760375,16.364659594501475,0.0,16.0,34.0,6.1379550632589,38.86727425226185,0.6760271952529693,9.692464868966852,9.637654487932533,13.442208827666473,13.891131716431563,13.668513425567635,-2.928677010997424,15.204587137515224,-11.08892870421452,23.36483883073232,29.497848290905058,48.23670021361865,21.065072653882723,56.66947585064098,-0.32405521457404746,0.0016843291387035847,0.25015497360426175,-0.2304827126171681,-0.32573954371275105,0.4806376862214299,-0.32237088543534387,0.019672260987093654,A0-DYNAMIC-OPPONENT-ADJUSTED-JOINT-SCORE-V1,2023,2022,2022-REG-END,100.0,4,phase3-feature-provenance-v1,5f148219527b07d85261d3f196ace97a5eb5646271d43596032a692389abc579,2c5cc1af74fc5f3955e44361b82b791710e4b63bbc69b0c15570617e2d86e543,NONE,A0_training_only_home_away_cov_v1,93.9438752361566,92.88438402876609,3.0676405491641043
2023_01_JAX_IND,2023,1,2023-09-10,IND,JAX,21.0,31.0,18.805229227383638,22.443821285985287,0.0,-10.0,52.0,-3.638592058601649,41.24905051336893,0.39331700740042935,9.692464868966852,9.637654487932533,13.442208827666473,13.891131716431563,13.668513425567635,-12.705224132857973,5.428040015654675,-20.86547582607507,13.588291708871772,31.879624552012135,50.618476474725725,23.4468489149898,59.051252111748056,-0.06391896406711367,0.17873322044233195,-0.45567361639752485,0.1534031634215783,-0.24265218450944562,-0.6090767798191031,0.11481425637521828,-0.30227045297594657,A0-DYNAMIC-OPPONENT-ADJUSTED-JOINT-SCORE-V1,2023,2022,2022-REG-END,100.0,4,phase3-feature-provenance-v1,5f148219527b07d85261d3f196ace97a5eb5646271d43596032a692389abc579,2c5cc1af74fc5f3955e44361b82b791710e4b63bbc69b0c15570617e2d86e543,NONE,A0_training_only_home_away_cov_v1,93.9438752361566,92.88438402876609,3.0676405491641043
2023_01_LA_SEA,2023,1,2023-09-10,SEA,LA,13.0,30.0,23.158673889411364,18.783693898904854,0.0,-17.0,43.0,4.37497999050651,41.94236778831622,0.6275857396102705,9.692464868966852,9.637654487932533,13.442208827666473,13.891131716431563,13.668513425567635,-4.691652083749814,13.441612064762834,-12.85190377696691,21.60186375797993,32.57294182695942,51.311793749673015,24.14016618993709,59.744569386695346,-0.0732611909215084,-0.06467384694455773,0.02832270831121208,0.007700219743607943,-0.00858734397695067,0.020622488567604135,-0.13793503786606615,0.03602292805482002,A0-DYNAMIC-OPPONENT-ADJUSTED-JOINT-SCORE-V1,2023,2022,2022-REG-END,100.0,4,phase3-feature-provenance-v1,5f148219527b07d85261d3f196ace97a5eb5646271d43596032a692389abc579,2c5cc1af74fc5f3955e44361b82b791710e4b63bbc69b0c15570617e2d86e543,NONE,A0_training_only_home_away_cov_v1,93.9438752361566,92.88438402876609,3.0676405491641043
2023_01_LV_DEN,2023,1,2023-09-10,DEN,LV,16.0,17.0,20.799850674311585,21.019894723690136,0.0,-1.0,33.0,-0.2200440493785507,41.81974539800172,0.49346975221215733,9.692464868966852,9.637654487932533,13.442208827666473,13.891131716431563,13.668513425567635,-9.286676123634875,8.846588024877773,-17.44692781685197,17.00683971809487,32.45031943664493,51.18917135935851,24.017543799622594,59.62194699638085,0.026109579313023306,0.007821564176369521,-0.1077995155601703,-0.15525654473167963,0.018288015136653783,0.04745702917150933,0.03393114348939283,-0.2630560602918499,A0-DYNAMIC-OPPONENT-ADJUSTED-JOINT-SCORE-V1,2023,2022,2022-REG-END,100.0,4,phase3-feature-provenance-v1,5f148219527b07d85261d3f196ace97a5eb5646271d43596032a692389abc579,2c5cc1af74fc5f3955e44361b82b791710e4b63bbc69b0c15570617e2d86e543,NONE,A0_training_only_home_away_cov_v1,93.9438752361566,92.88438402876609,3.0676405491641043
2023_01_MIA_LAC,2023,1,2023-09-10,LAC,MIA,34.0,36.0,22.980162989034852,20.588472280811473,0.0,-2.0,70.0,2.391690708223379,43.568635269846325,0.5706086438702125,9.692464868966852,9.637654487932533,13.442208827666473,13.891131716431563,13.668513425567635,-6.674941366032945,11.458322782479703,-14.835193059250042,19.6185744756968,34.19920930848953,52.93806123120312,25.766433671467198,61.37083686822545,0.09588051418087094,-0.03691662102764412,0.05380158007528008,-0.04319803175371407,0.13279713520851505,0.09699961182899415,0.05896389315322682,0.010603548321566014,A0-DYNAMIC-OPPONENT-ADJUSTED-JOINT-SCORE-V1,2023,2022,2022-REG-END,100.0,4,phase3-feature-provenance-v1,5f148219527b07d85261d3f196ace97a5eb5646271d43596032a692389abc579,2c5cc1af74fc5f3955e44361b82b791710e4b63bbc69b0c15570617e2d86e543,NONE,A0_training_only_home_away_cov_v1,93.9438752361566,92.88438402876609,3.0676405491641043
2023_01_PHI_NE,2023,1,2023-09-10,NE,PHI,20.0,25.0,21.282304775121904,22.08749125065965,0.0,-5.0,45.0,-0.8051864755377451,43.369796025781554,0.47611769425827666,9.692464868966852,9.637654487932533,13.442208827666473,13.891131716431563,13.668513425567635,-9.87181854979407,8.261445598718579,-18.032070243011166,16.421697291935676,34.00037006442476,52.73922198713835,25.567594427402426,61.17199762416068,0.032002137956619485,0.19789619909341943,-0.012970028937614439,-0.03478194540926798,-0.16589406113679994,0.021811916471653543,0.22989833705003893,-0.04775197434688242,A0-DYNAMIC-OPPONENT-ADJUSTED-JOINT-SCORE-V1,2023,2022,2022-REG-END,100.0,4,phase3-feature-provenance-v1,5f148219527b07d85261d3f196ace97a5eb5646271d43596032a692389abc579,2c5cc1af74fc5f3955e44361b82b791710e4b63bbc69b0c15570617e2d86e543,NONE,A0_training_only_home_away_cov_v1,93.9438752361566,92.88438402876609,3.0676405491641043
2023_01_SF_PIT,2023,1,2023-09-10,PIT,SF,7.0,30.0,22.402077212414472,24.17079688781446,0.0,-23.0,37.0,-1.7687196753999892,46.57287410022893,0.4476584341320289,9.692464868966852,9.637654487932533,13.442208827666473,13.891131716431563,13.668513425567635,-10.835351749656313,7.297912398856335,-18.99560344287341,15.458164092073432,37.20344813887213,55.942300061585726,28.770672501849802,64.37507569860806,-0.054004644284425696,0.3419238652775772,0.25022357055619293,0.23255762425378634,-0.3959285095620029,0.017665946302406588,0.2879192209931515,0.4827811948099793,A0-DYNAMIC-OPPONENT-ADJUSTED-JOINT-SCORE-V1,2023,2022,2022-REG-END,100.0,4,phase3-feature-provenance-v1,5f148219527b07d85261d3f196ace97a5eb5646271d43596032a692389abc579,2c5cc1af74fc5f3955e44361b82b791710e4b63bbc69b0c15570617e2d86e543,NONE,A0_training_only_home_away_cov_v1,93.9438752361566,92.88438402876609,3.0676405491641043
2023_01_TB_MIN,2023,1,2023-09-10,MIN,TB,17.0,20.0,23.061646013878043,21.48103558973652,0.0,-3.0,37.0,1.580610424141522,44.54268160361457,0.5468019992317046,9.692464868966852,9.637654487932533,13.442208827666473,13.891131716431563,13.668513425567635,-7.486021650114802,10.647242498397846,-15.646273343331899,18.807494191614943,35.17325564225777,53.912107564971365,26.74048000523544,62.344883201993696,0.2322320737396432,-0.2040678597447881,-0.30618911925272785,-0.13388464556797583,0.4362999334844313,-0.17230447368475202,0.02816421399485508,-0.4400737648207037,A0-DYNAMIC-OPPONENT-ADJUSTED-JOINT-SCORE-V1,2023,2022,2022-REG-END,100.0,4,phase3-feature-provenance-v1,5f148219527b07d85261d3f196ace97a5eb5646271d43596032a692389abc579,2c5cc1af74fc5f3955e44361b82b791710e4b63bbc69b0c15570617e2d86e543,NONE,A0_training_only_home_away_cov_v1,93.9438752361566,92.88438402876609,3.0676405491641043
2023_01_TEN_NO,2023,1,2023-09-10,NO,TEN,16.0,15.0,20.952176465252798,17.896278799250922,0.0,1.0,31.0,3.0558976660018757,38.84845526450372,0.58991874979979,9.692464868966852,9.637654487932533,13.442208827666473,13.891131716431563,13.668513425567635,-6.010734408254448,12.1225297402582,-14.170986101471545,20.282781433475296,29.479029303146927,48.21788122586051,21.046253666124592,56.65065686288285,-0.25534300572633034,-0.2868852982026033,0.2970102175720367,-0.06184931537789215,0.03154229247627294,0.3588595329499289,-0.5422283039289336,0.23516090219414457,A0-DYNAMIC-OPPONENT-ADJUSTED-JOINT-SCORE-V1,2023,2022,2022-REG-END,100.0,4,phase3-feature-provenance-v1,5f148219527b07d85261d3f196ace97a5eb5646271d43596032a692389abc579,2c5cc1af74fc5f3955e44361b82b791710e4b63bbc69b0c15570617e2d86e543,NONE,A0_training_only_home_away_cov_v1,93.9438752361566,92.88438402876609,3.0676405491641043
2023_02_BAL_CIN,2023,2,2023-09-17,CIN,BAL,24.0,27.0,22.921946155677382,19.3225171988197,0.0,-3.0,51.0,3.5994289568576825,42.244463354497086,0.605562066965016,9.692464868966852,9.637654487932533,13.442208827666473,13.891131716431563,13.668513425567635,-5.4672031173986415,12.666061031114006,-13.627454810615738,20.826312724331103,32.87503739314029,51.61388931585388,24.442261756117958,60.04666495287621,0.18688868200372877,-0.32405521457404746,0.1300318443399049,0.25015497360426175,0.5109438965777762,-0.12012312926435686,-0.1371665325703187,0.38018681794416664,A0-DYNAMIC-OPPONENT-ADJUSTED-JOINT-SCORE-V1,2023,2022,2022-REG-END,100.0,4,phase3-feature-provenance-v1,5f148219527b07d85261d3f196ace97a5eb5646271d43596032a692389abc579,2c5cc1af74fc5f3955e44361b82b791710e4b63bbc69b0c15570617e2d86e543,NONE,A0_training_only_home_away_cov_v1,93.9438752361566,92.88438402876609,3.0676405491641043
2023_02_CHI_TB,2023,2,2023-09-17,TB,CHI,27.0,17.0,23.212943532589062,16.548017178513753,0.0,10.0,44.0,6.664926354075309,39.76096071110281,0.6899895658211286,9.692464868966852,9.637654487932533,13.442208827666473,13.891131716431563,13.668513425567635,-2.401705720181015,15.731558428331633,-10.561957413398112,23.89181012154873,30.391534749746018,49.13038667245961,21.958759112723683,57.56316230948194,-0.2040678597447881,-0.1452043886560311,-0.13388464556797583,-0.4546051978585218,-0.058863471088757,0.32072055229054597,-0.3492722484008192,-0.5884898434264977,A0-DYNAMIC-OPPONENT-ADJUSTED-JOINT-SCORE-V1,2023,2022,2022-REG-END,100.0,4,phase3-feature-provenance-v1,5f148219527b07d85261d3f196ace97a5eb5646271d43596032a692389abc579,2c5cc1af74fc5f3955e44361b82b791710e4b63bbc69b0c15570617e2d86e543,NONE,A0_training_only_home_away_cov_v1,93.9438752361566,92.88438402876609,3.0676405491641043
2023_02_CLE_PIT,2023,2,2023-09-18,PIT,CLE,26.0,22.0,21.69959819613396,18.89516814736378,0.0,4.0,48.0,2.804430048770179,40.59476634349774,0.5826309332653147,9.692464868966852,9.637654487932533,13.442208827666473,13.891131716431563,13.668513425567635,-6.262202025486145,11.871062123026503,-14.422453718703242,20.0313138162436,31.225340382140946,49.964192304854535,22.79256474511861,58.396967941876866,-0.054004644284425696,-0.15558690395478042,0.25022357055619293,0.17431906458262486,0.10158225967035472,0.07590450597356807,-0.20959154823920612,0.4245426351388178,A0-DYNAMIC-OPPONENT-ADJUSTED-JOINT-SCORE-V1,2023,2022,2022-REG-END,100.0,4,phase3-feature-provenance-v1,5f148219527b07d85261d3f196ace97a5eb5646271d43596032a692389abc579,2c5cc1af74fc5f3955e44361b82b791710e4b63bbc69b0c15570617e2d86e543,NONE,A0_training_only_home_away_cov_v1,93.9438752361566,92.88438402876609,3.0676405491641043
2023_02_GB_ATL,2023,2,2023-09-17,ATL,GB,25.0,24.0,22.315255347621225,23.27262128524408,0.0,1.0,49.0,-0.9573659376228569,45.5878766328653,0.47161098201298796,9.692464868966852,9.637654487932533,13.442208827666473,13.891131716431563,13.668513425567635,-10.023998011879181,8.109266136633467,-18.184249705096278,16.269517829850564,36.218450671508506,54.9573025942221,27.785675034486175,63.39007823124443,-0.05737413207427318,0.03767092297079481,0.006704794530812161,0.06356880691560689,-0.095045055045068,-0.05686401238479473,-0.01970320910347837,0.07027360144641905,A0-DYNAMIC-OPPONENT-ADJUSTED-JOINT-SCORE-V1,2023,2022,2022-REG-END,100.0,4,phase3-feature-provenance-v1,5f148219527b07d85261d3f196ace97a5eb5646271d43596032a692389abc579,2c5cc1af74fc5f3955e44361b82b791710e4b63bbc69b0c15570617e2d86e543,NONE,A0_training_only_home_away_cov_v1,93.9438752361566,92.88438402876609,3.0676405491641043
2023_02_IND_HOU,2023,2,2023-09-17,HOU,IND,20.0,31.0,19.101262499777302,17.163696602405693,0.0,-11.0,51.0,1.9375658973716092,36.264959102183,0.5573052142529893,9.692464868966852,9.637654487932533,13.442208827666473,13.891131716431563,13.668513425567635,-7.129066176884715,11.004197971627933,-15.289317870101812,19.16444966484503,26.895533140826206,45.634385063539796,18.46275750380387,54.06716070056213,0.0016843291387035847,-0.06391896406711367,-0.2304827126171681,-0.45567361639752485,0.06560329320581726,0.22519090378035675,-0.06223463492841009,-0.6861563290146929,A0-DYNAMIC-OPPONENT-ADJUSTED-JOINT-SCORE-V1,2023,2022,2022-REG-END,100.0,4,phase3-feature-provenance-v1,5f148219527b07d85261d3f196ace97a5eb5646271d43596032a692389abc579,2c5cc1af74fc5f3955e44361b82b791710e4b63bbc69b0c15570617e2d86e543,NONE,A0_training_only_home_away_cov_v1,93.9438752361566,92.88438402876609,3.0676405491641043
2023_02_KC_JAX,2023,2,2023-09-17,JAX,KC,9.0,17.0,22.409963024987096,25.391614840797807,-3.0,-8.0,26.0,-2.981651815810711,47.80157786578491,0.4122298699679343,9.692464868966852,9.637654487932533,13.442208827666473,13.891131716431563,13.668513425567635,-12.048283890067035,6.084980258445613,-20.20853558328413,14.24523195166271,38.43215190442811,57.1710038271417,29.99937626740578,65.60377946416403,0.17873322044233195,0.08347998558285964,0.1534031634215783,0.12359465459269325,0.0952532348594723,0.029808508828885055,0.2622132060251916,0.2769978180142716,A0-DYNAMIC-OPPONENT-ADJUSTED-JOINT-SCORE-V1,2023,2022,2022-REG-END,100.0,4,phase3-feature-provenance-v1,5f148219527b07d85261d3f196ace97a5eb5646271d43596032a692389abc579,2c5cc1af74fc5f3955e44361b82b791710e4b63bbc69b0c15570617e2d86e543,NONE,A0_training_only_home_away_cov_v1,93.9438752361566,92.88438402876609,3.0676405491641043
2023_02_LAC_TEN,2023,2,2023-09-17,TEN,LAC,27.0,24.0,20.014745439247477,21.702213896924448,0.0,3.0,51.0,-1.687468457676971,41.716959336171925,0.45004998635203464,9.692464868966852,9.637654487932533,13.442208827666473,13.891131716431563,13.668513425567635,-10.754100531933295,7.379163616579353,-18.91435222515039,15.53941530979645,32.34753337481513,51.08638529752872,23.914757737792797,59.51916093455105,-0.2868852982026033,0.09588051418087094,-0.06184931537789215,0.05380158007528008,-0.38276581238347424,-0.11565089545317223,-0.19100478402173232,-0.008047735302612068,A0-DYNAMIC-OPPONENT-ADJUSTED-JOINT-SCORE-V1,2023,2022,2022-REG-END,100.0,4,phase3-feature-provenance-v1,5f148219527b07d85261d3f196ace97a5eb5646271d43596032a692389abc579,2c5cc1af74fc5f3955e44361b82b791710e4b63bbc69b0c15570617e2d86e543,NONE,A0_training_only_home_away_cov_v1,93.9438752361566,92.88438402876609,3.0676405491641043
2023_02_LV_BUF,2023,2,2023-09-17,BUF,LV,38.0,10.0,26.345325132134885,21.171272476622846,-1.0,28.0,48.0,5.174052655512039,47.516597608757735,0.6498482838768949,9.692464868966852,9.637654487932533,13.442208827666473,13.891131716431563,13.668513425567635,-3.892579418744285,14.240684729768363,-12.052831111961382,22.40093642298546,38.14717164740094,56.88602357011453,29.714396010378607,65.31879920713686,0.24428604417347138,0.007821564176369521,0.08476651380437006,-0.15525654473167963,0.23646447999710185,0.2400230585360497,0.2521076083498409,-0.07049003092730957,A0-DYNAMIC-OPPONENT-ADJUSTED-JOINT-SCORE-V1,2023,2022,2022-REG-END,100.0,4,phase3-feature-provenance-v1,5f148219527b07d85261d3f196ace97a5eb5646271d43596032a692389abc579,2c5cc1af74fc5f3955e44361b82b791710e4b63bbc69b0c15570617e2d86e543,NONE,A0_training_only_home_away_cov_v1,93.9438752361566,92.88438402876609,3.0676405491641043
2023_02_MIA_NE,2023,2,2023-09-17,NE,MIA,17.0,24.0,20.55280425710029,21.284826197923085,0.0,-7.0,41.0,-0.7320219408227935,41.83763045502337,0.47828554597971246,9.692464868966852,9.637654487932533,13.442208827666473,13.891131716431563,13.668513425567635,-9.798654015079117,8.33461013343353,-17.958905708296214,16.494861826650627,32.468204493666576,51.20705641638017,24.035428856644245,59.6398320534025,0.032002137956619485,-0.03691662102764412,-0.012970028937614439,-0.04319803175371407,0.06891875898426361,0.03022800281609963,-0.004914483071024635,-0.05616806069132851,A0-DYNAMIC-OPPONENT-ADJUSTED-JOINT-SCORE-V1,2023,2022,2022-REG-END,100.0,4,phase3-feature-provenance-v1,5f148219527b07d85261d3f196ace97a5eb5646271d43596032a692389abc579,2c5cc1af74fc5f3955e44361b82b791710e4b63bbc69b0c15570617e2d86e543,NONE,A0_training_only_home_away_cov_v1,93.9438752361566,92.88438402876609,3.0676405491641043
2023_02_MIN_PHI,2023,2,2023-09-14,PHI,MIN,34.0,28.0,24.114385788666944,21.17650853066608,0.0,6.0,62.0,2.9378772580008636,45.29089431933302,0.5865020885480465,9.692464868966852,9.637654487932533,13.442208827666473,13.891131716431563,13.668513425567635,-6.12875481625546,12.004509332257188,-14.289006509472557,20.164761025474284,35.921468357976224,54.66032028068982,27.488692720953892,63.09309591771215,0.19789619909341943,0.2322320737396432,-0.03478194540926798,-0.30618911925272785,-0.03433587464622376,0.27140717384345986,0.43012827283306265,-0.34097106466199584,A0-DYNAMIC-OPPONENT-ADJUSTED-JOINT-SCORE-V1,2023,2022,2022-REG-END,100.0,4,phase3-feature-provenance-v1,5f148219527b07d85261d3f196ace97a5eb5646271d43596032a692389abc579,2c5cc1af74fc5f3955e44361b82b791710e4b63bbc69b0c15570617e2d86e543,NONE,A0_training_only_home_away_cov_v1,93.9438752361566,92.88438402876609,3.0676405491641043
2023_02_NO_CAR,2023,2,2023-09-18,CAR,NO,17.0,20.0,19.690503259437055,19.19399562063738,0.0,-3.0,37.0,0.49650763879967386,38.88449888007443,0.5147321665456271,9.692464868966852,9.637654487932533,13.442208827666473,13.891131716431563,13.668513425567635,-8.57012443545665,9.563139713055998,-16.730376128673747,17.723391406273095,29.51507291871764,48.25392484143123,21.082297281695304,56.68670047845356,0.11624680194065612,-0.25534300572633034,0.0711115579295539,0.2970102175720367,0.37158980766698646,-0.22589865964248282,-0.13909620378567422,0.36812177550159064,A0-DYNAMIC-OPPONENT-ADJUSTED-JOINT-SCORE-V1,2023,2022,2022-REG-END,100.0,4,phase3-feature-provenance-v1,5f148219527b07d85261d3f196ace97a5eb5646271d43596032a692389abc579,2c5cc1af74fc5f3955e44361b82b791710e4b63bbc69b0c15570617e2d86e543,NONE,A0_training_only_home_away_cov_v1,93.9438752361566,92.88438402876609,3.0676405491641043
2023_02_NYG_ARI,2023,2,2023-09-17,ARI,NYG,28.0,31.0,19.16196562146911,19.55221109053452,0.0,-3.0,59.0,-0.3902454690654089,38.714176712003635,0.4884197937263531,9.692464868966852,9.637654487932533,13.442208827666473,13.891131716431563,13.668513425567635,-9.456877543321733,8.676386605190915,-17.61712923653883,16.836638298408012,29.344750750646842,48.08360267336043,20.911975113624507,56.51637831038276,-0.13609498092431277,0.1370448014282821,-0.2090631268091023,-0.022275702842112763,-0.27313978235259484,-0.18678742396698955,0.0009498205039693286,-0.23133882965121505,A0-DYNAMIC-OPPONENT-ADJUSTED-JOINT-SCORE-V1,2023,2022,2022-REG-END,100.0,4,phase3-feature-provenance-v1,5f148219527b07d85261d3f196ace97a5eb5646271d43596032a692389abc579,2c5cc1af74fc5f3955e44361b82b791710e4b63bbc69b0c15570617e2d86e543,NONE,A0_training_only_home_away_cov_v1,93.9438752361566,92.88438402876609,3.0676405491641043
2023_02_NYJ_DAL,2023,2,2023-09-17,DAL,NYJ,30.0,10.0,23.817169281915813,16.530541555374224,1.0,20.0,40.0,7.286627726541589,40.34771083729004,0.7061151034164166,9.692464868966852,9.637654487932533,13.442208827666473,13.891131716431563,13.668513425567635,-1.7800043477147351,16.353259800797915,-9.940256040931832,24.51351149401501,30.978284875933245,49.717136798646834,22.54550923891091,58.149912435669165,0.27003360090875156,-0.3359577457612426,-0.15606479172887217,0.3242230084618013,0.6059913466699942,-0.48028780019067346,-0.06592414485249104,0.16815821673292913,A0-DYNAMIC-OPPONENT-ADJUSTED-JOINT-SCORE-V1,2023,2022,2022-REG-END,100.0,4,phase3-feature-provenance-v1,5f148219527b07d85261d3f196ace97a5eb5646271d43596032a692389abc579,2c5cc1af74fc5f3955e44361b82b791710e4b63bbc69b0c15570617e2d86e543,NONE,A0_training_only_home_away_cov_v1,93.9438752361566,92.88438402876609,3.0676405491641043
2023_02_SEA_DET,2023,2,2023-09-17,DET,SEA,31.0,37.0,24.856866173292254,20.90466260270005,3.0,-6.0,68.0,3.9522035705922036,45.7615287759923,0.6156265673480246,9.692464868966852,9.637654487932533,13.442208827666473,13.891131716431563,13.668513425567635,-5.11442850366412,13.018835644848528,-13.274680196881217,21.179087338065624,36.39210281463551,55.1309547373491,27.959327177613176,63.56373037437143,0.25074325513128526,-0.0732611909215084,-0.024143824796604176,0.02832270831121208,0.32400444605279366,-0.05246653310781625,0.17748206420977686,0.004178883514607903,A0-DYNAMIC-OPPONENT-ADJUSTED-JOINT-SCORE-V1,2023,2022,2022-REG-END,100.0,4,phase3-feature-provenance-v1,5f148219527b07d85261d3f196ace97a5eb5646271d43596032a692389abc579,2c5cc1af74fc5f3955e44361b82b791710e4b63bbc69b0c15570617e2d86e543,NONE,A0_training_only_home_away_cov_v1,93.9438752361566,92.88438402876609,3.0676405491641043
2023_02_SF_LA,2023,2,2023-09-17,LA,SF,23.0,30.0,21.170776324002084,25.208355373197975,0.0,-7.0,53.0,-4.037579049195891,46.37913169720006,0.3819490953409246,9.692464868966852,9.637654487932533,13.442208827666473,13.891131716431563,13.668513425567635,-13.104211123452215,5.029053025060433,-21.26446281666931,13.18930471827753,37.00970573584327,55.74855765855685,28.57693009882093,64.18133329557918,-0.06467384694455773,0.3419238652775772,0.007700219743607943,0.23255762425378634,-0.4065977122221349,-0.2248574045101784,0.27725001833301943,0.24025784399739428,A0-DYNAMIC-OPPONENT-ADJUSTED-JOINT-SCORE-V1,2023,2022,2022-REG-END,100.0,4,phase3-feature-provenance-v1,5f148219527b07d85261d3f196ace97a5eb5646271d43596032a692389abc579,2c5cc1af74fc5f3955e44361b82b791710e4b63bbc69b0c15570617e2d86e543,NONE,A0_training_only_home_away_cov_v1,93.9438752361566,92.88438402876609,3.0676405491641043
2023_02_WAS_DEN,2023,2,2023-09-17,DEN,WAS,33.0,35.0,19.81829809940696,17.93724477419664,0.0,-2.0,68.0,1.8810533252103205,37.7555428736036,0.5556448504202984,9.692464868966852,9.637654487932533,13.442208827666473,13.891131716431563,13.668513425567635,-7.1855787490460035,10.947685399466645,-15.3458304422631,19.10793709268374,28.38611691224681,47.1249688349604,19.953341275224474,55.55774447198273,0.026109579313023306,-0.07075177403044852,-0.1077995155601703,0.12415474904778158,0.09686135334347183,-0.23195426460795188,-0.04464219471742521,0.01635523348761128,A0-DYNAMIC-OPPONENT-ADJUSTED-JOINT-SCORE-V1,2023,2022,2022-REG-END,100.0,4,phase3-feature-provenance-v1,5f148219527b07d85261d3f196ace97a5eb5646271d43596032a692389abc579,2c5cc1af74fc5f3955e44361b82b791710e4b63bbc69b0c15570617e2d86e543,NONE,A0_training_only_home_away_cov_v1,93.9438752361566,92.88438402876609,3.0676405491641043
2023_03_ATL_DET,2023,3,2023-09-24,DET,ATL,20.0,6.0,25.276453691824603,20.509651448014843,0.0,14.0,26.0,4.76680224380976,45.78610513983945,0.6385607963535979,9.692464868966852,9.637654487932533,13.442208827666473,13.891131716431563,13.668513425567635,-4.299829830446564,13.833434318066084,-12.46008152366366,21.99368601128318,36.41667917848265,55.155531101196246,27.98390354146032,63.58830673821858,0.25074325513128526,-0.05737413207427318,-0.024143824796604176,0.006704794530812161,0.3081173872055584,-0.030848619327416338,0.1933691230570121,-0.017439030265792015,A0-DYNAMIC-OPPONENT-ADJUSTED-JOINT-SCORE-V1,2023,2022,2022-REG-END,100.0,4,phase3-feature-provenance-v1,5f148219527b07d85261d3f196ace97a5eb5646271d43596032a692389abc579,2c5cc1af74fc5f3955e44361b82b791710e4b63bbc69b0c15570617e2d86e543,NONE,A0_training_only_home_away_cov_v1,93.9438752361566,92.88438402876609,3.0676405491641043
2023_03_BUF_WAS,2023,3,2023-09-24,WAS,BUF,3.0,37.0,20.32512011702648,23.803242390099914,0.0,-34.0,40.0,-3.478122273073435,44.1283625071264,0.39791548309084296,9.692464868966852,9.637654487932533,13.442208827666473,13.891131716431563,13.668513425567635,-12.544754347329759,5.588509801182889,-20.705006040546856,13.748761494399986,34.7589365457696,53.49778846848319,26.32616090874727,61.930564105505525,-0.07075177403044852,0.24428604417347138,0.12415474904778158,0.08476651380437006,-0.3150378182039199,0.03938823524341152,0.17353427014302286,0.20892126285215162,A0-DYNAMIC-OPPONENT-ADJUSTED-JOINT-SCORE-V1,2023,2022,2022-REG-END,100.0,4,phase3-feature-provenance-v1,5f148219527b07d85261d3f196ace97a5eb5646271d43596032a692389abc579,2c5cc1af74fc5f3955e44361b82b791710e4b63bbc69b0c15570617e2d86e543,NONE,A0_training_only_home_away_cov_v1,93.9438752361566,92.88438402876609,3.0676405491641043
2023_03_CAR_SEA,2023,3,2023-09-24,SEA,CAR,37.0,27.0,23.15954423762505,18.648200996102815,1.0,10.0,64.0,4.511343241522233,41.807745233727864,0.6314176081846818,9.692464868966852,9.637654487932533,13.442208827666473,13.891131716431563,13.668513425567635,-4.555288832734091,13.577975315778557,-12.715540525951187,21.738227008995654,32.438319272371075,51.177171195084654,24.005543635348737,59.60994683210699,-0.0732611909215084,0.11624680194065612,0.02832270831121208,0.0711115579295539,-0.18950799286216452,-0.04278884961834182,0.04298561101914772,0.09943426624076598,A0-DYNAMIC-OPPONENT-ADJUSTED-JOINT-SCORE-V1,2023,2022,2022-REG-END,100.0,4,phase3-feature-provenance-v1,5f148219527b07d85261d3f196ace97a5eb5646271d43596032a692389abc579,2c5cc1af74fc5f3955e44361b82b791710e4b63bbc69b0c15570617e2d86e543,NONE,A0_training_only_home_away_cov_v1,93.9438752361566,92.88438402876609,3.0676405491641043
2023_03_CHI_KC,2023,3,2023-09-24,KC,CHI,41.0,10.0,27.420077179651507,16.194101582498995,0.0,31.0,51.0,11.225975597152512,43.6141787621505,0.7981774009306493,9.692464868966852,9.637654487932533,13.442208827666473,13.891131716431563,13.668513425567635,2.1593435228961884,20.292607671408838,-6.000908170320908,28.452859364625933,34.244752800793705,52.9836047235073,25.811977163771374,61.41638036052963,0.08347998558285964,-0.1452043886560311,0.12359465459269325,-0.4546051978585218,0.22868437423889076,0.5781998524512151,-0.061724403073171466,-0.33101054326582857,A0-DYNAMIC-OPPONENT-ADJUSTED-JOINT-SCORE-V1,2023,2022,2022-REG-END,100.0,4,phase3-feature-provenance-v1,5f148219527b07d85261d3f196ace97a5eb5646271d43596032a692389abc579,2c5cc1af74fc5f3955e44361b82b791710e4b63bbc69b0c15570617e2d86e543,NONE,A0_training_only_home_away_cov_v1,93.9438752361566,92.88438402876609,3.0676405491641043
2023_03_DAL_ARI,2023,3,2023-09-24,ARI,DAL,28.0,16.0,19.049041873857508,23.56179153114239,0.0,12.0,44.0,-4.512749657284882,42.610833404999894,0.3685429381541001,9.692464868966852,9.637654487932533,13.442208827666473,13.891131716431563,13.668513425567635,-13.579381731541206,4.553882416971442,-21.739633424758303,12.714134110188539,33.2414074436431,51.98025936635669,24.808631806620767,60.41303500337902,-0.13609498092431277,0.27003360090875156,-0.2090631268091023,-0.15606479172887217,-0.40612858183306433,-0.052998335080230136,0.1339386199844388,-0.36512791853797444,A0-DYNAMIC-OPPONENT-ADJUSTED-JOINT-SCORE-V1,2023,2022,2022-REG-END,100.0,4,phase3-feature-provenance-v1,5f148219527b07d85261d3f196ace97a5eb5646271d43596032a692389abc579,2c5cc1af74fc5f3955e44361b82b791710e4b63bbc69b0c15570617e2d86e543,NONE,A0_training_only_home_away_cov_v1,93.9438752361566,92.88438402876609,3.0676405491641043
2023_03_DEN_MIA,2023,3,2023-09-24,MIA,DEN,70.0,20.0,23.79245426515661,19.129825241199203,0.0,50.0,90.0,4.6626290239574075,42.922279506355814,0.6356535523895118,9.692464868966852,9.637654487932533,13.442208827666473,13.891131716431563,13.668513425567635,-4.4040030502989165,13.729261098213732,-12.564254743516013,21.88951279143083,33.552853544999024,52.2917054677126,25.120077907976686,60.72448110473494,-0.03691662102764412,0.026109579313023306,-0.04319803175371407,-0.1077995155601703,-0.06302620034066743,0.06460148380645622,-0.010807041714620814,-0.15099754731388437,A0-DYNAMIC-OPPONENT-ADJUSTED-JOINT-SCORE-V1,2023,2022,2022-REG-END,100.0,4,phase3-feature-provenance-v1,5f148219527b07d85261d3f196ace97a5eb5646271d43596032a692389abc579,2c5cc1af74fc5f3955e44361b82b791710e4b63bbc69b0c15570617e2d86e543,NONE,A0_training_only_home_away_cov_v1,93.9438752361566,92.88438402876609,3.0676405491641043
2023_03_HOU_JAX,2023,3,2023-09-24,JAX,HOU,17.0,37.0,23.44426423390066,16.506556430234397,0.0,-20.0,54.0,6.937707803666264,39.95082066413506,0.6971124914226743,9.692464868966852,9.637654487932533,13.442208827666473,13.891131716431563,13.668513425567635,-2.12892427059006,16.00433987792259,-10.289175963807157,24.164591571139685,30.581394702778265,49.32024662549185,22.14861906575593,57.753022262514186,0.17873322044233195,0.0016843291387035847,0.1534031634215783,-0.2304827126171681,0.17704889130362836,0.3838858760387464,0.18041754958103554,-0.07707954919558979,A0-DYNAMIC-OPPONENT-ADJUSTED-JOINT-SCORE-V1,2023,2022,2022-REG-END,100.0,4,phase3-feature-provenance-v1,5f148219527b07d85261d3f196ace97a5eb5646271d43596032a692389abc579,2c5cc1af74fc5f3955e44361b82b791710e4b63bbc69b0c15570617e2d86e543,NONE,A0_training_only_home_away_cov_v1,93.9438752361566,92.88438402876609,3.0676405491641043
2023_03_IND_BAL,2023,3,2023-09-24,BAL,IND,19.0,22.0,22.890439889648434,16.857281701740064,0.0,-3.0,41.0,6.03315818790837,39.7477215913885,0.673219943315648,9.692464868966852,9.637654487932533,13.442208827666473,13.891131716431563,13.668513425567635,-3.033473886347954,15.099790262164694,-11.19372557956505,23.26004195538179,30.378295630031705,49.117147552745294,21.94551999300937,57.549923189767625,-0.32405521457404746,-0.06391896406711367,0.25015497360426175,-0.45567361639752485,-0.2601362505069338,0.7058285900017867,-0.3879741786411611,-0.2055186427932631,A0-DYNAMIC-OPPONENT-ADJUSTED-JOINT-SCORE-V1,2023,2022,2022-REG-END,100.0,4,phase3-feature-provenance-v1,5f148219527b07d85261d3f196ace97a5eb5646271d43596032a692389abc579,2c5cc1af74fc5f3955e44361b82b791710e4b63bbc69b0c15570617e2d86e543,NONE,A0_training_only_home_away_cov_v1,93.9438752361566,92.88438402876609,3.0676405491641043
2023_03_LAC_MIN,2023,3,2023-09-24,MIN,LAC,24.0,28.0,23.332168147100806,22.631699054968074,3.0,-4.0,52.0,0.7004690921327317,45.96386720206888,0.5207793468268923,9.692464868966852,9.637654487932533,13.442208827666473,13.891131716431563,13.668513425567635,-8.366162982123592,9.767101166389056,-16.52641467534069,17.927352859606152,36.59444124071209,55.33329316342568,28.161665603689755,63.76606880044801,0.2322320737396432,0.09588051418087094,-0.30618911925272785,0.05380158007528008,0.13635155955877226,-0.3599906993280079,0.3281125879205141,-0.2523875391774478,A0-DYNAMIC-OPPONENT-ADJUSTED-JOINT-SCORE-V1,2023,2022,2022-REG-END,100.0,4,phase3-feature-provenance-v1,5f148219527b07d85261d3f196ace97a5eb5646271d43596032a692389abc579,2c5cc1af74fc5f3955e44361b82b791710e4b63bbc69b0c15570617e2d86e543,NONE,A0_training_only_home_away_cov_v1,93.9438752361566,92.88438402876609,3.0676405491641043
2023_03_LA_CIN,2023,3,2023-09-25,CIN,LA,19.0,16.0,24.041439487736852,19.9711580828877,0.0,3.0,35.0,4.070281404849151,44.01259757062455,0.618978307532219,9.692464868966852,9.637654487932533,13.442208827666473,13.891131716431563,13.668513425567635,-4.996350669407173,13.136913479105475,-13.15660236262427,21.297165172322572,34.64317160926775,53.382023531981346,26.210395972245422,61.81479916900368,0.18688868200372877,-0.06467384694455773,0.1300318443399049,0.007700219743607943,0.2515625289482865,0.12233162459629694,0.12221483505917104,0.13773206408351282,A0-DYNAMIC-OPPONENT-ADJUSTED-JOINT-SCORE-V1,2023,2022,2022-REG-END,100.0,4,phase3-feature-provenance-v1,5f148219527b07d85261d3f196ace97a5eb5646271d43596032a692389abc579,2c5cc1af74fc5f3955e44361b82b791710e4b63bbc69b0c15570617e2d86e543,NONE,A0_training_only_home_away_cov_v1,93.9438752361566,92.88438402876609,3.0676405491641043
2023_03_NE_NYJ,2023,3,2023-09-24,NYJ,NE,10.0,15.0,18.213709707296008,18.46441687250745,0.0,-5.0,25.0,-0.2507071652114412,36.67812657980346,0.49255986190522005,9.692464868966852,9.637654487932533,13.442208827666473,13.891131716431563,13.668513425567635,-9.317339239467765,8.815924909044883,-17.477590932684862,16.97617660226198,27.308700618446668,46.04755254116026,18.875924981424333,54.48032817818259,-0.3359577457612426,0.032002137956619485,0.3242230084618013,-0.012970028937614439,-0.3679598837178621,0.33719303739941575,-0.3039556078046231,0.31125297952418685,A0-DYNAMIC-OPPONENT-ADJUSTED-JOINT-SCORE-V1,2023,2022,2022-REG-END,100.0,4,phase3-feature-provenance-v1,5f148219527b07d85261d3f196ace97a5eb5646271d43596032a692389abc579,2c5cc1af74fc5f3955e44361b82b791710e4b63bbc69b0c15570617e2d86e543,NONE,A0_training_only_home_away_cov_v1,93.9438752361566,92.88438402876609,3.0676405491641043
2023_03_NO_GB,2023,3,2023-09-24,GB,NO,18.0,17.0,23.862842565118406,20.015939265527443,1.0,1.0,35.0,3.846903299590963,43.87878183064585,0.6126302106386059,9.692464868966852,9.637654487932533,13.442208827666473,13.891131716431563,13.668513425567635,-5.219728774665361,12.913535373847287,-13.379980467882458,21.073787067064384,34.50935586928905,53.248207792002646,26.07658023226672,61.68098342902498,0.03767092297079481,-0.25534300572633034,0.06356880691560689,0.2970102175720367,0.29301392869712517,-0.23344141065642982,-0.21767208275553554,0.3605790244876436,A0-DYNAMIC-OPPONENT-ADJUSTED-JOINT-SCORE-V1,2023,2022,2022-REG-END,100.0,4,phase3-feature-provenance-v1,5f148219527b07d85261d3f196ace97a5eb5646271d43596032a692389abc579,2c5cc1af74fc5f3955e44361b82b791710e4b63bbc69b0c15570617e2d86e543,NONE,A0_training_only_home_away_cov_v1,93.9438752361566,92.88438402876609,3.0676405491641043
2023_03_NYG_SF,2023,3,2023-09-21,SF,NYG,30.0,12.0,26.373792652641622,18.948078201398467,0.0,18.0,42.0,7.425714451243156,45.321870854040085,0.7096689061116566,9.692464868966852,9.637654487932533,13.442208827666473,13.891131716431563,13.668513425567635,-1.6409176230131681,16.492346525499478,-9.801169316230265,24.652598218716577,35.95244489268329,54.69129681539688,27.519669255660958,63.12407245241921,0.3419238652775772,0.1370448014282821,0.23255762425378634,-0.022275702842112763,0.20487906384929508,0.2548333270958991,0.47896866670585925,0.21028192141167357,A0-DYNAMIC-OPPONENT-ADJUSTED-JOINT-SCORE-V1,2023,2022,2022-REG-END,100.0,4,phase3-feature-provenance-v1,5f148219527b07d85261d3f196ace97a5eb5646271d43596032a692389abc579,2c5cc1af74fc5f3955e44361b82b791710e4b63bbc69b0c15570617e2d86e543,NONE,A0_training_only_home_away_cov_v1,93.9438752361566,92.88438402876609,3.0676405491641043
2023_03_PHI_TB,2023,3,2023-09-25,TB,PHI,11.0,25.0,22.83410331844758,21.993284307545448,-3.0,-14.0,36.0,0.8408190109021305,44.827387625993026,0.5249378392932786,9.692464868966852,9.637654487932533,13.442208827666473,13.891131716431563,13.668513425567635,-8.225813063354193,9.907451085158455,-16.38606475657129,18.06770277837555,35.45796166463623,54.19681358734982,27.0251860276139,62.629589224372154,-0.2040678597447881,0.19789619909341943,-0.13388464556797583,-0.03478194540926798,-0.4019640588382075,-0.09910270015870784,-0.006171660651368677,-0.16866659097724382,A0-DYNAMIC-OPPONENT-ADJUSTED-JOINT-SCORE-V1,2023,2022,2022-REG-END,100.0,4,phase3-feature-provenance-v1,5f148219527b07d85261d3f196ace97a5eb5646271d43596032a692389abc579,2c5cc1af74fc5f3955e44361b82b791710e4b63bbc69b0c15570617e2d86e543,NONE,A0_training_only_home_away_cov_v1,93.9438752361566,92.88438402876609,3.0676405491641043
2023_03_PIT_LV,2023,3,2023-09-24,LV,PIT,18.0,23.0,22.294128032472045,20.459847654430437,1.0,-5.0,41.0,1.8342803780416084,42.75397568690248,0.5542699007266287,9.692464868966852,9.637654487932533,13.442208827666473,13.891131716431563,13.668513425567635,-7.232351696214716,10.900912452297932,-15.392603389431812,19.06116414551503,33.38454972554568,52.123401648259275,24.95177408852335,60.556177285281606,0.007821564176369521,-0.054004644284425696,-0.15525654473167963,0.25022357055619293,0.061826208460795215,-0.40548011528787253,-0.046183080108056176,0.0949670258245133,A0-DYNAMIC-OPPONENT-ADJUSTED-JOINT-SCORE-V1,2023,2022,2022-REG-END,100.0,4,phase3-feature-provenance-v1,5f148219527b07d85261d3f196ace97a5eb5646271d43596032a692389abc579,2c5cc1af74fc5f3955e44361b82b791710e4b63bbc69b0c15570617e2d86e543,NONE,A0_training_only_home_away_cov_v1,93.9438752361566,92.88438402876609,3.0676405491641043
2023_03_TEN_CLE,2023,3,2023-09-24,CLE,TEN,27.0,3.0,20.353474207744178,17.849038931848217,-1.0,24.0,30.0,2.504435275895961,38.2025131395924,0.5738996730890583,9.692464868966852,9.637654487932533,13.442208827666473,13.891131716431563,13.668513425567635,-6.562196798360363,11.571067350152285,-14.72244849157746,19.731319043369382,28.833087178235605,47.571939100949194,20.40031154121327,56.004714737971526,-0.15558690395478042,-0.2868852982026033,0.17431906458262486,-0.06184931537789215,0.13129839424782286,0.236168379960517,-0.4424722021573837,0.11246974920473271,A0-DYNAMIC-OPPONENT-ADJUSTED-JOINT-SCORE-V1,2023,2022,2022-REG-END,100.0,4,phase3-feature-provenance-v1,5f148219527b07d85261d3f196ace97a5eb5646271d43596032a692389abc579,2c5cc1af74fc5f3955e44361b82b791710e4b63bbc69b0c15570617e2d86e543,NONE,A0_training_only_home_away_cov_v1,93.9438752361566,92.88438402876609,3.0676405491641043
2023_04_ARI_SF,2023,4,2023-10-01,SF,ARI,35.0,16.0,27.462227788729777,17.84965418767906,3.0,19.0,51.0,9.612573601050716,45.31188197640884,0.7627275237168082,9.692464868966852,9.637654487932533,13.442208827666473,13.891131716431563,13.668513425567635,0.5459415267943921,18.67920567530704,-7.614310166422705,26.839457368524137,35.942456015052045,54.68130793776564,27.509680378029714,63.11408357478797,0.3419238652775772,-0.13609498092431277,0.23255762425378634,-0.2090631268091023,0.47801884620188995,0.4416207510628887,0.2058288843532644,0.023494497444684043,A0-DYNAMIC-OPPONENT-ADJUSTED-JOINT-SCORE-V1,2023,2022,2022-REG-END,100.0,4,phase3-feature-provenance-v1,5f148219527b07d85261d3f196ace97a5eb5646271d43596032a692389abc579,2c5cc1af74fc5f3955e44361b82b791710e4b63bbc69b0c15570617e2d86e543,NONE,A0_training_only_home_away_cov_v1,93.9438752361566,92.88438402876609,3.0676405491641043
2023_04_ATL_JAX,2023,4,2023-10-01,JAX,ATL,23.0,7.0,22.650046393540507,19.304924538112942,0.0,16.0,30.0,3.345121855427564,41.95497093165345,0.5982624046049737,9.692464868966852,9.637654487932533,13.442208827666473,13.891131716431563,13.668513425567635,-5.72151021882876,12.411753929683888,-13.881761912045857,20.572005622900985,32.58554497029665,51.324396893010245,24.15276933327432,59.75717253003258,0.17873322044233195,-0.05737413207427318,0.1534031634215783,0.006704794530812161,0.23610735251660514,0.14669836889076615,0.12135908836805877,0.16010795795239047,A0-DYNAMIC-OPPONENT-ADJUSTED-JOINT-SCORE-V1,2023,2022,2022-REG-END,100.0,4,phase3-feature-provenance-v1,5f148219527b07d85261d3f196ace97a5eb5646271d43596032a692389abc579,2c5cc1af74fc5f3955e44361b82b791710e4b63bbc69b0c15570617e2d86e543,NONE,A0_training_only_home_away_cov_v1,93.9438752361566,92.88438402876609,3.0676405491641043
2023_04_BAL_CLE,2023,4,2023-10-01,CLE,BAL,3.0,28.0,20.918189708900393,18.93889545500591,0.0,-25.0,31.0,1.9792942538944835,39.857085163906305,0.5585305674803714,9.692464868966852,9.637654487932533,13.442208827666473,13.891131716431563,13.668513425567635,-7.0873378203618405,11.045926328150808,-15.247589513578937,19.206178021367904,30.487659202549512,49.2265111252631,22.054883565527177,57.65928676228543,-0.15558690395478042,-0.32405521457404746,0.17431906458262486,0.25015497360426175,0.16846831061926704,-0.0758359090216369,-0.4796421185288279,0.4244740381868866,A0-DYNAMIC-OPPONENT-ADJUSTED-JOINT-SCORE-V1,2023,2022,2022-REG-END,100.0,4,phase3-feature-provenance-v1,5f148219527b07d85261d3f196ace97a5eb5646271d43596032a692389abc579,2c5cc1af74fc5f3955e44361b82b791710e4b63bbc69b0c15570617e2d86e543,NONE,A0_training_only_home_away_cov_v1,93.9438752361566,92.88438402876609,3.0676405491641043
2023_04_CIN_TEN,2023,4,2023-10-01,TEN,CIN,27.0,3.0,19.608361732970387,21.058655098840738,1.0,24.0,30.0,-1.4502933658703512,40.667016831811125,0.45704107781267905,9.692464868966852,9.637654487932533,13.442208827666473,13.891131716431563,13.668513425567635,-10.516925440126675,7.616338708385973,-18.677177133343772,15.77659040160307,31.297590870454332,50.03644279316792,22.864815233431997,58.46921843019025,-0.2868852982026033,0.18688868200372877,-0.06184931537789215,0.1300318443399049,-0.47377398020633205,-0.19188115971779704,-0.09999661619887451,0.06818252896201274,A0-DYNAMIC-OPPONENT-ADJUSTED-JOINT-SCORE-V1,2023,2022,2022-REG-END,100.0,4,phase3-feature-provenance-v1,5f148219527b07d85261d3f196ace97a5eb5646271d43596032a692389abc579,2c5cc1af74fc5f3955e44361b82b791710e4b63bbc69b0c15570617e2d86e543,NONE,A0_training_only_home_away_cov_v1,93.9438752361566,92.88438402876609,3.0676405491641043
2023_04_DEN_CHI,2023,4,2023-10-01,CHI,DEN,28.0,31.0,17.980389866492636,19.576252444413306,0.0,-3.0,59.0,-1.5958625779206699,37.55664231090594,0.45274849095295144,9.692464868966852,9.637654487932533,13.442208827666473,13.891131716431563,13.668513425567635,-10.662494652176994,7.470769496335654,-18.82274634539409,15.63102118955275,28.18721634954915,46.92606827226274,19.754440712526815,55.35884390928507,-0.1452043886560311,0.026109579313023306,-0.4546051978585218,-0.1077995155601703,-0.1713139679690544,-0.3468056822983515,-0.1190948093430078,-0.5624047134186921,A0-DYNAMIC-OPPONENT-ADJUSTED-JOINT-SCORE-V1,2023,2022,2022-REG-END,100.0,4,phase3-feature-provenance-v1,5f148219527b07d85261d3f196ace97a5eb5646271d43596032a692389abc579,2c5cc1af74fc5f3955e44361b82b791710e4b63bbc69b0c15570617e2d86e543,NONE,A0_training_only_home_away_cov_v1,93.9438752361566,92.88438402876609,3.0676405491641043
2023_04_DET_GB,2023,4,2023-09-28,GB,DET,20.0,34.0,24.396941448187192,23.483736702118893,0.0,-14.0,54.0,0.913204746068299,47.88067815030608,0.5270815568827503,9.692464868966852,9.637654487932533,13.442208827666473,13.891131716431563,13.668513425567635,-8.153427328188025,9.979836820324623,-16.31367902140512,18.14008851354172,38.511252188949285,57.25010411166288,30.078476551926954,65.68287974868521,0.03767092297079481,0.25074325513128526,0.06356880691560689,-0.024143824796604176,-0.21307233216049046,0.08771263171221107,0.2884141781020801,0.03942498211900271,A0-DYNAMIC-OPPONENT-ADJUSTED-JOINT-SCORE-V1,2023,2022,2022-REG-END,100.0,4,phase3-feature-provenance-v1,5f148219527b07d85261d3f196ace97a5eb5646271d43596032a692389abc579,2c5cc1af74fc5f3955e44361b82b791710e4b63bbc69b0c15570617e2d86e543,NONE,A0_training_only_home_away_cov_v1,93.9438752361566,92.88438402876609,3.0676405491641043
2023_04_KC_NYJ,2023,4,2023-10-01,NYJ,KC,20.0,23.0,17.144728146981464,24.332402349803875,0.0,-3.0,43.0,-7.187674202822411,41.477130496785335,0.2964254414561376,9.692464868966852,9.637654487932533,13.442208827666473,13.891131716431563,13.668513425567635,-16.254306277078733,1.8789578714339132,-24.41455797029583,10.03920956465101,32.10770453542854,50.84655645814213,23.674928898406208,59.27933209516446,-0.3359577457612426,0.08347998558285964,0.3242230084618013,0.12359465459269325,-0.4194377313441022,0.20062835386910804,-0.25247776017838297,0.44781766305449455,A0-DYNAMIC-OPPONENT-ADJUSTED-JOINT-SCORE-V1,2023,2022,2022-REG-END,100.0,4,phase3-feature-provenance-v1,5f148219527b07d85261d3f196ace97a5eb5646271d43596032a692389abc579,2c5cc1af74fc5f3955e44361b82b791710e4b63bbc69b0c15570617e2d86e543,NONE,A0_training_only_home_away_cov_v1,93.9438752361566,92.88438402876609,3.0676405491641043
2023_04_LA_IND,2023,4,2023-10-01,IND,LA,23.0,29.0,19.408723826905398,20.601074839280727,1.0,-6.0,52.0,-1.1923510123753296,40.00979866618613,0.46465936545808517,9.692464868966852,9.637654487932533,13.442208827666473,13.891131716431563,13.668513425567635,-10.258983086631654,7.874281061880994,-18.41923477984875,16.03453275509809,30.640372704829336,49.379224627542925,22.207597067807,57.812000264565256,-0.06391896406711367,-0.06467384694455773,-0.45567361639752485,0.007700219743607943,0.0007548828774440602,-0.4633738361411328,-0.12859281101167142,-0.4479733966539169,A0-DYNAMIC-OPPONENT-ADJUSTED-JOINT-SCORE-V1,2023,2022,2022-REG-END,100.0,4,phase3-feature-provenance-v1,5f148219527b07d85261d3f196ace97a5eb5646271d43596032a692389abc579,2c5cc1af74fc5f3955e44361b82b791710e4b63bbc69b0c15570617e2d86e543,NONE,A0_training_only_home_away_cov_v1,93.9438752361566,92.88438402876609,3.0676405491641043
2023_04_LV_LAC,2023,4,2023-10-01,LAC,LV,24.0,17.0,24.860855557144685,20.846712186850993,0.0,7.0,41.0,4.0141433702936915,45.70756774399568,0.617385877269585,9.692464868966852,9.637654487932533,13.442208827666473,13.891131716431563,13.668513425567635,-5.0524887039626325,13.080775444550016,-13.21274039717973,21.241027137767112,36.338141782638886,55.07699370535248,27.905366145616554,63.50976934237481,0.09588051418087094,0.007821564176369521,0.05380158007528008,-0.15525654473167963,0.08805895000450142,0.2090581248069597,0.10370207835724046,-0.10145496465639955,A0-DYNAMIC-OPPONENT-ADJUSTED-JOINT-SCORE-V1,2023,2022,2022-REG-END,100.0,4,phase3-feature-provenance-v1,5f148219527b07d85261d3f196ace97a5eb5646271d43596032a692389abc579,2c5cc1af74fc5f3955e44361b82b791710e4b63bbc69b0c15570617e2d86e543,NONE,A0_training_only_home_away_cov_v1,93.9438752361566,92.88438402876609,3.0676405491641043
2023_04_MIA_BUF,2023,4,2023-10-01,BUF,MIA,48.0,20.0,26.218065173947885,23.72205959070671,0.0,28.0,68.0,2.4960055832411747,49.9401247646546,0.5736537841922982,9.692464868966852,9.637654487932533,13.442208827666473,13.891131716431563,13.668513425567635,-6.570626491015149,11.562637657497499,-14.730878184232246,19.722889350714595,40.5706988032978,59.309550726011395,32.13792316627547,67.74232636303373,0.24428604417347138,-0.03691662102764412,0.08476651380437006,-0.04319803175371407,0.2812026652011155,0.12796454555808412,0.20736942314582726,0.04156848205065599,A0-DYNAMIC-OPPONENT-ADJUSTED-JOINT-SCORE-V1,2023,2022,2022-REG-END,100.0,4,phase3-feature-provenance-v1,5f148219527b07d85261d3f196ace97a5eb5646271d43596032a692389abc579,2c5cc1af74fc5f3955e44361b82b791710e4b63bbc69b0c15570617e2d86e543,NONE,A0_training_only_home_away_cov_v1,93.9438752361566,92.88438402876609,3.0676405491641043
2023_04_MIN_CAR,2023,4,2023-10-01,CAR,MIN,13.0,21.0,21.29895990871255,21.56806555072293,0.0,-8.0,34.0,-0.26910564201038056,42.86702545943548,0.4920139279788723,9.692464868966852,9.637654487932533,13.442208827666473,13.891131716431563,13.668513425567635,-9.335737716266705,8.797526432245943,-17.4959894094838,16.95777812546304,33.497599498078685,52.23645142079228,25.064823861056354,60.66922705781461,0.11624680194065612,0.2322320737396432,0.0711115579295539,-0.30618911925272785,-0.11598527179898707,0.3773006771822818,0.34847887568029934,-0.23507756132317395,A0-DYNAMIC-OPPONENT-ADJUSTED-JOINT-SCORE-V1,2023,2022,2022-REG-END,100.0,4,phase3-feature-provenance-v1,5f148219527b07d85261d3f196ace97a5eb5646271d43596032a692389abc579,2c5cc1af74fc5f3955e44361b82b791710e4b63bbc69b0c15570617e2d86e543,NONE,A0_training_only_home_away_cov_v1,93.9438752361566,92.88438402876609,3.0676405491641043
2023_04_NE_DAL,2023,4,2023-10-01,DAL,NE,38.0,3.0,24.306999825169008,18.790566888317734,0.0,35.0,41.0,5.516432936851274,43.09756671348674,0.6592369183371887,9.692464868966852,9.637654487932533,13.442208827666473,13.891131716431563,13.668513425567635,-3.55019913740505,14.583065011107598,-11.710450830622147,22.743316704324695,33.728140752129946,52.46699267484354,25.295365115107614,60.89976831186587,0.27003360090875156,0.032002137956619485,-0.15606479172887217,-0.012970028937614439,0.23803146295213207,-0.1430947627912577,0.30203573886537105,-0.16903482066648662,A0-DYNAMIC-OPPONENT-ADJUSTED-JOINT-SCORE-V1,2023,2022,2022-REG-END,100.0,4,phase3-feature-provenance-v1,5f148219527b07d85261d3f196ace97a5eb5646271d43596032a692389abc579,2c5cc1af74fc5f3955e44361b82b791710e4b63bbc69b0c15570617e2d86e543,NONE,A0_training_only_home_away_cov_v1,93.9438752361566,92.88438402876609,3.0676405491641043
2023_04_PIT_HOU,2023,4,2023-10-01,HOU,PIT,30.0,6.0,19.07169438238344,20.68105850157421,0.0,24.0,36.0,-1.6093641191907686,39.752752883957655,0.45235062550256555,9.692464868966852,9.637654487932533,13.442208827666473,13.891131716431563,13.668513425567635,-10.675996193447093,7.457267955065555,-18.83624788666419,15.617519648282652,30.38332692260086,49.12217884531445,21.950551285578527,57.55495448233678,0.0016843291387035847,-0.054004644284425696,-0.2304827126171681,0.25022357055619293,0.05568897342312928,-0.48070628317336106,-0.052320315145722114,0.01974085793902483,A0-DYNAMIC-OPPONENT-ADJUSTED-JOINT-SCORE-V1,2023,2022,2022-REG-END,100.0,4,phase3-feature-provenance-v1,5f148219527b07d85261d3f196ace97a5eb5646271d43596032a692389abc579,2c5cc1af74fc5f3955e44361b82b791710e4b63bbc69b0c15570617e2d86e543,NONE,A0_training_only_home_away_cov_v1,93.9438752361566,92.88438402876609,3.0676405491641043
2023_04_SEA_NYG,2023,4,2023-10-02,NYG,SEA,3.0,24.0,20.74580427193974,21.685762959701677,3.0,-21.0,27.0,-0.939958687761937,42.43156723164142,0.47212631511079517,9.692464868966852,9.637654487932533,13.442208827666473,13.891131716431563,13.668513425567635,-10.006590762018261,8.126673386494387,-18.166842455235358,16.286925079711484,33.06214127028463,51.800993192998206,24.62936563326229,60.233768830020544,0.1370448014282821,-0.0732611909215084,-0.022275702842112763,0.02832270831121208,0.2103059923497905,-0.05059841115332484,0.0637836105067737,0.006047005469099316,A0-DYNAMIC-OPPONENT-ADJUSTED-JOINT-SCORE-V1,2023,2022,2022-REG-END,100.0,4,phase3-feature-provenance-v1,5f148219527b07d85261d3f196ace97a5eb5646271d43596032a692389abc579,2c5cc1af74fc5f3955e44361b82b791710e4b63bbc69b0c15570617e2d86e543,NONE,A0_training_only_home_away_cov_v1,93.9438752361566,92.88438402876609,3.0676405491641043
2023_04_TB_NO,2023,4,2023-10-01,NO,TB,9.0,26.0,21.30504287845863,19.783095327083444,1.0,-17.0,35.0,1.5219475513751846,41.08813820554207,0.5450725395143888,9.692464868966852,9.637654487932533,13.442208827666473,13.891131716431563,13.668513425567635,-7.544684522881139,10.588579625631509,-15.704936216098236,18.748831318848605,31.71871224418528,50.45756416689886,23.285936607162945,58.8903398039212,-0.25534300572633034,-0.2040678597447881,0.2970102175720367,-0.13388464556797583,-0.05127514598154223,0.4308948631400126,-0.4594108654711184,0.1631255720040609,A0-DYNAMIC-OPPONENT-ADJUSTED-JOINT-SCORE-V1,2023,2022,2022-REG-END,100.0,4,phase3-feature-provenance-v1,5f148219527b07d85261d3f196ace97a5eb5646271d43596032a692389abc579,2c5cc1af74fc5f3955e44361b82b791710e4b63bbc69b0c15570617e2d86e543,NONE,A0_training_only_home_away_cov_v1,93.9438752361566,92.88438402876609,3.0676405491641043
2023_04_WAS_PHI,2023,4,2023-10-01,PHI,WAS,34.0,31.0,23.227032172609974,17.533411734705282,-1.0,3.0,65.0,5.693620437904691,40.760443907315256,0.664057677560449,9.692464868966852,9.637654487932533,13.442208827666473,13.891131716431563,13.668513425567635,-3.3730116363516327,14.760252512161015,-11.53326332956873,22.920504205378112,31.391017945958463,50.129869868672046,22.95824230893613,58.562645505694384,0.19789619909341943,-0.07075177403044852,-0.03478194540926798,0.12415474904778158,0.26864797312386796,-0.15893669445704955,0.1271444250629709,0.0893728036385136,A0-DYNAMIC-OPPONENT-ADJUSTED-JOINT-SCORE-V1,2023,2022,2022-REG-END,100.0,4,phase3-feature-provenance-v1,5f148219527b07d85261d3f196ace97a5eb5646271d43596032a692389abc579,2c5cc1af74fc5f3955e44361b82b791710e4b63bbc69b0c15570617e2d86e543,NONE,A0_training_only_home_away_cov_v1,93.9438752361566,92.88438402876609,3.0676405491641043
2023_05_BAL_PIT,2023,5,2023-10-08,PIT,BAL,17.0,10.0,20.468516045192466,19.689615903011607,0.0,7.0,27.0,0.7789001421808592,40.15813194820407,0.5231035245129314,9.692464868966852,9.637654487932533,13.442208827666473,13.891131716431563,13.668513425567635,-8.287731932075465,9.845532216437183,-16.44798362529256,18.00578390965428,30.78870598684728,49.52755790956087,22.355930349824945,57.9603335465832,-0.054004644284425696,-0.32405521457404746,0.25022357055619293,0.25015497360426175,0.27005057028962176,6.859695193117687e-05,-0.37805985885847315,0.5003785441604547,A0-DYNAMIC-OPPONENT-ADJUSTED-JOINT-SCORE-V1,2023,2022,2022-REG-END,100.0,4,phase3-feature-provenance-v1,5f148219527b07d85261d3f196ace97a5eb5646271d43596032a692389abc579,2c5cc1af74fc5f3955e44361b82b791710e4b63bbc69b0c15570617e2d86e543,NONE,A0_training_only_home_away_cov_v1,93.9438752361566,92.88438402876609,3.0676405491641043
2023_05_CAR_DET,2023,5,2023-10-08,DET,CAR,42.0,24.0,25.239582444581668,18.527216994422684,3.0,18.0,66.0,6.712365450158984,43.76679943900435,0.6912335416055765,9.692464868966852,9.637654487932533,13.442208827666473,13.891131716431563,13.668513425567635,-2.35426662409734,15.778997524415308,-10.514518317314437,23.939249217632405,34.39737347764756,53.13622540036114,25.964597840625224,61.56900103738348,0.25074325513128526,0.11624680194065612,-0.024143824796604176,0.0711115579295539,0.13449645319062914,-0.09525538272615808,0.3669900570719414,0.04696773313294972,A0-DYNAMIC-OPPONENT-ADJUSTED-JOINT-SCORE-V1,2023,2022,2022-REG-END,100.0,4,phase3-feature-provenance-v1,5f148219527b07d85261d3f196ace97a5eb5646271d43596032a692389abc579,2c5cc1af74fc5f3955e44361b82b791710e4b63bbc69b0c15570617e2d86e543,NONE,A0_training_only_home_away_cov_v1,93.9438752361566,92.88438402876609,3.0676405491641043
2023_05_CHI_WAS,2023,5,2023-10-05,WAS,CHI,20.0,40.0,20.444121634270548,15.931891969959734,0.0,-20.0,60.0,4.512229664310814,36.37601360423028,0.6314424748367641,9.692464868966852,9.637654487932533,13.442208827666473,13.891131716431563,13.668513425567635,-4.55440240994551,13.578861738567138,-12.714654103162607,21.739113431784233,27.006587642873487,45.74543956558708,18.573812005851153,54.17821520260941,-0.07075177403044852,-0.1452043886560311,0.12415474904778158,-0.4546051978585218,0.07445261462558259,0.5787599469063034,-0.21595616268647963,-0.33045044881074026,A0-DYNAMIC-OPPONENT-ADJUSTED-JOINT-SCORE-V1,2023,2022,2022-REG-END,100.0,4,phase3-feature-provenance-v1,5f148219527b07d85261d3f196ace97a5eb5646271d43596032a692389abc579,2c5cc1af74fc5f3955e44361b82b791710e4b63bbc69b0c15570617e2d86e543,NONE,A0_training_only_home_away_cov_v1,93.9438752361566,92.88438402876609,3.0676405491641043
2023_05_CIN_ARI,2023,5,2023-10-08,ARI,CIN,20.0,34.0,20.53327357471953,21.82565631298431,0.0,-14.0,54.0,-1.2923827382647808,42.35892988770384,0.46170325042997906,9.692464868966852,9.637654487932533,13.442208827666473,13.891131716431563,13.668513425567635,-10.359014812521105,7.774249335991543,-18.5192665057382,15.93450102920864,32.98950392634704,51.728355849060634,24.55672828932471,60.161131486082965,-0.13609498092431277,0.18688868200372877,-0.2090631268091023,0.1300318443399049,-0.32298366292804154,-0.3390949711490072,0.050793701079416,-0.07903128246919741,A0-DYNAMIC-OPPONENT-ADJUSTED-JOINT-SCORE-V1,2023,2022,2022-REG-END,100.0,4,phase3-feature-provenance-v1,5f148219527b07d85261d3f196ace97a5eb5646271d43596032a692389abc579,2c5cc1af74fc5f3955e44361b82b791710e4b63bbc69b0c15570617e2d86e543,NONE,A0_training_only_home_away_cov_v1,93.9438752361566,92.88438402876609,3.0676405491641043
2023_05_DAL_SF,2023,5,2023-10-08,SF,DAL,42.0,10.0,27.35992058219148,22.258010697646444,0.0,32.0,52.0,5.101909884545037,49.617931279837926,0.6478580364918158,9.692464868966852,9.637654487932533,13.442208827666473,13.891131716431563,13.668513425567635,-3.9647221897112868,14.168541958801361,-12.124973882928384,22.328793652018458,40.248505318481136,58.987357241194715,31.815729681458798,67.42013287821706,0.3419238652775772,0.27003360090875156,0.23255762425378634,-0.15606479172887217,0.07189026436882562,0.3886224159826585,0.6119574661863287,0.07649283252491418,A0-DYNAMIC-OPPONENT-ADJUSTED-JOINT-SCORE-V1,2023,2022,2022-REG-END,100.0,4,phase3-feature-provenance-v1,5f148219527b07d85261d3f196ace97a5eb5646271d43596032a692389abc579,2c5cc1af74fc5f3955e44361b82b791710e4b63bbc69b0c15570617e2d86e543,NONE,A0_training_only_home_away_cov_v1,93.9438752361566,92.88438402876609,3.0676405491641043
2023_05_GB_LV,2023,5,2023-10-09,LV,GB,17.0,13.0,22.848343615349282,22.35680661578156,-3.0,4.0,30.0,0.491536999567721,45.205150231130844,0.5145847458783561,9.692464868966852,9.637654487932533,13.442208827666473,13.891131716431563,13.668513425567635,-8.575095074688603,9.558169073824045,-16.7353467679057,17.71842076704114,35.83572426977405,54.57457619248764,27.402948632751716,63.00735182950997,0.007821564176369521,0.03767092297079481,-0.15525654473167963,0.06356880691560689,-0.02984935879442529,-0.2188253516472865,0.04549248714716433,-0.09168773781607274,A0-DYNAMIC-OPPONENT-ADJUSTED-JOINT-SCORE-V1,2023,2022,2022-REG-END,100.0,4,phase3-feature-provenance-v1,5f148219527b07d85261d3f196ace97a5eb5646271d43596032a692389abc579,2c5cc1af74fc5f3955e44361b82b791710e4b63bbc69b0c15570617e2d86e543,NONE,A0_training_only_home_away_cov_v1,93.9438752361566,92.88438402876609,3.0676405491641043
2023_05_HOU_ATL,2023,5,2023-10-08,ATL,HOU,21.0,19.0,21.327777310569118,18.44811357060854,0.0,2.0,40.0,2.879663739960577,39.77589088117766,0.5848143893880349,9.692464868966852,9.637654487932533,13.442208827666473,13.891131716431563,13.668513425567635,-6.186968334295747,11.946295814216901,-14.347220027512844,20.106547507433998,30.406464919820866,49.145316842534456,21.97368928279853,57.57809247955679,-0.05737413207427318,0.0016843291387035847,0.006704794530812161,-0.2304827126171681,-0.05905846121297676,0.23718750714798026,-0.0556898029355696,-0.22377791808635594,A0-DYNAMIC-OPPONENT-ADJUSTED-JOINT-SCORE-V1,2023,2022,2022-REG-END,100.0,4,phase3-feature-provenance-v1,5f148219527b07d85261d3f196ace97a5eb5646271d43596032a692389abc579,2c5cc1af74fc5f3955e44361b82b791710e4b63bbc69b0c15570617e2d86e543,NONE,A0_training_only_home_away_cov_v1,93.9438752361566,92.88438402876609,3.0676405491641043
2023_05_JAX_BUF,2023,5,2023-10-08,BUF,JAX,20.0,25.0,27.29184542334088,21.04604616149407,0.0,-5.0,45.0,6.2457992618468126,48.33789158483495,0.6789056612811988,9.692464868966852,9.637654487932533,13.442208827666473,13.891131716431563,13.668513425567635,-2.8208328124095114,15.312431336103137,-10.981084505626608,23.472683029320233,38.96846562347815,57.707317546191746,30.53568998645582,66.14009318321408,0.24428604417347138,0.17873322044233195,0.08476651380437006,0.1534031634215783,0.06555282373113944,-0.06863664961720825,0.4230192646158033,0.23816967722594837,A0-DYNAMIC-OPPONENT-ADJUSTED-JOINT-SCORE-V1,2023,2022,2022-REG-END,100.0,4,phase3-feature-provenance-v1,5f148219527b07d85261d3f196ace97a5eb5646271d43596032a692389abc579,2c5cc1af74fc5f3955e44361b82b791710e4b63bbc69b0c15570617e2d86e543,NONE,A0_training_only_home_away_cov_v1,93.9438752361566,92.88438402876609,3.0676405491641043
2023_05_KC_MIN,2023,5,2023-10-08,MIN,KC,20.0,27.0,21.973915739347767,25.61897449286291,0.0,-7.0,47.0,-3.645058753515144,47.59289023221068,0.393132002532699,9.692464868966852,9.637654487932533,13.442208827666473,13.891131716431563,13.668513425567635,-12.711690827771468,5.42157332074118,-20.871942520988565,13.581825013958277,38.22346427085388,56.962316193567474,29.79068863383155,65.3950918305898,0.2322320737396432,0.08347998558285964,-0.30618911925272785,0.12359465459269325,0.14875208815678354,-0.4297837738454211,0.31571205932250285,-0.1825944646600346,A0-DYNAMIC-OPPONENT-ADJUSTED-JOINT-SCORE-V1,2023,2022,2022-REG-END,100.0,4,phase3-feature-provenance-v1,5f148219527b07d85261d3f196ace97a5eb5646271d43596032a692389abc579,2c5cc1af74fc5f3955e44361b82b791710e4b63bbc69b0c15570617e2d86e543,NONE,A0_training_only_home_away_cov_v1,93.9438752361566,92.88438402876609,3.0676405491641043
2023_05_NO_NE,2023,5,2023-10-08,NE,NO,0.0,34.0,18.954664872841697,18.534997898307697,0.0,-34.0,34.0,0.4196669745339996,37.4896627711494,0.512452991042463,9.692464868966852,9.637654487932533,13.442208827666473,13.891131716431563,13.668513425567635,-8.646965099722324,9.486299048790324,-16.80721679293942,17.64655074200742,28.120236809792605,46.859088732506194,19.68746117277027,55.291864369528525,0.032002137956619485,-0.25534300572633034,-0.012970028937614439,0.2970102175720367,0.28734514368294983,-0.30998024650965117,-0.22334086776971085,0.28404018863442226,A0-DYNAMIC-OPPONENT-ADJUSTED-JOINT-SCORE-V1,2023,2022,2022-REG-END,100.0,4,phase3-feature-provenance-v1,5f148219527b07d85261d3f196ace97a5eb5646271d43596032a692389abc579,2c5cc1af74fc5f3955e44361b82b791710e4b63bbc69b0c15570617e2d86e543,NONE,A0_training_only_home_away_cov_v1,93.9438752361566,92.88438402876609,3.0676405491641043
2023_05_NYG_MIA,2023,5,2023-10-08,MIA,NYG,31.0,16.0,25.137710119330862,18.016878034530357,1.0,15.0,47.0,7.1208320848005044,43.15458815386122,0.7018527697057095,9.692464868966852,9.637654487932533,13.442208827666473,13.891131716431563,13.668513425567635,-1.9457999894558196,16.18746415905683,-10.106051682672916,24.347715852273925,33.78516219250443,52.52401411521801,25.35238655548209,60.95678975224035,-0.03691662102764412,0.1370448014282821,-0.04319803175371407,-0.022275702842112763,-0.17396142245592622,-0.020922328911601305,0.10012818040063798,-0.06547373459582684,A0-DYNAMIC-OPPONENT-ADJUSTED-JOINT-SCORE-V1,2023,2022,2022-REG-END,100.0,4,phase3-feature-provenance-v1,5f148219527b07d85261d3f196ace97a5eb5646271d43596032a692389abc579,2c5cc1af74fc5f3955e44361b82b791710e4b63bbc69b0c15570617e2d86e543,NONE,A0_training_only_home_away_cov_v1,93.9438752361566,92.88438402876609,3.0676405491641043
2023_05_NYJ_DEN,2023,5,2023-10-08,DEN,NYJ,21.0,31.0,20.58430815320192,16.399996539469925,0.0,-10.0,52.0,4.184311613731996,36.98430469267184,0.6222067044012554,9.692464868966852,9.637654487932533,13.442208827666473,13.891131716431563,13.668513425567635,-4.882320460524328,13.25094368798832,-13.042572153741425,21.411195381205417,27.61487873131505,46.35373065402864,19.182103094292714,54.78650629105097,0.026109579313023306,-0.3359577457612426,-0.1077995155601703,0.3242230084618013,0.3620673250742659,-0.4320225240219716,-0.3098481664482193,0.216423492901631,A0-DYNAMIC-OPPONENT-ADJUSTED-JOINT-SCORE-V1,2023,2022,2022-REG-END,100.0,4,phase3-feature-provenance-v1,5f148219527b07d85261d3f196ace97a5eb5646271d43596032a692389abc579,2c5cc1af74fc5f3955e44361b82b791710e4b63bbc69b0c15570617e2d86e543,NONE,A0_training_only_home_away_cov_v1,93.9438752361566,92.88438402876609,3.0676405491641043
2023_05_PHI_LA,2023,5,2023-10-08,LA,PHI,14.0,23.0,21.774286938101394,22.749157558520718,0.0,-9.0,37.0,-0.974870620419324,44.52344449662211,0.47109281238866896,9.692464868966852,9.637654487932533,13.442208827666473,13.891131716431563,13.668513425567635,-10.041502694675648,8.091761453837,-18.201754387892745,16.252013147054097,35.15401853526532,53.8928704579789,26.721242898242984,62.32564609500124,-0.06467384694455773,0.19789619909341943,0.007700219743607943,-0.03478194540926798,-0.2625700460379772,0.04248216515287592,0.1332223521488617,-0.02708172566566004,A0-DYNAMIC-OPPONENT-ADJUSTED-JOINT-SCORE-V1,2023,2022,2022-REG-END,100.0,4,phase3-feature-provenance-v1,5f148219527b07d85261d3f196ace97a5eb5646271d43596032a692389abc579,2c5cc1af74fc5f3955e44361b82b791710e4b63bbc69b0c15570617e2d86e543,NONE,A0_training_only_home_away_cov_v1,93.9438752361566,92.88438402876609,3.0676405491641043
2023_05_TEN_IND,2023,5,2023-10-08,IND,TEN,23.0,16.0,19.451931131051065,19.608618748442186,0.0,7.0,39.0,-0.15668761739112114,39.06054987949325,0.49534987882685194,9.692464868966852,9.637654487932533,13.442208827666473,13.891131716431563,13.668513425567635,-9.223319691647445,8.909944456865203,-17.383571384864542,17.0701961500823,29.69112391813646,48.42997584085005,21.258348281114124,56.86275147787238,-0.06391896406711367,-0.2868852982026033,-0.45567361639752485,-0.06184931537789215,0.2229663341354896,-0.3938243010196327,-0.35080426226971695,-0.517522931775417,A0-DYNAMIC-OPPONENT-ADJUSTED-JOINT-SCORE-V1,2023,2022,2022-REG-END,100.0,4,phase3-feature-provenance-v1,5f148219527b07d85261d3f196ace97a5eb5646271d43596032a692389abc579,2c5cc1af74fc5f3955e44361b82b791710e4b63bbc69b0c15570617e2d86e543,NONE,A0_training_only_home_away_cov_v1,93.9438752361566,92.88438402876609,3.0676405491641043
2023_06_ARI_LA,2023,6,2023-10-15,LA,ARI,26.0,9.0,22.872520776428356,18.31145374214669,0.0,17.0,35.0,4.561067034281667,41.18397451857504,0.6328116471716012,9.692464868966852,9.637654487932533,13.442208827666473,13.891131716431563,13.668513425567635,-4.505565039974657,13.62769910853799,-12.665816733191754,21.787950801755088,31.81454855721825,50.55340047993184,23.381772920195914,58.98617611695417,-0.06467384694455773,-0.13609498092431277,0.007700219743607943,-0.2090631268091023,0.07142113397975504,0.21676334655271023,-0.20076882786887051,-0.20136290706549437,A0-DYNAMIC-OPPONENT-ADJUSTED-JOINT-SCORE-V1,2023,2022,2022-REG-END,100.0,4,phase3-feature-provenance-v1,5f148219527b07d85261d3f196ace97a5eb5646271d43596032a692389abc579,2c5cc1af74fc5f3955e44361b82b791710e4b63bbc69b0c15570617e2d86e543,NONE,A0_training_only_home_away_cov_v1,93.9438752361566,92.88438402876609,3.0676405491641043
2023_06_BAL_TEN,2023,6,2023-10-15,TEN,BAL,16.0,24.0,20.34738948808195,19.522399217128033,0.0,-8.0,40.0,0.8249902709539185,39.869788705209984,0.5244689697111512,9.692464868966852,9.637654487932533,13.442208827666473,13.891131716431563,13.668513425567635,-8.241641803302405,9.891622345210243,-16.401893496519502,18.05187403842734,30.50036274385319,49.23921466656678,22.067587106830857,57.67199030358911,-0.2868852982026033,-0.32405521457404746,-0.06184931537789215,0.25015497360426175,0.03716991637144418,-0.31200428898215393,-0.6109405127766507,0.1883056582263696,A0-DYNAMIC-OPPONENT-ADJUSTED-JOINT-SCORE-V1,2023,2022,2022-REG-END,100.0,4,phase3-feature-provenance-v1,5f148219527b07d85261d3f196ace97a5eb5646271d43596032a692389abc579,2c5cc1af74fc5f3955e44361b82b791710e4b63bbc69b0c15570617e2d86e543,NONE,A0_training_only_home_away_cov_v1,93.9438752361566,92.88438402876609,3.0676405491641043
2023_06_CAR_MIA,2023,6,2023-10-15,MIA,CAR,42.0,21.0,25.517615578770283,18.531284638225813,0.0,21.0,63.0,6.98633094054447,44.048900216996095,0.6983744174446992,9.692464868966852,9.637654487932533,13.442208827666473,13.891131716431563,13.668513425567635,-2.0803011337118544,16.052963014800795,-10.240552826928951,24.21321470801789,34.679474255639306,53.418326178352885,26.246698618616968,61.85110181537522,-0.03691662102764412,0.11624680194065612,-0.04319803175371407,0.0711115579295539,-0.15316342296830024,-0.11430958968326796,0.079330180913012,0.02791352617583983,A0-DYNAMIC-OPPONENT-ADJUSTED-JOINT-SCORE-V1,2023,2022,2022-REG-END,100.0,4,phase3-feature-provenance-v1,5f148219527b07d85261d3f196ace97a5eb5646271d43596032a692389abc579,2c5cc1af74fc5f3955e44361b82b791710e4b63bbc69b0c15570617e2d86e543,NONE,A0_training_only_home_away_cov_v1,93.9438752361566,92.88438402876609,3.0676405491641043
2023_06_DAL_LAC,2023,6,2023-10-16,LAC,DAL,17.0,20.0,23.792155416289475,21.754161471587857,7.0,-3.0,37.0,2.0379939447016184,45.54631688787733,0.5602533334100785,9.692464868966852,9.637654487932533,13.442208827666473,13.891131716431563,13.668513425567635,-7.028638129554706,11.104626018957942,-15.188889822771802,19.26487771217504,36.17689092652054,54.91574284923412,27.744115289498204,63.34851848625646,0.09588051418087094,0.27003360090875156,0.05380158007528008,-0.15606479172887217,-0.1741530867278806,0.20986637180415224,0.3659141150896225,-0.10226321165359209,A0-DYNAMIC-OPPONENT-ADJUSTED-JOINT-SCORE-V1,2023,2022,2022-REG-END,100.0,4,phase3-feature-provenance-v1,5f148219527b07d85261d3f196ace97a5eb5646271d43596032a692389abc579,2c5cc1af74fc5f3955e44361b82b791710e4b63bbc69b0c15570617e2d86e543,NONE,A0_training_only_home_away_cov_v1,93.9438752361566,92.88438402876609,3.0676405491641043
2023_06_DEN_KC,2023,6,2023-10-12,KC,DEN,19.0,8.0,27.211073890839202,18.526119859723213,0.0,11.0,27.0,8.68495403111599,45.73719375056241,0.7408913270895268,9.692464868966852,9.637654487932533,13.442208827666473,13.891131716431563,13.668513425567635,-0.3816780431403348,17.75158610537231,-8.541929736357432,25.91183779858941,36.367767789205615,55.10661971191921,27.934992152183284,63.53939534894154,0.08347998558285964,0.026109579313023306,0.12359465459269325,-0.1077995155601703,0.05737040626983633,0.23139417015286357,0.10958956489588295,0.015795139032522956,A0-DYNAMIC-OPPONENT-ADJUSTED-JOINT-SCORE-V1,2023,2022,2022-REG-END,100.0,4,phase3-feature-provenance-v1,5f148219527b07d85261d3f196ace97a5eb5646271d43596032a692389abc579,2c5cc1af74fc5f3955e44361b82b791710e4b63bbc69b0c15570617e2d86e543,NONE,A0_training_only_home_away_cov_v1,93.9438752361566,92.88438402876609,3.0676405491641043
2023_06_DET_TB,2023,6,2023-10-15,TB,DET,6.0,20.0,22.95534803923111,23.12375791887539,7.0,-14.0,26.0,-0.16840987964427967,46.0791059581065,0.49500200713072195,9.692464868966852,9.637654487932533,13.442208827666473,13.891131716431563,13.668513425567635,-9.235041953900604,8.898222194612044,-17.3952936471177,17.05847388782914,36.70967999674971,55.44853191946329,28.276904359727375,63.88130755648563,-0.2040678597447881,0.25074325513128526,-0.13388464556797583,-0.024143824796604176,-0.4548111148760734,-0.10974082077137165,0.04667539538649715,-0.15802847036458,A0-DYNAMIC-OPPONENT-ADJUSTED-JOINT-SCORE-V1,2023,2022,2022-REG-END,100.0,4,phase3-feature-provenance-v1,5f148219527b07d85261d3f196ace97a5eb5646271d43596032a692389abc579,2c5cc1af74fc5f3955e44361b82b791710e4b63bbc69b0c15570617e2d86e543,NONE,A0_training_only_home_away_cov_v1,93.9438752361566,92.88438402876609,3.0676405491641043
2023_06_IND_JAX,2023,6,2023-10-15,JAX,IND,37.0,20.0,23.81115602169279,18.227589606567378,0.0,17.0,57.0,5.583566415125411,42.038745628260166,0.6610665404289815,9.692464868966852,9.637654487932533,13.442208827666473,13.891131716431563,13.668513425567635,-3.4830656591309133,14.650198489381735,-11.64331735234801,22.81045018259883,32.66931966690338,51.408171589616956,24.23654402988104,59.840947226639294,0.17873322044233195,-0.06391896406711367,0.1534031634215783,-0.45567361639752485,0.24265218450944562,0.6090767798191031,0.11481425637521828,-0.30227045297594657,A0-DYNAMIC-OPPONENT-ADJUSTED-JOINT-SCORE-V1,2023,2022,2022-REG-END,100.0,4,phase3-feature-provenance-v1,5f148219527b07d85261d3f196ace97a5eb5646271d43596032a692389abc579,2c5cc1af74fc5f3955e44361b82b791710e4b63bbc69b0c15570617e2d86e543,NONE,A0_training_only_home_away_cov_v1,93.9438752361566,92.88438402876609,3.0676405491641043
2023_06_MIN_CHI,2023,6,2023-10-15,CHI,MIN,13.0,19.0,19.81354887183267,21.41766009215834,3.0,-6.0,32.0,-1.6041112203256702,41.23120896399101,0.4525054130529575,9.692464868966852,9.637654487932533,13.442208827666473,13.891131716431563,13.668513425567635,-10.670743294581994,7.462520853930654,-18.83099498779909,15.62277254714775,31.861783002634215,50.600634925347805,23.42900736561188,59.033410562370136,-0.1452043886560311,0.2322320737396432,-0.4546051978585218,-0.30618911925272785,-0.3774364623956743,-0.14841607860579398,0.08702768508361208,-0.7607943171112497,A0-DYNAMIC-OPPONENT-ADJUSTED-JOINT-SCORE-V1,2023,2022,2022-REG-END,100.0,4,phase3-feature-provenance-v1,5f148219527b07d85261d3f196ace97a5eb5646271d43596032a692389abc579,2c5cc1af74fc5f3955e44361b82b791710e4b63bbc69b0c15570617e2d86e543,NONE,A0_training_only_home_away_cov_v1,93.9438752361566,92.88438402876609,3.0676405491641043
2023_06_NE_LV,2023,6,2023-10-15,LV,NE,21.0,17.0,21.91262255260732,17.079365369966258,-1.0,4.0,38.0,4.833257182641063,38.99198792257358,0.640411247872895,9.692464868966852,9.637654487932533,13.442208827666473,13.891131716431563,13.668513425567635,-4.233374891615261,13.899889256897387,-12.393626584832358,22.060140950114484,29.622561961216785,48.36141388393037,21.18978632419445,56.794189520952706,0.007821564176369521,0.032002137956619485,-0.15525654473167963,-0.012970028937614439,-0.024180573780249966,-0.1422865157940652,0.039823702132989004,-0.16822657366929405,A0-DYNAMIC-OPPONENT-ADJUSTED-JOINT-SCORE-V1,2023,2022,2022-REG-END,100.0,4,phase3-feature-provenance-v1,5f148219527b07d85261d3f196ace97a5eb5646271d43596032a692389abc579,2c5cc1af74fc5f3955e44361b82b791710e4b63bbc69b0c15570617e2d86e543,NONE,A0_training_only_home_away_cov_v1,93.9438752361566,92.88438402876609,3.0676405491641043
2023_06_NO_HOU,2023,6,2023-10-15,HOU,NO,20.0,13.0,19.20665674868826,19.360113645979595,0.0,7.0,33.0,-0.15345689729133483,38.566770394667856,0.49544575481687425,9.692464868966852,9.637654487932533,13.442208827666473,13.891131716431563,13.668513425567635,-9.220088971547659,8.91317517696499,-17.380340664764756,17.073426870182086,29.197344433311063,47.93619635602465,20.764568796288728,56.36897199304698,0.0016843291387035847,-0.25534300572633034,-0.2304827126171681,0.2970102175720367,0.25702733486503393,-0.5274929301892048,-0.25365867658762675,0.06652750495486862,A0-DYNAMIC-OPPONENT-ADJUSTED-JOINT-SCORE-V1,2023,2022,2022-REG-END,100.0,4,phase3-feature-provenance-v1,5f148219527b07d85261d3f196ace97a5eb5646271d43596032a692389abc579,2c5cc1af74fc5f3955e44361b82b791710e4b63bbc69b0c15570617e2d86e543,NONE,A0_training_only_home_away_cov_v1,93.9438752361566,92.88438402876609,3.0676405491641043
2023_06_NYG_BUF,2023,6,2023-10-15,BUF,NYG,14.0,9.0,27.857865216295146,18.23886553680861,0.0,5.0,23.0,9.618999679486535,46.096730753103756,0.762875185426668,9.692464868966852,9.637654487932533,13.442208827666473,13.891131716431563,13.668513425567635,0.5523676052302111,18.68563175374286,-7.607884087986886,26.845883446959956,36.72730479174696,55.46615671446055,28.29452915472463,63.898932351482884,0.24428604417347138,0.1370448014282821,0.08476651380437006,-0.022275702842112763,0.10724124274518929,0.10704221664648282,0.38133084560175345,0.062490810962257295,A0-DYNAMIC-OPPONENT-ADJUSTED-JOINT-SCORE-V1,2023,2022,2022-REG-END,100.0,4,phase3-feature-provenance-v1,5f148219527b07d85261d3f196ace97a5eb5646271d43596032a692389abc579,2c5cc1af74fc5f3955e44361b82b791710e4b63bbc69b0c15570617e2d86e543,NONE,A0_training_only_home_away_cov_v1,93.9438752361566,92.88438402876609,3.0676405491641043
2023_06_PHI_NYJ,2023,6,2023-10-15,NYJ,PHI,20.0,14.0,18.10054916628695,21.997466612693177,0.0,6.0,34.0,-3.8969174464062277,40.09801577898013,0.38594577016231413,9.692464868966852,9.637654487932533,13.442208827666473,13.891131716431563,13.668513425567635,-12.963549520662552,5.169714627850096,-21.12380121387965,13.329966321067193,30.728589817623334,49.46744174033692,22.295814180601,57.900217377359255,-0.3359577457612426,0.19789619909341943,0.3242230084618013,-0.03478194540926798,-0.533853944854662,0.3590049538710693,-0.13806154666782317,0.2894410630525333,A0-DYNAMIC-OPPONENT-ADJUSTED-JOINT-SCORE-V1,2023,2022,2022-REG-END,100.0,4,phase3-feature-provenance-v1,5f148219527b07d85261d3f196ace97a5eb5646271d43596032a692389abc579,2c5cc1af74fc5f3955e44361b82b791710e4b63bbc69b0c15570617e2d86e543,NONE,A0_training_only_home_away_cov_v1,93.9438752361566,92.88438402876609,3.0676405491641043
2023_06_SEA_CIN,2023,6,2023-10-15,CIN,SEA,17.0,13.0,22.546955399199685,21.20654518624712,-6.0,4.0,30.0,1.3404102129525661,43.7535005854468,0.5397153054356918,9.692464868966852,9.637654487932533,13.442208827666473,13.891131716431563,13.668513425567635,-7.726221861303758,10.40704228720889,-15.886473554520855,18.567293980425987,34.384074624090005,53.1229265468036,25.951298987067673,61.55570218382593,0.18688868200372877,-0.0732611909215084,0.1300318443399049,0.02832270831121208,0.26014987292523717,0.1017091360286928,0.11362749108222037,0.15835455265111698,A0-DYNAMIC-OPPONENT-ADJUSTED-JOINT-SCORE-V1,2023,2022,2022-REG-END,100.0,4,phase3-feature-provenance-v1,5f148219527b07d85261d3f196ace97a5eb5646271d43596032a692389abc579,2c5cc1af74fc5f3955e44361b82b791710e4b63bbc69b0c15570617e2d86e543,NONE,A0_training_only_home_away_cov_v1,93.9438752361566,92.88438402876609,3.0676405491641043
2023_06_SF_CLE,2023,6,2023-10-15,CLE,SF,19.0,17.0,19.915653458787734,25.627862529521845,7.0,2.0,36.0,-5.7122090707341115,45.54351598830958,0.335438123245539,9.692464868966852,9.637654487932533,13.442208827666473,13.891131716431563,13.668513425567635,-14.778841144990436,3.3544230035222125,-22.939092838207532,11.51467469673931,36.17409002695278,54.912941949666376,27.74131438993045,63.34571758668871,-0.15558690395478042,0.3419238652775772,0.17431906458262486,0.23255762425378634,-0.4975107692323576,-0.05823855967116148,0.18633696132279676,0.4068766888364112,A0-DYNAMIC-OPPONENT-ADJUSTED-JOINT-SCORE-V1,2023,2022,2022-REG-END,100.0,4,phase3-feature-provenance-v1,5f148219527b07d85261d3f196ace97a5eb5646271d43596032a692389abc579,2c5cc1af74fc5f3955e44361b82b791710e4b63bbc69b0c15570617e2d86e543,NONE,A0_training_only_home_away_cov_v1,93.9438752361566,92.88438402876609,3.0676405491641043
2023_06_WAS_ATL,2023,6,2023-10-15,ATL,WAS,16.0,24.0,20.232179284717226,17.963597884789607,-3.0,-8.0,40.0,2.268581399927619,38.19577716950683,0.5670094609377668,9.692464868966852,9.637654487932533,13.442208827666473,13.891131716431563,13.668513425567635,-6.798050674328705,11.335213474183943,-14.958302367545802,19.49546516740104,28.82635120815004,47.56520313086362,20.393575571127705,55.99797876788596,-0.05737413207427318,-0.07075177403044852,0.006704794530812161,0.12415474904778158,0.013377641956175343,-0.11744995451696942,-0.1281259061047217,0.13085954357859375,A0-DYNAMIC-OPPONENT-ADJUSTED-JOINT-SCORE-V1,2023,2022,2022-REG-END,100.0,4,phase3-feature-provenance-v1,5f148219527b07d85261d3f196ace97a5eb5646271d43596032a692389abc579,2c5cc1af74fc5f3955e44361b82b791710e4b63bbc69b0c15570617e2d86e543,NONE,A0_training_only_home_away_cov_v1,93.9438752361566,92.88438402876609,3.0676405491641043
2023_07_ARI_SEA,2023,7,2023-10-22,SEA,ARI,20.0,10.0,24.01621836220684,17.461144473453857,0.0,10.0,30.0,6.5550738887529825,41.4773628356607,0.6871006062235999,9.692464868966852,9.637654487932533,13.442208827666473,13.891131716431563,13.668513425567635,-2.5115581855033415,15.621705963009306,-10.671809878720438,23.781957656226403,32.1079368743039,50.846788797017496,23.67516123728157,59.27956443403983,-0.0732611909215084,-0.13609498092431277,0.02832270831121208,-0.2090631268091023,0.06283379000280437,0.2373858351203144,-0.20935617184582117,-0.18074041849789022,A0-DYNAMIC-OPPONENT-ADJUSTED-JOINT-SCORE-V1,2023,2022,2022-REG-END,100.0,4,phase3-feature-provenance-v1,5f148219527b07d85261d3f196ace97a5eb5646271d43596032a692389abc579,2c5cc1af74fc5f3955e44361b82b791710e4b63bbc69b0c15570617e2d86e543,NONE,A0_training_only_home_away_cov_v1,93.9438752361566,92.88438402876609,3.0676405491641043
2023_07_ATL_TB,2023,7,2023-10-22,TB,ATL,13.0,16.0,21.8276287178745,19.00101702920518,0.0,-3.0,29.0,2.8266116886693204,40.828645747079676,0.5832749639999952,9.692464868966852,9.637654487932533,13.442208827666473,13.891131716431563,13.668513425567635,-6.240020385587004,11.893243762925644,-14.4002720788041,20.05349545614274,31.459219785722883,50.19807170843647,23.02644414870055,58.630847345458804,-0.2040678597447881,-0.05737413207427318,-0.13388464556797583,0.006704794530812161,-0.14669372767051492,-0.140589440098788,-0.2614419918190613,-0.12717985103716367,A0-DYNAMIC-OPPONENT-ADJUSTED-JOINT-SCORE-V1,2023,2022,2022-REG-END,100.0,4,phase3-feature-provenance-v1,5f148219527b07d85261d3f196ace97a5eb5646271d43596032a692389abc579,2c5cc1af74fc5f3955e44361b82b791710e4b63bbc69b0c15570617e2d86e543,NONE,A0_training_only_home_away_cov_v1,93.9438752361566,92.88438402876609,3.0676405491641043
2023_07_BUF_NE,2023,7,2023-10-22,NE,BUF,29.0,25.0,18.872353121001503,24.73118109787354,0.0,4.0,54.0,-5.858827976872039,43.60353421887504,0.3314716684962978,9.692464868966852,9.637654487932533,13.442208827666473,13.891131716431563,13.668513425567635,-14.925460051128363,3.207804097384285,-23.08571174434546,11.368055790601382,34.234108257518244,52.97296018023184,25.801332620495913,61.40573581725417,0.032002137956619485,0.24428604417347138,-0.012970028937614439,0.08476651380437006,-0.2122839062168519,-0.0977365427419845,0.2762881821300909,0.07179648486675562,A0-DYNAMIC-OPPONENT-ADJUSTED-JOINT-SCORE-V1,2023,2022,2022-REG-END,100.0,4,phase3-feature-provenance-v1,5f148219527b07d85261d3f196ace97a5eb5646271d43596032a692389abc579,2c5cc1af74fc5f3955e44361b82b791710e4b63bbc69b0c15570617e2d86e543,NONE,A0_training_only_home_away_cov_v1,93.9438752361566,92.88438402876609,3.0676405491641043
2023_07_CLE_IND,2023,7,2023-10-22,IND,CLE,38.0,39.0,18.932985664062294,18.75420797299126,0.0,-1.0,77.0,0.17877769107103347,37.687193637053554,0.505305666511121,9.692464868966852,9.637654487932533,13.442208827666473,13.891131716431563,13.668513425567635,-8.88785438318529,9.245409765327357,-17.048106076402387,17.405661458544454,28.31776767569676,47.05661959841035,19.884992038674426,55.48939523543268,-0.06391896406711367,-0.15558690395478042,-0.45567361639752485,0.17431906458262486,0.09166793988766675,-0.6299926809801497,-0.2195058680218941,-0.2813545518149,A0-DYNAMIC-OPPONENT-ADJUSTED-JOINT-SCORE-V1,2023,2022,2022-REG-END,100.0,4,phase3-feature-provenance-v1,5f148219527b07d85261d3f196ace97a5eb5646271d43596032a692389abc579,2c5cc1af74fc5f3955e44361b82b791710e4b63bbc69b0c15570617e2d86e543,NONE,A0_training_only_home_away_cov_v1,93.9438752361566,92.88438402876609,3.0676405491641043
2023_07_DET_BAL,2023,7,2023-10-22,BAL,DET,38.0,6.0,22.002476126833518,23.093496336390153,0.0,32.0,44.0,-1.0910202095566355,45.095972463223674,0.46765585991126907,9.692464868966852,9.637654487932533,13.442208827666473,13.891131716431563,13.668513425567635,-10.15765228381296,7.9756118646996885,-18.317903977030056,16.135863557916785,35.72654650186688,54.46539842458047,27.293770864844547,62.8981740616028,-0.32405521457404746,0.25074325513128526,0.25015497360426175,-0.024143824796604176,-0.5747984697053328,0.2742987984008659,-0.0733119594427622,0.22601114880765757,A0-DYNAMIC-OPPONENT-ADJUSTED-JOINT-SCORE-V1,2023,2022,2022-REG-END,100.0,4,phase3-feature-provenance-v1,5f148219527b07d85261d3f196ace97a5eb5646271d43596032a692389abc579,2c5cc1af74fc5f3955e44361b82b791710e4b63bbc69b0c15570617e2d86e543,NONE,A0_training_only_home_away_cov_v1,93.9438752361566,92.88438402876609,3.0676405491641043
2023_07_GB_DEN,2023,7,2023-10-22,DEN,GB,19.0,17.0,20.820854726665846,21.751062256805582,-3.0,2.0,36.0,-0.9302075301397359,42.571916983471425,0.4724150137992918,9.692464868966852,9.637654487932533,13.442208827666473,13.891131716431563,13.668513425567635,-9.99683960439606,8.136424544116588,-18.157091297613157,16.296676237333685,33.20249102211463,51.94134294482822,24.769715385092297,60.37411858185055,0.026109579313023306,0.03767092297079481,-0.1077995155601703,0.06356880691560689,-0.011561343657771502,-0.17136832247577719,0.06378050228381811,-0.04423070864456341,A0-DYNAMIC-OPPONENT-ADJUSTED-JOINT-SCORE-V1,2023,2022,2022-REG-END,100.0,4,phase3-feature-provenance-v1,5f148219527b07d85261d3f196ace97a5eb5646271d43596032a692389abc579,2c5cc1af74fc5f3955e44361b82b791710e4b63bbc69b0c15570617e2d86e543,NONE,A0_training_only_home_away_cov_v1,93.9438752361566,92.88438402876609,3.0676405491641043
2023_07_JAX_NO,2023,7,2023-10-19,NO,JAX,24.0,31.0,20.614062728773156,20.235668573715845,0.0,-7.0,55.0,0.3783941550573111,40.849731302489005,0.5112286228273445,9.692464868966852,9.637654487932533,13.442208827666473,13.891131716431563,13.668513425567635,-8.688237919199013,9.445026229313635,-16.84848961241611,17.605277922530732,31.480305341132212,50.2191572638458,23.047529704109877,58.65193290086813,-0.25534300572633034,0.17873322044233195,0.2970102175720367,0.1534031634215783,-0.43407622616866226,0.1436070541504584,-0.0766097852839984,0.45041338099361505,A0-DYNAMIC-OPPONENT-ADJUSTED-JOINT-SCORE-V1,2023,2022,2022-REG-END,100.0,4,phase3-feature-provenance-v1,5f148219527b07d85261d3f196ace97a5eb5646271d43596032a692389abc579,2c5cc1af74fc5f3955e44361b82b791710e4b63bbc69b0c15570617e2d86e543,NONE,A0_training_only_home_away_cov_v1,93.9438752361566,92.88438402876609,3.0676405491641043
2023_07_LAC_KC,2023,7,2023-10-22,KC,LAC,31.0,17.0,26.87134540951906,20.988457798384175,4.0,14.0,48.0,5.882887611134883,47.859803207903234,0.6691774258457439,9.692464868966852,9.637654487932533,13.442208827666473,13.891131716431563,13.668513425567635,-3.1837444631214407,14.949519685391207,-11.343996156338537,23.109771378608304,38.490377246546444,57.22922916926002,30.057601609524106,65.66200480628237,0.08347998558285964,0.09588051418087094,0.12359465459269325,0.05380158007528008,-0.012400528598011301,0.06979307451741318,0.17936049976373059,0.17739623466797333,A0-DYNAMIC-OPPONENT-ADJUSTED-JOINT-SCORE-V1,2023,2022,2022-REG-END,100.0,4,phase3-feature-provenance-v1,5f148219527b07d85261d3f196ace97a5eb5646271d43596032a692389abc579,2c5cc1af74fc5f3955e44361b82b791710e4b63bbc69b0c15570617e2d86e543,NONE,A0_training_only_home_away_cov_v1,93.9438752361566,92.88438402876609,3.0676405491641043
2023_07_LV_CHI,2023,7,2023-10-22,CHI,LV,30.0,12.0,19.103949651447316,21.170443640510037,0.0,18.0,42.0,-2.066493989062721,40.27439329195735,0.4389106334744865,9.692464868966852,9.637654487932533,13.442208827666473,13.891131716431563,13.668513425567635,-11.133126063319045,7.000138085193603,-19.29337775653614,15.1603897784107,30.90496733060056,49.64381925331415,22.472191693578225,58.07659489033648,-0.1452043886560311,0.007821564176369521,-0.4546051978585218,-0.15525654473167963,-0.15302595283240064,-0.2993486531268422,-0.13738282447966157,-0.6098617425902014,A0-DYNAMIC-OPPONENT-ADJUSTED-JOINT-SCORE-V1,2023,2022,2022-REG-END,100.0,4,phase3-feature-provenance-v1,5f148219527b07d85261d3f196ace97a5eb5646271d43596032a692389abc579,2c5cc1af74fc5f3955e44361b82b791710e4b63bbc69b0c15570617e2d86e543,NONE,A0_training_only_home_away_cov_v1,93.9438752361566,92.88438402876609,3.0676405491641043
2023_07_MIA_PHI,2023,7,2023-10-22,PHI,MIA,31.0,17.0,23.917184429238873,23.29655444244446,0.0,14.0,48.0,0.6206299867944125,47.21373887168333,0.5184127182753963,9.692464868966852,9.637654487932533,13.442208827666473,13.891131716431563,13.668513425567635,-8.446002087461912,9.687262061050737,-16.60625378067901,17.847513754267833,37.844312910326536,56.58316483304013,29.411537273304205,65.01594047006246,0.19789619909341943,-0.03691662102764412,-0.03478194540926798,-0.04319803175371407,0.23481282012106355,0.008416086344446086,0.16097957806577531,-0.07797997716298205,A0-DYNAMIC-OPPONENT-ADJUSTED-JOINT-SCORE-V1,2023,2022,2022-REG-END,100.0,4,phase3-feature-provenance-v1,5f148219527b07d85261d3f196ace97a5eb5646271d43596032a692389abc579,2c5cc1af74fc5f3955e44361b82b791710e4b63bbc69b0c15570617e2d86e543,NONE,A0_training_only_home_away_cov_v1,93.9438752361566,92.88438402876609,3.0676405491641043
2023_07_PIT_LA,2023,7,2023-10-22,LA,PIT,17.0,24.0,21.469421971173567,19.38385870335579,-7.0,-7.0,41.0,2.0855632678177756,40.85328067452936,0.5616486014126446,9.692464868966852,9.637654487932533,13.442208827666473,13.891131716431563,13.668513425567635,-6.981068806438548,11.1521953420741,-15.141320499655645,19.312447035291196,31.483854713172565,50.222706635886155,23.05107907615023,58.655482272908486,-0.06467384694455773,-0.054004644284425696,0.007700219743607943,0.25022357055619293,-0.010669202660132035,-0.242523350812585,-0.11867849122898343,0.2579237902998009,A0-DYNAMIC-OPPONENT-ADJUSTED-JOINT-SCORE-V1,2023,2022,2022-REG-END,100.0,4,phase3-feature-provenance-v1,5f148219527b07d85261d3f196ace97a5eb5646271d43596032a692389abc579,2c5cc1af74fc5f3955e44361b82b791710e4b63bbc69b0c15570617e2d86e543,NONE,A0_training_only_home_away_cov_v1,93.9438752361566,92.88438402876609,3.0676405491641043
2023_07_SF_MIN,2023,7,2023-10-23,MIN,SF,22.0,17.0,21.801957662917285,26.20120262889955,0.0,5.0,39.0,-4.399244965982266,48.00316029181684,0.3717314666963719,9.692464868966852,9.637654487932533,13.442208827666473,13.891131716431563,13.668513425567635,-13.46587704023859,4.667387108274058,-21.626128733455687,12.827638801491155,38.633734330460044,57.37258625317364,30.200958693437713,65.80536189019597,0.2322320737396432,0.3419238652775772,-0.30618911925272785,0.23255762425378634,-0.10969179153793399,-0.5387467435065142,0.5741559390172204,-0.0736314949989415,A0-DYNAMIC-OPPONENT-ADJUSTED-JOINT-SCORE-V1,2023,2022,2022-REG-END,100.0,4,phase3-feature-provenance-v1,5f148219527b07d85261d3f196ace97a5eb5646271d43596032a692389abc579,2c5cc1af74fc5f3955e44361b82b791710e4b63bbc69b0c15570617e2d86e543,NONE,A0_training_only_home_away_cov_v1,93.9438752361566,92.88438402876609,3.0676405491641043
2023_07_WAS_NYG,2023,7,2023-10-22,NYG,WAS,14.0,7.0,19.232004732994874,18.575210531818197,0.0,7.0,21.0,0.6567942011766768,37.80721526481307,0.5194848004517106,9.692464868966852,9.637654487932533,13.442208827666473,13.891131716431563,13.668513425567635,-8.409837873079647,9.723426275433,-16.570089566296744,17.883677968650098,28.437789303456274,47.17664122616986,20.00501366643394,55.609416863192195,0.1370448014282821,-0.07075177403044852,-0.022275702842112763,0.12415474904778158,0.20779657545873062,-0.14643045188989434,0.06629302739783358,0.10187904620566882,A0-DYNAMIC-OPPONENT-ADJUSTED-JOINT-SCORE-V1,2023,2022,2022-REG-END,100.0,4,phase3-feature-provenance-v1,5f148219527b07d85261d3f196ace97a5eb5646271d43596032a692389abc579,2c5cc1af74fc5f3955e44361b82b791710e4b63bbc69b0c15570617e2d86e543,NONE,A0_training_only_home_away_cov_v1,93.9438752361566,92.88438402876609,3.0676405491641043
2023_08_ATL_TEN,2023,8,2023-10-29,TEN,ATL,28.0,23.0,20.580321516038012,19.282527901735346,7.0,5.0,51.0,1.297793614302666,39.86284941777336,0.538456591743089,9.692464868966852,9.637654487932533,13.442208827666473,13.891131716431563,13.668513425567635,-7.768838459953658,10.36442568855899,-15.929090153170755,18.524677381776087,30.49342345641657,49.23227537913016,22.060647819394234,57.66505101615249,-0.2868852982026033,-0.05737413207427318,-0.06184931537789215,0.006704794530812161,-0.2295111661283301,-0.06855410990870431,-0.34425943027687644,-0.05514452084707999,A0-DYNAMIC-OPPONENT-ADJUSTED-JOINT-SCORE-V1,2023,2022,2022-REG-END,100.0,4,phase3-feature-provenance-v1,5f148219527b07d85261d3f196ace97a5eb5646271d43596032a692389abc579,2c5cc1af74fc5f3955e44361b82b791710e4b63bbc69b0c15570617e2d86e543,NONE,A0_training_only_home_away_cov_v1,93.9438752361566,92.88438402876609,3.0676405491641043
2023_08_BAL_ARI,2023,8,2023-10-29,ARI,BAL,24.0,31.0,18.58282059345771,22.434151430178396,0.0,-7.0,55.0,-3.8513308367206847,41.01697202363611,0.3872436656004913,9.692464868966852,9.637654487932533,13.442208827666473,13.891131716431563,13.668513425567635,-12.917962910977009,5.215301237535639,-21.078214604194105,13.375552930752736,31.647546062279314,50.3863979849929,23.21477042525698,58.819173622015235,-0.13609498092431277,-0.32405521457404746,-0.2090631268091023,0.25015497360426175,0.1879602336497347,-0.4592181004133641,-0.4601501954983602,0.041091846795159453,A0-DYNAMIC-OPPONENT-ADJUSTED-JOINT-SCORE-V1,2023,2022,2022-REG-END,100.0,4,phase3-feature-provenance-v1,5f148219527b07d85261d3f196ace97a5eb5646271d43596032a692389abc579,2c5cc1af74fc5f3955e44361b82b791710e4b63bbc69b0c15570617e2d86e543,NONE,A0_training_only_home_away_cov_v1,93.9438752361566,92.88438402876609,3.0676405491641043
2023_08_CHI_LAC,2023,8,2023-10-29,LAC,CHI,30.0,13.0,23.91458754458047,17.428902653351393,0.0,17.0,43.0,6.485684891229077,41.343490197931864,0.6852698227561679,9.692464868966852,9.637654487932533,13.442208827666473,13.891131716431563,13.668513425567635,-2.580947183027247,15.552316965485401,-10.741198876244344,23.712568658702498,31.97406423657507,50.71291615928865,23.541288599552736,59.14569179631099,0.09588051418087094,-0.1452043886560311,0.05380158007528008,-0.4546051978585218,0.24108490283690204,0.508406777933802,-0.049323874475160165,-0.40080361778324175,A0-DYNAMIC-OPPONENT-ADJUSTED-JOINT-SCORE-V1,2023,2022,2022-REG-END,100.0,4,phase3-feature-provenance-v1,5f148219527b07d85261d3f196ace97a5eb5646271d43596032a692389abc579,2c5cc1af74fc5f3955e44361b82b791710e4b63bbc69b0c15570617e2d86e543,NONE,A0_training_only_home_away_cov_v1,93.9438752361566,92.88438402876609,3.0676405491641043
2023_08_CIN_SF,2023,8,2023-10-29,SF,CIN,17.0,31.0,26.906233655978813,20.63727746694923,-8.0,-14.0,48.0,6.268956189029584,47.54351112292804,0.6795223502528653,9.692464868966852,9.637654487932533,13.442208827666473,13.891131716431563,13.668513425567635,-2.79767588522674,15.335588263285908,-10.957927578443837,23.495839956503005,38.17408516157124,56.912937084284835,29.74130952454891,65.34571272130717,0.3419238652775772,0.18688868200372877,0.23255762425378634,0.1300318443399049,0.1550351832738484,0.10252577991388145,0.5288125472813059,0.36258946859369123,A0-DYNAMIC-OPPONENT-ADJUSTED-JOINT-SCORE-V1,2023,2022,2022-REG-END,100.0,4,phase3-feature-provenance-v1,5f148219527b07d85261d3f196ace97a5eb5646271d43596032a692389abc579,2c5cc1af74fc5f3955e44361b82b791710e4b63bbc69b0c15570617e2d86e543,NONE,A0_training_only_home_away_cov_v1,93.9438752361566,92.88438402876609,3.0676405491641043
2023_08_CLE_SEA,2023,8,2023-10-29,SEA,CLE,24.0,20.0,22.351808733378302,17.53592442699884,0.0,4.0,44.0,4.815884306379463,39.88773316037714,0.6399278122101312,9.692464868966852,9.637654487932533,13.442208827666473,13.891131716431563,13.668513425567635,-4.250747767876861,13.882516380635787,-12.410999461093958,22.042768073852884,30.518307199020345,49.257159121733935,22.08553156199801,57.689934758756266,-0.0732611909215084,-0.15558690395478042,0.02832270831121208,0.17431906458262486,0.08232571303327202,-0.14599635627141277,-0.22884809487628882,0.20264177289383695,A0-DYNAMIC-OPPONENT-ADJUSTED-JOINT-SCORE-V1,2023,2022,2022-REG-END,100.0,4,phase3-feature-provenance-v1,5f148219527b07d85261d3f196ace97a5eb5646271d43596032a692389abc579,2c5cc1af74fc5f3955e44361b82b791710e4b63bbc69b0c15570617e2d86e543,NONE,A0_training_only_home_away_cov_v1,93.9438752361566,92.88438402876609,3.0676405491641043
2023_08_HOU_CAR,2023,8,2023-10-29,CAR,HOU,15.0,13.0,20.88040796203522,19.27851608399024,0.0,2.0,28.0,1.601891878044981,40.15892404602546,0.5474291872572274,9.692464868966852,9.637654487932533,13.442208827666473,13.891131716431563,13.668513425567635,-7.464740196211343,10.668523952301305,-15.62499188942844,18.8287756455184,30.78949808466867,49.52835000738226,22.356722447646334,57.96112564440459,0.11624680194065612,0.0016843291387035847,0.0711115579295539,-0.2304827126171681,0.11456247280195253,0.301594270546722,0.11793113107935971,-0.1593711546876142,A0-DYNAMIC-OPPONENT-ADJUSTED-JOINT-SCORE-V1,2023,2022,2022-REG-END,100.0,4,phase3-feature-provenance-v1,5f148219527b07d85261d3f196ace97a5eb5646271d43596032a692389abc579,2c5cc1af74fc5f3955e44361b82b791710e4b63bbc69b0c15570617e2d86e543,NONE,A0_training_only_home_away_cov_v1,93.9438752361566,92.88438402876609,3.0676405491641043
2023_08_JAX_PIT,2023,8,2023-10-29,PIT,JAX,10.0,20.0,20.808645174488838,20.830543809544743,-3.0,-10.0,30.0,-0.021898635055904947,41.63918898403358,0.49935008541716586,9.692464868966852,9.637654487932533,13.442208827666473,13.891131716431563,13.668513425567635,-9.088530709312229,9.044733439200419,-17.248782402529326,17.204985132417516,32.269763022676784,51.00861494539038,23.836987385654453,59.44139058241271,-0.054004644284425696,0.17873322044233195,0.25022357055619293,0.1534031634215783,-0.23273786472675764,0.09682040713461462,0.12472857615790625,0.40362673397777127,A0-DYNAMIC-OPPONENT-ADJUSTED-JOINT-SCORE-V1,2023,2022,2022-REG-END,100.0,4,phase3-feature-provenance-v1,5f148219527b07d85261d3f196ace97a5eb5646271d43596032a692389abc579,2c5cc1af74fc5f3955e44361b82b791710e4b63bbc69b0c15570617e2d86e543,NONE,A0_training_only_home_away_cov_v1,93.9438752361566,92.88438402876609,3.0676405491641043
2023_08_KC_DEN,2023,8,2023-10-29,DEN,KC,24.0,9.0,19.81226158259991,25.612996675069446,0.0,15.0,33.0,-5.800735092469537,45.425258257669356,0.3330410159137931,9.692464868966852,9.637654487932533,13.442208827666473,13.891131716431563,13.668513425567635,-14.867367166725861,3.2658969817867867,-23.027618859942958,11.426148675003883,36.05583229631256,54.79468421902615,27.623056659290228,63.22745985604848,0.026109579313023306,0.08347998558285964,-0.1077995155601703,0.12359465459269325,-0.05737040626983633,-0.23139417015286357,0.10958956489588295,0.015795139032522956,A0-DYNAMIC-OPPONENT-ADJUSTED-JOINT-SCORE-V1,2023,2022,2022-REG-END,100.0,4,phase3-feature-provenance-v1,5f148219527b07d85261d3f196ace97a5eb5646271d43596032a692389abc579,2c5cc1af74fc5f3955e44361b82b791710e4b63bbc69b0c15570617e2d86e543,NONE,A0_training_only_home_away_cov_v1,93.9438752361566,92.88438402876609,3.0676405491641043
2023_08_LA_DAL,2023,8,2023-10-29,DAL,LA,43.0,20.0,23.88101859640246,19.572621520786083,6.0,23.0,63.0,4.3083970756163765,43.45364011718854,0.6257101034715344,9.692464868966852,9.637654487932533,13.442208827666473,13.891131716431563,13.668513425567635,-4.7582349986399475,13.3750291498727,-12.918486691857044,21.535280843089797,34.084214155831745,52.82306607854534,25.651438518809414,61.25584171556767,0.27003360090875156,-0.06467384694455773,-0.15606479172887217,0.007700219743607943,0.3347074478533093,-0.1637650114724801,0.20535975396419381,-0.14836457198526423,A0-DYNAMIC-OPPONENT-ADJUSTED-JOINT-SCORE-V1,2023,2022,2022-REG-END,100.0,4,phase3-feature-provenance-v1,5f148219527b07d85261d3f196ace97a5eb5646271d43596032a692389abc579,2c5cc1af74fc5f3955e44361b82b791710e4b63bbc69b0c15570617e2d86e543,NONE,A0_training_only_home_away_cov_v1,93.9438752361566,92.88438402876609,3.0676405491641043
2023_08_LV_DET,2023,8,2023-10-30,DET,LV,26.0,14.0,25.25818287086377,20.267652284161677,0.0,12.0,40.0,4.990530586702093,45.52583515502545,0.6447773951155298,9.692464868966852,9.637654487932533,13.442208827666473,13.891131716431563,13.668513425567635,-4.076101487554231,14.057162660958417,-12.236353180771328,22.217414354175514,36.15640919366865,54.895261116382244,27.72363355664632,63.328036753404575,0.25074325513128526,0.007821564176369521,-0.024143824796604176,-0.15525654473167963,0.24292169095491573,0.13111271993507545,0.2585648193076548,-0.1794003695282838,A0-DYNAMIC-OPPONENT-ADJUSTED-JOINT-SCORE-V1,2023,2022,2022-REG-END,100.0,4,phase3-feature-provenance-v1,5f148219527b07d85261d3f196ace97a5eb5646271d43596032a692389abc579,2c5cc1af74fc5f3955e44361b82b791710e4b63bbc69b0c15570617e2d86e543,NONE,A0_training_only_home_away_cov_v1,93.9438752361566,92.88438402876609,3.0676405491641043
2023_08_MIN_GB,2023,8,2023-10-29,GB,MIN,10.0,24.0,24.140209826645705,21.33413960625002,1.0,-14.0,34.0,2.8060702203956858,45.47434943289572,0.5826785622869188,9.692464868966852,9.637654487932533,13.442208827666473,13.891131716431563,13.668513425567635,-6.260561853860638,11.87270229465201,-14.420813547077735,20.032953987869107,36.104923471538925,54.84377539425252,27.672147834516593,63.27655103127485,0.03767092297079481,0.2322320737396432,0.06356880691560689,-0.30618911925272785,-0.1945611507688484,0.36975792616833475,0.269902996710438,-0.24262031233712095,A0-DYNAMIC-OPPONENT-ADJUSTED-JOINT-SCORE-V1,2023,2022,2022-REG-END,100.0,4,phase3-feature-provenance-v1,5f148219527b07d85261d3f196ace97a5eb5646271d43596032a692389abc579,2c5cc1af74fc5f3955e44361b82b791710e4b63bbc69b0c15570617e2d86e543,NONE,A0_training_only_home_away_cov_v1,93.9438752361566,92.88438402876609,3.0676405491641043
2023_08_NE_MIA,2023,8,2023-10-29,MIA,NE,31.0,17.0,24.544231827227563,17.56898848021252,0.0,14.0,48.0,6.9752433470150415,42.11322030744009,0.6980868670848482,9.692464868966852,9.637654487932533,13.442208827666473,13.891131716431563,13.668513425567635,-2.0913887272412826,16.041875421271364,-10.25164042045838,24.202127114488462,32.74379434608329,51.482646268796884,24.31101870906096,59.915421905819215,-0.03691662102764412,0.032002137956619485,-0.04319803175371407,-0.012970028937614439,-0.06891875898426361,-0.03022800281609963,-0.004914483071024635,-0.05616806069132851,A0-DYNAMIC-OPPONENT-ADJUSTED-JOINT-SCORE-V1,2023,2022,2022-REG-END,100.0,4,phase3-feature-provenance-v1,5f148219527b07d85261d3f196ace97a5eb5646271d43596032a692389abc579,2c5cc1af74fc5f3955e44361b82b791710e4b63bbc69b0c15570617e2d86e543,NONE,A0_training_only_home_away_cov_v1,93.9438752361566,92.88438402876609,3.0676405491641043
2023_08_NO_IND,2023,8,2023-10-29,IND,NO,27.0,38.0,18.77338798710139,19.342412366139904,-3.0,-11.0,65.0,-0.5690243790385132,38.1158003532413,0.48311735016501106,9.692464868966852,9.637654487932533,13.442208827666473,13.891131716431563,13.668513425567635,-9.635656453294837,8.49760769521781,-17.795908146511934,16.657859388434908,28.746374391884505,47.485226314598094,20.31359875486217,55.918001951620425,-0.06391896406711367,-0.25534300572633034,-0.45567361639752485,0.2970102175720367,0.19142404165921667,-0.7526838339695616,-0.319261969793444,-0.15866339882548813,A0-DYNAMIC-OPPONENT-ADJUSTED-JOINT-SCORE-V1,2023,2022,2022-REG-END,100.0,4,phase3-feature-provenance-v1,5f148219527b07d85261d3f196ace97a5eb5646271d43596032a692389abc579,2c5cc1af74fc5f3955e44361b82b791710e4b63bbc69b0c15570617e2d86e543,NONE,A0_training_only_home_away_cov_v1,93.9438752361566,92.88438402876609,3.0676405491641043
2023_08_NYJ_NYG,2023,8,2023-10-29,NYG,NYJ,10.0,13.0,19.346456651860937,17.101944578692283,-7.0,-3.0,23.0,2.2445120731686536,36.448401230553216,0.5663051182425712,9.692464868966852,9.637654487932533,13.442208827666473,13.891131716431563,13.668513425567635,-6.82212000108767,11.311144147424978,-14.982371694304767,19.471395840642074,27.078975269196423,45.81782719191001,18.64619963217409,54.250602828932344,0.1370448014282821,-0.3359577457612426,-0.022275702842112763,0.3242230084618013,0.4730025471895247,-0.3464987113039141,-0.1989129443329605,0.3019473056196885,A0-DYNAMIC-OPPONENT-ADJUSTED-JOINT-SCORE-V1,2023,2022,2022-REG-END,100.0,4,phase3-feature-provenance-v1,5f148219527b07d85261d3f196ace97a5eb5646271d43596032a692389abc579,2c5cc1af74fc5f3955e44361b82b791710e4b63bbc69b0c15570617e2d86e543,NONE,A0_training_only_home_away_cov_v1,93.9438752361566,92.88438402876609,3.0676405491641043
2023_08_PHI_WAS,2023,8,2023-10-29,WAS,PHI,31.0,38.0,19.484562128408587,21.727910221357515,0.0,-7.0,69.0,-2.243348092948928,41.2124723497661,0.4337289487632513,9.692464868966852,9.637654487932533,13.442208827666473,13.891131716431563,13.668513425567635,-11.309980167205252,6.823283981307396,-19.47023186042235,14.983535674524493,31.84304638840931,50.5818983111229,23.410270751386975,59.01467394814523,-0.07075177403044852,0.19789619909341943,0.12415474904778158,-0.03478194540926798,-0.26864797312386796,0.15893669445704955,0.1271444250629709,0.0893728036385136,A0-DYNAMIC-OPPONENT-ADJUSTED-JOINT-SCORE-V1,2023,2022,2022-REG-END,100.0,4,phase3-feature-provenance-v1,5f148219527b07d85261d3f196ace97a5eb5646271d43596032a692389abc579,2c5cc1af74fc5f3955e44361b82b791710e4b63bbc69b0c15570617e2d86e543,NONE,A0_training_only_home_away_cov_v1,93.9438752361566,92.88438402876609,3.0676405491641043
2023_08_TB_BUF,2023,8,2023-10-26,BUF,TB,24.0,18.0,26.945992362372397,20.34682680330443,0.0,6.0,42.0,6.599165559067966,47.29281916567683,0.6882615469714841,9.692464868966852,9.637654487932533,13.442208827666473,13.891131716431563,13.668513425567635,-2.4674665151883577,15.66579763332429,-10.627718208405454,23.826049326541387,37.923393204320035,56.66224512703363,29.490617567297704,65.09502076405596,0.24428604417347138,-0.2040678597447881,0.08476651380437006,-0.13388464556797583,0.44835390391825947,0.2186511593723459,0.040218184428683273,-0.04911813176360577,A0-DYNAMIC-OPPONENT-ADJUSTED-JOINT-SCORE-V1,2023,2022,2022-REG-END,100.0,4,phase3-feature-provenance-v1,5f148219527b07d85261d3f196ace97a5eb5646271d43596032a692389abc579,2c5cc1af74fc5f3955e44361b82b791710e4b63bbc69b0c15570617e2d86e543,NONE,A0_training_only_home_away_cov_v1,93.9438752361566,92.88438402876609,3.0676405491641043
2023_09_ARI_CLE,2023,9,2023-11-05,CLE,ARI,27.0,0.0,20.890575031535615,16.50960362970625,0.0,27.0,27.0,4.380971401829367,37.40017866124187,0.627754369700046,9.692464868966852,9.637654487932533,13.442208827666473,13.891131716431563,13.668513425567635,-4.685660672426957,13.44760347608569,-12.845912365644054,21.607855169302788,28.030752699885074,46.76960462259866,19.59797706286274,55.202380259620995,-0.15558690395478042,-0.13609498092431277,0.17431906458262486,-0.2090631268091023,-0.01949192303046765,0.38338219139172713,-0.2916818848790932,-0.03474406222647744,A0-DYNAMIC-OPPONENT-ADJUSTED-JOINT-SCORE-V1,2023,2022,2022-REG-END,100.0,4,phase3-feature-provenance-v1,5f148219527b07d85261d3f196ace97a5eb5646271d43596032a692389abc579,2c5cc1af74fc5f3955e44361b82b791710e4b63bbc69b0c15570617e2d86e543,NONE,A0_training_only_home_away_cov_v1,93.9438752361566,92.88438402876609,3.0676405491641043
2023_09_BUF_CIN,2023,9,2023-11-05,CIN,BUF,24.0,18.0,23.573334842295004,25.05649898970942,-3.0,6.0,42.0,-1.483164147414417,48.62983383200442,0.4560713183168851,9.692464868966852,9.637654487932533,13.442208827666473,13.891131716431563,13.668513425567635,-10.549796221670741,7.583467926841907,-18.710047914887838,15.743719620059004,39.260407870647626,57.99925979336122,30.827632233625295,66.43203543038355,0.18688868200372877,0.24428604417347138,0.1300318443399049,0.08476651380437006,-0.057397362169742616,0.04526533053553483,0.43117472617720015,0.21479835814427495,A0-DYNAMIC-OPPONENT-ADJUSTED-JOINT-SCORE-V1,2023,2022,2022-REG-END,100.0,4,phase3-feature-provenance-v1,5f148219527b07d85261d3f196ace97a5eb5646271d43596032a692389abc579,2c5cc1af74fc5f3955e44361b82b791710e4b63bbc69b0c15570617e2d86e543,NONE,A0_training_only_home_away_cov_v1,93.9438752361566,92.88438402876609,3.0676405491641043
2023_09_CHI_NO,2023,9,2023-11-05,NO,CHI,24.0,17.0,21.836163004777454,15.926503644168324,0.0,7.0,41.0,5.90965936060913,37.76266664894578,0.669899091667223,9.692464868966852,9.637654487932533,13.442208827666473,13.891131716431563,13.668513425567635,-3.1569727136471943,14.976291434865454,-11.317224406864291,23.13654312808255,28.39324068758899,47.13209261030258,19.960465050566654,55.56486824732491,-0.25534300572633034,-0.1452043886560311,0.2970102175720367,-0.4546051978585218,-0.11013861707029923,0.7516154154305585,-0.4005473943823614,-0.1575949802864851,A0-DYNAMIC-OPPONENT-ADJUSTED-JOINT-SCORE-V1,2023,2022,2022-REG-END,100.0,4,phase3-feature-provenance-v1,5f148219527b07d85261d3f196ace97a5eb5646271d43596032a692389abc579,2c5cc1af74fc5f3955e44361b82b791710e4b63bbc69b0c15570617e2d86e543,NONE,A0_training_only_home_away_cov_v1,93.9438752361566,92.88438402876609,3.0676405491641043
2023_09_DAL_PHI,2023,9,2023-11-05,PHI,DAL,28.0,23.0,24.42198563430218,22.268699388164165,0.0,5.0,51.0,2.1532862461380162,46.69068502246635,0.5636336759938538,9.692464868966852,9.637654487932533,13.442208827666473,13.891131716431563,13.668513425567635,-6.913345828118308,11.21991832039434,-15.073597521335405,19.380170013611437,37.32125906110956,56.06011098382314,28.88848342408722,64.49288662084547,0.19789619909341943,0.27003360090875156,-0.03478194540926798,-0.15606479172887217,-0.07213740181533213,0.12128284631960418,0.467929800002171,-0.19084673713814015,A0-DYNAMIC-OPPONENT-ADJUSTED-JOINT-SCORE-V1,2023,2022,2022-REG-END,100.0,4,phase3-feature-provenance-v1,5f148219527b07d85261d3f196ace97a5eb5646271d43596032a692389abc579,2c5cc1af74fc5f3955e44361b82b791710e4b63bbc69b0c15570617e2d86e543,NONE,A0_training_only_home_away_cov_v1,93.9438752361566,92.88438402876609,3.0676405491641043
2023_09_IND_CAR,2023,9,2023-11-05,CAR,IND,13.0,27.0,20.93967040914751,18.66291518710683,0.0,-14.0,40.0,2.2767552220406806,39.60258559625434,0.5672486038725131,9.692464868966852,9.637654487932533,13.442208827666473,13.891131716431563,13.668513425567635,-6.789876852215643,11.343387296297005,-14.95012854543274,19.5036389895141,30.23315963489755,48.97201155761114,21.800383997875215,57.40478719463347,0.11624680194065612,-0.06391896406711367,0.0711115579295539,-0.45567361639752485,0.1801657660077698,0.5267851743270787,0.05232783787354245,-0.384562058467971,A0-DYNAMIC-OPPONENT-ADJUSTED-JOINT-SCORE-V1,2023,2022,2022-REG-END,100.0,4,phase3-feature-provenance-v1,5f148219527b07d85261d3f196ace97a5eb5646271d43596032a692389abc579,2c5cc1af74fc5f3955e44361b82b791710e4b63bbc69b0c15570617e2d86e543,NONE,A0_training_only_home_away_cov_v1,93.9438752361566,92.88438402876609,3.0676405491641043
2023_09_LAC_NYJ,2023,9,2023-11-06,NYJ,LAC,6.0,27.0,17.773126263065627,20.91604358317385,0.0,-21.0,33.0,-3.1429173201082214,38.68916984623948,0.40756640250546106,9.692464868966852,9.637654487932533,13.442208827666473,13.891131716431563,13.668513425567635,-12.209549394364545,5.923714754148103,-20.369801087581642,14.0839664473652,29.319743884882687,48.05859580759628,20.886968247860352,56.49137144461861,-0.3359577457612426,0.09588051418087094,0.3242230084618013,0.05380158007528008,-0.43183825994211356,0.2704214283865212,-0.24007723158037164,0.3780245885370814,A0-DYNAMIC-OPPONENT-ADJUSTED-JOINT-SCORE-V1,2023,2022,2022-REG-END,100.0,4,phase3-feature-provenance-v1,5f148219527b07d85261d3f196ace97a5eb5646271d43596032a692389abc579,2c5cc1af74fc5f3955e44361b82b791710e4b63bbc69b0c15570617e2d86e543,NONE,A0_training_only_home_away_cov_v1,93.9438752361566,92.88438402876609,3.0676405491641043
2023_09_LA_GB,2023,9,2023-11-05,GB,LA,20.0,3.0,23.023422313019626,20.00914509480195,0.0,17.0,23.0,3.014277218217675,43.032567407821574,0.588714613047827,9.692464868966852,9.637654487932533,13.442208827666473,13.891131716431563,13.668513425567635,-6.052354856038649,12.080909292473999,-14.212606549255746,20.241160985691096,33.66314144646478,52.40199336917837,25.230365809442446,60.8347690062007,0.03767092297079481,-0.06467384694455773,0.06356880691560689,0.007700219743607943,0.10234476991535255,0.05586858717199895,-0.027002923973762923,0.07126902665921483,A0-DYNAMIC-OPPONENT-ADJUSTED-JOINT-SCORE-V1,2023,2022,2022-REG-END,100.0,4,phase3-feature-provenance-v1,5f148219527b07d85261d3f196ace97a5eb5646271d43596032a692389abc579,2c5cc1af74fc5f3955e44361b82b791710e4b63bbc69b0c15570617e2d86e543,NONE,A0_training_only_home_away_cov_v1,93.9438752361566,92.88438402876609,3.0676405491641043
2023_09_MIA_KC,2023,9,2023-11-05,KC,MIA,21.0,14.0,25.858532499396226,22.360396974295295,0.0,7.0,35.0,3.498135525100931,48.21892947369152,0.6026588123221122,9.692464868966852,9.637654487932533,13.442208827666473,13.891131716431563,13.668513425567635,-5.568496549155393,12.564767599357255,-13.72874824237249,20.725019292574352,38.84950351233472,57.588355435048314,30.41672787531239,66.02113107207065,0.08347998558285964,-0.03691662102764412,0.12359465459269325,-0.04319803175371407,0.12039660661050376,0.16679268634640732,0.04656336455521552,0.08039662283897919,A0-DYNAMIC-OPPONENT-ADJUSTED-JOINT-SCORE-V1,2023,2022,2022-REG-END,100.0,4,phase3-feature-provenance-v1,5f148219527b07d85261d3f196ace97a5eb5646271d43596032a692389abc579,2c5cc1af74fc5f3955e44361b82b791710e4b63bbc69b0c15570617e2d86e543,NONE,A0_training_only_home_away_cov_v1,93.9438752361566,92.88438402876609,3.0676405491641043
2023_09_MIN_ATL,2023,9,2023-11-05,ATL,MIN,28.0,31.0,21.911115526732885,20.937530343496835,0.0,-3.0,59.0,0.9735851832360503,42.84864587022972,0.5288691380473913,9.692464868966852,9.637654487932533,13.442208827666473,13.891131716431563,13.668513425567635,-8.093046891020274,10.040217257492374,-16.25329858423737,18.20046895070947,33.47921990887292,52.218071831586514,25.04644427185059,60.650847468608845,-0.05737413207427318,0.2322320737396432,0.006704794530812161,-0.30618911925272785,-0.2896062058139164,0.31289391378354003,0.17485794166537,-0.29948432472191566,A0-DYNAMIC-OPPONENT-ADJUSTED-JOINT-SCORE-V1,2023,2022,2022-REG-END,100.0,4,phase3-feature-provenance-v1,5f148219527b07d85261d3f196ace97a5eb5646271d43596032a692389abc579,2c5cc1af74fc5f3955e44361b82b791710e4b63bbc69b0c15570617e2d86e543,NONE,A0_training_only_home_away_cov_v1,93.9438752361566,92.88438402876609,3.0676405491641043
2023_09_NYG_LV,2023,9,2023-11-05,LV,NYG,30.0,6.0,21.001290315736632,17.828481415297425,-1.0,24.0,36.0,3.1728089004392075,38.82977173103406,0.5932965845454424,9.692464868966852,9.637654487932533,13.442208827666473,13.891131716431563,13.668513425567635,-5.8938231738171165,12.239440974695531,-14.054074867034213,20.39969266791263,29.460345769677264,48.199197692390854,21.02757013265493,56.631973329413185,0.007821564176369521,0.1370448014282821,-0.15525654473167963,-0.022275702842112763,-0.12922323725191256,-0.13298084188956688,0.14486636560465163,-0.17753224757379238,A0-DYNAMIC-OPPONENT-ADJUSTED-JOINT-SCORE-V1,2023,2022,2022-REG-END,100.0,4,phase3-feature-provenance-v1,5f148219527b07d85261d3f196ace97a5eb5646271d43596032a692389abc579,2c5cc1af74fc5f3955e44361b82b791710e4b63bbc69b0c15570617e2d86e543,NONE,A0_training_only_home_away_cov_v1,93.9438752361566,92.88438402876609,3.0676405491641043
2023_09_SEA_BAL,2023,9,2023-11-05,BAL,SEA,37.0,3.0,22.767838860034416,21.0698424705655,0.0,34.0,40.0,1.6979963894689156,43.83768133059992,0.5502599974938488,9.692464868966852,9.637654487932533,13.442208827666473,13.891131716431563,13.668513425567635,-7.368635684787408,10.76462846372524,-15.528887378004505,18.924880156942336,34.468255369243124,53.20710729195672,26.035479732220793,61.63988292897905,-0.32405521457404746,-0.0732611909215084,0.25015497360426175,0.02832270831121208,-0.25079402365253906,0.22183226529304967,-0.39731640549555586,0.27847768191547384,A0-DYNAMIC-OPPONENT-ADJUSTED-JOINT-SCORE-V1,2023,2022,2022-REG-END,100.0,4,phase3-feature-provenance-v1,5f148219527b07d85261d3f196ace97a5eb5646271d43596032a692389abc579,2c5cc1af74fc5f3955e44361b82b791710e4b63bbc69b0c15570617e2d86e543,NONE,A0_training_only_home_away_cov_v1,93.9438752361566,92.88438402876609,3.0676405491641043
2023_09_TB_HOU,2023,9,2023-11-05,HOU,TB,39.0,37.0,20.659746307421706,20.711601402660772,-3.0,2.0,76.0,-0.05185509523906617,41.371347710082475,0.49846103130061153,9.692464868966852,9.637654487932533,13.442208827666473,13.891131716431563,13.668513425567635,-9.11848716949539,9.014776979017258,-17.278738862712487,17.175028672234355,32.00192174872568,50.74077367143927,23.569146111703347,59.1735493084616,0.0016843291387035847,-0.2040678597447881,-0.2304827126171681,-0.13388464556797583,0.2057521888834917,-0.09659806704919227,-0.20238353060608452,-0.36436735818514393,A0-DYNAMIC-OPPONENT-ADJUSTED-JOINT-SCORE-V1,2023,2022,2022-REG-END,100.0,4,phase3-feature-provenance-v1,5f148219527b07d85261d3f196ace97a5eb5646271d43596032a692389abc579,2c5cc1af74fc5f3955e44361b82b791710e4b63bbc69b0c15570617e2d86e543,NONE,A0_training_only_home_away_cov_v1,93.9438752361566,92.88438402876609,3.0676405491641043
2023_09_TEN_PIT,2023,9,2023-11-02,PIT,TEN,20.0,16.0,20.740663164483387,18.944661235392353,0.0,4.0,36.0,1.7960019290910338,39.68532439987574,0.553144170895363,9.692464868966852,9.637654487932533,13.442208827666473,13.891131716431563,13.668513425567635,-7.27063014516529,10.862634003347358,-15.430881838382387,19.022885696564455,30.315898438518946,49.054750361232536,21.88312280149661,57.48752599825487,-0.054004644284425696,-0.2868852982026033,0.25022357055619293,-0.06184931537789215,0.23288065391817758,0.3120728859340851,-0.340889942487029,0.18837425517830078,A0-DYNAMIC-OPPONENT-ADJUSTED-JOINT-SCORE-V1,2023,2022,2022-REG-END,100.0,4,phase3-feature-provenance-v1,5f148219527b07d85261d3f196ace97a5eb5646271d43596032a692389abc579,2c5cc1af74fc5f3955e44361b82b791710e4b63bbc69b0c15570617e2d86e543,NONE,A0_training_only_home_away_cov_v1,93.9438752361566,92.88438402876609,3.0676405491641043
2023_09_WAS_NE,2023,9,2023-11-05,NE,WAS,17.0,20.0,18.421976381959837,18.045927131817894,0.0,-3.0,37.0,0.3760492501419428,36.46790351377773,0.5111590573675027,9.692464868966852,9.637654487932533,13.442208827666473,13.891131716431563,13.668513425567635,-8.690582824114381,9.442681324398267,-16.850834517331478,17.602933017615364,27.098477552420935,45.837329475134524,18.6657019153986,54.270105112156855,0.032002137956619485,-0.07075177403044852,-0.012970028937614439,0.12415474904778158,0.10275391198706801,-0.13712477798539602,-0.03874963607382904,0.11118472011016714,A0-DYNAMIC-OPPONENT-ADJUSTED-JOINT-SCORE-V1,2023,2022,2022-REG-END,100.0,4,phase3-feature-provenance-v1,5f148219527b07d85261d3f196ace97a5eb5646271d43596032a692389abc579,2c5cc1af74fc5f3955e44361b82b791710e4b63bbc69b0c15570617e2d86e543,NONE,A0_training_only_home_away_cov_v1,93.9438752361566,92.88438402876609,3.0676405491641043
2023_10_ATL_ARI,2023,10,2023-11-12,ARI,ATL,25.0,23.0,17.036555180505236,20.072565028384812,0.0,2.0,48.0,-3.0360098478795763,37.10912020889005,0.4106565270804353,9.692464868966852,9.637654487932533,13.442208827666473,13.891131716431563,13.668513425567635,-12.1026419221359,6.030622226376748,-20.262893615352997,14.190873919593844,27.739694247533254,46.478546170246844,19.30691861051092,54.911321807269175,-0.13609498092431277,-0.05737413207427318,-0.2090631268091023,0.006704794530812161,-0.07872084885003959,-0.21576792133991446,-0.19346911299858593,-0.20235833227829014,A0-DYNAMIC-OPPONENT-ADJUSTED-JOINT-SCORE-V1,2023,2022,2022-REG-END,100.0,4,phase3-feature-provenance-v1,5f148219527b07d85261d3f196ace97a5eb5646271d43596032a692389abc579,2c5cc1af74fc5f3955e44361b82b791710e4b63bbc69b0c15570617e2d86e543,NONE,A0_training_only_home_away_cov_v1,93.9438752361566,92.88438402876609,3.0676405491641043
2023_10_CAR_CHI,2023,10,2023-11-09,CHI,CAR,16.0,13.0,18.97552179686104,18.574624768598383,0.0,3.0,29.0,0.4008970282626585,37.55014656545943,0.5118961898837215,9.692464868966852,9.637654487932533,13.442208827666473,13.891131716431563,13.668513425567635,-8.665735045993666,9.467529102518982,-16.825986739210762,17.62778079573608,28.180720604102635,46.919572526816225,19.7479449670803,55.352348163838556,-0.1452043886560311,0.11624680194065612,-0.4546051978585218,0.0711115579295539,-0.2614511905966872,-0.5257167557880758,-0.02895758671537499,-0.3834936399289679,A0-DYNAMIC-OPPONENT-ADJUSTED-JOINT-SCORE-V1,2023,2022,2022-REG-END,100.0,4,phase3-feature-provenance-v1,5f148219527b07d85261d3f196ace97a5eb5646271d43596032a692389abc579,2c5cc1af74fc5f3955e44361b82b791710e4b63bbc69b0c15570617e2d86e543,NONE,A0_training_only_home_away_cov_v1,93.9438752361566,92.88438402876609,3.0676405491641043
2023_10_CLE_BAL,2023,10,2023-11-12,BAL,CLE,31.0,33.0,22.346675182000833,17.356665156409345,0.0,-2.0,64.0,4.990010025591488,39.70334033841018,0.6447629744837992,9.692464868966852,9.637654487932533,13.442208827666473,13.891131716431563,13.668513425567635,-4.076622048664836,14.056642099847812,-12.236873741881933,22.21689379306491,30.333914377053386,49.07276629976697,21.90113874003105,57.50554193678931,-0.32405521457404746,-0.15558690395478042,0.25015497360426175,0.17431906458262486,-0.16846831061926704,0.0758359090216369,-0.4796421185288279,0.4244740381868866,A0-DYNAMIC-OPPONENT-ADJUSTED-JOINT-SCORE-V1,2023,2022,2022-REG-END,100.0,4,phase3-feature-provenance-v1,5f148219527b07d85261d3f196ace97a5eb5646271d43596032a692389abc579,2c5cc1af74fc5f3955e44361b82b791710e4b63bbc69b0c15570617e2d86e543,NONE,A0_training_only_home_away_cov_v1,93.9438752361566,92.88438402876609,3.0676405491641043
2023_10_DEN_BUF,2023,10,2023-11-13,BUF,DEN,22.0,24.0,26.80154445953371,19.108493048677012,-7.0,-2.0,46.0,7.693051410856697,45.91003750821072,0.7164425222943512,9.692464868966852,9.637654487932533,13.442208827666473,13.891131716431563,13.668513425567635,-1.3735806633996273,16.759683485113023,-9.533832356616724,24.919935178330118,36.540611546853924,55.27946346956752,28.107835909831593,63.71223910658985,0.24428604417347138,0.026109579313023306,0.08476651380437006,-0.1077995155601703,0.2181764648604481,0.19256602936454037,0.2703956234864947,-0.02303300175580024,A0-DYNAMIC-OPPONENT-ADJUSTED-JOINT-SCORE-V1,2023,2022,2022-REG-END,100.0,4,phase3-feature-provenance-v1,5f148219527b07d85261d3f196ace97a5eb5646271d43596032a692389abc579,2c5cc1af74fc5f3955e44361b82b791710e4b63bbc69b0c15570617e2d86e543,NONE,A0_training_only_home_away_cov_v1,93.9438752361566,92.88438402876609,3.0676405491641043
2023_10_DET_LAC,2023,10,2023-11-12,LAC,DET,38.0,41.0,23.346739687207783,22.57021601318163,-7.0,-3.0,79.0,0.776523674026155,45.91695570038941,0.5230331128556115,9.692464868966852,9.637654487932533,13.442208827666473,13.891131716431563,13.668513425567635,-8.290108400230169,9.843155748282479,-16.450360093447266,18.003407441499576,36.54752973903261,55.286381661746205,28.11475410201028,63.719157298768536,0.09588051418087094,0.25074325513128526,0.05380158007528008,-0.024143824796604176,-0.1548627409504143,0.07794540487188426,0.3466237693121562,0.029657755278675906,A0-DYNAMIC-OPPONENT-ADJUSTED-JOINT-SCORE-V1,2023,2022,2022-REG-END,100.0,4,phase3-feature-provenance-v1,5f148219527b07d85261d3f196ace97a5eb5646271d43596032a692389abc579,2c5cc1af74fc5f3955e44361b82b791710e4b63bbc69b0c15570617e2d86e543,NONE,A0_training_only_home_away_cov_v1,93.9438752361566,92.88438402876609,3.0676405491641043
2023_10_GB_PIT,2023,10,2023-11-12,PIT,GB,23.0,19.0,21.41316969348613,20.71638491390776,3.0,4.0,42.0,0.696784779578369,42.129554607393885,0.5206701501695419,9.692464868966852,9.637654487932533,13.442208827666473,13.891131716431563,13.668513425567635,-8.369847294677955,9.763416853834693,-16.53009898789505,17.92366854705179,32.76012864603709,51.49898056875068,24.327353009014757,59.93175620577301,-0.054004644284425696,0.03767092297079481,0.25022357055619293,0.06356880691560689,-0.0916755672552205,0.18665476364058603,-0.016333721313630888,0.31379237747179983,A0-DYNAMIC-OPPONENT-ADJUSTED-JOINT-SCORE-V1,2023,2022,2022-REG-END,100.0,4,phase3-feature-provenance-v1,5f148219527b07d85261d3f196ace97a5eb5646271d43596032a692389abc579,2c5cc1af74fc5f3955e44361b82b791710e4b63bbc69b0c15570617e2d86e543,NONE,A0_training_only_home_away_cov_v1,93.9438752361566,92.88438402876609,3.0676405491641043
2023_10_HOU_CIN,2023,10,2023-11-12,CIN,HOU,27.0,30.0,24.25932731226404,19.55105655623025,0.0,-3.0,57.0,4.708270756033791,43.81038386849429,0.6369282843678586,9.692464868966852,9.637654487932533,13.442208827666473,13.891131716431563,13.668513425567635,-4.358361318222533,13.774902830290115,-12.51861301143963,21.93515452350721,34.4409579071375,53.17980982985108,26.008182270115164,61.61258546687342,0.18688868200372877,0.0016843291387035847,0.1300318443399049,-0.2304827126171681,0.18520435286502518,0.360514556957073,0.18857301114243236,-0.10045086827726321,A0-DYNAMIC-OPPONENT-ADJUSTED-JOINT-SCORE-V1,2023,2022,2022-REG-END,100.0,4,phase3-feature-provenance-v1,5f148219527b07d85261d3f196ace97a5eb5646271d43596032a692389abc579,2c5cc1af74fc5f3955e44361b82b791710e4b63bbc69b0c15570617e2d86e543,NONE,A0_training_only_home_away_cov_v1,93.9438752361566,92.88438402876609,3.0676405491641043
2023_10_IND_NE,2023,10,2023-11-12,NE,IND,6.0,10.0,19.757800276861033,18.20623946666685,0.0,-4.0,16.0,1.5515608101941822,37.964039743527884,0.545945686746748,9.692464868966852,9.637654487932533,13.442208827666473,13.891131716431563,13.668513425567635,-7.515071264062142,10.618192884450506,-15.675322957279239,18.778444577667603,28.59461378217109,47.333465704884674,20.161838145148756,55.76624134190701,0.032002137956619485,-0.06391896406711367,-0.012970028937614439,-0.45567361639752485,0.09592110202373316,0.4427035874599104,-0.031916826110494186,-0.4686436453351393,A0-DYNAMIC-OPPONENT-ADJUSTED-JOINT-SCORE-V1,2023,2022,2022-REG-END,100.0,4,phase3-feature-provenance-v1,5f148219527b07d85261d3f196ace97a5eb5646271d43596032a692389abc579,2c5cc1af74fc5f3955e44361b82b791710e4b63bbc69b0c15570617e2d86e543,NONE,A0_training_only_home_away_cov_v1,93.9438752361566,92.88438402876609,3.0676405491641043
2023_10_NO_MIN,2023,10,2023-11-12,MIN,NO,27.0,19.0,21.828370077733577,20.103854000513163,0.0,8.0,46.0,1.7245160772204144,41.93222407824674,0.551040705389332,9.692464868966852,9.637654487932533,13.442208827666473,13.891131716431563,13.668513425567635,-7.34211599703591,10.791148151476738,-15.502367690253006,18.951399844693835,32.56279811688995,51.30165003960353,24.130022479867613,59.73442567662587,0.2322320737396432,-0.25534300572633034,-0.30618911925272785,0.2970102175720367,0.48757507946597356,-0.6031993368247646,-0.02311093198668715,-0.009178901680691132,A0-DYNAMIC-OPPONENT-ADJUSTED-JOINT-SCORE-V1,2023,2022,2022-REG-END,100.0,4,phase3-feature-provenance-v1,5f148219527b07d85261d3f196ace97a5eb5646271d43596032a692389abc579,2c5cc1af74fc5f3955e44361b82b791710e4b63bbc69b0c15570617e2d86e543,NONE,A0_training_only_home_away_cov_v1,93.9438752361566,92.88438402876609,3.0676405491641043
2023_10_NYG_DAL,2023,10,2023-11-12,DAL,NYG,49.0,17.0,24.751230483040544,16.346545279487746,0.0,32.0,66.0,8.404685203552798,41.097775762528286,0.7340951411548209,9.692464868966852,9.637654487932533,13.442208827666473,13.891131716431563,13.668513425567635,-0.6619468707035256,17.47131727780912,-8.822198563920622,25.63156897102622,31.728349801171493,50.46720172388508,23.29557416414916,58.899977360907414,0.27003360090875156,0.1370448014282821,-0.15606479172887217,-0.022275702842112763,0.13298879948046946,-0.1337890888867594,0.40707840233703363,-0.17834049457098494,A0-DYNAMIC-OPPONENT-ADJUSTED-JOINT-SCORE-V1,2023,2022,2022-REG-END,100.0,4,phase3-feature-provenance-v1,5f148219527b07d85261d3f196ace97a5eb5646271d43596032a692389abc579,2c5cc1af74fc5f3955e44361b82b791710e4b63bbc69b0c15570617e2d86e543,NONE,A0_training_only_home_away_cov_v1,93.9438752361566,92.88438402876609,3.0676405491641043
2023_10_NYJ_LV,2023,10,2023-11-12,LV,NYJ,16.0,12.0,20.14818965966795,16.053099436031307,1.0,4.0,28.0,4.095090223636642,36.20128909569925,0.6196814030856963,9.692464868966852,9.637654487932533,13.442208827666473,13.891131716431563,13.668513425567635,-4.971541850619682,13.161722297892966,-13.131793543836778,21.321973991110063,26.83186313434246,45.57071505705605,18.399087497320124,54.00349069407838,0.007821564176369521,-0.3359577457612426,-0.15525654473167963,0.3242230084618013,0.34377930993761213,-0.4794795531934809,-0.32813618158487307,0.16896646373012167,A0-DYNAMIC-OPPONENT-ADJUSTED-JOINT-SCORE-V1,2023,2022,2022-REG-END,100.0,4,phase3-feature-provenance-v1,5f148219527b07d85261d3f196ace97a5eb5646271d43596032a692389abc579,2c5cc1af74fc5f3955e44361b82b791710e4b63bbc69b0c15570617e2d86e543,NONE,A0_training_only_home_away_cov_v1,93.9438752361566,92.88438402876609,3.0676405491641043
2023_10_SF_JAX,2023,10,2023-11-12,JAX,SF,3.0,34.0,22.765561562348804,24.90381040057989,0.0,-31.0,37.0,-2.1382488382310854,47.66937196292869,0.43680695917880574,9.692464868966852,9.637654487932533,13.442208827666473,13.891131716431563,13.668513425567635,-11.20488091248741,6.928383236025239,-19.365132605704506,15.088634929242335,38.2999460015719,57.03879792428549,29.867170364549565,65.47157356130782,0.17873322044233195,0.3419238652775772,0.1534031634215783,0.23255762425378634,-0.16319064483524523,-0.07915446083220803,0.5206570857199091,0.3859607876753647,A0-DYNAMIC-OPPONENT-ADJUSTED-JOINT-SCORE-V1,2023,2022,2022-REG-END,100.0,4,phase3-feature-provenance-v1,5f148219527b07d85261d3f196ace97a5eb5646271d43596032a692389abc579,2c5cc1af74fc5f3955e44361b82b791710e4b63bbc69b0c15570617e2d86e543,NONE,A0_training_only_home_away_cov_v1,93.9438752361566,92.88438402876609,3.0676405491641043
2023_10_TEN_TB,2023,10,2023-11-12,TB,TEN,20.0,6.0,22.417004966281134,19.480652924284207,-3.0,14.0,26.0,2.9363520419969262,41.89765789056534,0.5864578904338459,9.692464868966852,9.637654487932533,13.442208827666473,13.891131716431563,13.668513425567635,-6.130280032259398,12.00298411625325,-14.290531725476495,20.163235809470347,32.528231929208545,51.26708385192214,24.095456292186213,59.69985948894447,-0.2040678597447881,-0.2868852982026033,-0.13388464556797583,-0.06184931537789215,0.08281743845781517,-0.07203533019008368,-0.49095315794739136,-0.19573396094586798,A0-DYNAMIC-OPPONENT-ADJUSTED-JOINT-SCORE-V1,2023,2022,2022-REG-END,100.0,4,phase3-feature-provenance-v1,5f148219527b07d85261d3f196ace97a5eb5646271d43596032a692389abc579,2c5cc1af74fc5f3955e44361b82b791710e4b63bbc69b0c15570617e2d86e543,NONE,A0_training_only_home_away_cov_v1,93.9438752361566,92.88438402876609,3.0676405491641043
2023_10_WAS_SEA,2023,10,2023-11-12,SEA,WAS,29.0,26.0,21.310579824649352,18.46628035168638,0.0,3.0,55.0,2.844299472962973,39.77686017633573,0.5837883582683248,9.692464868966852,9.637654487932533,13.442208827666473,13.891131716431563,13.668513425567635,-6.222332601293351,11.910931547219297,-14.382584294510448,20.071183240436394,30.407434214978938,49.14628613769253,21.974658577956603,57.57906177471486,-0.0732611909215084,-0.07075177403044852,0.02832270831121208,0.12415474904778158,-0.002509416891059879,-0.09583204073656951,-0.14401296495195692,0.15247745735899365,A0-DYNAMIC-OPPONENT-ADJUSTED-JOINT-SCORE-V1,2023,2022,2022-REG-END,100.0,4,phase3-feature-provenance-v1,5f148219527b07d85261d3f196ace97a5eb5646271d43596032a692389abc579,2c5cc1af74fc5f3955e44361b82b791710e4b63bbc69b0c15570617e2d86e543,NONE,A0_training_only_home_away_cov_v1,93.9438752361566,92.88438402876609,3.0676405491641043
2023_11_ARI_HOU,2023,11,2023-11-19,HOU,ARI,21.0,16.0,22.27743873600469,16.361231503556077,0.0,5.0,37.0,5.916207232448613,38.63867023956077,0.6700755016588349,9.692464868966852,9.637654487932533,13.442208827666473,13.891131716431563,13.668513425567635,-3.1504248418077108,14.982839306704937,-11.310676535024808,23.143090999922034,29.269244278203974,48.008096200917564,20.83646864118164,56.440871837939895,0.0016843291387035847,-0.13609498092431277,-0.2304827126171681,-0.2090631268091023,0.13777931006301636,-0.0214195858080658,-0.13441065178560918,-0.4395458394262704,A0-DYNAMIC-OPPONENT-ADJUSTED-JOINT-SCORE-V1,2023,2022,2022-REG-END,100.0,4,phase3-feature-provenance-v1,5f148219527b07d85261d3f196ace97a5eb5646271d43596032a692389abc579,2c5cc1af74fc5f3955e44361b82b791710e4b63bbc69b0c15570617e2d86e543,NONE,A0_training_only_home_away_cov_v1,93.9438752361566,92.88438402876609,3.0676405491641043
2023_11_CHI_DET,2023,11,2023-11-19,DET,CHI,31.0,26.0,25.348220431135232,17.31566549768877,-3.0,5.0,57.0,8.032554933446463,42.663885928824,0.7249339302388825,9.692464868966852,9.637654487932533,13.442208827666473,13.891131716431563,13.668513425567635,-1.0340771408098615,17.09918700770279,-9.194328834026958,25.259438700919883,33.294459967467205,52.0333118901808,24.861684330444874,60.46608752720313,0.25074325513128526,-0.1452043886560311,-0.024143824796604176,-0.4546051978585218,0.3959476437873164,0.4304613730619177,0.10553886647525415,-0.478749022655126,A0-DYNAMIC-OPPONENT-ADJUSTED-JOINT-SCORE-V1,2023,2022,2022-REG-END,100.0,4,phase3-feature-provenance-v1,5f148219527b07d85261d3f196ace97a5eb5646271d43596032a692389abc579,2c5cc1af74fc5f3955e44361b82b791710e4b63bbc69b0c15570617e2d86e543,NONE,A0_training_only_home_away_cov_v1,93.9438752361566,92.88438402876609,3.0676405491641043
2023_11_CIN_BAL,2023,11,2023-11-16,BAL,CIN,34.0,20.0,23.114453031796366,21.409996226570446,0.0,14.0,54.0,1.7044568052259201,44.524449258366815,0.5504502024499739,9.692464868966852,9.637654487932533,13.442208827666473,13.891131716431563,13.668513425567635,-7.362175269030404,10.771088879482244,-15.5224269622475,18.93134057269934,35.15502329701002,53.89387521972361,26.722247659987687,62.32665085674594,-0.32405521457404746,0.18688868200372877,0.25015497360426175,0.1300318443399049,-0.5109438965777762,0.12012312926435686,-0.1371665325703187,0.38018681794416664,A0-DYNAMIC-OPPONENT-ADJUSTED-JOINT-SCORE-V1,2023,2022,2022-REG-END,100.0,4,phase3-feature-provenance-v1,5f148219527b07d85261d3f196ace97a5eb5646271d43596032a692389abc579,2c5cc1af74fc5f3955e44361b82b791710e4b63bbc69b0c15570617e2d86e543,NONE,A0_training_only_home_away_cov_v1,93.9438752361566,92.88438402876609,3.0676405491641043
2023_11_DAL_CAR,2023,11,2023-11-19,CAR,DAL,10.0,33.0,19.153306418307892,23.41480106111765,3.0,-23.0,43.0,-4.261494642809758,42.56810747942554,0.37561292628089077,9.692464868966852,9.637654487932533,13.442208827666473,13.891131716431563,13.668513425567635,-13.328126717066082,4.805137431446566,-21.48837841028318,12.965389124663663,33.19868151806875,51.93753344078233,24.765905881046415,60.37030907780467,0.11624680194065612,0.27003360090875156,0.0711115579295539,-0.15606479172887217,-0.15378679896809544,0.22717634965842606,0.3862804028494077,-0.08495323379931827,A0-DYNAMIC-OPPONENT-ADJUSTED-JOINT-SCORE-V1,2023,2022,2022-REG-END,100.0,4,phase3-feature-provenance-v1,5f148219527b07d85261d3f196ace97a5eb5646271d43596032a692389abc579,2c5cc1af74fc5f3955e44361b82b791710e4b63bbc69b0c15570617e2d86e543,NONE,A0_training_only_home_away_cov_v1,93.9438752361566,92.88438402876609,3.0676405491641043
2023_11_LAC_GB,2023,11,2023-11-19,GB,LAC,23.0,20.0,22.862019940948667,22.340694417391827,0.0,3.0,43.0,0.5213255235568397,45.202714358340494,0.5154681920813653,9.692464868966852,9.637654487932533,13.442208827666473,13.891131716431563,13.668513425567635,-8.545306550699484,9.587957597813164,-16.70555824391658,17.74820929103026,35.833288396983704,54.57214031969728,27.400512759961366,63.00491595671962,0.03767092297079481,0.09588051418087094,0.06356880691560689,0.05380158007528008,-0.058209591210076135,0.009767226840326805,0.13355143715166576,0.11737038699088698,A0-DYNAMIC-OPPONENT-ADJUSTED-JOINT-SCORE-V1,2023,2022,2022-REG-END,100.0,4,phase3-feature-provenance-v1,5f148219527b07d85261d3f196ace97a5eb5646271d43596032a692389abc579,2c5cc1af74fc5f3955e44361b82b791710e4b63bbc69b0c15570617e2d86e543,NONE,A0_training_only_home_away_cov_v1,93.9438752361566,92.88438402876609,3.0676405491641043
2023_11_LV_MIA,2023,11,2023-11-19,MIA,LV,20.0,13.0,24.969954812650073,18.774541715992054,7.0,7.0,33.0,6.195413096658019,43.74449652864213,0.6775621299345482,9.692464868966852,9.637654487932533,13.442208827666473,13.891131716431563,13.668513425567635,-2.8712189775983052,15.262045170914343,-11.031470670815402,23.42229686413144,34.375070567285334,53.11392248999893,25.942294930263003,61.54669812702126,-0.03691662102764412,0.007821564176369521,-0.04319803175371407,-0.15525654473167963,-0.04473818520401364,0.11205851297796557,-0.0290950568512746,-0.1984545764853937,A0-DYNAMIC-OPPONENT-ADJUSTED-JOINT-SCORE-V1,2023,2022,2022-REG-END,100.0,4,phase3-feature-provenance-v1,5f148219527b07d85261d3f196ace97a5eb5646271d43596032a692389abc579,2c5cc1af74fc5f3955e44361b82b791710e4b63bbc69b0c15570617e2d86e543,NONE,A0_training_only_home_away_cov_v1,93.9438752361566,92.88438402876609,3.0676405491641043
2023_11_MIN_DEN,2023,11,2023-11-19,DEN,MIN,21.0,20.0,21.039061669472098,21.921503316178374,-1.0,1.0,41.0,-0.8824416467062761,42.96056498565047,0.4738294060581615,9.692464868966852,9.637654487932533,13.442208827666473,13.891131716431563,13.668513425567635,-9.9490737209626,8.184190427550048,-18.109325414179697,16.344442120767145,33.59113902429368,52.32999094700726,25.158363387271343,60.7627665840296,0.026109579313023306,0.2322320737396432,-0.1077995155601703,-0.30618911925272785,-0.2061224944266199,0.19838960369255754,0.2583416530526665,-0.41398863481289816,A0-DYNAMIC-OPPONENT-ADJUSTED-JOINT-SCORE-V1,2023,2022,2022-REG-END,100.0,4,phase3-feature-provenance-v1,5f148219527b07d85261d3f196ace97a5eb5646271d43596032a692389abc579,2c5cc1af74fc5f3955e44361b82b791710e4b63bbc69b0c15570617e2d86e543,NONE,A0_training_only_home_away_cov_v1,93.9438752361566,92.88438402876609,3.0676405491641043
2023_11_NYG_WAS,2023,11,2023-11-19,WAS,NYG,19.0,31.0,21.421885944700183,15.573315537573947,0.0,-12.0,50.0,5.848570407126235,36.995201482274126,0.6682514428987765,9.692464868966852,9.637654487932533,13.442208827666473,13.891131716431563,13.668513425567635,-3.2180616671300886,14.91520248138256,-11.378313360347185,23.075454174599656,27.625775520917333,46.36462744363092,19.192999883895,54.797403080653254,-0.07075177403044852,0.1370448014282821,0.12415474904778158,-0.022275702842112763,-0.20779657545873062,0.14643045188989434,0.06629302739783358,0.10187904620566882,A0-DYNAMIC-OPPONENT-ADJUSTED-JOINT-SCORE-V1,2023,2022,2022-REG-END,100.0,4,phase3-feature-provenance-v1,5f148219527b07d85261d3f196ace97a5eb5646271d43596032a692389abc579,2c5cc1af74fc5f3955e44361b82b791710e4b63bbc69b0c15570617e2d86e543,NONE,A0_training_only_home_away_cov_v1,93.9438752361566,92.88438402876609,3.0676405491641043
2023_11_NYJ_BUF,2023,11,2023-11-19,BUF,NYJ,32.0,6.0,24.955480153150454,15.62797246785735,-1.0,26.0,38.0,9.327507685293103,40.58345262100781,0.756126581266046,9.692464868966852,9.637654487932533,13.442208827666473,13.891131716431563,13.668513425567635,0.2608756110367789,18.394139759549425,-7.899376082180318,26.554391452766524,31.214026659651015,49.952878582364605,22.78125102262868,58.385654219386936,0.24428604417347138,-0.3359577457612426,0.08476651380437006,0.3242230084618013,0.5802437899347139,-0.23945649465743124,-0.09167170158777121,0.40898952226617136,A0-DYNAMIC-OPPONENT-ADJUSTED-JOINT-SCORE-V1,2023,2022,2022-REG-END,100.0,4,phase3-feature-provenance-v1,5f148219527b07d85261d3f196ace97a5eb5646271d43596032a692389abc579,2c5cc1af74fc5f3955e44361b82b791710e4b63bbc69b0c15570617e2d86e543,NONE,A0_training_only_home_away_cov_v1,93.9438752361566,92.88438402876609,3.0676405491641043
2023_11_PHI_KC,2023,11,2023-11-20,KC,PHI,17.0,21.0,25.89879810526999,22.87437262164017,0.0,-4.0,38.0,3.0244254836298197,48.77317072691016,0.5890082938309862,9.692464868966852,9.637654487932533,13.442208827666473,13.891131716431563,13.668513425567635,-6.042206590626504,12.091057557886144,-14.202458283843601,20.25130925110324,39.40374476555337,58.14259668826695,30.97096912853103,66.5753723252893,0.08347998558285964,0.19789619909341943,0.12359465459269325,-0.03478194540926798,-0.11441621351055979,0.15837660000196124,0.28137618467627906,0.08881270918342526,A0-DYNAMIC-OPPONENT-ADJUSTED-JOINT-SCORE-V1,2023,2022,2022-REG-END,100.0,4,phase3-feature-provenance-v1,5f148219527b07d85261d3f196ace97a5eb5646271d43596032a692389abc579,2c5cc1af74fc5f3955e44361b82b791710e4b63bbc69b0c15570617e2d86e543,NONE,A0_training_only_home_away_cov_v1,93.9438752361566,92.88438402876609,3.0676405491641043
2023_11_PIT_CLE,2023,11,2023-11-19,CLE,PIT,13.0,10.0,19.7633777963618,18.69843833222509,0.0,3.0,23.0,1.0649394641367103,38.46181612858689,0.5315725922103345,9.692464868966852,9.637654487932533,13.442208827666473,13.891131716431563,13.668513425567635,-8.001692610119614,10.131571538393034,-16.16194430333671,18.29182323161013,29.092390167230096,47.831242089943686,20.65961453020776,56.26401772696602,-0.15558690395478042,-0.054004644284425696,0.17431906458262486,0.25022357055619293,-0.10158225967035472,-0.07590450597356807,-0.20959154823920612,0.4245426351388178,A0-DYNAMIC-OPPONENT-ADJUSTED-JOINT-SCORE-V1,2023,2022,2022-REG-END,100.0,4,phase3-feature-provenance-v1,5f148219527b07d85261d3f196ace97a5eb5646271d43596032a692389abc579,2c5cc1af74fc5f3955e44361b82b791710e4b63bbc69b0c15570617e2d86e543,NONE,A0_training_only_home_away_cov_v1,93.9438752361566,92.88438402876609,3.0676405491641043
2023_11_SEA_LA,2023,11,2023-11-19,LA,SEA,17.0,16.0,20.38758906631896,20.688485346961144,7.0,1.0,33.0,-0.3008962806421849,41.076074413280104,0.49107064724004024,9.692464868966852,9.637654487932533,13.442208827666473,13.891131716431563,13.668513425567635,-9.367528354898509,8.76573579361414,-17.527780048115606,16.925987486831236,31.70664845192331,50.44550037463689,23.273872814900976,58.87827601165923,-0.06467384694455773,-0.0732611909215084,0.007700219743607943,0.02832270831121208,0.00858734397695067,-0.020622488567604135,-0.13793503786606615,0.03602292805482002,A0-DYNAMIC-OPPONENT-ADJUSTED-JOINT-SCORE-V1,2023,2022,2022-REG-END,100.0,4,phase3-feature-provenance-v1,5f148219527b07d85261d3f196ace97a5eb5646271d43596032a692389abc579,2c5cc1af74fc5f3955e44361b82b791710e4b63bbc69b0c15570617e2d86e543,NONE,A0_training_only_home_away_cov_v1,93.9438752361566,92.88438402876609,3.0676405491641043
2023_11_TB_SF,2023,11,2023-11-19,SF,TB,27.0,14.0,27.34950643813532,20.05959069057256,0.0,13.0,41.0,7.2899157475627625,47.409097128707884,0.7061993473290207,9.692464868966852,9.637654487932533,13.442208827666473,13.891131716431563,13.668513425567635,-1.7767163266935615,16.356547821819085,-9.936968019910658,24.516799515036183,38.03967116735109,56.77852309006468,29.606895530328757,65.21129872708701,0.3419238652775772,-0.2040678597447881,0.23255762425378634,-0.13388464556797583,0.5459917250223653,0.3664422698217622,0.13785600553278907,0.09867297868581051,A0-DYNAMIC-OPPONENT-ADJUSTED-JOINT-SCORE-V1,2023,2022,2022-REG-END,100.0,4,phase3-feature-provenance-v1,5f148219527b07d85261d3f196ace97a5eb5646271d43596032a692389abc579,2c5cc1af74fc5f3955e44361b82b791710e4b63bbc69b0c15570617e2d86e543,NONE,A0_training_only_home_away_cov_v1,93.9438752361566,92.88438402876609,3.0676405491641043
2023_11_TEN_JAX,2023,11,2023-11-19,JAX,TEN,34.0,14.0,21.959189357338854,18.598412582044105,0.0,20.0,48.0,3.360776775294749,40.55760193938296,0.5987127854286131,9.692464868966852,9.637654487932533,13.442208827666473,13.891131716431563,13.668513425567635,-5.705855298961575,12.427408849551073,-13.866106992178672,20.58766054276817,31.18817597802617,49.92702790073976,22.755400341003835,58.35980353776209,0.17873322044233195,-0.2868852982026033,0.1534031634215783,-0.06184931537789215,0.4656185186449352,0.21525247879947046,-0.10815207776027133,0.09155384804368616,A0-DYNAMIC-OPPONENT-ADJUSTED-JOINT-SCORE-V1,2023,2022,2022-REG-END,100.0,4,phase3-feature-provenance-v1,5f148219527b07d85261d3f196ace97a5eb5646271d43596032a692389abc579,2c5cc1af74fc5f3955e44361b82b791710e4b63bbc69b0c15570617e2d86e543,NONE,A0_training_only_home_away_cov_v1,93.9438752361566,92.88438402876609,3.0676405491641043
2023_12_BAL_LAC,2023,12,2023-11-26,LAC,BAL,10.0,20.0,23.0962137489237,21.68874202251079,-3.0,-10.0,30.0,1.4074717264129077,44.78495577143449,0.5416952078183818,9.692464868966852,9.637654487932533,13.442208827666473,13.891131716431563,13.668513425567635,-7.659160347843416,10.474103800669232,-15.819412041060513,18.63435549388633,35.4155298100777,54.15438173279128,26.982754173055362,62.58715736981362,0.09588051418087094,-0.32405521457404746,0.05380158007528008,0.25015497360426175,0.4199357287549184,-0.19635339352898168,-0.2281747003931765,0.30395655367954183,A0-DYNAMIC-OPPONENT-ADJUSTED-JOINT-SCORE-V1,2023,2022,2022-REG-END,100.0,4,phase3-feature-provenance-v1,5f148219527b07d85261d3f196ace97a5eb5646271d43596032a692389abc579,2c5cc1af74fc5f3955e44361b82b791710e4b63bbc69b0c15570617e2d86e543,NONE,A0_training_only_home_away_cov_v1,93.9438752361566,92.88438402876609,3.0676405491641043
2023_12_BUF_PHI,2023,12,2023-11-26,PHI,BUF,37.0,34.0,24.45177657726524,24.03159056823367,-1.0,3.0,71.0,0.42018600903156766,48.48336714549891,0.5124683876038536,9.692464868966852,9.637654487932533,13.442208827666473,13.891131716431563,13.668513425567635,-8.646446065224756,9.486818083287892,-16.806697758441853,17.64706977650499,39.11394118414212,57.8527931068557,30.681165547119782,66.28556874387803,0.19789619909341943,0.24428604417347138,-0.03478194540926798,0.08476651380437006,-0.04638984508005195,-0.11954845921363805,0.4421822432668908,0.049984568395102076,A0-DYNAMIC-OPPONENT-ADJUSTED-JOINT-SCORE-V1,2023,2022,2022-REG-END,100.0,4,phase3-feature-provenance-v1,5f148219527b07d85261d3f196ace97a5eb5646271d43596032a692389abc579,2c5cc1af74fc5f3955e44361b82b791710e4b63bbc69b0c15570617e2d86e543,NONE,A0_training_only_home_away_cov_v1,93.9438752361566,92.88438402876609,3.0676405491641043
2023_12_CAR_TEN,2023,12,2023-11-26,TEN,CAR,17.0,10.0,21.12066348821993,17.142658758188233,0.0,7.0,27.0,3.978004730031696,38.263322246408165,0.6163597035448224,9.692464868966852,9.637654487932533,13.442208827666473,13.891131716431563,13.668513425567635,-5.088627344224628,13.04463680428802,-13.248879037441725,21.204888497505117,28.893896285051373,47.63274820776496,20.461120648029038,56.06552384478729,-0.2868852982026033,0.11624680194065612,-0.06184931537789215,0.0711115579295539,-0.4031321001432594,-0.13296087330744605,-0.17063849626194716,0.009262242551661748,A0-DYNAMIC-OPPONENT-ADJUSTED-JOINT-SCORE-V1,2023,2022,2022-REG-END,100.0,4,phase3-feature-provenance-v1,5f148219527b07d85261d3f196ace97a5eb5646271d43596032a692389abc579,2c5cc1af74fc5f3955e44361b82b791710e4b63bbc69b0c15570617e2d86e543,NONE,A0_training_only_home_away_cov_v1,93.9438752361566,92.88438402876609,3.0676405491641043
2023_12_CHI_MIN,2023,12,2023-11-27,MIN,CHI,10.0,12.0,23.702781619410885,17.676507143026083,0.0,-2.0,22.0,6.026274476384803,41.37928876243697,0.6730351996334802,9.692464868966852,9.637654487932533,13.442208827666473,13.891131716431563,13.668513425567635,-3.0403575978715214,15.092906550641127,-11.200609291088618,23.253158243858223,32.009862801080175,50.74871472379377,23.577087164057843,59.1814903608161,0.2322320737396432,-0.1452043886560311,-0.30618911925272785,-0.4546051978585218,0.3774364623956743,0.14841607860579398,0.08702768508361208,-0.7607943171112497,A0-DYNAMIC-OPPONENT-ADJUSTED-JOINT-SCORE-V1,2023,2022,2022-REG-END,100.0,4,phase3-feature-provenance-v1,5f148219527b07d85261d3f196ace97a5eb5646271d43596032a692389abc579,2c5cc1af74fc5f3955e44361b82b791710e4b63bbc69b0c15570617e2d86e543,NONE,A0_training_only_home_away_cov_v1,93.9438752361566,92.88438402876609,3.0676405491641043
2023_12_CLE_DEN,2023,12,2023-11-26,DEN,CLE,29.0,12.0,19.81805736209237,18.624063084541046,0.0,17.0,41.0,1.193994277551326,38.44212044663342,0.5353892121580938,9.692464868966852,9.637654487932533,13.442208827666473,13.891131716431563,13.668513425567635,-7.872637796704998,10.26062635180765,-16.032889489922095,18.420878045024747,29.072694485276624,47.81154640799021,20.63991884825429,56.244322045012545,0.026109579313023306,-0.15558690395478042,-0.1077995155601703,0.17431906458262486,0.18169648326780372,-0.2821185801427952,-0.12947732464175712,0.06651954902245456,A0-DYNAMIC-OPPONENT-ADJUSTED-JOINT-SCORE-V1,2023,2022,2022-REG-END,100.0,4,phase3-feature-provenance-v1,5f148219527b07d85261d3f196ace97a5eb5646271d43596032a692389abc579,2c5cc1af74fc5f3955e44361b82b791710e4b63bbc69b0c15570617e2d86e543,NONE,A0_training_only_home_away_cov_v1,93.9438752361566,92.88438402876609,3.0676405491641043
2023_12_GB_DET,2023,12,2023-11-23,DET,GB,22.0,29.0,25.227545549408667,21.62274579718004,0.0,-7.0,51.0,3.604799752228626,46.850291346588705,0.6057158417364699,9.692464868966852,9.637654487932533,13.442208827666473,13.891131716431563,13.668513425567635,-5.461832322027698,12.67143182648495,-13.622084015244795,20.831683519702047,37.48086538523191,56.2197173079455,29.048089748209577,64.65249294496783,0.25074325513128526,0.03767092297079481,-0.024143824796604176,0.06356880691560689,0.21307233216049046,-0.08771263171221107,0.2884141781020801,0.03942498211900271,A0-DYNAMIC-OPPONENT-ADJUSTED-JOINT-SCORE-V1,2023,2022,2022-REG-END,100.0,4,phase3-feature-provenance-v1,5f148219527b07d85261d3f196ace97a5eb5646271d43596032a692389abc579,2c5cc1af74fc5f3955e44361b82b791710e4b63bbc69b0c15570617e2d86e543,NONE,A0_training_only_home_away_cov_v1,93.9438752361566,92.88438402876609,3.0676405491641043
2023_12_JAX_HOU,2023,12,2023-11-26,HOU,JAX,21.0,24.0,21.283632177905687,21.41954124559163,0.0,-3.0,45.0,-0.1359090676859438,42.70317342349732,0.495966514853973,9.692464868966852,9.637654487932533,13.442208827666473,13.891131716431563,13.668513425567635,-9.202541141942268,8.93072300657038,-17.362792835159365,17.090974699787477,33.33374746214052,52.072599384854115,24.90097182511819,60.505375021876446,0.0016843291387035847,0.17873322044233195,-0.2304827126171681,0.1534031634215783,-0.17704889130362836,-0.3838858760387464,0.18041754958103554,-0.07707954919558979,A0-DYNAMIC-OPPONENT-ADJUSTED-JOINT-SCORE-V1,2023,2022,2022-REG-END,100.0,4,phase3-feature-provenance-v1,5f148219527b07d85261d3f196ace97a5eb5646271d43596032a692389abc579,2c5cc1af74fc5f3955e44361b82b791710e4b63bbc69b0c15570617e2d86e543,NONE,A0_training_only_home_away_cov_v1,93.9438752361566,92.88438402876609,3.0676405491641043
2023_12_KC_LV,2023,12,2023-11-26,LV,KC,17.0,31.0,19.90436483148872,23.44929498552454,1.0,-14.0,48.0,-3.544930154035818,43.35365981701326,0.3959992506560497,9.692464868966852,9.637654487932533,13.442208827666473,13.891131716431563,13.668513425567635,-12.611562228292142,5.521701920220506,-20.77181392150924,13.681953613437603,33.98423385565647,52.72308577837005,25.55145821863413,61.15586141539239,0.007821564176369521,0.08347998558285964,-0.15525654473167963,0.12359465459269325,-0.07565842140649012,-0.27885119932437286,0.09130154975922916,-0.031661890138986376,A0-DYNAMIC-OPPONENT-ADJUSTED-JOINT-SCORE-V1,2023,2022,2022-REG-END,100.0,4,phase3-feature-provenance-v1,5f148219527b07d85261d3f196ace97a5eb5646271d43596032a692389abc579,2c5cc1af74fc5f3955e44361b82b791710e4b63bbc69b0c15570617e2d86e543,NONE,A0_training_only_home_away_cov_v1,93.9438752361566,92.88438402876609,3.0676405491641043
2023_12_LA_ARI,2023,12,2023-11-26,ARI,LA,14.0,37.0,17.907538840420226,19.326355654414648,0.0,-23.0,51.0,-1.4188168139944217,37.23389449483487,0.4579699444145179,9.692464868966852,9.637654487932533,13.442208827666473,13.891131716431563,13.668513425567635,-10.485448888250746,7.647815260261902,-18.645700581467842,15.808066953478999,27.864468533478078,46.60332045619167,19.431692896455743,55.036096093214,-0.13609498092431277,-0.06467384694455773,-0.2090631268091023,0.007700219743607943,-0.07142113397975504,-0.21676334655271023,-0.20076882786887051,-0.20136290706549437,A0-DYNAMIC-OPPONENT-ADJUSTED-JOINT-SCORE-V1,2023,2022,2022-REG-END,100.0,4,phase3-feature-provenance-v1,5f148219527b07d85261d3f196ace97a5eb5646271d43596032a692389abc579,2c5cc1af74fc5f3955e44361b82b791710e4b63bbc69b0c15570617e2d86e543,NONE,A0_training_only_home_away_cov_v1,93.9438752361566,92.88438402876609,3.0676405491641043
2023_12_MIA_NYJ,2023,12,2023-11-24,NYJ,MIA,13.0,34.0,16.615494194490378,21.231222792237148,0.0,-21.0,47.0,-4.61572859774677,37.84671698672753,0.3656578985503258,9.692464868966852,9.637654487932533,13.442208827666473,13.891131716431563,13.668513425567635,-13.682360672003094,4.450903476509554,-21.84261236522019,12.61115516972665,28.477291025370736,47.216142948084325,20.0445153883484,55.64891858510666,-0.3359577457612426,-0.03691662102764412,0.3242230084618013,-0.04319803175371407,-0.29904112473359845,0.36742104021551536,-0.37287436678888675,0.28102497670808724,A0-DYNAMIC-OPPONENT-ADJUSTED-JOINT-SCORE-V1,2023,2022,2022-REG-END,100.0,4,phase3-feature-provenance-v1,5f148219527b07d85261d3f196ace97a5eb5646271d43596032a692389abc579,2c5cc1af74fc5f3955e44361b82b791710e4b63bbc69b0c15570617e2d86e543,NONE,A0_training_only_home_away_cov_v1,93.9438752361566,92.88438402876609,3.0676405491641043
2023_12_NE_NYG,2023,12,2023-11-26,NYG,NE,10.0,7.0,18.13073712763448,18.372418975823837,-7.0,3.0,17.0,-0.24168184818935856,36.503156103458316,0.4928276732964235,9.692464868966852,9.637654487932533,13.442208827666473,13.891131716431563,13.668513425567635,-9.308313922445683,8.824950226066965,-17.46856561566278,16.985201919284062,27.133730142101523,45.872582064815106,18.70095450507919,54.305357701837444,0.1370448014282821,0.032002137956619485,-0.022275702842112763,-0.012970028937614439,0.1050426634716626,-0.009305673904498324,0.1690469393849016,-0.0352457317797272,A0-DYNAMIC-OPPONENT-ADJUSTED-JOINT-SCORE-V1,2023,2022,2022-REG-END,100.0,4,phase3-feature-provenance-v1,5f148219527b07d85261d3f196ace97a5eb5646271d43596032a692389abc579,2c5cc1af74fc5f3955e44361b82b791710e4b63bbc69b0c15570617e2d86e543,NONE,A0_training_only_home_away_cov_v1,93.9438752361566,92.88438402876609,3.0676405491641043
2023_12_NO_ATL,2023,12,2023-11-26,ATL,NO,24.0,15.0,19.833038801486968,19.02859740372383,0.0,9.0,39.0,0.8044413977631386,38.8616362052108,0.5238602326771188,9.692464868966852,9.637654487932533,13.442208827666473,13.891131716431563,13.668513425567635,-8.262190676493185,9.871073472019463,-16.422442369710282,18.03132516523656,29.492210243854007,48.2310621665676,21.059434606831672,56.66383780358993,-0.05737413207427318,-0.25534300572633034,0.006704794530812161,0.2970102175720367,0.19796887365205718,-0.29030542304122453,-0.3127171378006035,0.3037150121028489,A0-DYNAMIC-OPPONENT-ADJUSTED-JOINT-SCORE-V1,2023,2022,2022-REG-END,100.0,4,phase3-feature-provenance-v1,5f148219527b07d85261d3f196ace97a5eb5646271d43596032a692389abc579,2c5cc1af74fc5f3955e44361b82b791710e4b63bbc69b0c15570617e2d86e543,NONE,A0_training_only_home_away_cov_v1,93.9438752361566,92.88438402876609,3.0676405491641043
2023_12_PIT_CIN,2023,12,2023-11-26,CIN,PIT,10.0,16.0,23.261141108219217,18.98302904518293,3.0,-6.0,26.0,4.278112063036286,42.24417015340215,0.624855988250153,9.692464868966852,9.637654487932533,13.442208827666473,13.891131716431563,13.668513425567635,-4.788520011220038,13.34474413729261,-12.948771704437135,21.504995830509706,32.874744192045355,51.61359611475895,24.441968555023024,60.04637175178128,0.18688868200372877,-0.054004644284425696,0.1300318443399049,0.25022357055619293,0.24089332628815446,-0.12019172621628804,0.13288403771930307,0.3802554148960978,A0-DYNAMIC-OPPONENT-ADJUSTED-JOINT-SCORE-V1,2023,2022,2022-REG-END,100.0,4,phase3-feature-provenance-v1,5f148219527b07d85261d3f196ace97a5eb5646271d43596032a692389abc579,2c5cc1af74fc5f3955e44361b82b791710e4b63bbc69b0c15570617e2d86e543,NONE,A0_training_only_home_away_cov_v1,93.9438752361566,92.88438402876609,3.0676405491641043
2023_12_SF_SEA,2023,12,2023-11-23,SEA,SF,13.0,31.0,21.84561385500501,25.7720556357164,0.0,-18.0,44.0,-3.9264417807113894,47.61766949072141,0.3851058630742924,9.692464868966852,9.637654487932533,13.442208827666473,13.891131716431563,13.668513425567635,-12.993073854967713,5.140190293544935,-21.15332554818481,13.300441986762031,38.248243529364615,56.98709545207821,29.815467892342284,65.41987108910054,-0.0732611909215084,0.3419238652775772,0.02832270831121208,0.23255762425378634,-0.4151850561990856,-0.20423491594257426,0.2686626743560688,0.26088033256499843,A0-DYNAMIC-OPPONENT-ADJUSTED-JOINT-SCORE-V1,2023,2022,2022-REG-END,100.0,4,phase3-feature-provenance-v1,5f148219527b07d85261d3f196ace97a5eb5646271d43596032a692389abc579,2c5cc1af74fc5f3955e44361b82b791710e4b63bbc69b0c15570617e2d86e543,NONE,A0_training_only_home_away_cov_v1,93.9438752361566,92.88438402876609,3.0676405491641043
2023_12_TB_IND,2023,12,2023-11-26,IND,TB,27.0,20.0,20.84666398435218,20.920143154262245,7.0,7.0,47.0,-0.07347916991006542,41.766807138614425,0.4978192719666306,9.692464868966852,9.637654487932533,13.442208827666473,13.891131716431563,13.668513425567635,-9.14011124416639,8.993152904346259,-17.300362937383486,17.153404597563355,32.39738117725763,51.13623309997122,23.964605540235297,59.56900873699355,-0.06391896406711367,-0.2040678597447881,-0.45567361639752485,-0.13388464556797583,0.14014889567767444,-0.32178897082954905,-0.26798682381190175,-0.5895582619655007,A0-DYNAMIC-OPPONENT-ADJUSTED-JOINT-SCORE-V1,2023,2022,2022-REG-END,100.0,4,phase3-feature-provenance-v1,5f148219527b07d85261d3f196ace97a5eb5646271d43596032a692389abc579,2c5cc1af74fc5f3955e44361b82b791710e4b63bbc69b0c15570617e2d86e543,NONE,A0_training_only_home_away_cov_v1,93.9438752361566,92.88438402876609,3.0676405491641043
2023_12_WAS_DAL,2023,12,2023-11-23,DAL,WAS,45.0,10.0,24.30245784136681,18.512357146225668,0.0,35.0,55.0,5.790100695141142,42.81481498759248,0.6666713837539944,9.692464868966852,9.637654487932533,13.442208827666473,13.891131716431563,13.668513425567635,-3.276531379115182,14.856732769397466,-11.436783072332279,23.016984462614563,33.44538902623569,52.18424094894927,25.01261338921335,60.617016585971605,0.27003360090875156,-0.07075177403044852,-0.15606479172887217,0.12415474904778158,0.3407853749392001,-0.28021954077665373,0.19928182687830304,-0.031910042681090586,A0-DYNAMIC-OPPONENT-ADJUSTED-JOINT-SCORE-V1,2023,2022,2022-REG-END,100.0,4,phase3-feature-provenance-v1,5f148219527b07d85261d3f196ace97a5eb5646271d43596032a692389abc579,2c5cc1af74fc5f3955e44361b82b791710e4b63bbc69b0c15570617e2d86e543,NONE,A0_training_only_home_away_cov_v1,93.9438752361566,92.88438402876609,3.0676405491641043
2023_13_ARI_PIT,2023,13,2023-12-03,PIT,ARI,10.0,24.0,22.047932152257584,15.46247277387886,0.0,-14.0,34.0,6.585459378378724,37.510404926136445,0.6879008606732223,9.692464868966852,9.637654487932533,13.442208827666473,13.891131716431563,13.668513425567635,-2.4811726958776,15.652091452635048,-10.641424389094697,23.812343145852147,28.140978964779652,46.87983088749324,19.708203327757317,55.31260652451557,-0.054004644284425696,-0.13609498092431277,0.25022357055619293,-0.2090631268091023,0.08209033663988707,0.45928669736529526,-0.19009962520873847,0.04116044374709063,A0-DYNAMIC-OPPONENT-ADJUSTED-JOINT-SCORE-V1,2023,2022,2022-REG-END,100.0,4,phase3-feature-provenance-v1,5f148219527b07d85261d3f196ace97a5eb5646271d43596032a692389abc579,2c5cc1af74fc5f3955e44361b82b791710e4b63bbc69b0c15570617e2d86e543,NONE,A0_training_only_home_away_cov_v1,93.9438752361566,92.88438402876609,3.0676405491641043
2023_13_ATL_NYJ,2023,13,2023-12-03,NYJ,ATL,8.0,13.0,16.36649451820006,18.200899005750333,2.0,-5.0,21.0,-1.8344044875502732,34.56739352395039,0.4457264500467762,9.692464868966852,9.637654487932533,13.442208827666473,13.891131716431563,13.668513425567635,-10.901036561806597,7.232227586706051,-19.061288255023694,15.392479279923148,25.1979675625936,43.93681948530718,16.765191925571266,52.36959512232952,-0.3359577457612426,-0.05737413207427318,0.3242230084618013,0.006704794530812161,-0.27858361368696943,0.3175182139309891,-0.39333187783551576,0.3309278029926135,A0-DYNAMIC-OPPONENT-ADJUSTED-JOINT-SCORE-V1,2023,2022,2022-REG-END,100.0,4,phase3-feature-provenance-v1,5f148219527b07d85261d3f196ace97a5eb5646271d43596032a692389abc579,2c5cc1af74fc5f3955e44361b82b791710e4b63bbc69b0c15570617e2d86e543,NONE,A0_training_only_home_away_cov_v1,93.9438752361566,92.88438402876609,3.0676405491641043
2023_13_CAR_TB,2023,13,2023-12-03,TB,CAR,21.0,18.0,22.149871500777284,17.614058913452304,0.0,3.0,39.0,4.53581258732498,39.76393041422959,0.6321038397273248,9.692464868966852,9.637654487932533,13.442208827666473,13.891131716431563,13.668513425567635,-4.530819486931344,13.602444661581304,-12.691071180148441,21.7626963547984,30.3945044528728,49.13335637558639,21.961728815850464,57.56613201260872,-0.2040678597447881,0.11624680194065612,-0.13388464556797583,0.0711115579295539,-0.3203146616854442,-0.20499620349752973,-0.08782105780413199,-0.06277308763842193,A0-DYNAMIC-OPPONENT-ADJUSTED-JOINT-SCORE-V1,2023,2022,2022-REG-END,100.0,4,phase3-feature-provenance-v1,5f148219527b07d85261d3f196ace97a5eb5646271d43596032a692389abc579,2c5cc1af74fc5f3955e44361b82b791710e4b63bbc69b0c15570617e2d86e543,NONE,A0_training_only_home_away_cov_v1,93.9438752361566,92.88438402876609,3.0676405491641043
2023_13_CIN_JAX,2023,13,2023-12-04,JAX,CIN,31.0,34.0,23.347659108050614,21.036435973666293,0.0,-3.0,65.0,2.3112231343843206,44.38409508171691,0.5682567656668476,9.692464868966852,9.637654487932533,13.442208827666473,13.891131716431563,13.668513425567635,-6.755408939872003,11.377855208640645,-14.9156606330891,19.53810690185774,35.01466912036011,53.753521043073704,26.58189348333778,62.186296680096035,0.17873322044233195,0.18688868200372877,0.1534031634215783,0.1300318443399049,-0.00815546156139682,0.02337131908167342,0.36562190244606074,0.2834350077614832,A0-DYNAMIC-OPPONENT-ADJUSTED-JOINT-SCORE-V1,2023,2022,2022-REG-END,100.0,4,phase3-feature-provenance-v1,5f148219527b07d85261d3f196ace97a5eb5646271d43596032a692389abc579,2c5cc1af74fc5f3955e44361b82b791710e4b63bbc69b0c15570617e2d86e543,NONE,A0_training_only_home_away_cov_v1,93.9438752361566,92.88438402876609,3.0676405491641043
2023_13_CLE_LA,2023,13,2023-12-03,LA,CLE,36.0,19.0,20.40119495036904,17.628502763367614,0.0,17.0,55.0,2.772692187001425,38.02969771373665,0.581709058083715,9.692464868966852,9.637654487932533,13.442208827666473,13.891131716431563,13.668513425567635,-6.293939887254899,11.83932426125775,-14.454191580471996,19.999575954474846,28.66027175237986,47.39912367509345,20.227496115357525,55.83189931211578,-0.06467384694455773,-0.15558690395478042,0.007700219743607943,0.17431906458262486,0.09091305701022269,-0.16661884483901693,-0.22026075089933816,0.1820192843262328,A0-DYNAMIC-OPPONENT-ADJUSTED-JOINT-SCORE-V1,2023,2022,2022-REG-END,100.0,4,phase3-feature-provenance-v1,5f148219527b07d85261d3f196ace97a5eb5646271d43596032a692389abc579,2c5cc1af74fc5f3955e44361b82b791710e4b63bbc69b0c15570617e2d86e543,NONE,A0_training_only_home_away_cov_v1,93.9438752361566,92.88438402876609,3.0676405491641043
2023_13_DEN_HOU,2023,13,2023-12-03,HOU,DEN,22.0,17.0,22.057945142239014,19.549658179329565,0.0,5.0,39.0,2.508286962909448,41.607603321568575,0.5740120148497585,9.692464868966852,9.637654487932533,13.442208827666473,13.891131716431563,13.668513425567635,-6.558345111346876,11.574919037165772,-14.718596804563973,19.73517073038287,32.23817736021178,50.97702928292537,23.805401723189448,59.4098049199477,0.0016843291387035847,0.026109579313023306,-0.2304827126171681,-0.1077995155601703,-0.02442525017431972,-0.1226831970569978,0.02779390845172689,-0.3382822281773384,A0-DYNAMIC-OPPONENT-ADJUSTED-JOINT-SCORE-V1,2023,2022,2022-REG-END,100.0,4,phase3-feature-provenance-v1,5f148219527b07d85261d3f196ace97a5eb5646271d43596032a692389abc579,2c5cc1af74fc5f3955e44361b82b791710e4b63bbc69b0c15570617e2d86e543,NONE,A0_training_only_home_away_cov_v1,93.9438752361566,92.88438402876609,3.0676405491641043
2023_13_DET_NO,2023,13,2023-12-03,NO,DET,28.0,33.0,21.21138144460673,21.957673672700075,-3.0,-5.0,61.0,-0.7462922280933455,43.169055117306804,0.47786266753837214,9.692464868966852,9.637654487932533,13.442208827666473,13.891131716431563,13.668513425567635,-9.81292430234967,8.320339846162979,-17.973175995566766,16.480591539380075,33.799629155950015,52.538481078663594,25.366853518927677,60.97125671568593,-0.25534300572633034,0.25074325513128526,0.2970102175720367,-0.024143824796604176,-0.5060862608576155,0.32115404236864087,-0.004599750595045082,0.27286639277543256,A0-DYNAMIC-OPPONENT-ADJUSTED-JOINT-SCORE-V1,2023,2022,2022-REG-END,100.0,4,phase3-feature-provenance-v1,5f148219527b07d85261d3f196ace97a5eb5646271d43596032a692389abc579,2c5cc1af74fc5f3955e44361b82b791710e4b63bbc69b0c15570617e2d86e543,NONE,A0_training_only_home_away_cov_v1,93.9438752361566,92.88438402876609,3.0676405491641043
2023_13_IND_TEN,2023,13,2023-12-03,TEN,IND,28.0,31.0,21.754092696350718,18.751654283472444,0.0,-3.0,59.0,3.0024384128782735,40.50574697982316,0.58837194688328,9.692464868966852,9.637654487932533,13.442208827666473,13.891131716431563,13.668513425567635,-6.0641936613780505,12.069070487134598,-14.224445354595147,20.229322180351694,31.136321018466365,49.875172941179954,22.70354538144403,58.307948578202286,-0.2868852982026033,-0.06391896406711367,-0.06184931537789215,-0.45567361639752485,-0.2229663341354896,0.3938243010196327,-0.35080426226971695,-0.517522931775417,A0-DYNAMIC-OPPONENT-ADJUSTED-JOINT-SCORE-V1,2023,2022,2022-REG-END,100.0,4,phase3-feature-provenance-v1,5f148219527b07d85261d3f196ace97a5eb5646271d43596032a692389abc579,2c5cc1af74fc5f3955e44361b82b791710e4b63bbc69b0c15570617e2d86e543,NONE,A0_training_only_home_away_cov_v1,93.9438752361566,92.88438402876609,3.0676405491641043
2023_13_KC_GB,2023,13,2023-12-03,GB,KC,27.0,19.0,22.62261172976789,23.709640050667137,3.0,8.0,46.0,-1.0870283208992468,46.33225178043503,0.46777394433244374,9.692464868966852,9.637654487932533,13.442208827666473,13.891131716431563,13.668513425567635,-10.15366039515557,7.979603753357077,-18.313912088372668,16.139855446574174,36.96282581907823,55.701677741791826,28.530050182055902,64.13445337881416,0.03767092297079481,0.08347998558285964,0.06356880691560689,0.12359465459269325,-0.045809062612064834,-0.060025847677086366,0.12115090855365446,0.18716346150830016,A0-DYNAMIC-OPPONENT-ADJUSTED-JOINT-SCORE-V1,2023,2022,2022-REG-END,100.0,4,phase3-feature-provenance-v1,5f148219527b07d85261d3f196ace97a5eb5646271d43596032a692389abc579,2c5cc1af74fc5f3955e44361b82b791710e4b63bbc69b0c15570617e2d86e543,NONE,A0_training_only_home_away_cov_v1,93.9438752361566,92.88438402876609,3.0676405491641043
2023_13_LAC_NE,2023,13,2023-12-03,NE,LAC,0.0,6.0,19.093208439097417,20.852053052237373,0.0,-6.0,6.0,-1.7588446131399564,39.94526149133479,0.44794899740108424,9.692464868966852,9.637654487932533,13.442208827666473,13.891131716431563,13.668513425567635,-10.82547668739628,7.307787461116368,-18.985728380613377,15.468039154333464,30.575835529977997,49.31468745269159,22.143059892955662,57.74746308971392,0.032002137956619485,0.09588051418087094,-0.012970028937614439,0.05380158007528008,-0.06387837622425147,-0.06677160901289453,0.12788265213749042,0.04083155113766564,A0-DYNAMIC-OPPONENT-ADJUSTED-JOINT-SCORE-V1,2023,2022,2022-REG-END,100.0,4,phase3-feature-provenance-v1,5f148219527b07d85261d3f196ace97a5eb5646271d43596032a692389abc579,2c5cc1af74fc5f3955e44361b82b791710e4b63bbc69b0c15570617e2d86e543,NONE,A0_training_only_home_away_cov_v1,93.9438752361566,92.88438402876609,3.0676405491641043
2023_13_MIA_WAS,2023,13,2023-12-03,WAS,MIA,15.0,45.0,20.275934359582354,21.680935721047852,1.0,-30.0,60.0,-1.405001361465498,41.95687008063021,0.45837770839169756,9.692464868966852,9.637654487932533,13.442208827666473,13.891131716431563,13.668513425567635,-10.471633435721822,7.661630712790826,-18.63188512893892,15.821882406007923,32.587444119273414,51.32629604198701,24.154668482251083,59.75907167900934,-0.07075177403044852,-0.03691662102764412,0.12415474904778158,-0.04319803175371407,-0.0338351530028044,0.16735278080149565,-0.10766839505809264,0.0809567172940675,A0-DYNAMIC-OPPONENT-ADJUSTED-JOINT-SCORE-V1,2023,2022,2022-REG-END,100.0,4,phase3-feature-provenance-v1,5f148219527b07d85261d3f196ace97a5eb5646271d43596032a692389abc579,2c5cc1af74fc5f3955e44361b82b791710e4b63bbc69b0c15570617e2d86e543,NONE,A0_training_only_home_away_cov_v1,93.9438752361566,92.88438402876609,3.0676405491641043
2023_13_SEA_DAL,2023,13,2023-11-30,DAL,SEA,41.0,35.0,25.77115371902049,19.760660178509603,0.0,6.0,76.0,6.010493540510886,45.53181389753009,0.6726115139879111,9.692464868966852,9.637654487932533,13.442208827666473,13.891131716431563,13.668513425567635,-3.056138533745438,15.07712561476721,-11.216390226962535,23.237377307984307,36.1623879361733,54.90123985888688,27.729612299150965,63.33401549590922,0.27003360090875156,-0.0732611909215084,-0.15606479172887217,0.02832270831121208,0.34329479183025996,-0.18438750004008425,0.19677240998724316,-0.12774208341766008,A0-DYNAMIC-OPPONENT-ADJUSTED-JOINT-SCORE-V1,2023,2022,2022-REG-END,100.0,4,phase3-feature-provenance-v1,5f148219527b07d85261d3f196ace97a5eb5646271d43596032a692389abc579,2c5cc1af74fc5f3955e44361b82b791710e4b63bbc69b0c15570617e2d86e543,NONE,A0_training_only_home_away_cov_v1,93.9438752361566,92.88438402876609,3.0676405491641043
2023_13_SF_PHI,2023,13,2023-12-03,PHI,SF,19.0,42.0,24.432165061899283,25.708119927253087,-3.0,-23.0,61.0,-1.2759548653538033,50.14028498915237,0.46218858245232525,9.692464868966852,9.637654487932533,13.442208827666473,13.891131716431563,13.668513425567635,-10.342586939610127,7.790677208902521,-18.502838632827224,15.950928902119617,40.77085902779558,59.50971095050916,32.33808339077324,67.9424865875315,0.19789619909341943,0.3419238652775772,-0.03478194540926798,0.23255762425378634,-0.14402766618415774,-0.26733956966305433,0.5398200643709966,0.19777567884451835,A0-DYNAMIC-OPPONENT-ADJUSTED-JOINT-SCORE-V1,2023,2022,2022-REG-END,100.0,4,phase3-feature-provenance-v1,5f148219527b07d85261d3f196ace97a5eb5646271d43596032a692389abc579,2c5cc1af74fc5f3955e44361b82b791710e4b63bbc69b0c15570617e2d86e543,NONE,A0_training_only_home_away_cov_v1,93.9438752361566,92.88438402876609,3.0676405491641043
2023_14_BUF_KC,2023,14,2023-12-10,KC,BUF,17.0,20.0,25.019854054491297,23.424353386687518,-7.0,-3.0,37.0,1.5955006678037797,48.44420744117882,0.5472408435705403,9.692464868966852,9.637654487932533,13.442208827666473,13.891131716431563,13.668513425567635,-7.471131406452544,10.662132742060104,-15.631383099669641,18.8223844352772,39.07478147982202,57.813633402535615,30.64200584279969,66.24640903955795,0.08347998558285964,0.24428604417347138,0.12359465459269325,0.08476651380437006,-0.16080605859061176,0.038828140788323195,0.327766029756331,0.2083611683970633,A0-DYNAMIC-OPPONENT-ADJUSTED-JOINT-SCORE-V1,2023,2022,2022-REG-END,100.0,4,phase3-feature-provenance-v1,5f148219527b07d85261d3f196ace97a5eb5646271d43596032a692389abc579,2c5cc1af74fc5f3955e44361b82b791710e4b63bbc69b0c15570617e2d86e543,NONE,A0_training_only_home_away_cov_v1,93.9438752361566,92.88438402876609,3.0676405491641043
2023_14_CAR_NO,2023,14,2023-12-10,NO,CAR,28.0,6.0,21.23028466817909,16.382637124254774,0.0,22.0,34.0,4.847647543924317,37.612921792433866,0.6408115189414647,9.692464868966852,9.637654487932533,13.442208827666473,13.891131716431563,13.668513425567635,-4.218984530332007,13.914279618180641,-12.379236223549103,22.074531311397738,28.243495831077073,46.98234775379066,19.81072019405474,55.415123390812994,-0.25534300572633034,0.11624680194065612,0.2970102175720367,0.0711115579295539,-0.37158980766698646,0.22589865964248282,-0.13909620378567422,0.36812177550159064,A0-DYNAMIC-OPPONENT-ADJUSTED-JOINT-SCORE-V1,2023,2022,2022-REG-END,100.0,4,phase3-feature-provenance-v1,5f148219527b07d85261d3f196ace97a5eb5646271d43596032a692389abc579,2c5cc1af74fc5f3955e44361b82b791710e4b63bbc69b0c15570617e2d86e543,NONE,A0_training_only_home_away_cov_v1,93.9438752361566,92.88438402876609,3.0676405491641043
2023_14_DEN_LAC,2023,14,2023-12-10,LAC,DEN,7.0,24.0,22.978459769365244,18.799851924469106,0.0,-17.0,31.0,4.178607844896138,41.778311693834354,0.6220454211502244,9.692464868966852,9.637654487932533,13.442208827666473,13.891131716431563,13.668513425567635,-4.888024229360186,13.245239919152462,-13.048275922577282,21.40549161236956,32.40888573247756,51.14773765519115,23.976110095455226,59.58051329221348,0.09588051418087094,0.026109579313023306,0.05380158007528008,-0.1077995155601703,0.06977093486784763,0.1616010956354504,0.12199009349389425,-0.053997935484890215,A0-DYNAMIC-OPPONENT-ADJUSTED-JOINT-SCORE-V1,2023,2022,2022-REG-END,100.0,4,phase3-feature-provenance-v1,5f148219527b07d85261d3f196ace97a5eb5646271d43596032a692389abc579,2c5cc1af74fc5f3955e44361b82b791710e4b63bbc69b0c15570617e2d86e543,NONE,A0_training_only_home_away_cov_v1,93.9438752361566,92.88438402876609,3.0676405491641043
2023_14_DET_CHI,2023,14,2023-12-10,CHI,DET,28.0,13.0,19.332811585572642,23.191280623990018,6.0,15.0,41.0,-3.8584690384173754,42.52409220956266,0.387040350341735,9.692464868966852,9.637654487932533,13.442208827666473,13.891131716431563,13.668513425567635,-12.9251011126737,5.208163035838949,-21.085352805890796,13.368414729056045,33.15466624820587,51.89351817091945,24.721890611183532,60.32629380794179,-0.1452043886560311,0.25074325513128526,-0.4546051978585218,-0.024143824796604176,-0.3959476437873164,-0.4304613730619177,0.10553886647525415,-0.478749022655126,A0-DYNAMIC-OPPONENT-ADJUSTED-JOINT-SCORE-V1,2023,2022,2022-REG-END,100.0,4,phase3-feature-provenance-v1,5f148219527b07d85261d3f196ace97a5eb5646271d43596032a692389abc579,2c5cc1af74fc5f3955e44361b82b791710e4b63bbc69b0c15570617e2d86e543,NONE,A0_training_only_home_away_cov_v1,93.9438752361566,92.88438402876609,3.0676405491641043
2023_14_GB_NYG,2023,14,2023-12-11,NYG,GB,24.0,22.0,18.83937505708977,22.558241514708836,7.0,2.0,46.0,-3.7188664576190646,41.39761657179861,0.3910221664399307,9.692464868966852,9.637654487932533,13.442208827666473,13.891131716431563,13.668513425567635,-12.785498531875389,5.347765616637259,-20.945750225092485,13.508017309854356,32.02819061044181,50.767042533155404,23.59541497341948,59.199818170177736,0.1370448014282821,0.03767092297079481,-0.022275702842112763,0.06356880691560689,0.0993738784574873,-0.08584450975771965,0.1747157243990769,0.041293104073494125,A0-DYNAMIC-OPPONENT-ADJUSTED-JOINT-SCORE-V1,2023,2022,2022-REG-END,100.0,4,phase3-feature-provenance-v1,5f148219527b07d85261d3f196ace97a5eb5646271d43596032a692389abc579,2c5cc1af74fc5f3955e44361b82b791710e4b63bbc69b0c15570617e2d86e543,NONE,A0_training_only_home_away_cov_v1,93.9438752361566,92.88438402876609,3.0676405491641043
2023_14_HOU_NYJ,2023,14,2023-12-10,NYJ,HOU,30.0,6.0,16.510610603013696,18.766911875041124,0.0,24.0,36.0,-2.2563012720274287,35.27752247805482,0.4333498670059627,9.692464868966852,9.637654487932533,13.442208827666473,13.891131716431563,13.668513425567635,-11.322933346283753,6.810330802228895,-19.48318503950085,14.970582495445992,25.908096516698027,44.64694843941162,17.475320879675692,53.07972407643395,-0.3359577457612426,0.0016843291387035847,0.3242230084618013,-0.2304827126171681,-0.3376420748999462,0.5547057210789694,-0.334273416622539,0.0937402958446332,A0-DYNAMIC-OPPONENT-ADJUSTED-JOINT-SCORE-V1,2023,2022,2022-REG-END,100.0,4,phase3-feature-provenance-v1,5f148219527b07d85261d3f196ace97a5eb5646271d43596032a692389abc579,2c5cc1af74fc5f3955e44361b82b791710e4b63bbc69b0c15570617e2d86e543,NONE,A0_training_only_home_away_cov_v1,93.9438752361566,92.88438402876609,3.0676405491641043
2023_14_IND_CIN,2023,14,2023-12-10,CIN,IND,34.0,14.0,24.273127861936928,19.262728838127988,-1.0,20.0,48.0,5.01039902380894,43.53585670006491,0.6453276372449075,9.692464868966852,9.637654487932533,13.442208827666473,13.891131716431563,13.668513425567635,-4.056233050447384,14.077031098065264,-12.21648474366448,22.23728279128236,34.166430738708115,52.90528266142171,25.733655101685784,61.33805829844404,0.18688868200372877,-0.06391896406711367,0.1300318443399049,-0.45567361639752485,0.25080764607084244,0.5857054607374297,0.1229697179366151,-0.32564177205761996,A0-DYNAMIC-OPPONENT-ADJUSTED-JOINT-SCORE-V1,2023,2022,2022-REG-END,100.0,4,phase3-feature-provenance-v1,5f148219527b07d85261d3f196ace97a5eb5646271d43596032a692389abc579,2c5cc1af74fc5f3955e44361b82b791710e4b63bbc69b0c15570617e2d86e543,NONE,A0_training_only_home_away_cov_v1,93.9438752361566,92.88438402876609,3.0676405491641043
2023_14_JAX_CLE,2023,14,2023-12-10,CLE,JAX,31.0,27.0,19.24850553196089,20.80037348032968,1.0,4.0,58.0,-1.5518679483687876,40.04887901229057,0.4540452584370508,9.692464868966852,9.637654487932533,13.442208827666473,13.891131716431563,13.668513425567635,-10.618500022625112,7.514764125887536,-18.77875171584221,15.675015819104633,30.679453050933777,49.418304973647366,22.246677413911442,57.8510806106697,-0.15558690395478042,0.17873322044233195,0.17431906458262486,0.1534031634215783,-0.33432012439711234,0.02091590116104655,0.023146316487551527,0.32772222800420314,A0-DYNAMIC-OPPONENT-ADJUSTED-JOINT-SCORE-V1,2023,2022,2022-REG-END,100.0,4,phase3-feature-provenance-v1,5f148219527b07d85261d3f196ace97a5eb5646271d43596032a692389abc579,2c5cc1af74fc5f3955e44361b82b791710e4b63bbc69b0c15570617e2d86e543,NONE,A0_training_only_home_away_cov_v1,93.9438752361566,92.88438402876609,3.0676405491641043
2023_14_LA_BAL,2023,14,2023-12-10,BAL,LA,37.0,31.0,23.229920963905535,18.93098737503869,7.0,6.0,68.0,4.298933588866845,42.160908338944225,0.6254432748583247,9.692464868966852,9.637654487932533,13.442208827666473,13.891131716431563,13.668513425567635,-4.767698485389479,13.365565663123169,-12.927950178606576,21.525817356340266,32.79148237758743,51.53033430030102,24.358706740565097,59.96310993732335,-0.32405521457404746,-0.06467384694455773,0.25015497360426175,0.007700219743607943,-0.2593813676294897,0.24245475386065382,-0.3887290615186052,0.2578551933478697,A0-DYNAMIC-OPPONENT-ADJUSTED-JOINT-SCORE-V1,2023,2022,2022-REG-END,100.0,4,phase3-feature-provenance-v1,5f148219527b07d85261d3f196ace97a5eb5646271d43596032a692389abc579,2c5cc1af74fc5f3955e44361b82b791710e4b63bbc69b0c15570617e2d86e543,NONE,A0_training_only_home_away_cov_v1,93.9438752361566,92.88438402876609,3.0676405491641043
2023_14_MIN_LV,2023,14,2023-12-10,LV,MIN,0.0,3.0,20.64775456736907,20.485373368767988,1.0,-3.0,3.0,0.16238119860108213,41.13312793613706,0.5048190852415801,9.692464868966852,9.637654487932533,13.442208827666473,13.891131716431563,13.668513425567635,-8.904250875655242,9.229013272857406,-17.06450256887234,17.389264966074503,31.763701974780265,50.502553897493854,23.33092633775793,58.935329534516185,0.007821564176369521,0.2322320737396432,-0.15525654473167963,-0.30618911925272785,-0.22441050956327366,0.15093257452104822,0.24005363791601272,-0.46144566398440745,A0-DYNAMIC-OPPONENT-ADJUSTED-JOINT-SCORE-V1,2023,2022,2022-REG-END,100.0,4,phase3-feature-provenance-v1,5f148219527b07d85261d3f196ace97a5eb5646271d43596032a692389abc579,2c5cc1af74fc5f3955e44361b82b791710e4b63bbc69b0c15570617e2d86e543,NONE,A0_training_only_home_away_cov_v1,93.9438752361566,92.88438402876609,3.0676405491641043
2023_14_NE_PIT,2023,14,2023-12-07,PIT,NE,18.0,21.0,21.00487376944761,16.114954044217725,0.0,-3.0,39.0,4.889919725229884,37.11982781366534,0.6419864339560819,9.692464868966852,9.637654487932533,13.442208827666473,13.891131716431563,13.668513425567635,-4.17671234902644,13.956551799486208,-12.336964042243537,22.116803492703305,27.750401852308546,46.489253775022135,19.31762621528621,54.922029412044466,-0.054004644284425696,0.032002137956619485,0.25022357055619293,-0.012970028937614439,-0.08600678224104519,0.2631935994938074,-0.02200250632780621,0.23725354161857848,A0-DYNAMIC-OPPONENT-ADJUSTED-JOINT-SCORE-V1,2023,2022,2022-REG-END,100.0,4,phase3-feature-provenance-v1,5f148219527b07d85261d3f196ace97a5eb5646271d43596032a692389abc579,2c5cc1af74fc5f3955e44361b82b791710e4b63bbc69b0c15570617e2d86e543,NONE,A0_training_only_home_away_cov_v1,93.9438752361566,92.88438402876609,3.0676405491641043
2023_14_PHI_DAL,2023,14,2023-12-10,DAL,PHI,33.0,13.0,26.43268892581735,22.515309575549498,3.0,20.0,46.0,3.9173793502678507,48.94799850136685,0.6146363863899771,9.692464868966852,9.637654487932533,13.442208827666473,13.891131716431563,13.668513425567635,-5.149252723988473,12.984011424524175,-13.30950441720557,21.14426311774127,39.57857254001006,58.317424462723636,31.14579690298772,66.75020009974597,0.27003360090875156,0.19789619909341943,-0.15606479172887217,-0.03478194540926798,0.07213740181533213,-0.12128284631960418,0.467929800002171,-0.19084673713814015,A0-DYNAMIC-OPPONENT-ADJUSTED-JOINT-SCORE-V1,2023,2022,2022-REG-END,100.0,4,phase3-feature-provenance-v1,5f148219527b07d85261d3f196ace97a5eb5646271d43596032a692389abc579,2c5cc1af74fc5f3955e44361b82b791710e4b63bbc69b0c15570617e2d86e543,NONE,A0_training_only_home_away_cov_v1,93.9438752361566,92.88438402876609,3.0676405491641043
2023_14_SEA_SF,2023,14,2023-12-10,SF,SEA,28.0,16.0,28.511188329456136,20.059591816639376,-3.0,12.0,44.0,8.45159651281676,48.570780146095515,0.7352389474536575,9.692464868966852,9.637654487932533,13.442208827666473,13.891131716431563,13.668513425567635,-0.615035561439564,17.518228587073082,-8.77528725465666,25.67848028029018,39.20135418473872,57.94020610745231,30.768578547716388,66.37298174447464,0.3419238652775772,-0.0732611909215084,0.23255762425378634,0.02832270831121208,0.4151850561990856,0.20423491594257426,0.2686626743560688,0.26088033256499843,A0-DYNAMIC-OPPONENT-ADJUSTED-JOINT-SCORE-V1,2023,2022,2022-REG-END,100.0,4,phase3-feature-provenance-v1,5f148219527b07d85261d3f196ace97a5eb5646271d43596032a692389abc579,2c5cc1af74fc5f3955e44361b82b791710e4b63bbc69b0c15570617e2d86e543,NONE,A0_training_only_home_away_cov_v1,93.9438752361566,92.88438402876609,3.0676405491641043
2023_14_TB_ATL,2023,14,2023-12-10,ATL,TB,25.0,29.0,21.126722130269474,19.435305315035226,0.0,-4.0,54.0,1.6914168152342484,40.5620274453047,0.5500662724531119,9.692464868966852,9.637654487932533,13.442208827666473,13.891131716431563,13.668513425567635,-7.375215259022076,10.758048889490572,-15.535466952239172,18.91830058270767,31.192601483947907,49.93145340666149,22.759825846925573,58.36422904368383,-0.05737413207427318,-0.2040678597447881,0.006704794530812161,-0.13388464556797583,0.14669372767051492,0.140589440098788,-0.2614419918190613,-0.12717985103716367,A0-DYNAMIC-OPPONENT-ADJUSTED-JOINT-SCORE-V1,2023,2022,2022-REG-END,100.0,4,phase3-feature-provenance-v1,5f148219527b07d85261d3f196ace97a5eb5646271d43596032a692389abc579,2c5cc1af74fc5f3955e44361b82b791710e4b63bbc69b0c15570617e2d86e543,NONE,A0_training_only_home_away_cov_v1,93.9438752361566,92.88438402876609,3.0676405491641043
2023_14_TEN_MIA,2023,14,2023-12-11,MIA,TEN,27.0,28.0,25.155669515589732,18.72597689370159,0.0,-1.0,55.0,6.429692621888144,43.88164640929132,0.683789173097296,9.692464868966852,9.637654487932533,13.442208827666473,13.891131716431563,13.668513425567635,-2.63693945236818,15.496324696144468,-10.797191145585277,23.656576389361565,34.512220447934524,53.25107237064812,26.079444810912193,61.68384800767045,-0.03691662102764412,-0.2868852982026033,-0.04319803175371407,-0.06184931537789215,0.24996867717495916,0.018651283624178082,-0.32380191923024737,-0.10504734713160621,A0-DYNAMIC-OPPONENT-ADJUSTED-JOINT-SCORE-V1,2023,2022,2022-REG-END,100.0,4,phase3-feature-provenance-v1,5f148219527b07d85261d3f196ace97a5eb5646271d43596032a692389abc579,2c5cc1af74fc5f3955e44361b82b791710e4b63bbc69b0c15570617e2d86e543,NONE,A0_training_only_home_away_cov_v1,93.9438752361566,92.88438402876609,3.0676405491641043
2023_15_ATL_CAR,2023,15,2023-12-17,CAR,ATL,9.0,7.0,17.88311410229881,18.97807514126348,0.0,2.0,16.0,-1.094961038964673,36.86118924356229,0.46753928867011985,9.692464868966852,9.637654487932533,13.442208827666473,13.891131716431563,13.668513425567635,-10.161593113220997,7.971671035291651,-18.321844806438094,16.131922728508748,27.4917632822055,46.23061520491909,19.058987645183166,54.66339084194142,0.11624680194065612,-0.05737413207427318,0.0711115579295539,0.006704794530812161,0.17362093401492928,0.06440676339874174,0.05887266986638294,0.07781635246036606,A0-DYNAMIC-OPPONENT-ADJUSTED-JOINT-SCORE-V1,2023,2022,2022-REG-END,100.0,4,phase3-feature-provenance-v1,5f148219527b07d85261d3f196ace97a5eb5646271d43596032a692389abc579,2c5cc1af74fc5f3955e44361b82b791710e4b63bbc69b0c15570617e2d86e543,NONE,A0_training_only_home_away_cov_v1,93.9438752361566,92.88438402876609,3.0676405491641043
2023_15_BAL_JAX,2023,15,2023-12-17,JAX,BAL,7.0,23.0,22.308159948068596,21.430519948198842,0.0,-16.0,30.0,0.8776399998697535,43.73867989626744,0.5260283941630922,9.692464868966852,9.637654487932533,13.442208827666473,13.891131716431563,13.668513425567635,-8.18899207438657,9.944272074126077,-16.349243767603667,18.104523767343174,34.369253934910645,53.10810585762424,25.936478297888314,61.54088149464657,0.17873322044233195,-0.32405521457404746,0.1534031634215783,0.25015497360426175,0.5027884350163794,-0.09675181018268345,-0.1453219941317155,0.4035581370258401,A0-DYNAMIC-OPPONENT-ADJUSTED-JOINT-SCORE-V1,2023,2022,2022-REG-END,100.0,4,phase3-feature-provenance-v1,5f148219527b07d85261d3f196ace97a5eb5646271d43596032a692389abc579,2c5cc1af74fc5f3955e44361b82b791710e4b63bbc69b0c15570617e2d86e543,NONE,A0_training_only_home_away_cov_v1,93.9438752361566,92.88438402876609,3.0676405491641043
2023_15_CHI_CLE,2023,15,2023-12-17,CLE,CHI,20.0,17.0,19.815580590672365,16.429524484876424,0.0,3.0,37.0,3.386056105795941,36.24510507554879,0.5994397765870373,9.692464868966852,9.637654487932533,13.442208827666473,13.891131716431563,13.668513425567635,-5.680575968460383,12.452688180052265,-13.84082766167748,20.61293987326936,26.875679114192,45.61453103690559,18.442903477169665,54.04730667392792,-0.15558690395478042,-0.1452043886560311,0.17431906458262486,-0.4546051978585218,-0.010382515298749312,0.6289242624411466,-0.3007912926108115,-0.28028613327589696,A0-DYNAMIC-OPPONENT-ADJUSTED-JOINT-SCORE-V1,2023,2022,2022-REG-END,100.0,4,phase3-feature-provenance-v1,5f148219527b07d85261d3f196ace97a5eb5646271d43596032a692389abc579,2c5cc1af74fc5f3955e44361b82b791710e4b63bbc69b0c15570617e2d86e543,NONE,A0_training_only_home_away_cov_v1,93.9438752361566,92.88438402876609,3.0676405491641043
2023_15_DAL_BUF,2023,15,2023-12-17,BUF,DAL,31.0,10.0,25.203158185236628,24.196458750462323,0.0,21.0,41.0,1.0066994347743048,49.39961693569895,0.5298492509154621,9.692464868966852,9.637654487932533,13.442208827666473,13.891131716431563,13.668513425567635,-8.05993263948202,10.073331509030629,-16.220184332699116,18.233583202247726,40.03019097434216,58.76904289705574,31.597415337319823,67.20181853407809,0.24428604417347138,0.27003360090875156,0.08476651380437006,-0.15606479172887217,-0.025747556735280175,0.24083130553324222,0.5143196450822229,-0.07129827792450211,A0-DYNAMIC-OPPONENT-ADJUSTED-JOINT-SCORE-V1,2023,2022,2022-REG-END,100.0,4,phase3-feature-provenance-v1,5f148219527b07d85261d3f196ace97a5eb5646271d43596032a692389abc579,2c5cc1af74fc5f3955e44361b82b791710e4b63bbc69b0c15570617e2d86e543,NONE,A0_training_only_home_away_cov_v1,93.9438752361566,92.88438402876609,3.0676405491641043
2023_15_DEN_DET,2023,15,2023-12-16,DET,DEN,42.0,17.0,24.23503879911077,18.628906734200502,0.0,25.0,59.0,5.60613206491027,42.86394553331127,0.661680683758519,9.692464868966852,9.637654487932533,13.442208827666473,13.891131716431563,13.668513425567635,-3.4605000093460543,14.672764139166594,-11.620751702563151,22.83301583238369,33.494519571954484,52.23337149466806,25.061743934932146,60.6661471316904,0.25074325513128526,0.026109579313023306,-0.024143824796604176,-0.1077995155601703,0.22463367581826196,0.08365569076356612,0.2768528344443086,-0.13194334035677446,A0-DYNAMIC-OPPONENT-ADJUSTED-JOINT-SCORE-V1,2023,2022,2022-REG-END,100.0,4,phase3-feature-provenance-v1,5f148219527b07d85261d3f196ace97a5eb5646271d43596032a692389abc579,2c5cc1af74fc5f3955e44361b82b791710e4b63bbc69b0c15570617e2d86e543,NONE,A0_training_only_home_away_cov_v1,93.9438752361566,92.88438402876609,3.0676405491641043
2023_15_HOU_TEN,2023,15,2023-12-17,TEN,HOU,16.0,19.0,21.5108051395638,18.867295616342812,-1.0,-3.0,35.0,2.643509523220988,40.378100755906615,0.5779521663849692,9.692464868966852,9.637654487932533,13.442208827666473,13.891131716431563,13.668513425567635,-6.423122551035336,11.710141597477312,-14.583374244252433,19.87039329069441,31.008674794549822,49.74752671726341,22.575899157527488,58.18030235428574,-0.2868852982026033,0.0016843291387035847,-0.06184931537789215,-0.2304827126171681,-0.28856962734130687,0.16863339723927595,-0.2852009690638997,-0.29233202799506025,A0-DYNAMIC-OPPONENT-ADJUSTED-JOINT-SCORE-V1,2023,2022,2022-REG-END,100.0,4,phase3-feature-provenance-v1,5f148219527b07d85261d3f196ace97a5eb5646271d43596032a692389abc579,2c5cc1af74fc5f3955e44361b82b791710e4b63bbc69b0c15570617e2d86e543,NONE,A0_training_only_home_away_cov_v1,93.9438752361566,92.88438402876609,3.0676405491641043
2023_15_KC_NE,2023,15,2023-12-17,NE,KC,17.0,27.0,17.843631041047296,22.948274366939096,3.0,-10.0,44.0,-5.1046433258918,40.79190540798639,0.35206648008788044,9.692464868966852,9.637654487932533,13.442208827666473,13.891131716431563,13.668513425567635,-14.171275400148124,3.961988748364524,-22.33152709336522,12.12224044158162,31.4224794466296,50.16133136934319,22.989703809607263,58.59410700636552,0.032002137956619485,0.08347998558285964,-0.012970028937614439,0.12359465459269325,-0.05147784762624016,-0.1365646835303077,0.11548212353947912,0.11062462565507881,A0-DYNAMIC-OPPONENT-ADJUSTED-JOINT-SCORE-V1,2023,2022,2022-REG-END,100.0,4,phase3-feature-provenance-v1,5f148219527b07d85261d3f196ace97a5eb5646271d43596032a692389abc579,2c5cc1af74fc5f3955e44361b82b791710e4b63bbc69b0c15570617e2d86e543,NONE,A0_training_only_home_away_cov_v1,93.9438752361566,92.88438402876609,3.0676405491641043
2023_15_LAC_LV,2023,15,2023-12-14,LV,LAC,63.0,21.0,19.182081521404136,20.240103999553178,0.0,42.0,84.0,-1.0580224781490415,39.42218552095731,0.4686320533184457,9.692464868966852,9.637654487932533,13.442208827666473,13.891131716431563,13.668513425567635,-10.124654552405365,8.008609596107283,-18.284906245622462,16.16886128932438,30.05275955960052,48.79161148231411,21.619983922578186,57.22438711933644,0.007821564176369521,0.09588051418087094,-0.15525654473167963,0.05380158007528008,-0.08805895000450142,-0.2090581248069597,0.10370207835724046,-0.10145496465639955,A0-DYNAMIC-OPPONENT-ADJUSTED-JOINT-SCORE-V1,2023,2022,2022-REG-END,100.0,4,phase3-feature-provenance-v1,5f148219527b07d85261d3f196ace97a5eb5646271d43596032a692389abc579,2c5cc1af74fc5f3955e44361b82b791710e4b63bbc69b0c15570617e2d86e543,NONE,A0_training_only_home_away_cov_v1,93.9438752361566,92.88438402876609,3.0676405491641043
2023_15_MIN_CIN,2023,15,2023-12-16,CIN,MIN,27.0,24.0,23.89476115312004,19.769269848272128,0.0,3.0,51.0,4.1254913048479125,43.66403100139217,0.6205424473357363,9.692464868966852,9.637654487932533,13.442208827666473,13.891131716431563,13.668513425567635,-4.9411407694084115,13.192123379104236,-13.101392462625508,21.352375072321333,34.29460504003538,53.03345696274896,25.86182940301304,61.466232599771295,0.18688868200372877,0.2322320737396432,0.1300318443399049,-0.30618911925272785,-0.04534339173591442,0.43622096359263274,0.41912075574337193,-0.17615727491282296,A0-DYNAMIC-OPPONENT-ADJUSTED-JOINT-SCORE-V1,2023,2022,2022-REG-END,100.0,4,phase3-feature-provenance-v1,5f148219527b07d85261d3f196ace97a5eb5646271d43596032a692389abc579,2c5cc1af74fc5f3955e44361b82b791710e4b63bbc69b0c15570617e2d86e543,NONE,A0_training_only_home_away_cov_v1,93.9438752361566,92.88438402876609,3.0676405491641043
2023_15_NYG_NO,2023,15,2023-12-17,NO,NYG,24.0,6.0,21.39856475351855,16.266881709262933,1.0,18.0,30.0,5.131683044255617,37.66544646278148,0.6486799017322402,9.692464868966852,9.637654487932533,13.442208827666473,13.891131716431563,13.668513425567635,-3.9349490300007073,14.19831511851194,-12.095200723217804,22.358566811729037,28.29602050142469,47.03487242413827,19.863244864402354,55.46764806116061,-0.25534300572633034,0.1370448014282821,0.2970102175720367,-0.022275702842112763,-0.3923878071546124,0.3192859204141495,-0.11829820429804824,0.27473451472992394,A0-DYNAMIC-OPPONENT-ADJUSTED-JOINT-SCORE-V1,2023,2022,2022-REG-END,100.0,4,phase3-feature-provenance-v1,5f148219527b07d85261d3f196ace97a5eb5646271d43596032a692389abc579,2c5cc1af74fc5f3955e44361b82b791710e4b63bbc69b0c15570617e2d86e543,NONE,A0_training_only_home_away_cov_v1,93.9438752361566,92.88438402876609,3.0676405491641043
2023_15_NYJ_MIA,2023,15,2023-12-17,MIA,NYJ,30.0,0.0,23.822382113461288,14.655040530079614,-1.0,30.0,30.0,9.167341583381674,38.477422643540905,0.7523747659421092,9.692464868966852,9.637654487932533,13.442208827666473,13.891131716431563,13.668513425567635,0.10070950912535004,18.233973657637996,-8.059542184091747,26.394225350855095,29.107996682184112,47.8468486048977,20.675221045161777,56.27962424192003,-0.03691662102764412,-0.3359577457612426,-0.04319803175371407,0.3242230084618013,0.29904112473359845,-0.36742104021551536,-0.37287436678888675,0.28102497670808724,A0-DYNAMIC-OPPONENT-ADJUSTED-JOINT-SCORE-V1,2023,2022,2022-REG-END,100.0,4,phase3-feature-provenance-v1,5f148219527b07d85261d3f196ace97a5eb5646271d43596032a692389abc579,2c5cc1af74fc5f3955e44361b82b791710e4b63bbc69b0c15570617e2d86e543,NONE,A0_training_only_home_away_cov_v1,93.9438752361566,92.88438402876609,3.0676405491641043
2023_15_PHI_SEA,2023,15,2023-12-18,SEA,PHI,20.0,17.0,22.298382519938986,22.31379066249769,0.0,3.0,37.0,-0.015408142558705151,44.61217318243668,0.49954271219396645,9.692464868966852,9.637654487932533,13.442208827666473,13.891131716431563,13.668513425567635,-9.08204021681503,9.051223931697619,-17.242291910032126,17.211475624914716,35.24274722107988,53.981599143793474,26.80997158405755,62.414374780815805,-0.0732611909215084,0.19789619909341943,0.02832270831121208,-0.03478194540926798,-0.27115739001492783,0.06310465372048006,0.12463500817191103,-0.006459237098055903,A0-DYNAMIC-OPPONENT-ADJUSTED-JOINT-SCORE-V1,2023,2022,2022-REG-END,100.0,4,phase3-feature-provenance-v1,5f148219527b07d85261d3f196ace97a5eb5646271d43596032a692389abc579,2c5cc1af74fc5f3955e44361b82b791710e4b63bbc69b0c15570617e2d86e543,NONE,A0_training_only_home_away_cov_v1,93.9438752361566,92.88438402876609,3.0676405491641043
2023_15_PIT_IND,2023,15,2023-12-16,IND,PIT,30.0,13.0,20.052214726116553,19.622811230245787,-3.0,17.0,43.0,0.42940349587076554,39.67502595636234,0.5127418106325091,9.692464868966852,9.637654487932533,13.442208827666473,13.891131716431563,13.668513425567635,-8.637228578385558,9.49603557012709,-16.797480271602655,17.656287263344186,30.305599995005547,49.04445191771913,21.872824357983212,57.47722755474147,-0.06391896406711367,-0.054004644284425696,-0.45567361639752485,0.25022357055619293,-0.009914319782687975,-0.7058971869537178,-0.11792360835153937,-0.20545004584133192,A0-DYNAMIC-OPPONENT-ADJUSTED-JOINT-SCORE-V1,2023,2022,2022-REG-END,100.0,4,phase3-feature-provenance-v1,5f148219527b07d85261d3f196ace97a5eb5646271d43596032a692389abc579,2c5cc1af74fc5f3955e44361b82b791710e4b63bbc69b0c15570617e2d86e543,NONE,A0_training_only_home_away_cov_v1,93.9438752361566,92.88438402876609,3.0676405491641043
2023_15_SF_ARI,2023,15,2023-12-17,ARI,SF,29.0,45.0,17.761864191876864,27.333868126001057,7.0,-16.0,74.0,-9.572003934124194,45.09573231787792,0.23820587165125978,9.692464868966852,9.637654487932533,13.442208827666473,13.891131716431563,13.668513425567635,-18.638636008380516,-0.5053718598678696,-26.798887701597614,7.654879833349227,35.72630635652112,54.465158279234714,27.29353071949879,62.897933916257045,-0.13609498092431277,0.3419238652775772,-0.2090631268091023,0.23255762425378634,-0.47801884620188995,-0.4416207510628887,0.2058288843532644,0.023494497444684043,A0-DYNAMIC-OPPONENT-ADJUSTED-JOINT-SCORE-V1,2023,2022,2022-REG-END,100.0,4,phase3-feature-provenance-v1,5f148219527b07d85261d3f196ace97a5eb5646271d43596032a692389abc579,2c5cc1af74fc5f3955e44361b82b791710e4b63bbc69b0c15570617e2d86e543,NONE,A0_training_only_home_away_cov_v1,93.9438752361566,92.88438402876609,3.0676405491641043
2023_15_TB_GB,2023,15,2023-12-17,GB,TB,20.0,34.0,24.227829528988252,20.183577673970753,-1.0,-14.0,54.0,4.0442518550174995,44.411407202959005,0.6182401933148844,9.692464868966852,9.637654487932533,13.442208827666473,13.891131716431563,13.668513425567635,-5.0223802192388245,13.110883929273824,-13.182631912455921,21.27113562249092,35.041981241602215,53.780833164315794,26.609205604579877,62.21360880133813,0.03767092297079481,-0.2040678597447881,0.06356880691560689,-0.13388464556797583,0.2417387827155829,0.1974534524835827,-0.1663969367739933,-0.07031583865236894,A0-DYNAMIC-OPPONENT-ADJUSTED-JOINT-SCORE-V1,2023,2022,2022-REG-END,100.0,4,phase3-feature-provenance-v1,5f148219527b07d85261d3f196ace97a5eb5646271d43596032a692389abc579,2c5cc1af74fc5f3955e44361b82b791710e4b63bbc69b0c15570617e2d86e543,NONE,A0_training_only_home_away_cov_v1,93.9438752361566,92.88438402876609,3.0676405491641043
2023_15_WAS_LA,2023,15,2023-12-17,LA,WAS,28.0,20.0,21.039554242216685,17.79924726501461,-7.0,8.0,48.0,3.2403069772020743,38.838801507231295,0.5952436207046142,9.692464868966852,9.637654487932533,13.442208827666473,13.891131716431563,13.668513425567635,-5.82632509705425,12.306939051458398,-13.986576790271346,20.467190744675495,29.469375545874502,48.20822746858809,21.036599908852168,56.64100310561042,-0.06467384694455773,-0.07075177403044852,0.007700219743607943,0.12415474904778158,0.006077927085890791,-0.11645452930417363,-0.13542562097500627,0.13185496879138953,A0-DYNAMIC-OPPONENT-ADJUSTED-JOINT-SCORE-V1,2023,2022,2022-REG-END,100.0,4,phase3-feature-provenance-v1,5f148219527b07d85261d3f196ace97a5eb5646271d43596032a692389abc579,2c5cc1af74fc5f3955e44361b82b791710e4b63bbc69b0c15570617e2d86e543,NONE,A0_training_only_home_away_cov_v1,93.9438752361566,92.88438402876609,3.0676405491641043
2023_16_ARI_CHI,2023,16,2023-12-24,CHI,ARI,27.0,16.0,19.525396245538545,16.826149118939814,0.0,11.0,43.0,2.6992471265987312,36.351545364478355,0.5795740191978196,9.692464868966852,9.637654487932533,13.442208827666473,13.891131716431563,13.668513425567635,-6.367384947657593,11.765879200855055,-14.52763664087469,19.926130894072152,26.982119403121562,45.72097132583515,18.549343766099227,54.15374696285748,-0.1452043886560311,-0.13609498092431277,-0.4546051978585218,-0.2090631268091023,-0.009109407731718339,-0.24554207104941952,-0.28129936958034385,-0.6636683246676242,A0-DYNAMIC-OPPONENT-ADJUSTED-JOINT-SCORE-V1,2023,2022,2022-REG-END,100.0,4,phase3-feature-provenance-v1,5f148219527b07d85261d3f196ace97a5eb5646271d43596032a692389abc579,2c5cc1af74fc5f3955e44361b82b791710e4b63bbc69b0c15570617e2d86e543,NONE,A0_training_only_home_away_cov_v1,93.9438752361566,92.88438402876609,3.0676405491641043
2023_16_BAL_SF,2023,16,2023-12-25,SF,BAL,19.0,33.0,28.357847526398984,21.097003832318244,0.0,-14.0,52.0,7.260843694080741,49.45485135871723,0.7054540917650319,9.692464868966852,9.637654487932533,13.442208827666473,13.891131716431563,13.668513425567635,-1.8057883801755832,16.327475768337067,-9.96604007339268,24.48772746155416,40.08542539736044,58.82427732007402,31.6526497603381,67.25705295709636,0.3419238652775772,-0.32405521457404746,0.23255762425378634,0.25015497360426175,0.6659790798516246,-0.01759734935047541,0.01786865070352972,0.4827125978580481,A0-DYNAMIC-OPPONENT-ADJUSTED-JOINT-SCORE-V1,2023,2022,2022-REG-END,100.0,4,phase3-feature-provenance-v1,5f148219527b07d85261d3f196ace97a5eb5646271d43596032a692389abc579,2c5cc1af74fc5f3955e44361b82b791710e4b63bbc69b0c15570617e2d86e543,NONE,A0_training_only_home_away_cov_v1,93.9438752361566,92.88438402876609,3.0676405491641043
2023_16_BUF_LAC,2023,16,2023-12-23,LAC,BUF,22.0,24.0,21.15808682044573,23.74606690108221,3.0,-2.0,46.0,-2.587980080636477,44.90415372152794,0.4236649450443358,9.692464868966852,9.637654487932533,13.442208827666473,13.891131716431563,13.668513425567635,-11.654612154892801,6.478651993619847,-19.814863848109898,14.638903686836944,35.53472776017115,54.27357968288473,27.101952123148813,62.70635531990707,0.09588051418087094,0.24428604417347138,0.05380158007528008,0.08476651380437006,-0.14840552999260043,-0.030964933729089976,0.34016655835434234,0.13856809387965013,A0-DYNAMIC-OPPONENT-ADJUSTED-JOINT-SCORE-V1,2023,2022,2022-REG-END,100.0,4,phase3-feature-provenance-v1,5f148219527b07d85261d3f196ace97a5eb5646271d43596032a692389abc579,2c5cc1af74fc5f3955e44361b82b791710e4b63bbc69b0c15570617e2d86e543,NONE,A0_training_only_home_away_cov_v1,93.9438752361566,92.88438402876609,3.0676405491641043
2023_16_CIN_PIT,2023,16,2023-12-23,PIT,CIN,34.0,11.0,20.304137432534766,21.687021201459043,0.0,23.0,45.0,-1.3828837689242768,41.991158633993805,0.45903060159395337,9.692464868966852,9.637654487932533,13.442208827666473,13.891131716431563,13.668513425567635,-10.4495158431806,7.683748305332047,-18.609767536397698,15.843999998549144,32.62173267263701,51.3605845953506,24.188957035614678,59.79336023237293,-0.054004644284425696,0.18688868200372877,0.25022357055619293,0.1300318443399049,-0.24089332628815446,0.12019172621628804,0.13288403771930307,0.3802554148960978,A0-DYNAMIC-OPPONENT-ADJUSTED-JOINT-SCORE-V1,2023,2022,2022-REG-END,100.0,4,phase3-feature-provenance-v1,5f148219527b07d85261d3f196ace97a5eb5646271d43596032a692389abc579,2c5cc1af74fc5f3955e44361b82b791710e4b63bbc69b0c15570617e2d86e543,NONE,A0_training_only_home_away_cov_v1,93.9438752361566,92.88438402876609,3.0676405491641043
2023_16_CLE_HOU,2023,16,2023-12-24,HOU,CLE,22.0,36.0,19.348848558905367,17.091827338315415,0.0,-14.0,58.0,2.2570212205899516,36.440675897220785,0.5666712008808382,9.692464868966852,9.637654487932533,13.442208827666473,13.891131716431563,13.668513425567635,-6.809610853666372,11.323653294846276,-14.96986254688347,19.483904988063372,27.071249935863992,45.81010185857758,18.638474298841658,54.24287749559991,0.0016843291387035847,-0.15558690395478042,-0.2304827126171681,0.17431906458262486,0.157271233093484,-0.40480177719979293,-0.15390257481607683,-0.05616364803454324,A0-DYNAMIC-OPPONENT-ADJUSTED-JOINT-SCORE-V1,2023,2022,2022-REG-END,100.0,4,phase3-feature-provenance-v1,5f148219527b07d85261d3f196ace97a5eb5646271d43596032a692389abc579,2c5cc1af74fc5f3955e44361b82b791710e4b63bbc69b0c15570617e2d86e543,NONE,A0_training_only_home_away_cov_v1,93.9438752361566,92.88438402876609,3.0676405491641043
2023_16_DAL_MIA,2023,16,2023-12-24,MIA,DAL,22.0,20.0,24.902725276385798,23.006386886616973,0.0,2.0,42.0,1.8963383897688253,47.909112163002774,0.55609402983411,9.692464868966852,9.637654487932533,13.442208827666473,13.891131716431563,13.668513425567635,-7.170293684487499,10.96297046402515,-15.330545377704595,19.123222157242246,38.53968620164598,57.27853812435957,30.106910564623647,65.7113137613819,-0.03691662102764412,0.27003360090875156,-0.04319803175371407,-0.15606479172887217,-0.30695022193639565,0.1128667599751581,0.23311697988110744,-0.19926282348258623,A0-DYNAMIC-OPPONENT-ADJUSTED-JOINT-SCORE-V1,2023,2022,2022-REG-END,100.0,4,phase3-feature-provenance-v1,5f148219527b07d85261d3f196ace97a5eb5646271d43596032a692389abc579,2c5cc1af74fc5f3955e44361b82b791710e4b63bbc69b0c15570617e2d86e543,NONE,A0_training_only_home_away_cov_v1,93.9438752361566,92.88438402876609,3.0676405491641043
2023_16_DET_MIN,2023,16,2023-12-24,MIN,DET,24.0,30.0,21.888603467576495,22.887859178882067,0.0,-6.0,54.0,-0.9992557113055724,44.77646264645856,0.4703710522508021,9.692464868966852,9.637654487932533,13.442208827666473,13.891131716431563,13.668513425567635,-10.065887785561896,8.067376362950752,-18.226139478778993,16.22762805616785,35.40703668510177,54.14588860781535,26.974261048079434,62.57866424483769,0.2322320737396432,0.25074325513128526,-0.30618911925272785,-0.024143824796604176,-0.018511181391642068,-0.2820452944561237,0.4829753288709284,-0.330332944049332,A0-DYNAMIC-OPPONENT-ADJUSTED-JOINT-SCORE-V1,2023,2022,2022-REG-END,100.0,4,phase3-feature-provenance-v1,5f148219527b07d85261d3f196ace97a5eb5646271d43596032a692389abc579,2c5cc1af74fc5f3955e44361b82b791710e4b63bbc69b0c15570617e2d86e543,NONE,A0_training_only_home_away_cov_v1,93.9438752361566,92.88438402876609,3.0676405491641043
2023_16_GB_CAR,2023,16,2023-12-24,CAR,GB,30.0,33.0,18.570230263381827,22.003820746630335,0.0,-3.0,63.0,-3.4335904832485085,40.57405101001216,0.3991941487364831,9.692464868966852,9.637654487932533,13.442208827666473,13.891131716431563,13.668513425567635,-12.500222557504832,5.6330415910078155,-20.66047425072193,13.793293284224912,31.20462504865537,49.94347697136895,22.771849411633035,58.37625260839129,0.11624680194065612,0.03767092297079481,0.0711115579295539,0.06356880691560689,0.07857587896986132,0.0075427510139470105,0.15391772491145092,0.13468036484516077,A0-DYNAMIC-OPPONENT-ADJUSTED-JOINT-SCORE-V1,2023,2022,2022-REG-END,100.0,4,phase3-feature-provenance-v1,5f148219527b07d85261d3f196ace97a5eb5646271d43596032a692389abc579,2c5cc1af74fc5f3955e44361b82b791710e4b63bbc69b0c15570617e2d86e543,NONE,A0_training_only_home_away_cov_v1,93.9438752361566,92.88438402876609,3.0676405491641043
2023_16_IND_ATL,2023,16,2023-12-24,ATL,IND,29.0,10.0,20.96204026126323,18.74363326312841,-1.0,19.0,39.0,2.218406998134821,39.70567352439164,0.5655409652567576,9.692464868966852,9.637654487932533,13.442208827666473,13.891131716431563,13.668513425567635,-6.848225076121503,11.285039072391145,-15.0084767693386,19.44529076560824,30.33624756303485,49.07509948574844,21.903471926012514,57.50787512277077,-0.05737413207427318,-0.06391896406711367,0.006704794530812161,-0.45567361639752485,0.006544831992840491,0.46237841092833704,-0.12129309614138685,-0.44896882186671266,A0-DYNAMIC-OPPONENT-ADJUSTED-JOINT-SCORE-V1,2023,2022,2022-REG-END,100.0,4,phase3-feature-provenance-v1,5f148219527b07d85261d3f196ace97a5eb5646271d43596032a692389abc579,2c5cc1af74fc5f3955e44361b82b791710e4b63bbc69b0c15570617e2d86e543,NONE,A0_training_only_home_away_cov_v1,93.9438752361566,92.88438402876609,3.0676405491641043
2023_16_JAX_TB,2023,16,2023-12-24,TB,JAX,30.0,12.0,22.743793721223817,20.91589960051536,0.0,18.0,42.0,1.8278941207084571,43.65969332173918,0.554082117618031,9.692464868966852,9.637654487932533,13.442208827666473,13.891131716431563,13.668513425567635,-7.238737953547867,10.894526194964781,-15.398989646764964,19.054777888181878,34.29026736038239,53.029119283095966,25.85749172336005,61.461894920118304,-0.2040678597447881,0.17873322044233195,-0.13388464556797583,0.1534031634215783,-0.38280108018712006,-0.28728780898955414,-0.025334639302456163,0.01951851785360248,A0-DYNAMIC-OPPONENT-ADJUSTED-JOINT-SCORE-V1,2023,2022,2022-REG-END,100.0,4,phase3-feature-provenance-v1,5f148219527b07d85261d3f196ace97a5eb5646271d43596032a692389abc579,2c5cc1af74fc5f3955e44361b82b791710e4b63bbc69b0c15570617e2d86e543,NONE,A0_training_only_home_away_cov_v1,93.9438752361566,92.88438402876609,3.0676405491641043
2023_16_LV_KC,2023,16,2023-12-25,KC,LV,14.0,20.0,24.948148102377523,17.72750730915648,-3.0,-6.0,34.0,7.220640793221044,42.675655411534,0.7044220646814107,9.692464868966852,9.637654487932533,13.442208827666473,13.891131716431563,13.668513425567635,-1.84599128103528,16.28727286747737,-10.006242974252377,24.447524560694465,33.30622945017721,52.04508137289079,24.873453813154875,60.47785700991313,0.08347998558285964,0.007821564176369521,0.12359465459269325,-0.15525654473167963,0.07565842140649012,0.27885119932437286,0.09130154975922916,-0.031661890138986376,A0-DYNAMIC-OPPONENT-ADJUSTED-JOINT-SCORE-V1,2023,2022,2022-REG-END,100.0,4,phase3-feature-provenance-v1,5f148219527b07d85261d3f196ace97a5eb5646271d43596032a692389abc579,2c5cc1af74fc5f3955e44361b82b791710e4b63bbc69b0c15570617e2d86e543,NONE,A0_training_only_home_away_cov_v1,93.9438752361566,92.88438402876609,3.0676405491641043
2023_16_NE_DEN,2023,16,2023-12-24,DEN,NE,23.0,26.0,20.236948898161977,16.505502058962804,1.0,-3.0,49.0,3.7314468391991724,36.74245095712478,0.6093371332432925,9.692464868966852,9.637654487932533,13.442208827666473,13.891131716431563,13.668513425567635,-5.335185235057152,12.798078913455496,-13.495436928274248,20.958330606672593,27.373024995767988,46.11187691848157,18.940249358745653,54.54465255550391,0.026109579313023306,0.032002137956619485,-0.1077995155601703,-0.012970028937614439,-0.005892558643596179,-0.09482948662255586,0.05811171726964279,-0.12076954449778474,A0-DYNAMIC-OPPONENT-ADJUSTED-JOINT-SCORE-V1,2023,2022,2022-REG-END,100.0,4,phase3-feature-provenance-v1,5f148219527b07d85261d3f196ace97a5eb5646271d43596032a692389abc579,2c5cc1af74fc5f3955e44361b82b791710e4b63bbc69b0c15570617e2d86e543,NONE,A0_training_only_home_away_cov_v1,93.9438752361566,92.88438402876609,3.0676405491641043
2023_16_NO_LA,2023,16,2023-12-21,LA,NO,30.0,22.0,20.58723223929253,19.198782478758577,0.0,8.0,52.0,1.3884497605339519,39.786014718051106,0.5411337123919847,9.692464868966852,9.637654487932533,13.442208827666473,13.891131716431563,13.668513425567635,-7.678182313722372,10.455081834790276,-15.838434006939469,18.615333528007373,30.416588756694313,49.1554406794079,21.98381311967198,57.588216316430234,-0.06467384694455773,-0.25534300572633034,0.007700219743607943,0.2970102175720367,0.1906691587817726,-0.28930999782842876,-0.3200168526708881,0.3047104373156447,A0-DYNAMIC-OPPONENT-ADJUSTED-JOINT-SCORE-V1,2023,2022,2022-REG-END,100.0,4,phase3-feature-provenance-v1,5f148219527b07d85261d3f196ace97a5eb5646271d43596032a692389abc579,2c5cc1af74fc5f3955e44361b82b791710e4b63bbc69b0c15570617e2d86e543,NONE,A0_training_only_home_away_cov_v1,93.9438752361566,92.88438402876609,3.0676405491641043
2023_16_NYG_PHI,2023,16,2023-12-25,PHI,NYG,33.0,25.0,24.592985534892417,16.96493345579966,-1.0,8.0,58.0,7.6280520790927575,41.55791899069207,0.7148025947875629,9.692464868966852,9.637654487932533,13.442208827666473,13.891131716431563,13.668513425567635,-1.4385799951635665,16.69468415334908,-9.598831688380663,24.85493584656618,32.18849302933528,50.92734495204887,23.755717392312945,59.3601205890712,0.19789619909341943,0.1370448014282821,-0.03478194540926798,-0.022275702842112763,0.060851397665137336,-0.01250624256715522,0.3349410005217015,-0.057057648251380745,A0-DYNAMIC-OPPONENT-ADJUSTED-JOINT-SCORE-V1,2023,2022,2022-REG-END,100.0,4,phase3-feature-provenance-v1,5f148219527b07d85261d3f196ace97a5eb5646271d43596032a692389abc579,2c5cc1af74fc5f3955e44361b82b791710e4b63bbc69b0c15570617e2d86e543,NONE,A0_training_only_home_away_cov_v1,93.9438752361566,92.88438402876609,3.0676405491641043
2023_16_SEA_TEN,2023,16,2023-12-24,TEN,SEA,17.0,20.0,20.915792208510695,20.76749157674057,1.0,-3.0,37.0,0.1483006317701232,41.68328378525126,0.5044012254848367,9.692464868966852,9.637654487932533,13.442208827666473,13.891131716431563,13.668513425567635,-8.9183314424862,9.214932706026447,-17.078583135703298,17.375184399243544,32.313857823894466,51.05270974660806,23.881082186872135,59.48548538363039,-0.2868852982026033,-0.0732611909215084,-0.06184931537789215,0.02832270831121208,-0.21362410728109488,-0.09017202368910424,-0.3601464891241117,-0.03352660706668007,A0-DYNAMIC-OPPONENT-ADJUSTED-JOINT-SCORE-V1,2023,2022,2022-REG-END,100.0,4,phase3-feature-provenance-v1,5f148219527b07d85261d3f196ace97a5eb5646271d43596032a692389abc579,2c5cc1af74fc5f3955e44361b82b791710e4b63bbc69b0c15570617e2d86e543,NONE,A0_training_only_home_away_cov_v1,93.9438752361566,92.88438402876609,3.0676405491641043
2023_16_WAS_NYJ,2023,16,2023-12-24,NYJ,WAS,30.0,28.0,15.459619744210077,16.53412334924104,0.0,2.0,58.0,-1.0745036050309622,31.993743093451116,0.46814445744976685,9.692464868966852,9.637654487932533,13.442208827666473,13.891131716431563,13.668513425567635,-10.141135679287286,7.992128469225362,-18.301387372504383,16.15238016244246,22.624317132094323,41.36316905480791,14.191541495071988,49.79594469183024,-0.3359577457612426,-0.07075177403044852,0.3242230084618013,0.12415474904778158,-0.2652059717307941,0.20006825941401973,-0.4067095197916911,0.44837775750958286,A0-DYNAMIC-OPPONENT-ADJUSTED-JOINT-SCORE-V1,2023,2022,2022-REG-END,100.0,4,phase3-feature-provenance-v1,5f148219527b07d85261d3f196ace97a5eb5646271d43596032a692389abc579,2c5cc1af74fc5f3955e44361b82b791710e4b63bbc69b0c15570617e2d86e543,NONE,A0_training_only_home_away_cov_v1,93.9438752361566,92.88438402876609,3.0676405491641043
2023_17_ARI_PHI,2023,17,2023-12-31,PHI,ARI,31.0,35.0,25.25108076950699,16.48770885245689,-1.0,-4.0,66.0,8.763371917050101,41.73878962196388,0.7427766598469053,9.692464868966852,9.637654487932533,13.442208827666473,13.891131716431563,13.668513425567635,-0.303260157206223,17.830003991306427,-8.46351185042332,25.99025568452352,32.36936366060709,51.10821558332067,23.936588023584754,59.54099122034301,0.19789619909341943,-0.13609498092431277,-0.03478194540926798,-0.2090631268091023,0.3339911800177322,0.1742811813998343,0.061801218169106664,-0.2438450722183703,A0-DYNAMIC-OPPONENT-ADJUSTED-JOINT-SCORE-V1,2023,2022,2022-REG-END,100.0,4,phase3-feature-provenance-v1,5f148219527b07d85261d3f196ace97a5eb5646271d43596032a692389abc579,2c5cc1af74fc5f3955e44361b82b791710e4b63bbc69b0c15570617e2d86e543,NONE,A0_training_only_home_away_cov_v1,93.9438752361566,92.88438402876609,3.0676405491641043
2023_17_ATL_CHI,2023,17,2023-12-31,CHI,ATL,37.0,17.0,18.467671238128823,19.509698289484543,0.0,20.0,54.0,-1.0420270513557206,37.97736952761336,0.4691053247028512,9.692464868966852,9.637654487932533,13.442208827666473,13.891131716431563,13.668513425567635,-10.108659125612045,8.024605022900603,-18.26891081882914,16.1848567161177,28.60794356625657,47.34679548897016,20.175167929234235,55.77957112599249,-0.1452043886560311,-0.05737413207427318,-0.4546051978585218,0.006704794530812161,-0.08783025658175793,-0.461309992389334,-0.2025785207303043,-0.44790040332770964,A0-DYNAMIC-OPPONENT-ADJUSTED-JOINT-SCORE-V1,2023,2022,2022-REG-END,100.0,4,phase3-feature-provenance-v1,5f148219527b07d85261d3f196ace97a5eb5646271d43596032a692389abc579,2c5cc1af74fc5f3955e44361b82b791710e4b63bbc69b0c15570617e2d86e543,NONE,A0_training_only_home_away_cov_v1,93.9438752361566,92.88438402876609,3.0676405491641043
2023_17_CAR_JAX,2023,17,2023-12-31,JAX,CAR,26.0,0.0,22.04643491373223,17.25872638865441,0.0,26.0,26.0,4.7877085250778215,39.30516130238664,0.6391432880059443,9.692464868966852,9.637654487932533,13.442208827666473,13.891131716431563,13.668513425567635,-4.2789235491785025,13.854340599334146,-12.4391752423956,22.014592292551242,29.935735341029844,48.67458726374343,21.50295970400751,57.107362900765764,0.17873322044233195,0.11624680194065612,0.1534031634215783,0.0711115579295539,0.06248641850167583,0.08229160549202441,0.29498002238298804,0.2245147213511322,A0-DYNAMIC-OPPONENT-ADJUSTED-JOINT-SCORE-V1,2023,2022,2022-REG-END,100.0,4,phase3-feature-provenance-v1,5f148219527b07d85261d3f196ace97a5eb5646271d43596032a692389abc579,2c5cc1af74fc5f3955e44361b82b791710e4b63bbc69b0c15570617e2d86e543,NONE,A0_training_only_home_away_cov_v1,93.9438752361566,92.88438402876609,3.0676405491641043
2023_17_CIN_KC,2023,17,2023-12-31,KC,CIN,25.0,17.0,24.110717273535602,21.123795056516688,-2.0,8.0,42.0,2.9869222170189147,45.23451233005229,0.5879227391144095,9.692464868966852,9.637654487932533,13.442208827666473,13.891131716431563,13.668513425567635,-6.079709857237409,12.053554291275239,-14.239961550454506,20.213805984492335,35.8650863686955,54.60393829140908,27.432310731673162,63.03671392843142,0.08347998558285964,0.18688868200372877,0.12359465459269325,0.1300318443399049,-0.10340869642086913,-0.006437189747211636,0.2703686675865884,0.25362649893259814,A0-DYNAMIC-OPPONENT-ADJUSTED-JOINT-SCORE-V1,2023,2022,2022-REG-END,100.0,4,phase3-feature-provenance-v1,5f148219527b07d85261d3f196ace97a5eb5646271d43596032a692389abc579,2c5cc1af74fc5f3955e44361b82b791710e4b63bbc69b0c15570617e2d86e543,NONE,A0_training_only_home_away_cov_v1,93.9438752361566,92.88438402876609,3.0676405491641043
2023_17_DET_DAL,2023,17,2023-12-30,DAL,DET,20.0,19.0,25.40595629137204,23.2077797222506,0.0,1.0,39.0,2.19817656912144,48.61373601362264,0.5649486074748076,9.692464868966852,9.637654487932533,13.442208827666473,13.891131716431563,13.668513425567635,-6.868455505134884,11.264808643377764,-15.02870719835198,19.42506033659486,39.244310052265845,57.98316197497944,30.811534415243514,66.41593761200177,0.27003360090875156,0.25074325513128526,-0.15606479172887217,-0.024143824796604176,0.0192903457774663,-0.13192096693226799,0.5207768560400368,-0.18020861652547635,A0-DYNAMIC-OPPONENT-ADJUSTED-JOINT-SCORE-V1,2023,2022,2022-REG-END,100.0,4,phase3-feature-provenance-v1,5f148219527b07d85261d3f196ace97a5eb5646271d43596032a692389abc579,2c5cc1af74fc5f3955e44361b82b791710e4b63bbc69b0c15570617e2d86e543,NONE,A0_training_only_home_away_cov_v1,93.9438752361566,92.88438402876609,3.0676405491641043
2023_17_GB_MIN,2023,17,2023-12-31,MIN,GB,10.0,33.0,22.432604591876736,22.634292722404265,0.0,-23.0,43.0,-0.2016881305275291,45.066897314281,0.4940144581230919,9.692464868966852,9.637654487932533,13.442208827666473,13.891131716431563,13.668513425567635,-9.268320204783853,8.864943943728795,-17.42857189800095,17.02519563694589,35.69747135292421,54.43632327563779,27.264695715901873,62.86909891266013,0.2322320737396432,0.03767092297079481,-0.30618911925272785,0.06356880691560689,0.1945611507688484,-0.36975792616833475,0.269902996710438,-0.24262031233712095,A0-DYNAMIC-OPPONENT-ADJUSTED-JOINT-SCORE-V1,2023,2022,2022-REG-END,100.0,4,phase3-feature-provenance-v1,5f148219527b07d85261d3f196ace97a5eb5646271d43596032a692389abc579,2c5cc1af74fc5f3955e44361b82b791710e4b63bbc69b0c15570617e2d86e543,NONE,A0_training_only_home_away_cov_v1,93.9438752361566,92.88438402876609,3.0676405491641043
2023_17_LAC_DEN,2023,17,2023-12-31,DEN,LAC,16.0,9.0,20.20166514187183,19.472468391845204,-1.0,7.0,25.0,0.7291967500266239,39.67413353371703,0.5216307308376336,9.692464868966852,9.637654487932533,13.442208827666473,13.891131716431563,13.668513425567635,-8.3374353242297,9.795828824282948,-16.497687017446797,17.956080517500045,30.30470757236024,49.04355949507382,21.871931935337905,57.47633513209616,0.026109579313023306,0.09588051418087094,-0.1077995155601703,0.05380158007528008,-0.06977093486784763,-0.1616010956354504,0.12199009349389425,-0.053997935484890215,A0-DYNAMIC-OPPONENT-ADJUSTED-JOINT-SCORE-V1,2023,2022,2022-REG-END,100.0,4,phase3-feature-provenance-v1,5f148219527b07d85261d3f196ace97a5eb5646271d43596032a692389abc579,2c5cc1af74fc5f3955e44361b82b791710e4b63bbc69b0c15570617e2d86e543,NONE,A0_training_only_home_away_cov_v1,93.9438752361566,92.88438402876609,3.0676405491641043
2023_17_LA_NYG,2023,17,2023-12-31,NYG,LA,25.0,26.0,17.90604835240818,21.26967066660489,-4.0,-1.0,51.0,-3.363622314196707,39.17571901901307,0.4012053645225416,9.692464868966852,9.637654487932533,13.442208827666473,13.891131716431563,13.668513425567635,-12.430254388453031,5.703009760059617,-20.590506081670128,13.863261453276714,29.80629305765628,48.54514498036987,21.373517420633945,56.9779206173922,0.1370448014282821,-0.06467384694455773,-0.022275702842112763,0.007700219743607943,0.20171864837283981,-0.029975922585720707,0.07237095448372437,-0.014575483098504819,A0-DYNAMIC-OPPONENT-ADJUSTED-JOINT-SCORE-V1,2023,2022,2022-REG-END,100.0,4,phase3-feature-provenance-v1,5f148219527b07d85261d3f196ace97a5eb5646271d43596032a692389abc579,2c5cc1af74fc5f3955e44361b82b791710e4b63bbc69b0c15570617e2d86e543,NONE,A0_training_only_home_away_cov_v1,93.9438752361566,92.88438402876609,3.0676405491641043
2023_17_LV_IND,2023,17,2023-12-31,IND,LV,23.0,20.0,21.05525701624415,18.276495933050704,1.0,3.0,43.0,2.7787610831934444,39.33175294929485,0.581885373417392,9.692464868966852,9.637654487932533,13.442208827666473,13.891131716431563,13.668513425567635,-6.28787099106288,11.845393157449768,-14.448122684279976,20.005644850666865,29.96232698793806,48.70117891065165,21.529551350915725,57.13395454767398,-0.06391896406711367,0.007821564176369521,-0.45567361639752485,-0.15525654473167963,-0.07174052824348319,-0.3004170716658452,-0.05609739989074415,-0.6109301611292045,A0-DYNAMIC-OPPONENT-ADJUSTED-JOINT-SCORE-V1,2023,2022,2022-REG-END,100.0,4,phase3-feature-provenance-v1,5f148219527b07d85261d3f196ace97a5eb5646271d43596032a692389abc579,2c5cc1af74fc5f3955e44361b82b791710e4b63bbc69b0c15570617e2d86e543,NONE,A0_training_only_home_away_cov_v1,93.9438752361566,92.88438402876609,3.0676405491641043
2023_17_MIA_BAL,2023,17,2023-12-31,BAL,MIA,56.0,19.0,22.96074550312635,22.749072227324376,-1.0,37.0,75.0,0.21167327580197437,45.70981773045072,0.5062818492585235,9.692464868966852,9.637654487932533,13.442208827666473,13.891131716431563,13.668513425567635,-8.85495879845435,9.278305350058298,-17.015210491671446,17.438557043275395,36.34039176909393,55.07924369180752,27.907616132071595,63.51201932882985,-0.32405521457404746,-0.03691662102764412,0.25015497360426175,-0.04319803175371407,-0.28713859354640336,0.2933530053579758,-0.36097183560169155,0.2069569418505477,A0-DYNAMIC-OPPONENT-ADJUSTED-JOINT-SCORE-V1,2023,2022,2022-REG-END,100.0,4,phase3-feature-provenance-v1,5f148219527b07d85261d3f196ace97a5eb5646271d43596032a692389abc579,2c5cc1af74fc5f3955e44361b82b791710e4b63bbc69b0c15570617e2d86e543,NONE,A0_training_only_home_away_cov_v1,93.9438752361566,92.88438402876609,3.0676405491641043
2023_17_NE_BUF,2023,17,2023-12-31,BUF,NE,27.0,21.0,25.522782044459746,16.056386098507154,1.0,6.0,48.0,9.466395945952591,41.5791681429669,0.7593549748237679,9.692464868966852,9.637654487932533,13.442208827666473,13.891131716431563,13.668513425567635,0.39976387169626726,18.533028020208917,-7.7604878215208295,26.693279713426012,32.20974218161011,50.94859410432369,23.776966544587772,59.38136974134603,0.24428604417347138,0.032002137956619485,0.08476651380437006,-0.012970028937614439,0.2122839062168519,0.0977365427419845,0.2762881821300909,0.07179648486675562,A0-DYNAMIC-OPPONENT-ADJUSTED-JOINT-SCORE-V1,2023,2022,2022-REG-END,100.0,4,phase3-feature-provenance-v1,5f148219527b07d85261d3f196ace97a5eb5646271d43596032a692389abc579,2c5cc1af74fc5f3955e44361b82b791710e4b63bbc69b0c15570617e2d86e543,NONE,A0_training_only_home_away_cov_v1,93.9438752361566,92.88438402876609,3.0676405491641043
2023_17_NO_TB,2023,17,2023-12-31,TB,NO,13.0,23.0,21.803505054659766,19.946606674888752,-3.0,-10.0,36.0,1.856898379771014,41.75011172954852,0.5549348679202449,9.692464868966852,9.637654487932533,13.442208827666473,13.891131716431563,13.668513425567635,-7.20973369448531,10.923530454027338,-15.369985387702407,19.083782147244435,32.380685768191725,51.11953769090532,23.947910131169394,59.55231332792765,-0.2040678597447881,-0.25534300572633034,-0.13388464556797583,0.2970102175720367,0.05127514598154223,-0.4308948631400126,-0.4594108654711184,0.1631255720040609,A0-DYNAMIC-OPPONENT-ADJUSTED-JOINT-SCORE-V1,2023,2022,2022-REG-END,100.0,4,phase3-feature-provenance-v1,5f148219527b07d85261d3f196ace97a5eb5646271d43596032a692389abc579,2c5cc1af74fc5f3955e44361b82b791710e4b63bbc69b0c15570617e2d86e543,NONE,A0_training_only_home_away_cov_v1,93.9438752361566,92.88438402876609,3.0676405491641043
2023_17_NYJ_CLE,2023,17,2023-12-28,CLE,NYJ,37.0,20.0,18.418334728163916,13.284100780435317,0.0,17.0,57.0,5.1342339477286,31.702435508599233,0.6487502852078098,9.692464868966852,9.637654487932533,13.442208827666473,13.891131716431563,13.668513425567635,-3.9323981265277244,14.200866021984924,-12.092649819744821,22.36111771520202,22.33300954724244,41.071861469956026,13.900233910220106,49.504637106978365,-0.15558690395478042,-0.3359577457612426,0.17431906458262486,0.3242230084618013,0.18037084180646218,-0.14990394387917644,-0.491544649716023,0.49854207304442616,A0-DYNAMIC-OPPONENT-ADJUSTED-JOINT-SCORE-V1,2023,2022,2022-REG-END,100.0,4,phase3-feature-provenance-v1,5f148219527b07d85261d3f196ace97a5eb5646271d43596032a692389abc579,2c5cc1af74fc5f3955e44361b82b791710e4b63bbc69b0c15570617e2d86e543,NONE,A0_training_only_home_away_cov_v1,93.9438752361566,92.88438402876609,3.0676405491641043
2023_17_PIT_SEA,2023,17,2023-12-31,SEA,PIT,23.0,30.0,22.13610534234218,19.197987590592938,-1.0,-7.0,53.0,2.9381177517492425,41.33409293293512,0.5865090575397001,9.692464868966852,9.637654487932533,13.442208827666473,13.891131716431563,13.668513425567635,-6.1285143225070815,12.004749826005567,-14.288766015724178,20.165001519222663,31.96466697157833,50.70351889429192,23.531891334555993,59.13629453131425,-0.0732611909215084,-0.054004644284425696,0.02832270831121208,0.25022357055619293,-0.019256546637082705,-0.22190086224498085,-0.1272658352059341,0.278546278867405,A0-DYNAMIC-OPPONENT-ADJUSTED-JOINT-SCORE-V1,2023,2022,2022-REG-END,100.0,4,phase3-feature-provenance-v1,5f148219527b07d85261d3f196ace97a5eb5646271d43596032a692389abc579,2c5cc1af74fc5f3955e44361b82b791710e4b63bbc69b0c15570617e2d86e543,NONE,A0_training_only_home_away_cov_v1,93.9438752361566,92.88438402876609,3.0676405491641043
2023_17_SF_WAS,2023,17,2023-12-31,WAS,SF,10.0,27.0,18.728505423228604,25.838445654043603,1.0,-17.0,37.0,-7.109940230814999,44.56695107727221,0.29842822511709255,9.692464868966852,9.637654487932533,13.442208827666473,13.891131716431563,13.668513425567635,-16.176572305071325,1.956691843441325,-24.33682399828842,10.116943536658422,35.19752511591541,53.936377038629004,26.76474947889308,62.369152675651335,-0.07075177403044852,0.3419238652775772,0.12415474904778158,0.23255762425378634,-0.4126756393080257,-0.10840287520600476,0.27117209124712865,0.3567123733015679,A0-DYNAMIC-OPPONENT-ADJUSTED-JOINT-SCORE-V1,2023,2022,2022-REG-END,100.0,4,phase3-feature-provenance-v1,5f148219527b07d85261d3f196ace97a5eb5646271d43596032a692389abc579,2c5cc1af74fc5f3955e44361b82b791710e4b63bbc69b0c15570617e2d86e543,NONE,A0_training_only_home_away_cov_v1,93.9438752361566,92.88438402876609,3.0676405491641043
2023_17_TEN_HOU,2023,17,2023-12-31,HOU,TEN,26.0,3.0,20.5817739869631,19.15753253794413,0.0,23.0,29.0,1.424241449018968,39.739306524907235,0.5421901519700154,9.692464868966852,9.637654487932533,13.442208827666473,13.891131716431563,13.668513425567635,-7.642390625237356,10.490873523275292,-15.802642318454453,18.65112521649239,30.369880563550442,49.10873248626403,21.937104926528107,57.54150812328636,0.0016843291387035847,-0.2868852982026033,-0.2304827126171681,-0.06184931537789215,0.28856962734130687,-0.16863339723927595,-0.2852009690638997,-0.29233202799506025,A0-DYNAMIC-OPPONENT-ADJUSTED-JOINT-SCORE-V1,2023,2022,2022-REG-END,100.0,4,phase3-feature-provenance-v1,5f148219527b07d85261d3f196ace97a5eb5646271d43596032a692389abc579,2c5cc1af74fc5f3955e44361b82b791710e4b63bbc69b0c15570617e2d86e543,NONE,A0_training_only_home_away_cov_v1,93.9438752361566,92.88438402876609,3.0676405491641043
2023_18_ATL_NO,2023,18,2024-01-07,NO,ATL,48.0,17.0,20.972157002342616,17.636340870582288,0.0,31.0,65.0,3.3358161317603283,38.6084978729249,0.5979946237043116,9.692464868966852,9.637654487932533,13.442208827666473,13.891131716431563,13.668513425567635,-5.730815942495996,12.402448206016652,-13.891067635713092,20.56269989923375,29.239071911568107,47.9779238342817,20.806296274545772,56.41069947130403,-0.25534300572633034,-0.05737413207427318,0.2970102175720367,0.006704794530812161,-0.19796887365205718,0.29030542304122453,-0.3127171378006035,0.3037150121028489,A0-DYNAMIC-OPPONENT-ADJUSTED-JOINT-SCORE-V1,2023,2022,2022-REG-END,100.0,4,phase3-feature-provenance-v1,5f148219527b07d85261d3f196ace97a5eb5646271d43596032a692389abc579,2c5cc1af74fc5f3955e44361b82b791710e4b63bbc69b0c15570617e2d86e543,NONE,A0_training_only_home_away_cov_v1,93.9438752361566,92.88438402876609,3.0676405491641043
2023_18_BUF_MIA,2023,18,2024-01-07,MIA,BUF,14.0,21.0,24.406651575721174,22.853855587935282,0.0,-7.0,35.0,1.552795987785892,47.260507163656456,0.545982101176526,9.692464868966852,9.637654487932533,13.442208827666473,13.891131716431563,13.668513425567635,-7.513836086470432,10.619428062042216,-15.674087779687529,18.779679755259313,37.89108120229966,56.62993312501325,29.45830556527733,65.06270876203558,-0.03691662102764412,0.24428604417347138,-0.04319803175371407,0.08476651380437006,-0.2812026652011155,-0.12796454555808412,0.20736942314582726,0.04156848205065599,A0-DYNAMIC-OPPONENT-ADJUSTED-JOINT-SCORE-V1,2023,2022,2022-REG-END,100.0,4,phase3-feature-provenance-v1,5f148219527b07d85261d3f196ace97a5eb5646271d43596032a692389abc579,2c5cc1af74fc5f3955e44361b82b791710e4b63bbc69b0c15570617e2d86e543,NONE,A0_training_only_home_away_cov_v1,93.9438752361566,92.88438402876609,3.0676405491641043
2023_18_CHI_GB,2023,18,2024-01-07,GB,CHI,17.0,9.0,25.031292443466004,17.79205636908248,0.0,8.0,26.0,7.239236074383523,42.82334881254849,0.7048996208097924,9.692464868966852,9.637654487932533,13.442208827666473,13.891131716431563,13.668513425567635,-1.8273959998728007,16.305868148639846,-9.987647693089897,24.466119841856944,33.45392285119169,52.192774773905285,25.02114721416936,60.625550410927616,0.03767092297079481,-0.1452043886560311,0.06356880691560689,-0.4546051978585218,0.1828753116268259,0.5181740047741287,-0.1075334656852363,-0.3910363909429149,A0-DYNAMIC-OPPONENT-ADJUSTED-JOINT-SCORE-V1,2023,2022,2022-REG-END,100.0,4,phase3-feature-provenance-v1,5f148219527b07d85261d3f196ace97a5eb5646271d43596032a692389abc579,2c5cc1af74fc5f3955e44361b82b791710e4b63bbc69b0c15570617e2d86e543,NONE,A0_training_only_home_away_cov_v1,93.9438752361566,92.88438402876609,3.0676405491641043
2023_18_CLE_CIN,2023,18,2024-01-07,CIN,CLE,31.0,14.0,22.255627515792728,18.21798824353747,-3.0,17.0,45.0,4.037639272255259,40.4736157593302,0.6180526131434726,9.692464868966852,9.637654487932533,13.442208827666473,13.891131716431563,13.668513425567635,-5.028992802001065,13.104271346511583,-13.189244495218162,21.26452303972868,31.104189797973408,49.843041720687,22.671414160951073,58.27581735770933,0.18688868200372877,-0.15558690395478042,0.1300318443399049,0.17431906458262486,0.3424755859585092,-0.04428722024271997,0.03130177804894835,0.30435090892252975,A0-DYNAMIC-OPPONENT-ADJUSTED-JOINT-SCORE-V1,2023,2022,2022-REG-END,100.0,4,phase3-feature-provenance-v1,5f148219527b07d85261d3f196ace97a5eb5646271d43596032a692389abc579,2c5cc1af74fc5f3955e44361b82b791710e4b63bbc69b0c15570617e2d86e543,NONE,A0_training_only_home_away_cov_v1,93.9438752361566,92.88438402876609,3.0676405491641043
2023_18_DAL_WAS,2023,18,2024-01-07,WAS,DAL,10.0,38.0,18.9644078597359,23.703400298744217,-1.0,-28.0,48.0,-4.738992439008317,42.66780815848011,0.36221453937347015,9.692464868966852,9.637654487932533,13.442208827666473,13.891131716431563,13.668513425567635,-13.805624513264641,4.327639635248007,-21.965876206481738,12.487891328465103,33.29838219712332,52.03723411983691,24.865606560100986,60.47000975685924,-0.07075177403044852,0.27003360090875156,0.12415474904778158,-0.15606479172887217,-0.3407853749392001,0.28021954077665373,0.19928182687830304,-0.031910042681090586,A0-DYNAMIC-OPPONENT-ADJUSTED-JOINT-SCORE-V1,2023,2022,2022-REG-END,100.0,4,phase3-feature-provenance-v1,5f148219527b07d85261d3f196ace97a5eb5646271d43596032a692389abc579,2c5cc1af74fc5f3955e44361b82b791710e4b63bbc69b0c15570617e2d86e543,NONE,A0_training_only_home_away_cov_v1,93.9438752361566,92.88438402876609,3.0676405491641043
2023_18_DEN_LV,2023,18,2024-01-07,LV,DEN,27.0,14.0,20.043696568721327,19.082335964170536,0.0,13.0,41.0,0.9613606045507908,39.12603253289186,0.5285072714694077,9.692464868966852,9.637654487932533,13.442208827666473,13.891131716431563,13.668513425567635,-8.105271469705533,10.027992678807115,-16.26552316292263,18.18824437202421,29.75660657153507,48.49545849424865,21.323830934512735,56.92823413127099,0.007821564176369521,0.026109579313023306,-0.15525654473167963,-0.1077995155601703,-0.018288015136653783,-0.04745702917150933,0.03393114348939283,-0.2630560602918499,A0-DYNAMIC-OPPONENT-ADJUSTED-JOINT-SCORE-V1,2023,2022,2022-REG-END,100.0,4,phase3-feature-provenance-v1,5f148219527b07d85261d3f196ace97a5eb5646271d43596032a692389abc579,2c5cc1af74fc5f3955e44361b82b791710e4b63bbc69b0c15570617e2d86e543,NONE,A0_training_only_home_away_cov_v1,93.9438752361566,92.88438402876609,3.0676405491641043
2023_18_HOU_IND,2023,18,2024-01-06,IND,HOU,19.0,23.0,20.94975653139684,19.3651404633266,0.0,-4.0,42.0,1.5846160680702397,40.31489699472344,0.5469200589640333,9.692464868966852,9.637654487932533,13.442208827666473,13.891131716431563,13.668513425567635,-7.482016006186084,10.651248142326564,-15.642267699403181,18.81149983554366,30.945471033366648,49.68432295608024,22.512695396344313,58.11709859310257,-0.06391896406711367,0.0016843291387035847,-0.45567361639752485,-0.2304827126171681,-0.06560329320581726,-0.22519090378035675,-0.06223463492841009,-0.6861563290146929,A0-DYNAMIC-OPPONENT-ADJUSTED-JOINT-SCORE-V1,2023,2022,2022-REG-END,100.0,4,phase3-feature-provenance-v1,5f148219527b07d85261d3f196ace97a5eb5646271d43596032a692389abc579,2c5cc1af74fc5f3955e44361b82b791710e4b63bbc69b0c15570617e2d86e543,NONE,A0_training_only_home_away_cov_v1,93.9438752361566,92.88438402876609,3.0676405491641043
2023_18_JAX_TEN,2023,18,2024-01-07,TEN,JAX,28.0,20.0,20.060215941737784,20.81749392163243,0.0,8.0,48.0,-0.7572779798946456,40.877709863370214,0.4775371383058474,9.692464868966852,9.637654487932533,13.442208827666473,13.891131716431563,13.668513425567635,-9.82391005415097,8.309354094361678,-17.984161747368066,16.469605787578775,31.50828390201342,50.24713582472701,23.075508264991086,58.67991146174934,-0.2868852982026033,0.17873322044233195,-0.06184931537789215,0.1534031634215783,-0.4656185186449352,-0.21525247879947046,-0.10815207776027133,0.09155384804368616,A0-DYNAMIC-OPPONENT-ADJUSTED-JOINT-SCORE-V1,2023,2022,2022-REG-END,100.0,4,phase3-feature-provenance-v1,5f148219527b07d85261d3f196ace97a5eb5646271d43596032a692389abc579,2c5cc1af74fc5f3955e44361b82b791710e4b63bbc69b0c15570617e2d86e543,NONE,A0_training_only_home_away_cov_v1,93.9438752361566,92.88438402876609,3.0676405491641043
2023_18_KC_LAC,2023,18,2024-01-07,LAC,KC,12.0,13.0,20.077050559170708,22.06508451486147,0.0,-1.0,25.0,-1.9880339556907636,42.14213507403218,0.44121286170524165,9.692464868966852,9.637654487932533,13.442208827666473,13.891131716431563,13.668513425567635,-11.054666029947088,7.07859811856556,-19.214917723164184,15.238849811782657,32.772709112675386,51.51156103538898,24.339933475653055,59.94433667241131,0.09588051418087094,0.08347998558285964,0.05380158007528008,0.12359465459269325,0.012400528598011301,-0.06979307451741318,0.17936049976373059,0.17739623466797333,A0-DYNAMIC-OPPONENT-ADJUSTED-JOINT-SCORE-V1,2023,2022,2022-REG-END,100.0,4,phase3-feature-provenance-v1,5f148219527b07d85261d3f196ace97a5eb5646271d43596032a692389abc579,2c5cc1af74fc5f3955e44361b82b791710e4b63bbc69b0c15570617e2d86e543,NONE,A0_training_only_home_away_cov_v1,93.9438752361566,92.88438402876609,3.0676405491641043
2023_18_LA_SF,2023,18,2024-01-07,SF,LA,20.0,21.0,27.862485863995747,20.13894847804992,0.0,-1.0,41.0,7.7235373859458285,48.00143434204567,0.7172101211012027,9.692464868966852,9.637654487932533,13.442208827666473,13.891131716431563,13.668513425567635,-1.3430946883104955,16.79016946020215,-9.503346381527592,24.95042115341925,38.63200838068887,57.370860303402466,30.199232743666542,65.8036359404248,0.3419238652775772,-0.06467384694455773,0.23255762425378634,0.007700219743607943,0.4065977122221349,0.2248574045101784,0.27725001833301943,0.24025784399739428,A0-DYNAMIC-OPPONENT-ADJUSTED-JOINT-SCORE-V1,2023,2022,2022-REG-END,100.0,4,phase3-feature-provenance-v1,5f148219527b07d85261d3f196ace97a5eb5646271d43596032a692389abc579,2c5cc1af74fc5f3955e44361b82b791710e4b63bbc69b0c15570617e2d86e543,NONE,A0_training_only_home_away_cov_v1,93.9438752361566,92.88438402876609,3.0676405491641043
2023_18_MIN_DET,2023,18,2024-01-07,DET,MIN,30.0,20.0,24.85729583158405,19.44034453653254,1.0,10.0,50.0,5.416951295051511,44.29764036811659,0.6565188043246893,9.692464868966852,9.637654487932533,13.442208827666473,13.891131716431563,13.668513425567635,-3.6496807792048127,14.483583369307835,-11.80993247242191,22.643835062524932,34.92821440675979,53.667066329473386,26.49543876973746,62.09984196649572,0.25074325513128526,0.2322320737396432,-0.024143824796604176,-0.30618911925272785,0.018511181391642068,0.2820452944561237,0.4829753288709284,-0.330332944049332,A0-DYNAMIC-OPPONENT-ADJUSTED-JOINT-SCORE-V1,2023,2022,2022-REG-END,100.0,4,phase3-feature-provenance-v1,5f148219527b07d85261d3f196ace97a5eb5646271d43596032a692389abc579,2c5cc1af74fc5f3955e44361b82b791710e4b63bbc69b0c15570617e2d86e543,NONE,A0_training_only_home_away_cov_v1,93.9438752361566,92.88438402876609,3.0676405491641043
2023_18_NYJ_NE,2023,18,2024-01-07,NE,NYJ,3.0,17.0,16.560768749512686,14.491724468097914,-3.0,-14.0,20.0,2.0690442814147723,31.0524932176106,0.5611641647214441,9.692464868966852,9.637654487932533,13.442208827666473,13.891131716431563,13.668513425567635,-6.997587792841552,11.135676355671096,-15.157839486058649,19.295928048888193,21.683067256253807,40.42191917896739,13.250291619231472,48.85469481598973,0.032002137956619485,-0.3359577457612426,-0.012970028937614439,0.3242230084618013,0.3679598837178621,-0.33719303739941575,-0.3039556078046231,0.31125297952418685,A0-DYNAMIC-OPPONENT-ADJUSTED-JOINT-SCORE-V1,2023,2022,2022-REG-END,100.0,4,phase3-feature-provenance-v1,5f148219527b07d85261d3f196ace97a5eb5646271d43596032a692389abc579,2c5cc1af74fc5f3955e44361b82b791710e4b63bbc69b0c15570617e2d86e543,NONE,A0_training_only_home_away_cov_v1,93.9438752361566,92.88438402876609,3.0676405491641043
2023_18_PHI_NYG,2023,18,2024-01-07,NYG,PHI,27.0,10.0,18.88839992066296,23.870100541606938,0.0,17.0,37.0,-4.981700620943979,42.75850046226989,0.35546724146049824,9.692464868966852,9.637654487932533,13.442208827666473,13.891131716431563,13.668513425567635,-14.048332695200303,4.084931453312345,-22.2085843884174,12.245183146529442,33.3890745009131,52.12792642362669,24.956298863890765,60.56070206064902,0.1370448014282821,0.19789619909341943,-0.022275702842112763,-0.03478194540926798,-0.060851397665137336,0.01250624256715522,0.3349410005217015,-0.057057648251380745,A0-DYNAMIC-OPPONENT-ADJUSTED-JOINT-SCORE-V1,2023,2022,2022-REG-END,100.0,4,phase3-feature-provenance-v1,5f148219527b07d85261d3f196ace97a5eb5646271d43596032a692389abc579,2c5cc1af74fc5f3955e44361b82b791710e4b63bbc69b0c15570617e2d86e543,NONE,A0_training_only_home_away_cov_v1,93.9438752361566,92.88438402876609,3.0676405491641043
2023_18_PIT_BAL,2023,18,2024-01-06,BAL,PIT,10.0,17.0,24.78252672277473,19.278112954448055,0.0,-7.0,27.0,5.504413768326675,44.06063967722278,0.6589089566778227,9.692464868966852,9.637654487932533,13.442208827666473,13.891131716431563,13.668513425567635,-3.5622183059296493,14.571045842582999,-11.722469999146746,22.731297535800095,34.691213715865985,53.43006563857958,26.258438078843653,61.86284127560191,-0.32405521457404746,-0.054004644284425696,0.25015497360426175,0.25022357055619293,-0.27005057028962176,-6.859695193117687e-05,-0.37805985885847315,0.5003785441604547,A0-DYNAMIC-OPPONENT-ADJUSTED-JOINT-SCORE-V1,2023,2022,2022-REG-END,100.0,4,phase3-feature-provenance-v1,5f148219527b07d85261d3f196ace97a5eb5646271d43596032a692389abc579,2c5cc1af74fc5f3955e44361b82b791710e4b63bbc69b0c15570617e2d86e543,NONE,A0_training_only_home_away_cov_v1,93.9438752361566,92.88438402876609,3.0676405491641043
2023_18_SEA_ARI,2023,18,2024-01-07,ARI,SEA,20.0,21.0,19.763331577954723,22.150457980142026,0.0,-1.0,41.0,-2.3871264021873024,41.91378955809675,0.4295246938667919,9.692464868966852,9.637654487932533,13.442208827666473,13.891131716431563,13.668513425567635,-11.453758476443626,6.679505672069022,-19.614010169660723,14.839757365286118,32.544363596739956,51.28321551945355,24.111587959717625,59.71599115647588,-0.13609498092431277,-0.0732611909215084,-0.2090631268091023,0.02832270831121208,-0.06283379000280437,-0.2373858351203144,-0.20935617184582117,-0.18074041849789022,A0-DYNAMIC-OPPONENT-ADJUSTED-JOINT-SCORE-V1,2023,2022,2022-REG-END,100.0,4,phase3-feature-provenance-v1,5f148219527b07d85261d3f196ace97a5eb5646271d43596032a692389abc579,2c5cc1af74fc5f3955e44361b82b791710e4b63bbc69b0c15570617e2d86e543,NONE,A0_training_only_home_away_cov_v1,93.9438752361566,92.88438402876609,3.0676405491641043
2023_18_TB_CAR,2023,18,2024-01-07,CAR,TB,0.0,9.0,18.58958548136275,20.7630682325224,0.0,-9.0,9.0,-2.17348275115965,39.35265371388515,0.4357746381952695,9.692464868966852,9.637654487932533,13.442208827666473,13.891131716431563,13.668513425567635,-11.240114825415974,6.893149323096674,-19.40036651863307,15.05340101631377,29.983227752528354,48.72207967524194,21.55045211550602,57.154855312264274,0.11624680194065612,-0.2040678597447881,0.0711115579295539,-0.13388464556797583,0.3203146616854442,0.20499620349752973,-0.08782105780413199,-0.06277308763842193,A0-DYNAMIC-OPPONENT-ADJUSTED-JOINT-SCORE-V1,2023,2022,2022-REG-END,100.0,4,phase3-feature-provenance-v1,5f148219527b07d85261d3f196ace97a5eb5646271d43596032a692389abc579,2c5cc1af74fc5f3955e44361b82b791710e4b63bbc69b0c15570617e2d86e543,NONE,A0_training_only_home_away_cov_v1,93.9438752361566,92.88438402876609,3.0676405491641043
2024_01_ARI_BUF,2024,1,2024-09-08,BUF,ARI,34.0,28.0,27.113005614914638,18.290791156173356,0.0,6.0,62.0,8.822214458741282,45.403796771088,0.7451490650402921,9.67533866293951,9.507049110930666,13.38114354197204,13.745447231340975,13.564518459577533,-0.20322970622135195,17.847658623703914,-8.326410996250011,25.970839913732576,36.1326335016874,54.67496004048859,27.788297352652272,63.01929618952372,0.16996725234018972,0.06973520353013506,0.28753706290264197,-0.4319738256074883,0.10023204881005467,0.7195108885101302,0.2397024558703248,-0.14443676270484634,A0-DYNAMIC-OPPONENT-ADJUSTED-JOINT-SCORE-V1,2024,2023,2023-REG-END,100.0,8,phase3-feature-provenance-v1,5f148219527b07d85261d3f196ace97a5eb5646271d43596032a692389abc579,2c5cc1af74fc5f3955e44361b82b791710e4b63bbc69b0c15570617e2d86e543,NONE,A0_training_only_home_away_cov_v1,93.61217824257209,90.38398279764756,2.4705792746798014
2024_01_BAL_KC,2024,1,2024-09-05,KC,BAL,27.0,20.0,22.369608487221214,22.471632137991666,0.0,7.0,47.0,-0.10202365077045172,44.841240625212876,0.496958320234344,9.67533866293951,9.507049110930666,13.38114354197204,13.745447231340975,13.564518459577533,-9.127467815733086,8.923420514192182,-17.250649105761745,17.046601804220842,35.57007735581228,54.11240389461347,27.22574120677715,62.4567400436486,-0.2609293491352022,0.4222480417437421,0.43571688582374263,0.4744532204073231,-0.6831773908789442,-0.038736334583580445,0.16131869260853987,0.9101701062310656,A0-DYNAMIC-OPPONENT-ADJUSTED-JOINT-SCORE-V1,2024,2023,2023-REG-END,100.0,8,phase3-feature-provenance-v1,5f148219527b07d85261d3f196ace97a5eb5646271d43596032a692389abc579,2c5cc1af74fc5f3955e44361b82b791710e4b63bbc69b0c15570617e2d86e543,NONE,A0_training_only_home_away_cov_v1,93.61217824257209,90.38398279764756,2.4705792746798014
2024_01_CAR_NO,2024,1,2024-09-08,NO,CAR,47.0,10.0,23.523574929794094,15.210052154616845,0.0,37.0,57.0,8.31352277517725,38.73362708441094,0.7327944066232017,9.67533866293951,9.507049110930666,13.38114354197204,13.745447231340975,13.564518459577533,-0.7119213897853847,17.338966940139883,-8.835102679814044,25.462148230168545,29.462463815010345,48.004790353811536,21.118127665975216,56.349126502846666,0.2910769594591218,-0.595566742528629,0.15138998651170946,-0.04915027807573818,0.8866437019877508,0.20054026458744764,-0.30448978306950714,0.10223970843597127,A0-DYNAMIC-OPPONENT-ADJUSTED-JOINT-SCORE-V1,2024,2023,2023-REG-END,100.0,8,phase3-feature-provenance-v1,5f148219527b07d85261d3f196ace97a5eb5646271d43596032a692389abc579,2c5cc1af74fc5f3955e44361b82b791710e4b63bbc69b0c15570617e2d86e543,NONE,A0_training_only_home_away_cov_v1,93.61217824257209,90.38398279764756,2.4705792746798014
2024_01_DAL_CLE,2024,1,2024-09-08,CLE,DAL,17.0,33.0,20.53560631695835,23.66643754913972,0.0,-16.0,50.0,-3.130831232181368,44.202043866098066,0.407502826769887,9.67533866293951,9.507049110930666,13.38114354197204,13.745447231340975,13.564518459577533,-12.156275397144002,5.894612932781266,-20.27945668717266,14.017794222809925,34.93088059669747,53.47320713549866,26.58654444766234,61.81754328453379,0.2605692250367379,0.5624335634974518,-0.13162908789978947,0.18515577646961867,-0.30186433846071387,-0.3167848643694081,0.8230027885341897,0.0535266885698292,A0-DYNAMIC-OPPONENT-ADJUSTED-JOINT-SCORE-V1,2024,2023,2023-REG-END,100.0,8,phase3-feature-provenance-v1,5f148219527b07d85261d3f196ace97a5eb5646271d43596032a692389abc579,2c5cc1af74fc5f3955e44361b82b791710e4b63bbc69b0c15570617e2d86e543,NONE,A0_training_only_home_away_cov_v1,93.61217824257209,90.38398279764756,2.4705792746798014
2024_01_DEN_SEA,2024,1,2024-09-08,SEA,DEN,26.0,20.0,24.20747101599306,20.05961458592021,0.0,6.0,46.0,4.147856430072849,44.26708560191327,0.6217110521664435,9.67533866293951,9.507049110930666,13.38114354197204,13.745447231340975,13.564518459577533,-4.877587734889785,13.173300595035483,-13.000769024918444,21.296481885064143,34.99592233251268,53.53824887131387,26.651586183477548,61.882585020349,-0.10459416804187747,-0.06599795836066968,-0.09507239005918494,-0.018906839021099565,-0.03859620968120779,-0.07616555103808538,-0.17059212640254717,-0.1139792290802845,A0-DYNAMIC-OPPONENT-ADJUSTED-JOINT-SCORE-V1,2024,2023,2023-REG-END,100.0,8,phase3-feature-provenance-v1,5f148219527b07d85261d3f196ace97a5eb5646271d43596032a692389abc579,2c5cc1af74fc5f3955e44361b82b791710e4b63bbc69b0c15570617e2d86e543,NONE,A0_training_only_home_away_cov_v1,93.61217824257209,90.38398279764756,2.4705792746798014
2024_01_GB_PHI,2024,1,2024-09-06,PHI,GB,34.0,29.0,24.924133546465445,24.2910199477327,0.0,5.0,63.0,0.633113598732745,49.21515349419815,0.518868460500375,9.67533866293951,9.507049110930666,13.38114354197204,13.745447231340975,13.564518459577533,-8.392330566229889,9.658557763695379,-16.51551185625855,17.78173905372404,39.94399022479755,58.486316763598744,31.599654075762423,66.83065291263387,0.157671557031493,0.008163900673337315,-0.38537465382110647,0.10798622544464952,0.1495076563581557,-0.493360879265756,0.1658354577048303,-0.27738842837645694,A0-DYNAMIC-OPPONENT-ADJUSTED-JOINT-SCORE-V1,2024,2023,2023-REG-END,100.0,8,phase3-feature-provenance-v1,5f148219527b07d85261d3f196ace97a5eb5646271d43596032a692389abc579,2c5cc1af74fc5f3955e44361b82b791710e4b63bbc69b0c15570617e2d86e543,NONE,A0_training_only_home_away_cov_v1,93.61217824257209,90.38398279764756,2.4705792746798014
2024_01_HOU_IND,2024,1,2024-09-08,IND,HOU,27.0,29.0,22.243193632745488,20.54660031595652,0.0,-2.0,56.0,1.6965933167889666,42.78979394870201,0.5504466392572581,9.67533866293951,9.507049110930666,13.38114354197204,13.745447231340975,13.564518459577533,-7.328850848173667,10.7220374817516,-15.452032138202327,18.84521877178026,33.51863067930142,52.06095721810261,25.174294530266287,60.40529336713774,0.12832542697081295,0.0709041305200485,-0.40507980945059063,-0.07997543490760324,0.05742129645076445,-0.3251043745429874,0.19922955749086146,-0.48505524435819386,A0-DYNAMIC-OPPONENT-ADJUSTED-JOINT-SCORE-V1,2024,2023,2023-REG-END,100.0,8,phase3-feature-provenance-v1,5f148219527b07d85261d3f196ace97a5eb5646271d43596032a692389abc579,2c5cc1af74fc5f3955e44361b82b791710e4b63bbc69b0c15570617e2d86e543,NONE,A0_training_only_home_away_cov_v1,93.61217824257209,90.38398279764756,2.4705792746798014
2024_01_JAX_MIA,2024,1,2024-09-08,MIA,JAX,20.0,17.0,25.23663079598753,20.97334033589504,0.0,3.0,37.0,4.263290460092492,46.20997113188257,0.6249867205201264,9.67533866293951,9.507049110930666,13.38114354197204,13.745447231340975,13.564518459577533,-4.762153704870142,13.288734625055126,-12.885334994898802,21.411915915083785,36.93880786248197,55.481134401283164,28.594471713446843,63.82547055031829,0.2612600057363551,-0.014724265589836997,-0.14749308693828986,-0.0044832992961302545,0.2759842713261921,-0.1430097876421596,0.2465357401465181,-0.1519763862344201,A0-DYNAMIC-OPPONENT-ADJUSTED-JOINT-SCORE-V1,2024,2023,2023-REG-END,100.0,8,phase3-feature-provenance-v1,5f148219527b07d85261d3f196ace97a5eb5646271d43596032a692389abc579,2c5cc1af74fc5f3955e44361b82b791710e4b63bbc69b0c15570617e2d86e543,NONE,A0_training_only_home_away_cov_v1,93.61217824257209,90.38398279764756,2.4705792746798014
2024_01_LA_DET,2024,1,2024-09-08,DET,LA,26.0,20.0,25.442470752367548,21.745237547806997,0.0,6.0,46.0,3.6972332045605505,47.18770830017455,0.6088418390769905,9.67533866293951,9.507049110930666,13.38114354197204,13.745447231340975,13.564518459577533,-5.3282109604020835,12.722677369523185,-13.451392250430743,20.845858659551844,37.91654503077395,56.458871569575145,29.572208881738824,64.80320771861028,0.3963384817413217,0.26222868008914213,-0.18534167200516255,-0.0005809981633939581,0.13410980165217956,-0.18476067384176859,0.6585671618304638,-0.18592267016855651,A0-DYNAMIC-OPPONENT-ADJUSTED-JOINT-SCORE-V1,2024,2023,2023-REG-END,100.0,8,phase3-feature-provenance-v1,5f148219527b07d85261d3f196ace97a5eb5646271d43596032a692389abc579,2c5cc1af74fc5f3955e44361b82b791710e4b63bbc69b0c15570617e2d86e543,NONE,A0_training_only_home_away_cov_v1,93.61217824257209,90.38398279764756,2.4705792746798014
2024_01_LV_LAC,2024,1,2024-09-08,LAC,LV,22.0,10.0,21.02823322226058,19.47448023336125,0.0,12.0,32.0,1.5537529888993333,40.50271345562183,0.5462193441398973,9.67533866293951,9.507049110930666,13.38114354197204,13.745447231340975,13.564518459577533,-7.471691176063301,10.579197153861967,-15.59487246609196,18.702378443890627,31.231550186221234,49.773876725022426,22.887214037186105,58.118212874057555,-0.27545974751087765,0.03679797435932042,-0.11146114980200314,0.20202457988705333,-0.31225772187019807,-0.31348572968905647,-0.23866177315155723,0.09056343008505019,A0-DYNAMIC-OPPONENT-ADJUSTED-JOINT-SCORE-V1,2024,2023,2023-REG-END,100.0,8,phase3-feature-provenance-v1,5f148219527b07d85261d3f196ace97a5eb5646271d43596032a692389abc579,2c5cc1af74fc5f3955e44361b82b791710e4b63bbc69b0c15570617e2d86e543,NONE,A0_training_only_home_away_cov_v1,93.61217824257209,90.38398279764756,2.4705792746798014
2024_01_MIN_NYG,2024,1,2024-09-08,NYG,MIN,6.0,28.0,20.461189085068934,19.43074567939511,0.0,-22.0,34.0,1.0304434056738252,39.89193476446404,0.5306910619298664,9.67533866293951,9.507049110930666,13.38114354197204,13.745447231340975,13.564518459577533,-7.995000759288809,10.05588757063646,-16.11818204931747,18.17906886066512,30.620771495063444,49.163098033864635,22.276435346028315,57.507434182899765,-0.14558692361217002,-0.13231031689564265,-0.03853566968507489,-0.04705525545768399,-0.013276606716527362,0.008519585772609105,-0.27789724050781267,-0.08559092514275887,A0-DYNAMIC-OPPONENT-ADJUSTED-JOINT-SCORE-V1,2024,2023,2023-REG-END,100.0,8,phase3-feature-provenance-v1,5f148219527b07d85261d3f196ace97a5eb5646271d43596032a692389abc579,2c5cc1af74fc5f3955e44361b82b791710e4b63bbc69b0c15570617e2d86e543,NONE,A0_training_only_home_away_cov_v1,93.61217824257209,90.38398279764756,2.4705792746798014
2024_01_NE_CIN,2024,1,2024-09-08,CIN,NE,10.0,16.0,23.468258264134384,15.788210683593217,0.0,-6.0,26.0,7.680047580541167,39.2564689477276,0.7169976706646466,9.67533866293951,9.507049110930666,13.38114354197204,13.745447231340975,13.564518459577533,-1.3453965844214668,16.7054917455038,-9.468577874450126,24.82867303553246,29.985305678327002,48.52763221712819,21.640969529291873,56.87196836616332,0.07782167375444826,-0.39650000559701704,0.014076356221715044,0.07079565548750971,0.4743216793514653,-0.056719299265794665,-0.3186783318425688,0.08487201170922476,A0-DYNAMIC-OPPONENT-ADJUSTED-JOINT-SCORE-V1,2024,2023,2023-REG-END,100.0,8,phase3-feature-provenance-v1,5f148219527b07d85261d3f196ace97a5eb5646271d43596032a692389abc579,2c5cc1af74fc5f3955e44361b82b791710e4b63bbc69b0c15570617e2d86e543,NONE,A0_training_only_home_away_cov_v1,93.61217824257209,90.38398279764756,2.4705792746798014
2024_01_NYJ_SF,2024,1,2024-09-09,SF,NYJ,32.0,19.0,27.114617158574553,14.667823911120976,0.0,13.0,51.0,12.446793247453577,41.78244106969553,0.8238595270724405,9.67533866293951,9.507049110930666,13.38114354197204,13.745447231340975,13.564518459577533,3.421349082490943,21.472237412416213,-4.701832207537716,29.59541870244487,32.511277800294934,51.053604339096125,24.166941651259805,59.397940488131255,0.2809148192024562,-0.24074302400520736,0.3503148630394126,0.18033275107567104,0.5216578432076635,0.16998211196374158,0.04017179519724884,0.5306476141150837,A0-DYNAMIC-OPPONENT-ADJUSTED-JOINT-SCORE-V1,2024,2023,2023-REG-END,100.0,8,phase3-feature-provenance-v1,5f148219527b07d85261d3f196ace97a5eb5646271d43596032a692389abc579,2c5cc1af74fc5f3955e44361b82b791710e4b63bbc69b0c15570617e2d86e543,NONE,A0_training_only_home_away_cov_v1,93.61217824257209,90.38398279764756,2.4705792746798014
2024_01_PIT_ATL,2024,1,2024-09-08,ATL,PIT,10.0,18.0,20.755708601007413,20.43625374140501,0.0,-8.0,28.0,0.31945485960240205,41.191962342412424,0.5095232477557057,9.67533866293951,9.507049110930666,13.38114354197204,13.745447231340975,13.564518459577533,-8.705989305360232,9.344899024565036,-16.82917059538889,17.468080314593696,31.92079907301183,50.46312561181302,23.5764629239767,58.80746176084815,-0.15847393708001203,-0.2095504634637504,-0.26603137375582475,0.3552440483067472,0.05107652638373836,-0.621275422062572,-0.3680244005437624,0.08921267455092247,A0-DYNAMIC-OPPONENT-ADJUSTED-JOINT-SCORE-V1,2024,2023,2023-REG-END,100.0,8,phase3-feature-provenance-v1,5f148219527b07d85261d3f196ace97a5eb5646271d43596032a692389abc579,2c5cc1af74fc5f3955e44361b82b791710e4b63bbc69b0c15570617e2d86e543,NONE,A0_training_only_home_away_cov_v1,93.61217824257209,90.38398279764756,2.4705792746798014
2024_01_TEN_CHI,2024,1,2024-09-08,CHI,TEN,24.0,17.0,21.794190247106187,18.926591137926266,0.0,7.0,41.0,2.8675991091799204,40.72078138503245,0.584844025123174,9.67533866293951,9.507049110930666,13.38114354197204,13.745447231340975,13.564518459577533,-6.157845055782714,11.893043274142554,-14.281026345811373,20.016224564171214,31.449618115631857,49.99194465443305,23.105281966596728,58.33628080346818,0.10868665052582716,-0.3499063527568954,0.042024531911728676,-0.09485944272436232,0.45859300328272257,0.136883974636091,-0.24121970223106826,-0.05283491081263365,A0-DYNAMIC-OPPONENT-ADJUSTED-JOINT-SCORE-V1,2024,2023,2023-REG-END,100.0,8,phase3-feature-provenance-v1,5f148219527b07d85261d3f196ace97a5eb5646271d43596032a692389abc579,2c5cc1af74fc5f3955e44361b82b791710e4b63bbc69b0c15570617e2d86e543,NONE,A0_training_only_home_away_cov_v1,93.61217824257209,90.38398279764756,2.4705792746798014
2024_01_WAS_TB,2024,1,2024-09-08,TB,WAS,37.0,20.0,24.50938586024344,17.135995503860997,0.0,17.0,57.0,7.373390356382444,41.64538136410444,0.7091929030410138,9.67533866293951,9.507049110930666,13.38114354197204,13.745447231340975,13.564518459577533,-1.65205380858019,16.39883452134508,-9.77523509860885,24.522015811373738,32.37421809470384,50.91654463350503,24.029881945668713,59.26088078254016,-0.15584871316692378,-0.17882526063109355,0.28612924895577535,-0.6713545819334829,0.022976547464169772,0.9574838308892581,-0.33467397379801733,-0.3852253329777075,A0-DYNAMIC-OPPONENT-ADJUSTED-JOINT-SCORE-V1,2024,2023,2023-REG-END,100.0,8,phase3-feature-provenance-v1,5f148219527b07d85261d3f196ace97a5eb5646271d43596032a692389abc579,2c5cc1af74fc5f3955e44361b82b791710e4b63bbc69b0c15570617e2d86e543,NONE,A0_training_only_home_away_cov_v1,93.61217824257209,90.38398279764756,2.4705792746798014
2024_02_ATL_PHI,2024,2,2024-09-16,PHI,ATL,21.0,22.0,25.78648235313596,19.413236802918426,2.0,-1.0,43.0,6.373245550217533,45.199719156054385,0.6830645270979807,9.67533866293951,9.507049110930666,13.38114354197204,13.745447231340975,13.564518459577533,-2.6521986147451013,15.398689715180167,-10.77537990477376,23.521871005208826,35.92855588665379,54.47088242545498,27.58421973761866,62.81521857449011,0.157671557031493,-0.15847393708001203,-0.38537465382110647,-0.26603137375582475,0.31614549411150505,-0.11934328006528172,-0.0008023800485190413,-0.6514060275769312,A0-DYNAMIC-OPPONENT-ADJUSTED-JOINT-SCORE-V1,2024,2023,2023-REG-END,100.0,8,phase3-feature-provenance-v1,5f148219527b07d85261d3f196ace97a5eb5646271d43596032a692389abc579,2c5cc1af74fc5f3955e44361b82b791710e4b63bbc69b0c15570617e2d86e543,NONE,A0_training_only_home_away_cov_v1,93.61217824257209,90.38398279764756,2.4705792746798014
2024_02_BUF_MIA,2024,2,2024-09-12,MIA,BUF,10.0,31.0,24.49542905871623,24.222116147817417,0.0,-21.0,41.0,0.27331291089881304,48.71754520653364,0.508147920587684,9.67533866293951,9.507049110930666,13.38114354197204,13.745447231340975,13.564518459577533,-8.752131254063821,9.298757075861447,-16.87531254409248,17.421938365890107,39.44638193713305,57.98870847593424,31.102045788097918,66.33304462496938,0.2612600057363551,0.16996725234018972,-0.14749308693828986,0.28753706290264197,0.09129275339616538,-0.4350301498409318,0.43122725807654483,0.1400439759643521,A0-DYNAMIC-OPPONENT-ADJUSTED-JOINT-SCORE-V1,2024,2023,2023-REG-END,100.0,8,phase3-feature-provenance-v1,5f148219527b07d85261d3f196ace97a5eb5646271d43596032a692389abc579,2c5cc1af74fc5f3955e44361b82b791710e4b63bbc69b0c15570617e2d86e543,NONE,A0_training_only_home_away_cov_v1,93.61217824257209,90.38398279764756,2.4705792746798014
2024_02_CHI_HOU,2024,2,2024-09-15,HOU,CHI,19.0,13.0,22.411015915451515,18.52161954376021,0.0,6.0,32.0,3.889396371691305,40.932635459211724,0.6143452652222998,9.67533866293951,9.507049110930666,13.38114354197204,13.745447231340975,13.564518459577533,-5.136047793271329,12.914840536653939,-13.259229083299989,21.0380218266826,31.66147218981113,50.20379872861232,23.317136040776,58.54813487764745,0.0709041305200485,0.10868665052582716,-0.07997543490760324,0.042024531911728676,-0.037782520005778655,-0.12199996681933192,0.17959078104587567,-0.037950902995874565,A0-DYNAMIC-OPPONENT-ADJUSTED-JOINT-SCORE-V1,2024,2023,2023-REG-END,100.0,8,phase3-feature-provenance-v1,5f148219527b07d85261d3f196ace97a5eb5646271d43596032a692389abc579,2c5cc1af74fc5f3955e44361b82b791710e4b63bbc69b0c15570617e2d86e543,NONE,A0_training_only_home_away_cov_v1,93.61217824257209,90.38398279764756,2.4705792746798014
2024_02_CIN_KC,2024,2,2024-09-15,KC,CIN,26.0,25.0,24.709119895856126,20.16844248080832,3.0,1.0,51.0,4.540677415047806,44.87756237666444,0.6328209466425121,9.67533866293951,9.507049110930666,13.38114354197204,13.745447231340975,13.564518459577533,-4.484766749914828,13.56612158001044,-12.607948039943487,21.6893028700391,35.60639910726385,54.14872564606504,27.262062958228718,62.49306179510017,-0.2609293491352022,0.07782167375444826,0.43571688582374263,0.014076356221715044,-0.3387510228896505,0.4216405296020276,-0.18310767538075395,0.4497932420454577,A0-DYNAMIC-OPPONENT-ADJUSTED-JOINT-SCORE-V1,2024,2023,2023-REG-END,100.0,8,phase3-feature-provenance-v1,5f148219527b07d85261d3f196ace97a5eb5646271d43596032a692389abc579,2c5cc1af74fc5f3955e44361b82b791710e4b63bbc69b0c15570617e2d86e543,NONE,A0_training_only_home_away_cov_v1,93.61217824257209,90.38398279764756,2.4705792746798014
2024_02_CLE_JAX,2024,2,2024-09-15,JAX,CLE,13.0,18.0,22.263640966341914,18.31466246998341,0.0,-5.0,31.0,3.948978496358503,40.57830343632533,0.6160470505094646,9.67533866293951,9.507049110930666,13.38114354197204,13.745447231340975,13.564518459577533,-5.076465668604131,12.974422661321137,-13.19964695863279,21.097603951349797,31.307140166924732,49.84946670572592,22.962804017889603,58.19380285476105,-0.014724265589836997,0.2605692250367379,-0.0044832992961302545,-0.13162908789978947,-0.2752934906265749,0.12714578860365922,0.2458449594469009,-0.13611238719591973,A0-DYNAMIC-OPPONENT-ADJUSTED-JOINT-SCORE-V1,2024,2023,2023-REG-END,100.0,8,phase3-feature-provenance-v1,5f148219527b07d85261d3f196ace97a5eb5646271d43596032a692389abc579,2c5cc1af74fc5f3955e44361b82b791710e4b63bbc69b0c15570617e2d86e543,NONE,A0_training_only_home_away_cov_v1,93.61217824257209,90.38398279764756,2.4705792746798014
2024_02_IND_GB,2024,2,2024-09-15,GB,IND,16.0,10.0,26.69094233300401,20.25839570448246,2.0,6.0,26.0,6.43254662852155,46.94933803748647,0.6846412680165791,9.67533866293951,9.507049110930666,13.38114354197204,13.745447231340975,13.564518459577533,-2.5928975364410842,15.457990793484184,-10.716078826469744,23.581172083512843,37.678174768085874,56.220501306887066,29.333838619050745,64.5648374559222,0.008163900673337315,0.12832542697081295,0.10798622544464952,-0.40507980945059063,-0.12016152629747563,0.5130660348952402,0.13648932764415025,-0.2970935840059411,A0-DYNAMIC-OPPONENT-ADJUSTED-JOINT-SCORE-V1,2024,2023,2023-REG-END,100.0,8,phase3-feature-provenance-v1,5f148219527b07d85261d3f196ace97a5eb5646271d43596032a692389abc579,2c5cc1af74fc5f3955e44361b82b791710e4b63bbc69b0c15570617e2d86e543,NONE,A0_training_only_home_away_cov_v1,93.61217824257209,90.38398279764756,2.4705792746798014
2024_02_LAC_CAR,2024,2,2024-09-15,CAR,LAC,3.0,26.0,18.045230031007495,19.243405585990104,0.0,-23.0,29.0,-1.1981755549826083,37.288635616997595,0.46432555259010894,9.67533866293951,9.507049110930666,13.38114354197204,13.745447231340975,13.564518459577533,-10.223619719945242,7.827268609980026,-18.346801009973902,15.950449900008685,28.017472347597,46.55979888639819,19.67313619856187,54.90413503543332,-0.595566742528629,-0.27545974751087765,-0.04915027807573818,-0.11146114980200314,-0.3201069950177513,0.06231087172626496,-0.8710264900395066,-0.16061142787774133,A0-DYNAMIC-OPPONENT-ADJUSTED-JOINT-SCORE-V1,2024,2023,2023-REG-END,100.0,8,phase3-feature-provenance-v1,5f148219527b07d85261d3f196ace97a5eb5646271d43596032a692389abc579,2c5cc1af74fc5f3955e44361b82b791710e4b63bbc69b0c15570617e2d86e543,NONE,A0_training_only_home_away_cov_v1,93.61217824257209,90.38398279764756,2.4705792746798014
2024_02_LA_ARI,2024,2,2024-09-15,ARI,LA,41.0,10.0,21.84513260341269,23.113385829356286,0.0,31.0,51.0,-1.268253225943596,44.958518432768976,0.4622451295890186,9.67533866293951,9.507049110930666,13.38114354197204,13.745447231340975,13.564518459577533,-10.29369739090623,7.757190939019038,-18.41687868093489,15.880372229047698,35.68735516336838,54.22968170216957,27.34301901433325,62.5740178512047,0.06973520353013506,0.26222868008914213,-0.4319738256074883,-0.0005809981633939581,-0.19249347655900706,-0.43139282744409435,0.3319638836192772,-0.4325548237708823,A0-DYNAMIC-OPPONENT-ADJUSTED-JOINT-SCORE-V1,2024,2023,2023-REG-END,100.0,8,phase3-feature-provenance-v1,5f148219527b07d85261d3f196ace97a5eb5646271d43596032a692389abc579,2c5cc1af74fc5f3955e44361b82b791710e4b63bbc69b0c15570617e2d86e543,NONE,A0_training_only_home_away_cov_v1,93.61217824257209,90.38398279764756,2.4705792746798014
2024_02_LV_BAL,2024,2,2024-09-15,BAL,LV,23.0,26.0,25.83152015510404,17.62334659479205,3.0,-3.0,49.0,8.208173560311991,43.45486674989609,0.7301985058788518,9.67533866293951,9.507049110930666,13.38114354197204,13.745447231340975,13.564518459577533,-0.817270604650643,17.233617725274627,-8.940451894679303,25.356799015303285,34.183703480495495,52.72603001929669,25.839367331460366,61.070366168331816,0.4222480417437421,0.03679797435932042,0.4744532204073231,0.20202457988705333,0.38545006738442167,0.2724286405202697,0.4590460161030625,0.6764778002943764,A0-DYNAMIC-OPPONENT-ADJUSTED-JOINT-SCORE-V1,2024,2023,2023-REG-END,100.0,8,phase3-feature-provenance-v1,5f148219527b07d85261d3f196ace97a5eb5646271d43596032a692389abc579,2c5cc1af74fc5f3955e44361b82b791710e4b63bbc69b0c15570617e2d86e543,NONE,A0_training_only_home_away_cov_v1,93.61217824257209,90.38398279764756,2.4705792746798014
2024_02_NO_DAL,2024,2,2024-09-15,DAL,NO,19.0,44.0,25.2253846710546,20.653378811617287,0.0,-25.0,63.0,4.572005859437311,45.878763482671886,0.633702358291062,9.67533866293951,9.507049110930666,13.38114354197204,13.745447231340975,13.564518459577533,-4.453438305525323,13.597450024399945,-12.576619595553982,21.720631314428605,36.60760021327129,55.14992675207248,28.26326406423616,63.49426290110761,0.5624335634974518,0.2910769594591218,0.18515577646961867,0.15138998651170946,0.27135660403832995,0.033765789957909215,0.8535105229565736,0.3365457629813281,A0-DYNAMIC-OPPONENT-ADJUSTED-JOINT-SCORE-V1,2024,2023,2023-REG-END,100.0,8,phase3-feature-provenance-v1,5f148219527b07d85261d3f196ace97a5eb5646271d43596032a692389abc579,2c5cc1af74fc5f3955e44361b82b791710e4b63bbc69b0c15570617e2d86e543,NONE,A0_training_only_home_away_cov_v1,93.61217824257209,90.38398279764756,2.4705792746798014
2024_02_NYG_WAS,2024,2,2024-09-15,WAS,NYG,21.0,18.0,20.30846844480885,19.452417349419388,0.0,3.0,39.0,0.8560510953894607,39.76088579422824,0.5255047084233966,9.67533866293951,9.507049110930666,13.38114354197204,13.745447231340975,13.564518459577533,-8.169393069573173,9.881495260352095,-16.292574359601833,18.004676550380754,30.48972252482764,49.03204906362883,22.145386375792512,57.37638521266396,-0.17882526063109355,-0.14558692361217002,-0.6713545819334829,-0.03853566968507489,-0.033238337018923536,-0.6328189122484079,-0.32441218424326357,-0.7098902516185578,A0-DYNAMIC-OPPONENT-ADJUSTED-JOINT-SCORE-V1,2024,2023,2023-REG-END,100.0,8,phase3-feature-provenance-v1,5f148219527b07d85261d3f196ace97a5eb5646271d43596032a692389abc579,2c5cc1af74fc5f3955e44361b82b791710e4b63bbc69b0c15570617e2d86e543,NONE,A0_training_only_home_away_cov_v1,93.61217824257209,90.38398279764756,2.4705792746798014
2024_02_NYJ_TEN,2024,2,2024-09-15,TEN,NYJ,17.0,24.0,20.136490079957774,16.212153695034658,1.0,-7.0,41.0,3.924336384923116,36.34864377499243,0.6153434914990534,9.67533866293951,9.507049110930666,13.38114354197204,13.745447231340975,13.564518459577533,-5.101107780039518,12.94978054988575,-13.224289070068178,21.07296183991441,27.077480505591836,45.61980704439303,18.733144356556707,53.96414319342816,-0.3499063527568954,-0.24074302400520736,-0.09485944272436232,0.18033275107567104,-0.10916332875168805,-0.27519219380003335,-0.5906493767621028,0.08547330835130872,A0-DYNAMIC-OPPONENT-ADJUSTED-JOINT-SCORE-V1,2024,2023,2023-REG-END,100.0,8,phase3-feature-provenance-v1,5f148219527b07d85261d3f196ace97a5eb5646271d43596032a692389abc579,2c5cc1af74fc5f3955e44361b82b791710e4b63bbc69b0c15570617e2d86e543,NONE,A0_training_only_home_away_cov_v1,93.61217824257209,90.38398279764756,2.4705792746798014
2024_02_PIT_DEN,2024,2,2024-09-15,DEN,PIT,6.0,13.0,20.506339652231894,20.109909002812547,0.0,-7.0,19.0,0.39643064941934725,40.616248655044444,0.5118173618427249,9.67533866293951,9.507049110930666,13.38114354197204,13.745447231340975,13.564518459577533,-8.629013515543287,9.421874814381981,-16.752194805571946,17.54505610441064,31.34508538564385,49.88741192444504,23.00074923660872,58.23174807348017,-0.06599795836066968,-0.2095504634637504,-0.018906839021099565,0.3552440483067472,0.1435525051030807,-0.3741508873278468,-0.2755484218244201,0.33633720928564764,A0-DYNAMIC-OPPONENT-ADJUSTED-JOINT-SCORE-V1,2024,2023,2023-REG-END,100.0,8,phase3-feature-provenance-v1,5f148219527b07d85261d3f196ace97a5eb5646271d43596032a692389abc579,2c5cc1af74fc5f3955e44361b82b791710e4b63bbc69b0c15570617e2d86e543,NONE,A0_training_only_home_away_cov_v1,93.61217824257209,90.38398279764756,2.4705792746798014
2024_02_SEA_NE,2024,2,2024-09-15,NE,SEA,20.0,23.0,18.985308364717827,20.853017397172437,0.0,-3.0,43.0,-1.8677090324546093,39.83832576189026,0.4444968365680307,9.67533866293951,9.507049110930666,13.38114354197204,13.745447231340975,13.564518459577533,-10.893153197417243,7.157735132508025,-19.016334487445903,15.280916422536684,30.567162492489665,49.109489031290856,22.222826343454535,57.453825180325985,-0.39650000559701704,-0.10459416804187747,0.07079565548750971,-0.09507239005918494,-0.29190583755513955,0.16586804554669465,-0.5010941736388945,-0.02427673457167523,A0-DYNAMIC-OPPONENT-ADJUSTED-JOINT-SCORE-V1,2024,2023,2023-REG-END,100.0,8,phase3-feature-provenance-v1,5f148219527b07d85261d3f196ace97a5eb5646271d43596032a692389abc579,2c5cc1af74fc5f3955e44361b82b791710e4b63bbc69b0c15570617e2d86e543,NONE,A0_training_only_home_away_cov_v1,93.61217824257209,90.38398279764756,2.4705792746798014
2024_02_SF_MIN,2024,2,2024-09-15,MIN,SF,23.0,17.0,21.802176773100477,25.7006257194085,1.0,6.0,40.0,-3.8984489463080223,47.50280249250898,0.3853960322911119,9.67533866293951,9.507049110930666,13.38114354197204,13.745447231340975,13.564518459577533,-12.923893111270656,5.126995218654612,-21.047074401299316,13.250176508683271,38.23163922310838,56.77396576190957,29.88730307407325,65.1183019109447,-0.13231031689564265,0.2809148192024562,-0.04705525545768399,0.3503148630394126,-0.41322513609809886,-0.3973701184970966,0.14860450230681355,0.30325960758172865,A0-DYNAMIC-OPPONENT-ADJUSTED-JOINT-SCORE-V1,2024,2023,2023-REG-END,100.0,8,phase3-feature-provenance-v1,5f148219527b07d85261d3f196ace97a5eb5646271d43596032a692389abc579,2c5cc1af74fc5f3955e44361b82b791710e4b63bbc69b0c15570617e2d86e543,NONE,A0_training_only_home_away_cov_v1,93.61217824257209,90.38398279764756,2.4705792746798014
2024_02_TB_DET,2024,2,2024-09-15,DET,TB,16.0,20.0,25.04148296408999,21.809994689195427,0.0,-4.0,36.0,3.231488274894563,46.851477653285414,0.5954145154275434,9.67533866293951,9.507049110930666,13.38114354197204,13.745447231340975,13.564518459577533,-5.793955890068071,12.256932439857197,-13.91713718009673,20.380113729885856,37.58031438388482,56.12264092268601,29.23597823484969,64.46697707172115,0.3963384817413217,-0.15584871316692378,-0.18534167200516255,0.28612924895577535,0.5521871949082455,-0.4714709209609379,0.2404897685743979,0.1007875769506128,A0-DYNAMIC-OPPONENT-ADJUSTED-JOINT-SCORE-V1,2024,2023,2023-REG-END,100.0,8,phase3-feature-provenance-v1,5f148219527b07d85261d3f196ace97a5eb5646271d43596032a692389abc579,2c5cc1af74fc5f3955e44361b82b791710e4b63bbc69b0c15570617e2d86e543,NONE,A0_training_only_home_away_cov_v1,93.61217824257209,90.38398279764756,2.4705792746798014
2024_03_BAL_DAL,2024,3,2024-09-22,DAL,BAL,25.0,28.0,25.00676247425755,22.97643201959976,0.0,-3.0,53.0,2.03033045465779,47.98319449385731,0.5603003340486945,9.67533866293951,9.507049110930666,13.38114354197204,13.745447231340975,13.564518459577533,-6.995113710304844,11.055774619620424,-15.118295000333504,19.178955909649083,38.712031224456716,57.25435776325791,30.367695075421587,65.59869391229304,0.5624335634974518,0.4222480417437421,0.18515577646961867,0.4744532204073231,0.14018552175370969,-0.2892974439377044,0.9846816052411939,0.6596089968769417,A0-DYNAMIC-OPPONENT-ADJUSTED-JOINT-SCORE-V1,2024,2023,2023-REG-END,100.0,8,phase3-feature-provenance-v1,5f148219527b07d85261d3f196ace97a5eb5646271d43596032a692389abc579,2c5cc1af74fc5f3955e44361b82b791710e4b63bbc69b0c15570617e2d86e543,NONE,A0_training_only_home_away_cov_v1,93.61217824257209,90.38398279764756,2.4705792746798014
2024_03_CAR_LV,2024,3,2024-09-22,LV,CAR,22.0,36.0,22.106775933500252,14.596967168250274,0.0,-14.0,58.0,7.5098087652499785,36.703743101750526,0.712677319850526,9.67533866293951,9.507049110930666,13.38114354197204,13.745447231340975,13.564518459577533,-1.5156353997126555,16.535252930212614,-9.638816689741315,24.658434220241272,27.43257983234993,45.97490637115112,19.0882436833148,54.31924252018625,0.03679797435932042,-0.595566742528629,0.20202457988705333,-0.04915027807573818,0.6323647168879494,0.2511748579627915,-0.5587687681693085,0.15287430181131514,A0-DYNAMIC-OPPONENT-ADJUSTED-JOINT-SCORE-V1,2024,2023,2023-REG-END,100.0,8,phase3-feature-provenance-v1,5f148219527b07d85261d3f196ace97a5eb5646271d43596032a692389abc579,2c5cc1af74fc5f3955e44361b82b791710e4b63bbc69b0c15570617e2d86e543,NONE,A0_training_only_home_away_cov_v1,93.61217824257209,90.38398279764756,2.4705792746798014
2024_03_CHI_IND,2024,3,2024-09-22,IND,CHI,21.0,16.0,22.17252752351327,19.146842763521505,0.0,5.0,37.0,3.0256847599917656,41.31937028703477,0.5894442284202552,9.67533866293951,9.507049110930666,13.38114354197204,13.745447231340975,13.564518459577533,-5.9997594049708685,12.0511289249544,-14.122940694999528,20.17431021498306,32.04820701763418,50.59053355643537,23.703870868599047,58.9348697054705,0.12832542697081295,0.10868665052582716,-0.40507980945059063,0.042024531911728676,0.019638776444985795,-0.4471043413623193,0.2370120774966401,-0.36305527753886196,A0-DYNAMIC-OPPONENT-ADJUSTED-JOINT-SCORE-V1,2024,2023,2023-REG-END,100.0,8,phase3-feature-provenance-v1,5f148219527b07d85261d3f196ace97a5eb5646271d43596032a692389abc579,2c5cc1af74fc5f3955e44361b82b791710e4b63bbc69b0c15570617e2d86e543,NONE,A0_training_only_home_away_cov_v1,93.61217824257209,90.38398279764756,2.4705792746798014
2024_03_DEN_TB,2024,3,2024-09-22,TB,DEN,7.0,26.0,23.779530874610355,18.38409186796619,0.0,-19.0,33.0,5.395439006644164,42.16362274257655,0.6566039010029225,9.67533866293951,9.507049110930666,13.38114354197204,13.745447231340975,13.564518459577533,-3.63000515831847,14.420883171606798,-11.75318644834713,22.544064461635458,32.892459473175954,51.434786011977145,24.548123324140825,59.779122161012275,-0.15584871316692378,-0.06599795836066968,0.28612924895577535,-0.018906839021099565,-0.0898507548062541,0.3050360879768749,-0.22184667152759346,0.2672224099346758,A0-DYNAMIC-OPPONENT-ADJUSTED-JOINT-SCORE-V1,2024,2023,2023-REG-END,100.0,8,phase3-feature-provenance-v1,5f148219527b07d85261d3f196ace97a5eb5646271d43596032a692389abc579,2c5cc1af74fc5f3955e44361b82b791710e4b63bbc69b0c15570617e2d86e543,NONE,A0_training_only_home_away_cov_v1,93.61217824257209,90.38398279764756,2.4705792746798014
2024_03_DET_ARI,2024,3,2024-09-22,ARI,DET,13.0,20.0,23.34977315997077,24.09633394490611,0.0,-7.0,33.0,-0.7465607849353404,47.44610710487688,0.47775375331940706,9.67533866293951,9.507049110930666,13.38114354197204,13.745447231340975,13.564518459577533,-9.772004949897974,8.278883380027294,-17.895186239926634,16.402064670055953,38.174943835476284,56.717270374277476,29.830607686441155,65.0616065233126,0.06973520353013506,0.3963384817413217,-0.4319738256074883,-0.18534167200516255,-0.3266032782111866,-0.24663215360232577,0.46607368527145676,-0.6173154976126509,A0-DYNAMIC-OPPONENT-ADJUSTED-JOINT-SCORE-V1,2024,2023,2023-REG-END,100.0,8,phase3-feature-provenance-v1,5f148219527b07d85261d3f196ace97a5eb5646271d43596032a692389abc579,2c5cc1af74fc5f3955e44361b82b791710e4b63bbc69b0c15570617e2d86e543,NONE,A0_training_only_home_away_cov_v1,93.61217824257209,90.38398279764756,2.4705792746798014
2024_03_GB_TEN,2024,3,2024-09-22,TEN,GB,14.0,30.0,21.079440668921137,23.943231555473957,0.0,-16.0,44.0,-2.8637908865528203,45.022672224395095,0.4152669383106145,9.67533866293951,9.507049110930666,13.38114354197204,13.745447231340975,13.564518459577533,-11.889235051515454,6.161653278409814,-20.012416341544114,14.284834568438473,35.7515089549945,54.29383549379569,27.40717280595937,62.63817164283082,-0.3499063527568954,0.008163900673337315,-0.09485944272436232,0.10798622544464952,-0.35807025343023274,-0.20284566816901184,-0.3417424520835581,0.013126782720287195,A0-DYNAMIC-OPPONENT-ADJUSTED-JOINT-SCORE-V1,2024,2023,2023-REG-END,100.0,8,phase3-feature-provenance-v1,5f148219527b07d85261d3f196ace97a5eb5646271d43596032a692389abc579,2c5cc1af74fc5f3955e44361b82b791710e4b63bbc69b0c15570617e2d86e543,NONE,A0_training_only_home_away_cov_v1,93.61217824257209,90.38398279764756,2.4705792746798014
2024_03_HOU_MIN,2024,3,2024-09-22,MIN,HOU,34.0,7.0,22.203572190027824,20.30138772111281,0.0,27.0,41.0,1.9021844689150136,42.50495991114063,0.5565208583258218,9.67533866293951,9.507049110930666,13.38114354197204,13.745447231340975,13.564518459577533,-7.12325969604762,10.927628633877648,-15.24644098607628,19.050809923906307,33.233796641740035,51.77612318054123,24.889460492704906,60.120459329576356,-0.13231031689564265,0.0709041305200485,-0.04705525545768399,-0.07997543490760324,-0.20321444741569117,0.03292017944991925,-0.061406186375594154,-0.12703069036528725,A0-DYNAMIC-OPPONENT-ADJUSTED-JOINT-SCORE-V1,2024,2023,2023-REG-END,100.0,8,phase3-feature-provenance-v1,5f148219527b07d85261d3f196ace97a5eb5646271d43596032a692389abc579,2c5cc1af74fc5f3955e44361b82b791710e4b63bbc69b0c15570617e2d86e543,NONE,A0_training_only_home_away_cov_v1,93.61217824257209,90.38398279764756,2.4705792746798014
2024_03_JAX_BUF,2024,3,2024-09-23,BUF,JAX,47.0,10.0,26.898973991271326,19.311693041078584,3.0,37.0,57.0,7.587280950192742,46.21066703234991,0.7146472899545933,9.67533866293951,9.507049110930666,13.38114354197204,13.745447231340975,13.564518459577533,-1.438163214769892,16.612725115155378,-9.561344504798551,24.735906405184036,36.939503762949315,55.481830301750506,28.595167613914185,63.826166450785635,0.16996725234018972,-0.014724265589836997,0.28753706290264197,-0.0044832992961302545,0.18469151793002672,0.2920203621987722,0.15524298675035272,0.28305376360651174,A0-DYNAMIC-OPPONENT-ADJUSTED-JOINT-SCORE-V1,2024,2023,2023-REG-END,100.0,8,phase3-feature-provenance-v1,5f148219527b07d85261d3f196ace97a5eb5646271d43596032a692389abc579,2c5cc1af74fc5f3955e44361b82b791710e4b63bbc69b0c15570617e2d86e543,NONE,A0_training_only_home_away_cov_v1,93.61217824257209,90.38398279764756,2.4705792746798014
2024_03_KC_ATL,2024,3,2024-09-22,ATL,KC,17.0,22.0,20.68854423692409,22.160584202342164,-1.0,-5.0,39.0,-1.4720399654180731,42.84912843926625,0.45620130398076153,9.67533866293951,9.507049110930666,13.38114354197204,13.745447231340975,13.564518459577533,-10.497484130380707,7.553404199544561,-18.620665420409367,15.67658548957322,33.57796516986566,52.12029170866685,25.233629020830527,60.46462785770198,-0.15847393708001203,-0.2609293491352022,-0.26603137375582475,0.43571688582374263,0.10245541205519018,-0.7017482595795674,-0.4194032862152143,0.16968551206791788,A0-DYNAMIC-OPPONENT-ADJUSTED-JOINT-SCORE-V1,2024,2023,2023-REG-END,100.0,8,phase3-feature-provenance-v1,5f148219527b07d85261d3f196ace97a5eb5646271d43596032a692389abc579,2c5cc1af74fc5f3955e44361b82b791710e4b63bbc69b0c15570617e2d86e543,NONE,A0_training_only_home_away_cov_v1,93.61217824257209,90.38398279764756,2.4705792746798014
2024_03_LAC_PIT,2024,3,2024-09-22,PIT,LAC,20.0,10.0,22.009485934819196,18.443434199975197,0.0,10.0,30.0,3.566051734843999,40.4529201347944,0.6050722579550504,9.67533866293951,9.507049110930666,13.38114354197204,13.745447231340975,13.564518459577533,-5.459392430118635,12.591495899806633,-13.582573720147295,20.714677189835292,31.1817568653938,49.72408340419499,22.83742071635867,58.06841955323012,-0.2095504634637504,-0.27545974751087765,0.3552440483067472,-0.11146114980200314,0.06590928404712726,0.46670519810875033,-0.48501021097462804,0.24378289850474408,A0-DYNAMIC-OPPONENT-ADJUSTED-JOINT-SCORE-V1,2024,2023,2023-REG-END,100.0,8,phase3-feature-provenance-v1,5f148219527b07d85261d3f196ace97a5eb5646271d43596032a692389abc579,2c5cc1af74fc5f3955e44361b82b791710e4b63bbc69b0c15570617e2d86e543,NONE,A0_training_only_home_away_cov_v1,93.61217824257209,90.38398279764756,2.4705792746798014
2024_03_MIA_SEA,2024,3,2024-09-22,SEA,MIA,24.0,3.0,24.292741294980836,23.287539509128656,-3.0,21.0,27.0,1.0052017858521793,47.58028080410949,0.5299406881682939,9.67533866293951,9.507049110930666,13.38114354197204,13.745447231340975,13.564518459577533,-8.020242379110455,10.030645950814813,-16.143423669139114,18.153827240843473,38.309117534708896,56.85144407351009,29.964781385673767,65.19578022254521,-0.10459416804187747,0.2612600057363551,-0.09507239005918494,-0.14749308693828986,-0.3658541737782326,0.05242069687910492,0.15666583769447762,-0.2425654769974748,A0-DYNAMIC-OPPONENT-ADJUSTED-JOINT-SCORE-V1,2024,2023,2023-REG-END,100.0,8,phase3-feature-provenance-v1,5f148219527b07d85261d3f196ace97a5eb5646271d43596032a692389abc579,2c5cc1af74fc5f3955e44361b82b791710e4b63bbc69b0c15570617e2d86e543,NONE,A0_training_only_home_away_cov_v1,93.61217824257209,90.38398279764756,2.4705792746798014
2024_03_NE_NYJ,2024,3,2024-09-19,NYJ,NE,24.0,3.0,18.322870983238406,15.670115120796769,0.0,21.0,27.0,2.652755862441637,33.992986104035175,0.5785736327594034,9.67533866293951,9.507049110930666,13.38114354197204,13.745447231340975,13.564518459577533,-6.372688302520997,11.678200027404271,-14.495869592549656,19.80138131743293,24.72182283463458,43.26414937343577,16.37748668559945,51.6084855224709,-0.24074302400520736,-0.39650000559701704,0.18033275107567104,0.07079565548750971,0.15575698159180967,0.10953709558816133,-0.6372430296022245,0.25112840656318075,A0-DYNAMIC-OPPONENT-ADJUSTED-JOINT-SCORE-V1,2024,2023,2023-REG-END,100.0,8,phase3-feature-provenance-v1,5f148219527b07d85261d3f196ace97a5eb5646271d43596032a692389abc579,2c5cc1af74fc5f3955e44361b82b791710e4b63bbc69b0c15570617e2d86e543,NONE,A0_training_only_home_away_cov_v1,93.61217824257209,90.38398279764756,2.4705792746798014
2024_03_NYG_CLE,2024,3,2024-09-22,CLE,NYG,15.0,21.0,21.090158738900335,17.372075063129046,0.0,-6.0,36.0,3.7180836757712896,38.46223380202938,0.609440059800066,9.67533866293951,9.507049110930666,13.38114354197204,13.745447231340975,13.564518459577533,-5.307360489191344,12.743527840733924,-13.430541779220004,20.866709130762583,29.191070532628785,47.73339707142998,20.846734383593656,56.077733220465106,0.2605692250367379,-0.14558692361217002,-0.13162908789978947,-0.03853566968507489,0.4061561486489079,-0.09309341821471459,0.11498230142456789,-0.17016475758486435,A0-DYNAMIC-OPPONENT-ADJUSTED-JOINT-SCORE-V1,2024,2023,2023-REG-END,100.0,8,phase3-feature-provenance-v1,5f148219527b07d85261d3f196ace97a5eb5646271d43596032a692389abc579,2c5cc1af74fc5f3955e44361b82b791710e4b63bbc69b0c15570617e2d86e543,NONE,A0_training_only_home_away_cov_v1,93.61217824257209,90.38398279764756,2.4705792746798014
2024_03_PHI_NO,2024,3,2024-09-22,NO,PHI,12.0,15.0,26.124011783267488,21.570589283861697,1.0,-3.0,27.0,4.553422499405791,47.694601067129184,0.6331796086073497,9.67533866293951,9.507049110930666,13.38114354197204,13.745447231340975,13.564518459577533,-4.472021665556843,13.578866664368425,-12.595202955585503,21.702047954397084,38.42343779772859,56.96576433652978,30.07910164869346,65.3101004855649,0.2910769594591218,0.157671557031493,0.15138998651170946,-0.38537465382110647,0.13340540242762883,0.5367646403328159,0.4487485164906148,-0.23398466730939702,A0-DYNAMIC-OPPONENT-ADJUSTED-JOINT-SCORE-V1,2024,2023,2023-REG-END,100.0,8,phase3-feature-provenance-v1,5f148219527b07d85261d3f196ace97a5eb5646271d43596032a692389abc579,2c5cc1af74fc5f3955e44361b82b791710e4b63bbc69b0c15570617e2d86e543,NONE,A0_training_only_home_away_cov_v1,93.61217824257209,90.38398279764756,2.4705792746798014
2024_03_SF_LA,2024,3,2024-09-22,LA,SF,27.0,24.0,22.994377071178604,25.911413009606527,0.0,3.0,51.0,-2.9170359384279223,48.90579008078513,0.41371610903682215,9.67533866293951,9.507049110930666,13.38114354197204,13.745447231340975,13.564518459577533,-11.942480103390556,6.108408226534712,-20.065661393419216,14.231589516563371,39.634626811384535,58.17695335018573,31.290290662349406,66.52128949922086,0.26222868008914213,0.2809148192024562,-0.0005809981633939581,0.3503148630394126,-0.01868613911331407,-0.3508958612028066,0.5431434992915983,0.34973386487601865,A0-DYNAMIC-OPPONENT-ADJUSTED-JOINT-SCORE-V1,2024,2023,2023-REG-END,100.0,8,phase3-feature-provenance-v1,5f148219527b07d85261d3f196ace97a5eb5646271d43596032a692389abc579,2c5cc1af74fc5f3955e44361b82b791710e4b63bbc69b0c15570617e2d86e543,NONE,A0_training_only_home_away_cov_v1,93.61217824257209,90.38398279764756,2.4705792746798014
2024_03_WAS_CIN,2024,3,2024-09-23,CIN,WAS,33.0,38.0,26.042713195860937,18.667625639162665,0.0,-5.0,71.0,7.375087556698272,44.710338835023606,0.7092363742624321,9.67533866293951,9.507049110930666,13.38114354197204,13.745447231340975,13.564518459577533,-1.650356608264362,16.400531721660904,-9.773537898293021,24.523713011689566,35.43917556562301,53.9815021044242,27.09483941658788,62.32583825345933,0.07782167375444826,-0.17882526063109355,0.014076356221715044,-0.6713545819334829,0.2566469343855418,0.6854309381551978,-0.10100358687664529,-0.6572782257117679,A0-DYNAMIC-OPPONENT-ADJUSTED-JOINT-SCORE-V1,2024,2023,2023-REG-END,100.0,8,phase3-feature-provenance-v1,5f148219527b07d85261d3f196ace97a5eb5646271d43596032a692389abc579,2c5cc1af74fc5f3955e44361b82b791710e4b63bbc69b0c15570617e2d86e543,NONE,A0_training_only_home_away_cov_v1,93.61217824257209,90.38398279764756,2.4705792746798014
2024_04_BUF_BAL,2024,4,2024-09-29,BAL,BUF,35.0,10.0,25.310159808642286,23.760480434789816,1.0,25.0,45.0,1.5496793738524701,49.0706402434321,0.5460987081877317,9.67533866293951,9.507049110930666,13.38114354197204,13.745447231340975,13.564518459577533,-7.475764791110164,10.575123538815104,-15.598946081138823,18.698304828843764,39.799476974031506,58.3418035128327,31.455140824996377,66.68613966186783,0.4222480417437421,0.16996725234018972,0.4744532204073231,0.28753706290264197,0.25228078940355236,0.1869161575046811,0.5922152940839318,0.761990283309965,A0-DYNAMIC-OPPONENT-ADJUSTED-JOINT-SCORE-V1,2024,2023,2023-REG-END,100.0,8,phase3-feature-provenance-v1,5f148219527b07d85261d3f196ace97a5eb5646271d43596032a692389abc579,2c5cc1af74fc5f3955e44361b82b791710e4b63bbc69b0c15570617e2d86e543,NONE,A0_training_only_home_away_cov_v1,93.61217824257209,90.38398279764756,2.4705792746798014
2024_04_CIN_CAR,2024,4,2024-09-29,CAR,CIN,24.0,34.0,19.05416019189541,22.735346301031413,1.0,-10.0,58.0,-3.6811861091360036,41.78950649292682,0.39161874352115356,9.67533866293951,9.507049110930666,13.38114354197204,13.745447231340975,13.564518459577533,-12.706630274098638,5.34425805582663,-20.829811564127297,13.46743934585529,32.51834322352622,51.060669762327414,24.174007074491094,59.405005911362544,-0.595566742528629,0.07782167375444826,-0.04915027807573818,0.014076356221715044,-0.6733884162830772,-0.06322663429745322,-0.5177450687741807,-0.03507392185402314,A0-DYNAMIC-OPPONENT-ADJUSTED-JOINT-SCORE-V1,2024,2023,2023-REG-END,100.0,8,phase3-feature-provenance-v1,5f148219527b07d85261d3f196ace97a5eb5646271d43596032a692389abc579,2c5cc1af74fc5f3955e44361b82b791710e4b63bbc69b0c15570617e2d86e543,NONE,A0_training_only_home_away_cov_v1,93.61217824257209,90.38398279764756,2.4705792746798014
2024_04_CLE_LV,2024,4,2024-09-29,LV,CLE,20.0,16.0,21.310177432632617,18.118498491320608,0.0,4.0,36.0,3.1916789413120092,39.42867592395322,0.5942613461553322,9.67533866293951,9.507049110930666,13.38114354197204,13.745447231340975,13.564518459577533,-5.833765223650625,12.217123106274643,-13.956946513679284,20.340304396303303,30.157512654552626,48.69983919335382,21.813176505517497,57.04417534238895,0.03679797435932042,0.2605692250367379,0.20202457988705333,-0.13162908789978947,-0.2237712506774175,0.3336536677868428,0.2973671993960583,0.07039549198726386,A0-DYNAMIC-OPPONENT-ADJUSTED-JOINT-SCORE-V1,2024,2023,2023-REG-END,100.0,8,phase3-feature-provenance-v1,5f148219527b07d85261d3f196ace97a5eb5646271d43596032a692389abc579,2c5cc1af74fc5f3955e44361b82b791710e4b63bbc69b0c15570617e2d86e543,NONE,A0_training_only_home_away_cov_v1,93.61217824257209,90.38398279764756,2.4705792746798014
2024_04_DAL_NYG,2024,4,2024-09-26,NYG,DAL,15.0,20.0,20.524053779076326,23.402584059013495,0.0,-5.0,35.0,-2.87853027993717,43.92663783808982,0.4148375016439103,9.67533866293951,9.507049110930666,13.38114354197204,13.745447231340975,13.564518459577533,-11.903974444899804,6.146913885025464,-20.027155734928463,14.270095175054124,34.65547456868922,53.19780110749041,26.311138419654093,61.54213725652554,-0.14558692361217002,0.5624335634974518,-0.03853566968507489,0.18515577646961867,-0.7080204871096218,-0.22369144615469355,0.41684663988528176,0.1466201067845438,A0-DYNAMIC-OPPONENT-ADJUSTED-JOINT-SCORE-V1,2024,2023,2023-REG-END,100.0,8,phase3-feature-provenance-v1,5f148219527b07d85261d3f196ace97a5eb5646271d43596032a692389abc579,2c5cc1af74fc5f3955e44361b82b791710e4b63bbc69b0c15570617e2d86e543,NONE,A0_training_only_home_away_cov_v1,93.61217824257209,90.38398279764756,2.4705792746798014
2024_04_DEN_NYJ,2024,4,2024-09-29,NYJ,DEN,9.0,10.0,20.05687640038313,17.91751823767051,3.0,-1.0,19.0,2.139358162712618,37.97439463805364,0.5635116370009541,9.67533866293951,9.507049110930666,13.38114354197204,13.745447231340975,13.564518459577533,-6.886086002250016,11.164802327675252,-15.009267292278675,19.28798361770391,28.703231368653043,47.245557907454234,20.358895219617914,55.58989405648936,-0.24074302400520736,-0.06599795836066968,0.18033275107567104,-0.018906839021099565,-0.17474506564453768,0.1992395900967706,-0.30674098236587705,0.16142591205457146,A0-DYNAMIC-OPPONENT-ADJUSTED-JOINT-SCORE-V1,2024,2023,2023-REG-END,100.0,8,phase3-feature-provenance-v1,5f148219527b07d85261d3f196ace97a5eb5646271d43596032a692389abc579,2c5cc1af74fc5f3955e44361b82b791710e4b63bbc69b0c15570617e2d86e543,NONE,A0_training_only_home_away_cov_v1,93.61217824257209,90.38398279764756,2.4705792746798014
2024_04_JAX_HOU,2024,4,2024-09-29,HOU,JAX,24.0,20.0,22.802118618231447,19.956868179275588,1.0,4.0,44.0,2.8452504389558584,42.758986797507035,0.5841927364442886,9.67533866293951,9.507049110930666,13.38114354197204,13.745447231340975,13.564518459577533,-6.180193726006776,11.870694603918492,-14.303375016035435,19.993875893947152,33.48782352810644,52.03015006690763,25.14348737907131,60.37448621594276,0.0709041305200485,-0.014724265589836997,-0.07997543490760324,-0.0044832992961302545,0.0856283961098855,-0.07549213561147299,0.0561798649302115,-0.0844587342037335,A0-DYNAMIC-OPPONENT-ADJUSTED-JOINT-SCORE-V1,2024,2023,2023-REG-END,100.0,8,phase3-feature-provenance-v1,5f148219527b07d85261d3f196ace97a5eb5646271d43596032a692389abc579,2c5cc1af74fc5f3955e44361b82b791710e4b63bbc69b0c15570617e2d86e543,NONE,A0_training_only_home_away_cov_v1,93.61217824257209,90.38398279764756,2.4705792746798014
2024_04_KC_LAC,2024,4,2024-09-29,LAC,KC,10.0,17.0,20.737623153896905,21.655714933647914,0.0,-7.0,27.0,-0.9180917797510091,42.39333808754482,0.4726496867019202,9.67533866293951,9.507049110930666,13.38114354197204,13.745447231340975,13.564518459577533,-9.943535944713643,8.107352385211625,-18.066717234742303,16.230533675240284,33.122174818144224,51.664501356945415,24.777838669109094,60.008837505980544,-0.27545974751087765,-0.2609293491352022,-0.11146114980200314,0.43571688582374263,-0.014530398375675435,-0.5471780356257457,-0.5363890966460798,0.3242557360217395,A0-DYNAMIC-OPPONENT-ADJUSTED-JOINT-SCORE-V1,2024,2023,2023-REG-END,100.0,8,phase3-feature-provenance-v1,5f148219527b07d85261d3f196ace97a5eb5646271d43596032a692389abc579,2c5cc1af74fc5f3955e44361b82b791710e4b63bbc69b0c15570617e2d86e543,NONE,A0_training_only_home_away_cov_v1,93.61217824257209,90.38398279764756,2.4705792746798014
2024_04_LA_CHI,2024,4,2024-09-29,CHI,LA,24.0,18.0,21.19644438260064,21.230992384530783,0.0,6.0,42.0,-0.03454800193014407,42.427436767131425,0.49896999510409684,9.67533866293951,9.507049110930666,13.38114354197204,13.745447231340975,13.564518459577533,-9.059992166892778,8.99089616303249,-17.183173456921438,17.11407745306115,33.15627349773083,51.69860003653202,24.8119373486957,60.04293618556715,0.10868665052582716,0.26222868008914213,0.042024531911728676,-0.0005809981633939581,-0.15354202956331497,0.04260553007512263,0.3709153306149693,0.04144353374833472,A0-DYNAMIC-OPPONENT-ADJUSTED-JOINT-SCORE-V1,2024,2023,2023-REG-END,100.0,8,phase3-feature-provenance-v1,5f148219527b07d85261d3f196ace97a5eb5646271d43596032a692389abc579,2c5cc1af74fc5f3955e44361b82b791710e4b63bbc69b0c15570617e2d86e543,NONE,A0_training_only_home_away_cov_v1,93.61217824257209,90.38398279764756,2.4705792746798014
2024_04_MIN_GB,2024,4,2024-09-29,GB,MIN,29.0,31.0,25.53553970142368,20.34707350057573,0.0,-2.0,60.0,5.188466200847952,45.882613201999405,0.6508974779724929,9.67533866293951,9.507049110930666,13.38114354197204,13.745447231340975,13.564518459577533,-3.8369779641146824,14.213910365810586,-11.960159254143342,22.337091655839245,36.61144993259881,55.1537764714,28.26711378356368,63.49811262043513,0.008163900673337315,-0.13231031689564265,0.10798622544464952,-0.04705525545768399,0.14047421756897996,0.1550414809023335,-0.12414641622230534,0.060930969986965525,A0-DYNAMIC-OPPONENT-ADJUSTED-JOINT-SCORE-V1,2024,2023,2023-REG-END,100.0,8,phase3-feature-provenance-v1,5f148219527b07d85261d3f196ace97a5eb5646271d43596032a692389abc579,2c5cc1af74fc5f3955e44361b82b791710e4b63bbc69b0c15570617e2d86e543,NONE,A0_training_only_home_away_cov_v1,93.61217824257209,90.38398279764756,2.4705792746798014
2024_04_NE_SF,2024,4,2024-09-29,SF,NE,30.0,13.0,27.31895887776153,16.21647987651483,-3.0,17.0,43.0,11.102479001246703,43.535438754276356,0.7966488365255606,9.67533866293951,9.507049110930666,13.38114354197204,13.745447231340975,13.564518459577533,2.077034836284069,20.127923166209335,-6.046146453744591,28.251104456237996,34.26427548487576,52.80660202367695,25.91993933584063,61.15093817271208,0.2809148192024562,-0.39650000559701704,0.3503148630394126,0.07079565548750971,0.6774148247994732,0.2795192075519029,-0.11558518639456083,0.42111051852692233,A0-DYNAMIC-OPPONENT-ADJUSTED-JOINT-SCORE-V1,2024,2023,2023-REG-END,100.0,8,phase3-feature-provenance-v1,5f148219527b07d85261d3f196ace97a5eb5646271d43596032a692389abc579,2c5cc1af74fc5f3955e44361b82b791710e4b63bbc69b0c15570617e2d86e543,NONE,A0_training_only_home_away_cov_v1,93.61217824257209,90.38398279764756,2.4705792746798014
2024_04_NO_ATL,2024,4,2024-09-29,ATL,NO,26.0,24.0,20.81087862077321,22.695299249454294,0.0,2.0,50.0,-1.8844206286810845,43.5061778702275,0.4440034738158557,9.67533866293951,9.507049110930666,13.38114354197204,13.745447231340975,13.564518459577533,-10.909864793643719,7.1410235362815495,-19.033046083672378,15.264204826310209,34.23501460082691,52.7773411396281,25.89067845179178,61.12167728866323,-0.15847393708001203,0.2910769594591218,-0.26603137375582475,0.15138998651170946,-0.4495508965391338,-0.4174213602675342,0.1326030223791098,-0.1146413872441153,A0-DYNAMIC-OPPONENT-ADJUSTED-JOINT-SCORE-V1,2024,2023,2023-REG-END,100.0,8,phase3-feature-provenance-v1,5f148219527b07d85261d3f196ace97a5eb5646271d43596032a692389abc579,2c5cc1af74fc5f3955e44361b82b791710e4b63bbc69b0c15570617e2d86e543,NONE,A0_training_only_home_away_cov_v1,93.61217824257209,90.38398279764756,2.4705792746798014
2024_04_PHI_TB,2024,4,2024-09-29,TB,PHI,33.0,16.0,24.04859464402908,22.067125092738802,0.0,17.0,49.0,1.981469551290278,46.115719736767886,0.5588598831195775,9.67533866293951,9.507049110930666,13.38114354197204,13.745447231340975,13.564518459577533,-7.043974613672356,11.006913716252912,-15.167155903701016,19.13009500628157,36.84455646736729,55.38688300616848,28.50022031833216,63.73121915520361,-0.15584871316692378,0.157671557031493,0.28612924895577535,-0.38537465382110647,-0.3135202701984168,0.6715039027768819,0.0018228438645692124,-0.09924540486533112,A0-DYNAMIC-OPPONENT-ADJUSTED-JOINT-SCORE-V1,2024,2023,2023-REG-END,100.0,8,phase3-feature-provenance-v1,5f148219527b07d85261d3f196ace97a5eb5646271d43596032a692389abc579,2c5cc1af74fc5f3955e44361b82b791710e4b63bbc69b0c15570617e2d86e543,NONE,A0_training_only_home_away_cov_v1,93.61217824257209,90.38398279764756,2.4705792746798014
2024_04_PIT_IND,2024,4,2024-09-29,IND,PIT,27.0,24.0,21.290245253781368,21.12477732747208,0.0,3.0,51.0,0.16546792630928664,42.41502258125345,0.5049330962892994,9.67533866293951,9.507049110930666,13.38114354197204,13.745447231340975,13.564518459577533,-8.859976238653347,9.19091209127192,-16.983157528682007,17.31409338130058,33.14385931185286,51.68618585065405,24.799523162817728,60.03052199968918,0.12832542697081295,-0.2095504634637504,-0.40507980945059063,0.3552440483067472,0.33787589043456334,-0.7603238577573379,-0.08122503649293744,-0.049835761143843416,A0-DYNAMIC-OPPONENT-ADJUSTED-JOINT-SCORE-V1,2024,2023,2023-REG-END,100.0,8,phase3-feature-provenance-v1,5f148219527b07d85261d3f196ace97a5eb5646271d43596032a692389abc579,2c5cc1af74fc5f3955e44361b82b791710e4b63bbc69b0c15570617e2d86e543,NONE,A0_training_only_home_away_cov_v1,93.61217824257209,90.38398279764756,2.4705792746798014
2024_04_SEA_DET,2024,4,2024-09-30,DET,SEA,42.0,29.0,25.58463250559796,21.890722117646707,0.0,13.0,71.0,3.6939103879512523,47.47535462324467,0.6087464803361962,9.67533866293951,9.507049110930666,13.38114354197204,13.745447231340975,13.564518459577533,-5.331533777011382,12.719354552913886,-13.454715067040041,20.842535842942546,38.204191353844074,56.746517892645265,29.859855204808945,65.09085404168039,0.3963384817413217,-0.10459416804187747,-0.18534167200516255,-0.09507239005918494,0.5009326497831992,-0.09026928194597761,0.2917443136994442,-0.2804140620643475,A0-DYNAMIC-OPPONENT-ADJUSTED-JOINT-SCORE-V1,2024,2023,2023-REG-END,100.0,8,phase3-feature-provenance-v1,5f148219527b07d85261d3f196ace97a5eb5646271d43596032a692389abc579,2c5cc1af74fc5f3955e44361b82b791710e4b63bbc69b0c15570617e2d86e543,NONE,A0_training_only_home_away_cov_v1,93.61217824257209,90.38398279764756,2.4705792746798014
2024_04_TEN_MIA,2024,4,2024-09-30,MIA,TEN,12.0,31.0,24.28657550380783,18.893999248047166,0.0,-19.0,43.0,5.3925762557606625,43.18057475185499,0.6565252117677576,9.67533866293951,9.507049110930666,13.38114354197204,13.745447231340975,13.564518459577533,-3.6328679092019716,14.418020420723296,-11.756049199230631,22.541201710751956,33.909411482454395,52.451738021255586,25.565075333419266,60.796074170290716,0.2612600057363551,-0.3499063527568954,-0.14749308693828986,-0.09485944272436232,0.6111663584932505,-0.052633644213927536,-0.0886463470205403,-0.2423525296626522,A0-DYNAMIC-OPPONENT-ADJUSTED-JOINT-SCORE-V1,2024,2023,2023-REG-END,100.0,8,phase3-feature-provenance-v1,5f148219527b07d85261d3f196ace97a5eb5646271d43596032a692389abc579,2c5cc1af74fc5f3955e44361b82b791710e4b63bbc69b0c15570617e2d86e543,NONE,A0_training_only_home_away_cov_v1,93.61217824257209,90.38398279764756,2.4705792746798014
2024_04_WAS_ARI,2024,4,2024-09-29,ARI,WAS,14.0,42.0,25.05816269820165,21.05210872495387,1.0,-28.0,56.0,4.006053973247777,46.110271423155524,0.6176751455782518,9.67533866293951,9.507049110930666,13.38114354197204,13.745447231340975,13.564518459577533,-5.019390191714857,13.031498138210411,-13.142571481743516,21.15467942823907,36.83910815375493,55.38143469255612,28.4947720047198,63.72577084159125,0.06973520353013506,-0.17882526063109355,-0.4319738256074883,-0.6713545819334829,0.24856046416122862,0.23938075632599454,-0.1090900571009585,-1.103328407540971,A0-DYNAMIC-OPPONENT-ADJUSTED-JOINT-SCORE-V1,2024,2023,2023-REG-END,100.0,8,phase3-feature-provenance-v1,5f148219527b07d85261d3f196ace97a5eb5646271d43596032a692389abc579,2c5cc1af74fc5f3955e44361b82b791710e4b63bbc69b0c15570617e2d86e543,NONE,A0_training_only_home_away_cov_v1,93.61217824257209,90.38398279764756,2.4705792746798014
2024_05_ARI_SF,2024,5,2024-10-06,SF,ARI,23.0,24.0,29.31204498794888,19.730347886866433,0.0,-1.0,47.0,9.581697101082447,49.04239287481531,0.7630227445184423,9.67533866293951,9.507049110930666,13.38114354197204,13.745447231340975,13.564518459577533,0.5562529361198134,18.607141266045083,-7.566928353908846,26.73032255607374,39.77122960541472,58.31355614421591,31.426893456379588,66.65789229325104,0.2809148192024562,0.06973520353013506,0.3503148630394126,-0.4319738256074883,0.21117961567232113,0.7822886886469009,0.35065002273259127,-0.0816589625680757,A0-DYNAMIC-OPPONENT-ADJUSTED-JOINT-SCORE-V1,2024,2023,2023-REG-END,100.0,8,phase3-feature-provenance-v1,5f148219527b07d85261d3f196ace97a5eb5646271d43596032a692389abc579,2c5cc1af74fc5f3955e44361b82b791710e4b63bbc69b0c15570617e2d86e543,NONE,A0_training_only_home_away_cov_v1,93.61217824257209,90.38398279764756,2.4705792746798014
2024_05_BAL_CIN,2024,5,2024-10-06,CIN,BAL,38.0,41.0,24.250107522170854,24.831963182014867,0.0,-3.0,79.0,-0.5818556598440132,49.082070704185725,0.48265815674315427,9.67533866293951,9.507049110930666,13.38114354197204,13.745447231340975,13.564518459577533,-9.607299824806647,8.44358850511862,-17.730481114835307,16.56676979514728,39.81090743478513,58.35323397358632,31.46657128575,66.69757012262144,0.07782167375444826,0.4222480417437421,0.014076356221715044,0.4744532204073231,-0.3444263679892938,-0.460376864185608,0.5000697154981903,0.4885295766290381,A0-DYNAMIC-OPPONENT-ADJUSTED-JOINT-SCORE-V1,2024,2023,2023-REG-END,100.0,8,phase3-feature-provenance-v1,5f148219527b07d85261d3f196ace97a5eb5646271d43596032a692389abc579,2c5cc1af74fc5f3955e44361b82b791710e4b63bbc69b0c15570617e2d86e543,NONE,A0_training_only_home_away_cov_v1,93.61217824257209,90.38398279764756,2.4705792746798014
2024_05_BUF_HOU,2024,5,2024-10-06,HOU,BUF,23.0,20.0,22.007798673894992,24.14953252419251,0.0,3.0,43.0,-2.1417338502975163,46.157331198087505,0.4364184352637279,9.67533866293951,9.507049110930666,13.38114354197204,13.745447231340975,13.564518459577533,-11.16717801526015,6.883710314665118,-19.29035930528881,15.006891604693777,36.88616792868691,55.4284944674881,28.54183177965178,63.77283061652323,0.0709041305200485,0.16996725234018972,-0.07997543490760324,0.28753706290264197,-0.09906312182014122,-0.3675124978102452,0.24087138286023824,0.20756162799503874,A0-DYNAMIC-OPPONENT-ADJUSTED-JOINT-SCORE-V1,2024,2023,2023-REG-END,100.0,8,phase3-feature-provenance-v1,5f148219527b07d85261d3f196ace97a5eb5646271d43596032a692389abc579,2c5cc1af74fc5f3955e44361b82b791710e4b63bbc69b0c15570617e2d86e543,NONE,A0_training_only_home_away_cov_v1,93.61217824257209,90.38398279764756,2.4705792746798014
2024_05_CAR_CHI,2024,5,2024-10-06,CHI,CAR,36.0,10.0,21.624866994019754,16.142849959616676,0.0,26.0,46.0,5.4820170344030785,37.76771695363643,0.6589804748762533,9.67533866293951,9.507049110930666,13.38114354197204,13.745447231340975,13.564518459577533,-3.5434271305595555,14.507461199365713,-11.666608420588215,22.630642489394372,28.496553684235835,47.038880223037026,20.152217535200705,55.383216372072155,0.10868665052582716,-0.595566742528629,0.042024531911728676,-0.04915027807573818,0.7042533930544561,0.09117480998746685,-0.4868800920028018,-0.007125746164009503,A0-DYNAMIC-OPPONENT-ADJUSTED-JOINT-SCORE-V1,2024,2023,2023-REG-END,100.0,8,phase3-feature-provenance-v1,5f148219527b07d85261d3f196ace97a5eb5646271d43596032a692389abc579,2c5cc1af74fc5f3955e44361b82b791710e4b63bbc69b0c15570617e2d86e543,NONE,A0_training_only_home_away_cov_v1,93.61217824257209,90.38398279764756,2.4705792746798014
2024_05_CLE_WAS,2024,5,2024-10-06,WAS,CLE,34.0,13.0,22.636409959122183,20.187028627513964,0.0,21.0,47.0,2.449381331608219,42.823438586636144,0.5726195218927479,9.67533866293951,9.507049110930666,13.38114354197204,13.745447231340975,13.564518459577533,-6.576062833354415,11.474825496570853,-14.699244123383075,19.598006786599512,33.55227531723555,52.09460185603674,25.20793916820042,60.43893800507187,-0.17882526063109355,0.2605692250367379,-0.6713545819334829,-0.13162908789978947,-0.43939448566783146,-0.5397254940336934,0.08174396440564435,-0.8029836698332723,A0-DYNAMIC-OPPONENT-ADJUSTED-JOINT-SCORE-V1,2024,2023,2023-REG-END,100.0,8,phase3-feature-provenance-v1,5f148219527b07d85261d3f196ace97a5eb5646271d43596032a692389abc579,2c5cc1af74fc5f3955e44361b82b791710e4b63bbc69b0c15570617e2d86e543,NONE,A0_training_only_home_away_cov_v1,93.61217824257209,90.38398279764756,2.4705792746798014
2024_05_DAL_PIT,2024,5,2024-10-06,PIT,DAL,17.0,20.0,22.35958348531979,23.582739258164626,-3.0,-3.0,37.0,-1.2231557728448372,45.94232274348441,0.46358384031231364,9.67533866293951,9.507049110930666,13.38114354197204,13.745447231340975,13.564518459577533,-10.248599937807471,7.802288392117797,-18.37178122783613,15.925469682146456,36.671159474083815,55.21348601288501,28.326823325048686,63.557822161920136,-0.2095504634637504,0.5624335634974518,0.3552440483067472,0.18515577646961867,-0.7719840269612022,0.17008827183712855,0.3528831000337014,0.540399824776366,A0-DYNAMIC-OPPONENT-ADJUSTED-JOINT-SCORE-V1,2024,2023,2023-REG-END,100.0,8,phase3-feature-provenance-v1,5f148219527b07d85261d3f196ace97a5eb5646271d43596032a692389abc579,2c5cc1af74fc5f3955e44361b82b791710e4b63bbc69b0c15570617e2d86e543,NONE,A0_training_only_home_away_cov_v1,93.61217824257209,90.38398279764756,2.4705792746798014
2024_05_GB_LA,2024,5,2024-10-06,LA,GB,19.0,24.0,24.164270540878675,23.68115480254644,0.0,-5.0,43.0,0.4831157383322342,47.84542534342512,0.514400370918724,9.67533866293951,9.507049110930666,13.38114354197204,13.745447231340975,13.564518459577533,-8.5423284266304,9.508559903294868,-16.66550971665906,17.631741193323528,38.574262074024524,57.116588612825716,30.229925924989395,65.46092476186084,0.26222868008914213,0.008163900673337315,-0.0005809981633939581,0.10798622544464952,0.2540647794158048,-0.10856722360804348,0.27039258076247946,0.10740522728125555,A0-DYNAMIC-OPPONENT-ADJUSTED-JOINT-SCORE-V1,2024,2023,2023-REG-END,100.0,8,phase3-feature-provenance-v1,5f148219527b07d85261d3f196ace97a5eb5646271d43596032a692389abc579,2c5cc1af74fc5f3955e44361b82b791710e4b63bbc69b0c15570617e2d86e543,NONE,A0_training_only_home_away_cov_v1,93.61217824257209,90.38398279764756,2.4705792746798014
2024_05_IND_JAX,2024,5,2024-10-06,JAX,IND,37.0,34.0,23.39613273169687,20.695208053223933,0.0,3.0,71.0,2.700924678472937,44.0913407849208,0.579981276401486,9.67533866293951,9.507049110930666,13.38114354197204,13.745447231340975,13.564518459577533,-6.324519486489697,11.726368843435571,-14.447700776518356,19.84955013346423,34.82017751552021,53.3625040543214,26.475841366485078,61.70684020335653,-0.014724265589836997,0.12832542697081295,-0.0044832992961302545,-0.40507980945059063,-0.14304969256064995,0.4005965101544604,0.11360116138097595,-0.40956310874672086,A0-DYNAMIC-OPPONENT-ADJUSTED-JOINT-SCORE-V1,2024,2023,2023-REG-END,100.0,8,phase3-feature-provenance-v1,5f148219527b07d85261d3f196ace97a5eb5646271d43596032a692389abc579,2c5cc1af74fc5f3955e44361b82b791710e4b63bbc69b0c15570617e2d86e543,NONE,A0_training_only_home_away_cov_v1,93.61217824257209,90.38398279764756,2.4705792746798014
2024_05_LV_DEN,2024,5,2024-10-06,DEN,LV,34.0,18.0,20.80285030921567,19.298887827092898,0.0,16.0,52.0,1.5039624821227733,40.10173813630857,0.5447445599643922,9.67533866293951,9.507049110930666,13.38114354197204,13.745447231340975,13.564518459577533,-7.521481682839861,10.529406647085407,-15.64466297286852,18.652587937114067,30.830574866907973,49.372901405709165,22.486238717872844,57.717237554744294,-0.06599795836066968,0.03679797435932042,-0.018906839021099565,0.20202457988705333,-0.1027959327199901,-0.2209314189081529,-0.029199984001349266,0.18311774086595375,A0-DYNAMIC-OPPONENT-ADJUSTED-JOINT-SCORE-V1,2024,2023,2023-REG-END,100.0,8,phase3-feature-provenance-v1,5f148219527b07d85261d3f196ace97a5eb5646271d43596032a692389abc579,2c5cc1af74fc5f3955e44361b82b791710e4b63bbc69b0c15570617e2d86e543,NONE,A0_training_only_home_away_cov_v1,93.61217824257209,90.38398279764756,2.4705792746798014
2024_05_MIA_NE,2024,5,2024-10-06,NE,MIA,10.0,15.0,19.150741414308875,20.389357952904522,1.0,-5.0,25.0,-1.2386165385956467,39.5400993672134,0.4631248427142657,9.67533866293951,9.507049110930666,13.38114354197204,13.745447231340975,13.564518459577533,-10.26406070355828,7.786827626366987,-18.38724199358694,15.910008916395647,30.268936097812805,48.811262636613996,21.924599948777676,57.155598785649126,-0.39650000559701704,0.2612600057363551,0.07079565548750971,-0.14749308693828986,-0.6577600113333721,0.21828874242579957,-0.13523999986066193,-0.07669743145078015,A0-DYNAMIC-OPPONENT-ADJUSTED-JOINT-SCORE-V1,2024,2023,2023-REG-END,100.0,8,phase3-feature-provenance-v1,5f148219527b07d85261d3f196ace97a5eb5646271d43596032a692389abc579,2c5cc1af74fc5f3955e44361b82b791710e4b63bbc69b0c15570617e2d86e543,NONE,A0_training_only_home_away_cov_v1,93.61217824257209,90.38398279764756,2.4705792746798014
2024_05_NO_KC,2024,5,2024-10-07,KC,NO,26.0,13.0,23.089960825448077,21.441644866219097,0.0,13.0,39.0,1.6483159592289809,44.531605691667174,0.5490185086270669,9.67533866293951,9.507049110930666,13.38114354197204,13.745447231340975,13.564518459577533,-7.377128205733653,10.673760124191615,-15.500309495762313,18.796941414220274,35.26044242226658,53.80276896106777,26.91610627323145,62.1471051101029,-0.2609293491352022,0.2910769594591218,0.43571688582374263,0.15138998651170946,-0.5520063085943241,0.28432689931203314,0.030147610323919605,0.5871068723354521,A0-DYNAMIC-OPPONENT-ADJUSTED-JOINT-SCORE-V1,2024,2023,2023-REG-END,100.0,8,phase3-feature-provenance-v1,5f148219527b07d85261d3f196ace97a5eb5646271d43596032a692389abc579,2c5cc1af74fc5f3955e44361b82b791710e4b63bbc69b0c15570617e2d86e543,NONE,A0_training_only_home_away_cov_v1,93.61217824257209,90.38398279764756,2.4705792746798014
2024_05_NYG_SEA,2024,5,2024-10-06,SEA,NYG,20.0,29.0,23.66774380017003,19.757452374253027,-4.0,-9.0,49.0,3.910291425917002,43.42519617442306,0.6149423224954388,9.67533866293951,9.507049110930666,13.38114354197204,13.745447231340975,13.564518459577533,-5.115152739045632,12.935735590879636,-13.238334029074291,21.058916880908296,34.15403290502246,52.69635944382365,25.809696755987332,61.04069559285878,-0.10459416804187747,-0.14558692361217002,-0.09507239005918494,-0.03853566968507489,0.04099275557029254,-0.056536720374110054,-0.2501810916540475,-0.13360805974425982,A0-DYNAMIC-OPPONENT-ADJUSTED-JOINT-SCORE-V1,2024,2023,2023-REG-END,100.0,8,phase3-feature-provenance-v1,5f148219527b07d85261d3f196ace97a5eb5646271d43596032a692389abc579,2c5cc1af74fc5f3955e44361b82b791710e4b63bbc69b0c15570617e2d86e543,NONE,A0_training_only_home_away_cov_v1,93.61217824257209,90.38398279764756,2.4705792746798014
2024_05_NYJ_MIN,2024,5,2024-10-06,MIN,NYJ,23.0,17.0,21.87683212820227,16.90659153180858,0.0,6.0,40.0,4.97024059639369,38.783423660010854,0.6448436521150755,9.67533866293951,9.507049110930666,13.38114354197204,13.745447231340975,13.564518459577533,-4.055203568568944,13.995684761356324,-12.178384858597603,22.118866051384984,29.51226039061026,48.05458692941145,21.16792424157513,56.39892307844658,-0.13231031689564265,-0.24074302400520736,-0.04705525545768399,0.18033275107567104,0.10843270710956471,-0.22738800653335503,-0.37305334090085,0.13327749561798705,A0-DYNAMIC-OPPONENT-ADJUSTED-JOINT-SCORE-V1,2024,2023,2023-REG-END,100.0,8,phase3-feature-provenance-v1,5f148219527b07d85261d3f196ace97a5eb5646271d43596032a692389abc579,2c5cc1af74fc5f3955e44361b82b791710e4b63bbc69b0c15570617e2d86e543,NONE,A0_training_only_home_away_cov_v1,93.61217824257209,90.38398279764756,2.4705792746798014
2024_05_TB_ATL,2024,5,2024-10-03,ATL,TB,36.0,30.0,21.620363745276887,21.705438090880723,0.0,6.0,66.0,-0.08507434560383587,43.32580183615761,0.49746363046735415,9.67533866293951,9.507049110930666,13.38114354197204,13.745447231340975,13.564518459577533,-9.11051851056647,8.940369819358798,-17.23369980059513,17.063551109387458,34.05463856675701,52.596965105558205,25.710302417721884,60.941301254593334,-0.15847393708001203,-0.15584871316692378,-0.26603137375582475,0.28612924895577535,-0.0026252239130882538,-0.5521606227116,-0.31432265024693584,0.0200978751999506,A0-DYNAMIC-OPPONENT-ADJUSTED-JOINT-SCORE-V1,2024,2023,2023-REG-END,100.0,8,phase3-feature-provenance-v1,5f148219527b07d85261d3f196ace97a5eb5646271d43596032a692389abc579,2c5cc1af74fc5f3955e44361b82b791710e4b63bbc69b0c15570617e2d86e543,NONE,A0_training_only_home_away_cov_v1,93.61217824257209,90.38398279764756,2.4705792746798014
2024_06_ARI_GB,2024,6,2024-10-13,GB,ARI,34.0,13.0,26.66944813328017,20.561285064978463,0.0,21.0,47.0,6.108163068301707,47.23073319825863,0.6759759275036337,9.67533866293951,9.507049110930666,13.38114354197204,13.745447231340975,13.564518459577533,-2.9172810966609273,15.13360723326434,-11.040462386689587,23.256788523293,37.95956992885804,56.50189646765923,29.61523377982291,64.84623261669435,0.008163900673337315,0.06973520353013506,0.10798622544464952,-0.4319738256074883,-0.06157130285679774,0.5399600510521378,0.07789910420347237,-0.3239876001628388,A0-DYNAMIC-OPPONENT-ADJUSTED-JOINT-SCORE-V1,2024,2023,2023-REG-END,100.0,8,phase3-feature-provenance-v1,5f148219527b07d85261d3f196ace97a5eb5646271d43596032a692389abc579,2c5cc1af74fc5f3955e44361b82b791710e4b63bbc69b0c15570617e2d86e543,NONE,A0_training_only_home_away_cov_v1,93.61217824257209,90.38398279764756,2.4705792746798014
2024_06_ATL_CAR,2024,6,2024-10-13,CAR,ATL,20.0,38.0,19.008746192577668,21.361073601174084,-3.0,-18.0,58.0,-2.352327408596416,40.36981979375175,0.4302278136575874,9.67533866293951,9.507049110930666,13.38114354197204,13.745447231340975,13.564518459577533,-11.37777157355905,6.673116756366218,-19.50095286358771,14.796298046394877,31.098656524351156,49.64098306315235,22.754320375316027,57.98531921218748,-0.595566742528629,-0.15847393708001203,-0.04915027807573818,-0.26603137375582475,-0.43709280544861695,0.21688109568008657,-0.754040679608641,-0.31518165183156294,A0-DYNAMIC-OPPONENT-ADJUSTED-JOINT-SCORE-V1,2024,2023,2023-REG-END,100.0,8,phase3-feature-provenance-v1,5f148219527b07d85261d3f196ace97a5eb5646271d43596032a692389abc579,2c5cc1af74fc5f3955e44361b82b791710e4b63bbc69b0c15570617e2d86e543,NONE,A0_training_only_home_away_cov_v1,93.61217824257209,90.38398279764756,2.4705792746798014
2024_06_BUF_NYJ,2024,6,2024-10-14,NYJ,BUF,20.0,23.0,18.85197466874239,22.414190695355884,0.0,-3.0,43.0,-3.562216026613495,41.26616536409827,0.3950381135327015,9.67533866293951,9.507049110930666,13.38114354197204,13.745447231340975,13.564518459577533,-12.587660191576129,5.463228138349139,-20.71084148160479,13.586409428377799,31.995002094697675,50.537328633498866,23.650665945662546,58.881664782533996,-0.24074302400520736,0.16996725234018972,0.18033275107567104,0.28753706290264197,-0.4107102763453971,-0.10720431182697093,-0.07077577166501764,0.467869813978313,A0-DYNAMIC-OPPONENT-ADJUSTED-JOINT-SCORE-V1,2024,2023,2023-REG-END,100.0,8,phase3-feature-provenance-v1,5f148219527b07d85261d3f196ace97a5eb5646271d43596032a692389abc579,2c5cc1af74fc5f3955e44361b82b791710e4b63bbc69b0c15570617e2d86e543,NONE,A0_training_only_home_away_cov_v1,93.61217824257209,90.38398279764756,2.4705792746798014
2024_06_CIN_NYG,2024,6,2024-10-13,NYG,CIN,7.0,17.0,22.135814919134194,23.284029981174946,0.0,-10.0,24.0,-1.1482150620407516,45.419844900309144,0.4658093482632975,9.67533866293951,9.507049110930666,13.38114354197204,13.745447231340975,13.564518459577533,-10.173659227003386,7.877229102921882,-18.296840517032045,16.000410392950542,36.14868163090855,54.69100816970974,27.80434548187342,63.03534431874487,-0.14558692361217002,0.07782167375444826,-0.03853566968507489,0.014076356221715044,-0.22340859736661828,-0.05261202590678993,-0.06776524985772175,-0.024459313463359843,A0-DYNAMIC-OPPONENT-ADJUSTED-JOINT-SCORE-V1,2024,2023,2023-REG-END,100.0,8,phase3-feature-provenance-v1,5f148219527b07d85261d3f196ace97a5eb5646271d43596032a692389abc579,2c5cc1af74fc5f3955e44361b82b791710e4b63bbc69b0c15570617e2d86e543,NONE,A0_training_only_home_away_cov_v1,93.61217824257209,90.38398279764756,2.4705792746798014
2024_06_CLE_PHI,2024,6,2024-10-13,PHI,CLE,20.0,16.0,24.997624983992495,18.13623618810988,7.0,4.0,36.0,6.861388795882615,43.13386117210237,0.6959423181954365,9.67533866293951,9.507049110930666,13.38114354197204,13.745447231340975,13.564518459577533,-2.1640553690800193,15.886832960845249,-10.287236659108679,24.01001425087391,33.862697902701775,52.40502444150297,25.518361753666646,60.749360590538096,0.157671557031493,0.2605692250367379,-0.38537465382110647,-0.13162908789978947,-0.10289766800524491,-0.25374556592131703,0.4182407820682309,-0.5170037417208959,A0-DYNAMIC-OPPONENT-ADJUSTED-JOINT-SCORE-V1,2024,2023,2023-REG-END,100.0,8,phase3-feature-provenance-v1,5f148219527b07d85261d3f196ace97a5eb5646271d43596032a692389abc579,2c5cc1af74fc5f3955e44361b82b791710e4b63bbc69b0c15570617e2d86e543,NONE,A0_training_only_home_away_cov_v1,93.61217824257209,90.38398279764756,2.4705792746798014
2024_06_DET_DAL,2024,6,2024-10-13,DAL,DET,9.0,47.0,25.841768594122364,24.694438775810834,-6.0,-38.0,56.0,1.1473298183115297,50.536207369933194,0.53416435619915,9.67533866293951,9.507049110930666,13.38114354197204,13.745447231340975,13.564518459577533,-7.878114346651104,10.172773983274164,-16.001295636679764,18.295955273302823,41.2650441005326,59.80737063933379,32.92070795149747,68.15170678836893,0.5624335634974518,0.3963384817413217,0.18515577646961867,-0.18534167200516255,0.16609508175613008,0.3704974484747812,0.9587720452387735,-0.0001858955355438785,A0-DYNAMIC-OPPONENT-ADJUSTED-JOINT-SCORE-V1,2024,2023,2023-REG-END,100.0,8,phase3-feature-provenance-v1,5f148219527b07d85261d3f196ace97a5eb5646271d43596032a692389abc579,2c5cc1af74fc5f3955e44361b82b791710e4b63bbc69b0c15570617e2d86e543,NONE,A0_training_only_home_away_cov_v1,93.61217824257209,90.38398279764756,2.4705792746798014
2024_06_HOU_NE,2024,6,2024-10-13,NE,HOU,21.0,41.0,18.608273326999203,20.307772347223512,0.0,-20.0,62.0,-1.6994990202243088,38.916045674222715,0.4494674254908823,9.67533866293951,9.507049110930666,13.38114354197204,13.745447231340975,13.564518459577533,-10.724943185186943,7.325945144738325,-18.848124475215602,15.449126434766985,29.64488240482212,48.18720894362331,21.30054625578699,56.53154509265844,-0.39650000559701704,0.0709041305200485,0.07079565548750971,-0.07997543490760324,-0.46740413611706555,0.15077109039511294,-0.3255958750769685,-0.009179779420093528,A0-DYNAMIC-OPPONENT-ADJUSTED-JOINT-SCORE-V1,2024,2023,2023-REG-END,100.0,8,phase3-feature-provenance-v1,5f148219527b07d85261d3f196ace97a5eb5646271d43596032a692389abc579,2c5cc1af74fc5f3955e44361b82b791710e4b63bbc69b0c15570617e2d86e543,NONE,A0_training_only_home_away_cov_v1,93.61217824257209,90.38398279764756,2.4705792746798014
2024_06_IND_TEN,2024,6,2024-10-13,TEN,IND,17.0,20.0,22.47749743272943,20.13746231439685,6.0,-3.0,37.0,2.3400351183325796,42.61495974712628,0.5694112970322645,9.67533866293951,9.507049110930666,13.38114354197204,13.745447231340975,13.564518459577533,-6.685409046630054,11.365479283295214,-14.808590336658714,19.488660573323873,33.34379647772568,51.886123016526874,24.999460328690553,60.230459165562,-0.3499063527568954,0.12832542697081295,-0.09485944272436232,-0.40507980945059063,-0.47823177972770836,0.3102203667262283,-0.22158092578608246,-0.49993925217495294,A0-DYNAMIC-OPPONENT-ADJUSTED-JOINT-SCORE-V1,2024,2023,2023-REG-END,100.0,8,phase3-feature-provenance-v1,5f148219527b07d85261d3f196ace97a5eb5646271d43596032a692389abc579,2c5cc1af74fc5f3955e44361b82b791710e4b63bbc69b0c15570617e2d86e543,NONE,A0_training_only_home_away_cov_v1,93.61217824257209,90.38398279764756,2.4705792746798014
2024_06_JAX_CHI,2024,6,2024-10-13,CHI,JAX,35.0,16.0,22.37320624462762,20.44363496764348,0.0,19.0,51.0,1.9295712769841415,42.8168412122711,0.5573290357410802,9.67533866293951,9.507049110930666,13.38114354197204,13.745447231340975,13.564518459577533,-7.0958728879784925,10.955015441946776,-15.219054178007152,19.078196731975435,33.545677942870505,52.088004481671696,25.201341793835375,60.432340630706825,0.10868665052582716,-0.014724265589836997,0.042024531911728676,-0.0044832992961302545,0.12341091611566415,0.04650783120785893,0.09396238493599016,0.03754123261559842,A0-DYNAMIC-OPPONENT-ADJUSTED-JOINT-SCORE-V1,2024,2023,2023-REG-END,100.0,8,phase3-feature-provenance-v1,5f148219527b07d85261d3f196ace97a5eb5646271d43596032a692389abc579,2c5cc1af74fc5f3955e44361b82b791710e4b63bbc69b0c15570617e2d86e543,NONE,A0_training_only_home_away_cov_v1,93.61217824257209,90.38398279764756,2.4705792746798014
2024_06_LAC_DEN,2024,6,2024-10-13,DEN,LAC,16.0,23.0,20.260301568341475,19.401135341678142,-7.0,-7.0,39.0,0.8591662266633335,39.66143691001962,0.5255973916675027,9.67533866293951,9.507049110930666,13.38114354197204,13.745447231340975,13.564518459577533,-8.1662779382993,9.884610391625968,-16.28945922832796,18.007791681654627,30.39027364061902,48.93260017942021,22.045937491583892,57.27693632845534,-0.06599795836066968,-0.27545974751087765,-0.018906839021099565,-0.11146114980200314,0.20946178915020797,0.09255431078090358,-0.34145770587154733,-0.13036798882310272,A0-DYNAMIC-OPPONENT-ADJUSTED-JOINT-SCORE-V1,2024,2023,2023-REG-END,100.0,8,phase3-feature-provenance-v1,5f148219527b07d85261d3f196ace97a5eb5646271d43596032a692389abc579,2c5cc1af74fc5f3955e44361b82b791710e4b63bbc69b0c15570617e2d86e543,NONE,A0_training_only_home_away_cov_v1,93.61217824257209,90.38398279764756,2.4705792746798014
2024_06_PIT_LV,2024,6,2024-10-13,LV,PIT,13.0,32.0,21.054714822666536,20.392806436645785,0.0,-19.0,45.0,0.6619083860207517,41.447521259312325,0.5197259368711278,9.67533866293951,9.507049110930666,13.38114354197204,13.745447231340975,13.564518459577533,-8.363535778941882,9.687352550983386,-16.486717068970542,17.810533841012045,32.17635798991173,50.71868452871292,23.8320218408766,59.06302067774805,0.03679797435932042,-0.2095504634637504,0.20202457988705333,0.3552440483067472,0.2463484378230708,-0.1532194684196939,-0.17275248910442997,0.5572686281938005,A0-DYNAMIC-OPPONENT-ADJUSTED-JOINT-SCORE-V1,2024,2023,2023-REG-END,100.0,8,phase3-feature-provenance-v1,5f148219527b07d85261d3f196ace97a5eb5646271d43596032a692389abc579,2c5cc1af74fc5f3955e44361b82b791710e4b63bbc69b0c15570617e2d86e543,NONE,A0_training_only_home_away_cov_v1,93.61217824257209,90.38398279764756,2.4705792746798014
2024_06_SF_SEA,2024,6,2024-10-10,SEA,SF,24.0,36.0,23.200951384019024,25.76293699263401,0.0,-12.0,60.0,-2.561985608614986,48.96388837665303,0.424081675291619,9.67533866293951,9.507049110930666,13.38114354197204,13.745447231340975,13.564518459577533,-11.58742977357762,6.463458556347648,-19.71061106360628,14.586639846376308,39.692725107252436,58.23505164605363,31.348388958217306,66.57938779508876,-0.10459416804187747,0.2809148192024562,-0.09507239005918494,0.3503148630394126,-0.3855089872443337,-0.44538725309859756,0.1763206511605787,0.2552424729802277,A0-DYNAMIC-OPPONENT-ADJUSTED-JOINT-SCORE-V1,2024,2023,2023-REG-END,100.0,8,phase3-feature-provenance-v1,5f148219527b07d85261d3f196ace97a5eb5646271d43596032a692389abc579,2c5cc1af74fc5f3955e44361b82b791710e4b63bbc69b0c15570617e2d86e543,NONE,A0_training_only_home_away_cov_v1,93.61217824257209,90.38398279764756,2.4705792746798014
2024_06_TB_NO,2024,6,2024-10-13,NO,TB,27.0,51.0,23.529525172324586,21.508473547318697,-4.0,-24.0,78.0,2.0210516250058888,45.037998719643284,0.5600268489669659,9.67533866293951,9.507049110930666,13.38114354197204,13.745447231340975,13.564518459577533,-7.004392539956745,11.046495789968523,-15.127573829985405,19.169677079997182,35.76683545024269,54.30916198904388,27.42249930120756,62.65349813807901,0.2910769594591218,-0.15584871316692378,0.15138998651170946,0.28612924895577535,0.4469256726260456,-0.1347392624440659,0.13522824629219804,0.43751923546748483,A0-DYNAMIC-OPPONENT-ADJUSTED-JOINT-SCORE-V1,2024,2023,2023-REG-END,100.0,8,phase3-feature-provenance-v1,5f148219527b07d85261d3f196ace97a5eb5646271d43596032a692389abc579,2c5cc1af74fc5f3955e44361b82b791710e4b63bbc69b0c15570617e2d86e543,NONE,A0_training_only_home_away_cov_v1,93.61217824257209,90.38398279764756,2.4705792746798014
2024_06_WAS_BAL,2024,6,2024-10-13,BAL,WAS,30.0,23.0,28.791405605707194,20.179601907305116,0.0,7.0,53.0,8.611803698402078,48.97100751301231,0.7400752969560668,9.67533866293951,9.507049110930666,13.38114354197204,13.745447231340975,13.564518459577533,-0.4136404665605564,17.637247863364713,-8.536821756589216,25.76042915339337,39.699844243611714,58.242170782412906,31.355508094576585,66.58650693144804,0.4222480417437421,-0.17882526063109355,0.4744532204073231,-0.6713545819334829,0.6010733023748356,1.1458078023408058,0.24342278111264853,-0.19690136152615978,A0-DYNAMIC-OPPONENT-ADJUSTED-JOINT-SCORE-V1,2024,2023,2023-REG-END,100.0,8,phase3-feature-provenance-v1,5f148219527b07d85261d3f196ace97a5eb5646271d43596032a692389abc579,2c5cc1af74fc5f3955e44361b82b791710e4b63bbc69b0c15570617e2d86e543,NONE,A0_training_only_home_away_cov_v1,93.61217824257209,90.38398279764756,2.4705792746798014
2024_07_BAL_TB,2024,7,2024-10-21,TB,BAL,31.0,41.0,23.844805209422717,24.661524909804093,0.0,-10.0,72.0,-0.8167197003813769,48.50633011922681,0.47566561977647953,9.67533866293951,9.507049110930666,13.38114354197204,13.745447231340975,13.564518459577533,-9.84216386534401,8.208724464581257,-17.96534515537267,16.331905754609917,39.235166849826214,57.777493388627406,30.890830700791085,66.12182953766253,-0.15584871316692378,0.4222480417437421,0.28612924895577535,0.4744532204073231,-0.5780967549106659,-0.18832397145154772,0.2663993285768183,0.7605824693630985,A0-DYNAMIC-OPPONENT-ADJUSTED-JOINT-SCORE-V1,2024,2023,2023-REG-END,100.0,8,phase3-feature-provenance-v1,5f148219527b07d85261d3f196ace97a5eb5646271d43596032a692389abc579,2c5cc1af74fc5f3955e44361b82b791710e4b63bbc69b0c15570617e2d86e543,NONE,A0_training_only_home_away_cov_v1,93.61217824257209,90.38398279764756,2.4705792746798014
2024_07_CAR_WAS,2024,7,2024-10-20,WAS,CAR,40.0,7.0,24.420818322822992,18.30985666725931,0.0,33.0,47.0,6.110961655563681,42.730674990082306,0.6760511050292249,9.67533866293951,9.507049110930666,13.38114354197204,13.745447231340975,13.564518459577533,-2.914482509398953,15.136405820526315,-11.037663799427612,23.259587110554975,33.45951172068171,52.0018382594829,25.11517557164658,60.34617440851803,-0.17882526063109355,-0.595566742528629,-0.6713545819334829,-0.04915027807573818,0.4167414818975354,-0.6222043038577447,-0.7743920031597225,-0.720504860009221,A0-DYNAMIC-OPPONENT-ADJUSTED-JOINT-SCORE-V1,2024,2023,2023-REG-END,100.0,8,phase3-feature-provenance-v1,5f148219527b07d85261d3f196ace97a5eb5646271d43596032a692389abc579,2c5cc1af74fc5f3955e44361b82b791710e4b63bbc69b0c15570617e2d86e543,NONE,A0_training_only_home_away_cov_v1,93.61217824257209,90.38398279764756,2.4705792746798014
2024_07_CIN_CLE,2024,7,2024-10-20,CLE,CIN,14.0,21.0,21.159492662877422,22.819919269700016,0.0,-7.0,35.0,-1.6604266068225932,43.979411932577435,0.4506231763760166,9.67533866293951,9.507049110930666,13.38114354197204,13.745447231340975,13.564518459577533,-10.685870771785227,7.365017558140041,-18.809052061813887,15.4881988481687,34.70824866317684,53.25057520197803,26.36391251414171,61.59491135101316,0.2605692250367379,0.07782167375444826,-0.13162908789978947,0.014076356221715044,0.18274755128228964,-0.14570544412150452,0.33839089879118617,-0.11755273167807442,A0-DYNAMIC-OPPONENT-ADJUSTED-JOINT-SCORE-V1,2024,2023,2023-REG-END,100.0,8,phase3-feature-provenance-v1,5f148219527b07d85261d3f196ace97a5eb5646271d43596032a692389abc579,2c5cc1af74fc5f3955e44361b82b791710e4b63bbc69b0c15570617e2d86e543,NONE,A0_training_only_home_away_cov_v1,93.61217824257209,90.38398279764756,2.4705792746798014
2024_07_DEN_NO,2024,7,2024-10-17,NO,DEN,10.0,33.0,23.515754899905197,18.558256389200295,0.0,-23.0,43.0,4.957498510704902,42.07401128910549,0.6444890221590968,9.67533866293951,9.507049110930666,13.38114354197204,13.745447231340975,13.564518459577533,-4.067945654257732,13.982942675667536,-12.191126944286392,22.106123965696195,32.802848019704896,51.34517455850609,24.458511870669767,59.68951070754122,0.2910769594591218,-0.06599795836066968,0.15138998651170946,-0.018906839021099565,0.3570749178197915,0.17029682553280903,0.22507900109845214,0.13248314749060988,A0-DYNAMIC-OPPONENT-ADJUSTED-JOINT-SCORE-V1,2024,2023,2023-REG-END,100.0,8,phase3-feature-provenance-v1,5f148219527b07d85261d3f196ace97a5eb5646271d43596032a692389abc579,2c5cc1af74fc5f3955e44361b82b791710e4b63bbc69b0c15570617e2d86e543,NONE,A0_training_only_home_away_cov_v1,93.61217824257209,90.38398279764756,2.4705792746798014
2024_07_DET_MIN,2024,7,2024-10-20,MIN,DET,29.0,31.0,23.85946035285795,23.179748116968426,7.0,-2.0,60.0,0.6797122358895251,47.03920846982638,0.5202560700807988,9.67533866293951,9.507049110930666,13.38114354197204,13.745447231340975,13.564518459577533,-8.345731929073109,9.70515640085216,-16.46891321910177,17.82833769088082,37.76804520042578,56.31037173922697,29.423709051390652,64.6547078882621,-0.13231031689564265,0.3963384817413217,-0.04705525545768399,-0.18534167200516255,-0.5286487986369643,0.13828641654747856,0.26402816484567904,-0.23239692746284654,A0-DYNAMIC-OPPONENT-ADJUSTED-JOINT-SCORE-V1,2024,2023,2023-REG-END,100.0,8,phase3-feature-provenance-v1,5f148219527b07d85261d3f196ace97a5eb5646271d43596032a692389abc579,2c5cc1af74fc5f3955e44361b82b791710e4b63bbc69b0c15570617e2d86e543,NONE,A0_training_only_home_away_cov_v1,93.61217824257209,90.38398279764756,2.4705792746798014
2024_07_HOU_GB,2024,7,2024-10-20,GB,HOU,24.0,22.0,25.531817548020584,20.568331601290375,0.0,2.0,46.0,4.963485946730209,46.10014914931096,0.6446556764278384,9.67533866293951,9.507049110930666,13.38114354197204,13.745447231340975,13.564518459577533,-4.061958218232425,13.988930111692843,-12.185139508261084,22.112111401721503,36.82898587991036,55.371312418711554,28.484649730875233,63.71564856774668,0.008163900673337315,0.0709041305200485,0.10798622544464952,-0.07997543490760324,-0.06274022984671118,0.18796166035225276,0.07906803119338582,0.028010790537046276,A0-DYNAMIC-OPPONENT-ADJUSTED-JOINT-SCORE-V1,2024,2023,2023-REG-END,100.0,8,phase3-feature-provenance-v1,5f148219527b07d85261d3f196ace97a5eb5646271d43596032a692389abc579,2c5cc1af74fc5f3955e44361b82b791710e4b63bbc69b0c15570617e2d86e543,NONE,A0_training_only_home_away_cov_v1,93.61217824257209,90.38398279764756,2.4705792746798014
2024_07_KC_SF,2024,7,2024-10-20,SF,KC,18.0,28.0,26.536544880185808,21.75939361324182,-3.0,-10.0,46.0,4.777151266943989,48.29593849342763,0.6394564195310896,9.67533866293951,9.507049110930666,13.38114354197204,13.745447231340975,13.564518459577533,-4.248292898018645,13.802595431906623,-12.371474188047305,21.925776721935282,39.02477522402703,57.56710176282822,30.680439074991902,65.91143791186335,0.2809148192024562,-0.2609293491352022,0.3503148630394126,0.43571688582374263,0.5418441683376585,-0.08540202278433001,0.019985470067253985,0.7860317488631552,A0-DYNAMIC-OPPONENT-ADJUSTED-JOINT-SCORE-V1,2024,2023,2023-REG-END,100.0,8,phase3-feature-provenance-v1,5f148219527b07d85261d3f196ace97a5eb5646271d43596032a692389abc579,2c5cc1af74fc5f3955e44361b82b791710e4b63bbc69b0c15570617e2d86e543,NONE,A0_training_only_home_away_cov_v1,93.61217824257209,90.38398279764756,2.4705792746798014
2024_07_LAC_ARI,2024,7,2024-10-21,ARI,LAC,17.0,15.0,22.747032466336623,20.808816309743246,0.0,2.0,32.0,1.938216156593377,43.55584877607987,0.5575840944729621,9.67533866293951,9.507049110930666,13.38114354197204,13.745447231340975,13.564518459577533,-7.087228008369257,10.963660321556011,-15.210409298397916,19.08684161158467,34.284685506679274,52.827012045480465,25.940349357644145,61.171348194515595,0.06973520353013506,-0.27545974751087765,-0.4319738256074883,-0.11146114980200314,0.3451949510410127,-0.32051267580548515,-0.20572454398074258,-0.5434349754094915,A0-DYNAMIC-OPPONENT-ADJUSTED-JOINT-SCORE-V1,2024,2023,2023-REG-END,100.0,8,phase3-feature-provenance-v1,5f148219527b07d85261d3f196ace97a5eb5646271d43596032a692389abc579,2c5cc1af74fc5f3955e44361b82b791710e4b63bbc69b0c15570617e2d86e543,NONE,A0_training_only_home_away_cov_v1,93.61217824257209,90.38398279764756,2.4705792746798014
2024_07_LV_LA,2024,7,2024-10-20,LA,LV,20.0,15.0,24.889669613690963,18.75255168946049,7.0,5.0,35.0,6.137117924230473,43.64222130315145,0.6767533847372116,9.67533866293951,9.507049110930666,13.38114354197204,13.745447231340975,13.564518459577533,-2.8883262407321606,15.162562089193107,-11.01150753076082,23.285743379221767,34.371058033750856,52.91338457255205,26.026721884715727,61.25772072158718,0.26222868008914213,0.03679797435932042,-0.0005809981633939581,0.20202457988705333,0.2254307057298217,-0.2026055780504473,0.29902665444846255,0.20144358172365937,A0-DYNAMIC-OPPONENT-ADJUSTED-JOINT-SCORE-V1,2024,2023,2023-REG-END,100.0,8,phase3-feature-provenance-v1,5f148219527b07d85261d3f196ace97a5eb5646271d43596032a692389abc579,2c5cc1af74fc5f3955e44361b82b791710e4b63bbc69b0c15570617e2d86e543,NONE,A0_training_only_home_away_cov_v1,93.61217824257209,90.38398279764756,2.4705792746798014
2024_07_MIA_IND,2024,7,2024-10-20,IND,MIA,16.0,10.0,22.4466161384696,22.40216144124022,-7.0,6.0,26.0,0.04445469722938,44.84877757970982,0.5013253594962614,9.67533866293951,9.507049110930666,13.38114354197204,13.745447231340975,13.564518459577533,-8.980989467733254,9.069898862192014,-17.104170757761914,17.193080152220674,35.57761431030922,54.119940849110414,27.233278161274093,62.46427699814554,0.12832542697081295,0.2612600057363551,-0.40507980945059063,-0.14749308693828986,-0.13293457876554216,-0.25758672251230075,0.38958543270716806,-0.5525728963888805,A0-DYNAMIC-OPPONENT-ADJUSTED-JOINT-SCORE-V1,2024,2023,2023-REG-END,100.0,8,phase3-feature-provenance-v1,5f148219527b07d85261d3f196ace97a5eb5646271d43596032a692389abc579,2c5cc1af74fc5f3955e44361b82b791710e4b63bbc69b0c15570617e2d86e543,NONE,A0_training_only_home_away_cov_v1,93.61217824257209,90.38398279764756,2.4705792746798014
2024_07_NE_JAX,2024,7,2024-10-20,JAX,NE,32.0,16.0,23.271379304782222,17.041691853804736,0.0,16.0,48.0,6.229687450977487,40.31307115858696,0.6792337504114482,9.67533866293951,9.507049110930666,13.38114354197204,13.745447231340975,13.564518459577533,-2.7957567139851474,15.25513161594012,-10.918938004013807,23.37831290596878,31.041907889186362,49.58423442798755,22.697571740151233,57.92857057702268,-0.014724265589836997,-0.39650000559701704,-0.0044832992961302545,0.07079565548750971,0.38177574000718006,-0.07527895478363997,-0.411224271186854,0.06631235619137946,A0-DYNAMIC-OPPONENT-ADJUSTED-JOINT-SCORE-V1,2024,2023,2023-REG-END,100.0,8,phase3-feature-provenance-v1,5f148219527b07d85261d3f196ace97a5eb5646271d43596032a692389abc579,2c5cc1af74fc5f3955e44361b82b791710e4b63bbc69b0c15570617e2d86e543,NONE,A0_training_only_home_away_cov_v1,93.61217824257209,90.38398279764756,2.4705792746798014
2024_07_NYJ_PIT,2024,7,2024-10-20,PIT,NYJ,37.0,15.0,22.284540565861864,16.929178742143055,1.0,22.0,52.0,5.355361823718809,39.21371930800492,0.6555016719918427,9.67533866293951,9.507049110930666,13.38114354197204,13.745447231340975,13.564518459577533,-3.670082341243825,14.380805988681443,-11.793263631272485,22.503987278710103,29.942556038604323,48.484882577405514,21.598219889569194,56.829218726440644,-0.2095504634637504,-0.24074302400520736,0.3552440483067472,0.18033275107567104,0.03119256054145697,0.17491129723107618,-0.45029348746895775,0.5355767993824183,A0-DYNAMIC-OPPONENT-ADJUSTED-JOINT-SCORE-V1,2024,2023,2023-REG-END,100.0,8,phase3-feature-provenance-v1,5f148219527b07d85261d3f196ace97a5eb5646271d43596032a692389abc579,2c5cc1af74fc5f3955e44361b82b791710e4b63bbc69b0c15570617e2d86e543,NONE,A0_training_only_home_away_cov_v1,93.61217824257209,90.38398279764756,2.4705792746798014
2024_07_PHI_NYG,2024,7,2024-10-20,NYG,PHI,3.0,28.0,22.250798935831067,22.2909772576562,0.0,-25.0,31.0,-0.040178321825131036,44.541776193487266,0.498802134720675,9.67533866293951,9.507049110930666,13.38114354197204,13.745447231340975,13.564518459577533,-9.065622486787765,8.985265843137503,-17.188803776816425,17.108447133166163,35.27061292408667,53.81293946288786,26.92627677505154,62.15727561192299,-0.14558692361217002,0.157671557031493,-0.03853566968507489,-0.38537465382110647,-0.303258480643663,0.3468389841360316,0.012084633419322977,-0.42391032350618135,A0-DYNAMIC-OPPONENT-ADJUSTED-JOINT-SCORE-V1,2024,2023,2023-REG-END,100.0,8,phase3-feature-provenance-v1,5f148219527b07d85261d3f196ace97a5eb5646271d43596032a692389abc579,2c5cc1af74fc5f3955e44361b82b791710e4b63bbc69b0c15570617e2d86e543,NONE,A0_training_only_home_away_cov_v1,93.61217824257209,90.38398279764756,2.4705792746798014
2024_07_SEA_ATL,2024,7,2024-10-20,ATL,SEA,14.0,34.0,23.606759781730787,22.64893209528521,-3.0,-20.0,48.0,0.9578276864455759,46.255691877016,0.5285320830614476,9.67533866293951,9.507049110930666,13.38114354197204,13.745447231340975,13.564518459577533,-8.067616478517058,9.98327185140821,-16.190797768545718,18.10645314143687,36.9845286076154,55.526855146416594,28.640192458580273,63.87119129545172,-0.15847393708001203,-0.10459416804187747,-0.26603137375582475,-0.09507239005918494,-0.05387976903813456,-0.1709589836966398,-0.2630681051218895,-0.3611037638150097,A0-DYNAMIC-OPPONENT-ADJUSTED-JOINT-SCORE-V1,2024,2023,2023-REG-END,100.0,8,phase3-feature-provenance-v1,5f148219527b07d85261d3f196ace97a5eb5646271d43596032a692389abc579,2c5cc1af74fc5f3955e44361b82b791710e4b63bbc69b0c15570617e2d86e543,NONE,A0_training_only_home_away_cov_v1,93.61217824257209,90.38398279764756,2.4705792746798014
2024_07_TEN_BUF,2024,7,2024-10-20,BUF,TEN,34.0,10.0,26.427850093057092,18.026233665853432,-1.0,24.0,44.0,8.40161642720366,44.45408375891053,0.7349553943631492,9.67533866293951,9.507049110930666,13.38114354197204,13.745447231340975,13.564518459577533,-0.6238277377589743,17.427060592166292,-8.747009027787634,25.550241882194953,35.18292048950993,53.725247028311124,26.838584340474803,62.06958317734625,0.16996725234018972,-0.3499063527568954,0.28753706290264197,-0.09485944272436232,0.5198736050970851,0.3823965056270043,-0.1799391004167057,0.19267762017827966,A0-DYNAMIC-OPPONENT-ADJUSTED-JOINT-SCORE-V1,2024,2023,2023-REG-END,100.0,8,phase3-feature-provenance-v1,5f148219527b07d85261d3f196ace97a5eb5646271d43596032a692389abc579,2c5cc1af74fc5f3955e44361b82b791710e4b63bbc69b0c15570617e2d86e543,NONE,A0_training_only_home_away_cov_v1,93.61217824257209,90.38398279764756,2.4705792746798014
2024_08_ARI_MIA,2024,8,2024-10-27,MIA,ARI,27.0,28.0,24.46250089911535,20.93666949833661,1.0,-1.0,55.0,3.525831400778742,45.39917039745196,0.6039145108025733,9.67533866293951,9.507049110930666,13.38114354197204,13.745447231340975,13.564518459577533,-5.499612764183892,12.551275565741376,-13.622794054212552,20.674456855770035,36.128007128051365,54.67033366685256,27.783670979016236,63.014669815887686,0.2612600057363551,0.06973520353013506,-0.14749308693828986,-0.4319738256074883,0.19152480220622004,0.28448073866919843,0.3309952092664902,-0.5794669125457782,A0-DYNAMIC-OPPONENT-ADJUSTED-JOINT-SCORE-V1,2024,2023,2023-REG-END,100.0,8,phase3-feature-provenance-v1,5f148219527b07d85261d3f196ace97a5eb5646271d43596032a692389abc579,2c5cc1af74fc5f3955e44361b82b791710e4b63bbc69b0c15570617e2d86e543,NONE,A0_training_only_home_away_cov_v1,93.61217824257209,90.38398279764756,2.4705792746798014
2024_08_ATL_TB,2024,8,2024-10-27,TB,ATL,26.0,31.0,25.279182162396307,20.74479026165363,-1.0,-5.0,57.0,4.534391900742676,46.02397242404994,0.6326440220225276,9.67533866293951,9.507049110930666,13.38114354197204,13.745447231340975,13.564518459577533,-4.491052264219958,13.55983606570531,-12.614233554248617,21.68301735573397,36.75280915464934,55.29513569345053,28.408473005614212,63.63947184248566,-0.15584871316692378,-0.15847393708001203,0.28612924895577535,-0.26603137375582475,0.0026252239130882538,0.5521606227116,-0.31432265024693584,0.0200978751999506,A0-DYNAMIC-OPPONENT-ADJUSTED-JOINT-SCORE-V1,2024,2023,2023-REG-END,100.0,8,phase3-feature-provenance-v1,5f148219527b07d85261d3f196ace97a5eb5646271d43596032a692389abc579,2c5cc1af74fc5f3955e44361b82b791710e4b63bbc69b0c15570617e2d86e543,NONE,A0_training_only_home_away_cov_v1,93.61217824257209,90.38398279764756,2.4705792746798014
2024_08_BAL_CLE,2024,8,2024-10-27,CLE,BAL,29.0,24.0,20.129318416551502,25.395074299301456,1.0,5.0,53.0,-5.2657558827499535,45.524392715852954,0.3469674992435177,9.67533866293951,9.507049110930666,13.38114354197204,13.745447231340975,13.564518459577533,-14.291200047712588,3.7596882822126805,-22.414381337741247,11.88286957224134,36.25322944645236,54.79555598525355,27.90889329741723,63.13989213428868,0.2605692250367379,0.4222480417437421,-0.13162908789978947,0.4744532204073231,-0.16167881670700418,-0.6060823083071125,0.6828172667804799,0.34282413250753363,A0-DYNAMIC-OPPONENT-ADJUSTED-JOINT-SCORE-V1,2024,2023,2023-REG-END,100.0,8,phase3-feature-provenance-v1,5f148219527b07d85261d3f196ace97a5eb5646271d43596032a692389abc579,2c5cc1af74fc5f3955e44361b82b791710e4b63bbc69b0c15570617e2d86e543,NONE,A0_training_only_home_away_cov_v1,93.61217824257209,90.38398279764756,2.4705792746798014
2024_08_BUF_SEA,2024,8,2024-10-27,SEA,BUF,10.0,31.0,23.744726852862286,24.85664622950405,0.0,-21.0,41.0,-1.1119193766417652,48.60137308236634,0.4668876069698023,9.67533866293951,9.507049110930666,13.38114354197204,13.745447231340975,13.564518459577533,-10.1373635416044,7.913524788320869,-18.26054483163306,16.03670607834953,39.33020981296574,57.87253635176693,30.98587366393061,66.21687250080205,-0.10459416804187747,0.16996725234018972,-0.09507239005918494,0.28753706290264197,-0.2745614203820672,-0.3826094529618269,0.06537308429831225,0.19246467284345703,A0-DYNAMIC-OPPONENT-ADJUSTED-JOINT-SCORE-V1,2024,2023,2023-REG-END,100.0,8,phase3-feature-provenance-v1,5f148219527b07d85261d3f196ace97a5eb5646271d43596032a692389abc579,2c5cc1af74fc5f3955e44361b82b791710e4b63bbc69b0c15570617e2d86e543,NONE,A0_training_only_home_away_cov_v1,93.61217824257209,90.38398279764756,2.4705792746798014
2024_08_CAR_DEN,2024,8,2024-10-27,DEN,CAR,28.0,14.0,23.39062407549096,15.185239484316485,3.0,14.0,42.0,8.205384591174473,38.575863559807445,0.7301296119434827,9.67533866293951,9.507049110930666,13.38114354197204,13.745447231340975,13.564518459577533,-0.8200595737881606,17.230828756137107,-8.94324086381682,25.35401004616577,29.30470029040685,47.84702682920804,20.96036414137172,56.19136297824317,-0.06599795836066968,-0.595566742528629,-0.018906839021099565,-0.04915027807573818,0.5295687841679593,0.030243439054638614,-0.6615647008892986,-0.06805711709683775,A0-DYNAMIC-OPPONENT-ADJUSTED-JOINT-SCORE-V1,2024,2023,2023-REG-END,100.0,8,phase3-feature-provenance-v1,5f148219527b07d85261d3f196ace97a5eb5646271d43596032a692389abc579,2c5cc1af74fc5f3955e44361b82b791710e4b63bbc69b0c15570617e2d86e543,NONE,A0_training_only_home_away_cov_v1,93.61217824257209,90.38398279764756,2.4705792746798014
2024_08_CHI_WAS,2024,8,2024-10-27,WAS,CHI,18.0,15.0,22.853849988512042,22.488130259782686,-7.0,3.0,33.0,0.3657197287293563,45.34198024829473,0.5109021250607145,9.67533866293951,9.507049110930666,13.38114354197204,13.745447231340975,13.564518459577533,-8.659724436233278,9.39116389369199,-16.782905726261937,17.51434518372065,36.070816978894136,54.61314351769533,27.726480829859007,62.95747966673046,-0.17882526063109355,0.10868665052582716,-0.6713545819334829,0.042024531911728676,-0.2875119111569207,-0.7133791138452116,-0.0701386101052664,-0.6293300500217541,A0-DYNAMIC-OPPONENT-ADJUSTED-JOINT-SCORE-V1,2024,2023,2023-REG-END,100.0,8,phase3-feature-provenance-v1,5f148219527b07d85261d3f196ace97a5eb5646271d43596032a692389abc579,2c5cc1af74fc5f3955e44361b82b791710e4b63bbc69b0c15570617e2d86e543,NONE,A0_training_only_home_away_cov_v1,93.61217824257209,90.38398279764756,2.4705792746798014
2024_08_DAL_SF,2024,8,2024-10-27,SF,DAL,30.0,24.0,26.52202863224557,23.449258090975402,-7.0,6.0,54.0,3.0727705412701667,49.97128672322097,0.5908120536177707,9.67533866293951,9.507049110930666,13.38114354197204,13.745447231340975,13.564518459577533,-5.952673623692467,12.0982147062328,-14.075854913721127,20.22139599626146,40.700123453820375,59.242449992621566,32.355787304785245,67.58678614165669,0.2809148192024562,0.5624335634974518,0.3503148630394126,0.18515577646961867,-0.28151874429499557,0.16515908656979394,0.843348382699908,0.5354706395090313,A0-DYNAMIC-OPPONENT-ADJUSTED-JOINT-SCORE-V1,2024,2023,2023-REG-END,100.0,8,phase3-feature-provenance-v1,5f148219527b07d85261d3f196ace97a5eb5646271d43596032a692389abc579,2c5cc1af74fc5f3955e44361b82b791710e4b63bbc69b0c15570617e2d86e543,NONE,A0_training_only_home_away_cov_v1,93.61217824257209,90.38398279764756,2.4705792746798014
2024_08_GB_JAX,2024,8,2024-10-27,JAX,GB,27.0,30.0,23.929124949512822,24.09612204576618,0.0,-3.0,57.0,-0.16699709625335757,48.025246995279005,0.4950213169138653,9.67533866293951,9.507049110930666,13.38114354197204,13.745447231340975,13.564518459577533,-9.192441261215992,8.858447068709276,-17.31562255124465,16.981628358737936,38.75408372587841,57.2964102646796,30.40974757684328,65.64074641371474,-0.014724265589836997,0.008163900673337315,-0.0044832992961302545,0.10798622544464952,-0.02288816626317431,-0.11246952474077977,-0.0065603649164996825,0.10350292614851926,A0-DYNAMIC-OPPONENT-ADJUSTED-JOINT-SCORE-V1,2024,2023,2023-REG-END,100.0,8,phase3-feature-provenance-v1,5f148219527b07d85261d3f196ace97a5eb5646271d43596032a692389abc579,2c5cc1af74fc5f3955e44361b82b791710e4b63bbc69b0c15570617e2d86e543,NONE,A0_training_only_home_away_cov_v1,93.61217824257209,90.38398279764756,2.4705792746798014
2024_08_IND_HOU,2024,8,2024-10-27,HOU,IND,23.0,20.0,23.61921108546011,20.29798579721981,0.0,3.0,43.0,3.3212252882402993,43.91719688267992,0.5980109028915072,9.67533866293951,9.507049110930666,13.38114354197204,13.745447231340975,13.564518459577533,-5.704218876722335,12.346669453202933,-13.827400166750994,20.469850743231593,34.64603361327932,53.18836015208051,26.301697464244192,61.53269630111564,0.0709041305200485,0.12832542697081295,-0.07997543490760324,-0.40507980945059063,-0.05742129645076445,0.3251043745429874,0.19922955749086146,-0.48505524435819386,A0-DYNAMIC-OPPONENT-ADJUSTED-JOINT-SCORE-V1,2024,2023,2023-REG-END,100.0,8,phase3-feature-provenance-v1,5f148219527b07d85261d3f196ace97a5eb5646271d43596032a692389abc579,2c5cc1af74fc5f3955e44361b82b791710e4b63bbc69b0c15570617e2d86e543,NONE,A0_training_only_home_away_cov_v1,93.61217824257209,90.38398279764756,2.4705792746798014
2024_08_KC_LV,2024,8,2024-10-27,LV,KC,20.0,27.0,20.031115746783268,21.61128000859016,0.0,-7.0,47.0,-1.5801642618068925,41.64239575537343,0.45299861690626136,9.67533866293951,9.507049110930666,13.38114354197204,13.745447231340975,13.564518459577533,-10.605608426769527,7.4452799031557415,-18.728789716798186,15.568461193184401,32.37123248597283,50.913559024774024,24.026896336937703,59.25789517380915,0.03679797435932042,-0.2609293491352022,0.20202457988705333,0.43571688582374263,0.29772732349452263,-0.2336923059366893,-0.2241313747758818,0.6377414657107959,A0-DYNAMIC-OPPONENT-ADJUSTED-JOINT-SCORE-V1,2024,2023,2023-REG-END,100.0,8,phase3-feature-provenance-v1,5f148219527b07d85261d3f196ace97a5eb5646271d43596032a692389abc579,2c5cc1af74fc5f3955e44361b82b791710e4b63bbc69b0c15570617e2d86e543,NONE,A0_training_only_home_away_cov_v1,93.61217824257209,90.38398279764756,2.4705792746798014
2024_08_MIN_LA,2024,8,2024-10-24,LA,MIN,30.0,20.0,23.45343721379209,20.7510767716529,0.0,10.0,50.0,2.702360442139188,44.20451398544499,0.5800232183069586,9.67533866293951,9.507049110930666,13.38114354197204,13.745447231340975,13.564518459577533,-6.323083722823446,11.727804607101822,-14.446265012852106,19.85098589713048,34.933350716044394,53.475677254845586,26.589014567009265,61.820013403880715,0.26222868008914213,-0.13231031689564265,-0.0005809981633939581,-0.04705525545768399,0.3945389969847848,0.046474257294290035,0.12991836319349948,-0.04763625362107795,A0-DYNAMIC-OPPONENT-ADJUSTED-JOINT-SCORE-V1,2024,2023,2023-REG-END,100.0,8,phase3-feature-provenance-v1,5f148219527b07d85261d3f196ace97a5eb5646271d43596032a692389abc579,2c5cc1af74fc5f3955e44361b82b791710e4b63bbc69b0c15570617e2d86e543,NONE,A0_training_only_home_away_cov_v1,93.61217824257209,90.38398279764756,2.4705792746798014
2024_08_NO_LAC,2024,8,2024-10-27,LAC,NO,26.0,8.0,20.869829266398977,21.16065165018589,-4.0,18.0,34.0,-0.2908223837869137,42.030480916584864,0.49133017209093394,9.67533866293951,9.507049110930666,13.38114354197204,13.745447231340975,13.564518459577533,-9.316266548749548,8.73462178117572,-17.439447838778207,16.85780307120438,32.75931764718427,51.30164418598546,24.41498149814914,59.64598033502059,-0.27545974751087765,0.2910769594591218,-0.11146114980200314,0.15138998651170946,-0.5665367069699995,-0.2628511363137126,0.01561721194824417,0.03992883670970632,A0-DYNAMIC-OPPONENT-ADJUSTED-JOINT-SCORE-V1,2024,2023,2023-REG-END,100.0,8,phase3-feature-provenance-v1,5f148219527b07d85261d3f196ace97a5eb5646271d43596032a692389abc579,2c5cc1af74fc5f3955e44361b82b791710e4b63bbc69b0c15570617e2d86e543,NONE,A0_training_only_home_away_cov_v1,93.61217824257209,90.38398279764756,2.4705792746798014
2024_08_NYG_PIT,2024,8,2024-10-28,PIT,NYG,26.0,18.0,23.49825479331269,17.709688149861453,0.0,8.0,44.0,5.788566643451237,41.207942943174146,0.6673441543682825,9.67533866293951,9.507049110930666,13.38114354197204,13.745447231340975,13.564518459577533,-3.2368775215113974,14.81401080841387,-11.360058811540057,22.93719209844253,31.93677967377355,50.47910621257474,23.59244352473842,58.82344236160987,-0.2095504634637504,-0.14558692361217002,0.3552440483067472,-0.03853566968507489,-0.06396353985158038,0.3937797179918221,-0.3551373870759204,0.31670837862167234,A0-DYNAMIC-OPPONENT-ADJUSTED-JOINT-SCORE-V1,2024,2023,2023-REG-END,100.0,8,phase3-feature-provenance-v1,5f148219527b07d85261d3f196ace97a5eb5646271d43596032a692389abc579,2c5cc1af74fc5f3955e44361b82b791710e4b63bbc69b0c15570617e2d86e543,NONE,A0_training_only_home_away_cov_v1,93.61217824257209,90.38398279764756,2.4705792746798014
2024_08_NYJ_NE,2024,8,2024-10-27,NE,NYJ,25.0,22.0,18.24816743198405,18.005443508795864,0.0,3.0,47.0,0.24272392318818703,36.253610940779915,0.5072361173910499,9.67533866293951,9.507049110930666,13.38114354197204,13.745447231340975,13.564518459577533,-8.782720241774447,9.268168088150821,-16.905901531803107,17.39134937817948,26.98244767137932,45.52477421018051,18.63811152234419,53.86911035921564,-0.39650000559701704,-0.24074302400520736,0.07079565548750971,0.18033275107567104,-0.15575698159180967,-0.10953709558816133,-0.6372430296022245,0.25112840656318075,A0-DYNAMIC-OPPONENT-ADJUSTED-JOINT-SCORE-V1,2024,2023,2023-REG-END,100.0,8,phase3-feature-provenance-v1,5f148219527b07d85261d3f196ace97a5eb5646271d43596032a692389abc579,2c5cc1af74fc5f3955e44361b82b791710e4b63bbc69b0c15570617e2d86e543,NONE,A0_training_only_home_away_cov_v1,93.61217824257209,90.38398279764756,2.4705792746798014
2024_08_PHI_CIN,2024,8,2024-10-27,CIN,PHI,17.0,37.0,25.833475496963548,22.66441603453607,0.0,-20.0,54.0,3.1690594624274766,48.49789153149962,0.5936057554032796,9.67533866293951,9.507049110930666,13.38114354197204,13.745447231340975,13.564518459577533,-5.856384702535157,12.19450362739011,-13.979565992563817,20.31768491741877,39.22672826209902,57.769054800900214,30.882392113063894,66.11339094993534,0.07782167375444826,0.157671557031493,0.014076356221715044,-0.38537465382110647,-0.07984988327704473,0.3994510100428215,0.23549323078594125,-0.3712982975993914,A0-DYNAMIC-OPPONENT-ADJUSTED-JOINT-SCORE-V1,2024,2023,2023-REG-END,100.0,8,phase3-feature-provenance-v1,5f148219527b07d85261d3f196ace97a5eb5646271d43596032a692389abc579,2c5cc1af74fc5f3955e44361b82b791710e4b63bbc69b0c15570617e2d86e543,NONE,A0_training_only_home_away_cov_v1,93.61217824257209,90.38398279764756,2.4705792746798014
2024_08_TEN_DET,2024,8,2024-10-27,DET,TEN,52.0,14.0,27.45853058176432,18.431885291867218,0.0,38.0,66.0,9.026645289897104,45.89041587363154,0.7500285235569804,9.67533866293951,9.507049110930666,13.38114354197204,13.745447231340975,13.564518459577533,0.0012011249344698882,18.05208945485974,-8.12198016509419,26.175270744888397,36.619252604230944,55.161579143032135,28.274916455195815,63.505915292067264,0.3963384817413217,-0.3499063527568954,-0.18534167200516255,-0.09485944272436232,0.7462448344982171,-0.09048222928080023,0.04643212898442628,-0.28020111472952486,A0-DYNAMIC-OPPONENT-ADJUSTED-JOINT-SCORE-V1,2024,2023,2023-REG-END,100.0,8,phase3-feature-provenance-v1,5f148219527b07d85261d3f196ace97a5eb5646271d43596032a692389abc579,2c5cc1af74fc5f3955e44361b82b791710e4b63bbc69b0c15570617e2d86e543,NONE,A0_training_only_home_away_cov_v1,93.61217824257209,90.38398279764756,2.4705792746798014
2024_09_CHI_ARI,2024,9,2024-11-03,ARI,CHI,29.0,9.0,23.545767092422096,21.6795251218384,0.0,20.0,38.0,1.8662419705836975,45.22529221426049,0.5554598484496995,9.67533866293951,9.507049110930666,13.38114354197204,13.745447231340975,13.564518459577533,-7.159202194378937,10.891686135546331,-15.282383484407596,19.01486742557499,35.954128944859896,54.49645548366109,27.609792795824767,62.84079163269622,0.06973520353013506,0.10868665052582716,-0.4319738256074883,0.042024531911728676,-0.0389514469956921,-0.473998357519217,0.17842185405596223,-0.38994929369575965,A0-DYNAMIC-OPPONENT-ADJUSTED-JOINT-SCORE-V1,2024,2023,2023-REG-END,100.0,8,phase3-feature-provenance-v1,5f148219527b07d85261d3f196ace97a5eb5646271d43596032a692389abc579,2c5cc1af74fc5f3955e44361b82b791710e4b63bbc69b0c15570617e2d86e543,NONE,A0_training_only_home_away_cov_v1,93.61217824257209,90.38398279764756,2.4705792746798014
2024_09_DAL_ATL,2024,9,2024-11-03,ATL,DAL,27.0,21.0,24.051789967444876,23.88820039300379,0.0,6.0,48.0,0.16358957444108668,47.93999036044866,0.5048770997795213,9.67533866293951,9.507049110930666,13.38114354197204,13.745447231340975,13.564518459577533,-8.861854590521547,9.18903373940372,-16.985035880550207,17.31221502943238,38.668827091048065,57.21115362984926,30.324490942012936,65.55548977888438,-0.15847393708001203,0.5624335634974518,-0.26603137375582475,0.18515577646961867,-0.7209075005774638,-0.4511871502254434,0.40395962641743977,-0.08087559728620608,A0-DYNAMIC-OPPONENT-ADJUSTED-JOINT-SCORE-V1,2024,2023,2023-REG-END,100.0,8,phase3-feature-provenance-v1,5f148219527b07d85261d3f196ace97a5eb5646271d43596032a692389abc579,2c5cc1af74fc5f3955e44361b82b791710e4b63bbc69b0c15570617e2d86e543,NONE,A0_training_only_home_away_cov_v1,93.61217824257209,90.38398279764756,2.4705792746798014
2024_09_DEN_BAL,2024,9,2024-11-03,BAL,DEN,41.0,10.0,27.628742293250298,19.714386190154535,0.0,31.0,51.0,7.914356103095763,47.34312848340483,0.7228924975796642,9.67533866293951,9.507049110930666,13.38114354197204,13.745447231340975,13.564518459577533,-1.1110880618668713,16.9398002680584,-9.23426935189553,25.062981558087056,38.07196521400424,56.61429175280543,29.727629064969108,64.95862790184056,0.4222480417437421,-0.06599795836066968,0.4744532204073231,-0.018906839021099565,0.48824600010441177,0.49336005942842265,0.3562500833830724,0.4555463813862235,A0-DYNAMIC-OPPONENT-ADJUSTED-JOINT-SCORE-V1,2024,2023,2023-REG-END,100.0,8,phase3-feature-provenance-v1,5f148219527b07d85261d3f196ace97a5eb5646271d43596032a692389abc579,2c5cc1af74fc5f3955e44361b82b791710e4b63bbc69b0c15570617e2d86e543,NONE,A0_training_only_home_away_cov_v1,93.61217824257209,90.38398279764756,2.4705792746798014
2024_09_DET_GB,2024,9,2024-11-03,GB,DET,14.0,24.0,25.600138231239242,24.562269875962723,0.0,-10.0,38.0,1.0378683552765189,50.16240810720197,0.5309117675240698,9.67533866293951,9.507049110930666,13.38114354197204,13.745447231340975,13.564518459577533,-7.987575809686115,10.063312520239153,-16.110757099714775,18.186493810267812,40.89124483780137,59.433571376602565,32.546908688766244,67.77790752563769,0.008163900673337315,0.3963384817413217,0.10798622544464952,-0.18534167200516255,-0.38817458106798436,0.2933278974498121,0.404502382414659,-0.07735544656051303,A0-DYNAMIC-OPPONENT-ADJUSTED-JOINT-SCORE-V1,2024,2023,2023-REG-END,100.0,8,phase3-feature-provenance-v1,5f148219527b07d85261d3f196ace97a5eb5646271d43596032a692389abc579,2c5cc1af74fc5f3955e44361b82b791710e4b63bbc69b0c15570617e2d86e543,NONE,A0_training_only_home_away_cov_v1,93.61217824257209,90.38398279764756,2.4705792746798014
2024_09_HOU_NYJ,2024,9,2024-10-31,NYJ,HOU,21.0,13.0,20.52315569313728,20.095846344621712,0.0,8.0,34.0,0.4273093485155677,40.61900203775899,0.5127375359531303,9.67533866293951,9.507049110930666,13.38114354197204,13.745447231340975,13.564518459577533,-8.598134816447066,9.452753513478202,-16.721316106475726,17.57593480350686,31.347838768358393,49.890165307159585,23.003502619323264,58.234501456194714,-0.24074302400520736,0.0709041305200485,0.18033275107567104,-0.07997543490760324,-0.3116471545252559,0.26030818598327427,-0.16983889348515885,0.1003573161680678,A0-DYNAMIC-OPPONENT-ADJUSTED-JOINT-SCORE-V1,2024,2023,2023-REG-END,100.0,8,phase3-feature-provenance-v1,5f148219527b07d85261d3f196ace97a5eb5646271d43596032a692389abc579,2c5cc1af74fc5f3955e44361b82b791710e4b63bbc69b0c15570617e2d86e543,NONE,A0_training_only_home_away_cov_v1,93.61217824257209,90.38398279764756,2.4705792746798014
2024_09_IND_MIN,2024,9,2024-11-03,MIN,IND,21.0,13.0,24.311164623767503,19.829269302815796,3.0,8.0,34.0,4.481895320951708,44.1404339265833,0.6311652519930049,9.67533866293951,9.507049110930666,13.38114354197204,13.745447231340975,13.564518459577533,-4.543548844010926,13.507339485914342,-12.666730134039586,21.630520775943,34.8692706571827,53.411597195983894,26.524934508147574,61.755933345019024,-0.13231031689564265,0.12832542697081295,-0.04705525545768399,-0.40507980945059063,-0.2606357438664556,0.35802455399290667,-0.003984889924829704,-0.4521350649082746,A0-DYNAMIC-OPPONENT-ADJUSTED-JOINT-SCORE-V1,2024,2023,2023-REG-END,100.0,8,phase3-feature-provenance-v1,5f148219527b07d85261d3f196ace97a5eb5646271d43596032a692389abc579,2c5cc1af74fc5f3955e44361b82b791710e4b63bbc69b0c15570617e2d86e543,NONE,A0_training_only_home_away_cov_v1,93.61217824257209,90.38398279764756,2.4705792746798014
2024_09_JAX_PHI,2024,9,2024-11-03,PHI,JAX,28.0,23.0,26.317570546784204,22.73120487291859,0.0,5.0,51.0,3.5863656738656147,49.04877541970279,0.6056566454025614,9.67533866293951,9.507049110930666,13.38114354197204,13.745447231340975,13.564518459577533,-5.439078491097019,12.611809838828249,-13.562259781125679,20.734991128856908,39.7776121503022,58.31993868910339,31.433276001267068,66.66427483813851,0.157671557031493,-0.014724265589836997,-0.38537465382110647,-0.0044832992961302545,0.17239582262133,-0.38089135452497624,0.142947291441656,-0.3898579531172367,A0-DYNAMIC-OPPONENT-ADJUSTED-JOINT-SCORE-V1,2024,2023,2023-REG-END,100.0,8,phase3-feature-provenance-v1,5f148219527b07d85261d3f196ace97a5eb5646271d43596032a692389abc579,2c5cc1af74fc5f3955e44361b82b791710e4b63bbc69b0c15570617e2d86e543,NONE,A0_training_only_home_away_cov_v1,93.61217824257209,90.38398279764756,2.4705792746798014
2024_09_LAC_CLE,2024,9,2024-11-03,CLE,LAC,10.0,27.0,20.809422357707504,19.47715549546154,0.0,-17.0,37.0,1.332266862245966,40.28657785316904,0.5396543672396514,9.67533866293951,9.507049110930666,13.38114354197204,13.745447231340975,13.564518459577533,-7.693177302716668,10.3577110272086,-15.816358592745328,18.48089231723726,31.015414583768447,49.55774112256964,22.671078434733317,57.90207727160477,0.2605692250367379,-0.27545974751087765,-0.13162908789978947,-0.11146114980200314,0.5360289725476155,-0.02016793809778633,-0.014890522474139745,-0.2430902377017926,A0-DYNAMIC-OPPONENT-ADJUSTED-JOINT-SCORE-V1,2024,2023,2023-REG-END,100.0,8,phase3-feature-provenance-v1,5f148219527b07d85261d3f196ace97a5eb5646271d43596032a692389abc579,2c5cc1af74fc5f3955e44361b82b791710e4b63bbc69b0c15570617e2d86e543,NONE,A0_training_only_home_away_cov_v1,93.61217824257209,90.38398279764756,2.4705792746798014
2024_09_LA_SEA,2024,9,2024-11-03,SEA,LA,20.0,26.0,24.229738343283262,23.021111562826295,-3.0,-6.0,46.0,1.2086267804569673,47.25084990610956,0.5359847802836221,9.67533866293951,9.507049110930666,13.38114354197204,13.745447231340975,13.564518459577533,-7.816817384505667,10.234070945419601,-15.939998674534326,18.35725223544826,37.97968663670896,56.52201317551015,29.635350487673833,64.86634932454528,-0.10459416804187747,0.26222868008914213,-0.09507239005918494,-0.0005809981633939581,-0.3668228481310196,-0.09449139189579098,0.15763451204726464,-0.0956533882225789,A0-DYNAMIC-OPPONENT-ADJUSTED-JOINT-SCORE-V1,2024,2023,2023-REG-END,100.0,8,phase3-feature-provenance-v1,5f148219527b07d85261d3f196ace97a5eb5646271d43596032a692389abc579,2c5cc1af74fc5f3955e44361b82b791710e4b63bbc69b0c15570617e2d86e543,NONE,A0_training_only_home_away_cov_v1,93.61217824257209,90.38398279764756,2.4705792746798014
2024_09_LV_CIN,2024,9,2024-11-03,CIN,LV,41.0,24.0,24.75912521440027,19.731492575464106,0.0,17.0,65.0,5.027632638936165,44.49061778986437,0.6464393938918429,9.67533866293951,9.507049110930666,13.38114354197204,13.745447231340975,13.564518459577533,-3.997811526026469,14.053076803898799,-12.120992816055129,22.17625809392746,35.21945452046378,53.76178105926497,26.87511837142865,62.1061172083001,0.07782167375444826,0.03679797435932042,0.014076356221715044,0.20202457988705333,0.041023699395127844,-0.18794822366533828,0.11461964811376868,0.21610093610876838,A0-DYNAMIC-OPPONENT-ADJUSTED-JOINT-SCORE-V1,2024,2023,2023-REG-END,100.0,8,phase3-feature-provenance-v1,5f148219527b07d85261d3f196ace97a5eb5646271d43596032a692389abc579,2c5cc1af74fc5f3955e44361b82b791710e4b63bbc69b0c15570617e2d86e543,NONE,A0_training_only_home_away_cov_v1,93.61217824257209,90.38398279764756,2.4705792746798014
2024_09_MIA_BUF,2024,9,2024-11-03,BUF,MIA,30.0,27.0,27.25982998449691,20.450715227230553,0.0,3.0,57.0,6.809114757266357,47.710545211727464,0.6945744550610674,9.67533866293951,9.507049110930666,13.38114354197204,13.745447231340975,13.564518459577533,-2.2163294076962767,15.834558922228991,-10.339510697724936,23.95774021225765,38.43938194232687,56.98170848112806,30.09504579329174,65.32604463016318,0.16996725234018972,0.2612600057363551,0.28753706290264197,-0.14749308693828986,-0.09129275339616538,0.4350301498409318,0.43122725807654483,0.1400439759643521,A0-DYNAMIC-OPPONENT-ADJUSTED-JOINT-SCORE-V1,2024,2023,2023-REG-END,100.0,8,phase3-feature-provenance-v1,5f148219527b07d85261d3f196ace97a5eb5646271d43596032a692389abc579,2c5cc1af74fc5f3955e44361b82b791710e4b63bbc69b0c15570617e2d86e543,NONE,A0_training_only_home_away_cov_v1,93.61217824257209,90.38398279764756,2.4705792746798014
2024_09_NE_TEN,2024,9,2024-11-03,TEN,NE,20.0,17.0,20.51861417020892,17.500402298056358,0.0,3.0,37.0,3.0182118721525626,38.01901646826528,0.5892270431631974,9.67533866293951,9.507049110930666,13.38114354197204,13.745447231340975,13.564518459577533,-6.007232292810071,12.043656037115197,-14.130413582838731,20.166837327143856,28.747853198864682,47.29017973766587,20.403517049829553,55.634515886701,-0.3499063527568954,-0.39650000559701704,-0.09485944272436232,0.07079565548750971,0.046593652840121624,-0.16565509821187202,-0.7464063583539124,-0.02406378723685261,A0-DYNAMIC-OPPONENT-ADJUSTED-JOINT-SCORE-V1,2024,2023,2023-REG-END,100.0,8,phase3-feature-provenance-v1,5f148219527b07d85261d3f196ace97a5eb5646271d43596032a692389abc579,2c5cc1af74fc5f3955e44361b82b791710e4b63bbc69b0c15570617e2d86e543,NONE,A0_training_only_home_away_cov_v1,93.61217824257209,90.38398279764756,2.4705792746798014
2024_09_NO_CAR,2024,9,2024-11-03,CAR,NO,23.0,22.0,18.114076642846484,21.31923928785814,0.0,1.0,45.0,-3.2051626450116544,39.43331593070462,0.4053479750748651,9.67533866293951,9.507049110930666,13.38114354197204,13.745447231340975,13.564518459577533,-12.230606809974288,5.82028151995098,-20.353788100002948,13.94346280997964,30.162152661304027,48.70447920010522,21.817816512268898,57.04881534914035,-0.595566742528629,0.2910769594591218,-0.04915027807573818,0.15138998651170946,-0.8866437019877508,-0.20054026458744764,-0.30448978306950714,0.10223970843597127,A0-DYNAMIC-OPPONENT-ADJUSTED-JOINT-SCORE-V1,2024,2023,2023-REG-END,100.0,8,phase3-feature-provenance-v1,5f148219527b07d85261d3f196ace97a5eb5646271d43596032a692389abc579,2c5cc1af74fc5f3955e44361b82b791710e4b63bbc69b0c15570617e2d86e543,NONE,A0_training_only_home_away_cov_v1,93.61217824257209,90.38398279764756,2.4705792746798014
2024_09_TB_KC,2024,9,2024-11-04,KC,TB,30.0,24.0,24.787643347482657,21.58603811602236,0.0,6.0,54.0,3.2016052314602987,46.373681463505015,0.5945489610542383,9.67533866293951,9.507049110930666,13.38114354197204,13.745447231340975,13.564518459577533,-5.823838933502335,12.227049396422933,-13.947020223530995,20.350230686451592,37.10251819410442,55.64484473290561,28.75818204506929,63.98918088194074,-0.2609293491352022,-0.15584871316692378,0.43571688582374263,0.28612924895577535,-0.10508063596827844,0.14958763686796728,-0.416778062302126,0.721846134779518,A0-DYNAMIC-OPPONENT-ADJUSTED-JOINT-SCORE-V1,2024,2023,2023-REG-END,100.0,8,phase3-feature-provenance-v1,5f148219527b07d85261d3f196ace97a5eb5646271d43596032a692389abc579,2c5cc1af74fc5f3955e44361b82b791710e4b63bbc69b0c15570617e2d86e543,NONE,A0_training_only_home_away_cov_v1,93.61217824257209,90.38398279764756,2.4705792746798014
2024_09_WAS_NYG,2024,9,2024-11-03,NYG,WAS,22.0,27.0,21.894724439227154,22.15684113171457,-1.0,-5.0,49.0,-0.2621166924874174,44.051565570941726,0.492185814037262,9.67533866293951,9.507049110930666,13.38114354197204,13.745447231340975,13.564518459577533,-9.287560857450051,8.763327472475217,-17.41074214747871,16.886508762503876,34.78040230154113,53.32272884034232,26.436066152506,61.66706498937745,-0.14558692361217002,-0.17882526063109355,-0.03853566968507489,-0.6713545819334829,0.033238337018923536,0.6328189122484079,-0.32441218424326357,-0.7098902516185578,A0-DYNAMIC-OPPONENT-ADJUSTED-JOINT-SCORE-V1,2024,2023,2023-REG-END,100.0,8,phase3-feature-provenance-v1,5f148219527b07d85261d3f196ace97a5eb5646271d43596032a692389abc579,2c5cc1af74fc5f3955e44361b82b791710e4b63bbc69b0c15570617e2d86e543,NONE,A0_training_only_home_away_cov_v1,93.61217824257209,90.38398279764756,2.4705792746798014
2024_10_ATL_NO,2024,10,2024-11-10,NO,ATL,20.0,17.0,23.63011891863893,21.112731132743534,0.0,3.0,37.0,2.517387785895398,44.74285005138246,0.5746124301467024,9.67533866293951,9.507049110930666,13.38114354197204,13.745447231340975,13.564518459577533,-6.508056379067236,11.542831950858032,-14.631237669095896,19.66601324088669,35.471686781981866,54.01401332078306,27.127350632946737,62.35834946981819,0.2910769594591218,-0.15847393708001203,0.15138998651170946,-0.26603137375582475,0.4495508965391338,0.4174213602675342,0.1326030223791098,-0.1146413872441153,A0-DYNAMIC-OPPONENT-ADJUSTED-JOINT-SCORE-V1,2024,2023,2023-REG-END,100.0,8,phase3-feature-provenance-v1,5f148219527b07d85261d3f196ace97a5eb5646271d43596032a692389abc579,2c5cc1af74fc5f3955e44361b82b791710e4b63bbc69b0c15570617e2d86e543,NONE,A0_training_only_home_away_cov_v1,93.61217824257209,90.38398279764756,2.4705792746798014
2024_10_BUF_IND,2024,10,2024-11-10,IND,BUF,20.0,30.0,21.801694516457093,25.42339210611215,0.0,-10.0,50.0,-3.6216975896550565,47.22508662256924,0.39332749996082333,9.67533866293951,9.507049110930666,13.38114354197204,13.745447231340975,13.564518459577533,-12.64714175461769,5.4037465753075775,-20.77032304464635,13.526927865336237,37.95392335316865,56.49624989196984,29.60958720413352,64.84058604100497,0.12832542697081295,0.16996725234018972,-0.40507980945059063,0.28753706290264197,-0.04164182536937677,-0.6926168723532327,0.2982926793110027,-0.11754274654794866,A0-DYNAMIC-OPPONENT-ADJUSTED-JOINT-SCORE-V1,2024,2023,2023-REG-END,100.0,8,phase3-feature-provenance-v1,5f148219527b07d85261d3f196ace97a5eb5646271d43596032a692389abc579,2c5cc1af74fc5f3955e44361b82b791710e4b63bbc69b0c15570617e2d86e543,NONE,A0_training_only_home_away_cov_v1,93.61217824257209,90.38398279764756,2.4705792746798014
2024_10_CIN_BAL,2024,10,2024-11-07,BAL,CIN,35.0,34.0,29.54752247048895,22.654964950222716,0.0,1.0,69.0,6.892557520266234,52.20248742071166,0.6967566135379464,9.67533866293951,9.507049110930666,13.38114354197204,13.745447231340975,13.564518459577533,-2.1328866446964003,15.918001685228868,-10.25606793472506,24.041182975257527,42.93132415131107,61.47365069011226,34.58698800227594,69.81798683914738,0.4222480417437421,0.07782167375444826,0.4744532204073231,0.014076356221715044,0.3444263679892938,0.460376864185608,0.5000697154981903,0.4885295766290381,A0-DYNAMIC-OPPONENT-ADJUSTED-JOINT-SCORE-V1,2024,2023,2023-REG-END,100.0,8,phase3-feature-provenance-v1,5f148219527b07d85261d3f196ace97a5eb5646271d43596032a692389abc579,2c5cc1af74fc5f3955e44361b82b791710e4b63bbc69b0c15570617e2d86e543,NONE,A0_training_only_home_away_cov_v1,93.61217824257209,90.38398279764756,2.4705792746798014
2024_10_DEN_KC,2024,10,2024-11-10,KC,DEN,16.0,14.0,24.81182251253913,19.134694939519797,-1.0,2.0,30.0,5.677127573019334,43.94651745205893,0.6643130846334305,9.67533866293951,9.507049110930666,13.38114354197204,13.745447231340975,13.564518459577533,-3.3483165919433002,14.702571737981968,-11.47149788197196,22.825753028010627,34.67535418265833,53.21768072145952,26.331018033623202,61.56201687049465,-0.2609293491352022,-0.06599795836066968,0.43571688582374263,-0.018906839021099565,-0.19493139077453253,0.4546237248448422,-0.3269273074958719,0.41681004680264305,A0-DYNAMIC-OPPONENT-ADJUSTED-JOINT-SCORE-V1,2024,2023,2023-REG-END,100.0,8,phase3-feature-provenance-v1,5f148219527b07d85261d3f196ace97a5eb5646271d43596032a692389abc579,2c5cc1af74fc5f3955e44361b82b791710e4b63bbc69b0c15570617e2d86e543,NONE,A0_training_only_home_away_cov_v1,93.61217824257209,90.38398279764756,2.4705792746798014
2024_10_DET_HOU,2024,10,2024-11-10,HOU,DET,23.0,26.0,23.089516398741747,24.39024188883556,3.0,-3.0,49.0,-1.3007254900938143,47.47975828757731,0.4612814594855331,9.67533866293951,9.507049110930666,13.38114354197204,13.745447231340975,13.564518459577533,-10.326169655056448,7.72471867486882,-18.449350945085108,15.84789996489748,38.208595018176716,56.75092155697791,29.864258869141587,65.09525770601303,0.0709041305200485,0.3963384817413217,-0.07997543490760324,-0.18534167200516255,-0.3254343512212732,0.10536623709755931,0.4672426122613702,-0.2653171069127658,A0-DYNAMIC-OPPONENT-ADJUSTED-JOINT-SCORE-V1,2024,2023,2023-REG-END,100.0,8,phase3-feature-provenance-v1,5f148219527b07d85261d3f196ace97a5eb5646271d43596032a692389abc579,2c5cc1af74fc5f3955e44361b82b791710e4b63bbc69b0c15570617e2d86e543,NONE,A0_training_only_home_away_cov_v1,93.61217824257209,90.38398279764756,2.4705792746798014
2024_10_MIA_LA,2024,10,2024-11-11,LA,MIA,15.0,23.0,24.638963389607554,22.13580325513238,0.0,-8.0,38.0,2.5031601344751735,46.774766644739934,0.574195649082718,9.67533866293951,9.507049110930666,13.38114354197204,13.745447231340975,13.564518459577533,-6.5222840304874605,11.528604299437808,-14.64546532051612,19.651785589466467,37.50360337533934,56.04592991414053,29.15926722630421,64.39026606317566,0.26222868008914213,0.2612600057363551,-0.0005809981633939581,-0.14749308693828986,0.0009686743527870245,0.1469120887748959,0.5234886858254972,-0.14807408510168382,A0-DYNAMIC-OPPONENT-ADJUSTED-JOINT-SCORE-V1,2024,2023,2023-REG-END,100.0,8,phase3-feature-provenance-v1,5f148219527b07d85261d3f196ace97a5eb5646271d43596032a692389abc579,2c5cc1af74fc5f3955e44361b82b791710e4b63bbc69b0c15570617e2d86e543,NONE,A0_training_only_home_away_cov_v1,93.61217824257209,90.38398279764756,2.4705792746798014
2024_10_MIN_JAX,2024,10,2024-11-10,JAX,MIN,7.0,12.0,23.91473340936521,21.722045382494404,0.0,-5.0,19.0,2.1926880268708047,45.63677879185961,0.5650809055576614,9.67533866293951,9.507049110930666,13.38114354197204,13.745447231340975,13.564518459577533,-6.832756138091829,11.218132191833439,-14.955937428120489,19.341313481862098,36.36561552245902,54.90794206126021,28.021279373423887,63.25227821029534,-0.014724265589836997,-0.13231031689564265,-0.0044832992961302545,-0.04705525545768399,0.11758605130580566,0.04257195616155374,-0.14703458248547965,-0.05153855475381425,A0-DYNAMIC-OPPONENT-ADJUSTED-JOINT-SCORE-V1,2024,2023,2023-REG-END,100.0,8,phase3-feature-provenance-v1,5f148219527b07d85261d3f196ace97a5eb5646271d43596032a692389abc579,2c5cc1af74fc5f3955e44361b82b791710e4b63bbc69b0c15570617e2d86e543,NONE,A0_training_only_home_away_cov_v1,93.61217824257209,90.38398279764756,2.4705792746798014
2024_10_NE_CHI,2024,10,2024-11-10,CHI,NE,3.0,19.0,22.15671028381356,16.71500429101613,0.0,-16.0,22.0,5.441705992797431,38.87171457482969,0.65787471117198,9.67533866293951,9.507049110930666,13.38114354197204,13.745447231340975,13.564518459577533,-3.5837381721652033,14.467150157760065,-11.706919462193863,22.590331447788724,29.600551305429093,48.142877844230284,21.256215156393964,56.487213993265414,0.10868665052582716,-0.39650000559701704,0.042024531911728676,0.07079565548750971,0.5051866561228442,-0.028771123575781037,-0.2878133550711899,0.11282018739923838,A0-DYNAMIC-OPPONENT-ADJUSTED-JOINT-SCORE-V1,2024,2023,2023-REG-END,100.0,8,phase3-feature-provenance-v1,5f148219527b07d85261d3f196ace97a5eb5646271d43596032a692389abc579,2c5cc1af74fc5f3955e44361b82b791710e4b63bbc69b0c15570617e2d86e543,NONE,A0_training_only_home_away_cov_v1,93.61217824257209,90.38398279764756,2.4705792746798014
2024_10_NYG_CAR,2024,10,2024-11-10,CAR,NYG,20.0,17.0,19.290295060500025,19.84601177833931,0.0,3.0,37.0,-0.5557167178392852,39.13630683883933,0.4834367532116737,9.67533866293951,9.507049110930666,13.38114354197204,13.745447231340975,13.564518459577533,-9.58116088280192,8.469727447123349,-17.70434217283058,16.59290873715201,29.865143569438736,48.40747010823993,21.520807420403607,56.75180625727506,-0.595566742528629,-0.14558692361217002,-0.04915027807573818,-0.03853566968507489,-0.44997981891645894,-0.010614608390663291,-0.7411536661407989,-0.08768594776081307,A0-DYNAMIC-OPPONENT-ADJUSTED-JOINT-SCORE-V1,2024,2023,2023-REG-END,100.0,8,phase3-feature-provenance-v1,5f148219527b07d85261d3f196ace97a5eb5646271d43596032a692389abc579,2c5cc1af74fc5f3955e44361b82b791710e4b63bbc69b0c15570617e2d86e543,NONE,A0_training_only_home_away_cov_v1,93.61217824257209,90.38398279764756,2.4705792746798014
2024_10_NYJ_ARI,2024,10,2024-11-10,ARI,NYJ,31.0,6.0,22.815440000980463,20.64259558100155,-3.0,25.0,37.0,2.1728444199789116,43.45803558198202,0.5644971119314588,9.67533866293951,9.507049110930666,13.38114354197204,13.745447231340975,13.564518459577533,-6.852599744983722,11.198288584941546,-14.975781035012382,19.321469874970205,34.18687231258142,52.72919885138261,25.842536163546292,61.07353500041774,0.06973520353013506,-0.24074302400520736,-0.4319738256074883,0.18033275107567104,0.31047822753534243,-0.6123065766831594,-0.1710078204750723,-0.2516410745318173,A0-DYNAMIC-OPPONENT-ADJUSTED-JOINT-SCORE-V1,2024,2023,2023-REG-END,100.0,8,phase3-feature-provenance-v1,5f148219527b07d85261d3f196ace97a5eb5646271d43596032a692389abc579,2c5cc1af74fc5f3955e44361b82b791710e4b63bbc69b0c15570617e2d86e543,NONE,A0_training_only_home_away_cov_v1,93.61217824257209,90.38398279764756,2.4705792746798014
2024_10_PHI_DAL,2024,10,2024-11-10,DAL,PHI,6.0,34.0,25.829470935536765,23.374108201360965,0.0,-28.0,40.0,2.4553627341758,49.20357913689773,0.5727948801774735,9.67533866293951,9.507049110930666,13.38114354197204,13.745447231340975,13.564518459577533,-6.570081430786834,11.480806899138434,-14.693262720815493,19.603988189167094,39.932415867497134,58.474742406298326,31.588079718462005,66.81907855533345,0.5624335634974518,0.157671557031493,0.18515577646961867,-0.38537465382110647,0.4047620064659588,0.5705304302907251,0.7201051205289448,-0.2002188773514878,A0-DYNAMIC-OPPONENT-ADJUSTED-JOINT-SCORE-V1,2024,2023,2023-REG-END,100.0,8,phase3-feature-provenance-v1,5f148219527b07d85261d3f196ace97a5eb5646271d43596032a692389abc579,2c5cc1af74fc5f3955e44361b82b791710e4b63bbc69b0c15570617e2d86e543,NONE,A0_training_only_home_away_cov_v1,93.61217824257209,90.38398279764756,2.4705792746798014
2024_10_PIT_WAS,2024,10,2024-11-10,WAS,PIT,27.0,28.0,23.48938191051942,23.326739598893713,-6.0,-1.0,55.0,0.16264231162570653,46.816121509413136,0.5048488604059518,9.67533866293951,9.507049110930666,13.38114354197204,13.745447231340975,13.564518459577533,-8.862801853336927,9.18808647658834,-16.985983143365587,17.311267766617,37.54495824001254,56.08728477881373,29.20062209097741,64.43162092784885,-0.17882526063109355,-0.2095504634637504,-0.6713545819334829,0.3552440483067472,0.03072520283265684,-1.0265986302402301,-0.38837572409484394,-0.31611053362673563,A0-DYNAMIC-OPPONENT-ADJUSTED-JOINT-SCORE-V1,2024,2023,2023-REG-END,100.0,8,phase3-feature-provenance-v1,5f148219527b07d85261d3f196ace97a5eb5646271d43596032a692389abc579,2c5cc1af74fc5f3955e44361b82b791710e4b63bbc69b0c15570617e2d86e543,NONE,A0_training_only_home_away_cov_v1,93.61217824257209,90.38398279764756,2.4705792746798014
2024_10_SF_TB,2024,10,2024-11-10,TB,SF,20.0,23.0,23.28629913815679,26.357143529552328,-8.0,-3.0,43.0,-3.070844391395539,49.64344266770912,0.40924387878710333,9.67533866293951,9.507049110930666,13.38114354197204,13.745447231340975,13.564518459577533,-12.096288556358173,5.954599773567095,-20.219469846386833,14.077781063595754,40.37227939830852,58.91460593710971,32.02794324927339,67.25894208614484,-0.15584871316692378,0.2809148192024562,0.28612924895577535,0.3503148630394126,-0.43676353236938,-0.06418561408363727,0.12506610603553242,0.636444111995188,A0-DYNAMIC-OPPONENT-ADJUSTED-JOINT-SCORE-V1,2024,2023,2023-REG-END,100.0,8,phase3-feature-provenance-v1,5f148219527b07d85261d3f196ace97a5eb5646271d43596032a692389abc579,2c5cc1af74fc5f3955e44361b82b791710e4b63bbc69b0c15570617e2d86e543,NONE,A0_training_only_home_away_cov_v1,93.61217824257209,90.38398279764756,2.4705792746798014
2024_10_TEN_LAC,2024,10,2024-11-10,LAC,TEN,27.0,17.0,22.315528738052134,17.76865881937864,0.0,10.0,44.0,4.546869918673494,40.08418755743077,0.6329952256227512,9.67533866293951,9.507049110930666,13.38114354197204,13.745447231340975,13.564518459577533,-4.47857424628914,13.572314083636128,-12.6017555363178,21.695495373664787,30.813024288030178,49.35535082683137,22.46868813899505,57.6996869758665,-0.27545974751087765,-0.3499063527568954,-0.11146114980200314,-0.09485944272436232,0.07444660524601776,-0.016601707077640818,-0.6253661002677731,-0.20632059252636548,A0-DYNAMIC-OPPONENT-ADJUSTED-JOINT-SCORE-V1,2024,2023,2023-REG-END,100.0,8,phase3-feature-provenance-v1,5f148219527b07d85261d3f196ace97a5eb5646271d43596032a692389abc579,2c5cc1af74fc5f3955e44361b82b791710e4b63bbc69b0c15570617e2d86e543,NONE,A0_training_only_home_away_cov_v1,93.61217824257209,90.38398279764756,2.4705792746798014
2024_11_ATL_DEN,2024,11,2024-11-17,DEN,ATL,38.0,6.0,23.018509169894458,21.60673650183543,0.0,32.0,44.0,1.411772668059026,44.625245671729886,0.5420123039224911,9.67533866293951,9.507049110930666,13.38114354197204,13.745447231340975,13.564518459577533,-7.613671496903608,10.43721683302166,-15.736852786932268,18.56039812305032,35.35408240232929,53.89640894113048,27.00974625329416,62.24074509016561,-0.06599795836066968,-0.15847393708001203,-0.018906839021099565,-0.26603137375582475,0.09247597871934235,0.24712453473472518,-0.22447189544068172,-0.2849382127769243,A0-DYNAMIC-OPPONENT-ADJUSTED-JOINT-SCORE-V1,2024,2023,2023-REG-END,100.0,8,phase3-feature-provenance-v1,5f148219527b07d85261d3f196ace97a5eb5646271d43596032a692389abc579,2c5cc1af74fc5f3955e44361b82b791710e4b63bbc69b0c15570617e2d86e543,NONE,A0_training_only_home_away_cov_v1,93.61217824257209,90.38398279764756,2.4705792746798014
2024_11_BAL_PIT,2024,11,2024-11-17,PIT,BAL,18.0,16.0,23.090789846062226,26.670058940252744,-3.0,2.0,34.0,-3.5792690941905185,49.760848786314966,0.39454748066760753,9.67533866293951,9.507049110930666,13.38114354197204,13.745447231340975,13.564518459577533,-12.604713259153153,5.4461750707721155,-20.727894549181812,13.569356360800775,40.48968551691437,59.03201205571556,32.14534936787924,67.37634820475068,-0.2095504634637504,0.4222480417437421,0.3552440483067472,0.4744532204073231,-0.6317985052074925,-0.11920917210057586,0.2126975782799917,0.8296972687140702,A0-DYNAMIC-OPPONENT-ADJUSTED-JOINT-SCORE-V1,2024,2023,2023-REG-END,100.0,8,phase3-feature-provenance-v1,5f148219527b07d85261d3f196ace97a5eb5646271d43596032a692389abc579,2c5cc1af74fc5f3955e44361b82b791710e4b63bbc69b0c15570617e2d86e543,NONE,A0_training_only_home_away_cov_v1,93.61217824257209,90.38398279764756,2.4705792746798014
2024_11_CIN_LAC,2024,11,2024-11-17,LAC,CIN,34.0,27.0,23.07351790661264,23.345084385331244,-3.0,7.0,61.0,-0.2715664787186043,46.418602291943884,0.49190413634172087,9.67533866293951,9.507049110930666,13.38114354197204,13.745447231340975,13.564518459577533,-9.297010643681238,8.75387768624403,-17.420191933709898,16.87705897627269,37.14743902254329,55.68976556134448,28.80310287350816,64.03410171037962,-0.27545974751087765,0.07782167375444826,-0.11146114980200314,0.014076356221715044,-0.3532814212653259,-0.1255375060237182,-0.1976380737564294,-0.09738479358028809,A0-DYNAMIC-OPPONENT-ADJUSTED-JOINT-SCORE-V1,2024,2023,2023-REG-END,100.0,8,phase3-feature-provenance-v1,5f148219527b07d85261d3f196ace97a5eb5646271d43596032a692389abc579,2c5cc1af74fc5f3955e44361b82b791710e4b63bbc69b0c15570617e2d86e543,NONE,A0_training_only_home_away_cov_v1,93.61217824257209,90.38398279764756,2.4705792746798014
2024_11_CLE_NO,2024,11,2024-11-17,NO,CLE,35.0,14.0,21.88542366576998,18.956646120331488,-7.0,21.0,49.0,2.928777545438493,40.84206978610147,0.5866256999339742,9.67533866293951,9.507049110930666,13.38114354197204,13.745447231340975,13.564518459577533,-6.096666619524141,11.954221710401127,-14.2198479095528,20.077403000429786,31.570906516700873,50.113233055502064,23.226570367665744,58.457569204537194,0.2910769594591218,0.2605692250367379,0.15138998651170946,-0.13162908789978947,0.030507734422383914,0.2830190744114989,0.5516461844958598,0.019760898611919986,A0-DYNAMIC-OPPONENT-ADJUSTED-JOINT-SCORE-V1,2024,2023,2023-REG-END,100.0,8,phase3-feature-provenance-v1,5f148219527b07d85261d3f196ace97a5eb5646271d43596032a692389abc579,2c5cc1af74fc5f3955e44361b82b791710e4b63bbc69b0c15570617e2d86e543,NONE,A0_training_only_home_away_cov_v1,93.61217824257209,90.38398279764756,2.4705792746798014
2024_11_GB_CHI,2024,11,2024-11-17,CHI,GB,19.0,20.0,20.361502846204083,23.761772772843415,-7.0,-1.0,39.0,-3.400269926639332,44.1232756190475,0.3997056486459529,9.67533866293951,9.507049110930666,13.38114354197204,13.745447231340975,13.564518459577533,-12.425714091601966,5.625174238323302,-20.548895381630626,13.748355528351961,34.8521123496469,53.39443888844809,26.507776200611772,61.73877503748322,0.10868665052582716,0.008163900673337315,0.042024531911728676,0.10798622544464952,0.10052274985248984,-0.06596169353292083,0.11685055119916447,0.1500107573563782,A0-DYNAMIC-OPPONENT-ADJUSTED-JOINT-SCORE-V1,2024,2023,2023-REG-END,100.0,8,phase3-feature-provenance-v1,5f148219527b07d85261d3f196ace97a5eb5646271d43596032a692389abc579,2c5cc1af74fc5f3955e44361b82b791710e4b63bbc69b0c15570617e2d86e543,NONE,A0_training_only_home_away_cov_v1,93.61217824257209,90.38398279764756,2.4705792746798014
2024_11_HOU_DAL,2024,11,2024-11-18,DAL,HOU,10.0,34.0,24.10941803033479,20.582553518682637,0.0,-24.0,44.0,3.5268645116521533,44.691971549017424,0.6039442605432159,9.67533866293951,9.507049110930666,13.38114354197204,13.745447231340975,13.564518459577533,-5.498579653310481,12.552308676614787,-13.62176094333914,20.675489966643447,35.42080827961683,53.96313481841802,27.0764721305817,62.30747096745315,0.5624335634974518,0.0709041305200485,0.18515577646961867,-0.07997543490760324,0.49152943297740326,0.2651312113772219,0.6333376940175003,0.10518034156201543,A0-DYNAMIC-OPPONENT-ADJUSTED-JOINT-SCORE-V1,2024,2023,2023-REG-END,100.0,8,phase3-feature-provenance-v1,5f148219527b07d85261d3f196ace97a5eb5646271d43596032a692389abc579,2c5cc1af74fc5f3955e44361b82b791710e4b63bbc69b0c15570617e2d86e543,NONE,A0_training_only_home_away_cov_v1,93.61217824257209,90.38398279764756,2.4705792746798014
2024_11_IND_NYJ,2024,11,2024-11-17,NYJ,IND,27.0,28.0,21.81840835190904,19.29211673212437,0.0,-1.0,55.0,2.5262916197846685,41.11052508403341,0.5748732143267105,9.67533866293951,9.507049110930666,13.38114354197204,13.745447231340975,13.564518459577533,-6.4991525451779655,11.551735784747303,-14.622333835206625,19.674917074775962,31.839361814632817,50.38168835343401,23.495025665597687,58.72602450246914,-0.24074302400520736,0.12832542697081295,0.18033275107567104,-0.40507980945059063,-0.3690684509760203,0.5854125605262617,-0.11241759703439441,-0.2247470583749196,A0-DYNAMIC-OPPONENT-ADJUSTED-JOINT-SCORE-V1,2024,2023,2023-REG-END,100.0,8,phase3-feature-provenance-v1,5f148219527b07d85261d3f196ace97a5eb5646271d43596032a692389abc579,2c5cc1af74fc5f3955e44361b82b791710e4b63bbc69b0c15570617e2d86e543,NONE,A0_training_only_home_away_cov_v1,93.61217824257209,90.38398279764756,2.4705792746798014
2024_11_JAX_DET,2024,11,2024-11-17,DET,JAX,52.0,6.0,27.57096522746461,20.977717810404222,0.0,46.0,58.0,6.59324741706039,48.548683037868834,0.6888971643228483,9.67533866293951,9.507049110930666,13.38114354197204,13.745447231340975,13.564518459577533,-2.4321967479022444,15.618691582023024,-10.555378037930904,23.741872872051683,39.27751976846824,57.81984630726943,30.93318361943311,66.16418245630456,0.3963384817413217,-0.014724265589836997,-0.18534167200516255,-0.0044832992961302545,0.41106274733115866,-0.1808583727090323,0.3816142161514847,-0.1898249713012928,A0-DYNAMIC-OPPONENT-ADJUSTED-JOINT-SCORE-V1,2024,2023,2023-REG-END,100.0,8,phase3-feature-provenance-v1,5f148219527b07d85261d3f196ace97a5eb5646271d43596032a692389abc579,2c5cc1af74fc5f3955e44361b82b791710e4b63bbc69b0c15570617e2d86e543,NONE,A0_training_only_home_away_cov_v1,93.61217824257209,90.38398279764756,2.4705792746798014
2024_11_KC_BUF,2024,11,2024-11-17,BUF,KC,30.0,21.0,26.278015365474445,22.140728966470675,0.0,9.0,51.0,4.13728639900377,48.41874433194512,0.6214106649992832,9.67533866293951,9.507049110930666,13.38114354197204,13.745447231340975,13.564518459577533,-4.888157765958864,13.162730563966404,-13.011339055987523,21.285911853995064,39.147581062544525,57.689907601345716,30.803244913509396,66.03424375038085,0.16996725234018972,-0.2609293491352022,0.28753706290264197,0.43571688582374263,0.43089660147539194,-0.14817982292110066,-0.09096209679501249,0.7232539487263846,A0-DYNAMIC-OPPONENT-ADJUSTED-JOINT-SCORE-V1,2024,2023,2023-REG-END,100.0,8,phase3-feature-provenance-v1,5f148219527b07d85261d3f196ace97a5eb5646271d43596032a692389abc579,2c5cc1af74fc5f3955e44361b82b791710e4b63bbc69b0c15570617e2d86e543,NONE,A0_training_only_home_away_cov_v1,93.61217824257209,90.38398279764756,2.4705792746798014
2024_11_LA_NE,2024,11,2024-11-17,NE,LA,22.0,28.0,20.16145511232763,21.276371707480376,1.0,-6.0,50.0,-1.1149165951527458,41.43782681980801,0.4667985574036857,9.67533866293951,9.507049110930666,13.38114354197204,13.745447231340975,13.564518459577533,-10.14036076011538,7.910527569809888,-18.26354205014404,16.033708859838548,32.166663550407414,50.708990089208605,23.822327401372284,59.053326238243734,-0.39650000559701704,0.26222868008914213,0.07079565548750971,-0.0005809981633939581,-0.6587286856861592,0.07137665365090368,-0.1342713255078749,0.07021465732411575,A0-DYNAMIC-OPPONENT-ADJUSTED-JOINT-SCORE-V1,2024,2023,2023-REG-END,100.0,8,phase3-feature-provenance-v1,5f148219527b07d85261d3f196ace97a5eb5646271d43596032a692389abc579,2c5cc1af74fc5f3955e44361b82b791710e4b63bbc69b0c15570617e2d86e543,NONE,A0_training_only_home_away_cov_v1,93.61217824257209,90.38398279764756,2.4705792746798014
2024_11_LV_MIA,2024,11,2024-11-17,MIA,LV,34.0,19.0,22.818773283300175,20.498897942452647,-8.0,15.0,53.0,2.3198753408475277,43.31767122575282,0.5688193008074188,9.67533866293951,9.507049110930666,13.38114354197204,13.745447231340975,13.564518459577533,-6.705568824115106,11.345319505810162,-14.828750114143766,19.46850079583882,34.04650795635222,52.588834495153414,25.702171807317093,60.93317064418854,0.2612600057363551,0.03679797435932042,-0.14749308693828986,0.20202457988705333,0.2244620313770347,-0.3495176668253432,0.2980579800956755,0.05453149294876347,A0-DYNAMIC-OPPONENT-ADJUSTED-JOINT-SCORE-V1,2024,2023,2023-REG-END,100.0,8,phase3-feature-provenance-v1,5f148219527b07d85261d3f196ace97a5eb5646271d43596032a692389abc579,2c5cc1af74fc5f3955e44361b82b791710e4b63bbc69b0c15570617e2d86e543,NONE,A0_training_only_home_away_cov_v1,93.61217824257209,90.38398279764756,2.4705792746798014
2024_11_MIN_TEN,2024,11,2024-11-17,TEN,MIN,13.0,23.0,20.68068775929232,21.437648240125863,0.0,-10.0,36.0,-0.7569604808335448,42.11833599941818,0.4774441881484284,9.67533866293951,9.507049110930666,13.38114354197204,13.745447231340975,13.564518459577533,-9.782404645796179,8.26848368412909,-17.90558593582484,16.39166497415775,32.84717273001758,51.389499268818774,24.502836580982454,59.7338354178539,-0.3499063527568954,-0.13231031689564265,-0.09485944272436232,-0.04705525545768399,-0.21759603586125276,-0.04780418726667833,-0.48221666965253807,-0.14191469818204633,A0-DYNAMIC-OPPONENT-ADJUSTED-JOINT-SCORE-V1,2024,2023,2023-REG-END,100.0,8,phase3-feature-provenance-v1,5f148219527b07d85261d3f196ace97a5eb5646271d43596032a692389abc579,2c5cc1af74fc5f3955e44361b82b791710e4b63bbc69b0c15570617e2d86e543,NONE,A0_training_only_home_away_cov_v1,93.61217824257209,90.38398279764756,2.4705792746798014
2024_11_SEA_SF,2024,11,2024-11-17,SF,SEA,17.0,20.0,27.543415005663636,22.01644543368221,-7.0,-3.0,37.0,5.526969571981425,49.55986043934585,0.6602119496377117,9.67533866293951,9.507049110930666,13.38114354197204,13.745447231340975,13.564518459577533,-3.498474592981209,14.55241373694406,-11.621655883009868,22.67559502697272,40.28869716994525,58.83102370874644,31.944361020910122,67.17535985778157,0.2809148192024562,-0.10459416804187747,0.3503148630394126,-0.09507239005918494,0.3855089872443337,0.44538725309859756,0.1763206511605787,0.2552424729802277,A0-DYNAMIC-OPPONENT-ADJUSTED-JOINT-SCORE-V1,2024,2023,2023-REG-END,100.0,8,phase3-feature-provenance-v1,5f148219527b07d85261d3f196ace97a5eb5646271d43596032a692389abc579,2c5cc1af74fc5f3955e44361b82b791710e4b63bbc69b0c15570617e2d86e543,NONE,A0_training_only_home_away_cov_v1,93.61217824257209,90.38398279764756,2.4705792746798014
2024_11_WAS_PHI,2024,11,2024-11-14,PHI,WAS,26.0,18.0,26.349918614542133,22.676780277948783,0.0,8.0,44.0,3.6731383365933503,49.02669889249091,0.6081502126212481,9.67533866293951,9.507049110930666,13.38114354197204,13.745447231340975,13.564518459577533,-5.352305828369284,12.698582501555984,-13.475487118397943,20.821763791584644,39.75553562309032,58.29786216189151,31.411199474055188,66.64219831092663,0.157671557031493,-0.17882526063109355,-0.38537465382110647,-0.6713545819334829,0.33649681766258654,0.2859799281123764,-0.02115370359960056,-1.0567292357545894,A0-DYNAMIC-OPPONENT-ADJUSTED-JOINT-SCORE-V1,2024,2023,2023-REG-END,100.0,8,phase3-feature-provenance-v1,5f148219527b07d85261d3f196ace97a5eb5646271d43596032a692389abc579,2c5cc1af74fc5f3955e44361b82b791710e4b63bbc69b0c15570617e2d86e543,NONE,A0_training_only_home_away_cov_v1,93.61217824257209,90.38398279764756,2.4705792746798014
2024_12_ARI_SEA,2024,12,2024-11-24,SEA,ARI,16.0,6.0,24.322832783334842,24.240602768822153,-7.0,10.0,22.0,0.08223001451268885,48.563435552156996,0.5024515709686782,9.67533866293951,9.507049110930666,13.38114354197204,13.745447231340975,13.564518459577533,-8.943214150449945,9.107674179475323,-17.066395440478605,17.230855469503982,39.2922722827564,57.83459882155759,30.94793613372127,66.17893497059272,-0.10459416804187747,0.06973520353013506,-0.09507239005918494,-0.4319738256074883,-0.17432937157201253,0.3369014355483034,-0.03485896451174242,-0.5270462156666733,A0-DYNAMIC-OPPONENT-ADJUSTED-JOINT-SCORE-V1,2024,2023,2023-REG-END,100.0,8,phase3-feature-provenance-v1,5f148219527b07d85261d3f196ace97a5eb5646271d43596032a692389abc579,2c5cc1af74fc5f3955e44361b82b791710e4b63bbc69b0c15570617e2d86e543,NONE,A0_training_only_home_away_cov_v1,93.61217824257209,90.38398279764756,2.4705792746798014
2024_12_BAL_LAC,2024,12,2024-11-25,LAC,BAL,23.0,30.0,22.55434970894456,25.896796172500647,0.0,-7.0,53.0,-3.3424464635560867,48.45114588144521,0.4013757258281131,9.67533866293951,9.507049110930666,13.38114354197204,13.745447231340975,13.564518459577533,-12.36789062851872,5.682997701406547,-20.49107191854738,13.806178991435207,39.17998261204461,57.7223091508458,30.835646463009482,66.06664529988093,-0.27545974751087765,0.4222480417437421,-0.11146114980200314,0.4744532204073231,-0.6977077892546197,-0.5859143702093262,0.14678829423286444,0.3629920706053199,A0-DYNAMIC-OPPONENT-ADJUSTED-JOINT-SCORE-V1,2024,2023,2023-REG-END,100.0,8,phase3-feature-provenance-v1,5f148219527b07d85261d3f196ace97a5eb5646271d43596032a692389abc579,2c5cc1af74fc5f3955e44361b82b791710e4b63bbc69b0c15570617e2d86e543,NONE,A0_training_only_home_away_cov_v1,93.61217824257209,90.38398279764756,2.4705792746798014
2024_12_DAL_WAS,2024,12,2024-11-24,WAS,DAL,26.0,34.0,25.7472643160616,22.002294058085166,4.0,-8.0,60.0,3.7449702579764335,47.749558374146766,0.6102110801023436,9.67533866293951,9.507049110930666,13.38114354197204,13.745447231340975,13.564518459577533,-5.280473906986201,12.770414422939067,-13.40365519701486,20.893595712967727,38.47839510474617,57.02072164354736,30.13405895571104,65.36505779258249,-0.17882526063109355,0.5624335634974518,-0.6713545819334829,0.18515577646961867,-0.7412588241285454,-0.8565103584031015,0.3836083028663582,-0.4861988054638642,A0-DYNAMIC-OPPONENT-ADJUSTED-JOINT-SCORE-V1,2024,2023,2023-REG-END,100.0,8,phase3-feature-provenance-v1,5f148219527b07d85261d3f196ace97a5eb5646271d43596032a692389abc579,2c5cc1af74fc5f3955e44361b82b791710e4b63bbc69b0c15570617e2d86e543,NONE,A0_training_only_home_away_cov_v1,93.61217824257209,90.38398279764756,2.4705792746798014
2024_12_DEN_LV,2024,12,2024-11-24,LV,DEN,19.0,29.0,21.72331805642057,21.03391087489782,0.0,-10.0,48.0,0.6894071815227498,42.757228931318394,0.520544734920092,9.67533866293951,9.507049110930666,13.38114354197204,13.745447231340975,13.564518459577533,-8.336036983439884,9.714851346485384,-16.459218273468544,17.838032636514043,33.4860656619178,52.02839220071899,25.14172951288267,60.37272834975412,0.03679797435932042,-0.06599795836066968,0.20202457988705333,-0.018906839021099565,0.1027959327199901,0.2209314189081529,-0.029199984001349266,0.18311774086595375,A0-DYNAMIC-OPPONENT-ADJUSTED-JOINT-SCORE-V1,2024,2023,2023-REG-END,100.0,8,phase3-feature-provenance-v1,5f148219527b07d85261d3f196ace97a5eb5646271d43596032a692389abc579,2c5cc1af74fc5f3955e44361b82b791710e4b63bbc69b0c15570617e2d86e543,NONE,A0_training_only_home_away_cov_v1,93.61217824257209,90.38398279764756,2.4705792746798014
2024_12_DET_IND,2024,12,2024-11-24,IND,DET,6.0,24.0,21.854129629390265,26.242218871703948,0.0,-18.0,30.0,-4.388089242313683,48.09634850109421,0.37148198879034555,9.67533866293951,9.507049110930666,13.38114354197204,13.745447231340975,13.564518459577533,-13.413533407276317,4.637354922648951,-21.536714697304976,12.76053621267761,38.82518523169362,57.36751177049481,30.480849082658487,65.71184791952993,0.12832542697081295,0.3963384817413217,-0.40507980945059063,-0.18534167200516255,-0.26801305477050874,-0.21973813744542808,0.5246639087121346,-0.5904214814557531,A0-DYNAMIC-OPPONENT-ADJUSTED-JOINT-SCORE-V1,2024,2023,2023-REG-END,100.0,8,phase3-feature-provenance-v1,5f148219527b07d85261d3f196ace97a5eb5646271d43596032a692389abc579,2c5cc1af74fc5f3955e44361b82b791710e4b63bbc69b0c15570617e2d86e543,NONE,A0_training_only_home_away_cov_v1,93.61217824257209,90.38398279764756,2.4705792746798014
2024_12_KC_CAR,2024,12,2024-11-24,CAR,KC,27.0,30.0,19.603072113327634,22.55744955294709,7.0,-3.0,57.0,-2.9543774396194564,42.160521666274725,0.41262929153085015,9.67533866293951,9.507049110930666,13.38114354197204,13.745447231340975,13.564518459577533,-11.97982160458209,6.071066725343178,-20.10300289461075,14.194248015371837,32.88935839687413,51.43168493567532,24.545022247839,59.77602108471045,-0.595566742528629,-0.2609293491352022,-0.04915027807573818,0.43571688582374263,-0.33463739339342674,-0.4848671638994808,-0.8564960916638311,0.38656660774800444,A0-DYNAMIC-OPPONENT-ADJUSTED-JOINT-SCORE-V1,2024,2023,2023-REG-END,100.0,8,phase3-feature-provenance-v1,5f148219527b07d85261d3f196ace97a5eb5646271d43596032a692389abc579,2c5cc1af74fc5f3955e44361b82b791710e4b63bbc69b0c15570617e2d86e543,NONE,A0_training_only_home_away_cov_v1,93.61217824257209,90.38398279764756,2.4705792746798014
2024_12_MIN_CHI,2024,12,2024-11-24,CHI,MIN,27.0,30.0,21.504426384521786,20.981553612109078,0.0,-3.0,57.0,0.5228727724127076,42.48597999663086,0.515584840270119,9.67533866293951,9.507049110930666,13.38114354197204,13.745447231340975,13.564518459577533,-8.502571392549926,9.548316937375342,-16.625752682578586,17.671498227404,33.214816727230264,51.757143266031456,24.870480578195135,60.101479415066585,0.10868665052582716,-0.13231031689564265,0.042024531911728676,-0.04705525545768399,0.2409969674214698,0.08907978736941266,-0.0236236663698155,-0.0050307235459553165,A0-DYNAMIC-OPPONENT-ADJUSTED-JOINT-SCORE-V1,2024,2023,2023-REG-END,100.0,8,phase3-feature-provenance-v1,5f148219527b07d85261d3f196ace97a5eb5646271d43596032a692389abc579,2c5cc1af74fc5f3955e44361b82b791710e4b63bbc69b0c15570617e2d86e543,NONE,A0_training_only_home_away_cov_v1,93.61217824257209,90.38398279764756,2.4705792746798014
2024_12_NE_MIA,2024,12,2024-11-24,MIA,NE,34.0,15.0,25.145885493042343,18.55085535918238,0.0,19.0,49.0,6.595030133859964,43.69674085222472,0.6889442366864684,9.67533866293951,9.507049110930666,13.38114354197204,13.745447231340975,13.564518459577533,-2.4304140311026696,15.620474298822598,-10.55359532113133,23.743655588851258,34.425577582824125,52.96790412162532,26.081241433788996,61.312240270660446,0.2612600057363551,-0.39650000559701704,-0.14749308693828986,0.07079565548750971,0.6577600113333721,-0.21828874242579957,-0.13523999986066193,-0.07669743145078015,A0-DYNAMIC-OPPONENT-ADJUSTED-JOINT-SCORE-V1,2024,2023,2023-REG-END,100.0,8,phase3-feature-provenance-v1,5f148219527b07d85261d3f196ace97a5eb5646271d43596032a692389abc579,2c5cc1af74fc5f3955e44361b82b791710e4b63bbc69b0c15570617e2d86e543,NONE,A0_training_only_home_away_cov_v1,93.61217824257209,90.38398279764756,2.4705792746798014
2024_12_PHI_LA,2024,12,2024-11-24,LA,PHI,20.0,37.0,24.353907429774104,23.511886346397493,-3.0,-17.0,57.0,0.8420210833766113,47.8657937761716,0.5250872620998465,9.67533866293951,9.507049110930666,13.38114354197204,13.745447231340975,13.564518459577533,-8.183423081586023,9.867465248339245,-16.306604371614682,17.990646538367905,38.594630506771004,57.136957045572196,30.250294357735875,65.48129319460733,0.26222868008914213,0.157671557031493,-0.0005809981633939581,-0.38537465382110647,0.10455712305764914,0.3847936556577125,0.4199002371206351,-0.38595565198450044,A0-DYNAMIC-OPPONENT-ADJUSTED-JOINT-SCORE-V1,2024,2023,2023-REG-END,100.0,8,phase3-feature-provenance-v1,5f148219527b07d85261d3f196ace97a5eb5646271d43596032a692389abc579,2c5cc1af74fc5f3955e44361b82b791710e4b63bbc69b0c15570617e2d86e543,NONE,A0_training_only_home_away_cov_v1,93.61217824257209,90.38398279764756,2.4705792746798014
2024_12_PIT_CLE,2024,12,2024-11-21,CLE,PIT,24.0,19.0,20.239862800969227,20.994003141554224,0.0,5.0,43.0,-0.7541403405849962,41.23386594252345,0.477528133227331,9.67533866293951,9.507049110930666,13.38114354197204,13.745447231340975,13.564518459577533,-9.77958450554763,8.271303824377638,-17.90276579557629,16.394485114406297,31.962702673122855,50.50502921192405,23.618366524087726,58.849365360959176,0.2605692250367379,-0.2095504634637504,-0.13162908789978947,0.3552440483067472,0.4701196885004883,-0.4868731362065367,0.051018761572987514,0.22361496040695775,A0-DYNAMIC-OPPONENT-ADJUSTED-JOINT-SCORE-V1,2024,2023,2023-REG-END,100.0,8,phase3-feature-provenance-v1,5f148219527b07d85261d3f196ace97a5eb5646271d43596032a692389abc579,2c5cc1af74fc5f3955e44361b82b791710e4b63bbc69b0c15570617e2d86e543,NONE,A0_training_only_home_away_cov_v1,93.61217824257209,90.38398279764756,2.4705792746798014
2024_12_SF_GB,2024,12,2024-11-24,GB,SF,38.0,10.0,25.769867675168513,25.20662829297409,0.0,28.0,48.0,0.5632393821944213,50.9764959681426,0.5167873297876476,9.67533866293951,9.507049110930666,13.38114354197204,13.745447231340975,13.564518459577533,-8.462204782768213,9.588683547157055,-16.585386072796872,17.711864837185715,41.705332698742005,60.247659237543196,33.360996549706876,68.59199538657833,0.008163900673337315,0.2809148192024562,0.10798622544464952,0.3503148630394126,-0.27275091852911887,-0.24232863759476309,0.28907871987579353,0.45830108848406215,A0-DYNAMIC-OPPONENT-ADJUSTED-JOINT-SCORE-V1,2024,2023,2023-REG-END,100.0,8,phase3-feature-provenance-v1,5f148219527b07d85261d3f196ace97a5eb5646271d43596032a692389abc579,2c5cc1af74fc5f3955e44361b82b791710e4b63bbc69b0c15570617e2d86e543,NONE,A0_training_only_home_away_cov_v1,93.61217824257209,90.38398279764756,2.4705792746798014
2024_12_TB_NYG,2024,12,2024-11-24,NYG,TB,7.0,30.0,21.786684749204692,22.841554532848164,0.0,-23.0,37.0,-1.054869783643472,44.62823928205286,0.4685829032669083,9.67533866293951,9.507049110930666,13.38114354197204,13.745447231340975,13.564518459577533,-10.080313948606106,7.970574381319162,-18.203495238634765,16.09375567134782,35.357076012652264,53.899402551453456,27.012739863617135,62.243738700488585,-0.14558692361217002,-0.15584871316692378,-0.03853566968507489,0.28612924895577535,0.010261789554753764,-0.32466491864085023,-0.3014356367790938,0.24759357927070047,A0-DYNAMIC-OPPONENT-ADJUSTED-JOINT-SCORE-V1,2024,2023,2023-REG-END,100.0,8,phase3-feature-provenance-v1,5f148219527b07d85261d3f196ace97a5eb5646271d43596032a692389abc579,2c5cc1af74fc5f3955e44361b82b791710e4b63bbc69b0c15570617e2d86e543,NONE,A0_training_only_home_away_cov_v1,93.61217824257209,90.38398279764756,2.4705792746798014
2024_12_TEN_HOU,2024,12,2024-11-24,HOU,TEN,27.0,32.0,23.47262437476618,18.457335269458873,-1.0,-5.0,59.0,5.015289105307307,41.92995964422505,0.6460964074177488,9.67533866293951,9.507049110930666,13.38114354197204,13.745447231340975,13.564518459577533,-4.010155059655327,14.040733270269941,-12.133336349683987,22.1639145602986,32.658796374824455,51.201122913625646,24.314460225789325,59.545459062660775,0.0709041305200485,-0.3499063527568954,-0.07997543490760324,-0.09485944272436232,0.4208104832769439,0.014884007816759082,-0.2790022222368469,-0.17483487763196556,A0-DYNAMIC-OPPONENT-ADJUSTED-JOINT-SCORE-V1,2024,2023,2023-REG-END,100.0,8,phase3-feature-provenance-v1,5f148219527b07d85261d3f196ace97a5eb5646271d43596032a692389abc579,2c5cc1af74fc5f3955e44361b82b791710e4b63bbc69b0c15570617e2d86e543,NONE,A0_training_only_home_away_cov_v1,93.61217824257209,90.38398279764756,2.4705792746798014
2024_13_ARI_MIN,2024,13,2024-12-01,MIN,ARI,23.0,22.0,25.015724500351794,21.908086116026034,0.0,1.0,45.0,3.1076383843257602,46.92381061637783,0.5918242409627416,9.67533866293951,9.507049110930666,13.38114354197204,13.745447231340975,13.564518459577533,-5.917805780636874,12.133082549288394,-14.040987070665533,20.256263839317054,37.65264734697723,56.194973885778424,29.308311197942103,64.53931003481355,-0.13231031689564265,0.06973520353013506,-0.04705525545768399,-0.4319738256074883,-0.20204552042577772,0.38491857014980435,-0.0625751133655076,-0.4790290810651723,A0-DYNAMIC-OPPONENT-ADJUSTED-JOINT-SCORE-V1,2024,2023,2023-REG-END,100.0,8,phase3-feature-provenance-v1,5f148219527b07d85261d3f196ace97a5eb5646271d43596032a692389abc579,2c5cc1af74fc5f3955e44361b82b791710e4b63bbc69b0c15570617e2d86e543,NONE,A0_training_only_home_away_cov_v1,93.61217824257209,90.38398279764756,2.4705792746798014
2024_13_CHI_DET,2024,13,2024-11-28,DET,CHI,23.0,20.0,28.197385071824797,19.34659286083977,0.0,3.0,43.0,8.850792210985027,47.54397793266457,0.7458341579706742,9.67533866293951,9.507049110930666,13.38114354197204,13.745447231340975,13.564518459577533,-0.17465195397760702,17.876236375947663,-8.297833244006267,25.99941766597632,38.27281466326397,56.81514120206516,29.928478514228843,65.15947735110029,0.3963384817413217,0.10868665052582716,-0.18534167200516255,0.042024531911728676,0.28765183121549454,-0.22736620391689122,0.5050251322671488,-0.14331714009343388,A0-DYNAMIC-OPPONENT-ADJUSTED-JOINT-SCORE-V1,2024,2023,2023-REG-END,100.0,8,phase3-feature-provenance-v1,5f148219527b07d85261d3f196ace97a5eb5646271d43596032a692389abc579,2c5cc1af74fc5f3955e44361b82b791710e4b63bbc69b0c15570617e2d86e543,NONE,A0_training_only_home_away_cov_v1,93.61217824257209,90.38398279764756,2.4705792746798014
2024_13_CLE_DEN,2024,13,2024-12-02,DEN,CLE,41.0,32.0,23.107100431096868,18.949956497874552,-3.0,9.0,73.0,4.157143933222315,42.05705692897142,0.6219749307879363,9.67533866293951,9.507049110930666,13.38114354197204,13.745447231340975,13.564518459577533,-4.868300231740319,13.182588098184949,-12.991481521768979,21.30576938821361,32.785893659570824,51.328220198372016,24.441557510535695,59.672556347407145,-0.06599795836066968,0.2605692250367379,-0.018906839021099565,-0.13162908789978947,-0.3265671833974076,0.11272224887868991,0.19457126667606822,-0.15053592692088905,A0-DYNAMIC-OPPONENT-ADJUSTED-JOINT-SCORE-V1,2024,2023,2023-REG-END,100.0,8,phase3-feature-provenance-v1,5f148219527b07d85261d3f196ace97a5eb5646271d43596032a692389abc579,2c5cc1af74fc5f3955e44361b82b791710e4b63bbc69b0c15570617e2d86e543,NONE,A0_training_only_home_away_cov_v1,93.61217824257209,90.38398279764756,2.4705792746798014
2024_13_HOU_JAX,2024,13,2024-12-01,JAX,HOU,20.0,23.0,23.913163699082848,20.684282417078897,7.0,-3.0,43.0,3.2288812820039503,44.59744611616175,0.595339023096578,9.67533866293951,9.507049110930666,13.38114354197204,13.745447231340975,13.564518459577533,-5.796562882958684,12.254325446966584,-13.919744172987343,20.377506736995244,35.32628284676115,53.868609385562344,26.981946697726023,62.21294553459747,-0.014724265589836997,0.0709041305200485,-0.0044832992961302545,-0.07997543490760324,-0.0856283961098855,0.07549213561147299,0.0561798649302115,-0.0844587342037335,A0-DYNAMIC-OPPONENT-ADJUSTED-JOINT-SCORE-V1,2024,2023,2023-REG-END,100.0,8,phase3-feature-provenance-v1,5f148219527b07d85261d3f196ace97a5eb5646271d43596032a692389abc579,2c5cc1af74fc5f3955e44361b82b791710e4b63bbc69b0c15570617e2d86e543,NONE,A0_training_only_home_away_cov_v1,93.61217824257209,90.38398279764756,2.4705792746798014
2024_13_IND_NE,2024,13,2024-12-01,NE,IND,24.0,25.0,20.87500121883352,19.877051664389192,0.0,-1.0,49.0,0.9979495544443289,40.75205288322272,0.5297250766691726,9.67533866293951,9.507049110930666,13.38114354197204,13.745447231340975,13.564518459577533,-8.027494610518305,10.023393719406963,-16.150675900546965,18.146575009435622,31.48088961382212,50.02321615262331,23.136553464786992,58.36755230165844,-0.39650000559701704,0.12832542697081295,0.07079565548750971,-0.40507980945059063,-0.52482543256783,0.47587546493810035,-0.2681745786262041,-0.3342841539630809,A0-DYNAMIC-OPPONENT-ADJUSTED-JOINT-SCORE-V1,2024,2023,2023-REG-END,100.0,8,phase3-feature-provenance-v1,5f148219527b07d85261d3f196ace97a5eb5646271d43596032a692389abc579,2c5cc1af74fc5f3955e44361b82b791710e4b63bbc69b0c15570617e2d86e543,NONE,A0_training_only_home_away_cov_v1,93.61217824257209,90.38398279764756,2.4705792746798014
2024_13_LAC_ATL,2024,13,2024-12-01,ATL,LAC,13.0,17.0,24.721175796654045,20.69429410183108,8.0,-4.0,30.0,4.026881694822965,45.41546989848513,0.6182687465652656,9.67533866293951,9.507049110930666,13.38114354197204,13.745447231340975,13.564518459577533,-4.998562470139669,13.052325859785599,-13.121743760168329,21.17550714981426,36.14430662908453,54.686633167885724,27.799970480049403,63.03096931692085,-0.15847393708001203,-0.27545974751087765,-0.26603137375582475,-0.11146114980200314,0.11698581043086562,-0.1545702239538216,-0.43393368459088966,-0.3774925235578279,A0-DYNAMIC-OPPONENT-ADJUSTED-JOINT-SCORE-V1,2024,2023,2023-REG-END,100.0,8,phase3-feature-provenance-v1,5f148219527b07d85261d3f196ace97a5eb5646271d43596032a692389abc579,2c5cc1af74fc5f3955e44361b82b791710e4b63bbc69b0c15570617e2d86e543,NONE,A0_training_only_home_away_cov_v1,93.61217824257209,90.38398279764756,2.4705792746798014
2024_13_LA_NO,2024,13,2024-12-01,NO,LA,14.0,21.0,25.052180437541267,20.997768610018767,7.0,-7.0,35.0,4.0544118275225,46.049949047560034,0.6190529430102775,9.67533866293951,9.507049110930666,13.38114354197204,13.745447231340975,13.564518459577533,-4.971032337440134,13.079855992485134,-13.094213627468793,21.203037282513794,36.77878577815944,55.32111231696063,28.43444962912431,63.66544846599576,0.2910769594591218,0.26222868008914213,0.15138998651170946,-0.0005809981633939581,0.02884827936997969,0.15197098467510342,0.553305639548264,0.1508089883483155,A0-DYNAMIC-OPPONENT-ADJUSTED-JOINT-SCORE-V1,2024,2023,2023-REG-END,100.0,8,phase3-feature-provenance-v1,5f148219527b07d85261d3f196ace97a5eb5646271d43596032a692389abc579,2c5cc1af74fc5f3955e44361b82b791710e4b63bbc69b0c15570617e2d86e543,NONE,A0_training_only_home_away_cov_v1,93.61217824257209,90.38398279764756,2.4705792746798014
2024_13_LV_KC,2024,13,2024-11-29,KC,LV,19.0,17.0,25.795741464328444,19.172175494611327,0.0,2.0,36.0,6.6235659697171165,44.96791695893977,0.6896972999281655,9.67533866293951,9.507049110930666,13.38114354197204,13.745447231340975,13.564518459577533,-2.4018781952455175,15.64901013467975,-10.525059485274177,23.77219142470841,35.69675368953917,54.23908022834036,27.352417540504042,62.58341637737549,-0.2609293491352022,0.03679797435932042,0.43571688582374263,0.20202457988705333,-0.29772732349452263,0.2336923059366893,-0.2241313747758818,0.6377414657107959,A0-DYNAMIC-OPPONENT-ADJUSTED-JOINT-SCORE-V1,2024,2023,2023-REG-END,100.0,8,phase3-feature-provenance-v1,5f148219527b07d85261d3f196ace97a5eb5646271d43596032a692389abc579,2c5cc1af74fc5f3955e44361b82b791710e4b63bbc69b0c15570617e2d86e543,NONE,A0_training_only_home_away_cov_v1,93.61217824257209,90.38398279764756,2.4705792746798014
2024_13_MIA_GB,2024,13,2024-11-28,GB,MIA,30.0,17.0,26.804183706842405,22.70072181625183,0.0,13.0,47.0,4.103461890590577,49.50490552309424,0.6204489221963105,9.67533866293951,9.507049110930666,13.38114354197204,13.745447231340975,13.564518459577533,-4.921982274372057,13.12890605555321,-13.045163564400717,21.25208734558187,40.23374225369364,58.77606879249483,31.889406104658512,67.12040494152996,0.008163900673337315,0.2612600057363551,0.10798622544464952,-0.14749308693828986,-0.2530961050630178,0.25547931238293936,0.26942390640969244,-0.03950686149364034,A0-DYNAMIC-OPPONENT-ADJUSTED-JOINT-SCORE-V1,2024,2023,2023-REG-END,100.0,8,phase3-feature-provenance-v1,5f148219527b07d85261d3f196ace97a5eb5646271d43596032a692389abc579,2c5cc1af74fc5f3955e44361b82b791710e4b63bbc69b0c15570617e2d86e543,NONE,A0_training_only_home_away_cov_v1,93.61217824257209,90.38398279764756,2.4705792746798014
2024_13_NYG_DAL,2024,13,2024-11-28,DAL,NYG,27.0,20.0,24.426621960921505,19.16268751653035,0.0,7.0,47.0,5.263934444391154,43.589309477451856,0.6529822415237705,9.67533866293951,9.507049110930666,13.38114354197204,13.745447231340975,13.564518459577533,-3.76150972057148,14.289378609353788,-11.88469101060014,22.412559899382448,34.31814620805126,52.86047274685245,25.97381005901613,61.20480889588758,0.5624335634974518,-0.14558692361217002,0.18515577646961867,-0.03853566968507489,0.7080204871096218,0.22369144615469355,0.41684663988528176,0.1466201067845438,A0-DYNAMIC-OPPONENT-ADJUSTED-JOINT-SCORE-V1,2024,2023,2023-REG-END,100.0,8,phase3-feature-provenance-v1,5f148219527b07d85261d3f196ace97a5eb5646271d43596032a692389abc579,2c5cc1af74fc5f3955e44361b82b791710e4b63bbc69b0c15570617e2d86e543,NONE,A0_training_only_home_away_cov_v1,93.61217824257209,90.38398279764756,2.4705792746798014
2024_13_PHI_BAL,2024,13,2024-12-01,BAL,PHI,19.0,24.0,28.71544127558269,23.08953959538295,-1.0,-5.0,43.0,5.625901680199743,51.804980870965636,0.6629161641378878,9.67533866293951,9.507049110930666,13.38114354197204,13.745447231340975,13.564518459577533,-3.3995424847628914,14.651345845162377,-11.522723774791551,22.774527135191036,42.53381760156504,61.07614414036623,34.18948145252991,69.42048028940135,0.4222480417437421,0.157671557031493,0.4744532204073231,-0.38537465382110647,0.2645764847122491,0.8598278742284295,0.579919598775235,0.0890785665862166,A0-DYNAMIC-OPPONENT-ADJUSTED-JOINT-SCORE-V1,2024,2023,2023-REG-END,100.0,8,phase3-feature-provenance-v1,5f148219527b07d85261d3f196ace97a5eb5646271d43596032a692389abc579,2c5cc1af74fc5f3955e44361b82b791710e4b63bbc69b0c15570617e2d86e543,NONE,A0_training_only_home_away_cov_v1,93.61217824257209,90.38398279764756,2.4705792746798014
2024_13_PIT_CIN,2024,13,2024-12-01,CIN,PIT,38.0,44.0,25.30300042186106,21.224643238532096,4.0,-6.0,82.0,4.078357183328965,46.52764366039315,0.6197346297241948,9.67533866293951,9.507049110930666,13.38114354197204,13.745447231340975,13.564518459577533,-4.947086981633669,13.103801348291599,-13.070268271662329,21.22698263832026,37.25648039099256,55.79880692979375,28.912144241957428,64.14314307882887,0.07782167375444826,-0.2095504634637504,0.014076356221715044,0.3552440483067472,0.28737213721819865,-0.34116769208503217,-0.13172878970930213,0.36932040452846226,A0-DYNAMIC-OPPONENT-ADJUSTED-JOINT-SCORE-V1,2024,2023,2023-REG-END,100.0,8,phase3-feature-provenance-v1,5f148219527b07d85261d3f196ace97a5eb5646271d43596032a692389abc579,2c5cc1af74fc5f3955e44361b82b791710e4b63bbc69b0c15570617e2d86e543,NONE,A0_training_only_home_away_cov_v1,93.61217824257209,90.38398279764756,2.4705792746798014
2024_13_SEA_NYJ,2024,13,2024-12-01,NYJ,SEA,21.0,26.0,22.97886106343723,20.440639579602095,7.0,-5.0,47.0,2.538221483835134,43.41950064303933,0.5752225764620761,9.67533866293951,9.507049110930666,13.38114354197204,13.745447231340975,13.564518459577533,-6.4872226811275,11.563665648797768,-14.61040397115616,19.686846938826427,34.14833737363873,52.69066391243992,25.804001224603603,61.03500006147505,-0.24074302400520736,-0.10459416804187747,0.18033275107567104,-0.09507239005918494,-0.13614885596332987,0.275405141134856,-0.34533719204708485,0.0852603610164861,A0-DYNAMIC-OPPONENT-ADJUSTED-JOINT-SCORE-V1,2024,2023,2023-REG-END,100.0,8,phase3-feature-provenance-v1,5f148219527b07d85261d3f196ace97a5eb5646271d43596032a692389abc579,2c5cc1af74fc5f3955e44361b82b791710e4b63bbc69b0c15570617e2d86e543,NONE,A0_training_only_home_away_cov_v1,93.61217824257209,90.38398279764756,2.4705792746798014
2024_13_SF_BUF,2024,13,2024-12-01,BUF,SF,35.0,10.0,27.53246083761422,22.834984288911926,7.0,25.0,45.0,4.697476548702294,50.36744512652615,0.637225312949854,9.67533866293951,9.507049110930666,13.38114354197204,13.745447231340975,13.564518459577533,-4.32796761626034,13.722920713664928,-12.451148906289,21.846102003693588,41.096281857125554,59.638608395926745,32.751945708090425,67.98294454496187,0.16996725234018972,0.2809148192024562,0.28753706290264197,0.3503148630394126,-0.11094756686226648,-0.06277780013677065,0.4508820715426459,0.6378519259420545,A0-DYNAMIC-OPPONENT-ADJUSTED-JOINT-SCORE-V1,2024,2023,2023-REG-END,100.0,8,phase3-feature-provenance-v1,5f148219527b07d85261d3f196ace97a5eb5646271d43596032a692389abc579,2c5cc1af74fc5f3955e44361b82b791710e4b63bbc69b0c15570617e2d86e543,NONE,A0_training_only_home_away_cov_v1,93.61217824257209,90.38398279764756,2.4705792746798014
2024_13_TB_CAR,2024,13,2024-12-01,CAR,TB,23.0,26.0,19.979858307532048,24.01021691339358,0.0,-3.0,49.0,-4.030358605861533,43.99007522092563,0.3816321866875684,9.67533866293951,9.507049110930666,13.38114354197204,13.745447231340975,13.564518459577533,-13.055802770824167,4.995085559101101,-21.178984060852827,13.11826684912976,34.71891195152504,53.26123849032623,26.374575802489908,61.60557463936136,-0.595566742528629,-0.15584871316692378,-0.04915027807573818,0.28612924895577535,-0.4397180293617052,-0.33527952703151354,-0.7514154556955528,0.23697897088003717,A0-DYNAMIC-OPPONENT-ADJUSTED-JOINT-SCORE-V1,2024,2023,2023-REG-END,100.0,8,phase3-feature-provenance-v1,5f148219527b07d85261d3f196ace97a5eb5646271d43596032a692389abc579,2c5cc1af74fc5f3955e44361b82b791710e4b63bbc69b0c15570617e2d86e543,NONE,A0_training_only_home_away_cov_v1,93.61217824257209,90.38398279764756,2.4705792746798014
2024_13_TEN_WAS,2024,13,2024-12-01,WAS,TEN,42.0,19.0,25.007927102022386,19.94224631131464,0.0,23.0,61.0,5.065680790707745,44.950173413337026,0.647495878807361,9.67533866293951,9.507049110930666,13.38114354197204,13.745447231340975,13.564518459577533,-3.959763374254889,14.091124955670379,-12.082944664283549,22.21430624569904,35.67901014393643,54.22133668273762,27.3346739949013,62.56567283177275,-0.17882526063109355,-0.3499063527568954,-0.6713545819334829,-0.09485944272436232,0.17108109212580186,-0.5764951392091205,-0.5287316133879889,-0.7662140246578452,A0-DYNAMIC-OPPONENT-ADJUSTED-JOINT-SCORE-V1,2024,2023,2023-REG-END,100.0,8,phase3-feature-provenance-v1,5f148219527b07d85261d3f196ace97a5eb5646271d43596032a692389abc579,2c5cc1af74fc5f3955e44361b82b791710e4b63bbc69b0c15570617e2d86e543,NONE,A0_training_only_home_away_cov_v1,93.61217824257209,90.38398279764756,2.4705792746798014
2024_14_ATL_MIN,2024,14,2024-12-08,MIN,ATL,42.0,21.0,24.891373548198946,20.853793710183105,0.0,21.0,63.0,4.037579838015841,45.745167258382054,0.6185735412753267,9.67533866293951,9.507049110930666,13.38114354197204,13.745447231340975,13.564518459577533,-4.987864326946793,13.063024002978475,-13.111045616975453,21.186205293007134,36.47400398898146,55.01633052778265,28.12966783994633,63.36066667681778,-0.13231031689564265,-0.15847393708001203,-0.04705525545768399,-0.26603137375582475,0.02616362018436938,0.21897611829814076,-0.29078425397565466,-0.3130866292135087,A0-DYNAMIC-OPPONENT-ADJUSTED-JOINT-SCORE-V1,2024,2023,2023-REG-END,100.0,8,phase3-feature-provenance-v1,5f148219527b07d85261d3f196ace97a5eb5646271d43596032a692389abc579,2c5cc1af74fc5f3955e44361b82b791710e4b63bbc69b0c15570617e2d86e543,NONE,A0_training_only_home_away_cov_v1,93.61217824257209,90.38398279764756,2.4705792746798014
2024_14_BUF_LA,2024,14,2024-12-08,LA,BUF,44.0,42.0,24.31218265214154,25.252638245706102,0.0,2.0,86.0,-0.9404555935645611,49.56482089784764,0.47198454313893967,9.67533866293951,9.507049110930666,13.38114354197204,13.745447231340975,13.564518459577533,-9.965899758527195,8.084988571398073,-18.089081048555855,16.208169861426732,40.29365762844704,58.835984167248235,31.949321479411914,67.18032031628337,0.26222868008914213,0.16996725234018972,-0.0005809981633939581,0.28753706290264197,0.09226142774895241,-0.28811806106603594,0.43219593242933185,0.286956064739248,A0-DYNAMIC-OPPONENT-ADJUSTED-JOINT-SCORE-V1,2024,2023,2023-REG-END,100.0,8,phase3-feature-provenance-v1,5f148219527b07d85261d3f196ace97a5eb5646271d43596032a692389abc579,2c5cc1af74fc5f3955e44361b82b791710e4b63bbc69b0c15570617e2d86e543,NONE,A0_training_only_home_away_cov_v1,93.61217824257209,90.38398279764756,2.4705792746798014
2024_14_CAR_PHI,2024,14,2024-12-08,PHI,CAR,22.0,16.0,26.34283905414123,18.02629659476381,0.0,6.0,38.0,8.31654245937742,44.36913564890504,0.7328686281307114,9.67533866293951,9.507049110930666,13.38114354197204,13.745447231340975,13.564518459577533,-0.7089017055852143,17.341986624340052,-8.832082995613874,25.465167914368713,35.09797237950445,53.64029891830564,26.75363623046932,61.98463506734077,0.157671557031493,-0.595566742528629,-0.38537465382110647,-0.04915027807573818,0.7532382995601219,-0.3362243757453683,-0.43789518549713596,-0.43452493189684466,A0-DYNAMIC-OPPONENT-ADJUSTED-JOINT-SCORE-V1,2024,2023,2023-REG-END,100.0,8,phase3-feature-provenance-v1,5f148219527b07d85261d3f196ace97a5eb5646271d43596032a692389abc579,2c5cc1af74fc5f3955e44361b82b791710e4b63bbc69b0c15570617e2d86e543,NONE,A0_training_only_home_away_cov_v1,93.61217824257209,90.38398279764756,2.4705792746798014
2024_14_CHI_SF,2024,14,2024-12-08,SF,CHI,38.0,13.0,25.392853495238757,20.14688520332022,-3.0,25.0,51.0,5.245968291918537,45.53973869855898,0.6524863546045939,9.67533866293951,9.507049110930666,13.38114354197204,13.745447231340975,13.564518459577533,-3.779475873044097,14.27141245688117,-11.902657163072757,22.39459374690983,36.26857542915838,54.81090196795957,27.924239280123253,63.1552381169947,0.2809148192024562,0.10868665052582716,0.3503148630394126,0.042024531911728676,0.17222816867662905,0.30829033112768395,0.38960146972828336,0.3923393949511413,A0-DYNAMIC-OPPONENT-ADJUSTED-JOINT-SCORE-V1,2024,2023,2023-REG-END,100.0,8,phase3-feature-provenance-v1,5f148219527b07d85261d3f196ace97a5eb5646271d43596032a692389abc579,2c5cc1af74fc5f3955e44361b82b791710e4b63bbc69b0c15570617e2d86e543,NONE,A0_training_only_home_away_cov_v1,93.61217824257209,90.38398279764756,2.4705792746798014
2024_14_CIN_DAL,2024,14,2024-12-09,DAL,CIN,20.0,27.0,25.116428650204483,22.915338756513815,3.0,-7.0,47.0,2.2010898936906678,48.0317674067183,0.5653280435690657,9.67533866293951,9.507049110930666,13.38114354197204,13.745447231340975,13.564518459577533,-6.824354271271966,11.226534058653302,-14.947535561300626,19.34971534868196,38.760604137317706,57.3029306761189,30.416267988282577,65.64726682515402,0.5624335634974518,0.07782167375444826,0.18515577646961867,0.014076356221715044,0.4846118897430035,0.17107942024790362,0.6402552372519,0.19923213269133372,A0-DYNAMIC-OPPONENT-ADJUSTED-JOINT-SCORE-V1,2024,2023,2023-REG-END,100.0,8,phase3-feature-provenance-v1,5f148219527b07d85261d3f196ace97a5eb5646271d43596032a692389abc579,2c5cc1af74fc5f3955e44361b82b791710e4b63bbc69b0c15570617e2d86e543,NONE,A0_training_only_home_away_cov_v1,93.61217824257209,90.38398279764756,2.4705792746798014
2024_14_CLE_PIT,2024,14,2024-12-08,PIT,CLE,27.0,14.0,24.332412106168206,18.12949136030935,1.0,13.0,41.0,6.202920745858858,42.46190346647755,0.6785173621702455,9.67533866293951,9.507049110930666,13.38114354197204,13.745447231340975,13.564518459577533,-2.822523419103776,15.228364910821492,-10.945704709132436,23.35154620085015,33.190740197076956,51.73306673587815,24.846404048041826,60.077402884913276,-0.2095504634637504,0.2605692250367379,0.3552440483067472,-0.13162908789978947,-0.4701196885004883,0.4868731362065367,0.051018761572987514,0.22361496040695775,A0-DYNAMIC-OPPONENT-ADJUSTED-JOINT-SCORE-V1,2024,2023,2023-REG-END,100.0,8,phase3-feature-provenance-v1,5f148219527b07d85261d3f196ace97a5eb5646271d43596032a692389abc579,2c5cc1af74fc5f3955e44361b82b791710e4b63bbc69b0c15570617e2d86e543,NONE,A0_training_only_home_away_cov_v1,93.61217824257209,90.38398279764756,2.4705792746798014
2024_14_GB_DET,2024,14,2024-12-05,DET,GB,34.0,31.0,27.86869167869679,24.230815828737367,0.0,3.0,65.0,3.637875849959425,52.099507507434154,0.6071374116034803,9.67533866293951,9.507049110930666,13.38114354197204,13.745447231340975,13.564518459577533,-5.387568315003209,12.663320014922059,-13.510749605031869,20.78650130495072,42.82834423803356,61.37067077683475,34.48400808899843,69.71500692586989,0.3963384817413217,0.008163900673337315,-0.18534167200516255,0.10798622544464952,0.38817458106798436,-0.2933278974498121,0.404502382414659,-0.07735544656051303,A0-DYNAMIC-OPPONENT-ADJUSTED-JOINT-SCORE-V1,2024,2023,2023-REG-END,100.0,8,phase3-feature-provenance-v1,5f148219527b07d85261d3f196ace97a5eb5646271d43596032a692389abc579,2c5cc1af74fc5f3955e44361b82b791710e4b63bbc69b0c15570617e2d86e543,NONE,A0_training_only_home_away_cov_v1,93.61217824257209,90.38398279764756,2.4705792746798014
2024_14_JAX_TEN,2024,14,2024-12-08,TEN,JAX,6.0,10.0,22.16386468756663,21.524750139132042,0.0,-4.0,16.0,0.6391145484345877,43.68861482669867,0.5190471693646136,9.67533866293951,9.507049110930666,13.38114354197204,13.745447231340975,13.564518459577533,-8.386329616528046,9.664558713397222,-16.509510906556706,17.78774000342588,34.41745155729807,52.959778096099264,26.073115408262943,61.30411424513439,-0.3499063527568954,-0.014724265589836997,-0.09485944272436232,-0.0044832992961302545,-0.33518208716705844,-0.09037614342823207,-0.3646306183467324,-0.09934274202049258,A0-DYNAMIC-OPPONENT-ADJUSTED-JOINT-SCORE-V1,2024,2023,2023-REG-END,100.0,8,phase3-feature-provenance-v1,5f148219527b07d85261d3f196ace97a5eb5646271d43596032a692389abc579,2c5cc1af74fc5f3955e44361b82b791710e4b63bbc69b0c15570617e2d86e543,NONE,A0_training_only_home_away_cov_v1,93.61217824257209,90.38398279764756,2.4705792746798014
2024_14_LAC_KC,2024,14,2024-12-08,KC,LAC,19.0,17.0,25.35970509671031,19.80725287846632,2.0,2.0,36.0,5.552452218243992,45.16695797517663,0.6609092891087753,9.67533866293951,9.507049110930666,13.38114354197204,13.745447231340975,13.564518459577533,-3.4729919467186416,14.577896383206626,-11.596173236747301,22.701077673235286,35.895794705776034,54.438121244577225,27.551458556740904,62.782457393612354,-0.2609293491352022,-0.27545974751087765,0.43571688582374263,-0.11146114980200314,0.014530398375675435,0.5471780356257457,-0.5363890966460798,0.3242557360217395,A0-DYNAMIC-OPPONENT-ADJUSTED-JOINT-SCORE-V1,2024,2023,2023-REG-END,100.0,8,phase3-feature-provenance-v1,5f148219527b07d85261d3f196ace97a5eb5646271d43596032a692389abc579,2c5cc1af74fc5f3955e44361b82b791710e4b63bbc69b0c15570617e2d86e543,NONE,A0_training_only_home_away_cov_v1,93.61217824257209,90.38398279764756,2.4705792746798014
2024_14_LV_TB,2024,14,2024-12-08,TB,LV,28.0,13.0,25.1655840388922,20.158299815868027,-2.0,15.0,41.0,5.007284223024172,45.323883854760226,0.6458739144764689,9.67533866293951,9.507049110930666,13.38114354197204,13.745447231340975,13.564518459577533,-4.018159941938462,14.032728387986806,-12.141341231967122,22.155909678015465,36.05272058535963,54.59504712416082,27.7083844363245,62.93938327319595,-0.15584871316692378,0.03679797435932042,0.28612924895577535,0.20202457988705333,-0.1926466875262442,0.08410466906872202,-0.11905073880760336,0.48815382884282865,A0-DYNAMIC-OPPONENT-ADJUSTED-JOINT-SCORE-V1,2024,2023,2023-REG-END,100.0,8,phase3-feature-provenance-v1,5f148219527b07d85261d3f196ace97a5eb5646271d43596032a692389abc579,2c5cc1af74fc5f3955e44361b82b791710e4b63bbc69b0c15570617e2d86e543,NONE,A0_training_only_home_away_cov_v1,93.61217824257209,90.38398279764756,2.4705792746798014
2024_14_NO_NYG,2024,14,2024-12-08,NYG,NO,11.0,14.0,21.15566829433714,21.166661166031467,3.0,-3.0,25.0,-0.010992871694327278,42.32232946036861,0.49967226113412166,9.67533866293951,9.507049110930666,13.38114354197204,13.745447231340975,13.564518459577533,-9.036437036656961,9.014451293268307,-17.15961832668562,17.137632583296966,33.05116619096801,51.5934927297692,24.706830041932882,59.93782887880433,-0.14558692361217002,0.2910769594591218,-0.03853566968507489,0.15138998651170946,-0.43666388307129184,-0.18992565619678434,0.1454900358469518,0.11285431682663458,A0-DYNAMIC-OPPONENT-ADJUSTED-JOINT-SCORE-V1,2024,2023,2023-REG-END,100.0,8,phase3-feature-provenance-v1,5f148219527b07d85261d3f196ace97a5eb5646271d43596032a692389abc579,2c5cc1af74fc5f3955e44361b82b791710e4b63bbc69b0c15570617e2d86e543,NONE,A0_training_only_home_away_cov_v1,93.61217824257209,90.38398279764756,2.4705792746798014
2024_14_NYJ_MIA,2024,14,2024-12-08,MIA,NYJ,32.0,26.0,25.66941624449829,18.97124248942227,3.0,6.0,58.0,6.69817375507602,44.64065873392056,0.6916624452868545,9.67533866293951,9.507049110930666,13.38114354197204,13.745447231340975,13.564518459577533,-2.327270409886614,15.723617920038654,-10.450451699915273,23.846799210067314,35.369495464519964,53.911822003321156,27.025159315484835,62.256158152356285,0.2612600057363551,-0.24074302400520736,-0.14749308693828986,0.18033275107567104,0.5020030297415625,-0.3278258380139609,0.020516981731147743,0.03283966413738118,A0-DYNAMIC-OPPONENT-ADJUSTED-JOINT-SCORE-V1,2024,2023,2023-REG-END,100.0,8,phase3-feature-provenance-v1,5f148219527b07d85261d3f196ace97a5eb5646271d43596032a692389abc579,2c5cc1af74fc5f3955e44361b82b791710e4b63bbc69b0c15570617e2d86e543,NONE,A0_training_only_home_away_cov_v1,93.61217824257209,90.38398279764756,2.4705792746798014
2024_14_SEA_ARI,2024,14,2024-12-08,ARI,SEA,18.0,30.0,24.95599982222926,22.46582741384222,0.0,-12.0,48.0,2.490172408387039,47.42182723607148,0.5738151176693166,9.67533866293951,9.507049110930666,13.38114354197204,13.745447231340975,13.564518459577533,-6.535271756575595,11.515616573349673,-14.658453046604254,19.638797863378333,38.150663966670884,56.692990505472075,29.806327817635754,65.03732665450721,0.06973520353013506,-0.10459416804187747,-0.4319738256074883,-0.09507239005918494,0.17432937157201253,-0.3369014355483034,-0.03485896451174242,-0.5270462156666733,A0-DYNAMIC-OPPONENT-ADJUSTED-JOINT-SCORE-V1,2024,2023,2023-REG-END,100.0,8,phase3-feature-provenance-v1,5f148219527b07d85261d3f196ace97a5eb5646271d43596032a692389abc579,2c5cc1af74fc5f3955e44361b82b791710e4b63bbc69b0c15570617e2d86e543,NONE,A0_training_only_home_away_cov_v1,93.61217824257209,90.38398279764756,2.4705792746798014
2024_15_ATL_LV,2024,15,2024-12-16,LV,ATL,9.0,15.0,23.1279189850017,21.461377912655287,0.0,-6.0,24.0,1.666541072346412,44.589296897656986,0.5495577156670889,9.67533866293951,9.507049110930666,13.38114354197204,13.745447231340975,13.564518459577533,-7.358903092616222,10.691985237309046,-15.482084382644882,18.815166527337706,35.31813362825639,53.86046016705758,26.97379747922126,62.20479631609271,0.03679797435932042,-0.15847393708001203,0.20202457988705333,-0.26603137375582475,0.19527191143933245,0.4680559536428781,-0.12167596272069162,-0.06400679386877142,A0-DYNAMIC-OPPONENT-ADJUSTED-JOINT-SCORE-V1,2024,2023,2023-REG-END,100.0,8,phase3-feature-provenance-v1,5f148219527b07d85261d3f196ace97a5eb5646271d43596032a692389abc579,2c5cc1af74fc5f3955e44361b82b791710e4b63bbc69b0c15570617e2d86e543,NONE,A0_training_only_home_away_cov_v1,93.61217824257209,90.38398279764756,2.4705792746798014
2024_15_BAL_NYG,2024,15,2024-12-15,NYG,BAL,14.0,35.0,19.472548621775598,27.072927839450166,-7.0,-21.0,49.0,-7.600379217674568,46.54547646122576,0.28502028290006465,9.67533866293951,9.507049110930666,13.38114354197204,13.745447231340975,13.564518459577533,-16.6258233826372,1.4250649472880657,-24.749004672665862,9.548246237316725,37.274313191825165,55.816639730626356,28.929977042790036,64.16097587966149,-0.14558692361217002,0.4222480417437421,-0.03853566968507489,0.4744532204073231,-0.567834965355912,-0.512988890092398,0.27666111813157207,0.4359175507222482,A0-DYNAMIC-OPPONENT-ADJUSTED-JOINT-SCORE-V1,2024,2023,2023-REG-END,100.0,8,phase3-feature-provenance-v1,5f148219527b07d85261d3f196ace97a5eb5646271d43596032a692389abc579,2c5cc1af74fc5f3955e44361b82b791710e4b63bbc69b0c15570617e2d86e543,NONE,A0_training_only_home_away_cov_v1,93.61217824257209,90.38398279764756,2.4705792746798014
2024_15_BUF_DET,2024,15,2024-12-15,DET,BUF,42.0,48.0,28.253915314067505,24.63486013569862,3.0,-6.0,90.0,3.6190551783688854,52.88877544976613,0.6065965511002628,9.67533866293951,9.507049110930666,13.38114354197204,13.745447231340975,13.564518459577533,-5.406388986593749,12.64449934333152,-13.529570276622408,20.76768063336018,43.61761218036553,62.159938719166725,35.273276031330404,70.50427486820186,0.3963384817413217,0.16996725234018972,-0.18534167200516255,0.28753706290264197,0.22637122940113197,-0.4728787349078045,0.5663057340815114,0.10219539089747942,A0-DYNAMIC-OPPONENT-ADJUSTED-JOINT-SCORE-V1,2024,2023,2023-REG-END,100.0,8,phase3-feature-provenance-v1,5f148219527b07d85261d3f196ace97a5eb5646271d43596032a692389abc579,2c5cc1af74fc5f3955e44361b82b791710e4b63bbc69b0c15570617e2d86e543,NONE,A0_training_only_home_away_cov_v1,93.61217824257209,90.38398279764756,2.4705792746798014
2024_15_CHI_MIN,2024,15,2024-12-16,MIN,CHI,30.0,12.0,25.335729098186544,19.731459219666462,0.0,18.0,42.0,5.604269878520082,45.06718831785301,0.6623255922519504,9.67533866293951,9.507049110930666,13.38114354197204,13.745447231340975,13.564518459577533,-3.421174286442552,14.629714043482716,-11.544355576471212,22.752895333511375,35.796025048452414,54.338351587253605,27.451688899417285,62.682687736288734,-0.13231031689564265,0.10868665052582716,-0.04705525545768399,0.042024531911728676,-0.2409969674214698,-0.08907978736941266,-0.0236236663698155,-0.0050307235459553165,A0-DYNAMIC-OPPONENT-ADJUSTED-JOINT-SCORE-V1,2024,2023,2023-REG-END,100.0,8,phase3-feature-provenance-v1,5f148219527b07d85261d3f196ace97a5eb5646271d43596032a692389abc579,2c5cc1af74fc5f3955e44361b82b791710e4b63bbc69b0c15570617e2d86e543,NONE,A0_training_only_home_away_cov_v1,93.61217824257209,90.38398279764756,2.4705792746798014
2024_15_CIN_TEN,2024,15,2024-12-15,TEN,CIN,27.0,37.0,21.725730171021045,24.06544353919603,1.0,-10.0,64.0,-2.3397133681749835,45.79117371021707,0.430598150009533,9.67533866293951,9.507049110930666,13.38114354197204,13.745447231340975,13.564518459577533,-11.365157533137618,6.6857307967876505,-19.488338823166277,14.80891208681631,36.52001044081648,55.06233697961767,28.17567429178135,63.4066731286528,-0.3499063527568954,0.07782167375444826,-0.09485944272436232,0.014076356221715044,-0.4277280265113437,-0.10893579894607737,-0.27208467900244715,-0.08078308650264727,A0-DYNAMIC-OPPONENT-ADJUSTED-JOINT-SCORE-V1,2024,2023,2023-REG-END,100.0,8,phase3-feature-provenance-v1,5f148219527b07d85261d3f196ace97a5eb5646271d43596032a692389abc579,2c5cc1af74fc5f3955e44361b82b791710e4b63bbc69b0c15570617e2d86e543,NONE,A0_training_only_home_away_cov_v1,93.61217824257209,90.38398279764756,2.4705792746798014
2024_15_DAL_CAR,2024,15,2024-12-15,CAR,DAL,14.0,30.0,20.598252515050145,22.135037175116775,1.0,-16.0,44.0,-1.5367846600666297,42.73328969016692,0.454283183588631,9.67533866293951,9.507049110930666,13.38114354197204,13.745447231340975,13.564518459577533,-10.562228825029264,7.488659504896004,-18.685410115057923,15.611840794924664,33.462126420766324,52.004452959567516,25.117790271731195,60.348789108602645,-0.595566742528629,0.5624335634974518,-0.04915027807573818,0.18515577646961867,-1.1580003060260808,-0.23430605454535686,-0.033133179031177185,0.1360054983938805,A0-DYNAMIC-OPPONENT-ADJUSTED-JOINT-SCORE-V1,2024,2023,2023-REG-END,100.0,8,phase3-feature-provenance-v1,5f148219527b07d85261d3f196ace97a5eb5646271d43596032a692389abc579,2c5cc1af74fc5f3955e44361b82b791710e4b63bbc69b0c15570617e2d86e543,NONE,A0_training_only_home_away_cov_v1,93.61217824257209,90.38398279764756,2.4705792746798014
2024_15_GB_SEA,2024,15,2024-12-15,SEA,GB,13.0,30.0,23.69347085377579,25.27735007733659,-3.0,-17.0,43.0,-1.5838792235607997,48.97082093111238,0.45288863127698487,9.67533866293951,9.507049110930666,13.38114354197204,13.745447231340975,13.564518459577533,-10.609323388523434,7.441564941401834,-18.732504678552093,15.564746231430494,39.69965766171178,58.241984200512974,31.355321512676653,66.5863203495481,-0.10459416804187747,0.008163900673337315,-0.09507239005918494,0.10798622544464952,-0.1127580687152148,-0.20305861550383447,-0.09643026736854016,0.012913835385464575,A0-DYNAMIC-OPPONENT-ADJUSTED-JOINT-SCORE-V1,2024,2023,2023-REG-END,100.0,8,phase3-feature-provenance-v1,5f148219527b07d85261d3f196ace97a5eb5646271d43596032a692389abc579,2c5cc1af74fc5f3955e44361b82b791710e4b63bbc69b0c15570617e2d86e543,NONE,A0_training_only_home_away_cov_v1,93.61217824257209,90.38398279764756,2.4705792746798014
2024_15_IND_DEN,2024,15,2024-12-15,DEN,IND,31.0,13.0,24.385219000704996,20.033886328298696,-1.0,18.0,44.0,4.351332672406301,44.41910532900369,0.6274790599552207,9.67533866293951,9.507049110930666,13.38114354197204,13.745447231340975,13.564518459577533,-4.674111492556333,13.376776837368935,-12.797292782584993,21.499958127397594,35.147942059603096,53.69026859840429,26.803605910567967,62.03460474743942,-0.06599795836066968,0.12832542697081295,-0.018906839021099565,-0.40507980945059063,-0.19432338533148263,0.38617297042949106,0.062327468610143266,-0.4239866484716902,A0-DYNAMIC-OPPONENT-ADJUSTED-JOINT-SCORE-V1,2024,2023,2023-REG-END,100.0,8,phase3-feature-provenance-v1,5f148219527b07d85261d3f196ace97a5eb5646271d43596032a692389abc579,2c5cc1af74fc5f3955e44361b82b791710e4b63bbc69b0c15570617e2d86e543,NONE,A0_training_only_home_away_cov_v1,93.61217824257209,90.38398279764756,2.4705792746798014
2024_15_KC_CLE,2024,15,2024-12-15,CLE,KC,7.0,21.0,20.946515794664467,23.106501923468468,0.0,-14.0,28.0,-2.1599861288040003,44.053017718132935,0.43588125071512906,9.67533866293951,9.507049110930666,13.38114354197204,13.745447231340975,13.564518459577533,-11.185430293766634,6.865458036158634,-19.308611583795294,14.988639326187293,34.78185444873234,53.32418098753353,26.43751829969721,61.66851713656866,0.2605692250367379,-0.2609293491352022,-0.13162908789978947,0.43571688582374263,0.5214985741719401,-0.5673459737235321,-0.0003601240984643095,0.30408779792395313,A0-DYNAMIC-OPPONENT-ADJUSTED-JOINT-SCORE-V1,2024,2023,2023-REG-END,100.0,8,phase3-feature-provenance-v1,5f148219527b07d85261d3f196ace97a5eb5646271d43596032a692389abc579,2c5cc1af74fc5f3955e44361b82b791710e4b63bbc69b0c15570617e2d86e543,NONE,A0_training_only_home_away_cov_v1,93.61217824257209,90.38398279764756,2.4705792746798014
2024_15_LA_SF,2024,15,2024-12-12,SF,LA,6.0,12.0,27.092447102231556,23.12843608103962,0.0,-6.0,18.0,3.9640110211919364,50.22088318327118,0.6164760578149031,9.67533866293951,9.507049110930666,13.38114354197204,13.745447231340975,13.564518459577533,-5.061433143770698,12.98945518615457,-13.184614433799357,21.11263647618323,40.94971991387058,59.49204645267177,32.60538376483545,67.8363826017069,0.2809148192024562,0.26222868008914213,0.3503148630394126,-0.0005809981633939581,0.01868613911331407,0.3508958612028066,0.5431434992915983,0.34973386487601865,A0-DYNAMIC-OPPONENT-ADJUSTED-JOINT-SCORE-V1,2024,2023,2023-REG-END,100.0,8,phase3-feature-provenance-v1,5f148219527b07d85261d3f196ace97a5eb5646271d43596032a692389abc579,2c5cc1af74fc5f3955e44361b82b791710e4b63bbc69b0c15570617e2d86e543,NONE,A0_training_only_home_away_cov_v1,93.61217824257209,90.38398279764756,2.4705792746798014
2024_15_MIA_HOU,2024,15,2024-12-15,HOU,MIA,20.0,12.0,24.653624486978,22.736054165535993,7.0,8.0,32.0,1.9175703214420068,47.38967865251399,0.5569749198973473,9.67533866293951,9.507049110930666,13.38114354197204,13.745447231340975,13.564518459577533,-7.107873843520627,10.94301448640464,-15.231055133549287,19.0661957764333,38.1185153831134,56.66084192191459,29.774179234078268,65.00517807094971,0.0709041305200485,0.2612600057363551,-0.07997543490760324,-0.14749308693828986,-0.1903558752163066,0.06751765203068662,0.3321641362564036,-0.2274685218458931,A0-DYNAMIC-OPPONENT-ADJUSTED-JOINT-SCORE-V1,2024,2023,2023-REG-END,100.0,8,phase3-feature-provenance-v1,5f148219527b07d85261d3f196ace97a5eb5646271d43596032a692389abc579,2c5cc1af74fc5f3955e44361b82b791710e4b63bbc69b0c15570617e2d86e543,NONE,A0_training_only_home_away_cov_v1,93.61217824257209,90.38398279764756,2.4705792746798014
2024_15_NE_ARI,2024,15,2024-12-15,ARI,NE,30.0,17.0,23.68751743474862,20.586256716239518,-7.0,13.0,47.0,3.101260718509103,44.27377415098814,0.5916391476724586,9.67533866293951,9.507049110930666,13.38114354197204,13.745447231340975,13.564518459577533,-5.924183446453531,12.126704883471737,-14.04736473648219,20.249886173500396,35.00261088158754,53.544937420388734,26.658274732552414,61.889273569423864,0.06973520353013506,-0.39650000559701704,-0.4319738256074883,0.07079565548750971,0.4662352091271521,-0.5027694810949981,-0.32676480206688197,-0.3611781701199786,A0-DYNAMIC-OPPONENT-ADJUSTED-JOINT-SCORE-V1,2024,2023,2023-REG-END,100.0,8,phase3-feature-provenance-v1,5f148219527b07d85261d3f196ace97a5eb5646271d43596032a692389abc579,2c5cc1af74fc5f3955e44361b82b791710e4b63bbc69b0c15570617e2d86e543,NONE,A0_training_only_home_away_cov_v1,93.61217824257209,90.38398279764756,2.4705792746798014
2024_15_NYJ_JAX,2024,15,2024-12-15,JAX,NYJ,25.0,32.0,23.357954231229463,20.639558429780454,0.0,-7.0,57.0,2.7183958014490095,43.99751266100992,0.5804915855727374,9.67533866293951,9.507049110930666,13.38114354197204,13.745447231340975,13.564518459577533,-6.3070483635136245,11.743839966411644,-14.430229653542284,19.867021256440303,34.726349391609325,53.26867593041052,26.382013242574196,61.613012079445646,-0.014724265589836997,-0.24074302400520736,-0.0044832992961302545,0.18033275107567104,0.22601875841537036,-0.1848160503718013,-0.25546728959504433,0.17584945177954078,A0-DYNAMIC-OPPONENT-ADJUSTED-JOINT-SCORE-V1,2024,2023,2023-REG-END,100.0,8,phase3-feature-provenance-v1,5f148219527b07d85261d3f196ace97a5eb5646271d43596032a692389abc579,2c5cc1af74fc5f3955e44361b82b791710e4b63bbc69b0c15570617e2d86e543,NONE,A0_training_only_home_away_cov_v1,93.61217824257209,90.38398279764756,2.4705792746798014
2024_15_PIT_PHI,2024,15,2024-12-15,PHI,PIT,27.0,13.0,24.627885793787826,21.88915071027436,0.0,14.0,40.0,2.7387350835134647,46.51703650406219,0.5810854994578496,9.67533866293951,9.507049110930666,13.38114354197204,13.745447231340975,13.564518459577533,-6.286709081449169,11.764179248476099,-14.409890371477829,19.88736053850476,37.245873234661595,55.788199773462786,28.901537085626465,64.13253592249791,0.157671557031493,-0.2095504634637504,-0.38537465382110647,0.3552440483067472,0.3672220204952434,-0.7406187021278536,-0.0518789064322574,-0.030130605514359254,A0-DYNAMIC-OPPONENT-ADJUSTED-JOINT-SCORE-V1,2024,2023,2023-REG-END,100.0,8,phase3-feature-provenance-v1,5f148219527b07d85261d3f196ace97a5eb5646271d43596032a692389abc579,2c5cc1af74fc5f3955e44361b82b791710e4b63bbc69b0c15570617e2d86e543,NONE,A0_training_only_home_away_cov_v1,93.61217824257209,90.38398279764756,2.4705792746798014
2024_15_TB_LAC,2024,15,2024-12-15,LAC,TB,17.0,40.0,22.977167185593103,22.8798076519663,0.0,-23.0,57.0,0.09735953362680405,45.856974837559406,0.5029026287289838,9.67533866293951,9.507049110930666,13.38114354197204,13.745447231340975,13.564518459577533,-8.92808463133583,9.122803698589438,-17.05126592136449,17.245984988618098,36.58581156815881,55.12813810696,28.24147541912368,63.47247425599513,-0.27545974751087765,-0.15584871316692378,-0.11146114980200314,0.28612924895577535,-0.11961103434395387,-0.39759039875777846,-0.43130846067780143,0.1746680991537722,A0-DYNAMIC-OPPONENT-ADJUSTED-JOINT-SCORE-V1,2024,2023,2023-REG-END,100.0,8,phase3-feature-provenance-v1,5f148219527b07d85261d3f196ace97a5eb5646271d43596032a692389abc579,2c5cc1af74fc5f3955e44361b82b791710e4b63bbc69b0c15570617e2d86e543,NONE,A0_training_only_home_away_cov_v1,93.61217824257209,90.38398279764756,2.4705792746798014
2024_15_WAS_NO,2024,15,2024-12-15,NO,WAS,19.0,20.0,23.59771535885865,23.197876403161906,-7.0,-1.0,39.0,0.3998389556967439,46.79559176202056,0.5119189313198008,9.67533866293951,9.507049110930666,13.38114354197204,13.745447231340975,13.564518459577533,-8.62560520926589,9.425283120659378,-16.74878649929455,17.548464410688037,37.52442849261996,56.06675503142115,29.180092343584832,64.41109118045628,0.2910769594591218,-0.17882526063109355,0.15138998651170946,-0.6713545819334829,0.4699022200902154,0.8227445684451923,0.11225169882802827,-0.5199645954217734,A0-DYNAMIC-OPPONENT-ADJUSTED-JOINT-SCORE-V1,2024,2023,2023-REG-END,100.0,8,phase3-feature-provenance-v1,5f148219527b07d85261d3f196ace97a5eb5646271d43596032a692389abc579,2c5cc1af74fc5f3955e44361b82b791710e4b63bbc69b0c15570617e2d86e543,NONE,A0_training_only_home_away_cov_v1,93.61217824257209,90.38398279764756,2.4705792746798014
2024_16_ARI_CAR,2024,16,2024-12-22,CAR,ARI,36.0,30.0,21.499936085885842,23.271194693984075,0.0,6.0,66.0,-1.7712586080982327,44.77113077986992,0.4473459205642475,9.67533866293951,9.507049110930666,13.38114354197204,13.745447231340975,13.564518459577533,-10.796702773060867,7.254185556864401,-18.919884063089526,15.37736684689306,35.499967510469325,54.04229404927052,27.155631361434196,62.386630198305646,-0.595566742528629,0.06973520353013506,-0.04915027807573818,-0.4319738256074883,-0.665301946058764,0.38282354753175013,-0.5258315389984939,-0.4811241036832265,A0-DYNAMIC-OPPONENT-ADJUSTED-JOINT-SCORE-V1,2024,2023,2023-REG-END,100.0,8,phase3-feature-provenance-v1,5f148219527b07d85261d3f196ace97a5eb5646271d43596032a692389abc579,2c5cc1af74fc5f3955e44361b82b791710e4b63bbc69b0c15570617e2d86e543,NONE,A0_training_only_home_away_cov_v1,93.61217824257209,90.38398279764756,2.4705792746798014
2024_16_CLE_CIN,2024,16,2024-12-22,CIN,CLE,24.0,6.0,26.07664875997917,18.964862973323214,0.0,18.0,30.0,7.1117857866559575,45.041511733302386,0.7024562702728134,9.67533866293951,9.507049110930666,13.38114354197204,13.745447231340975,13.564518459577533,-1.9136583783066765,16.137229951618593,-10.036839668335336,24.26041124164725,35.77034846390179,54.31267500270298,27.42601231486666,62.65701115173811,0.07782167375444826,0.2605692250367379,0.014076356221715044,-0.13162908789978947,-0.18274755128228964,0.14570544412150452,0.33839089879118617,-0.11755273167807442,A0-DYNAMIC-OPPONENT-ADJUSTED-JOINT-SCORE-V1,2024,2023,2023-REG-END,100.0,8,phase3-feature-provenance-v1,5f148219527b07d85261d3f196ace97a5eb5646271d43596032a692389abc579,2c5cc1af74fc5f3955e44361b82b791710e4b63bbc69b0c15570617e2d86e543,NONE,A0_training_only_home_away_cov_v1,93.61217824257209,90.38398279764756,2.4705792746798014
2024_16_DEN_LAC,2024,16,2024-12-19,LAC,DEN,34.0,27.0,22.10006881596158,21.064752932613658,0.0,7.0,61.0,1.0353158833479235,43.164821748575235,0.530835896718992,9.67533866293951,9.507049110930666,13.38114354197204,13.745447231340975,13.564518459577533,-7.990128281614711,10.060760048310557,-16.11330957164337,18.183941338339217,33.89365847917464,52.43598501797583,25.54932233013951,60.78032116701096,-0.27545974751087765,-0.06599795836066968,-0.11146114980200314,-0.018906839021099565,-0.20946178915020797,-0.09255431078090358,-0.34145770587154733,-0.13036798882310272,A0-DYNAMIC-OPPONENT-ADJUSTED-JOINT-SCORE-V1,2024,2023,2023-REG-END,100.0,8,phase3-feature-provenance-v1,5f148219527b07d85261d3f196ace97a5eb5646271d43596032a692389abc579,2c5cc1af74fc5f3955e44361b82b791710e4b63bbc69b0c15570617e2d86e543,NONE,A0_training_only_home_away_cov_v1,93.61217824257209,90.38398279764756,2.4705792746798014
2024_16_DET_CHI,2024,16,2024-12-22,CHI,DET,17.0,34.0,22.06583301625162,26.519392299154042,-1.0,-17.0,51.0,-4.453559282902422,48.585225315405665,0.3696337518718975,9.67533866293951,9.507049110930666,13.38114354197204,13.745447231340975,13.564518459577533,-13.479003447865056,4.571884882060212,-21.602184737893715,12.695066172088872,39.31406204600507,57.85638858480626,30.96972589696994,66.20072473384138,0.10868665052582716,0.3963384817413217,0.042024531911728676,-0.18534167200516255,-0.28765183121549454,0.22736620391689122,0.5050251322671488,-0.14331714009343388,A0-DYNAMIC-OPPONENT-ADJUSTED-JOINT-SCORE-V1,2024,2023,2023-REG-END,100.0,8,phase3-feature-provenance-v1,5f148219527b07d85261d3f196ace97a5eb5646271d43596032a692389abc579,2c5cc1af74fc5f3955e44361b82b791710e4b63bbc69b0c15570617e2d86e543,NONE,A0_training_only_home_away_cov_v1,93.61217824257209,90.38398279764756,2.4705792746798014
2024_16_HOU_KC,2024,16,2024-12-21,KC,HOU,27.0,19.0,24.84898434839111,19.946987684440842,0.0,8.0,46.0,4.901996663950268,44.795972032831955,0.6429428726584521,9.67533866293951,9.507049110930666,13.38114354197204,13.745447231340975,13.564518459577533,-4.123447501012366,13.927440828912902,-12.246628791041026,22.05062211894156,35.52480876343136,54.06713530223255,27.18047261439623,62.41147145126768,-0.2609293491352022,0.0709041305200485,0.43571688582374263,-0.07997543490760324,-0.33183347965525073,0.5156923207313459,-0.1900252186151537,0.3557414509161394,A0-DYNAMIC-OPPONENT-ADJUSTED-JOINT-SCORE-V1,2024,2023,2023-REG-END,100.0,8,phase3-feature-provenance-v1,5f148219527b07d85261d3f196ace97a5eb5646271d43596032a692389abc579,2c5cc1af74fc5f3955e44361b82b791710e4b63bbc69b0c15570617e2d86e543,NONE,A0_training_only_home_away_cov_v1,93.61217824257209,90.38398279764756,2.4705792746798014
2024_16_JAX_LV,2024,16,2024-12-22,LV,JAX,19.0,14.0,22.667778226889652,21.60132229705057,-1.0,5.0,33.0,1.0664559298390834,44.269100523940224,0.531761439914126,9.67533866293951,9.507049110930666,13.38114354197204,13.745447231340975,13.564518459577533,-7.958988235123551,10.091900094801717,-16.08216952515221,18.215081384830377,34.99793725453963,53.54026379334082,26.6536011055045,61.88459994237595,0.03679797435932042,-0.014724265589836997,0.20202457988705333,-0.0044832992961302545,0.05152223994915742,0.20650787918318358,0.02207370876948342,0.19754128059092307,A0-DYNAMIC-OPPONENT-ADJUSTED-JOINT-SCORE-V1,2024,2023,2023-REG-END,100.0,8,phase3-feature-provenance-v1,5f148219527b07d85261d3f196ace97a5eb5646271d43596032a692389abc579,2c5cc1af74fc5f3955e44361b82b791710e4b63bbc69b0c15570617e2d86e543,NONE,A0_training_only_home_away_cov_v1,93.61217824257209,90.38398279764756,2.4705792746798014
2024_16_LA_NYJ,2024,16,2024-12-22,NYJ,LA,9.0,19.0,22.765194173254482,23.560346114588167,-3.0,-10.0,28.0,-0.7951519413336854,46.32554028784265,0.4763074705931408,9.67533866293951,9.507049110930666,13.38114354197204,13.745447231340975,13.564518459577533,-9.82059610629632,8.230292223628949,-17.94377739632498,16.353473513657608,37.054377018442054,55.596703557243245,28.710040869406924,63.941039706278374,-0.24074302400520736,0.26222868008914213,0.18033275107567104,-0.0005809981633939581,-0.5029717040943495,0.180913749239065,0.021485656083934768,0.17975175291227707,A0-DYNAMIC-OPPONENT-ADJUSTED-JOINT-SCORE-V1,2024,2023,2023-REG-END,100.0,8,phase3-feature-provenance-v1,5f148219527b07d85261d3f196ace97a5eb5646271d43596032a692389abc579,2c5cc1af74fc5f3955e44361b82b791710e4b63bbc69b0c15570617e2d86e543,NONE,A0_training_only_home_away_cov_v1,93.61217824257209,90.38398279764756,2.4705792746798014
2024_16_MIN_SEA,2024,16,2024-12-22,SEA,MIN,24.0,27.0,23.41527626629169,22.94078844014251,1.0,-3.0,51.0,0.4744878261491827,46.356064706434196,0.5141433049880373,9.67533866293951,9.507049110930666,13.38114354197204,13.745447231340975,13.564518459577533,-8.550956338813451,9.499931991111817,-16.67413762884211,17.623113281140476,37.0849014370336,55.62722797583479,28.74056528799847,63.97156412486992,-0.10459416804187747,-0.13231031689564265,-0.09507239005918494,-0.04705525545768399,0.02771614885376518,-0.04801713460150095,-0.23690448493752014,-0.14212764551686893,A0-DYNAMIC-OPPONENT-ADJUSTED-JOINT-SCORE-V1,2024,2023,2023-REG-END,100.0,8,phase3-feature-provenance-v1,5f148219527b07d85261d3f196ace97a5eb5646271d43596032a692389abc579,2c5cc1af74fc5f3955e44361b82b791710e4b63bbc69b0c15570617e2d86e543,NONE,A0_training_only_home_away_cov_v1,93.61217824257209,90.38398279764756,2.4705792746798014
2024_16_NE_BUF,2024,16,2024-12-22,BUF,NE,24.0,21.0,28.683000312679916,19.0307120734069,0.0,3.0,45.0,9.652288239273016,47.71371238608681,0.7646483104960864,9.67533866293951,9.507049110930666,13.38114354197204,13.745447231340975,13.564518459577533,0.626844074310382,18.67773240423565,-7.4963372157182775,26.80091369426431,38.442549116686216,56.98487565548741,30.098212967651087,65.32921180452254,0.16996725234018972,-0.39650000559701704,0.28753706290264197,0.07079565548750971,0.5664672579372068,0.21674140741513226,-0.2265327532568273,0.3583327183901517,A0-DYNAMIC-OPPONENT-ADJUSTED-JOINT-SCORE-V1,2024,2023,2023-REG-END,100.0,8,phase3-feature-provenance-v1,5f148219527b07d85261d3f196ace97a5eb5646271d43596032a692389abc579,2c5cc1af74fc5f3955e44361b82b791710e4b63bbc69b0c15570617e2d86e543,NONE,A0_training_only_home_away_cov_v1,93.61217824257209,90.38398279764756,2.4705792746798014
2024_16_NO_GB,2024,16,2024-12-23,GB,NO,34.0,0.0,26.76706317743232,20.80908055751963,0.0,34.0,34.0,5.957982619912691,47.57614373495195,0.6719312199169618,9.67533866293951,9.507049110930666,13.38114354197204,13.745447231340975,13.564518459577533,-3.0674615450499427,14.983426784875325,-11.190642835078602,23.106608074903985,38.30498046555135,56.847307004352544,29.960644316516223,65.19164315338767,0.008163900673337315,0.2910769594591218,0.10798622544464952,0.15138998651170946,-0.2829130587857845,-0.04340376106705994,0.29924086013245915,0.25937621195635896,A0-DYNAMIC-OPPONENT-ADJUSTED-JOINT-SCORE-V1,2024,2023,2023-REG-END,100.0,8,phase3-feature-provenance-v1,5f148219527b07d85261d3f196ace97a5eb5646271d43596032a692389abc579,2c5cc1af74fc5f3955e44361b82b791710e4b63bbc69b0c15570617e2d86e543,NONE,A0_training_only_home_away_cov_v1,93.61217824257209,90.38398279764756,2.4705792746798014
2024_16_NYG_ATL,2024,16,2024-12-22,ATL,NYG,34.0,7.0,23.492705981361443,19.40072329354428,-1.0,27.0,41.0,4.091982687817161,42.89342927490573,0.620122360660788,9.67533866293951,9.507049110930666,13.38114354197204,13.745447231340975,13.564518459577533,-4.933461477145473,13.117426852779795,-13.056642767174132,21.240608142808455,33.62226600550513,52.16459254430632,25.277929856470003,60.50892869334145,-0.15847393708001203,-0.14558692361217002,-0.26603137375582475,-0.03853566968507489,-0.012887013467842018,-0.22749570407074987,-0.3040608606921821,-0.30456704344089963,A0-DYNAMIC-OPPONENT-ADJUSTED-JOINT-SCORE-V1,2024,2023,2023-REG-END,100.0,8,phase3-feature-provenance-v1,5f148219527b07d85261d3f196ace97a5eb5646271d43596032a692389abc579,2c5cc1af74fc5f3955e44361b82b791710e4b63bbc69b0c15570617e2d86e543,NONE,A0_training_only_home_away_cov_v1,93.61217824257209,90.38398279764756,2.4705792746798014
2024_16_PHI_WAS,2024,16,2024-12-22,WAS,PHI,36.0,33.0,25.21905434045839,24.616138613694854,0.0,3.0,69.0,0.6029157267635341,49.83519295415324,0.5179691081226013,9.67533866293951,9.507049110930666,13.38114354197204,13.745447231340975,13.564518459577533,-8.4225284381991,9.628359891726168,-16.54570972822776,17.751541181754828,40.56402968475265,59.10635622355384,32.21969353571752,67.45069237258897,-0.17882526063109355,0.157671557031493,-0.6713545819334829,-0.38537465382110647,-0.33649681766258654,-0.2859799281123764,-0.02115370359960056,-1.0567292357545894,A0-DYNAMIC-OPPONENT-ADJUSTED-JOINT-SCORE-V1,2024,2023,2023-REG-END,100.0,8,phase3-feature-provenance-v1,5f148219527b07d85261d3f196ace97a5eb5646271d43596032a692389abc579,2c5cc1af74fc5f3955e44361b82b791710e4b63bbc69b0c15570617e2d86e543,NONE,A0_training_only_home_away_cov_v1,93.61217824257209,90.38398279764756,2.4705792746798014
2024_16_PIT_BAL,2024,16,2024-12-21,BAL,PIT,34.0,17.0,28.296227826940623,21.003602432036168,0.0,17.0,51.0,7.292625394904455,49.29983025897679,0.7071207269012345,9.67533866293951,9.507049110930666,13.38114354197204,13.745447231340975,13.564518459577533,-1.732818770058179,16.31806955986709,-9.856000060086838,24.44125084989575,40.028666989576195,58.570993528377386,31.684330840541065,66.91532967741252,0.4222480417437421,-0.2095504634637504,0.4744532204073231,0.3552440483067472,0.6317985052074925,0.11920917210057586,0.2126975782799917,0.8296972687140702,A0-DYNAMIC-OPPONENT-ADJUSTED-JOINT-SCORE-V1,2024,2023,2023-REG-END,100.0,8,phase3-feature-provenance-v1,5f148219527b07d85261d3f196ace97a5eb5646271d43596032a692389abc579,2c5cc1af74fc5f3955e44361b82b791710e4b63bbc69b0c15570617e2d86e543,NONE,A0_training_only_home_away_cov_v1,93.61217824257209,90.38398279764756,2.4705792746798014
2024_16_SF_MIA,2024,16,2024-12-22,MIA,SF,29.0,17.0,24.97158673142483,24.263932221416475,-3.0,12.0,46.0,0.7076545100083536,49.2355189528413,0.5210880157013105,9.67533866293951,9.507049110930666,13.38114354197204,13.745447231340975,13.564518459577533,-8.31778965495428,9.733098674970988,-16.44097094498294,17.856279964999647,39.96435568344071,58.5066822222419,31.62001953440558,66.85101837127704,0.2612600057363551,0.2809148192024562,-0.14749308693828986,0.3503148630394126,-0.019654813466101095,-0.4978079499777025,0.5421748249388113,0.20282177610112276,A0-DYNAMIC-OPPONENT-ADJUSTED-JOINT-SCORE-V1,2024,2023,2023-REG-END,100.0,8,phase3-feature-provenance-v1,5f148219527b07d85261d3f196ace97a5eb5646271d43596032a692389abc579,2c5cc1af74fc5f3955e44361b82b791710e4b63bbc69b0c15570617e2d86e543,NONE,A0_training_only_home_away_cov_v1,93.61217824257209,90.38398279764756,2.4705792746798014
2024_16_TB_DAL,2024,16,2024-12-22,DAL,TB,26.0,24.0,24.295251283068914,23.591006190958193,0.0,2.0,50.0,0.7042450921107211,47.886257474027104,0.5209865094745483,9.67533866293951,9.507049110930666,13.38114354197204,13.745447231340975,13.564518459577533,-8.321199072851913,9.729689257073355,-16.444380362880572,17.852870547102015,38.61509420462651,57.1574207434277,30.27075805559138,65.50175689246282,0.5624335634974518,-0.15584871316692378,0.18515577646961867,0.28612924895577535,0.7182822766643755,-0.10097347248615668,0.406584850330528,0.471285025425394,A0-DYNAMIC-OPPONENT-ADJUSTED-JOINT-SCORE-V1,2024,2023,2023-REG-END,100.0,8,phase3-feature-provenance-v1,5f148219527b07d85261d3f196ace97a5eb5646271d43596032a692389abc579,2c5cc1af74fc5f3955e44361b82b791710e4b63bbc69b0c15570617e2d86e543,NONE,A0_training_only_home_away_cov_v1,93.61217824257209,90.38398279764756,2.4705792746798014
2024_16_TEN_IND,2024,16,2024-12-22,IND,TEN,38.0,30.0,22.40355471598557,19.32244933477401,0.0,8.0,68.0,3.081105381211561,41.726004050759585,0.5910540631190198,9.67533866293951,9.507049110930666,13.38114354197204,13.745447231340975,13.564518459577533,-5.944338783751073,12.106549546174195,-14.067520073779733,20.229730836202855,32.45484078135899,50.99716732016018,24.11050463232386,59.34150346919531,0.12832542697081295,-0.3499063527568954,-0.40507980945059063,-0.09485944272436232,0.47823177972770836,-0.3102203667262283,-0.22158092578608246,-0.49993925217495294,A0-DYNAMIC-OPPONENT-ADJUSTED-JOINT-SCORE-V1,2024,2023,2023-REG-END,100.0,8,phase3-feature-provenance-v1,5f148219527b07d85261d3f196ace97a5eb5646271d43596032a692389abc579,2c5cc1af74fc5f3955e44361b82b791710e4b63bbc69b0c15570617e2d86e543,NONE,A0_training_only_home_away_cov_v1,93.61217824257209,90.38398279764756,2.4705792746798014
2024_17_ARI_LA,2024,17,2024-12-28,LA,ARI,13.0,9.0,26.64580561506018,23.003675443533858,0.0,4.0,22.0,3.642130171526322,49.649481058594034,0.6072596418804361,9.67533866293951,9.507049110930666,13.38114354197204,13.745447231340975,13.564518459577533,-5.383313993436312,12.667574336488956,-13.506495283464972,20.790755626517615,40.37831778919344,58.92064432799463,32.03398164015831,67.26498047702975,0.26222868008914213,0.06973520353013506,-0.0005809981633939581,-0.4319738256074883,0.19249347655900706,0.43139282744409435,0.3319638836192772,-0.4325548237708823,A0-DYNAMIC-OPPONENT-ADJUSTED-JOINT-SCORE-V1,2024,2023,2023-REG-END,100.0,8,phase3-feature-provenance-v1,5f148219527b07d85261d3f196ace97a5eb5646271d43596032a692389abc579,2c5cc1af74fc5f3955e44361b82b791710e4b63bbc69b0c15570617e2d86e543,NONE,A0_training_only_home_away_cov_v1,93.61217824257209,90.38398279764756,2.4705792746798014
2024_17_ATL_WAS,2024,17,2024-12-29,WAS,ATL,30.0,24.0,25.60630919001384,22.15464328970178,0.0,6.0,54.0,3.451665900312058,47.76095247971562,0.6017772499015178,9.67533866293951,9.507049110930666,13.38114354197204,13.745447231340975,13.564518459577533,-5.573778264650576,12.477110065274692,-13.696959554679236,20.60029135530335,38.489789210315024,57.032115749116215,30.145453061279895,65.37645189815134,-0.17882526063109355,-0.15847393708001203,-0.6713545819334829,-0.26603137375582475,-0.020351323551081518,-0.4053232081776581,-0.3372991977111056,-0.9373859556893076,A0-DYNAMIC-OPPONENT-ADJUSTED-JOINT-SCORE-V1,2024,2023,2023-REG-END,100.0,8,phase3-feature-provenance-v1,5f148219527b07d85261d3f196ace97a5eb5646271d43596032a692389abc579,2c5cc1af74fc5f3955e44361b82b791710e4b63bbc69b0c15570617e2d86e543,NONE,A0_training_only_home_away_cov_v1,93.61217824257209,90.38398279764756,2.4705792746798014
2024_17_BAL_HOU,2024,17,2024-12-25,HOU,BAL,2.0,31.0,22.557318283752544,26.589832513151833,0.0,-29.0,33.0,-4.03251422939929,49.14715079690438,0.38157077094405056,9.67533866293951,9.507049110930666,13.38114354197204,13.745447231340975,13.564518459577533,-13.057958394361924,4.992929935563344,-21.181139684390583,13.116111225592004,39.87598752750378,58.41831406630497,31.531651378468652,66.7626502153401,0.0709041305200485,0.4222480417437421,-0.07997543490760324,0.4744532204073231,-0.3513439112236936,-0.5544286553149264,0.4931521722637906,0.39447778549971985,A0-DYNAMIC-OPPONENT-ADJUSTED-JOINT-SCORE-V1,2024,2023,2023-REG-END,100.0,8,phase3-feature-provenance-v1,5f148219527b07d85261d3f196ace97a5eb5646271d43596032a692389abc579,2c5cc1af74fc5f3955e44361b82b791710e4b63bbc69b0c15570617e2d86e543,NONE,A0_training_only_home_away_cov_v1,93.61217824257209,90.38398279764756,2.4705792746798014
2024_17_CAR_TB,2024,17,2024-12-29,TB,CAR,48.0,14.0,26.86181210916819,18.346567174016606,0.0,34.0,62.0,8.515244935151586,45.2083792831848,0.7377295944601463,9.67533866293951,9.507049110930666,13.38114354197204,13.745447231340975,13.564518459577533,-0.5101992298110485,17.54068910011422,-8.633380519839708,25.66387039014288,35.9372160137842,54.47954255258539,27.592879864749072,62.82387870162052,-0.15584871316692378,-0.595566742528629,0.28612924895577535,-0.04915027807573818,0.4397180293617052,0.33527952703151354,-0.7514154556955528,0.23697897088003717,A0-DYNAMIC-OPPONENT-ADJUSTED-JOINT-SCORE-V1,2024,2023,2023-REG-END,100.0,8,phase3-feature-provenance-v1,5f148219527b07d85261d3f196ace97a5eb5646271d43596032a692389abc579,2c5cc1af74fc5f3955e44361b82b791710e4b63bbc69b0c15570617e2d86e543,NONE,A0_training_only_home_away_cov_v1,93.61217824257209,90.38398279764756,2.4705792746798014
2024_17_DAL_PHI,2024,17,2024-12-29,PHI,DAL,41.0,7.0,25.648870425392005,22.55495461517729,0.0,34.0,48.0,3.093915810214714,48.2038250405693,0.5914259576378322,9.67533866293951,9.507049110930666,13.38114354197204,13.745447231340975,13.564518459577533,-5.93152835474792,12.119359975177348,-14.05470964477658,20.242541265206007,38.9326617711687,57.474988309969895,30.588325622133574,65.81932445900503,0.157671557031493,0.5624335634974518,-0.38537465382110647,0.18515577646961867,-0.4047620064659588,-0.5705304302907251,0.7201051205289448,-0.2002188773514878,A0-DYNAMIC-OPPONENT-ADJUSTED-JOINT-SCORE-V1,2024,2023,2023-REG-END,100.0,8,phase3-feature-provenance-v1,5f148219527b07d85261d3f196ace97a5eb5646271d43596032a692389abc579,2c5cc1af74fc5f3955e44361b82b791710e4b63bbc69b0c15570617e2d86e543,NONE,A0_training_only_home_away_cov_v1,93.61217824257209,90.38398279764756,2.4705792746798014
2024_17_DEN_CIN,2024,17,2024-12-28,CIN,DEN,30.0,24.0,25.47152449186897,22.07452898181566,-3.0,6.0,54.0,3.3969955100533085,47.54605347368463,0.6001998272084136,9.67533866293951,9.507049110930666,13.38114354197204,13.745447231340975,13.564518459577533,-5.6284486549093256,12.422439675015942,-13.751629944937985,20.545620965044602,38.274890204284034,56.817216743085226,29.930554055248905,65.16155289212035,0.07782167375444826,-0.06599795836066968,0.014076356221715044,-0.018906839021099565,0.14381963211511795,0.03298319524281461,0.011823715393778578,-0.004830482799384521,A0-DYNAMIC-OPPONENT-ADJUSTED-JOINT-SCORE-V1,2024,2023,2023-REG-END,100.0,8,phase3-feature-provenance-v1,5f148219527b07d85261d3f196ace97a5eb5646271d43596032a692389abc579,2c5cc1af74fc5f3955e44361b82b791710e4b63bbc69b0c15570617e2d86e543,NONE,A0_training_only_home_away_cov_v1,93.61217824257209,90.38398279764756,2.4705792746798014
2024_17_DET_SF,2024,17,2024-12-30,SF,DET,34.0,40.0,25.907184752627323,26.176387556477327,0.0,-6.0,74.0,-0.2692028038500034,52.08357230910465,0.49197459200578114,9.67533866293951,9.507049110930666,13.38114354197204,13.745447231340975,13.564518459577533,-9.294646968812637,8.75624136111263,-17.417828258841297,16.87942265114129,42.81240903970406,61.35473557850525,34.46807289066893,69.69907172754037,0.2809148192024562,0.3963384817413217,0.3503148630394126,-0.18534167200516255,-0.11542366253886549,0.5356565350445752,0.6772533009437779,0.16497319103425007,A0-DYNAMIC-OPPONENT-ADJUSTED-JOINT-SCORE-V1,2024,2023,2023-REG-END,100.0,8,phase3-feature-provenance-v1,5f148219527b07d85261d3f196ace97a5eb5646271d43596032a692389abc579,2c5cc1af74fc5f3955e44361b82b791710e4b63bbc69b0c15570617e2d86e543,NONE,A0_training_only_home_away_cov_v1,93.61217824257209,90.38398279764756,2.4705792746798014
2024_17_GB_MIN,2024,17,2024-12-29,MIN,GB,27.0,25.0,24.9497514955462,24.656225682289854,1.0,2.0,52.0,0.29352581325634475,49.60597717783605,0.5087504081112575,9.67533866293951,9.507049110930666,13.38114354197204,13.745447231340975,13.564518459577533,-8.73191835170629,9.318969978218979,-16.85509964173495,17.44215126824764,40.33481390843546,58.87714044723665,31.990477759400328,67.22147659627177,-0.13231031689564265,0.008163900673337315,-0.04705525545768399,0.10798622544464952,-0.14047421756897996,-0.1550414809023335,-0.12414641622230534,0.060930969986965525,A0-DYNAMIC-OPPONENT-ADJUSTED-JOINT-SCORE-V1,2024,2023,2023-REG-END,100.0,8,phase3-feature-provenance-v1,5f148219527b07d85261d3f196ace97a5eb5646271d43596032a692389abc579,2c5cc1af74fc5f3955e44361b82b791710e4b63bbc69b0c15570617e2d86e543,NONE,A0_training_only_home_away_cov_v1,93.61217824257209,90.38398279764756,2.4705792746798014
2024_17_IND_NYG,2024,17,2024-12-29,NYG,IND,45.0,33.0,20.959487145087785,20.632260271441215,0.0,12.0,78.0,0.32722687364656977,41.591747416529,0.5097548931212119,9.67533866293951,9.507049110930666,13.38114354197204,13.745447231340975,13.564518459577533,-8.698217291316064,9.352671038609204,-16.821398581344724,17.475852328637863,32.32058414712841,50.8629106859296,23.976247998093278,59.20724683496473,-0.14558692361217002,0.12832542697081295,-0.03853566968507489,-0.40507980945059063,-0.27391235058298297,0.36654413976551575,-0.017261496641357066,-0.4436154791356655,A0-DYNAMIC-OPPONENT-ADJUSTED-JOINT-SCORE-V1,2024,2023,2023-REG-END,100.0,8,phase3-feature-provenance-v1,5f148219527b07d85261d3f196ace97a5eb5646271d43596032a692389abc579,2c5cc1af74fc5f3955e44361b82b791710e4b63bbc69b0c15570617e2d86e543,NONE,A0_training_only_home_away_cov_v1,93.61217824257209,90.38398279764756,2.4705792746798014
2024_17_KC_PIT,2024,17,2024-12-25,PIT,KC,10.0,29.0,23.1196733811877,22.538783713361518,0.0,-19.0,39.0,0.580889667826181,45.65845709454922,0.5173130705663013,9.67533866293951,9.507049110930666,13.38114354197204,13.745447231340975,13.564518459577533,-8.444554497136453,9.606333832788815,-16.567735787165113,17.729515122817475,36.387293825148625,54.929620363949816,28.042957676113495,63.273956512984945,-0.2095504634637504,-0.2609293491352022,0.3552440483067472,0.43571688582374263,0.051378885671451824,-0.08047283751699541,-0.4704798125989526,0.7909609341304898,A0-DYNAMIC-OPPONENT-ADJUSTED-JOINT-SCORE-V1,2024,2023,2023-REG-END,100.0,8,phase3-feature-provenance-v1,5f148219527b07d85261d3f196ace97a5eb5646271d43596032a692389abc579,2c5cc1af74fc5f3955e44361b82b791710e4b63bbc69b0c15570617e2d86e543,NONE,A0_training_only_home_away_cov_v1,93.61217824257209,90.38398279764756,2.4705792746798014
2024_17_LAC_NE,2024,17,2024-12-28,NE,LAC,7.0,40.0,21.664871185448163,21.717262910878624,-3.0,-33.0,47.0,-0.05239172543046067,43.38213409632679,0.49843800935625604,9.67533866293951,9.507049110930666,13.38114354197204,13.745447231340975,13.564518459577533,-9.077835890393095,8.973052439532173,-17.201017180421754,17.096233729560833,34.11097082692619,52.65329736572738,25.766634677891062,60.99763351476251,-0.39650000559701704,-0.27545974751087765,0.07079565548750971,-0.11146114980200314,-0.12104025808613939,0.18225680528951285,-0.6719597531078947,-0.04066549431449343,A0-DYNAMIC-OPPONENT-ADJUSTED-JOINT-SCORE-V1,2024,2023,2023-REG-END,100.0,8,phase3-feature-provenance-v1,5f148219527b07d85261d3f196ace97a5eb5646271d43596032a692389abc579,2c5cc1af74fc5f3955e44361b82b791710e4b63bbc69b0c15570617e2d86e543,NONE,A0_training_only_home_away_cov_v1,93.61217824257209,90.38398279764756,2.4705792746798014
2024_17_LV_NO,2024,17,2024-12-29,NO,LV,10.0,25.0,22.38801424358493,19.23613048833881,-1.0,-15.0,35.0,3.1518837552461214,41.624144731923735,0.5931077685474571,9.67533866293951,9.507049110930666,13.38114354197204,13.745447231340975,13.564518459577533,-5.873560409716513,12.177327920208755,-13.996741699745172,20.300509210237415,32.35298146252314,50.89530800132433,24.00864531348801,59.23964415035946,0.2910769594591218,0.03679797435932042,0.15138998651170946,0.20202457988705333,0.2542789850998014,-0.05063459337534387,0.32787493381844224,0.3534145663987628,A0-DYNAMIC-OPPONENT-ADJUSTED-JOINT-SCORE-V1,2024,2023,2023-REG-END,100.0,8,phase3-feature-provenance-v1,5f148219527b07d85261d3f196ace97a5eb5646271d43596032a692389abc579,2c5cc1af74fc5f3955e44361b82b791710e4b63bbc69b0c15570617e2d86e543,NONE,A0_training_only_home_away_cov_v1,93.61217824257209,90.38398279764756,2.4705792746798014
2024_17_MIA_CLE,2024,17,2024-12-29,CLE,MIA,3.0,20.0,20.8046485927578,23.833042474044255,0.0,-17.0,23.0,-3.028393881286455,44.637691066802056,0.41047704289700687,9.67533866293951,9.507049110930666,13.38114354197204,13.745447231340975,13.564518459577533,-12.053838046249089,5.997050283676179,-20.17701933627775,14.120231573704839,35.36652779740146,53.90885433620265,27.02219164836633,62.25319048523778,0.2605692250367379,0.2612600057363551,-0.13162908789978947,-0.14749308693828986,-0.0006907806996171995,0.015863999038500387,0.521829230773093,-0.27912217483807933,A0-DYNAMIC-OPPONENT-ADJUSTED-JOINT-SCORE-V1,2024,2023,2023-REG-END,100.0,8,phase3-feature-provenance-v1,5f148219527b07d85261d3f196ace97a5eb5646271d43596032a692389abc579,2c5cc1af74fc5f3955e44361b82b791710e4b63bbc69b0c15570617e2d86e543,NONE,A0_training_only_home_away_cov_v1,93.61217824257209,90.38398279764756,2.4705792746798014
2024_17_NYJ_BUF,2024,17,2024-12-29,BUF,NYJ,40.0,14.0,28.246706764046557,20.344527641527876,0.0,26.0,54.0,7.902179122518682,48.59123440557443,0.7225876303049654,9.67533866293951,9.507049110930666,13.38114354197204,13.745447231340975,13.564518459577533,-1.1232650424439523,16.927623287481318,-9.246446332472612,25.050804577509975,39.32007113617384,57.86239767497503,30.975734987138708,66.20673382401016,0.16996725234018972,-0.24074302400520736,0.28753706290264197,0.18033275107567104,0.4107102763453971,0.10720431182697093,-0.07077577166501764,0.467869813978313,A0-DYNAMIC-OPPONENT-ADJUSTED-JOINT-SCORE-V1,2024,2023,2023-REG-END,100.0,8,phase3-feature-provenance-v1,5f148219527b07d85261d3f196ace97a5eb5646271d43596032a692389abc579,2c5cc1af74fc5f3955e44361b82b791710e4b63bbc69b0c15570617e2d86e543,NONE,A0_training_only_home_away_cov_v1,93.61217824257209,90.38398279764756,2.4705792746798014
2024_17_SEA_CHI,2024,17,2024-12-26,CHI,SEA,3.0,6.0,22.938375405427664,22.0367328848186,0.0,-3.0,9.0,0.9016425206090624,44.97510829024627,0.526861031370695,9.67533866293951,9.507049110930666,13.38114354197204,13.745447231340975,13.564518459577533,-8.123801644353572,9.927086685571696,-16.24698293438223,18.050267975600356,35.70394502084567,54.246271559646864,27.359608871810543,62.59060770868199,0.10868665052582716,-0.10459416804187747,0.042024531911728676,-0.09507239005918494,0.21328081856770464,0.1370969219709136,0.00409248248394968,-0.053047858147456266,A0-DYNAMIC-OPPONENT-ADJUSTED-JOINT-SCORE-V1,2024,2023,2023-REG-END,100.0,8,phase3-feature-provenance-v1,5f148219527b07d85261d3f196ace97a5eb5646271d43596032a692389abc579,2c5cc1af74fc5f3955e44361b82b791710e4b63bbc69b0c15570617e2d86e543,NONE,A0_training_only_home_away_cov_v1,93.61217824257209,90.38398279764756,2.4705792746798014
2024_17_TEN_JAX,2024,17,2024-12-29,JAX,TEN,20.0,13.0,23.996403130689675,20.211442396797484,0.0,7.0,33.0,3.7849607338921913,44.20784552748716,0.6113570750598708,9.67533866293951,9.507049110930666,13.38114354197204,13.745447231340975,13.564518459577533,-5.240483431070443,12.810404898854825,-13.363664721099102,20.933586188883485,34.93668225808656,53.479008796887754,26.592346109051434,61.823344945922884,-0.014724265589836997,-0.3499063527568954,-0.0044832992961302545,-0.09485944272436232,0.33518208716705844,0.09037614342823207,-0.3646306183467324,-0.09934274202049258,A0-DYNAMIC-OPPONENT-ADJUSTED-JOINT-SCORE-V1,2024,2023,2023-REG-END,100.0,8,phase3-feature-provenance-v1,5f148219527b07d85261d3f196ace97a5eb5646271d43596032a692389abc579,2c5cc1af74fc5f3955e44361b82b791710e4b63bbc69b0c15570617e2d86e543,NONE,A0_training_only_home_away_cov_v1,93.61217824257209,90.38398279764756,2.4705792746798014
2024_18_BUF_NE,2024,18,2025-01-05,NE,BUF,23.0,16.0,21.25755700733762,26.478431649161955,1.0,7.0,39.0,-5.220874641824334,47.73598865649957,0.3482066964619156,9.67533866293951,9.507049110930666,13.38114354197204,13.745447231340975,13.564518459577533,-14.246318806786968,3.8045695231382997,-22.369500096815628,11.92775081316696,38.464825387098976,57.00715192590017,30.120489238063847,65.3514880749353,-0.39650000559701704,0.16996725234018972,0.07079565548750971,0.28753706290264197,-0.5664672579372068,-0.21674140741513226,-0.2265327532568273,0.3583327183901517,A0-DYNAMIC-OPPONENT-ADJUSTED-JOINT-SCORE-V1,2024,2023,2023-REG-END,100.0,8,phase3-feature-provenance-v1,5f148219527b07d85261d3f196ace97a5eb5646271d43596032a692389abc579,2c5cc1af74fc5f3955e44361b82b791710e4b63bbc69b0c15570617e2d86e543,NONE,A0_training_only_home_away_cov_v1,93.61217824257209,90.38398279764756,2.4705792746798014
2024_18_CAR_ATL,2024,18,2025-01-05,ATL,CAR,38.0,44.0,24.806118669269726,19.160130540896738,0.0,-6.0,82.0,5.645988128372988,43.96624921016647,0.6634641869235236,9.67533866293951,9.507049110930666,13.38114354197204,13.745447231340975,13.564518459577533,-3.379456036589646,14.671432293335622,-11.502637326618306,22.79461358336428,34.69508594076587,53.23741247956706,26.350749791730742,61.58174862860219,-0.15847393708001203,-0.595566742528629,-0.26603137375582475,-0.04915027807573818,0.43709280544861695,-0.21688109568008657,-0.754040679608641,-0.31518165183156294,A0-DYNAMIC-OPPONENT-ADJUSTED-JOINT-SCORE-V1,2024,2023,2023-REG-END,100.0,8,phase3-feature-provenance-v1,5f148219527b07d85261d3f196ace97a5eb5646271d43596032a692389abc579,2c5cc1af74fc5f3955e44361b82b791710e4b63bbc69b0c15570617e2d86e543,NONE,A0_training_only_home_away_cov_v1,93.61217824257209,90.38398279764756,2.4705792746798014
2024_18_CHI_GB,2024,18,2025-01-05,GB,CHI,22.0,24.0,27.199621795148246,19.83858013729873,-3.0,-2.0,46.0,7.3610416578495155,47.03820193244698,0.7088765183435036,9.67533866293951,9.507049110930666,13.38114354197204,13.745447231340975,13.564518459577533,-1.6644025071131185,16.386485822812148,-9.787583797141778,24.50966711284081,37.767038663046385,56.30936520184758,29.422702514011256,64.6537013508827,0.008163900673337315,0.10868665052582716,0.10798622544464952,0.042024531911728676,-0.10052274985248984,0.06596169353292083,0.11685055119916447,0.1500107573563782,A0-DYNAMIC-OPPONENT-ADJUSTED-JOINT-SCORE-V1,2024,2023,2023-REG-END,100.0,8,phase3-feature-provenance-v1,5f148219527b07d85261d3f196ace97a5eb5646271d43596032a692389abc579,2c5cc1af74fc5f3955e44361b82b791710e4b63bbc69b0c15570617e2d86e543,NONE,A0_training_only_home_away_cov_v1,93.61217824257209,90.38398279764756,2.4705792746798014
2024_18_CIN_PIT,2024,18,2025-01-04,PIT,CIN,17.0,19.0,24.150038299103034,23.494457904538777,3.0,-2.0,36.0,0.6555803945642573,47.64449620364181,0.519537504091402,9.67533866293951,9.507049110930666,13.38114354197204,13.745447231340975,13.564518459577533,-8.369863770398377,9.681024559526891,-16.493045060427036,17.80420584955555,38.37333293424121,56.9156594730424,30.028996785206083,65.25999562207753,-0.2095504634637504,0.07782167375444826,0.3552440483067472,0.014076356221715044,-0.28737213721819865,0.34116769208503217,-0.13172878970930213,0.36932040452846226,A0-DYNAMIC-OPPONENT-ADJUSTED-JOINT-SCORE-V1,2024,2023,2023-REG-END,100.0,8,phase3-feature-provenance-v1,5f148219527b07d85261d3f196ace97a5eb5646271d43596032a692389abc579,2c5cc1af74fc5f3955e44361b82b791710e4b63bbc69b0c15570617e2d86e543,NONE,A0_training_only_home_away_cov_v1,93.61217824257209,90.38398279764756,2.4705792746798014
2024_18_CLE_BAL,2024,18,2025-01-04,BAL,CLE,35.0,10.0,30.026750134429182,16.243379781893886,4.0,25.0,45.0,13.783370352535297,46.27012991632307,0.8485088978169357,9.67533866293951,9.507049110930666,13.38114354197204,13.745447231340975,13.564518459577533,4.757926187572663,22.80881451749793,-3.365255102455997,30.93199580752659,36.998966646922476,55.54129318572367,28.654630497887347,63.8856293347588,0.4222480417437421,0.2605692250367379,0.4744532204073231,-0.13162908789978947,0.16167881670700418,0.6060823083071125,0.6828172667804799,0.34282413250753363,A0-DYNAMIC-OPPONENT-ADJUSTED-JOINT-SCORE-V1,2024,2023,2023-REG-END,100.0,8,phase3-feature-provenance-v1,5f148219527b07d85261d3f196ace97a5eb5646271d43596032a692389abc579,2c5cc1af74fc5f3955e44361b82b791710e4b63bbc69b0c15570617e2d86e543,NONE,A0_training_only_home_away_cov_v1,93.61217824257209,90.38398279764756,2.4705792746798014
2024_18_HOU_TEN,2024,18,2025-01-05,TEN,HOU,14.0,23.0,21.45511395907308,21.48082000020748,-4.0,-9.0,37.0,-0.02570604113439856,42.93593395928056,0.4992336065800142,9.67533866293951,9.507049110930666,13.38114354197204,13.745447231340975,13.564518459577533,-9.051150206097033,8.999738123828235,-17.174331496125692,17.122919413856895,33.664770689879965,52.20709722868116,25.320434540844836,60.551433377716286,-0.3499063527568954,0.0709041305200485,-0.09485944272436232,-0.07997543490760324,-0.4208104832769439,-0.014884007816759082,-0.2790022222368469,-0.17483487763196556,A0-DYNAMIC-OPPONENT-ADJUSTED-JOINT-SCORE-V1,2024,2023,2023-REG-END,100.0,8,phase3-feature-provenance-v1,5f148219527b07d85261d3f196ace97a5eb5646271d43596032a692389abc579,2c5cc1af74fc5f3955e44361b82b791710e4b63bbc69b0c15570617e2d86e543,NONE,A0_training_only_home_away_cov_v1,93.61217824257209,90.38398279764756,2.4705792746798014
2024_18_JAX_IND,2024,18,2025-01-05,IND,JAX,26.0,23.0,23.70660037738928,22.311532316628146,0.0,3.0,49.0,1.3950680607611332,46.018132694017424,0.5415170083121105,9.67533866293951,9.507049110930666,13.38114354197204,13.745447231340975,13.564518459577533,-7.630376104201501,10.420512225723767,-15.75355739423016,18.543693515752427,36.74696942461683,55.28929596341802,28.4026332755817,63.63363211245315,0.12832542697081295,-0.014724265589836997,-0.40507980945059063,-0.0044832992961302545,0.14304969256064995,-0.4005965101544604,0.11360116138097595,-0.40956310874672086,A0-DYNAMIC-OPPONENT-ADJUSTED-JOINT-SCORE-V1,2024,2023,2023-REG-END,100.0,8,phase3-feature-provenance-v1,5f148219527b07d85261d3f196ace97a5eb5646271d43596032a692389abc579,2c5cc1af74fc5f3955e44361b82b791710e4b63bbc69b0c15570617e2d86e543,NONE,A0_training_only_home_away_cov_v1,93.61217824257209,90.38398279764756,2.4705792746798014
2024_18_KC_DEN,2024,18,2025-01-05,DEN,KC,38.0,0.0,22.887485434028147,23.651384545782104,-3.0,38.0,38.0,-0.7638991117539575,46.53886997981025,0.4772376551989339,9.67533866293951,9.507049110930666,13.38114354197204,13.745447231340975,13.564518459577533,-9.789343276716592,8.261545053208676,-17.91252456674525,16.384726343237336,37.267706710409655,55.810033249210846,28.923370561374526,64.15436939824598,-0.06599795836066968,-0.2609293491352022,-0.018906839021099565,0.43571688582374263,0.19493139077453253,-0.4546237248448422,-0.3269273074958719,0.41681004680264305,A0-DYNAMIC-OPPONENT-ADJUSTED-JOINT-SCORE-V1,2024,2023,2023-REG-END,100.0,8,phase3-feature-provenance-v1,5f148219527b07d85261d3f196ace97a5eb5646271d43596032a692389abc579,2c5cc1af74fc5f3955e44361b82b791710e4b63bbc69b0c15570617e2d86e543,NONE,A0_training_only_home_away_cov_v1,93.61217824257209,90.38398279764756,2.4705792746798014
2024_18_LAC_LV,2024,18,2025-01-05,LV,LAC,20.0,34.0,21.850497632805627,21.38531528067162,-1.0,-14.0,54.0,0.4651823521340077,43.23581291347725,0.5138660447307412,9.67533866293951,9.507049110930666,13.38114354197204,13.745447231340975,13.564518459577533,-8.560261812828626,9.490626517096642,-16.683443102857286,17.6138078071253,33.96464964407665,52.50697618287784,25.620313495041522,60.85131233191297,0.03679797435932042,-0.27545974751087765,0.20202457988705333,-0.11146114980200314,0.31225772187019807,0.31348572968905647,-0.23866177315155723,0.09056343008505019,A0-DYNAMIC-OPPONENT-ADJUSTED-JOINT-SCORE-V1,2024,2023,2023-REG-END,100.0,8,phase3-feature-provenance-v1,5f148219527b07d85261d3f196ace97a5eb5646271d43596032a692389abc579,2c5cc1af74fc5f3955e44361b82b791710e4b63bbc69b0c15570617e2d86e543,NONE,A0_training_only_home_away_cov_v1,93.61217824257209,90.38398279764756,2.4705792746798014
2024_18_MIA_NYJ,2024,18,2025-01-05,NYJ,MIA,32.0,20.0,22.69820040673422,23.862315603130373,0.0,12.0,52.0,-1.1641151963961534,46.56051600986459,0.46533707157049703,9.67533866293951,9.507049110930666,13.38114354197204,13.745447231340975,13.564518459577533,-10.189559361358787,7.861328968566481,-18.312740651387447,15.98451025859514,37.289352740464,55.83167927926519,28.945016591428868,64.17601542830032,-0.24074302400520736,0.2612600057363551,0.18033275107567104,-0.14749308693828986,-0.5020030297415625,0.3278258380139609,0.020516981731147743,0.03283966413738118,A0-DYNAMIC-OPPONENT-ADJUSTED-JOINT-SCORE-V1,2024,2023,2023-REG-END,100.0,8,phase3-feature-provenance-v1,5f148219527b07d85261d3f196ace97a5eb5646271d43596032a692389abc579,2c5cc1af74fc5f3955e44361b82b791710e4b63bbc69b0c15570617e2d86e543,NONE,A0_training_only_home_away_cov_v1,93.61217824257209,90.38398279764756,2.4705792746798014
2024_18_MIN_DET,2024,18,2025-01-05,DET,MIN,31.0,9.0,28.909496687316015,23.525726583452,-1.0,22.0,40.0,5.383770103864016,52.43522327076801,0.6562831120827508,9.67533866293951,9.507049110930666,13.38114354197204,13.745447231340975,13.564518459577533,-3.641674061098618,14.40921426882665,-11.764855351127277,22.53239555885531,43.16406000136742,61.70638654016861,34.81972385233229,70.05072268920374,0.3963384817413217,-0.13231031689564265,-0.18534167200516255,-0.04705525545768399,0.5286487986369643,-0.13828641654747856,0.26402816484567904,-0.23239692746284654,A0-DYNAMIC-OPPONENT-ADJUSTED-JOINT-SCORE-V1,2024,2023,2023-REG-END,100.0,8,phase3-feature-provenance-v1,5f148219527b07d85261d3f196ace97a5eb5646271d43596032a692389abc579,2c5cc1af74fc5f3955e44361b82b791710e4b63bbc69b0c15570617e2d86e543,NONE,A0_training_only_home_away_cov_v1,93.61217824257209,90.38398279764756,2.4705792746798014
2024_18_NO_TB,2024,18,2025-01-05,TB,NO,27.0,19.0,26.771835554210696,19.655417799358528,0.0,8.0,46.0,7.1164177548521685,46.42725335356923,0.7025761663770551,9.67533866293951,9.507049110930666,13.38114354197204,13.745447231340975,13.564518459577533,-1.9090264101104655,16.1418619198148,-10.032207700139125,24.265043209843462,37.15609008416863,55.69841662296982,28.811753935133503,64.04275277200495,-0.15584871316692378,0.2910769594591218,0.28612924895577535,0.15138998651170946,-0.4469256726260456,0.1347392624440659,0.13522824629219804,0.43751923546748483,A0-DYNAMIC-OPPONENT-ADJUSTED-JOINT-SCORE-V1,2024,2023,2023-REG-END,100.0,8,phase3-feature-provenance-v1,5f148219527b07d85261d3f196ace97a5eb5646271d43596032a692389abc579,2c5cc1af74fc5f3955e44361b82b791710e4b63bbc69b0c15570617e2d86e543,NONE,A0_training_only_home_away_cov_v1,93.61217824257209,90.38398279764756,2.4705792746798014
2024_18_NYG_PHI,2024,18,2025-01-05,PHI,NYG,20.0,13.0,27.058861871515873,19.34702986556244,0.0,7.0,33.0,7.711832005953433,46.40589173707831,0.7178008334217542,9.67533866293951,9.507049110930666,13.38114354197204,13.745447231340975,13.564518459577533,-1.3136121590092014,16.73727617091607,-9.43679344903786,24.860457460944726,37.13472846767772,55.67705500647891,28.79039231864259,64.02139115551404,0.157671557031493,-0.14558692361217002,-0.38537465382110647,-0.03853566968507489,0.303258480643663,-0.3468389841360316,0.012084633419322977,-0.42391032350618135,A0-DYNAMIC-OPPONENT-ADJUSTED-JOINT-SCORE-V1,2024,2023,2023-REG-END,100.0,8,phase3-feature-provenance-v1,5f148219527b07d85261d3f196ace97a5eb5646271d43596032a692389abc579,2c5cc1af74fc5f3955e44361b82b791710e4b63bbc69b0c15570617e2d86e543,NONE,A0_training_only_home_away_cov_v1,93.61217824257209,90.38398279764756,2.4705792746798014
2024_18_SEA_LA,2024,18,2025-01-05,LA,SEA,25.0,30.0,25.41093293502454,21.699816221601434,-2.0,-5.0,55.0,3.711116713423106,47.11074915662597,0.6092401994728848,9.67533866293951,9.507049110930666,13.38114354197204,13.745447231340975,13.564518459577533,-5.314327451539528,12.73656087838574,-13.437508741568188,20.8597421684144,37.839585887225375,56.38191242602657,29.495249738190246,64.7262485750617,0.26222868008914213,-0.10459416804187747,-0.0005809981633939581,-0.09507239005918494,0.3668228481310196,0.09449139189579098,0.15763451204726464,-0.0956533882225789,A0-DYNAMIC-OPPONENT-ADJUSTED-JOINT-SCORE-V1,2024,2023,2023-REG-END,100.0,8,phase3-feature-provenance-v1,5f148219527b07d85261d3f196ace97a5eb5646271d43596032a692389abc579,2c5cc1af74fc5f3955e44361b82b791710e4b63bbc69b0c15570617e2d86e543,NONE,A0_training_only_home_away_cov_v1,93.61217824257209,90.38398279764756,2.4705792746798014
2024_18_SF_ARI,2024,18,2025-01-05,ARI,SF,47.0,24.0,25.287489994607323,24.735428657758884,2.0,23.0,71.0,0.552061336848439,50.02291865236621,0.5164543594395273,9.67533866293951,9.507049110930666,13.38114354197204,13.745447231340975,13.564518459577533,-8.473382828114195,9.577505501811073,-16.596564118142854,17.700686791839733,40.75175538296561,59.294081921766804,32.40741923393048,67.63841807080193,0.06973520353013506,0.2809148192024562,-0.4319738256074883,0.3503148630394126,-0.21117961567232113,-0.7822886886469009,0.35065002273259127,-0.0816589625680757,A0-DYNAMIC-OPPONENT-ADJUSTED-JOINT-SCORE-V1,2024,2023,2023-REG-END,100.0,8,phase3-feature-provenance-v1,5f148219527b07d85261d3f196ace97a5eb5646271d43596032a692389abc579,2c5cc1af74fc5f3955e44361b82b791710e4b63bbc69b0c15570617e2d86e543,NONE,A0_training_only_home_away_cov_v1,93.61217824257209,90.38398279764756,2.4705792746798014
2024_18_WAS_DAL,2024,18,2025-01-05,DAL,WAS,19.0,23.0,25.187037382393473,23.15132390707479,0.0,-4.0,42.0,2.0357134753186834,48.33836128946827,0.5604589805167103,9.67533866293951,9.507049110930666,13.38114354197204,13.745447231340975,13.564518459577533,-6.989730689643951,11.061157640281317,-15.11291197967261,19.184338930309977,39.06719802006767,57.60952455886886,30.722861871032542,65.953860707904,0.5624335634974518,-0.17882526063109355,0.18515577646961867,-0.6713545819334829,0.7412588241285454,0.8565103584031015,0.3836083028663582,-0.4861988054638642,A0-DYNAMIC-OPPONENT-ADJUSTED-JOINT-SCORE-V1,2024,2023,2023-REG-END,100.0,8,phase3-feature-provenance-v1,5f148219527b07d85261d3f196ace97a5eb5646271d43596032a692389abc579,2c5cc1af74fc5f3955e44361b82b791710e4b63bbc69b0c15570617e2d86e543,NONE,A0_training_only_home_away_cov_v1,93.61217824257209,90.38398279764756,2.4705792746798014
