game_id,season,week,gameday,home_team,away_team,home_score,away_score,actual_margin,actual_total,expected_home_points,expected_away_points,expected_margin,expected_total,home_win_probability,home_score_variance,away_score_variance,margin_variance,total_variance,expected_home_drives,expected_away_drives,home_p_td,home_p_fg,away_p_td,away_p_fg,home_p10,home_p25,home_p50,home_p75,home_p90,away_p10,away_p25,away_p50,away_p75,away_p90,margin_p10,margin_p25,margin_p50,margin_p75,margin_p90,total_p10,total_p25,total_p50,total_p75,total_p90,home_crps,away_crps,margin_crps,total_crps,joint_energy_score,simulation_seed,candidate_id,outer_target_season,train_through_season,training_through_boundary,selected_drive_alpha,selected_outcome_c,source_contract_version,code_sha,config_sha,fallback_state,simulation_version,simulation_draws
2022_01_BAL_NYJ,2022,1,2022-09-11,NYJ,BAL,9.0,24.0,-15.0,33.0,20.007,28.392,-8.385,48.399,0.3125,132.25177617761776,184.87922392239224,296.6214371437144,337.64056305630567,11.313966836034453,11.241705268242145,0.18932339950170513,0.11962868821331091,0.26922152748958106,0.19279421086290435,7.0,12.0,19.0,27.0,35.0,12.0,19.0,27.0,37.0,47.0,-31.0,-20.0,-8.0,3.0,13.0,26.0,36.0,47.0,60.0,73.0,5.99539026,3.4543393999999994,5.0333779,8.474949279999999,7.460371639590518,2792825909,B0-POSSESSION-DRIVE-SCORE-PROCESS-V1,2022,2021,2021-REG-END,0.0,0.05,phase3-feature-provenance-v1,5f148219527b07d85261d3f196ace97a5eb5646271d43596032a692389abc579,2c5cc1af74fc5f3955e44361b82b791710e4b63bbc69b0c15570617e2d86e543,NONE,B0-poisson-multinomial-rare-tail-v1,10000
2022_01_BUF_LA,2022,1,2022-09-08,LA,BUF,10.0,31.0,-21.0,41.0,24.5419,25.4279,-0.886,49.9698,0.48245,166.6519095809581,175.59556114611462,317.59876387638764,366.8961775777578,11.165268466995098,11.185920686322671,0.2469142295249547,0.13680576520275975,0.26073387073327303,0.12182971264742035,10.0,15.0,23.0,33.0,42.0,10.0,16.0,24.0,34.0,43.0,-23.0,-13.0,-1.0,11.0,21.0,27.0,37.0,48.0,62.0,75.0,8.270724950000002,4.44153383,12.474669259999999,5.62280322,10.056282416168006,3943198766,B0-POSSESSION-DRIVE-SCORE-PROCESS-V1,2022,2021,2021-REG-END,0.0,0.05,phase3-feature-provenance-v1,5f148219527b07d85261d3f196ace97a5eb5646271d43596032a692389abc579,2c5cc1af74fc5f3955e44361b82b791710e4b63bbc69b0c15570617e2d86e543,NONE,B0-poisson-multinomial-rare-tail-v1,10000
2022_01_CLE_CAR,2022,1,2022-09-11,CAR,CLE,24.0,26.0,-2.0,50.0,22.04,20.4819,1.5581,42.5219,0.5368499999999999,142.6000600060006,131.84085647564757,253.30735512551257,295.5744778377838,11.128553591573906,11.213356133783833,0.21204786434398198,0.13646072220323727,0.19947305800014586,0.12104529349336075,7.0,13.0,21.0,29.0,38.0,7.0,13.0,20.0,27.0,35.0,-18.0,-9.0,1.0,12.0,21.0,22.0,30.0,41.0,53.0,65.0,3.08065866,4.12082765,3.93786349,5.73730975,5.589282717708885,2315523219,B0-POSSESSION-DRIVE-SCORE-PROCESS-V1,2022,2021,2021-REG-END,0.0,0.05,phase3-feature-provenance-v1,5f148219527b07d85261d3f196ace97a5eb5646271d43596032a692389abc579,2c5cc1af74fc5f3955e44361b82b791710e4b63bbc69b0c15570617e2d86e543,NONE,B0-poisson-multinomial-rare-tail-v1,10000
2022_01_DEN_SEA,2022,1,2022-09-12,SEA,DEN,17.0,16.0,1.0,33.0,24.4487,18.5643,5.8844,43.013,0.64005,167.57912622262228,119.34620013001302,268.52828946894687,305.3223632363236,10.955723400114437,10.853565914580518,0.25114447856581196,0.133927685716528,0.17405410011978634,0.1399843622104377,9.0,15.0,23.0,32.0,41.0,6.0,10.0,17.0,25.0,34.0,-14.0,-5.0,6.0,17.0,27.0,21.0,30.0,42.0,54.0,66.0,4.19999187,2.63942227,4.2448665399999985,5.7976759000000015,5.503044166594153,467029253,B0-POSSESSION-DRIVE-SCORE-PROCESS-V1,2022,2021,2021-REG-END,0.0,0.05,phase3-feature-provenance-v1,5f148219527b07d85261d3f196ace97a5eb5646271d43596032a692389abc579,2c5cc1af74fc5f3955e44361b82b791710e4b63bbc69b0c15570617e2d86e543,NONE,B0-poisson-multinomial-rare-tail-v1,10000
2022_01_GB_MIN,2022,1,2022-09-11,MIN,GB,23.0,7.0,16.0,30.0,24.8521,27.4122,-2.5601,52.2643,0.4371,167.5363792279228,182.34492565256525,321.2863166216622,378.4762931393139,11.097904876499555,11.033556191843521,0.24784872605995792,0.13806614613569282,0.27080180900233364,0.16615468373863607,10.0,16.0,24.0,33.0,42.0,10.0,17.0,26.0,36.0,45.0,-25.0,-14.0,-3.0,9.0,20.0,28.0,38.0,51.0,65.0,78.0,3.0188473699999996,13.10708038,11.309490270000001,13.06598991,13.110470568976037,3012684445,B0-POSSESSION-DRIVE-SCORE-PROCESS-V1,2022,2021,2021-REG-END,0.0,0.05,phase3-feature-provenance-v1,5f148219527b07d85261d3f196ace97a5eb5646271d43596032a692389abc579,2c5cc1af74fc5f3955e44361b82b791710e4b63bbc69b0c15570617e2d86e543,NONE,B0-poisson-multinomial-rare-tail-v1,10000
2022_01_IND_HOU,2022,1,2022-09-11,HOU,IND,20.0,20.0,0.0,40.0,21.0094,27.8238,-6.8144,48.8332,0.3476,134.5913707770777,186.71202476247626,294.25517815781575,348.35161292129214,11.080637937279748,10.977347379094294,0.19350786864664757,0.1565450538104917,0.280881063527422,0.16171575916370973,7.0,13.0,20.0,28.0,37.0,10.0,17.0,27.0,37.0,46.0,-28.0,-18.0,-7.0,4.0,15.0,26.0,36.0,47.0,61.0,74.0,2.6670925600000004,4.43621088,4.9612567,5.512712479999999,5.6765123140612594,2936870156,B0-POSSESSION-DRIVE-SCORE-PROCESS-V1,2022,2021,2021-REG-END,0.0,0.05,phase3-feature-provenance-v1,5f148219527b07d85261d3f196ace97a5eb5646271d43596032a692389abc579,2c5cc1af74fc5f3955e44361b82b791710e4b63bbc69b0c15570617e2d86e543,NONE,B0-poisson-multinomial-rare-tail-v1,10000
2022_01_JAX_WAS,2022,1,2022-09-11,WAS,JAX,28.0,22.0,6.0,50.0,24.0732,18.6084,5.4648,42.6816,0.6332,156.63230499049905,121.23497293729375,266.0035613161316,289.73099453945395,10.91412601896362,10.937276116550162,0.22462161376678477,0.17310361486077575,0.17136150207658482,0.13430900740107132,9.0,15.0,23.0,32.0,41.0,6.0,10.0,17.0,25.25,34.0,-15.0,-5.0,6.0,16.0,26.0,22.0,30.0,41.0,54.0,65.0,3.73425386,3.35877202,3.72979052,5.6535829,5.303017603162401,1600790823,B0-POSSESSION-DRIVE-SCORE-PROCESS-V1,2022,2021,2021-REG-END,0.0,0.05,phase3-feature-provenance-v1,5f148219527b07d85261d3f196ace97a5eb5646271d43596032a692389abc579,2c5cc1af74fc5f3955e44361b82b791710e4b63bbc69b0c15570617e2d86e543,NONE,B0-poisson-multinomial-rare-tail-v1,10000
2022_01_KC_ARI,2022,1,2022-09-11,ARI,KC,21.0,44.0,-23.0,65.0,25.3133,28.3911,-3.0778,53.7044,0.4274,175.78872198219824,186.02634342434243,337.2570728672867,386.3730579457946,10.65255281043931,10.64977353629452,0.27673038333246275,0.11665247650879557,0.29774058397954634,0.16621284456411842,10.0,16.0,24.0,34.0,43.0,12.900000000000091,19.0,27.0,37.0,47.0,-27.0,-15.0,-3.0,9.0,20.0,30.0,40.0,52.0,66.0,80.0,3.313320450000001,10.26751195,12.227562540000001,7.651367540000001,10.827258263513942,56066149,B0-POSSESSION-DRIVE-SCORE-PROCESS-V1,2022,2021,2021-REG-END,0.0,0.05,phase3-feature-provenance-v1,5f148219527b07d85261d3f196ace97a5eb5646271d43596032a692389abc579,2c5cc1af74fc5f3955e44361b82b791710e4b63bbc69b0c15570617e2d86e543,NONE,B0-poisson-multinomial-rare-tail-v1,10000
2022_01_LV_LAC,2022,1,2022-09-11,LAC,LV,24.0,19.0,5.0,43.0,29.57,26.8139,2.7561,56.3839,0.5610999999999999,203.62786278627863,173.99446623662365,350.48106089608956,404.76359714971494,10.735952707137526,10.986880540520774,0.31352916375577605,0.16178248115559782,0.2516609008976953,0.20169328725384147,13.0,20.0,28.0,38.0,48.0,10.0,17.0,26.0,35.0,44.0,-21.0,-10.0,3.0,15.0,27.0,32.0,42.0,55.0,69.0,83.0,3.85037786,4.353618330000001,4.40447533,7.51409913,6.528657191237741,604504468,B0-POSSESSION-DRIVE-SCORE-PROCESS-V1,2022,2021,2021-REG-END,0.0,0.05,phase3-feature-provenance-v1,5f148219527b07d85261d3f196ace97a5eb5646271d43596032a692389abc579,2c5cc1af74fc5f3955e44361b82b791710e4b63bbc69b0c15570617e2d86e543,NONE,B0-poisson-multinomial-rare-tail-v1,10000
2022_01_NE_MIA,2022,1,2022-09-11,MIA,NE,20.0,7.0,13.0,27.0,18.4934,28.1706,-9.6772,46.664,0.28485,120.52020846084609,192.12950859085907,290.8630864686469,334.4363476347635,11.074654082323958,11.052731955039462,0.18482501877170313,0.10233428260481013,0.2794417823013561,0.17260960947423418,6.0,10.0,17.0,25.0,34.0,11.0,17.0,27.0,37.0,47.0,-31.0,-21.0,-10.0,2.0,12.0,24.0,34.0,45.0,58.0,71.0,2.8044101800000005,13.6543798,14.44837572,11.25174454,13.668924107625669,505399054,B0-POSSESSION-DRIVE-SCORE-PROCESS-V1,2022,2021,2021-REG-END,0.0,0.05,phase3-feature-provenance-v1,5f148219527b07d85261d3f196ace97a5eb5646271d43596032a692389abc579,2c5cc1af74fc5f3955e44361b82b791710e4b63bbc69b0c15570617e2d86e543,NONE,B0-poisson-multinomial-rare-tail-v1,10000
2022_01_NO_ATL,2022,1,2022-09-11,ATL,NO,26.0,27.0,-1.0,53.0,23.3007,26.19,-2.8893,49.4907,0.43105,149.78085759575956,171.65586558655866,298.17306281628163,344.70038354835486,11.220009242332106,11.06436052922793,0.21081734543172106,0.17691135160187815,0.25913568984648655,0.16238018134824025,9.0,14.0,22.0,31.0,40.0,10.0,17.0,24.5,34.0,44.0,-25.0,-14.0,-3.0,9.0,19.0,26.0,37.0,48.0,61.0,74.0,3.3693266500000005,3.154967300000001,4.014524949999998,4.835779110000001,5.0929971799277975,2589210436,B0-POSSESSION-DRIVE-SCORE-PROCESS-V1,2022,2021,2021-REG-END,0.0,0.05,phase3-feature-provenance-v1,5f148219527b07d85261d3f196ace97a5eb5646271d43596032a692389abc579,2c5cc1af74fc5f3955e44361b82b791710e4b63bbc69b0c15570617e2d86e543,NONE,B0-poisson-multinomial-rare-tail-v1,10000
2022_01_NYG_TEN,2022,1,2022-09-11,TEN,NYG,20.0,21.0,-1.0,41.0,25.8604,17.3826,8.4778,43.243,0.69775,174.82599443944395,108.95451269126913,267.65387254725476,299.9071417141714,11.114317777451951,11.138767735606507,0.2584050682815333,0.1430143639913364,0.1494845825413354,0.14296814113157552,10.0,17.0,24.0,34.0,44.0,6.0,10.0,16.0,24.0,31.0,-12.0,-3.0,8.0,19.25,30.0,23.0,31.0,42.0,54.0,66.0,3.6845848400000003,3.263263340000001,5.80922546,4.007161459999999,5.473892257160079,204281819,B0-POSSESSION-DRIVE-SCORE-PROCESS-V1,2022,2021,2021-REG-END,0.0,0.05,phase3-feature-provenance-v1,5f148219527b07d85261d3f196ace97a5eb5646271d43596032a692389abc579,2c5cc1af74fc5f3955e44361b82b791710e4b63bbc69b0c15570617e2d86e543,NONE,B0-poisson-multinomial-rare-tail-v1,10000
2022_01_PHI_DET,2022,1,2022-09-11,DET,PHI,35.0,38.0,-3.0,73.0,22.5229,27.8453,-5.3224,50.3682,0.38470000000000004,147.06898248824882,193.20608851885186,318.69452769276927,361.8556143214322,10.930964135914103,10.915637994551457,0.21878037843229223,0.14773595272332785,0.2927675730774432,0.13656973385958385,7.0,14.0,21.0,30.0,38.100000000000364,10.0,17.0,27.0,37.0,46.0,-28.0,-17.0,-5.0,6.0,17.0,27.0,37.0,49.0,62.0,75.0,8.15435635,6.604672589999999,4.15649374,14.74455708,11.030090500567713,2374167967,B0-POSSESSION-DRIVE-SCORE-PROCESS-V1,2022,2021,2021-REG-END,0.0,0.05,phase3-feature-provenance-v1,5f148219527b07d85261d3f196ace97a5eb5646271d43596032a692389abc579,2c5cc1af74fc5f3955e44361b82b791710e4b63bbc69b0c15570617e2d86e543,NONE,B0-poisson-multinomial-rare-tail-v1,10000
2022_01_PIT_CIN,2022,1,2022-09-11,CIN,PIT,20.0,23.0,-3.0,43.0,21.953,22.7343,-0.7813,44.6873,0.47785,145.6991609160916,147.21222473247323,278.17508781878183,307.6476834783478,11.448837231819487,11.625534387339771,0.20827911750861366,0.12889048415433974,0.19310612765324026,0.17213133954818982,7.0,13.0,20.0,30.0,38.0,7.0,13.75,21.0,30.0,39.0,-22.0,-12.0,-1.0,10.0,20.0,23.0,32.0,43.0,56.0,68.0,2.8457117200000006,2.9013113299999995,3.89127431,4.120579169999999,4.514917387527419,472995095,B0-POSSESSION-DRIVE-SCORE-PROCESS-V1,2022,2021,2021-REG-END,0.0,0.05,phase3-feature-provenance-v1,5f148219527b07d85261d3f196ace97a5eb5646271d43596032a692389abc579,2c5cc1af74fc5f3955e44361b82b791710e4b63bbc69b0c15570617e2d86e543,NONE,B0-poisson-multinomial-rare-tail-v1,10000
2022_01_SF_CHI,2022,1,2022-09-11,CHI,SF,19.0,10.0,9.0,29.0,22.1866,25.0517,-2.8651,47.2383,0.4301,147.07228766876685,164.26325343534353,284.55515750575057,338.11592470247024,11.097718504144963,11.17070095363018,0.22050202617782502,0.12271906818960857,0.23772489195229815,0.1666609023961694,7.0,13.0,21.0,30.0,38.0,10.0,16.0,24.0,33.0,42.0,-24.0,-14.0,-3.0,8.0,18.0,24.0,34.0,46.0,59.0,71.0,3.0049037599999995,8.77850275,7.122012230000001,10.36462931,9.499988588461012,3559706039,B0-POSSESSION-DRIVE-SCORE-PROCESS-V1,2022,2021,2021-REG-END,0.0,0.05,phase3-feature-provenance-v1,5f148219527b07d85261d3f196ace97a5eb5646271d43596032a692389abc579,2c5cc1af74fc5f3955e44361b82b791710e4b63bbc69b0c15570617e2d86e543,NONE,B0-poisson-multinomial-rare-tail-v1,10000
2022_01_TB_DAL,2022,1,2022-09-11,DAL,TB,3.0,19.0,-16.0,22.0,29.6659,29.0286,0.6373,58.6945,0.51265,200.64094128412842,200.4798300230023,365.25147385738575,436.99006875687564,11.480331087935786,11.62729720677371,0.29558413488490765,0.1464049844838164,0.2885573756279105,0.13332352915399354,13.0,20.0,29.0,38.0,49.0,13.0,20.0,28.0,38.0,48.0,-23.0,-12.0,0.0,13.0,25.0,33.0,44.0,57.0,72.0,86.0,18.76285589,5.471006839999999,9.95005493,25.181960509999996,19.240355616010675,289416700,B0-POSSESSION-DRIVE-SCORE-PROCESS-V1,2022,2021,2021-REG-END,0.0,0.05,phase3-feature-provenance-v1,5f148219527b07d85261d3f196ace97a5eb5646271d43596032a692389abc579,2c5cc1af74fc5f3955e44361b82b791710e4b63bbc69b0c15570617e2d86e543,NONE,B0-poisson-multinomial-rare-tail-v1,10000
2022_02_ARI_LV,2022,2,2022-09-18,LV,ARI,23.0,29.0,-6.0,52.0,26.1665,26.2192,-0.0527,52.3857,0.5033,172.4222199719972,179.32188354835483,319.53247595759575,383.95573108310833,10.901791758483839,10.796445736327005,0.2555459801839996,0.181247753842187,0.2732247516758169,0.14807827934975626,10.0,17.0,25.0,34.0,44.0,10.0,17.0,24.0,34.0,44.0,-23.0,-12.0,0.0,12.0,23.0,29.0,38.0,51.0,64.0,79.0,3.137716150000001,3.61319136,4.964755049999999,4.612296730000001,5.269808123545003,4050574545,B0-POSSESSION-DRIVE-SCORE-PROCESS-V1,2022,2021,2021-REG-END,0.0,0.05,phase3-feature-provenance-v1,5f148219527b07d85261d3f196ace97a5eb5646271d43596032a692389abc579,2c5cc1af74fc5f3955e44361b82b791710e4b63bbc69b0c15570617e2d86e543,NONE,B0-poisson-multinomial-rare-tail-v1,10000
2022_02_ATL_LA,2022,2,2022-09-18,LA,ATL,31.0,27.0,4.0,58.0,29.4703,23.36,6.1103,52.8303,0.6285,201.50926883688368,151.56015601560156,318.9002239323932,387.2386257725773,10.92935402396978,11.007752610388838,0.3077859435148167,0.15453045453401293,0.22122745330235372,0.16367282779040737,13.0,20.0,28.0,38.0,48.0,9.0,14.0,22.0,31.0,40.0,-16.0,-6.0,6.0,18.0,29.0,29.0,39.0,51.0,65.0,79.0,3.5183142699999994,3.631047999999999,4.17935649,5.460308030000002,5.552915986237666,1627569418,B0-POSSESSION-DRIVE-SCORE-PROCESS-V1,2022,2021,2021-REG-END,0.0,0.05,phase3-feature-provenance-v1,5f148219527b07d85261d3f196ace97a5eb5646271d43596032a692389abc579,2c5cc1af74fc5f3955e44361b82b791710e4b63bbc69b0c15570617e2d86e543,NONE,B0-poisson-multinomial-rare-tail-v1,10000
2022_02_CAR_NYG,2022,2,2022-09-18,NYG,CAR,19.0,16.0,3.0,35.0,18.0486,21.2678,-3.2192,39.3164,0.41835,114.2124592859286,136.82716587658769,235.50130149014905,266.5779488348835,11.42098363406145,11.230086868785214,0.15413532068031174,0.1465831184177189,0.1822383882779818,0.17714305257194457,6.0,10.0,17.0,24.0,32.0,7.0,13.0,20.0,29.0,37.0,-22.0,-13.0,-3.0,7.0,16.0,19.0,28.0,38.0,50.0,61.0,2.6674998799999994,3.2904285999999994,4.507401939999999,4.02615364,4.691584576960617,3395070655,B0-POSSESSION-DRIVE-SCORE-PROCESS-V1,2022,2021,2021-REG-END,0.0,0.05,phase3-feature-provenance-v1,5f148219527b07d85261d3f196ace97a5eb5646271d43596032a692389abc579,2c5cc1af74fc5f3955e44361b82b791710e4b63bbc69b0c15570617e2d86e543,NONE,B0-poisson-multinomial-rare-tail-v1,10000
2022_02_CHI_GB,2022,2,2022-09-18,GB,CHI,27.0,10.0,17.0,37.0,27.7572,19.8498,7.9074,47.607,0.6738,186.4254907090709,128.07884784478446,290.70649588958895,338.30218121812186,10.949955653640961,10.793629570123404,0.283586438449806,0.15275182724344033,0.19904411900201138,0.12312349947873265,10.0,17.0,27.0,36.0,46.0,7.0,12.0,19.0,27.0,35.0,-14.0,-4.0,7.0,19.0,30.0,25.0,34.0,47.0,59.0,72.0,3.1549403000000007,5.25407406,5.934658600000001,6.158249600000001,6.5958159236284235,48669820,B0-POSSESSION-DRIVE-SCORE-PROCESS-V1,2022,2021,2021-REG-END,0.0,0.05,phase3-feature-provenance-v1,5f148219527b07d85261d3f196ace97a5eb5646271d43596032a692389abc579,2c5cc1af74fc5f3955e44361b82b791710e4b63bbc69b0c15570617e2d86e543,NONE,B0-poisson-multinomial-rare-tail-v1,10000
2022_02_CIN_DAL,2022,2,2022-09-18,DAL,CIN,20.0,17.0,3.0,37.0,30.8695,21.9581,8.9114,52.8276,0.68635,204.34450420042003,143.19446383638362,326.1443644764476,368.9335715971597,11.611402787039818,11.51478554319358,0.2914720859438852,0.1830527224273325,0.208529433937153,0.1331551927955398,13.0,20.0,30.0,40.0,50.0,7.0,13.0,20.0,30.0,38.0,-14.0,-3.0,9.0,21.0,32.0,30.0,39.0,51.0,65.0,78.0,5.8387579700000005,3.2031002299999995,4.874101379999999,8.6941989,7.290894865583519,2307265792,B0-POSSESSION-DRIVE-SCORE-PROCESS-V1,2022,2021,2021-REG-END,0.0,0.05,phase3-feature-provenance-v1,5f148219527b07d85261d3f196ace97a5eb5646271d43596032a692389abc579,2c5cc1af74fc5f3955e44361b82b791710e4b63bbc69b0c15570617e2d86e543,NONE,B0-poisson-multinomial-rare-tail-v1,10000
2022_02_HOU_DEN,2022,2,2022-09-18,DEN,HOU,16.0,9.0,7.0,25.0,23.0443,18.6352,4.4091,41.6795,0.60695,147.69070658065806,118.93361432143216,252.4079779877988,280.8406638163816,10.80041322725799,10.88365820177697,0.22868975139336736,0.15042505260146163,0.16961015675393273,0.14871280424783442,8.0,14.0,22.0,31.0,40.0,6.0,10.0,17.0,25.0,33.0,-16.0,-6.0,4.0,15.0,24.0,21.0,30.0,40.0,52.0,64.0,3.96273317,5.17790276,3.83315155,9.398707869999999,7.266879375272934,1393817200,B0-POSSESSION-DRIVE-SCORE-PROCESS-V1,2022,2021,2021-REG-END,0.0,0.05,phase3-feature-provenance-v1,5f148219527b07d85261d3f196ace97a5eb5646271d43596032a692389abc579,2c5cc1af74fc5f3955e44361b82b791710e4b63bbc69b0c15570617e2d86e543,NONE,B0-poisson-multinomial-rare-tail-v1,10000
2022_02_IND_JAX,2022,2,2022-09-18,JAX,IND,24.0,0.0,24.0,24.0,19.8322,27.2966,-7.4644,47.1288,0.3321,128.04484764476445,178.14864330433042,285.8139140314031,326.5730678667867,11.02268708990353,10.899335663319015,0.18130083351416207,0.15147216484230122,0.2701749881142233,0.16895553896391804,6.0,12.0,19.0,27.0,35.0,10.0,17.0,26.0,36.0,45.0,-29.0,-18.0,-7.0,4.0,14.0,25.0,34.0,46.0,59.0,71.0,3.6302569400000007,19.823023120000002,22.37080684,14.0334569,19.343219331706614,3456473154,B0-POSSESSION-DRIVE-SCORE-PROCESS-V1,2022,2021,2021-REG-END,0.0,0.05,phase3-feature-provenance-v1,5f148219527b07d85261d3f196ace97a5eb5646271d43596032a692389abc579,2c5cc1af74fc5f3955e44361b82b791710e4b63bbc69b0c15570617e2d86e543,NONE,B0-poisson-multinomial-rare-tail-v1,10000
2022_02_LAC_KC,2022,2,2022-09-15,KC,LAC,27.0,24.0,3.0,51.0,32.5685,25.3774,7.1911,57.9459,0.65135,222.99920767076705,179.82835207520753,364.65024581458147,441.00487367736775,10.792711620391806,10.583555805787112,0.3436817005617177,0.18421150069909561,0.279404100650128,0.12640376651544075,14.0,22.0,31.0,42.0,52.0,10.0,16.0,24.0,34.0,43.0,-17.0,-5.0,7.0,20.0,31.0,32.0,43.0,57.0,71.0,86.0,3.9473835699999995,3.07529798,4.66587681,5.471346429999999,5.623221121053804,2677207531,B0-POSSESSION-DRIVE-SCORE-PROCESS-V1,2022,2021,2021-REG-END,0.0,0.05,phase3-feature-provenance-v1,5f148219527b07d85261d3f196ace97a5eb5646271d43596032a692389abc579,2c5cc1af74fc5f3955e44361b82b791710e4b63bbc69b0c15570617e2d86e543,NONE,B0-poisson-multinomial-rare-tail-v1,10000
2022_02_MIA_BAL,2022,2,2022-09-18,BAL,MIA,38.0,42.0,-4.0,80.0,27.6294,21.0208,6.6086,48.6502,0.64515,184.6553211721172,138.15658301830183,298.4562516651665,347.1675567156716,11.384903480774723,11.325627539355077,0.2618044239898743,0.17202837215129368,0.20593925195397944,0.10779161881948353,10.0,17.0,27.0,36.0,46.0,7.0,13.0,20.0,28.0,37.0,-15.0,-5.0,6.0,18.0,28.0,26.0,35.0,47.0,60.0,74.0,6.78156328,15.14307242,6.4658057200000005,22.143651239999997,16.555730028140594,3631310971,B0-POSSESSION-DRIVE-SCORE-PROCESS-V1,2022,2021,2021-REG-END,0.0,0.05,phase3-feature-provenance-v1,5f148219527b07d85261d3f196ace97a5eb5646271d43596032a692389abc579,2c5cc1af74fc5f3955e44361b82b791710e4b63bbc69b0c15570617e2d86e543,NONE,B0-poisson-multinomial-rare-tail-v1,10000
2022_02_MIN_PHI,2022,2,2022-09-19,PHI,MIN,24.0,7.0,17.0,31.0,25.6662,23.385,2.2812,49.0512,0.5477,163.25110267026704,157.50292529252926,299.79790635063506,341.7101495749575,11.167963379254832,11.217625100917562,0.24479935361952143,0.17032375149687937,0.23008215615033192,0.13168255531270903,10.0,17.0,24.0,34.0,43.0,8.0,14.0,22.0,31.0,41.0,-20.0,-9.0,2.0,14.0,24.0,27.0,36.0,48.0,61.0,73.0,2.9716394200000007,9.869520920000001,8.849262880000001,10.14410774,10.309241989831389,1504920345,B0-POSSESSION-DRIVE-SCORE-PROCESS-V1,2022,2021,2021-REG-END,0.0,0.05,phase3-feature-provenance-v1,5f148219527b07d85261d3f196ace97a5eb5646271d43596032a692389abc579,2c5cc1af74fc5f3955e44361b82b791710e4b63bbc69b0c15570617e2d86e543,NONE,B0-poisson-multinomial-rare-tail-v1,10000
2022_02_NE_PIT,2022,2,2022-09-18,PIT,NE,14.0,17.0,-3.0,31.0,18.3071,24.3717,-6.0646,42.6788,0.3564,116.74246383638365,162.63760287028705,265.1105378937894,293.6495955195519,11.391430836844586,11.170437981179306,0.1655184228754779,0.1215558358632225,0.2256993986352359,0.17455170442770057,6.0,10.0,17.0,24.0,33.0,9.0,16.0,23.0,32.0,41.0,-27.0,-17.0,-6.0,5.0,14.0,22.0,30.0,41.0,53.0,65.0,2.8423127899999994,4.12261641,3.906483080000001,6.45894352,5.602859599846273,2595221805,B0-POSSESSION-DRIVE-SCORE-PROCESS-V1,2022,2021,2021-REG-END,0.0,0.05,phase3-feature-provenance-v1,5f148219527b07d85261d3f196ace97a5eb5646271d43596032a692389abc579,2c5cc1af74fc5f3955e44361b82b791710e4b63bbc69b0c15570617e2d86e543,NONE,B0-poisson-multinomial-rare-tail-v1,10000
2022_02_NYJ_CLE,2022,2,2022-09-18,CLE,NYJ,30.0,31.0,-1.0,61.0,25.9238,19.352,6.5718,45.2758,0.6497499999999999,180.25641920192018,123.02539853985398,285.540598819882,321.02303666366635,11.209884296327846,11.144330065041133,0.2674431369914117,0.12034436528303663,0.1869811686542496,0.11846300986496265,10.0,17.0,24.0,34.0,44.0,6.0,10.0,18.0,27.0,34.0,-15.0,-4.0,6.0,17.0,28.0,23.0,33.0,44.0,57.0,69.0,3.9470475800000004,7.617568459999999,5.12325618,10.07063348,8.760728903689625,3375335642,B0-POSSESSION-DRIVE-SCORE-PROCESS-V1,2022,2021,2021-REG-END,0.0,0.05,phase3-feature-provenance-v1,5f148219527b07d85261d3f196ace97a5eb5646271d43596032a692389abc579,2c5cc1af74fc5f3955e44361b82b791710e4b63bbc69b0c15570617e2d86e543,NONE,B0-poisson-multinomial-rare-tail-v1,10000
2022_02_SEA_SF,2022,2,2022-09-18,SF,SEA,27.0,7.0,20.0,34.0,25.0842,25.0917,-0.0075,50.1759,0.499,167.55586594659465,169.34442555255524,309.51039478947894,364.2901882088209,11.167530144266014,11.075349674883112,0.2477034135105808,0.1503958277583686,0.25954353016543147,0.12146201324411596,10.0,16.0,24.0,33.0,43.0,10.0,16.0,24.0,33.0,42.0,-22.0,-11.0,0.0,12.0,22.0,27.0,37.0,49.0,62.0,76.0,3.30624526,11.20180891,12.330478770000001,8.934292189999999,11.609915037587857,783452407,B0-POSSESSION-DRIVE-SCORE-PROCESS-V1,2022,2021,2021-REG-END,0.0,0.05,phase3-feature-provenance-v1,5f148219527b07d85261d3f196ace97a5eb5646271d43596032a692389abc579,2c5cc1af74fc5f3955e44361b82b791710e4b63bbc69b0c15570617e2d86e543,NONE,B0-poisson-multinomial-rare-tail-v1,10000
2022_02_TB_NO,2022,2,2022-09-18,NO,TB,10.0,20.0,-10.0,30.0,25.6765,27.215,-1.5385,52.8915,0.46805,171.6072084708471,189.26450145014502,338.04812256225625,383.695297279728,11.516395636381798,11.567398716031496,0.24210459640081966,0.15299254115450042,0.2641384712624995,0.13250698011837228,10.0,16.0,24.0,34.0,43.0,10.0,17.0,26.0,36.0,45.0,-25.0,-14.0,-1.0,10.0,22.0,29.0,40.0,51.0,65.0,79.0,9.16649453,4.222355179999999,5.802951330000003,13.584325410000002,10.559172622681203,1558994545,B0-POSSESSION-DRIVE-SCORE-PROCESS-V1,2022,2021,2021-REG-END,0.0,0.05,phase3-feature-provenance-v1,5f148219527b07d85261d3f196ace97a5eb5646271d43596032a692389abc579,2c5cc1af74fc5f3955e44361b82b791710e4b63bbc69b0c15570617e2d86e543,NONE,B0-poisson-multinomial-rare-tail-v1,10000
2022_02_TEN_BUF,2022,2,2022-09-19,BUF,TEN,41.0,7.0,34.0,48.0,27.8438,21.8784,5.9654,49.7222,0.63465,187.36993855385538,143.83379681968196,307.3739402340234,355.0335305130513,11.12508120736008,10.96285346579263,0.2848718854599228,0.14462350895161252,0.22452269583064266,0.10771394284565994,10.0,17.0,27.0,37.0,46.0,7.0,13.0,21.0,29.0,38.0,-16.0,-6.0,6.0,17.0,28.0,27.0,36.0,48.0,61.0,75.0,8.43417298,8.763162139999999,19.04532824,4.3718974,13.284555436720542,2637993722,B0-POSSESSION-DRIVE-SCORE-PROCESS-V1,2022,2021,2021-REG-END,0.0,0.05,phase3-feature-provenance-v1,5f148219527b07d85261d3f196ace97a5eb5646271d43596032a692389abc579,2c5cc1af74fc5f3955e44361b82b791710e4b63bbc69b0c15570617e2d86e543,NONE,B0-poisson-multinomial-rare-tail-v1,10000
2022_02_WAS_DET,2022,2,2022-09-18,DET,WAS,36.0,27.0,9.0,63.0,23.4194,24.4245,-1.0051,47.8439,0.47859999999999997,155.36744038403842,167.65986573657366,300.35250924092406,345.70210300030004,10.972651325994853,11.007374056041801,0.23166790450774952,0.14638095852303823,0.24150531411761586,0.15352241156826862,7.900000000000091,14.0,23.0,31.0,40.0,9.0,15.0,23.0,33.0,41.0,-23.0,-12.0,-1.0,10.0,21.0,25.0,34.0,47.0,60.0,72.0,8.198299420000001,3.4648385700000004,6.23151137,9.70158301,9.028255397085312,375116980,B0-POSSESSION-DRIVE-SCORE-PROCESS-V1,2022,2021,2021-REG-END,0.0,0.05,phase3-feature-provenance-v1,5f148219527b07d85261d3f196ace97a5eb5646271d43596032a692389abc579,2c5cc1af74fc5f3955e44361b82b791710e4b63bbc69b0c15570617e2d86e543,NONE,B0-poisson-multinomial-rare-tail-v1,10000
2022_03_ATL_SEA,2022,3,2022-09-25,SEA,ATL,23.0,27.0,-4.0,50.0,27.8231,22.7131,5.11,50.5362,0.6172,192.55186157615762,141.8201704070407,307.45104510451046,361.2930188618862,10.840021193713632,10.919007001448483,0.2969292682259107,0.13381124304341083,0.20808150661616914,0.1838414257434425,10.0,17.0,27.0,37.0,46.0,9.0,14.0,21.0,30.0,38.0,-17.0,-6.0,5.0,17.0,27.0,27.0,37.0,49.0,62.0,75.0,3.5781690900000003,3.751463630000001,5.808496239999998,4.429059279999999,5.707768454207388,2792252251,B0-POSSESSION-DRIVE-SCORE-PROCESS-V1,2022,2021,2021-REG-END,0.0,0.05,phase3-feature-provenance-v1,5f148219527b07d85261d3f196ace97a5eb5646271d43596032a692389abc579,2c5cc1af74fc5f3955e44361b82b791710e4b63bbc69b0c15570617e2d86e543,NONE,B0-poisson-multinomial-rare-tail-v1,10000
2022_03_BAL_NE,2022,3,2022-09-25,NE,BAL,26.0,37.0,-11.0,63.0,26.7574,21.4349,5.3225,48.1923,0.6156499999999999,185.50229546954697,137.23628561856185,302.12310606060606,343.35405611561157,10.973329280461991,10.90386722670203,0.2672129553622968,0.16379421343983283,0.20212052960378135,0.1491849487757345,10.0,17.0,26.0,35.0,45.0,7.0,13.0,20.0,29.0,37.0,-17.0,-6.0,5.0,17.0,28.0,26.0,35.0,47.0,60.0,73.0,3.16695908,10.497588450000002,9.643160009999999,9.473251670000002,10.685516610296155,3960485265,B0-POSSESSION-DRIVE-SCORE-PROCESS-V1,2022,2021,2021-REG-END,0.0,0.05,phase3-feature-provenance-v1,5f148219527b07d85261d3f196ace97a5eb5646271d43596032a692389abc579,2c5cc1af74fc5f3955e44361b82b791710e4b63bbc69b0c15570617e2d86e543,NONE,B0-poisson-multinomial-rare-tail-v1,10000
2022_03_BUF_MIA,2022,3,2022-09-25,MIA,BUF,21.0,19.0,2.0,40.0,20.4779,27.6043,-7.1264,48.0822,0.3409,135.68788037803782,189.55107661766175,302.97052009200917,347.50739389938997,11.169955421121546,11.224581055680888,0.20405036017884243,0.1106800735894916,0.29034338685944266,0.1290420740899696,7.0,13.0,20.0,28.0,36.0,10.0,17.0,27.0,36.0,46.0,-30.0,-18.0,-7.0,4.0,15.0,25.0,34.0,47.0,60.0,73.0,2.83814325,4.768790289999999,5.81989516,5.3377303399999985,6.04843398145117,3917516474,B0-POSSESSION-DRIVE-SCORE-PROCESS-V1,2022,2021,2021-REG-END,0.0,0.05,phase3-feature-provenance-v1,5f148219527b07d85261d3f196ace97a5eb5646271d43596032a692389abc579,2c5cc1af74fc5f3955e44361b82b791710e4b63bbc69b0c15570617e2d86e543,NONE,B0-poisson-multinomial-rare-tail-v1,10000
2022_03_CIN_NYJ,2022,3,2022-09-25,NYJ,CIN,12.0,27.0,-15.0,39.0,22.1818,25.1318,-2.95,47.3136,0.4302,144.6980185618562,167.90681944194418,287.1988198819882,338.0108561256126,11.411149891637614,11.276483304233253,0.1972593706460865,0.15946900515890378,0.24474139822229043,0.1417049152156705,7.0,13.0,21.0,30.0,38.0,10.0,16.0,24.0,33.0,42.0,-24.0,-14.0,-3.0,8.0,18.0,25.0,34.0,46.0,59.0,71.0,5.49649758,3.2980486000000004,7.315501339999999,5.297872980000001,6.9302112122215895,3117974452,B0-POSSESSION-DRIVE-SCORE-PROCESS-V1,2022,2021,2021-REG-END,0.0,0.05,phase3-feature-provenance-v1,5f148219527b07d85261d3f196ace97a5eb5646271d43596032a692389abc579,2c5cc1af74fc5f3955e44361b82b791710e4b63bbc69b0c15570617e2d86e543,NONE,B0-poisson-multinomial-rare-tail-v1,10000
2022_03_DAL_NYG,2022,3,2022-09-26,NYG,DAL,16.0,23.0,-7.0,39.0,18.3124,27.4445,-9.1321,45.7569,0.28995,115.86239247924794,178.60418016801677,269.3073803280328,319.6257649664966,11.53266555991804,11.293522826797311,0.1577850645426802,0.13093999511431886,0.2587601100394154,0.18286106950669923,6.0,10.0,17.0,24.0,33.0,12.0,17.0,26.0,36.0,45.0,-31.0,-20.0,-9.0,2.0,11.0,24.0,33.0,44.0,57.0,69.0,2.544326220000001,3.3700170500000004,3.8353561900000006,4.84329505,4.701332511341768,2075993400,B0-POSSESSION-DRIVE-SCORE-PROCESS-V1,2022,2021,2021-REG-END,0.0,0.05,phase3-feature-provenance-v1,5f148219527b07d85261d3f196ace97a5eb5646271d43596032a692389abc579,2c5cc1af74fc5f3955e44361b82b791710e4b63bbc69b0c15570617e2d86e543,NONE,B0-poisson-multinomial-rare-tail-v1,10000
2022_03_DET_MIN,2022,3,2022-09-25,MIN,DET,28.0,24.0,4.0,52.0,28.7443,22.685,6.0593,51.4293,0.6347,193.65728323832386,143.77535253525352,304.82726623662364,370.03800531053105,11.261874577774913,11.114765220923553,0.29377831801898907,0.13983217940310597,0.2043381265242576,0.17780893458232966,13.0,19.0,27.0,37.0,47.0,9.0,14.0,21.0,30.0,39.0,-16.0,-6.0,6.0,18.0,28.0,28.0,38.0,50.0,64.0,77.0,3.239706189999999,2.9963357199999994,4.0901293899999995,4.54177387,4.822473291731461,905885783,B0-POSSESSION-DRIVE-SCORE-PROCESS-V1,2022,2021,2021-REG-END,0.0,0.05,phase3-feature-provenance-v1,5f148219527b07d85261d3f196ace97a5eb5646271d43596032a692389abc579,2c5cc1af74fc5f3955e44361b82b791710e4b63bbc69b0c15570617e2d86e543,NONE,B0-poisson-multinomial-rare-tail-v1,10000
2022_03_GB_TB,2022,3,2022-09-25,TB,GB,12.0,14.0,-2.0,26.0,29.2452,26.1401,3.1051,55.3853,0.5683,200.8223591959196,177.4790198919892,352.02045603560356,404.58230214021404,11.074063083450476,11.041624705796222,0.30642900917149857,0.13866240132958488,0.27362052886678767,0.13060358486752058,13.0,19.0,28.0,38.0,48.0,10.0,17.0,24.0,34.0,44.0,-20.0,-9.0,3.0,15.0,27.0,30.0,41.0,54.0,68.0,82.0,10.201448919999999,6.550936010000001,4.83033017,18.76048677,13.081498422179548,2483051638,B0-POSSESSION-DRIVE-SCORE-PROCESS-V1,2022,2021,2021-REG-END,0.0,0.05,phase3-feature-provenance-v1,5f148219527b07d85261d3f196ace97a5eb5646271d43596032a692389abc579,2c5cc1af74fc5f3955e44361b82b791710e4b63bbc69b0c15570617e2d86e543,NONE,B0-poisson-multinomial-rare-tail-v1,10000
2022_03_HOU_CHI,2022,3,2022-09-25,CHI,HOU,23.0,20.0,3.0,43.0,23.5233,19.9516,3.5717,43.4749,0.5903999999999999,155.52860997099714,126.2404814881488,266.1494740574057,297.3887088608861,11.076438648157811,11.104877185522376,0.23653843851699297,0.12833860358663288,0.1772600888482756,0.15997677408382355,9.0,14.0,23.0,31.0,40.0,6.0,12.0,19.0,27.0,35.0,-17.0,-7.0,4.0,14.0,24.0,23.0,31.0,42.0,54.0,66.0,2.8893330300000004,2.6849824400000006,3.71691575,4.058557070000001,4.396709458314788,1843554636,B0-POSSESSION-DRIVE-SCORE-PROCESS-V1,2022,2021,2021-REG-END,0.0,0.05,phase3-feature-provenance-v1,5f148219527b07d85261d3f196ace97a5eb5646271d43596032a692389abc579,2c5cc1af74fc5f3955e44361b82b791710e4b63bbc69b0c15570617e2d86e543,NONE,B0-poisson-multinomial-rare-tail-v1,10000
2022_03_JAX_LAC,2022,3,2022-09-25,LAC,JAX,10.0,38.0,-28.0,48.0,28.5783,20.8974,7.6809,49.4757,0.67105,192.65273438343834,133.53782702270226,301.3954147314732,350.98570808080814,10.871379397348253,10.937191770452763,0.299881788445155,0.1567941489390019,0.20086220791168474,0.143288027686603,12.0,19.0,27.0,37.0,47.0,7.0,13.0,20.0,28.0,37.0,-14.0,-4.0,7.0,19.0,30.0,27.0,36.0,48.0,61.0,74.0,11.372266009999999,11.7785656,26.194090789999997,4.35568267,17.566928766212055,3542077392,B0-POSSESSION-DRIVE-SCORE-PROCESS-V1,2022,2021,2021-REG-END,0.0,0.05,phase3-feature-provenance-v1,5f148219527b07d85261d3f196ace97a5eb5646271d43596032a692389abc579,2c5cc1af74fc5f3955e44361b82b791710e4b63bbc69b0c15570617e2d86e543,NONE,B0-poisson-multinomial-rare-tail-v1,10000
2022_03_KC_IND,2022,3,2022-09-25,IND,KC,20.0,17.0,3.0,37.0,26.1128,28.9965,-2.8837,55.1093,0.43815,176.11648780878087,193.48963671367136,338.6354378537854,400.57681119111913,10.807440117295881,10.900741124146542,0.2723936644746434,0.13863481793305962,0.2838097086471996,0.19654824287718514,10.0,17.0,24.0,34.0,44.0,13.0,19.0,27.0,38.0,48.0,-27.0,-15.0,-3.0,9.0,21.0,30.0,41.0,54.0,68.0,82.0,3.8097368200000004,6.4906131899999995,5.00486027,10.11358397,8.313900789524112,2364949832,B0-POSSESSION-DRIVE-SCORE-PROCESS-V1,2022,2021,2021-REG-END,0.0,0.05,phase3-feature-provenance-v1,5f148219527b07d85261d3f196ace97a5eb5646271d43596032a692389abc579,2c5cc1af74fc5f3955e44361b82b791710e4b63bbc69b0c15570617e2d86e543,NONE,B0-poisson-multinomial-rare-tail-v1,10000
2022_03_LA_ARI,2022,3,2022-09-25,ARI,LA,12.0,20.0,-8.0,32.0,24.6319,25.8885,-1.2566,50.5204,0.47095000000000004,172.58406079607963,172.11967971797176,324.59861630163016,364.8088647264726,10.98886876100655,10.832343760157144,0.26006210975935184,0.11456618919113866,0.26307396630067253,0.1468522902546638,9.0,15.0,23.0,33.0,42.0,10.0,17.0,24.0,34.0,44.0,-24.0,-13.0,-1.0,11.0,21.0,27.0,37.0,49.0,62.0,76.0,6.9861662099999995,3.714297170000001,5.13270468,10.4269562,8.536295702962054,3994340899,B0-POSSESSION-DRIVE-SCORE-PROCESS-V1,2022,2021,2021-REG-END,0.0,0.05,phase3-feature-provenance-v1,5f148219527b07d85261d3f196ace97a5eb5646271d43596032a692389abc579,2c5cc1af74fc5f3955e44361b82b791710e4b63bbc69b0c15570617e2d86e543,NONE,B0-poisson-multinomial-rare-tail-v1,10000
2022_03_LV_TEN,2022,3,2022-09-25,TEN,LV,24.0,22.0,2.0,46.0,27.1605,25.2066,1.9539,52.3671,0.5382,190.72201195119513,162.35295173517352,322.9678715771577,383.1820557955796,10.814447988589622,11.010884642176379,0.28902855567154306,0.13950156963177646,0.22797411012838995,0.2002747446401546,10.0,17.0,26.0,36.0,45.0,10.0,16.0,24.0,33.0,42.0,-21.0,-10.0,2.0,14.0,25.0,28.0,38.0,51.0,64.0,78.0,3.2930106099999996,3.1080396199999996,4.17281011,5.03865893,5.073765058651011,3108913490,B0-POSSESSION-DRIVE-SCORE-PROCESS-V1,2022,2021,2021-REG-END,0.0,0.05,phase3-feature-provenance-v1,5f148219527b07d85261d3f196ace97a5eb5646271d43596032a692389abc579,2c5cc1af74fc5f3955e44361b82b791710e4b63bbc69b0c15570617e2d86e543,NONE,B0-poisson-multinomial-rare-tail-v1,10000
2022_03_NO_CAR,2022,3,2022-09-25,CAR,NO,22.0,14.0,8.0,36.0,20.4064,23.634,-3.2276,44.0404,0.41950000000000004,132.8151205520552,149.2667706770677,259.9535935993599,304.2101888588859,11.599497296846737,11.582021122141516,0.17837875234424436,0.14319087376868536,0.20914826091478897,0.17329142915434786,7.0,13.0,20.0,27.0,36.0,9.0,14.0,23.0,31.0,40.0,-24.0,-14.0,-3.0,7.0,17.0,23.0,32.0,43.0,55.0,67.0,2.9490315000000002,5.22993528,6.74491804,5.06891152,6.501339571829982,1374327245,B0-POSSESSION-DRIVE-SCORE-PROCESS-V1,2022,2021,2021-REG-END,0.0,0.05,phase3-feature-provenance-v1,5f148219527b07d85261d3f196ace97a5eb5646271d43596032a692389abc579,2c5cc1af74fc5f3955e44361b82b791710e4b63bbc69b0c15570617e2d86e543,NONE,B0-poisson-multinomial-rare-tail-v1,10000
2022_03_PHI_WAS,2022,3,2022-09-25,WAS,PHI,8.0,24.0,-16.0,32.0,21.6349,24.8457,-3.2108,46.4806,0.42605,136.31983397339732,168.34552606260627,282.57742110211024,326.75329896989695,11.163158767408913,11.075585738825167,0.20238436936986345,0.14697541749118853,0.2515751209287543,0.136075562785999,7.0,13.0,20.0,29.0,37.0,10.0,16.0,24.0,33.0,42.0,-24.0,-14.0,-3.0,8.0,18.0,24.0,34.0,45.0,57.0,71.0,7.93390225,3.0143611299999993,7.70261764,7.966194640000001,8.697299875084916,2861746038,B0-POSSESSION-DRIVE-SCORE-PROCESS-V1,2022,2021,2021-REG-END,0.0,0.05,phase3-feature-provenance-v1,5f148219527b07d85261d3f196ace97a5eb5646271d43596032a692389abc579,2c5cc1af74fc5f3955e44361b82b791710e4b63bbc69b0c15570617e2d86e543,NONE,B0-poisson-multinomial-rare-tail-v1,10000
2022_03_PIT_CLE,2022,3,2022-09-22,CLE,PIT,29.0,17.0,12.0,46.0,20.9814,21.1537,-0.1723,42.1351,0.49835,137.3497890189019,136.14869117911792,258.31284399439943,288.68411640164015,11.36806748472181,11.49664498202544,0.20934421582757096,0.10414091801524494,0.19787758873023809,0.12526619888219506,7.0,13.0,20.0,28.0,37.0,7.0,13.0,20.0,28.0,37.0,-21.0,-11.0,0.0,10.0,20.0,21.0,30.0,41.0,53.0,65.0,5.36960642,3.00128853,7.318163250000001,4.56840893,6.5763620174703785,1875494523,B0-POSSESSION-DRIVE-SCORE-PROCESS-V1,2022,2021,2021-REG-END,0.0,0.05,phase3-feature-provenance-v1,5f148219527b07d85261d3f196ace97a5eb5646271d43596032a692389abc579,2c5cc1af74fc5f3955e44361b82b791710e4b63bbc69b0c15570617e2d86e543,NONE,B0-poisson-multinomial-rare-tail-v1,10000
2022_03_SF_DEN,2022,3,2022-09-25,DEN,SF,11.0,10.0,1.0,21.0,20.8654,23.2653,-2.3999,44.1307,0.44015,138.4853313731373,153.1224281528153,269.6949494849485,313.5205695669567,10.773430323852232,10.844887356358894,0.2045826454814969,0.13451651215537286,0.2269356630212473,0.15970049470778852,7.0,13.0,20.0,28.0,37.0,9.0,14.0,22.0,31.0,40.0,-24.0,-13.0,-3.0,8.0,18.0,23.0,31.0,43.0,55.0,68.0,5.27767414,7.41432097,4.049837650000001,14.09190339,10.032290207410274,752668019,B0-POSSESSION-DRIVE-SCORE-PROCESS-V1,2022,2021,2021-REG-END,0.0,0.05,phase3-feature-provenance-v1,5f148219527b07d85261d3f196ace97a5eb5646271d43596032a692389abc579,2c5cc1af74fc5f3955e44361b82b791710e4b63bbc69b0c15570617e2d86e543,NONE,B0-poisson-multinomial-rare-tail-v1,10000
2022_04_ARI_CAR,2022,4,2022-10-02,CAR,ARI,16.0,26.0,-10.0,42.0,22.6991,23.3485,-0.6494,46.0476,0.48275,151.1318723772377,156.9137391239124,292.84516415641565,323.2460588458846,11.043547425804423,11.088611923357044,0.22119405069456236,0.14253705021665522,0.22767620164541358,0.13848970930384752,7.0,14.0,21.0,30.0,39.0,7.0,14.0,22.0,31.0,40.0,-22.0,-12.0,-1.0,10.0,21.0,24.0,33.0,45.0,57.0,69.0,3.796017009999999,3.3942599699999993,5.939939319999999,4.358479939999999,5.684018857723034,3014455608,B0-POSSESSION-DRIVE-SCORE-PROCESS-V1,2022,2021,2021-REG-END,0.0,0.05,phase3-feature-provenance-v1,5f148219527b07d85261d3f196ace97a5eb5646271d43596032a692389abc579,2c5cc1af74fc5f3955e44361b82b791710e4b63bbc69b0c15570617e2d86e543,NONE,B0-poisson-multinomial-rare-tail-v1,10000
2022_04_BUF_BAL,2022,4,2022-10-02,BAL,BUF,20.0,23.0,-3.0,43.0,24.1822,26.2518,-2.0696,50.434,0.4515,157.60316347634762,178.01759851985196,314.88044388438846,356.3610801080108,11.138627093653652,11.192036124144206,0.23080518367031544,0.16111548735777956,0.2714258289214288,0.12100598275733439,9.0,15.0,23.0,31.0,41.0,10.0,17.0,25.0,34.0,44.0,-25.0,-14.0,-2.0,10.0,20.100000000000364,27.0,37.0,50.0,62.0,75.0,3.14821772,3.265189920000001,4.056056660000001,5.246311500000001,5.074180354659202,1647765615,B0-POSSESSION-DRIVE-SCORE-PROCESS-V1,2022,2021,2021-REG-END,0.0,0.05,phase3-feature-provenance-v1,5f148219527b07d85261d3f196ace97a5eb5646271d43596032a692389abc579,2c5cc1af74fc5f3955e44361b82b791710e4b63bbc69b0c15570617e2d86e543,NONE,B0-poisson-multinomial-rare-tail-v1,10000
2022_04_CHI_NYG,2022,4,2022-10-02,NYG,CHI,20.0,12.0,8.0,32.0,18.6565,20.8854,-2.2289,39.5419,0.446,115.45085283528354,135.343801220122,236.930197809781,264.6591103010301,11.146753520320527,11.083171885134654,0.16196085323116596,0.15083398844367907,0.19583241134153848,0.1456619981264007,6.0,10.0,17.0,25.0,33.0,7.0,13.0,20.0,28.0,37.0,-22.0,-12.0,-2.0,8.0,17.0,20.0,28.0,38.0,50.0,61.0,2.73534045,4.74658872,6.0907336700000005,4.7556151700000004,5.953856333177862,382987831,B0-POSSESSION-DRIVE-SCORE-PROCESS-V1,2022,2021,2021-REG-END,0.0,0.05,phase3-feature-provenance-v1,5f148219527b07d85261d3f196ace97a5eb5646271d43596032a692389abc579,2c5cc1af74fc5f3955e44361b82b791710e4b63bbc69b0c15570617e2d86e543,NONE,B0-poisson-multinomial-rare-tail-v1,10000
2022_04_CLE_ATL,2022,4,2022-10-02,ATL,CLE,23.0,20.0,3.0,43.0,26.6619,23.8907,2.7712,50.5526,0.5628500000000001,178.39542793279327,159.62691620162016,307.3939899589959,368.65069830983094,10.957406513490003,10.69492203734852,0.2661355181617448,0.16234241156929816,0.25908615484484493,0.11616741620416973,10.0,17.0,26.0,35.0,44.0,9.0,14.0,23.0,31.0,41.0,-19.0,-9.0,3.0,14.0,25.0,27.0,37.0,49.0,62.0,76.0,3.2756848099999996,3.1582427099999997,3.9910407999999986,5.249698160000001,5.10113068913671,3619863804,B0-POSSESSION-DRIVE-SCORE-PROCESS-V1,2022,2021,2021-REG-END,0.0,0.05,phase3-feature-provenance-v1,5f148219527b07d85261d3f196ace97a5eb5646271d43596032a692389abc579,2c5cc1af74fc5f3955e44361b82b791710e4b63bbc69b0c15570617e2d86e543,NONE,B0-poisson-multinomial-rare-tail-v1,10000
2022_04_DEN_LV,2022,4,2022-10-02,LV,DEN,32.0,23.0,9.0,55.0,24.44,21.8152,2.6248,46.2552,0.5615,155.33393339333932,139.7228212421242,275.53937889788983,314.57413037303735,10.812399531870573,10.600977903953082,0.22559754141603214,0.2000141763086946,0.2099049952497253,0.16071940205350618,10.0,16.0,23.0,32.0,41.0,7.0,13.0,20.0,29.0,37.0,-18.0,-8.0,3.0,13.0,24.0,24.0,33.0,45.0,58.0,70.0,5.162318459999999,2.9075900799999994,4.8034810199999995,6.278106159999998,6.2578853010263895,3560768721,B0-POSSESSION-DRIVE-SCORE-PROCESS-V1,2022,2021,2021-REG-END,0.0,0.05,phase3-feature-provenance-v1,5f148219527b07d85261d3f196ace97a5eb5646271d43596032a692389abc579,2c5cc1af74fc5f3955e44361b82b791710e4b63bbc69b0c15570617e2d86e543,NONE,B0-poisson-multinomial-rare-tail-v1,10000
2022_04_JAX_PHI,2022,4,2022-10-02,PHI,JAX,29.0,21.0,8.0,50.0,26.9004,18.3751,8.5253,45.2755,0.6902,182.55753559355935,119.0921092009201,282.362196129613,320.93709345934593,10.930393153397974,10.936036681849929,0.27393662290107096,0.14579799503557925,0.17309769731591518,0.1295218866355836,10.0,17.0,26.0,35.0,45.0,6.0,10.0,17.0,24.0,33.0,-12.0,-3.0,8.0,20.0,30.0,23.0,33.0,44.0,56.0,69.0,3.465620539999999,3.0606997500000004,3.874339130000001,4.948758889999999,4.973393973999583,3242965094,B0-POSSESSION-DRIVE-SCORE-PROCESS-V1,2022,2021,2021-REG-END,0.0,0.05,phase3-feature-provenance-v1,5f148219527b07d85261d3f196ace97a5eb5646271d43596032a692389abc579,2c5cc1af74fc5f3955e44361b82b791710e4b63bbc69b0c15570617e2d86e543,NONE,B0-poisson-multinomial-rare-tail-v1,10000
2022_04_KC_TB,2022,4,2022-10-02,TB,KC,31.0,41.0,-10.0,72.0,28.8147,28.2276,0.5871,57.0423,0.5156000000000001,201.83954786478648,192.07580582058208,365.90360395039505,421.927103420342,11.119090218989713,11.032840971509701,0.30858795036082004,0.12401239118599147,0.2806291409119651,0.1690584956359512,12.0,19.0,27.0,38.0,48.0,12.0,18.0,27.0,37.0,47.0,-24.0,-12.0,1.0,13.0,25.0,31.0,43.0,55.5,70.0,85.0,3.6370802700000002,8.33831936,6.717796689999998,9.612424630000001,9.228587518792597,143411934,B0-POSSESSION-DRIVE-SCORE-PROCESS-V1,2022,2021,2021-REG-END,0.0,0.05,phase3-feature-provenance-v1,5f148219527b07d85261d3f196ace97a5eb5646271d43596032a692389abc579,2c5cc1af74fc5f3955e44361b82b791710e4b63bbc69b0c15570617e2d86e543,NONE,B0-poisson-multinomial-rare-tail-v1,10000
2022_04_LAC_HOU,2022,4,2022-10-02,HOU,LAC,24.0,34.0,-10.0,58.0,24.0661,27.6742,-3.6081,51.7403,0.4178,161.32586337633762,191.22257661766176,323.31404579457944,381.7828341934194,11.209818316480575,11.002414815944187,0.22792727050109496,0.15458599342639998,0.2849810099986668,0.15012625318880432,9.0,14.0,23.0,31.0,41.0,10.0,17.0,27.0,37.0,46.0,-27.0,-15.0,-3.0,8.0,19.0,28.0,37.0,50.0,64.0,78.0,2.9832370299999997,4.82489498,5.084906869999999,5.72198901,6.104547234948363,3789670091,B0-POSSESSION-DRIVE-SCORE-PROCESS-V1,2022,2021,2021-REG-END,0.0,0.05,phase3-feature-provenance-v1,5f148219527b07d85261d3f196ace97a5eb5646271d43596032a692389abc579,2c5cc1af74fc5f3955e44361b82b791710e4b63bbc69b0c15570617e2d86e543,NONE,B0-poisson-multinomial-rare-tail-v1,10000
2022_04_LA_SF,2022,4,2022-10-03,SF,LA,24.0,9.0,15.0,33.0,25.2613,25.2809,-0.0196,50.5422,0.50105,168.80650296029603,171.48274346434644,321.4715629962996,359.1069298529853,11.211513893384963,11.139246627148033,0.2514495602964521,0.1370798694504932,0.250983466053532,0.1479379795640291,10.0,16.0,24.0,34.0,43.0,10.0,16.0,24.0,33.0,43.0,-23.0,-11.0,0.0,11.0,23.0,27.0,37.0,49.0,62.0,76.0,3.00357901,9.651145750000001,8.969219220000001,9.7590506,10.196810199287693,2819495822,B0-POSSESSION-DRIVE-SCORE-PROCESS-V1,2022,2021,2021-REG-END,0.0,0.05,phase3-feature-provenance-v1,5f148219527b07d85261d3f196ace97a5eb5646271d43596032a692389abc579,2c5cc1af74fc5f3955e44361b82b791710e4b63bbc69b0c15570617e2d86e543,NONE,B0-poisson-multinomial-rare-tail-v1,10000
2022_04_MIA_CIN,2022,4,2022-09-29,CIN,MIA,27.0,15.0,12.0,42.0,24.3964,23.9415,0.4549,48.3379,0.5104,169.309998039804,155.3434120912091,303.313497339734,345.99332292229224,11.233793880331083,11.311208449339182,0.24531080902136007,0.12692077343547922,0.22886843245988114,0.14105441981800507,9.0,14.0,23.0,33.0,41.0,9.0,15.0,23.0,31.0,41.0,-21.0,-11.0,0.0,12.0,23.0,26.0,35.0,47.0,60.0,73.0,3.4601172599999996,4.8708743299999995,7.069396629999998,4.8257423500000005,6.570913237842474,44276442,B0-POSSESSION-DRIVE-SCORE-PROCESS-V1,2022,2021,2021-REG-END,0.0,0.05,phase3-feature-provenance-v1,5f148219527b07d85261d3f196ace97a5eb5646271d43596032a692389abc579,2c5cc1af74fc5f3955e44361b82b791710e4b63bbc69b0c15570617e2d86e543,NONE,B0-poisson-multinomial-rare-tail-v1,10000
2022_04_MIN_NO,2022,4,2022-10-02,NO,MIN,25.0,28.0,-3.0,53.0,25.8935,22.1207,3.7728,48.0142,0.5878,163.69192694269427,142.47997950795076,284.0129814581458,328.3308314431443,11.572126598254545,11.723904312790433,0.2223843598382348,0.2027780470786271,0.19945709260558167,0.13869517350527605,10.0,17.0,24.0,34.0,43.0,7.0,13.0,21.0,30.0,38.0,-17.0,-7.0,4.0,15.0,25.0,26.0,35.0,47.0,59.0,72.0,3.0157238699999995,4.394096969999999,4.9281384599999996,5.089900160000001,5.7265486195179225,1908053899,B0-POSSESSION-DRIVE-SCORE-PROCESS-V1,2022,2021,2021-REG-END,0.0,0.05,phase3-feature-provenance-v1,5f148219527b07d85261d3f196ace97a5eb5646271d43596032a692389abc579,2c5cc1af74fc5f3955e44361b82b791710e4b63bbc69b0c15570617e2d86e543,NONE,B0-poisson-multinomial-rare-tail-v1,10000
2022_04_NE_GB,2022,4,2022-10-02,GB,NE,27.0,24.0,3.0,51.0,24.1134,25.6618,-1.5484,49.7752,0.46990000000000004,164.56279671967195,172.769897749775,310.5459120312031,364.1194769076908,10.717361408519338,10.629919936418599,0.25836477315473816,0.11807513556292192,0.2528496245695106,0.18214383347255791,8.0,14.0,23.0,32.0,41.0,10.0,16.0,24.0,34.0,43.0,-24.0,-13.0,-1.0,10.0,21.0,26.0,36.0,48.0,62.0,75.0,3.5027464800000008,3.0263909,4.512614639999999,4.53727078,5.048762159627017,510714033,B0-POSSESSION-DRIVE-SCORE-PROCESS-V1,2022,2021,2021-REG-END,0.0,0.05,phase3-feature-provenance-v1,5f148219527b07d85261d3f196ace97a5eb5646271d43596032a692389abc579,2c5cc1af74fc5f3955e44361b82b791710e4b63bbc69b0c15570617e2d86e543,NONE,B0-poisson-multinomial-rare-tail-v1,10000
2022_04_NYJ_PIT,2022,4,2022-10-02,PIT,NYJ,20.0,24.0,-4.0,44.0,24.9613,17.3508,7.6105,42.3121,0.6815,164.22642495249525,106.71621098109811,256.7256623162316,285.1596095509551,11.69571224246282,11.394061182002053,0.2267874097703911,0.15680139402559626,0.15251950197301525,0.12312705054220813,10.0,16.0,24.0,33.0,42.0,6.0,10.0,16.0,24.0,31.0,-13.0,-3.0,7.0,18.0,28.0,22.0,30.0,41.0,53.0,64.0,3.39384583,4.53270364,6.806886709999999,4.1074208500000005,6.197967015576273,2738864150,B0-POSSESSION-DRIVE-SCORE-PROCESS-V1,2022,2021,2021-REG-END,0.0,0.05,phase3-feature-provenance-v1,5f148219527b07d85261d3f196ace97a5eb5646271d43596032a692389abc579,2c5cc1af74fc5f3955e44361b82b791710e4b63bbc69b0c15570617e2d86e543,NONE,B0-poisson-multinomial-rare-tail-v1,10000
2022_04_SEA_DET,2022,4,2022-10-02,DET,SEA,45.0,48.0,-3.0,93.0,23.1794,27.8781,-4.6987,51.0575,0.3962,152.91230687068708,191.67600799079906,316.4169600060006,372.7596697169717,10.963366651279188,11.023453451956222,0.22501836593159044,0.1435613058479267,0.2972963617712349,0.13199382597285791,8.0,14.0,22.0,31.0,40.0,10.0,17.0,27.0,37.0,47.0,-27.0,-17.0,-4.0,7.0,17.0,27.0,37.0,50.0,63.0,76.0,15.677278559999998,13.753067909999999,4.133789109999999,31.63961689,21.647025270397968,3626940383,B0-POSSESSION-DRIVE-SCORE-PROCESS-V1,2022,2021,2021-REG-END,0.0,0.05,phase3-feature-provenance-v1,5f148219527b07d85261d3f196ace97a5eb5646271d43596032a692389abc579,2c5cc1af74fc5f3955e44361b82b791710e4b63bbc69b0c15570617e2d86e543,NONE,B0-poisson-multinomial-rare-tail-v1,10000
2022_04_TEN_IND,2022,4,2022-10-02,IND,TEN,17.0,24.0,-7.0,41.0,26.6016,23.8906,2.711,50.4922,0.5566,183.07278471847184,158.71970361036105,310.5091299129913,373.07584674467444,11.045300139501332,11.002700725687989,0.26248440144207724,0.16212742980406147,0.24191887289812944,0.13315828566757695,10.0,17.0,25.0,35.0,44.0,9.0,14.0,23.0,31.0,41.0,-19.0,-9.0,3.0,14.0,25.0,27.0,37.0,49.0,62.0,76.0,5.16169474,2.963337020000001,6.085871359999999,5.810860739999999,6.520236627160942,561001060,B0-POSSESSION-DRIVE-SCORE-PROCESS-V1,2022,2021,2021-REG-END,0.0,0.05,phase3-feature-provenance-v1,5f148219527b07d85261d3f196ace97a5eb5646271d43596032a692389abc579,2c5cc1af74fc5f3955e44361b82b791710e4b63bbc69b0c15570617e2d86e543,NONE,B0-poisson-multinomial-rare-tail-v1,10000
2022_04_WAS_DAL,2022,4,2022-10-02,DAL,WAS,25.0,10.0,15.0,35.0,29.9716,21.0517,8.9199,51.0233,0.69145,204.49584302430245,131.77400451045105,312.4163256225623,360.1233694469447,11.428544247141119,11.402366996887306,0.2994894037994871,0.15230821040769008,0.18470812429856917,0.14716823034918033,13.0,20.0,29.0,39.0,49.0,7.0,13.0,20.0,28.0,37.0,-13.0,-3.0,8.0,21.0,32.0,28.0,37.0,50.0,63.0,76.0,3.7458617600000004,6.019992069999999,5.0256355500000005,8.86484139,7.697248565754492,1626405042,B0-POSSESSION-DRIVE-SCORE-PROCESS-V1,2022,2021,2021-REG-END,0.0,0.05,phase3-feature-provenance-v1,5f148219527b07d85261d3f196ace97a5eb5646271d43596032a692389abc579,2c5cc1af74fc5f3955e44361b82b791710e4b63bbc69b0c15570617e2d86e543,NONE,B0-poisson-multinomial-rare-tail-v1,10000
2022_05_ATL_TB,2022,5,2022-10-09,TB,ATL,21.0,15.0,6.0,36.0,31.3405,24.6126,6.7279,55.9531,0.6406,220.52581233123314,163.80850209020903,345.19098068806875,423.47764815481554,11.018900782396262,11.13575246586478,0.3353139111434589,0.14484213909964816,0.23293873585181235,0.17380383419978965,13.0,21.0,30.0,41.0,51.0,10.0,16.0,23.0,33.0,41.0,-17.0,-6.0,7.0,19.0,30.0,31.0,41.0,54.0,69.0,83.0,5.6774061499999995,5.163385379999999,4.287079629999999,11.21339889,8.58641805043284,4011495096,B0-POSSESSION-DRIVE-SCORE-PROCESS-V1,2022,2021,2021-REG-END,0.0,0.05,phase3-feature-provenance-v1,5f148219527b07d85261d3f196ace97a5eb5646271d43596032a692389abc579,2c5cc1af74fc5f3955e44361b82b791710e4b63bbc69b0c15570617e2d86e543,NONE,B0-poisson-multinomial-rare-tail-v1,10000
2022_05_CHI_MIN,2022,5,2022-10-09,MIN,CHI,29.0,22.0,7.0,51.0,24.5375,20.6468,3.8907,45.1843,0.5909500000000001,160.03719746974699,131.7182215821582,273.465100020002,310.0457380838084,11.210461894562293,11.12643227123314,0.2333440236272312,0.1604795347086347,0.18941180877529676,0.1469338004487206,10.0,16.0,23.0,33.0,41.0,7.0,13.0,20.0,27.0,36.0,-17.0,-7.0,4.0,15.0,25.0,23.0,33.0,44.0,57.0,69.0,3.9452909500000004,2.930308440000001,4.047271869999999,5.278109630000001,5.230993624513298,3352895456,B0-POSSESSION-DRIVE-SCORE-PROCESS-V1,2022,2021,2021-REG-END,0.0,0.05,phase3-feature-provenance-v1,5f148219527b07d85261d3f196ace97a5eb5646271d43596032a692389abc579,2c5cc1af74fc5f3955e44361b82b791710e4b63bbc69b0c15570617e2d86e543,NONE,B0-poisson-multinomial-rare-tail-v1,10000
2022_05_CIN_BAL,2022,5,2022-10-09,BAL,CIN,19.0,17.0,2.0,36.0,28.2045,21.7261,6.4784,49.9306,0.643,181.97027677767778,144.67674646464644,303.98733217321734,349.3067143114311,11.427373289508946,11.31510130752109,0.25733858462829096,0.20253258183080283,0.21534836892343248,0.11566365997171377,12.0,19.0,27.0,37.0,46.0,7.0,13.0,20.0,29.0,38.0,-16.0,-5.0,6.0,18.0,29.0,27.0,37.0,49.0,62.0,75.0,5.0158678299999995,3.18787473,4.394903540000001,7.7247800600000005,6.648542194169117,2755081625,B0-POSSESSION-DRIVE-SCORE-PROCESS-V1,2022,2021,2021-REG-END,0.0,0.05,phase3-feature-provenance-v1,5f148219527b07d85261d3f196ace97a5eb5646271d43596032a692389abc579,2c5cc1af74fc5f3955e44361b82b791710e4b63bbc69b0c15570617e2d86e543,NONE,B0-poisson-multinomial-rare-tail-v1,10000
2022_05_DAL_LA,2022,5,2022-10-09,LA,DAL,10.0,22.0,-12.0,32.0,26.0101,26.4764,-0.4663,52.4865,0.4892,173.36513450345035,176.42768580858086,324.8751518251825,374.7104887988799,11.297288097739914,11.207800119849985,0.2495469482814696,0.15357998098344644,0.2692706243363998,0.13247727884428956,10.0,17.0,24.0,34.0,44.0,10.0,17.0,25.0,35.0,44.0,-23.0,-12.0,0.0,11.0,23.0,29.0,39.0,51.0,65.0,78.0,9.42505835,3.43289998,7.0110988899999995,11.82074869,10.238236007169819,2940571816,B0-POSSESSION-DRIVE-SCORE-PROCESS-V1,2022,2021,2021-REG-END,0.0,0.05,phase3-feature-provenance-v1,5f148219527b07d85261d3f196ace97a5eb5646271d43596032a692389abc579,2c5cc1af74fc5f3955e44361b82b791710e4b63bbc69b0c15570617e2d86e543,NONE,B0-poisson-multinomial-rare-tail-v1,10000
2022_05_DET_NE,2022,5,2022-10-09,NE,DET,29.0,0.0,29.0,29.0,31.7853,19.1971,12.5882,50.9824,0.7631,211.40334424442446,127.30798238823883,313.0675275127513,364.35512575257525,10.982820098537017,10.932237349065698,0.32320468957313525,0.1851835676797173,0.18992703513601103,0.12048548336925835,14.0,21.0,31.0,41.0,51.0,6.0,10.0,17.0,26.0,34.0,-10.0,1.0,12.0,24.0,35.0,27.0,37.0,50.0,63.0,76.0,3.46884867,12.910902029999999,10.017295879999999,12.85043496,12.790286729588779,2957122608,B0-POSSESSION-DRIVE-SCORE-PROCESS-V1,2022,2021,2021-REG-END,0.0,0.05,phase3-feature-provenance-v1,5f148219527b07d85261d3f196ace97a5eb5646271d43596032a692389abc579,2c5cc1af74fc5f3955e44361b82b791710e4b63bbc69b0c15570617e2d86e543,NONE,B0-poisson-multinomial-rare-tail-v1,10000
2022_05_HOU_JAX,2022,5,2022-10-09,JAX,HOU,6.0,13.0,-7.0,19.0,22.6708,21.404,1.2668,44.0748,0.5298,149.50337769776976,137.3815221522152,268.852703030303,304.917096669667,11.14579207377735,11.091346173275467,0.21724476301399073,0.1450162198438218,0.1956295229336272,0.15399752417500612,7.0,14.0,21.0,30.0,39.0,7.0,13.0,20.0,29.0,37.0,-20.0,-10.0,1.0,12.0,22.0,23.0,31.0,43.0,55.0,68.0,10.218174740000002,4.47798986,5.382764120000001,15.884672100000001,11.70063797530977,3564204876,B0-POSSESSION-DRIVE-SCORE-PROCESS-V1,2022,2021,2021-REG-END,0.0,0.05,phase3-feature-provenance-v1,5f148219527b07d85261d3f196ace97a5eb5646271d43596032a692389abc579,2c5cc1af74fc5f3955e44361b82b791710e4b63bbc69b0c15570617e2d86e543,NONE,B0-poisson-multinomial-rare-tail-v1,10000
2022_05_IND_DEN,2022,5,2022-10-06,DEN,IND,9.0,12.0,-3.0,21.0,20.5775,22.9235,-2.346,43.501,0.4445,132.29422317231723,150.4272904790479,261.95607960796076,303.48694769476947,10.884006343711858,10.88496969927139,0.1919719964939707,0.15324083586904944,0.2199850353707754,0.163755835078991,7.0,13.0,20.0,27.0,36.0,8.0,14.0,21.0,30.0,39.0,-23.0,-13.0,-3.0,8.0,18.0,22.0,31.0,42.0,54.0,66.0,6.433444349999999,5.92086061,3.69581842,13.75893274,9.641803221166539,1527210431,B0-POSSESSION-DRIVE-SCORE-PROCESS-V1,2022,2021,2021-REG-END,0.0,0.05,phase3-feature-provenance-v1,5f148219527b07d85261d3f196ace97a5eb5646271d43596032a692389abc579,2c5cc1af74fc5f3955e44361b82b791710e4b63bbc69b0c15570617e2d86e543,NONE,B0-poisson-multinomial-rare-tail-v1,10000
2022_05_LAC_CLE,2022,5,2022-10-09,CLE,LAC,28.0,30.0,-2.0,58.0,25.6207,26.7875,-1.1668,52.4082,0.47695,174.00003151315133,192.82142589258925,341.69594735473544,391.94696745674565,11.040734190022345,10.95869996238936,0.2691939284793423,0.11856323759327952,0.28569167585348126,0.12680322734757563,10.0,16.0,24.0,34.0,44.0,10.0,17.0,26.0,35.0,45.0,-24.0,-13.0,-1.0,11.0,22.0,28.0,38.0,51.0,65.0,78.0,3.4572145899999995,3.76630951,4.21313432,5.568141980000002,5.550972191479316,1164331646,B0-POSSESSION-DRIVE-SCORE-PROCESS-V1,2022,2021,2021-REG-END,0.0,0.05,phase3-feature-provenance-v1,5f148219527b07d85261d3f196ace97a5eb5646271d43596032a692389abc579,2c5cc1af74fc5f3955e44361b82b791710e4b63bbc69b0c15570617e2d86e543,NONE,B0-poisson-multinomial-rare-tail-v1,10000
2022_05_LV_KC,2022,5,2022-10-10,KC,LV,30.0,29.0,1.0,59.0,32.4385,24.9257,7.5128,57.3642,0.6567,219.98101585158517,168.21240075007503,357.4047766376638,418.98205656565653,10.663218770386676,10.734990334277928,0.33697077890811206,0.20191473692650513,0.2458818666293487,0.17048578726771385,14.0,22.0,31.0,42.0,52.0,10.0,16.0,23.0,33.0,42.0,-16.0,-5.0,7.0,20.0,32.0,32.0,43.0,56.0,70.0,84.10000000000036,3.49181645,3.9072146299999995,5.154284220000001,4.971463120000001,5.6811092459108075,2724723549,B0-POSSESSION-DRIVE-SCORE-PROCESS-V1,2022,2021,2021-REG-END,0.0,0.05,phase3-feature-provenance-v1,5f148219527b07d85261d3f196ace97a5eb5646271d43596032a692389abc579,2c5cc1af74fc5f3955e44361b82b791710e4b63bbc69b0c15570617e2d86e543,NONE,B0-poisson-multinomial-rare-tail-v1,10000
2022_05_MIA_NYJ,2022,5,2022-10-09,NYJ,MIA,40.0,17.0,23.0,57.0,21.5605,25.3495,-3.789,46.91,0.41400000000000003,142.7042101710171,170.14416416641666,296.0050795079508,329.6916691669167,11.244474930841857,11.268376701887542,0.20693621294044764,0.1261489604549521,0.25612663663763424,0.1257227987301894,7.0,13.0,20.0,29.0,38.0,10.0,16.0,24.0,34.0,43.0,-25.0,-15.0,-4.0,7.0,18.0,25.0,34.0,45.0,58.0,71.0,12.888100090000002,4.60523281,18.01562802,7.018694940000001,13.859593665268662,2526753211,B0-POSSESSION-DRIVE-SCORE-PROCESS-V1,2022,2021,2021-REG-END,0.0,0.05,phase3-feature-provenance-v1,5f148219527b07d85261d3f196ace97a5eb5646271d43596032a692389abc579,2c5cc1af74fc5f3955e44361b82b791710e4b63bbc69b0c15570617e2d86e543,NONE,B0-poisson-multinomial-rare-tail-v1,10000
2022_05_NYG_GB,2022,5,2022-10-09,GB,NYG,22.0,27.0,-5.0,49.0,28.686,17.7091,10.9769,46.3951,0.745,193.50575457545756,109.90926811681169,280.78444483448345,326.04560055005504,11.134046388061043,10.993515579276838,0.28946028333510027,0.16130264030431093,0.15975297729531313,0.13273917913246935,13.0,19.0,27.0,37.0,47.0,6.0,10.0,17.0,24.0,31.0,-10.0,0.0,10.0,22.0,32.0,24.0,34.0,45.0,58.0,70.0,4.08442528,6.09736147,9.416971010000001,4.548763209999999,7.8697096656265035,997136305,B0-POSSESSION-DRIVE-SCORE-PROCESS-V1,2022,2021,2021-REG-END,0.0,0.05,phase3-feature-provenance-v1,5f148219527b07d85261d3f196ace97a5eb5646271d43596032a692389abc579,2c5cc1af74fc5f3955e44361b82b791710e4b63bbc69b0c15570617e2d86e543,NONE,B0-poisson-multinomial-rare-tail-v1,10000
2022_05_PHI_ARI,2022,5,2022-10-09,ARI,PHI,17.0,20.0,-3.0,37.0,23.712,24.7418,-1.0298,48.4538,0.47975,162.26508250825083,167.9791306730673,304.5411660766077,355.94726028602855,10.958032249316483,10.882418285744201,0.2443590596276169,0.1275568498115949,0.25813618160182333,0.12902886546659154,8.0,14.0,23.0,31.0,41.0,9.0,15.0,24.0,33.0,42.0,-23.0,-12.0,-1.0,10.0,21.0,26.0,35.0,47.0,60.0,73.0,3.8412207799999996,3.3922261800000006,4.08528718,6.495457819999999,5.811082339678725,1752769569,B0-POSSESSION-DRIVE-SCORE-PROCESS-V1,2022,2021,2021-REG-END,0.0,0.05,phase3-feature-provenance-v1,5f148219527b07d85261d3f196ace97a5eb5646271d43596032a692389abc579,2c5cc1af74fc5f3955e44361b82b791710e4b63bbc69b0c15570617e2d86e543,NONE,B0-poisson-multinomial-rare-tail-v1,10000
2022_05_PIT_BUF,2022,5,2022-10-09,BUF,PIT,38.0,3.0,35.0,41.0,25.5967,18.0501,7.5466,43.6468,0.6758,171.82943205320532,112.27461745174516,266.95432387238725,301.25377513751374,11.262201689378037,11.317353057292475,0.2569394767990248,0.13196968314692073,0.15967311131054485,0.13182426836084046,10.0,16.0,24.0,34.0,43.0,6.0,10.0,17.0,24.0,33.0,-13.0,-3.0,7.0,18.0,28.0,23.0,31.0,42.0,55.0,66.0,8.08947227,9.344498269999999,19.105934639999997,4.029368420000001,13.30050417278474,727693116,B0-POSSESSION-DRIVE-SCORE-PROCESS-V1,2022,2021,2021-REG-END,0.0,0.05,phase3-feature-provenance-v1,5f148219527b07d85261d3f196ace97a5eb5646271d43596032a692389abc579,2c5cc1af74fc5f3955e44361b82b791710e4b63bbc69b0c15570617e2d86e543,NONE,B0-poisson-multinomial-rare-tail-v1,10000
2022_05_SEA_NO,2022,5,2022-10-09,NO,SEA,39.0,32.0,7.0,71.0,25.4343,23.4427,1.9916,48.877,0.54255,168.05348885888588,152.55317202720272,295.66589602960295,345.54742574257426,11.2740121130442,11.329746140072103,0.24156779128935654,0.16240440591206462,0.23146960311249626,0.12081022398168836,10.0,16.0,24.0,34.0,43.0,7.0,14.0,23.0,31.0,40.0,-20.0,-9.0,2.0,13.0,24.0,26.0,36.0,48.0,61.0,73.0,8.82656325,5.712215329999999,4.53928352,14.41715322,10.91700989644024,2909391226,B0-POSSESSION-DRIVE-SCORE-PROCESS-V1,2022,2021,2021-REG-END,0.0,0.05,phase3-feature-provenance-v1,5f148219527b07d85261d3f196ace97a5eb5646271d43596032a692389abc579,2c5cc1af74fc5f3955e44361b82b791710e4b63bbc69b0c15570617e2d86e543,NONE,B0-poisson-multinomial-rare-tail-v1,10000
2022_05_SF_CAR,2022,5,2022-10-09,CAR,SF,15.0,37.0,-22.0,52.0,21.5584,24.5223,-2.9639,46.0807,0.42550000000000004,139.32092153215322,160.07831054105412,283.45314210421043,315.3453220422042,11.369870931732134,11.42800549074816,0.19472447127867518,0.14763202793152924,0.22494273503409892,0.16209092103522996,7.0,13.0,20.0,29.0,37.0,10.0,16.0,23.0,33.0,42.0,-24.0,-14.0,-3.0,8.0,18.0,24.0,33.0,45.0,57.0,70.0,3.768886199999999,8.08558917,11.76281437,5.25969813,9.44637760566261,2968829048,B0-POSSESSION-DRIVE-SCORE-PROCESS-V1,2022,2021,2021-REG-END,0.0,0.05,phase3-feature-provenance-v1,5f148219527b07d85261d3f196ace97a5eb5646271d43596032a692389abc579,2c5cc1af74fc5f3955e44361b82b791710e4b63bbc69b0c15570617e2d86e543,NONE,B0-poisson-multinomial-rare-tail-v1,10000
2022_05_TEN_WAS,2022,5,2022-10-09,WAS,TEN,17.0,21.0,-4.0,38.0,22.3403,25.2186,-2.8783,47.5589,0.4302,142.99079498949897,170.97651169116912,295.33202231223123,332.60259104910494,11.164153998056824,11.203316542347304,0.206950191105823,0.1549860880961586,0.2574265441049288,0.12221185829942725,7.0,13.0,21.0,30.0,38.0,10.0,16.0,24.0,34.0,42.0,-25.0,-14.0,-3.0,9.0,19.0,25.0,34.0,46.0,59.0,72.0,3.3614495499999997,3.29291588,3.9713628299999986,5.72338959,5.330634278491642,4147800631,B0-POSSESSION-DRIVE-SCORE-PROCESS-V1,2022,2021,2021-REG-END,0.0,0.05,phase3-feature-provenance-v1,5f148219527b07d85261d3f196ace97a5eb5646271d43596032a692389abc579,2c5cc1af74fc5f3955e44361b82b791710e4b63bbc69b0c15570617e2d86e543,NONE,B0-poisson-multinomial-rare-tail-v1,10000
2022_06_ARI_SEA,2022,6,2022-10-16,SEA,ARI,19.0,9.0,10.0,28.0,26.7448,22.6551,4.0897,49.3999,0.5908,191.7344464046405,151.56530052005198,318.50570448044806,368.0937893689369,10.789375957080761,10.832736410675238,0.29015637061718785,0.12008745497702916,0.2337705469798341,0.12631651538456115,10.0,17.0,25.0,35.0,45.0,7.0,14.0,21.0,30.0,39.0,-18.0,-8.0,4.0,15.0,27.0,26.0,36.0,48.0,61.0,75.0,4.41312406,7.75587863,4.910809689999999,12.404482709999998,9.557226479759573,4253253799,B0-POSSESSION-DRIVE-SCORE-PROCESS-V1,2022,2021,2021-REG-END,0.0,0.05,phase3-feature-provenance-v1,5f148219527b07d85261d3f196ace97a5eb5646271d43596032a692389abc579,2c5cc1af74fc5f3955e44361b82b791710e4b63bbc69b0c15570617e2d86e543,NONE,B0-poisson-multinomial-rare-tail-v1,10000
2022_06_BAL_NYG,2022,6,2022-10-16,NYG,BAL,24.0,20.0,4.0,44.0,18.7376,25.8174,-7.0798,44.555,0.33475,122.35498173817382,165.75363260326031,270.24345630563056,305.9737723772377,11.143509928130474,11.147230892428311,0.17711633327968765,0.11560546172706235,0.23347012350376692,0.20555154402360926,6.0,10.0,17.0,26.0,34.0,10.0,17.0,24.0,34.0,43.0,-28.0,-18.0,-7.0,4.0,14.0,23.0,32.0,43.0,56.0,67.0,3.9978434400000005,3.619991719999999,6.6257014000000005,4.07677022,5.947862503402131,1901612756,B0-POSSESSION-DRIVE-SCORE-PROCESS-V1,2022,2021,2021-REG-END,0.0,0.05,phase3-feature-provenance-v1,5f148219527b07d85261d3f196ace97a5eb5646271d43596032a692389abc579,2c5cc1af74fc5f3955e44361b82b791710e4b63bbc69b0c15570617e2d86e543,NONE,B0-poisson-multinomial-rare-tail-v1,10000
2022_06_BUF_KC,2022,6,2022-10-16,KC,BUF,20.0,24.0,-4.0,44.0,27.0743,27.2018,-0.1275,54.2761,0.4969,180.68464797479749,192.8473614961496,334.91473522352237,412.14928371837186,10.763460941432545,10.80157024860435,0.27703697051158793,0.1662499903439207,0.2952903674888047,0.12084645167520218,10.0,17.0,26.0,35.0,45.0,10.0,17.0,26.0,36.0,46.0,-23.0,-12.0,0.0,12.0,23.0,30.0,40.0,53.0,67.0,81.0,4.09903009,3.31002962,4.487291170000001,6.208566810000001,5.864430809832772,3828184593,B0-POSSESSION-DRIVE-SCORE-PROCESS-V1,2022,2021,2021-REG-END,0.0,0.05,phase3-feature-provenance-v1,5f148219527b07d85261d3f196ace97a5eb5646271d43596032a692389abc579,2c5cc1af74fc5f3955e44361b82b791710e4b63bbc69b0c15570617e2d86e543,NONE,B0-poisson-multinomial-rare-tail-v1,10000
2022_06_CAR_LA,2022,6,2022-10-16,LA,CAR,24.0,10.0,14.0,34.0,25.5749,19.7317,5.8432,45.3066,0.6349,167.2851185018502,124.77659276927692,274.6550792679268,309.4683432743274,11.348513218188778,11.263714727094216,0.23864818967250032,0.17106116832623341,0.18214779356994742,0.13292500895795548,10.0,16.0,24.0,34.0,43.0,7.0,12.0,19.0,27.0,34.0,-15.0,-5.0,6.0,17.0,27.0,24.0,33.0,44.0,57.0,68.0,3.07710153,5.205190630000001,5.4835028,6.375428019999999,6.553803657674258,182854458,B0-POSSESSION-DRIVE-SCORE-PROCESS-V1,2022,2021,2021-REG-END,0.0,0.05,phase3-feature-provenance-v1,5f148219527b07d85261d3f196ace97a5eb5646271d43596032a692389abc579,2c5cc1af74fc5f3955e44361b82b791710e4b63bbc69b0c15570617e2d86e543,NONE,B0-poisson-multinomial-rare-tail-v1,10000
2022_06_CIN_NO,2022,6,2022-10-16,NO,CIN,26.0,30.0,-4.0,56.0,27.8265,20.6281,7.1984,48.4546,0.66335,178.5348512351235,133.9101814081408,291.36357379737973,333.5264914891489,11.636222643939087,11.577180154378787,0.2468546278887545,0.19144569679772616,0.1891618831899129,0.12503640392792045,12.0,18.0,27.0,36.0,46.0,7.0,13.0,20.0,27.0,36.0,-14.0,-4.0,7.0,18.0,29.0,26.0,36.0,47.0,60.0,73.0,3.126489310000001,6.1611512500000005,6.761462960000001,5.9643925200000005,7.145394919932549,3874958528,B0-POSSESSION-DRIVE-SCORE-PROCESS-V1,2022,2021,2021-REG-END,0.0,0.05,phase3-feature-provenance-v1,5f148219527b07d85261d3f196ace97a5eb5646271d43596032a692389abc579,2c5cc1af74fc5f3955e44361b82b791710e4b63bbc69b0c15570617e2d86e543,NONE,B0-poisson-multinomial-rare-tail-v1,10000
2022_06_DAL_PHI,2022,6,2022-10-16,PHI,DAL,26.0,17.0,9.0,43.0,24.9708,25.7674,-0.7966,50.7382,0.4814,166.88383574357437,172.9243896789679,316.44227266726676,363.17417817781774,11.305981257183083,11.26820115886516,0.2471631372087746,0.1351039609994294,0.25112410544824276,0.14704914894681806,10.0,16.0,24.0,33.0,42.0,10.0,16.0,24.0,34.0,44.0,-23.0,-13.0,-1.0,11.0,22.0,27.0,37.0,49.0,63.0,76.0,3.1747095199999995,4.765669600000001,6.228451420000001,5.277905279999999,6.267042325867999,3496667788,B0-POSSESSION-DRIVE-SCORE-PROCESS-V1,2022,2021,2021-REG-END,0.0,0.05,phase3-feature-provenance-v1,5f148219527b07d85261d3f196ace97a5eb5646271d43596032a692389abc579,2c5cc1af74fc5f3955e44361b82b791710e4b63bbc69b0c15570617e2d86e543,NONE,B0-poisson-multinomial-rare-tail-v1,10000
2022_06_DEN_LAC,2022,6,2022-10-17,LAC,DEN,19.0,16.0,3.0,35.0,25.6772,21.6426,4.0346,47.3198,0.59235,173.97859801980198,143.23878911891188,294.1712199619962,340.2635543154315,10.961750441364288,10.982993492820567,0.2598956479587347,0.14729143185461713,0.20737853375121884,0.14620062704647074,10.0,16.0,24.0,34.0,44.0,7.0,13.0,20.0,29.0,38.0,-17.0,-7.0,4.0,16.0,26.0,25.0,34.0,46.0,59.0,72.0,4.007370519999999,3.4505546199999992,3.9957879,6.870528979999998,5.880939086298403,718505766,B0-POSSESSION-DRIVE-SCORE-PROCESS-V1,2022,2021,2021-REG-END,0.0,0.05,phase3-feature-provenance-v1,5f148219527b07d85261d3f196ace97a5eb5646271d43596032a692389abc579,2c5cc1af74fc5f3955e44361b82b791710e4b63bbc69b0c15570617e2d86e543,NONE,B0-poisson-multinomial-rare-tail-v1,10000
2022_06_JAX_IND,2022,6,2022-10-16,IND,JAX,34.0,27.0,7.0,61.0,26.2346,19.7063,6.5283,45.9409,0.64915,176.1577786178618,127.66240655065509,284.09880899089904,323.5415613461346,10.975612882057872,11.038407455840437,0.25669797332377225,0.1685083879970829,0.17697390637752075,0.15084677993934878,10.0,17.0,24.0,34.0,44.0,6.0,12.0,19.0,27.0,34.0,-14.0,-5.0,6.0,17.0,28.0,24.0,33.0,44.0,57.0,70.0,5.390230219999999,4.9563556900000005,3.8464831099999994,9.65451647,7.91518044309516,1560596477,B0-POSSESSION-DRIVE-SCORE-PROCESS-V1,2022,2021,2021-REG-END,0.0,0.05,phase3-feature-provenance-v1,5f148219527b07d85261d3f196ace97a5eb5646271d43596032a692389abc579,2c5cc1af74fc5f3955e44361b82b791710e4b63bbc69b0c15570617e2d86e543,NONE,B0-poisson-multinomial-rare-tail-v1,10000
2022_06_MIN_MIA,2022,6,2022-10-16,MIA,MIN,16.0,24.0,-8.0,40.0,23.1006,25.5786,-2.478,48.6792,0.4482,147.83966360636063,173.26034807480747,300.97621362136215,341.22380974097405,11.100346186089215,11.276352134512127,0.2240641507386793,0.15199171822021829,0.2501381021954135,0.14062893408444366,9.0,14.0,22.0,30.0,40.0,10.0,16.0,24.0,34.0,43.0,-24.0,-14.0,-2.0,9.0,19.0,26.0,36.0,47.0,60.0,73.0,3.963710399999999,3.0776999199999997,4.76230818,5.466279799999999,5.564663732460829,1387835987,B0-POSSESSION-DRIVE-SCORE-PROCESS-V1,2022,2021,2021-REG-END,0.0,0.05,phase3-feature-provenance-v1,5f148219527b07d85261d3f196ace97a5eb5646271d43596032a692389abc579,2c5cc1af74fc5f3955e44361b82b791710e4b63bbc69b0c15570617e2d86e543,NONE,B0-poisson-multinomial-rare-tail-v1,10000
2022_06_NE_CLE,2022,6,2022-10-16,CLE,NE,15.0,38.0,-23.0,53.0,19.7507,27.7291,-7.9784,47.4798,0.32094999999999996,131.57750726072607,187.2866418541854,297.9517286128613,339.77656961696164,10.84204787450589,10.88131672239906,0.20904287684534203,0.09560149306240366,0.2849684379812973,0.16093196877388335,7.0,10.0,19.0,27.0,35.0,10.0,17.0,27.0,37.0,46.0,-30.0,-20.0,-8.0,3.0,14.0,24.0,34.0,46.0,59.0,72.0,3.15547953,6.729213390000001,9.059307359999998,5.28843168,7.845222764563692,1601863204,B0-POSSESSION-DRIVE-SCORE-PROCESS-V1,2022,2021,2021-REG-END,0.0,0.05,phase3-feature-provenance-v1,5f148219527b07d85261d3f196ace97a5eb5646271d43596032a692389abc579,2c5cc1af74fc5f3955e44361b82b791710e4b63bbc69b0c15570617e2d86e543,NONE,B0-poisson-multinomial-rare-tail-v1,10000
2022_06_NYJ_GB,2022,6,2022-10-16,GB,NYJ,10.0,27.0,-17.0,37.0,31.4514,19.4726,11.9788,50.924,0.74895,222.7505130913091,126.96834607460747,322.0517557355736,377.3859625962597,11.194218980955414,10.947269728692953,0.3303647192113465,0.14344341412542136,0.18315557172359143,0.13407216663942034,14.0,21.0,30.0,41.0,51.0,6.0,10.0,18.0,27.0,34.0,-10.0,0.0,11.0,24.0,35.0,27.0,37.0,49.0,63.0,76.0,13.54779542,5.0978029,19.62628308,7.6411028000000005,14.885228199454328,3843613557,B0-POSSESSION-DRIVE-SCORE-PROCESS-V1,2022,2021,2021-REG-END,0.0,0.05,phase3-feature-provenance-v1,5f148219527b07d85261d3f196ace97a5eb5646271d43596032a692389abc579,2c5cc1af74fc5f3955e44361b82b791710e4b63bbc69b0c15570617e2d86e543,NONE,B0-poisson-multinomial-rare-tail-v1,10000
2022_06_SF_ATL,2022,6,2022-10-16,ATL,SF,28.0,14.0,14.0,42.0,25.9661,27.4523,-1.4862,53.4184,0.4647,169.84333512351236,191.3736620762076,331.0485144114411,391.3854799879988,10.991049308944149,10.859043356284008,0.25189668868056025,0.17458099095807403,0.28517503568622415,0.15302817309272865,10.0,17.0,24.0,34.0,43.100000000000364,10.0,17.0,26.0,36.0,46.0,-24.0,-13.0,-1.0,10.0,22.0,29.0,40.0,52.0,66.0,80.0,3.350683030000001,7.346476589999999,9.18503872,6.559492180000001,8.57970768798028,757791780,B0-POSSESSION-DRIVE-SCORE-PROCESS-V1,2022,2021,2021-REG-END,0.0,0.05,phase3-feature-provenance-v1,5f148219527b07d85261d3f196ace97a5eb5646271d43596032a692389abc579,2c5cc1af74fc5f3955e44361b82b791710e4b63bbc69b0c15570617e2d86e543,NONE,B0-poisson-multinomial-rare-tail-v1,10000
2022_06_TB_PIT,2022,6,2022-10-16,PIT,TB,20.0,18.0,2.0,38.0,21.1055,26.596,-5.4905,47.7015,0.37235,132.50342009200918,179.64974897489748,290.9878085308531,333.3185296029603,11.60377839904014,11.535378684690398,0.18894412073178213,0.1423652175036437,0.259994366569874,0.13587635121731945,7.0,13.0,20.0,28.0,37.0,10.0,17.0,25.0,35.0,44.0,-27.0,-17.0,-5.0,6.0,16.0,25.0,34.0,47.0,59.0,72.0,2.6756161700000005,4.780872899999999,5.169293529999999,5.80220795,6.015475845725824,2445491887,B0-POSSESSION-DRIVE-SCORE-PROCESS-V1,2022,2021,2021-REG-END,0.0,0.05,phase3-feature-provenance-v1,5f148219527b07d85261d3f196ace97a5eb5646271d43596032a692389abc579,2c5cc1af74fc5f3955e44361b82b791710e4b63bbc69b0c15570617e2d86e543,NONE,B0-poisson-multinomial-rare-tail-v1,10000
2022_06_WAS_CHI,2022,6,2022-10-13,CHI,WAS,7.0,12.0,-5.0,19.0,22.5537,20.4154,2.1383,42.9691,0.55335,150.847201030103,128.23006584658467,265.7035434643464,292.45099028902894,11.257688826396258,11.125445545320876,0.2264476213991885,0.11733400877991655,0.18298742453917585,0.16114124477637742,7.0,14.0,21.0,30.0,39.0,7.0,13.0,20.0,27.0,36.0,-18.0,-9.0,2.0,13.0,23.0,22.0,31.0,41.0,54.0,66.0,9.254262970000001,4.50397428,4.9699168700000005,15.01998747,10.901108003806641,3076137675,B0-POSSESSION-DRIVE-SCORE-PROCESS-V1,2022,2021,2021-REG-END,0.0,0.05,phase3-feature-provenance-v1,5f148219527b07d85261d3f196ace97a5eb5646271d43596032a692389abc579,2c5cc1af74fc5f3955e44361b82b791710e4b63bbc69b0c15570617e2d86e543,NONE,B0-poisson-multinomial-rare-tail-v1,10000
2022_07_ATL_CIN,2022,7,2022-10-23,CIN,ATL,35.0,17.0,18.0,52.0,25.9687,26.5308,-0.5621,52.4995,0.4805,173.21684199419943,170.3950908690869,312.2767712671267,374.94709445944596,10.785063783729418,10.975774267907294,0.2685965245035965,0.1409845236611255,0.24378311953414308,0.21064008784953475,10.0,17.0,24.0,34.0,44.0,10.0,17.0,25.0,34.0,44.0,-23.0,-12.0,-1.0,11.0,22.0,29.0,39.0,51.0,64.0,77.0,6.08825211,5.13568816,11.46755701,4.48972311,8.843331357209301,2602505937,B0-POSSESSION-DRIVE-SCORE-PROCESS-V1,2022,2021,2021-REG-END,0.0,0.05,phase3-feature-provenance-v1,5f148219527b07d85261d3f196ace97a5eb5646271d43596032a692389abc579,2c5cc1af74fc5f3955e44361b82b791710e4b63bbc69b0c15570617e2d86e543,NONE,B0-poisson-multinomial-rare-tail-v1,10000
2022_07_CHI_NE,2022,7,2022-10-24,NE,CHI,14.0,33.0,-19.0,47.0,26.9528,17.4149,9.5379,44.3677,0.7145499999999999,177.52192435243524,113.49530752075208,273.359499539954,308.67496420642067,10.899135846617606,10.872521568306514,0.2609117080124388,0.1909528528211377,0.1751386701482378,0.09744478727709495,10.0,17.0,26.0,35.0,45.0,6.0,10.0,17.0,24.0,31.0,-11.0,-1.0,9.0,20.0,31.0,23.0,31.0,43.0,55.0,68.0,7.11932032,10.77371095,19.79163067,4.48943283,13.736919320448262,1508008657,B0-POSSESSION-DRIVE-SCORE-PROCESS-V1,2022,2021,2021-REG-END,0.0,0.05,phase3-feature-provenance-v1,5f148219527b07d85261d3f196ace97a5eb5646271d43596032a692389abc579,2c5cc1af74fc5f3955e44361b82b791710e4b63bbc69b0c15570617e2d86e543,NONE,B0-poisson-multinomial-rare-tail-v1,10000
2022_07_CLE_BAL,2022,7,2022-10-23,BAL,CLE,23.0,20.0,3.0,43.0,28.3117,20.5332,7.7785,48.8449,0.6739999999999999,191.68311142114212,141.47404516451644,310.49368711871193,355.8206260526053,11.208105430809804,10.983548301624241,0.2854658315419518,0.1556992407449001,0.21555414975282175,0.09569538165516575,12.0,18.0,27.0,37.0,47.0,7.0,13.0,20.0,28.0,37.0,-14.0,-4.0,7.0,19.0,30.0,26.0,35.0,48.0,61.0,74.0,3.71415719,2.75495262,4.487412130000001,4.83769339,5.0926207513914665,4214509185,B0-POSSESSION-DRIVE-SCORE-PROCESS-V1,2022,2021,2021-REG-END,0.0,0.05,phase3-feature-provenance-v1,5f148219527b07d85261d3f196ace97a5eb5646271d43596032a692389abc579,2c5cc1af74fc5f3955e44361b82b791710e4b63bbc69b0c15570617e2d86e543,NONE,B0-poisson-multinomial-rare-tail-v1,10000
2022_07_DET_DAL,2022,7,2022-10-23,DAL,DET,24.0,6.0,18.0,30.0,32.6821,21.3743,11.3078,54.0564,0.73165,229.04154374437442,140.55605511551155,340.09606876687667,399.0991289528953,11.286512049378342,11.297611804795498,0.33781036352780336,0.15328430271589008,0.20053785816816086,0.139470734940815,14.0,22.0,31.0,42.0,53.0,7.0,13.0,20.0,29.0,37.0,-12.0,-1.0,11.0,23.0,35.0,30.0,40.0,53.0,67.0,80.0,4.926943349999998,9.199054669999999,5.302814979999999,14.34308002,10.984042806269793,1567824650,B0-POSSESSION-DRIVE-SCORE-PROCESS-V1,2022,2021,2021-REG-END,0.0,0.05,phase3-feature-provenance-v1,5f148219527b07d85261d3f196ace97a5eb5646271d43596032a692389abc579,2c5cc1af74fc5f3955e44361b82b791710e4b63bbc69b0c15570617e2d86e543,NONE,B0-poisson-multinomial-rare-tail-v1,10000
2022_07_GB_WAS,2022,7,2022-10-23,WAS,GB,23.0,21.0,2.0,44.0,22.2462,27.3537,-5.1075,49.5999,0.38775000000000004,143.3471202720272,184.49344565456545,304.535797329733,351.1453345234524,11.12588274854844,11.191637365386258,0.20862982301338528,0.15258008621012092,0.27583362428471786,0.14230444666619976,7.0,13.0,21.0,30.0,39.0,10.0,17.0,26.0,36.0,45.0,-28.0,-17.0,-5.0,7.0,17.0,27.0,36.0,48.0,61.0,75.0,2.9377710200000005,3.930471689999999,5.12806707,4.72199681,5.382127061624745,1506912260,B0-POSSESSION-DRIVE-SCORE-PROCESS-V1,2022,2021,2021-REG-END,0.0,0.05,phase3-feature-provenance-v1,5f148219527b07d85261d3f196ace97a5eb5646271d43596032a692389abc579,2c5cc1af74fc5f3955e44361b82b791710e4b63bbc69b0c15570617e2d86e543,NONE,B0-poisson-multinomial-rare-tail-v1,10000
2022_07_HOU_LV,2022,7,2022-10-23,LV,HOU,38.0,20.0,18.0,58.0,28.8219,22.6894,6.1325,51.5113,0.62745,200.43122351235127,144.91441908190816,320.1613598859886,370.5299253025303,11.000444713906312,10.916352336951846,0.2818136542921541,0.1903031097609949,0.21382043732637956,0.16682613407732483,12.0,19.0,27.0,37.0,48.0,8.0,14.0,21.0,30.0,39.0,-16.0,-6.0,6.0,18.0,29.0,28.0,38.0,50.0,64.0,77.0,6.2193838900000005,2.883643420000001,7.395464990000001,5.70158947,7.255486730229359,2163590633,B0-POSSESSION-DRIVE-SCORE-PROCESS-V1,2022,2021,2021-REG-END,0.0,0.05,phase3-feature-provenance-v1,5f148219527b07d85261d3f196ace97a5eb5646271d43596032a692389abc579,2c5cc1af74fc5f3955e44361b82b791710e4b63bbc69b0c15570617e2d86e543,NONE,B0-poisson-multinomial-rare-tail-v1,10000
2022_07_IND_TEN,2022,7,2022-10-23,TEN,IND,19.0,10.0,9.0,29.0,25.7871,24.454,1.3331,50.2411,0.5297499999999999,173.3843120212021,163.2480088008801,314.4877931693169,358.77684847484744,11.122170094426739,10.886895636945992,0.26247588021425755,0.13928093908510047,0.24309060105106448,0.15677328376462013,10.0,16.0,24.0,34.0,43.0,9.0,15.0,23.0,33.0,41.0,-21.0,-10.0,1.0,13.0,24.0,27.0,37.0,49.0,62.0,75.0,4.019263169999999,8.27976234,5.4517657700000015,12.391172649999998,9.822353637434057,1066027757,B0-POSSESSION-DRIVE-SCORE-PROCESS-V1,2022,2021,2021-REG-END,0.0,0.05,phase3-feature-provenance-v1,5f148219527b07d85261d3f196ace97a5eb5646271d43596032a692389abc579,2c5cc1af74fc5f3955e44361b82b791710e4b63bbc69b0c15570617e2d86e543,NONE,B0-poisson-multinomial-rare-tail-v1,10000
2022_07_KC_SF,2022,7,2022-10-23,SF,KC,23.0,44.0,-21.0,67.0,26.1559,28.4637,-2.3078,54.6196,0.4504,177.2279179817982,191.2848107910791,339.1925784178418,397.8328791279128,10.907344654771192,10.800623134111778,0.2711357050814185,0.1399660446578229,0.28972849858418387,0.17292004851232515,10.0,17.0,24.0,34.0,44.0,12.0,19.0,27.0,37.0,47.0,-26.0,-14.0,-2.0,10.0,21.0,30.0,40.0,53.0,67.0,81.0,3.1878208500000005,10.22635983,11.39728582,8.231362700000002,10.700142236510752,4092426071,B0-POSSESSION-DRIVE-SCORE-PROCESS-V1,2022,2021,2021-REG-END,0.0,0.05,phase3-feature-provenance-v1,5f148219527b07d85261d3f196ace97a5eb5646271d43596032a692389abc579,2c5cc1af74fc5f3955e44361b82b791710e4b63bbc69b0c15570617e2d86e543,NONE,B0-poisson-multinomial-rare-tail-v1,10000
2022_07_NO_ARI,2022,7,2022-10-20,ARI,NO,42.0,34.0,8.0,76.0,23.2397,25.6075,-2.3678,48.8472,0.4483,153.89443335333533,170.57890164016402,299.2784510051005,349.6682189818982,11.317168352396225,11.166374259354765,0.2299504531531586,0.12203831521240147,0.25120337515085417,0.1550119903930353,7.0,14.0,22.0,31.0,40.0,10.0,16.0,24.0,34.0,43.0,-24.0,-14.0,-3.0,9.0,20.0,26.0,36.0,47.0,61.0,73.10000000000036,12.961183950000002,5.7046576700000005,6.366398819999999,18.4821964,14.168621755277648,2534985141,B0-POSSESSION-DRIVE-SCORE-PROCESS-V1,2022,2021,2021-REG-END,0.0,0.05,phase3-feature-provenance-v1,5f148219527b07d85261d3f196ace97a5eb5646271d43596032a692389abc579,2c5cc1af74fc5f3955e44361b82b791710e4b63bbc69b0c15570617e2d86e543,NONE,B0-poisson-multinomial-rare-tail-v1,10000
2022_07_NYG_JAX,2022,7,2022-10-23,JAX,NYG,17.0,23.0,-6.0,40.0,21.3069,18.6408,2.6661,39.9477,0.56965,140.15432782278228,119.68594395439543,243.75078586858683,275.9297576857686,10.93376259821981,10.845528530149233,0.1985390912511633,0.16120955667533765,0.1729675909536257,0.1411995838118566,7.0,13.0,20.0,28.0,37.0,6.0,10.0,17.0,25.0,34.0,-17.0,-7.0,3.0,13.0,23.0,20.0,28.0,38.0,50.0,62.0,3.0106107700000004,3.6456200999999995,5.44757205,3.893516250000001,5.201219939732832,2026534157,B0-POSSESSION-DRIVE-SCORE-PROCESS-V1,2022,2021,2021-REG-END,0.0,0.05,phase3-feature-provenance-v1,5f148219527b07d85261d3f196ace97a5eb5646271d43596032a692389abc579,2c5cc1af74fc5f3955e44361b82b791710e4b63bbc69b0c15570617e2d86e543,NONE,B0-poisson-multinomial-rare-tail-v1,10000
2022_07_NYJ_DEN,2022,7,2022-10-23,DEN,NYJ,9.0,16.0,-7.0,25.0,22.7984,18.3678,4.4306,41.1662,0.60725,153.96035347534752,117.63068622862285,249.4511287528753,293.73095065506556,11.268028059255947,11.262231009516961,0.21443764072548555,0.14693069220846502,0.161646827909149,0.1361485777292257,7.0,14.0,21.0,30.0,40.0,6.0,10.0,17.0,25.0,33.0,-15.0,-6.0,4.0,14.0,24.0,20.0,29.0,40.0,52.0,64.0,7.84890166,2.6001333000000004,6.68112372,8.999593540000001,8.427337671535195,1174546614,B0-POSSESSION-DRIVE-SCORE-PROCESS-V1,2022,2021,2021-REG-END,0.0,0.05,phase3-feature-provenance-v1,5f148219527b07d85261d3f196ace97a5eb5646271d43596032a692389abc579,2c5cc1af74fc5f3955e44361b82b791710e4b63bbc69b0c15570617e2d86e543,NONE,B0-poisson-multinomial-rare-tail-v1,10000
2022_07_PIT_MIA,2022,7,2022-10-23,MIA,PIT,16.0,10.0,6.0,26.0,22.4004,22.0912,0.3092,44.4916,0.50865,145.5850383438344,141.21220378037805,265.59315467546753,308.0013295729573,11.439494190480097,11.66794891992786,0.21887112689687507,0.11798521842889134,0.20066592665411778,0.13940679831646502,7.0,14.0,21.0,30.0,38.0,7.0,13.0,21.0,30.0,38.0,-20.0,-10.0,0.0,11.0,21.0,23.0,32.0,43.0,56.0,68.0,3.724262059999999,6.704275780000001,4.554589740000001,10.597312539999999,8.318610773855,3873683976,B0-POSSESSION-DRIVE-SCORE-PROCESS-V1,2022,2021,2021-REG-END,0.0,0.05,phase3-feature-provenance-v1,5f148219527b07d85261d3f196ace97a5eb5646271d43596032a692389abc579,2c5cc1af74fc5f3955e44361b82b791710e4b63bbc69b0c15570617e2d86e543,NONE,B0-poisson-multinomial-rare-tail-v1,10000
2022_07_SEA_LAC,2022,7,2022-10-23,LAC,SEA,23.0,37.0,-14.0,60.0,26.0685,27.1348,-1.0663,53.2033,0.47425,178.48365611561155,181.3039593559356,325.5532596359636,394.02197130713074,11.049157818257056,11.025745315013488,0.27148379366696146,0.1347091999107291,0.2838745514257419,0.13433480157893082,10.0,17.0,24.0,34.0,44.0,10.0,17.0,26.0,36.0,45.0,-24.0,-13.0,-1.0,11.0,22.0,29.0,39.0,52.0,66.0,79.0,3.2125474499999997,6.47797022,7.707616230000001,5.95304533,7.629860475653233,4013497638,B0-POSSESSION-DRIVE-SCORE-PROCESS-V1,2022,2021,2021-REG-END,0.0,0.05,phase3-feature-provenance-v1,5f148219527b07d85261d3f196ace97a5eb5646271d43596032a692389abc579,2c5cc1af74fc5f3955e44361b82b791710e4b63bbc69b0c15570617e2d86e543,NONE,B0-poisson-multinomial-rare-tail-v1,10000
2022_07_TB_CAR,2022,7,2022-10-23,CAR,TB,21.0,3.0,18.0,24.0,20.9149,27.0882,-6.1733,48.0031,0.36365000000000003,138.94555254525451,182.54027478747872,300.0160687168717,342.95558594859483,11.340239207272298,11.450085054356355,0.18960576343688218,0.1471429311578196,0.2616982591411266,0.15362083511628039,7.0,13.0,20.0,28.0,37.0,10.0,17.0,26.0,35.0,45.0,-28.0,-17.0,-6.0,6.0,15.0,25.0,35.0,47.0,60.0,72.0,2.7832332100000006,16.59269378,15.662730250000001,14.638217909999998,16.10703327078142,1233757155,B0-POSSESSION-DRIVE-SCORE-PROCESS-V1,2022,2021,2021-REG-END,0.0,0.05,phase3-feature-provenance-v1,5f148219527b07d85261d3f196ace97a5eb5646271d43596032a692389abc579,2c5cc1af74fc5f3955e44361b82b791710e4b63bbc69b0c15570617e2d86e543,NONE,B0-poisson-multinomial-rare-tail-v1,10000
2022_08_ARI_MIN,2022,8,2022-10-30,MIN,ARI,34.0,26.0,8.0,60.0,26.2168,23.164,3.0528,49.3808,0.5676,174.73567132713274,150.28193219321932,300.0934215021502,349.9417855385538,11.17860028246786,10.983314985692857,0.2589709349269887,0.1406098427725855,0.2215723824047762,0.1562637763298077,10.0,17.0,25.0,34.0,44.0,9.0,14.0,22.0,31.0,40.0,-19.0,-8.0,3.0,14.0,25.0,26.0,36.0,48.0,61.0,74.0,5.390887639999999,3.4031934,4.5595582199999996,7.275661020000001,6.701045646519676,2597237004,B0-POSSESSION-DRIVE-SCORE-PROCESS-V1,2022,2021,2021-REG-END,0.0,0.05,phase3-feature-provenance-v1,5f148219527b07d85261d3f196ace97a5eb5646271d43596032a692389abc579,2c5cc1af74fc5f3955e44361b82b791710e4b63bbc69b0c15570617e2d86e543,NONE,B0-poisson-multinomial-rare-tail-v1,10000
2022_08_BAL_TB,2022,8,2022-10-27,TB,BAL,22.0,27.0,-5.0,49.0,27.5095,24.8261,2.6834,52.3356,0.5597,194.0325130013001,161.97605639563957,327.5279172317231,384.4892215621562,11.199080903595387,11.062289253991485,0.28678202320234697,0.1259063806091588,0.23673859885044932,0.16974899199930574,10.0,17.0,27.0,36.0,46.0,10.0,16.0,24.0,33.0,42.0,-20.0,-9.0,3.0,14.0,26.0,29.0,38.0,51.0,65.0,78.0,3.77053831,3.304916929999999,5.41674742,4.58336506,5.544084571857928,2825811513,B0-POSSESSION-DRIVE-SCORE-PROCESS-V1,2022,2021,2021-REG-END,0.0,0.05,phase3-feature-provenance-v1,5f148219527b07d85261d3f196ace97a5eb5646271d43596032a692389abc579,2c5cc1af74fc5f3955e44361b82b791710e4b63bbc69b0c15570617e2d86e543,NONE,B0-poisson-multinomial-rare-tail-v1,10000
2022_08_CAR_ATL,2022,8,2022-10-30,ATL,CAR,37.0,34.0,3.0,71.0,25.8853,23.5201,2.3652,49.4054,0.5554,167.52289619961996,151.15051104110412,296.91092005200517,340.4358944294429,11.086300634518674,10.82606337228464,0.2381864805179792,0.19665671012655273,0.23102623522667565,0.1560624357035534,10.0,17.0,24.0,34.0,44.0,9.0,14.0,23.0,31.0,40.0,-19.0,-9.0,3.0,14.0,24.0,27.0,36.0,48.0,61.0,74.0,7.274594109999999,6.81691339,3.94910844,14.09738886,10.611340995499706,3156736303,B0-POSSESSION-DRIVE-SCORE-PROCESS-V1,2022,2021,2021-REG-END,0.0,0.05,phase3-feature-provenance-v1,5f148219527b07d85261d3f196ace97a5eb5646271d43596032a692389abc579,2c5cc1af74fc5f3955e44361b82b791710e4b63bbc69b0c15570617e2d86e543,NONE,B0-poisson-multinomial-rare-tail-v1,10000
2022_08_CHI_DAL,2022,8,2022-10-30,DAL,CHI,49.0,29.0,20.0,78.0,26.8257,20.1327,6.693,46.9584,0.6497999999999999,178.5857780878088,130.2835190619062,287.9309440944094,329.80765020502054,11.194094173945048,11.182796660417308,0.2592034086375357,0.1717534420709576,0.1968372929773682,0.1130750242602385,10.0,17.0,26.0,35.0,44.0,7.0,12.0,20.0,27.0,35.0,-14.0,-4.0,7.0,18.0,28.0,24.0,34.0,46.0,58.0,71.0,15.64421445,5.801914610000001,8.049916880000001,21.913517299999995,16.73288663307575,1452438819,B0-POSSESSION-DRIVE-SCORE-PROCESS-V1,2022,2021,2021-REG-END,0.0,0.05,phase3-feature-provenance-v1,5f148219527b07d85261d3f196ace97a5eb5646271d43596032a692389abc579,2c5cc1af74fc5f3955e44361b82b791710e4b63bbc69b0c15570617e2d86e543,NONE,B0-poisson-multinomial-rare-tail-v1,10000
2022_08_CIN_CLE,2022,8,2022-10-31,CLE,CIN,32.0,13.0,19.0,45.0,23.5328,24.5485,-1.0157,48.0813,0.47595,160.56158031803182,167.88663641364136,303.1541689268927,353.7422645364536,11.042574817932158,11.073732055352478,0.23982512150260454,0.12863219919460972,0.25374761705093624,0.1182410699786188,7.0,14.0,23.0,31.0,40.0,9.0,15.0,23.0,33.0,42.0,-23.0,-13.0,-1.0,10.0,21.0,25.0,34.0,47.0,60.0,73.0,5.6811892,6.300071610000001,12.445291450000001,4.441384770000001,9.453383046292235,1511108664,B0-POSSESSION-DRIVE-SCORE-PROCESS-V1,2022,2021,2021-REG-END,0.0,0.05,phase3-feature-provenance-v1,5f148219527b07d85261d3f196ace97a5eb5646271d43596032a692389abc579,2c5cc1af74fc5f3955e44361b82b791710e4b63bbc69b0c15570617e2d86e543,NONE,B0-poisson-multinomial-rare-tail-v1,10000
2022_08_DEN_JAX,2022,8,2022-10-30,JAX,DEN,17.0,21.0,-4.0,38.0,19.455,19.2883,0.1667,38.7433,0.5045499999999999,125.69534453445344,121.41852496249625,230.13032414241422,264.09741485148515,11.00282338700579,10.735366693926544,0.18270318478581316,0.1395706938581949,0.18412993968820476,0.14563301123912806,6.0,10.0,18.0,27.0,34.0,6.0,10.0,17.0,26.0,34.0,-19.0,-10.0,0.0,10.0,19.0,19.0,27.0,37.0,49.0,61.0,2.6470591600000004,2.862654450000001,3.9366727299999997,3.82490709,4.324741315977956,1928785332,B0-POSSESSION-DRIVE-SCORE-PROCESS-V1,2022,2021,2021-REG-END,0.0,0.05,phase3-feature-provenance-v1,5f148219527b07d85261d3f196ace97a5eb5646271d43596032a692389abc579,2c5cc1af74fc5f3955e44361b82b791710e4b63bbc69b0c15570617e2d86e543,NONE,B0-poisson-multinomial-rare-tail-v1,10000
2022_08_GB_BUF,2022,8,2022-10-30,BUF,GB,27.0,17.0,10.0,44.0,28.4675,22.9445,5.523,51.412,0.6162500000000001,195.94933868386838,152.83950370037002,321.74464546454647,375.8330393039304,10.951926320942343,10.869154227996349,0.30391457750423867,0.1372371891788809,0.23580966682750867,0.12889754505738418,12.0,18.0,27.0,37.0,47.0,7.0,14.0,21.0,31.0,40.0,-17.0,-7.0,5.0,17.0,28.0,27.0,38.0,50.0,64.0,77.0,3.20622525,3.57664165,4.6151538,5.258201699999999,5.404919332097522,3097683386,B0-POSSESSION-DRIVE-SCORE-PROCESS-V1,2022,2021,2021-REG-END,0.0,0.05,phase3-feature-provenance-v1,5f148219527b07d85261d3f196ace97a5eb5646271d43596032a692389abc579,2c5cc1af74fc5f3955e44361b82b791710e4b63bbc69b0c15570617e2d86e543,NONE,B0-poisson-multinomial-rare-tail-v1,10000
2022_08_LV_NO,2022,8,2022-10-30,NO,LV,24.0,0.0,24.0,24.0,29.3655,24.0647,5.3008,53.4302,0.61295,198.42655240524053,157.26083999399938,325.824101770177,385.55068302830284,11.110836349498719,11.234220187387233,0.2845650491426643,0.19121348678280767,0.21939686598467872,0.17770357965271769,13.0,19.0,28.0,38.0,48.0,9.0,15.0,23.0,32.0,41.0,-17.0,-7.0,5.0,17.0,28.0,29.0,40.0,52.0,66.0,80.0,3.75012785,17.055451409999996,11.484915500000001,18.9826361,16.674571105899464,522212887,B0-POSSESSION-DRIVE-SCORE-PROCESS-V1,2022,2021,2021-REG-END,0.0,0.05,phase3-feature-provenance-v1,5f148219527b07d85261d3f196ace97a5eb5646271d43596032a692389abc579,2c5cc1af74fc5f3955e44361b82b791710e4b63bbc69b0c15570617e2d86e543,NONE,B0-poisson-multinomial-rare-tail-v1,10000
2022_08_MIA_DET,2022,8,2022-10-30,DET,MIA,27.0,31.0,-4.0,58.0,24.6003,26.6581,-2.0578,51.2584,0.45630000000000004,164.617201630163,183.5675611461146,319.5904182018202,376.7791073507351,11.340505934885929,11.217021125896014,0.23900096235451176,0.1405920883442139,0.27661329474076435,0.12583152473728654,9.0,15.0,24.0,33.0,41.0,10.0,17.0,25.0,35.0,45.0,-25.0,-14.0,-2.0,10.0,20.0,27.0,37.0,50.0,64.0,77.0,3.37468445,4.04574767,4.1684100399999995,5.81565578,5.646155285353867,172664473,B0-POSSESSION-DRIVE-SCORE-PROCESS-V1,2022,2021,2021-REG-END,0.0,0.05,phase3-feature-provenance-v1,5f148219527b07d85261d3f196ace97a5eb5646271d43596032a692389abc579,2c5cc1af74fc5f3955e44361b82b791710e4b63bbc69b0c15570617e2d86e543,NONE,B0-poisson-multinomial-rare-tail-v1,10000
2022_08_NE_NYJ,2022,8,2022-10-30,NYJ,NE,17.0,22.0,-5.0,39.0,17.9734,27.9065,-9.9331,45.8799,0.2772,117.5956520052005,184.54561231123114,286.9209164816482,317.3616121512151,11.259714927420895,11.258001443007092,0.1687358664260134,0.11240552753134046,0.2663626192230848,0.18567798254529375,6.0,10.0,17.0,24.0,33.0,11.0,18.0,27.0,37.0,46.0,-31.0,-21.0,-10.0,1.0,11.0,24.0,33.0,44.0,57.0,69.0,2.48786632,3.78568559,4.372079209999999,4.81726411,5.073144449523559,3688604788,B0-POSSESSION-DRIVE-SCORE-PROCESS-V1,2022,2021,2021-REG-END,0.0,0.05,phase3-feature-provenance-v1,5f148219527b07d85261d3f196ace97a5eb5646271d43596032a692389abc579,2c5cc1af74fc5f3955e44361b82b791710e4b63bbc69b0c15570617e2d86e543,NONE,B0-poisson-multinomial-rare-tail-v1,10000
2022_08_NYG_SEA,2022,8,2022-10-30,SEA,NYG,27.0,13.0,14.0,40.0,26.5733,17.6934,8.8799,44.2667,0.7033,182.39486659665965,112.9304894889489,279.90726671667164,310.74344545454545,10.996187132991798,10.987698552619715,0.2735461132528758,0.14821797516363713,0.16395580087622735,0.12568310249181316,10.0,17.0,26.0,35.0,44.0,6.0,10.0,17.0,24.0,32.0,-13.0,-2.0,9.0,20.0,30.0,23.0,31.0,43.0,55.0,68.0,3.1805027900000002,2.9444814999999993,4.52769831,4.30105869,4.889933889824263,83313427,B0-POSSESSION-DRIVE-SCORE-PROCESS-V1,2022,2021,2021-REG-END,0.0,0.05,phase3-feature-provenance-v1,5f148219527b07d85261d3f196ace97a5eb5646271d43596032a692389abc579,2c5cc1af74fc5f3955e44361b82b791710e4b63bbc69b0c15570617e2d86e543,NONE,B0-poisson-multinomial-rare-tail-v1,10000
2022_08_PIT_PHI,2022,8,2022-10-30,PHI,PIT,35.0,13.0,22.0,48.0,25.0672,18.6845,6.3827,43.7517,0.6527000000000001,169.54663882388238,118.69142889288928,268.97753846384643,307.49859696969696,11.304890548400644,11.287851875038267,0.24854645761094418,0.1355296468019036,0.16713453667320832,0.13761913327751885,10.0,16.0,24.0,33.0,42.0,6.0,10.0,17.0,25.0,33.0,-14.0,-4.0,6.0,17.0,28.0,22.0,31.0,42.0,55.0,67.0,6.51456414,3.2161863100000003,9.541657410000001,4.768081970000001,7.753322904540658,1356604702,B0-POSSESSION-DRIVE-SCORE-PROCESS-V1,2022,2021,2021-REG-END,0.0,0.05,phase3-feature-provenance-v1,5f148219527b07d85261d3f196ace97a5eb5646271d43596032a692389abc579,2c5cc1af74fc5f3955e44361b82b791710e4b63bbc69b0c15570617e2d86e543,NONE,B0-poisson-multinomial-rare-tail-v1,10000
2022_08_SF_LA,2022,8,2022-10-30,LA,SF,14.0,31.0,-17.0,45.0,26.6743,23.08,3.5943,49.7543,0.5759,182.56487599759973,154.92989298929893,310.5699645064507,364.41957346734677,11.060227017634878,11.13009737049412,0.2633688551898664,0.1581414032418631,0.22944475262099506,0.13222895321909567,10.0,17.0,25.0,35.0,45.0,7.0,14.0,21.0,31.0,40.0,-19.0,-8.0,3.0,15.0,26.0,27.0,36.0,48.0,62.0,75.0,6.95369581,5.41701736,12.766944569999998,4.613490930000001,9.680512813841613,164225136,B0-POSSESSION-DRIVE-SCORE-PROCESS-V1,2022,2021,2021-REG-END,0.0,0.05,phase3-feature-provenance-v1,5f148219527b07d85261d3f196ace97a5eb5646271d43596032a692389abc579,2c5cc1af74fc5f3955e44361b82b791710e4b63bbc69b0c15570617e2d86e543,NONE,B0-poisson-multinomial-rare-tail-v1,10000
2022_08_TEN_HOU,2022,8,2022-10-30,HOU,TEN,10.0,17.0,-7.0,27.0,22.049,26.6925,-4.6435,48.7415,0.39315,143.7185708570857,184.62000575057505,298.1838261326132,358.4933270827083,11.033540171530998,11.012099840399893,0.2082164995559629,0.1475807704846202,0.27959454862438643,0.12784443336757514,7.0,13.0,21.0,30.0,38.0,10.0,17.0,26.0,35.0,45.0,-26.0,-16.0,-4.0,7.0,17.0,26.0,35.0,47.0,60.0,74.0,6.65280834,5.22844535,4.06014141,12.746866149999999,9.308020464893765,1199455000,B0-POSSESSION-DRIVE-SCORE-PROCESS-V1,2022,2021,2021-REG-END,0.0,0.05,phase3-feature-provenance-v1,5f148219527b07d85261d3f196ace97a5eb5646271d43596032a692389abc579,2c5cc1af74fc5f3955e44361b82b791710e4b63bbc69b0c15570617e2d86e543,NONE,B0-poisson-multinomial-rare-tail-v1,10000
2022_08_WAS_IND,2022,8,2022-10-30,IND,WAS,16.0,17.0,-1.0,33.0,25.74,21.6073,4.1327,47.3473,0.59665,174.86988698869888,137.02578928892888,289.96408711871186,333.82726543654366,11.172418399381504,11.261358222452648,0.2502689117616604,0.15917751675926992,0.191836792555549,0.16238027971199523,10.0,16.0,24.0,34.0,44.0,7.0,13.0,20.0,29.0,37.0,-17.0,-7.0,4.0,15.0,26.0,25.0,34.0,46.0,59.0,72.0,5.25730548,3.1119940899999996,4.4553556300000015,7.867350009999999,6.6805704554015986,225322924,B0-POSSESSION-DRIVE-SCORE-PROCESS-V1,2022,2021,2021-REG-END,0.0,0.05,phase3-feature-provenance-v1,5f148219527b07d85261d3f196ace97a5eb5646271d43596032a692389abc579,2c5cc1af74fc5f3955e44361b82b791710e4b63bbc69b0c15570617e2d86e543,NONE,B0-poisson-multinomial-rare-tail-v1,10000
2022_09_BAL_NO,2022,9,2022-11-07,NO,BAL,13.0,27.0,-14.0,40.0,26.0763,23.8417,2.2346,49.918,0.55055,175.240002310231,152.13225433543354,305.30949378937896,349.4350195019502,11.202168286326362,11.374660657255616,0.2569892005993208,0.14532364683738042,0.21575105469165706,0.1669087290860979,10.0,17.0,24.0,34.0,44.0,9.0,15.0,23.0,31.0,40.0,-20.0,-9.0,2.0,14.0,24.0,27.0,36.0,48.0,62.0,75.0,7.221011670000001,3.4528955100000003,9.68793464,5.910795180000001,8.53108527031062,3478129723,B0-POSSESSION-DRIVE-SCORE-PROCESS-V1,2022,2021,2021-REG-END,0.0,0.05,phase3-feature-provenance-v1,5f148219527b07d85261d3f196ace97a5eb5646271d43596032a692389abc579,2c5cc1af74fc5f3955e44361b82b791710e4b63bbc69b0c15570617e2d86e543,NONE,B0-poisson-multinomial-rare-tail-v1,10000
2022_09_BUF_NYJ,2022,9,2022-11-06,NYJ,BUF,20.0,17.0,3.0,37.0,18.7726,29.6324,-10.8598,48.405,0.26715,120.30371961196117,207.10078031803178,302.32517647764774,352.48382338233824,11.168009255621785,11.323649987087142,0.17417903229672171,0.12036029721077904,0.3022926713561117,0.14042121811305436,6.0,10.0,17.0,26.0,34.0,13.0,20.0,28.0,38.0,48.0,-33.0,-22.0,-10.0,1.0,11.0,26.0,35.0,47.0,60.0,73.0,2.7607615999999995,6.900487399999999,8.077398120000002,6.519806840000001,7.871041866765291,1137454716,B0-POSSESSION-DRIVE-SCORE-PROCESS-V1,2022,2021,2021-REG-END,0.0,0.05,phase3-feature-provenance-v1,5f148219527b07d85261d3f196ace97a5eb5646271d43596032a692389abc579,2c5cc1af74fc5f3955e44361b82b791710e4b63bbc69b0c15570617e2d86e543,NONE,B0-poisson-multinomial-rare-tail-v1,10000
2022_09_CAR_CIN,2022,9,2022-11-06,CIN,CAR,42.0,21.0,21.0,63.0,23.5753,22.5307,1.0446,46.106,0.5238499999999999,152.56298620862086,148.18347585758576,285.83359419941996,315.6593299329933,11.342609494703755,11.294783893433026,0.22290923017752015,0.14903298549410862,0.20059999827255554,0.1677111449157335,9.0,14.0,23.0,31.0,40.0,7.0,13.0,21.0,30.0,39.0,-20.0,-10.0,1.0,12.0,23.0,24.0,33.0,45.0,57.0,70.0,12.695063609999998,2.8318630900000006,12.4675008,10.841698179999998,12.510430834361037,943978906,B0-POSSESSION-DRIVE-SCORE-PROCESS-V1,2022,2021,2021-REG-END,0.0,0.05,phase3-feature-provenance-v1,5f148219527b07d85261d3f196ace97a5eb5646271d43596032a692389abc579,2c5cc1af74fc5f3955e44361b82b791710e4b63bbc69b0c15570617e2d86e543,NONE,B0-poisson-multinomial-rare-tail-v1,10000
2022_09_GB_DET,2022,9,2022-11-06,DET,GB,15.0,9.0,6.0,24.0,23.73,30.2411,-6.5111,53.9711,0.3635,158.9047904790479,208.35700649064904,345.08978576857686,389.4338081708171,10.807697978915849,10.878364623050363,0.23604948217225336,0.15371261589949536,0.3245814826813711,0.14157191004078284,9.0,14.0,23.0,31.0,41.0,13.0,20.0,29.0,39.0,49.0,-30.0,-19.0,-7.0,6.0,17.0,30.0,40.0,53.0,67.0,80.0,4.7306330800000005,13.541747749999999,7.561817809999999,19.44915073,14.648209838134447,1504067354,B0-POSSESSION-DRIVE-SCORE-PROCESS-V1,2022,2021,2021-REG-END,0.0,0.05,phase3-feature-provenance-v1,5f148219527b07d85261d3f196ace97a5eb5646271d43596032a692389abc579,2c5cc1af74fc5f3955e44361b82b791710e4b63bbc69b0c15570617e2d86e543,NONE,B0-poisson-multinomial-rare-tail-v1,10000
2022_09_IND_NE,2022,9,2022-11-06,NE,IND,26.0,3.0,23.0,29.0,27.9292,20.91,7.0192,48.8392,0.65935,179.59494685468547,135.56565656565655,290.94252561256127,339.37868122812284,11.135972031949317,10.956881556438693,0.2623232983666113,0.19954480483578124,0.20284491588918807,0.13474598280963293,12.0,18.0,27.0,36.0,46.0,7.0,13.0,20.0,28.0,37.0,-14.0,-4.0,7.0,18.0,29.0,26.0,36.0,47.0,60.0,73.0,3.10478258,11.558558860000002,9.68762004,11.420566280000001,11.58476561254578,2030192602,B0-POSSESSION-DRIVE-SCORE-PROCESS-V1,2022,2021,2021-REG-END,0.0,0.05,phase3-feature-provenance-v1,5f148219527b07d85261d3f196ace97a5eb5646271d43596032a692389abc579,2c5cc1af74fc5f3955e44361b82b791710e4b63bbc69b0c15570617e2d86e543,NONE,B0-poisson-multinomial-rare-tail-v1,10000
2022_09_LAC_ATL,2022,9,2022-11-06,ATL,LAC,17.0,20.0,-3.0,37.0,29.188,28.976,0.212,58.164,0.50635,193.95605160516052,202.93451745174517,355.61401740174017,438.1671207120711,11.009012361026036,10.773942806026263,0.2862374934608253,0.19139381589204776,0.3083406643904895,0.1465390794168654,13.0,19.0,28.0,38.0,48.0,12.0,19.0,27.0,38.0,48.0,-24.0,-12.0,0.0,13.0,24.0,33.0,43.0,57.0,71.0,86.0,6.6089901200000005,4.95967474,4.556610340000001,12.039756059999998,9.220556538873481,3049790795,B0-POSSESSION-DRIVE-SCORE-PROCESS-V1,2022,2021,2021-REG-END,0.0,0.05,phase3-feature-provenance-v1,5f148219527b07d85261d3f196ace97a5eb5646271d43596032a692389abc579,2c5cc1af74fc5f3955e44361b82b791710e4b63bbc69b0c15570617e2d86e543,NONE,B0-poisson-multinomial-rare-tail-v1,10000
2022_09_LA_TB,2022,9,2022-11-06,TB,LA,16.0,13.0,3.0,29.0,27.7329,24.2995,3.4334,52.0324,0.57105,189.58791638163817,158.02900265026503,319.2444888888889,375.9893491749175,11.11523589680943,11.025192539284687,0.29195279912289773,0.12475853702187005,0.23877338866052522,0.150637904883836,10.0,17.0,27.0,37.0,46.0,9.0,15.0,23.0,32.0,41.0,-20.0,-8.0,3.0,15.0,26.100000000000364,28.90000000000009,38.0,51.0,65.0,78.0,6.3855265900000004,6.162504810000001,4.166088760000001,13.671434579999998,9.916477180782413,81785472,B0-POSSESSION-DRIVE-SCORE-PROCESS-V1,2022,2021,2021-REG-END,0.0,0.05,phase3-feature-provenance-v1,5f148219527b07d85261d3f196ace97a5eb5646271d43596032a692389abc579,2c5cc1af74fc5f3955e44361b82b791710e4b63bbc69b0c15570617e2d86e543,NONE,B0-poisson-multinomial-rare-tail-v1,10000
2022_09_LV_JAX,2022,9,2022-11-06,JAX,LV,27.0,20.0,7.0,47.0,23.894,24.8229,-0.9289,48.7169,0.47514999999999996,158.1463786378638,159.63109869987,294.6217069606961,340.9332477147715,10.584608374084562,10.606883225910174,0.23593999569390414,0.16287338393044945,0.23550469950310593,0.20024363439103732,9.0,15.0,23.0,31.0,41.0,10.0,16.0,23.0,33.0,42.0,-23.0,-13.0,-1.0,10.0,21.0,27.0,36.0,47.0,60.0,73.0,3.5003021999999993,3.3380798700000005,5.43425023,4.25835079,5.385906182207551,122803937,B0-POSSESSION-DRIVE-SCORE-PROCESS-V1,2022,2021,2021-REG-END,0.0,0.05,phase3-feature-provenance-v1,5f148219527b07d85261d3f196ace97a5eb5646271d43596032a692389abc579,2c5cc1af74fc5f3955e44361b82b791710e4b63bbc69b0c15570617e2d86e543,NONE,B0-poisson-multinomial-rare-tail-v1,10000
2022_09_MIA_CHI,2022,9,2022-11-06,CHI,MIA,32.0,35.0,-3.0,67.0,23.8676,22.3537,1.5139,46.2213,0.5338999999999999,163.24299453945395,146.64506081608158,283.73197998799884,336.0441307230723,11.143178886840737,11.010940695209221,0.24753155907324814,0.11185587518300671,0.216867503258255,0.13211730831397878,8.0,14.0,23.0,31.0,41.0,7.0,14.0,21.0,30.0,38.0,-20.0,-10.0,1.0,13.0,23.0,24.0,33.0,44.0,57.0,70.0,5.57372758,8.31862523,4.29172157,13.607938790000002,10.433211188853873,630827950,B0-POSSESSION-DRIVE-SCORE-PROCESS-V1,2022,2021,2021-REG-END,0.0,0.05,phase3-feature-provenance-v1,5f148219527b07d85261d3f196ace97a5eb5646271d43596032a692389abc579,2c5cc1af74fc5f3955e44361b82b791710e4b63bbc69b0c15570617e2d86e543,NONE,B0-poisson-multinomial-rare-tail-v1,10000
2022_09_MIN_WAS,2022,9,2022-11-06,WAS,MIN,17.0,20.0,-3.0,37.0,22.3876,24.6238,-2.2362,47.0114,0.44715,139.7835445944594,161.6496385238524,284.30944050405043,318.55692573257323,11.345618444995152,11.504367040597348,0.1927156425075081,0.1821642217205078,0.2312088396200968,0.1482680711003002,9.0,14.0,21.0,30.0,38.0,9.0,16.0,24.0,33.0,41.0,-24.0,-13.0,-2.0,9.0,19.0,26.0,34.0,46.0,58.0,70.0,3.3086101799999996,3.3402275,3.8568110200000003,5.859355579999999,5.335688416212495,1526976044,B0-POSSESSION-DRIVE-SCORE-PROCESS-V1,2022,2021,2021-REG-END,0.0,0.05,phase3-feature-provenance-v1,5f148219527b07d85261d3f196ace97a5eb5646271d43596032a692389abc579,2c5cc1af74fc5f3955e44361b82b791710e4b63bbc69b0c15570617e2d86e543,NONE,B0-poisson-multinomial-rare-tail-v1,10000
2022_09_PHI_HOU,2022,9,2022-11-03,HOU,PHI,17.0,29.0,-12.0,46.0,20.2106,27.728,-7.5174,47.9386,0.32599999999999996,129.62681032103208,189.34995099509953,291.43764100410044,346.51588162816284,11.050666520948468,10.974424703422258,0.18810107753117802,0.13330506196909211,0.2878213647612695,0.14292883028619083,7.0,13.0,19.0,27.0,35.0,10.0,17.0,27.0,36.0,46.0,-29.0,-19.0,-7.0,4.0,14.0,25.0,34.0,47.0,60.0,72.0,2.7658905799999998,3.402061700000001,4.43690574,4.3295444,4.961562102679727,2825808287,B0-POSSESSION-DRIVE-SCORE-PROCESS-V1,2022,2021,2021-REG-END,0.0,0.05,phase3-feature-provenance-v1,5f148219527b07d85261d3f196ace97a5eb5646271d43596032a692389abc579,2c5cc1af74fc5f3955e44361b82b791710e4b63bbc69b0c15570617e2d86e543,NONE,B0-poisson-multinomial-rare-tail-v1,10000
2022_09_SEA_ARI,2022,9,2022-11-06,ARI,SEA,21.0,31.0,-10.0,52.0,23.387,25.8432,-2.4562,49.2302,0.44665,163.04973597359736,175.4789616561656,311.0011816781678,366.0562135813581,11.056041096629837,11.082346228149785,0.2364454359803205,0.12431284375796386,0.2686326003763996,0.11987727187744167,7.0,14.0,22.0,31.0,40.0,10.0,16.0,24.0,34.0,44.0,-25.0,-14.0,-3.0,9.0,20.0,26.0,36.0,48.0,61.0,75.0,2.988595599999999,4.260629400000001,5.36012386,4.83983422,5.628051566160435,1713443030,B0-POSSESSION-DRIVE-SCORE-PROCESS-V1,2022,2021,2021-REG-END,0.0,0.05,phase3-feature-provenance-v1,5f148219527b07d85261d3f196ace97a5eb5646271d43596032a692389abc579,2c5cc1af74fc5f3955e44361b82b791710e4b63bbc69b0c15570617e2d86e543,NONE,B0-poisson-multinomial-rare-tail-v1,10000
2022_09_TEN_KC,2022,9,2022-11-06,KC,TEN,20.0,17.0,3.0,37.0,30.498,23.9863,6.5117,54.4843,0.6372500000000001,208.2422202220222,166.4753598459846,335.9882619361936,413.44689819982,10.833273016462234,10.733552103783682,0.31591731449630434,0.17927379701937685,0.2615966715910338,0.1085313812026923,13.0,20.0,29.0,39.0,50.0,7.0,14.0,23.0,31.0,41.0,-17.0,-6.0,6.0,19.0,30.0,30.0,40.0,53.0,67.0,82.0,5.70770976,4.02436687,4.468762610000001,9.61853787,7.755446565866285,1571943,B0-POSSESSION-DRIVE-SCORE-PROCESS-V1,2022,2021,2021-REG-END,0.0,0.05,phase3-feature-provenance-v1,5f148219527b07d85261d3f196ace97a5eb5646271d43596032a692389abc579,2c5cc1af74fc5f3955e44361b82b791710e4b63bbc69b0c15570617e2d86e543,NONE,B0-poisson-multinomial-rare-tail-v1,10000
2022_10_ARI_LA,2022,10,2022-11-13,LA,ARI,17.0,27.0,-10.0,44.0,26.5684,21.9616,4.6068,48.53,0.6015,180.65158659865986,145.51967740774077,301.01269502950294,351.32983298329833,11.103300948732594,10.96568308006184,0.2653059839940005,0.14640646208601057,0.22659454370174084,0.11211844068684011,10.0,17.0,26.0,35.0,44.0,7.0,13.0,21.0,30.0,38.0,-17.0,-7.0,4.0,16.0,27.0,26.0,35.0,47.0,60.0,73.0,5.1875382000000005,4.027258600000001,8.611059180000002,4.575516840000001,7.297649631838885,2476582551,B0-POSSESSION-DRIVE-SCORE-PROCESS-V1,2022,2021,2021-REG-END,0.0,0.05,phase3-feature-provenance-v1,5f148219527b07d85261d3f196ace97a5eb5646271d43596032a692389abc579,2c5cc1af74fc5f3955e44361b82b791710e4b63bbc69b0c15570617e2d86e543,NONE,B0-poisson-multinomial-rare-tail-v1,10000
2022_10_ATL_CAR,2022,10,2022-11-10,CAR,ATL,25.0,15.0,10.0,40.0,25.2539,25.5215,-0.2676,50.7754,0.4967,172.46868165816582,164.64840259025902,311.106300870087,363.1278676267627,10.981715173302064,11.160836907029015,0.251768933389985,0.15019122675510083,0.2284424541533583,0.20290916259007163,10.0,16.0,24.0,34.0,43.0,10.0,16.0,24.0,34.0,43.0,-23.0,-12.0,0.0,11.0,22.0,27.0,37.0,50.0,63.0,76.0,3.120206530000001,5.68925493,6.397298039999999,6.297898219999999,6.956318138600288,62084121,B0-POSSESSION-DRIVE-SCORE-PROCESS-V1,2022,2021,2021-REG-END,0.0,0.05,phase3-feature-provenance-v1,5f148219527b07d85261d3f196ace97a5eb5646271d43596032a692389abc579,2c5cc1af74fc5f3955e44361b82b791710e4b63bbc69b0c15570617e2d86e543,NONE,B0-poisson-multinomial-rare-tail-v1,10000
2022_10_CLE_MIA,2022,10,2022-11-13,MIA,CLE,39.0,17.0,22.0,56.0,25.7408,23.2547,2.4861,48.9955,0.5556,180.6506804280428,159.17134504450445,321.8337901690169,357.8102607760776,11.104254206421837,11.086237661989264,0.27757790321972464,0.10325237783205334,0.2430101172179202,0.10599586005552118,10.0,16.0,24.0,34.0,44.0,7.0,14.0,22.0,31.0,41.0,-20.0,-9.0,3.0,14.0,25.0,26.0,35.0,48.0,61.0,75.0,8.627767480000001,3.7029443100000012,12.00751605,5.882084070000001,9.77528609623623,1446989788,B0-POSSESSION-DRIVE-SCORE-PROCESS-V1,2022,2021,2021-REG-END,0.0,0.05,phase3-feature-provenance-v1,5f148219527b07d85261d3f196ace97a5eb5646271d43596032a692389abc579,2c5cc1af74fc5f3955e44361b82b791710e4b63bbc69b0c15570617e2d86e543,NONE,B0-poisson-multinomial-rare-tail-v1,10000
2022_10_DAL_GB,2022,10,2022-11-13,GB,DAL,31.0,28.0,3.0,59.0,25.1601,27.4165,-2.2564,52.5766,0.4527,168.345702560256,185.65219296929695,322.93555259525954,385.0602384638464,11.12760474841481,11.042783817960117,0.2556131593905304,0.13441121644433973,0.27774396143082347,0.1589516439076943,10.0,16.0,24.0,33.0,42.0,10.0,17.0,26.0,36.0,45.0,-25.0,-14.0,-2.0,10.0,20.0,28.0,38.0,51.0,65.0,78.0,4.460856130000001,3.30334545,4.69164434,5.741949699999999,5.9921343569666785,2892396125,B0-POSSESSION-DRIVE-SCORE-PROCESS-V1,2022,2021,2021-REG-END,0.0,0.05,phase3-feature-provenance-v1,5f148219527b07d85261d3f196ace97a5eb5646271d43596032a692389abc579,2c5cc1af74fc5f3955e44361b82b791710e4b63bbc69b0c15570617e2d86e543,NONE,B0-poisson-multinomial-rare-tail-v1,10000
2022_10_DEN_TEN,2022,10,2022-11-13,TEN,DEN,17.0,10.0,7.0,27.0,23.2384,19.4426,3.7958,42.681,0.59165,159.43790923092308,125.28683392339234,268.41874423442346,301.0307420742074,11.164545581693272,11.096795474053195,0.23326020998532834,0.12552029562686257,0.17662158762094754,0.1404722228803362,7.0,14.0,22.0,31.0,40.0,6.0,10.0,18.0,27.0,34.0,-17.0,-7.0,4.0,14.0,24.100000000000364,22.0,30.0,41.0,54.0,65.10000000000036,3.679384840000001,5.001641780000001,4.02885124,8.60175262,6.9954264694805595,3171739442,B0-POSSESSION-DRIVE-SCORE-PROCESS-V1,2022,2021,2021-REG-END,0.0,0.05,phase3-feature-provenance-v1,5f148219527b07d85261d3f196ace97a5eb5646271d43596032a692389abc579,2c5cc1af74fc5f3955e44361b82b791710e4b63bbc69b0c15570617e2d86e543,NONE,B0-poisson-multinomial-rare-tail-v1,10000
2022_10_DET_CHI,2022,10,2022-11-13,CHI,DET,30.0,31.0,-1.0,61.0,26.0012,21.3574,4.6438,47.3586,0.6056,182.27862642264228,135.88285352535254,291.2892504850485,345.03370941094107,10.82345239560598,10.784267345001876,0.2831698191450901,0.1177041999669738,0.20301247374148942,0.16677796181699373,10.0,16.0,24.0,34.0,44.0,7.0,13.0,20.0,28.0,37.0,-17.0,-7.0,4.0,16.0,26.0,24.0,34.0,46.0,59.0,72.0,3.943333419999999,6.2931820599999995,4.595107219999999,8.85639474,7.73129134124429,4139827833,B0-POSSESSION-DRIVE-SCORE-PROCESS-V1,2022,2021,2021-REG-END,0.0,0.05,phase3-feature-provenance-v1,5f148219527b07d85261d3f196ace97a5eb5646271d43596032a692389abc579,2c5cc1af74fc5f3955e44361b82b791710e4b63bbc69b0c15570617e2d86e543,NONE,B0-poisson-multinomial-rare-tail-v1,10000
2022_10_HOU_NYG,2022,10,2022-11-13,NYG,HOU,24.0,16.0,8.0,40.0,21.9002,20.6348,1.2654,42.535,0.5339,144.4084808080808,131.5909880588059,261.8055433943394,290.19339433943395,10.961990038700709,10.995535125732724,0.2149055726918746,0.14026807768675742,0.18658621470504752,0.16092041943999913,7.0,13.0,20.0,30.0,38.0,7.0,13.0,20.0,27.0,36.0,-19.0,-9.0,1.0,12.0,22.0,22.0,30.0,41.0,53.0,65.0,3.163546079999999,3.0492322400000003,4.8185792,4.003290440000001,4.872844922208817,794533463,B0-POSSESSION-DRIVE-SCORE-PROCESS-V1,2022,2021,2021-REG-END,0.0,0.05,phase3-feature-provenance-v1,5f148219527b07d85261d3f196ace97a5eb5646271d43596032a692389abc579,2c5cc1af74fc5f3955e44361b82b791710e4b63bbc69b0c15570617e2d86e543,NONE,B0-poisson-multinomial-rare-tail-v1,10000
2022_10_IND_LV,2022,10,2022-11-13,LV,IND,20.0,25.0,-5.0,45.0,26.2025,25.6149,0.5876,51.8174,0.5158,171.81847559755977,169.18771676167617,311.9107173117312,370.10166740674066,11.022579941570248,10.787734049556642,0.2389899043907719,0.20550154944864799,0.24834060885677994,0.18750068372293316,10.0,17.0,25.0,34.0,44.0,10.0,16.0,24.0,34.0,43.0,-22.0,-11.0,1.0,12.0,23.0,28.0,38.0,50.0,64.0,77.0,3.7600075100000003,3.09709357,4.790236200000001,5.135844260000001,5.462143214677587,1419752056,B0-POSSESSION-DRIVE-SCORE-PROCESS-V1,2022,2021,2021-REG-END,0.0,0.05,phase3-feature-provenance-v1,5f148219527b07d85261d3f196ace97a5eb5646271d43596032a692389abc579,2c5cc1af74fc5f3955e44361b82b791710e4b63bbc69b0c15570617e2d86e543,NONE,B0-poisson-multinomial-rare-tail-v1,10000
2022_10_JAX_KC,2022,10,2022-11-13,KC,JAX,27.0,17.0,10.0,44.0,30.5803,20.4314,10.1489,51.0117,0.7158,209.25627753775373,138.31652569256926,322.93022181218123,372.21538464846486,10.685036012178312,10.748720577492502,0.3215657774158834,0.18419293137568618,0.20542370977291352,0.12303600889339361,13.0,20.0,30.0,40.0,50.0,7.0,13.0,20.0,27.0,36.0,-13.0,-2.0,10.0,22.0,33.0,27.0,37.0,50.0,63.0,77.0,3.4738973499999997,2.8635556200000005,4.09122683,5.1250690500000005,5.020953006802557,4193822547,B0-POSSESSION-DRIVE-SCORE-PROCESS-V1,2022,2021,2021-REG-END,0.0,0.05,phase3-feature-provenance-v1,5f148219527b07d85261d3f196ace97a5eb5646271d43596032a692389abc579,2c5cc1af74fc5f3955e44361b82b791710e4b63bbc69b0c15570617e2d86e543,NONE,B0-poisson-multinomial-rare-tail-v1,10000
2022_10_LAC_SF,2022,10,2022-11-13,SF,LAC,22.0,16.0,6.0,38.0,29.0614,25.6897,3.3717,54.7511,0.5732,199.56218625862587,176.4512590359036,340.1791570257026,411.8477335633563,11.116238263276529,10.85560594945861,0.29442982424135594,0.1630580041278093,0.26591490380303373,0.13555076962327367,13.0,19.0,27.0,38.0,48.0,10.0,16.0,24.0,34.0,43.0,-20.0,-9.0,3.0,16.0,27.0,30.0,40.0,53.0,67.0,82.0,4.2497922400000006,5.200287530000001,4.39874695,9.19192203,7.538122179391314,2474902373,B0-POSSESSION-DRIVE-SCORE-PROCESS-V1,2022,2021,2021-REG-END,0.0,0.05,phase3-feature-provenance-v1,5f148219527b07d85261d3f196ace97a5eb5646271d43596032a692389abc579,2c5cc1af74fc5f3955e44361b82b791710e4b63bbc69b0c15570617e2d86e543,NONE,B0-poisson-multinomial-rare-tail-v1,10000
2022_10_MIN_BUF,2022,10,2022-11-13,BUF,MIN,30.0,33.0,-3.0,63.0,27.9521,21.3505,6.6016,49.3026,0.64225,188.38424401440145,142.2002697769777,306.1776952095209,354.99133237323736,11.117756100854628,11.041014103714236,0.273832037849442,0.16898960988557854,0.20748857327237857,0.13651099598938488,10.0,17.0,27.0,37.0,46.0,7.0,13.0,20.0,28.0,37.0,-15.0,-5.0,6.0,18.0,29.0,26.0,36.0,48.0,61.0,74.0,3.4978377499999995,7.63690255,6.02166076,8.83427306,8.528192087939399,2304123912,B0-POSSESSION-DRIVE-SCORE-PROCESS-V1,2022,2021,2021-REG-END,0.0,0.05,phase3-feature-provenance-v1,5f148219527b07d85261d3f196ace97a5eb5646271d43596032a692389abc579,2c5cc1af74fc5f3955e44361b82b791710e4b63bbc69b0c15570617e2d86e543,NONE,B0-poisson-multinomial-rare-tail-v1,10000
2022_10_NO_PIT,2022,10,2022-11-13,PIT,NO,20.0,10.0,10.0,30.0,19.7234,24.3767,-4.6533,44.1001,0.389,126.01629406940692,156.7056676767677,268.6179609060906,296.82596258625864,11.61076940772675,11.348957872621645,0.1726684020932427,0.1391412914362513,0.227041176410027,0.15988093542865023,6.0,12.0,18.0,27.0,35.0,10.0,16.0,23.0,32.0,41.0,-26.0,-15.0,-4.0,6.0,16.0,23.0,32.0,43.0,55.0,67.0,2.6818436200000004,8.28227453,8.67986361,7.757567449999998,8.91701621070477,1791688095,B0-POSSESSION-DRIVE-SCORE-PROCESS-V1,2022,2021,2021-REG-END,0.0,0.05,phase3-feature-provenance-v1,5f148219527b07d85261d3f196ace97a5eb5646271d43596032a692389abc579,2c5cc1af74fc5f3955e44361b82b791710e4b63bbc69b0c15570617e2d86e543,NONE,B0-poisson-multinomial-rare-tail-v1,10000
2022_10_SEA_TB,2022,10,2022-11-13,TB,SEA,21.0,16.0,5.0,37.0,26.6042,24.9453,1.6589,51.5495,0.5370499999999999,176.41678403840382,165.89889779977997,323.5335041404141,361.09785953595366,11.274681281376763,11.314834198844016,0.2658919355033515,0.13707444444963665,0.25045039939226205,0.12133487648029997,10.0,17.0,25.0,35.0,44.0,10.0,16.0,24.0,33.0,42.0,-21.0,-10.0,1.0,14.0,25.0,28.0,38.0,50.0,64.0,77.0,3.6909168999999995,4.8210546899999995,4.3741838699999995,8.04601243,6.861331676986703,2013258276,B0-POSSESSION-DRIVE-SCORE-PROCESS-V1,2022,2021,2021-REG-END,0.0,0.05,phase3-feature-provenance-v1,5f148219527b07d85261d3f196ace97a5eb5646271d43596032a692389abc579,2c5cc1af74fc5f3955e44361b82b791710e4b63bbc69b0c15570617e2d86e543,NONE,B0-poisson-multinomial-rare-tail-v1,10000
2022_10_WAS_PHI,2022,10,2022-11-14,PHI,WAS,21.0,32.0,-11.0,53.0,27.4201,19.4882,7.9319,46.9083,0.67715,189.44196018601858,127.51101186118609,298.51491388138817,335.39103021302134,11.192560200513404,11.051178583130739,0.28120892505987855,0.13947912920543115,0.1802859923227732,0.13782525945212853,10.0,17.0,26.0,36.0,46.0,6.0,10.0,18.0,27.0,34.0,-14.0,-4.0,8.0,19.0,30.0,24.0,34.0,46.0,58.0,71.0,3.9497935699999998,8.27565764,11.50229747,5.417951709999999,9.423837347944007,3058421330,B0-POSSESSION-DRIVE-SCORE-PROCESS-V1,2022,2021,2021-REG-END,0.0,0.05,phase3-feature-provenance-v1,5f148219527b07d85261d3f196ace97a5eb5646271d43596032a692389abc579,2c5cc1af74fc5f3955e44361b82b791710e4b63bbc69b0c15570617e2d86e543,NONE,B0-poisson-multinomial-rare-tail-v1,10000
2022_11_CAR_BAL,2022,11,2022-11-20,BAL,CAR,13.0,3.0,10.0,16.0,26.8617,20.1196,6.7421,46.9813,0.65515,175.99437254725473,136.01629746974697,291.4257301630163,332.59560987098706,11.351587752320281,11.123245957620721,0.24544639926017167,0.19483910972845653,0.19477613904624605,0.1214365003888246,10.0,17.0,26.0,35.0,44.0,7.0,12.0,19.0,27.0,36.0,-15.0,-4.0,7.0,18.0,29.0,25.0,34.0,45.0,58.0,71.0,7.79597323,10.797091479999999,4.1706125499999995,21.02071881,14.252860858613289,1386106290,B0-POSSESSION-DRIVE-SCORE-PROCESS-V1,2022,2021,2021-REG-END,0.0,0.05,phase3-feature-provenance-v1,5f148219527b07d85261d3f196ace97a5eb5646271d43596032a692389abc579,2c5cc1af74fc5f3955e44361b82b791710e4b63bbc69b0c15570617e2d86e543,NONE,B0-poisson-multinomial-rare-tail-v1,10000
2022_11_CHI_ATL,2022,11,2022-11-20,ATL,CHI,27.0,24.0,3.0,51.0,26.4438,23.6536,2.7902,50.0974,0.55855,174.8021217721772,165.4079478347835,311.68395235523553,368.73618685868587,10.882707397471563,10.640349242953313,0.24611616364906694,0.20969278885697645,0.25539343389510294,0.12187825065981264,10.0,17.0,25.0,34.0,44.0,7.0,14.0,22.0,31.0,41.0,-20.0,-9.0,3.0,14.0,26.0,27.0,37.0,48.0,62.0,75.0,3.1675791799999997,3.0690484200000006,4.103740779999999,4.518494299999999,4.90505082976847,900645351,B0-POSSESSION-DRIVE-SCORE-PROCESS-V1,2022,2021,2021-REG-END,0.0,0.05,phase3-feature-provenance-v1,5f148219527b07d85261d3f196ace97a5eb5646271d43596032a692389abc579,2c5cc1af74fc5f3955e44361b82b791710e4b63bbc69b0c15570617e2d86e543,NONE,B0-poisson-multinomial-rare-tail-v1,10000
2022_11_CIN_PIT,2022,11,2022-11-20,PIT,CIN,30.0,37.0,-7.0,67.0,22.5909,21.701,0.8899,44.2919,0.51635,145.86852404240423,143.9043894389439,275.62114010401046,303.9246868586859,11.353844577251524,11.16901949000805,0.20138709239037783,0.16811653878627017,0.21045691457553278,0.13527729359179635,7.0,14.0,21.0,30.0,39.0,7.0,13.0,20.0,29.0,38.0,-20.0,-10.0,0.0,12.0,22.0,23.0,32.0,43.0,55.0,67.10000000000036,5.082780229999999,10.28993698,5.236354670000001,15.100404170000001,11.67211072495136,3084197249,B0-POSSESSION-DRIVE-SCORE-PROCESS-V1,2022,2021,2021-REG-END,0.0,0.05,phase3-feature-provenance-v1,5f148219527b07d85261d3f196ace97a5eb5646271d43596032a692389abc579,2c5cc1af74fc5f3955e44361b82b791710e4b63bbc69b0c15570617e2d86e543,NONE,B0-poisson-multinomial-rare-tail-v1,10000
2022_11_CLE_BUF,2022,11,2022-11-20,BUF,CLE,31.0,23.0,8.0,54.0,30.545,20.1406,10.4044,50.6856,0.7201000000000001,213.71134613461345,134.03623526352635,320.32649328932894,375.1686695069507,11.011026395536023,10.794941839570411,0.3321744557634053,0.12476903941169164,0.208152849050944,0.10483029384977674,13.0,20.0,30.0,40.0,50.0,7.0,12.0,20.0,27.0,35.0,-12.0,-1.0,10.0,22.0,34.0,27.0,37.0,49.0,63.0,76.0,3.4777830199999986,3.2651115399999995,4.20785802,4.97002346,5.288066672072436,2356115070,B0-POSSESSION-DRIVE-SCORE-PROCESS-V1,2022,2021,2021-REG-END,0.0,0.05,phase3-feature-provenance-v1,5f148219527b07d85261d3f196ace97a5eb5646271d43596032a692389abc579,2c5cc1af74fc5f3955e44361b82b791710e4b63bbc69b0c15570617e2d86e543,NONE,B0-poisson-multinomial-rare-tail-v1,10000
2022_11_DAL_MIN,2022,11,2022-11-20,MIN,DAL,3.0,40.0,-37.0,43.0,24.4798,27.4081,-2.9283,51.8879,0.4407,159.5659485548555,180.63941833183318,313.9987589858986,366.41197478747875,11.617232645904274,11.457974483148634,0.229947745928387,0.14150155232399067,0.25079228881619425,0.19295532069130125,9.0,16.0,23.0,33.0,41.0,10.0,17.0,26.0,36.0,45.0,-26.0,-15.0,-3.0,9.0,19.0,28.0,38.0,51.0,64.0,78.0,14.483483360000001,8.17615935,24.547599069999997,5.671514730000002,17.331470492861378,2959532584,B0-POSSESSION-DRIVE-SCORE-PROCESS-V1,2022,2021,2021-REG-END,0.0,0.05,phase3-feature-provenance-v1,5f148219527b07d85261d3f196ace97a5eb5646271d43596032a692389abc579,2c5cc1af74fc5f3955e44361b82b791710e4b63bbc69b0c15570617e2d86e543,NONE,B0-poisson-multinomial-rare-tail-v1,10000
2022_11_DET_NYG,2022,11,2022-11-20,NYG,DET,18.0,31.0,-13.0,49.0,23.2358,22.8696,0.3662,46.1054,0.5087,156.018200180018,149.3585316931693,283.09620718071807,327.65725656565655,10.849720973427164,10.869104100414877,0.23822084687671702,0.13189183505057847,0.21696827787938447,0.17294918308126606,7.0,14.0,22.0,31.0,40.0,8.0,14.0,22.0,30.0,40.0,-21.0,-11.0,0.0,11.0,21.0,24.0,33.0,44.0,57.0,70.0,3.4619713799999996,5.505012880000001,7.983560580000001,4.631697540000001,6.966654512336779,2057221590,B0-POSSESSION-DRIVE-SCORE-PROCESS-V1,2022,2021,2021-REG-END,0.0,0.05,phase3-feature-provenance-v1,5f148219527b07d85261d3f196ace97a5eb5646271d43596032a692389abc579,2c5cc1af74fc5f3955e44361b82b791710e4b63bbc69b0c15570617e2d86e543,NONE,B0-poisson-multinomial-rare-tail-v1,10000
2022_11_KC_LAC,2022,11,2022-11-20,LAC,KC,27.0,30.0,-3.0,57.0,26.5051,31.8359,-5.3308,58.341,0.38835,183.9273667266727,221.94496568656865,363.0336747274727,448.71099009900985,10.886230488569351,10.893530464255528,0.28541871997050916,0.12098540778032947,0.32604924318504447,0.1841937201852382,10.0,17.0,25.0,35.0,45.0,14.0,21.0,30.0,41.0,51.0,-30.0,-18.0,-5.0,7.0,19.0,33.0,44.0,57.0,71.0,86.0,3.216427949999999,3.4856692700000007,4.48367874,4.859644119999999,5.184465035723926,3830537519,B0-POSSESSION-DRIVE-SCORE-PROCESS-V1,2022,2021,2021-REG-END,0.0,0.05,phase3-feature-provenance-v1,5f148219527b07d85261d3f196ace97a5eb5646271d43596032a692389abc579,2c5cc1af74fc5f3955e44361b82b791710e4b63bbc69b0c15570617e2d86e543,NONE,B0-poisson-multinomial-rare-tail-v1,10000
2022_11_LA_NO,2022,11,2022-11-20,NO,LA,27.0,20.0,7.0,47.0,24.5874,22.157,2.4304,46.7444,0.55355,160.95125636563657,141.87633863386338,284.3259884388439,321.32920156015604,11.196219430942627,11.2602773688579,0.24051190755029944,0.14692389849546186,0.20744287182852297,0.14612776601455793,10.0,16.0,23.0,33.0,41.0,7.0,13.0,21.0,30.0,38.0,-19.0,-9.0,3.0,14.0,24.0,24.0,34.0,46.0,58.0,70.0,3.349085379999999,2.77646196,4.38041218,4.234798120000001,4.78225679414723,1964548681,B0-POSSESSION-DRIVE-SCORE-PROCESS-V1,2022,2021,2021-REG-END,0.0,0.05,phase3-feature-provenance-v1,5f148219527b07d85261d3f196ace97a5eb5646271d43596032a692389abc579,2c5cc1af74fc5f3955e44361b82b791710e4b63bbc69b0c15570617e2d86e543,NONE,B0-poisson-multinomial-rare-tail-v1,10000
2022_11_LV_DEN,2022,11,2022-11-20,DEN,LV,16.0,22.0,-6.0,38.0,22.6098,22.6996,-0.0898,45.3094,0.49885,149.30087404740476,147.0028601260126,278.5049864586459,314.10248188818883,10.832902713655546,10.927985295342307,0.21880292949111615,0.1641625149735078,0.20180453029746825,0.1893071357577652,7.0,14.0,21.0,30.0,39.0,9.0,14.0,21.0,30.0,39.0,-21.0,-11.0,0.0,11.0,21.0,23.0,33.0,44.0,56.0,69.0,3.73317548,2.8265410599999994,4.63780964,4.889186779999999,5.253135633848377,1183354808,B0-POSSESSION-DRIVE-SCORE-PROCESS-V1,2022,2021,2021-REG-END,0.0,0.05,phase3-feature-provenance-v1,5f148219527b07d85261d3f196ace97a5eb5646271d43596032a692389abc579,2c5cc1af74fc5f3955e44361b82b791710e4b63bbc69b0c15570617e2d86e543,NONE,B0-poisson-multinomial-rare-tail-v1,10000
2022_11_NYJ_NE,2022,11,2022-11-20,NE,NYJ,10.0,3.0,7.0,13.0,29.1023,16.5739,12.5284,45.6762,0.77125,196.78131284128412,108.4159803880388,283.9145848984898,326.48000156015604,11.438245541998967,11.334267852519826,0.271290983385182,0.18531373908427037,0.15159366530515575,0.11316265557105237,12.0,19.0,28.0,38.0,48.0,3.0,9.0,16.0,23.0,31.0,-8.0,1.0,12.0,23.0,34.0,23.0,33.0,44.0,57.0,70.0,11.761904070000002,8.09236277,4.45898858,22.65269088,15.282363826218809,208264573,B0-POSSESSION-DRIVE-SCORE-PROCESS-V1,2022,2021,2021-REG-END,0.0,0.05,phase3-feature-provenance-v1,5f148219527b07d85261d3f196ace97a5eb5646271d43596032a692389abc579,2c5cc1af74fc5f3955e44361b82b791710e4b63bbc69b0c15570617e2d86e543,NONE,B0-poisson-multinomial-rare-tail-v1,10000
2022_11_PHI_IND,2022,11,2022-11-20,IND,PHI,16.0,17.0,-1.0,33.0,23.3607,24.7721,-1.4114,48.1328,0.466,155.89698520852085,165.04366595659567,297.32928296829687,344.55201936193623,10.973131914723181,11.063563006071238,0.22593098700893646,0.15187649367548553,0.24272418487444494,0.16067093714837846,8.0,14.0,22.5,31.0,40.0,9.0,16.0,24.0,33.0,42.0,-24.0,-13.0,-1.0,10.0,20.0,26.0,35.0,47.0,60.0,73.0,4.108256829999999,4.32076619,3.927421859999999,8.341503500000002,6.781400276431544,2042197954,B0-POSSESSION-DRIVE-SCORE-PROCESS-V1,2022,2021,2021-REG-END,0.0,0.05,phase3-feature-provenance-v1,5f148219527b07d85261d3f196ace97a5eb5646271d43596032a692389abc579,2c5cc1af74fc5f3955e44361b82b791710e4b63bbc69b0c15570617e2d86e543,NONE,B0-poisson-multinomial-rare-tail-v1,10000
2022_11_SF_ARI,2022,11,2022-11-21,ARI,SF,10.0,38.0,-28.0,48.0,24.4036,25.6754,-1.2718,50.079,0.4697,167.8040874487449,172.31626646664665,315.765901350135,364.47480648064806,10.920949985011571,11.03000832199563,0.2514071021847393,0.12503635871751906,0.2574302641587507,0.14816430945590664,9.0,14.0,23.0,33.0,42.0,10.0,17.0,24.0,34.0,44.0,-24.0,-13.0,-1.0,10.0,21.0,27.0,37.0,48.5,62.0,75.0,8.19575868,8.012904760000001,17.8287337,4.459798640000001,12.519394733368552,2243390946,B0-POSSESSION-DRIVE-SCORE-PROCESS-V1,2022,2021,2021-REG-END,0.0,0.05,phase3-feature-provenance-v1,5f148219527b07d85261d3f196ace97a5eb5646271d43596032a692389abc579,2c5cc1af74fc5f3955e44361b82b791710e4b63bbc69b0c15570617e2d86e543,NONE,B0-poisson-multinomial-rare-tail-v1,10000
2022_11_TEN_GB,2022,11,2022-11-17,GB,TEN,17.0,27.0,-10.0,44.0,26.6645,24.2225,2.442,50.887,0.5536500000000001,184.75881563156315,166.80147389738974,321.52658865886593,381.59399039903985,11.077471954864507,11.012666030399076,0.27198029906819204,0.14205863480962794,0.2505865039920004,0.12341923407043158,10.0,17.0,25.0,35.0,45.0,9.0,14.0,23.0,32.0,41.0,-21.0,-10.0,3.0,14.0,25.0,27.0,37.0,49.0,63.0,77.0,5.229429850000001,3.49382665,7.5268019200000005,5.1051261199999995,6.922781791315918,2256412712,B0-POSSESSION-DRIVE-SCORE-PROCESS-V1,2022,2021,2021-REG-END,0.0,0.05,phase3-feature-provenance-v1,5f148219527b07d85261d3f196ace97a5eb5646271d43596032a692389abc579,2c5cc1af74fc5f3955e44361b82b791710e4b63bbc69b0c15570617e2d86e543,NONE,B0-poisson-multinomial-rare-tail-v1,10000
2022_11_WAS_HOU,2022,11,2022-11-20,HOU,WAS,10.0,23.0,-13.0,33.0,22.2114,23.6723,-1.4609,45.8837,0.46125,146.4059506350635,152.43295600560054,272.67853904390444,324.9992742374237,11.2400336371448,11.170216087552848,0.20895703427818063,0.14086003760328528,0.22321527238959293,0.15718104220263662,7.0,13.0,21.0,30.0,38.0,9.0,14.0,23.0,31.0,40.0,-23.0,-12.0,-1.0,9.0,20.0,24.0,33.0,44.0,57.0,70.0,6.72671586,2.856344569999999,6.957686309999998,7.101879009999999,7.7140514720788875,270181334,B0-POSSESSION-DRIVE-SCORE-PROCESS-V1,2022,2021,2021-REG-END,0.0,0.05,phase3-feature-provenance-v1,5f148219527b07d85261d3f196ace97a5eb5646271d43596032a692389abc579,2c5cc1af74fc5f3955e44361b82b791710e4b63bbc69b0c15570617e2d86e543,NONE,B0-poisson-multinomial-rare-tail-v1,10000
2022_12_ATL_WAS,2022,12,2022-11-27,WAS,ATL,19.0,13.0,6.0,32.0,24.5784,25.0716,-0.4932,49.65,0.48855,162.04245768576857,163.61223466346635,302.50180394039404,348.8075807580758,10.92058513903486,11.044863889659362,0.24413234084245455,0.1545905660050379,0.233908601400309,0.18541020030723585,10.0,16.0,23.0,33.0,41.0,10.0,16.0,24.0,33.0,42.0,-22.0,-12.0,0.0,11.0,21.100000000000364,27.0,36.0,48.0,61.0,75.0,3.6016242199999997,6.5734432599999995,5.00550544,9.89186048,8.139991432287347,2049872781,B0-POSSESSION-DRIVE-SCORE-PROCESS-V1,2022,2021,2021-REG-END,0.0,0.05,phase3-feature-provenance-v1,5f148219527b07d85261d3f196ace97a5eb5646271d43596032a692389abc579,2c5cc1af74fc5f3955e44361b82b791710e4b63bbc69b0c15570617e2d86e543,NONE,B0-poisson-multinomial-rare-tail-v1,10000
2022_12_BAL_JAX,2022,12,2022-11-27,JAX,BAL,28.0,27.0,1.0,55.0,19.8871,25.9465,-6.0594,45.8336,0.3619,132.5764112311231,174.61549929993,288.95096673667365,325.4328543254325,10.924455247263527,10.797992831034131,0.20107375368187275,0.12220482189034905,0.2501001928147147,0.1908878360634527,7.0,11.0,19.0,27.0,35.0,10.0,16.0,24.0,34.0,44.0,-28.0,-17.0,-6.0,6.0,15.0,24.0,33.0,44.0,57.0,70.0,5.44269781,3.2394351499999994,5.032812100000001,6.562409460000001,6.643047182413461,479431614,B0-POSSESSION-DRIVE-SCORE-PROCESS-V1,2022,2021,2021-REG-END,0.0,0.05,phase3-feature-provenance-v1,5f148219527b07d85261d3f196ace97a5eb5646271d43596032a692389abc579,2c5cc1af74fc5f3955e44361b82b791710e4b63bbc69b0c15570617e2d86e543,NONE,B0-poisson-multinomial-rare-tail-v1,10000
2022_12_BUF_DET,2022,12,2022-11-24,DET,BUF,25.0,28.0,-3.0,53.0,22.5161,31.1266,-8.6105,53.6427,0.31494999999999995,147.46588737873788,212.53982642264225,331.6133510851085,388.39807651765176,10.847961131551674,10.866744259661768,0.22283647061628567,0.1451831317324789,0.34125045948504906,0.1381670533981496,7.0,14.0,21.0,30.0,39.0,13.0,21.0,30.0,40.0,50.0,-32.0,-21.0,-8.0,3.0,14.0,30.0,40.0,52.0,66.0,79.0,3.2876480900000002,3.4683422999999998,4.78516387,4.56400691,5.19440889364188,2119650833,B0-POSSESSION-DRIVE-SCORE-PROCESS-V1,2022,2021,2021-REG-END,0.0,0.05,phase3-feature-provenance-v1,5f148219527b07d85261d3f196ace97a5eb5646271d43596032a692389abc579,2c5cc1af74fc5f3955e44361b82b791710e4b63bbc69b0c15570617e2d86e543,NONE,B0-poisson-multinomial-rare-tail-v1,10000
2022_12_CHI_NYJ,2022,12,2022-11-27,NYJ,CHI,31.0,10.0,21.0,41.0,20.2109,22.7648,-2.5539,42.9757,0.44475,125.53557474747474,153.37381834183418,255.19141393139313,302.6273722472247,11.203950042077574,11.129791235670869,0.18219361068698875,0.15213137615946948,0.2271955700782386,0.12361606848972506,7.0,13.0,19.0,27.0,35.0,7.0,14.0,21.0,30.0,40.0,-23.0,-13.0,-2.0,8.0,18.0,22.0,30.0,42.0,54.0,66.0,7.0290362900000005,7.0661290999999995,15.47287369,4.0285403299999984,10.976515882468316,1866794158,B0-POSSESSION-DRIVE-SCORE-PROCESS-V1,2022,2021,2021-REG-END,0.0,0.05,phase3-feature-provenance-v1,5f148219527b07d85261d3f196ace97a5eb5646271d43596032a692389abc579,2c5cc1af74fc5f3955e44361b82b791710e4b63bbc69b0c15570617e2d86e543,NONE,B0-poisson-multinomial-rare-tail-v1,10000
2022_12_CIN_TEN,2022,12,2022-11-27,TEN,CIN,16.0,20.0,-4.0,36.0,27.1102,22.8302,4.28,49.9404,0.5878500000000001,186.10446640664065,149.0324712071207,315.67176717671765,354.6021080508051,11.274983034903544,11.093292449305268,0.2709478417908178,0.14122907102752688,0.22280192369956953,0.14264442413694717,10.0,17.0,26.0,35.0,45.0,7.0,14.0,22.0,30.0,39.100000000000364,-18.0,-7.0,4.0,16.0,27.0,27.0,37.0,48.0,62.0,75.0,6.0230875600000005,2.94872714,5.487667279999998,7.7157573,7.199546892714816,164153678,B0-POSSESSION-DRIVE-SCORE-PROCESS-V1,2022,2021,2021-REG-END,0.0,0.05,phase3-feature-provenance-v1,5f148219527b07d85261d3f196ace97a5eb5646271d43596032a692389abc579,2c5cc1af74fc5f3955e44361b82b791710e4b63bbc69b0c15570617e2d86e543,NONE,B0-poisson-multinomial-rare-tail-v1,10000
2022_12_DEN_CAR,2022,12,2022-11-27,CAR,DEN,23.0,10.0,13.0,33.0,21.0296,19.645,1.3846,40.6746,0.53015,137.91791563156318,123.44291929192919,246.09969280928092,276.6219770377038,11.336500061530039,11.373529838725554,0.1883477570548516,0.1505080477457541,0.16943910336851983,0.14910695236488017,7.0,13.0,20.0,28.0,37.0,7.0,12.0,19.0,27.0,34.0,-18.0,-9.0,1.0,11.0,21.0,20.0,29.0,39.0,51.0,63.0,3.0827680599999994,5.113841319999999,7.05169544,4.773610079999999,6.453773070985694,117525799,B0-POSSESSION-DRIVE-SCORE-PROCESS-V1,2022,2021,2021-REG-END,0.0,0.05,phase3-feature-provenance-v1,5f148219527b07d85261d3f196ace97a5eb5646271d43596032a692389abc579,2c5cc1af74fc5f3955e44361b82b791710e4b63bbc69b0c15570617e2d86e543,NONE,B0-poisson-multinomial-rare-tail-v1,10000
2022_12_GB_PHI,2022,12,2022-11-27,PHI,GB,40.0,33.0,7.0,73.0,26.0554,23.3519,2.7035,49.4073,0.55595,185.57248808880888,156.81034742474247,318.07919566956696,366.68647535753576,10.850713648932881,10.782233745845241,0.26819452683763456,0.14812478036223012,0.2433068675454092,0.1291277236112225,10.0,16.0,24.0,34.0,44.0,7.0,14.0,22.0,31.0,40.0,-20.0,-9.0,3.0,14.0,25.0,26.0,36.0,48.0,61.0,75.0,9.119527579999998,6.356604730000001,4.558797350000001,15.568466370000001,11.604783204753277,3389930980,B0-POSSESSION-DRIVE-SCORE-PROCESS-V1,2022,2021,2021-REG-END,0.0,0.05,phase3-feature-provenance-v1,5f148219527b07d85261d3f196ace97a5eb5646271d43596032a692389abc579,2c5cc1af74fc5f3955e44361b82b791710e4b63bbc69b0c15570617e2d86e543,NONE,B0-poisson-multinomial-rare-tail-v1,10000
2022_12_HOU_MIA,2022,12,2022-11-27,MIA,HOU,30.0,15.0,15.0,45.0,27.5671,20.6818,6.8853,48.2489,0.65525,189.6330608960896,135.1006588258826,299.552699179918,349.9147402640264,11.072918511107874,11.051484889935717,0.29201301354839737,0.12570114803536434,0.2003582623233015,0.1322015076989317,10.0,17.0,27.0,36.0,46.0,7.0,13.0,20.0,28.0,37.0,-15.0,-4.0,7.0,18.0,29.0,25.0,34.0,47.0,60.0,73.0,3.604973890000001,3.3837908199999998,5.586670270000001,4.45336401,5.593160557174803,1975231060,B0-POSSESSION-DRIVE-SCORE-PROCESS-V1,2022,2021,2021-REG-END,0.0,0.05,phase3-feature-provenance-v1,5f148219527b07d85261d3f196ace97a5eb5646271d43596032a692389abc579,2c5cc1af74fc5f3955e44361b82b791710e4b63bbc69b0c15570617e2d86e543,NONE,B0-poisson-multinomial-rare-tail-v1,10000
2022_12_LAC_ARI,2022,12,2022-11-27,ARI,LAC,24.0,25.0,-1.0,49.0,26.5692,26.0432,0.526,52.6124,0.5107999999999999,182.7010814681468,178.3633700970097,333.8153055305531,388.31359759975993,11.020153222048913,10.970226885589867,0.27601384782489247,0.1380760537008754,0.2707129816657899,0.13227398634277776,10.0,17.0,25.0,35.0,44.0,10.0,17.0,24.0,34.0,44.0,-23.0,-11.0,0.0,13.0,24.0,29.0,39.0,51.0,65.0,79.0,3.18104632,3.0904516000000006,4.19141522,4.62193046,4.957212944108434,1342641394,B0-POSSESSION-DRIVE-SCORE-PROCESS-V1,2022,2021,2021-REG-END,0.0,0.05,phase3-feature-provenance-v1,5f148219527b07d85261d3f196ace97a5eb5646271d43596032a692389abc579,2c5cc1af74fc5f3955e44361b82b791710e4b63bbc69b0c15570617e2d86e543,NONE,B0-poisson-multinomial-rare-tail-v1,10000
2022_12_LA_KC,2022,12,2022-11-27,KC,LA,26.0,10.0,16.0,36.0,29.9846,23.9555,6.0291,53.9401,0.62935,210.55981882188217,159.67468721872186,340.9831515051505,399.48586057605763,10.974985041556526,10.903371106572498,0.31330146352840943,0.15274778685497414,0.24356180346849524,0.13659751005986318,13.0,20.0,28.0,39.0,49.0,9.0,14.0,23.0,31.0,41.0,-17.0,-6.0,6.0,18.0,30.0,30.0,40.0,52.0,66.0,80.0,3.6220970999999995,7.940307130000001,6.395953950000001,9.97667059,9.0427341231065,204422704,B0-POSSESSION-DRIVE-SCORE-PROCESS-V1,2022,2021,2021-REG-END,0.0,0.05,phase3-feature-provenance-v1,5f148219527b07d85261d3f196ace97a5eb5646271d43596032a692389abc579,2c5cc1af74fc5f3955e44361b82b791710e4b63bbc69b0c15570617e2d86e543,NONE,B0-poisson-multinomial-rare-tail-v1,10000
2022_12_LV_SEA,2022,12,2022-11-27,SEA,LV,34.0,40.0,-6.0,74.0,29.0453,22.653,6.3923,51.6983,0.63565,204.0308509950995,148.76186718671866,323.3043311431143,382.2811052205221,10.852496758808154,10.770082956233972,0.306751927434224,0.1564497744613023,0.2155055289151946,0.17246267854851602,12.0,19.0,27.0,38.0,48.0,8.0,13.0,21.0,30.0,39.0,-16.0,-6.0,6.0,18.0,30.0,28.0,38.0,50.0,64.0,78.0,4.40150111,11.910254040000002,7.371145930000001,14.52102857,12.496476918936308,2987546397,B0-POSSESSION-DRIVE-SCORE-PROCESS-V1,2022,2021,2021-REG-END,0.0,0.05,phase3-feature-provenance-v1,5f148219527b07d85261d3f196ace97a5eb5646271d43596032a692389abc579,2c5cc1af74fc5f3955e44361b82b791710e4b63bbc69b0c15570617e2d86e543,NONE,B0-poisson-multinomial-rare-tail-v1,10000
2022_12_NE_MIN,2022,12,2022-11-24,MIN,NE,33.0,26.0,7.0,59.0,20.7388,25.8318,-5.093,46.5706,0.38170000000000004,135.32490705070506,164.6107698369837,279.76272727272726,320.1086265026502,11.496253766073664,11.329639200968806,0.19155507396103494,0.12342118599476697,0.2228187383448717,0.22000804081161204,7.0,13.0,20.0,28.0,37.0,10.0,16.0,24.0,34.0,43.0,-27.0,-16.0,-5.0,6.0,16.0,24.0,34.0,45.0,58.0,70.0,8.05139002,3.0322040800000005,7.1492684,8.067988579999998,8.54717204141462,265458683,B0-POSSESSION-DRIVE-SCORE-PROCESS-V1,2022,2021,2021-REG-END,0.0,0.05,phase3-feature-provenance-v1,5f148219527b07d85261d3f196ace97a5eb5646271d43596032a692389abc579,2c5cc1af74fc5f3955e44361b82b791710e4b63bbc69b0c15570617e2d86e543,NONE,B0-poisson-multinomial-rare-tail-v1,10000
2022_12_NO_SF,2022,12,2022-11-27,SF,NO,13.0,0.0,13.0,13.0,25.1783,24.4493,0.729,49.6276,0.5199,163.31104021402138,157.55998550855088,302.5620152015201,339.18003624362433,11.250365965067099,11.10331820319525,0.24792194245594526,0.14872428069784283,0.2354360749578236,0.16082666969691928,10.0,16.0,24.0,33.0,42.0,10.0,16.0,23.0,32.0,41.0,-21.0,-11.0,1.0,12.0,23.0,27.0,37.0,48.0,61.0,74.0,6.64399553,17.43235805,7.380046139999999,26.35241698,18.809920286086086,2513857543,B0-POSSESSION-DRIVE-SCORE-PROCESS-V1,2022,2021,2021-REG-END,0.0,0.05,phase3-feature-provenance-v1,5f148219527b07d85261d3f196ace97a5eb5646271d43596032a692389abc579,2c5cc1af74fc5f3955e44361b82b791710e4b63bbc69b0c15570617e2d86e543,NONE,B0-poisson-multinomial-rare-tail-v1,10000
2022_12_NYG_DAL,2022,12,2022-11-24,DAL,NYG,28.0,20.0,8.0,48.0,29.8749,17.3548,12.5201,47.2297,0.7693,203.08395838583857,111.69068602860287,294.10160615061505,335.44768267826777,11.228678033296516,11.154958444282517,0.2951706450386064,0.17581644187121664,0.15853329591898238,0.12060261155139693,13.0,20.0,28.0,39.0,49.0,3.0,10.0,16.0,24.0,31.0,-9.0,1.0,12.0,24.0,34.0,25.0,34.0,46.0,59.0,72.0,3.3352572499999997,2.9922915999999997,4.31535543,4.39658073,4.9052173389702425,710143464,B0-POSSESSION-DRIVE-SCORE-PROCESS-V1,2022,2021,2021-REG-END,0.0,0.05,phase3-feature-provenance-v1,5f148219527b07d85261d3f196ace97a5eb5646271d43596032a692389abc579,2c5cc1af74fc5f3955e44361b82b791710e4b63bbc69b0c15570617e2d86e543,NONE,B0-poisson-multinomial-rare-tail-v1,10000
2022_12_PIT_IND,2022,12,2022-11-28,IND,PIT,17.0,24.0,-7.0,41.0,23.9972,21.4296,2.5676,45.4268,0.5579500000000001,161.38073023302331,136.571500990099,274.9109213321332,320.9935411141114,11.355001301606187,11.487868707865111,0.22419439713612999,0.1538254917988803,0.1854415277788975,0.16477739495188976,9.0,15.0,23.0,31.0,41.0,7.0,13.0,20.0,29.0,37.0,-18.0,-9.0,3.0,13.0,24.0,23.0,33.0,44.0,57.0,69.0,3.9288510400000005,3.1840215599999997,5.879354000000001,4.359784379999999,5.604329260068134,3248586239,B0-POSSESSION-DRIVE-SCORE-PROCESS-V1,2022,2021,2021-REG-END,0.0,0.05,phase3-feature-provenance-v1,5f148219527b07d85261d3f196ace97a5eb5646271d43596032a692389abc579,2c5cc1af74fc5f3955e44361b82b791710e4b63bbc69b0c15570617e2d86e543,NONE,B0-poisson-multinomial-rare-tail-v1,10000
2022_12_TB_CLE,2022,12,2022-11-27,CLE,TB,23.0,17.0,6.0,40.0,23.0285,29.4158,-6.3873,52.4443,0.36124999999999996,153.120599809981,204.3827486348635,330.1037090809081,384.9029878087809,11.000560655048073,11.132388305031787,0.24215034600393898,0.10902182267389224,0.31127715408458817,0.12683352738220574,7.0,14.0,21.0,31.0,40.0,13.0,20.0,28.0,38.0,48.0,-30.0,-18.0,-6.0,6.0,17.0,28.0,38.0,51.0,65.0,78.0,2.9018599099999998,6.7605448599999995,7.401981409999999,7.04113993,7.758129607415755,2171342548,B0-POSSESSION-DRIVE-SCORE-PROCESS-V1,2022,2021,2021-REG-END,0.0,0.05,phase3-feature-provenance-v1,5f148219527b07d85261d3f196ace97a5eb5646271d43596032a692389abc579,2c5cc1af74fc5f3955e44361b82b791710e4b63bbc69b0c15570617e2d86e543,NONE,B0-poisson-multinomial-rare-tail-v1,10000
2022_13_BUF_NE,2022,13,2022-12-01,NE,BUF,10.0,24.0,-14.0,34.0,25.5501,23.7957,1.7544,49.3458,0.5432499999999999,166.9877887688769,160.11637314731473,305.0345840984099,349.17373973397343,11.093962937417574,11.136880672974309,0.25117869766840806,0.16644981955367463,0.2393075304151616,0.1209824137507784,10.0,16.0,24.0,34.0,43.0,8.0,14.0,23.0,31.0,41.0,-21.0,-10.0,2.0,13.0,24.0,27.0,36.0,48.0,61.0,74.0,9.11773839,2.985371850000001,9.4758704,8.43002588,9.747231749318523,1944067011,B0-POSSESSION-DRIVE-SCORE-PROCESS-V1,2022,2021,2021-REG-END,0.0,0.05,phase3-feature-provenance-v1,5f148219527b07d85261d3f196ace97a5eb5646271d43596032a692389abc579,2c5cc1af74fc5f3955e44361b82b791710e4b63bbc69b0c15570617e2d86e543,NONE,B0-poisson-multinomial-rare-tail-v1,10000
2022_13_CLE_HOU,2022,13,2022-12-04,HOU,CLE,14.0,27.0,-13.0,41.0,22.8432,24.1479,-1.3047,46.9911,0.47025,151.68218197819783,166.16664225422545,296.60691860186023,339.0907298629863,11.19130216518519,11.081697593618859,0.22093830829564845,0.13049603543897287,0.2506508891009548,0.11817136229056104,7.0,14.0,21.0,30.0,39.0,9.0,14.0,23.0,32.0,41.0,-24.0,-13.0,-1.0,10.0,21.0,24.0,34.0,45.0,58.0,71.0,4.7620882600000005,3.532891490000001,7.1224648099999985,4.74712759,6.569064240483458,1241503650,B0-POSSESSION-DRIVE-SCORE-PROCESS-V1,2022,2021,2021-REG-END,0.0,0.05,phase3-feature-provenance-v1,5f148219527b07d85261d3f196ace97a5eb5646271d43596032a692389abc579,2c5cc1af74fc5f3955e44361b82b791710e4b63bbc69b0c15570617e2d86e543,NONE,B0-poisson-multinomial-rare-tail-v1,10000
2022_13_DEN_BAL,2022,13,2022-12-04,BAL,DEN,10.0,9.0,1.0,19.0,25.4288,17.8441,7.5847,43.2729,0.6745,162.7716077207721,115.7205672467247,260.1038362936294,296.88051364136413,11.185691597053536,11.026575014122841,0.23354026694787464,0.18812670476861992,0.16774342388341126,0.117195281624488,10.0,16.0,24.0,33.0,43.0,6.0,10.0,17.0,24.0,32.0,-13.0,-3.0,7.0,18.0,28.0,23.0,31.0,42.0,54.0,66.0,9.037718520000002,4.694088310000001,4.705002169999998,15.23806061,10.917523554959432,629907420,B0-POSSESSION-DRIVE-SCORE-PROCESS-V1,2022,2021,2021-REG-END,0.0,0.05,phase3-feature-provenance-v1,5f148219527b07d85261d3f196ace97a5eb5646271d43596032a692389abc579,2c5cc1af74fc5f3955e44361b82b791710e4b63bbc69b0c15570617e2d86e543,NONE,B0-poisson-multinomial-rare-tail-v1,10000
2022_13_GB_CHI,2022,13,2022-12-04,CHI,GB,19.0,28.0,-9.0,47.0,23.0296,25.4595,-2.4299,48.4891,0.44205,155.15683952395239,175.6991296629663,310.08569455945593,351.62624381438144,10.773517246307895,10.817441821504195,0.24164104920024443,0.11931934861679681,0.25949915199937607,0.15194554908695823,7.0,14.0,21.0,31.0,40.0,10.0,16.0,24.0,34.0,43.0,-25.0,-14.0,-3.0,10.0,20.0,26.0,35.0,47.0,60.0,73.0,3.1329501000000004,3.53166707,5.046261189999999,4.30466047,5.244907985699323,3815551562,B0-POSSESSION-DRIVE-SCORE-PROCESS-V1,2022,2021,2021-REG-END,0.0,0.05,phase3-feature-provenance-v1,5f148219527b07d85261d3f196ace97a5eb5646271d43596032a692389abc579,2c5cc1af74fc5f3955e44361b82b791710e4b63bbc69b0c15570617e2d86e543,NONE,B0-poisson-multinomial-rare-tail-v1,10000
2022_13_IND_DAL,2022,13,2022-12-04,DAL,IND,54.0,19.0,35.0,73.0,30.0028,21.8284,8.1744,51.8312,0.67855,203.32992515251524,140.62741618161817,316.31501614161414,371.5996665266527,11.336588123019302,11.18896631673618,0.28876564239370106,0.17328495090531895,0.20036401252096456,0.1509340326874344,13.0,20.0,29.0,38.0,49.0,7.0,13.0,20.0,29.0,38.0,-14.0,-4.0,8.0,20.0,31.0,28.0,38.0,50.0,64.0,77.0,17.05820104,2.8904133400000003,18.04178552,13.69775792,16.66125678487461,1989929163,B0-POSSESSION-DRIVE-SCORE-PROCESS-V1,2022,2021,2021-REG-END,0.0,0.05,phase3-feature-provenance-v1,5f148219527b07d85261d3f196ace97a5eb5646271d43596032a692389abc579,2c5cc1af74fc5f3955e44361b82b791710e4b63bbc69b0c15570617e2d86e543,NONE,B0-poisson-multinomial-rare-tail-v1,10000
2022_13_JAX_DET,2022,13,2022-12-04,DET,JAX,40.0,14.0,26.0,54.0,24.8091,23.4486,1.3605,48.2577,0.53535,163.74423161316133,156.3403920792079,299.54449419941994,340.6247531853186,10.758525655293143,10.718845999044042,0.24642308606436894,0.1648362468701928,0.24344514850799112,0.13680308692614235,10.0,16.0,24.0,33.0,42.0,7.0,14.0,23.0,31.0,40.0,-21.0,-10.0,2.0,13.0,23.0,26.0,35.0,47.0,60.0,73.0,10.07446295,5.09478,16.18701831,5.33131745,12.061260848207185,2839715292,B0-POSSESSION-DRIVE-SCORE-PROCESS-V1,2022,2021,2021-REG-END,0.0,0.05,phase3-feature-provenance-v1,5f148219527b07d85261d3f196ace97a5eb5646271d43596032a692389abc579,2c5cc1af74fc5f3955e44361b82b791710e4b63bbc69b0c15570617e2d86e543,NONE,B0-poisson-multinomial-rare-tail-v1,10000
2022_13_KC_CIN,2022,13,2022-12-04,CIN,KC,27.0,24.0,3.0,51.0,24.4265,30.1827,-5.7562,54.6092,0.37725,168.6038581358136,202.31955266526654,337.40170173017304,404.44511987198723,10.905875570749458,10.888114476906273,0.2547029720574707,0.12265224081560097,0.30192095927560253,0.1988436644267721,9.0,14.0,23.0,32.0,42.0,13.0,20.0,29.0,39.0,49.0,-29.0,-18.0,-6.0,7.0,18.0,30.0,40.0,53.0,67.0,81.0,3.4323059899999997,3.9525697099999997,5.889540280000002,4.810700779999998,5.807640688733034,212998327,B0-POSSESSION-DRIVE-SCORE-PROCESS-V1,2022,2021,2021-REG-END,0.0,0.05,phase3-feature-provenance-v1,5f148219527b07d85261d3f196ace97a5eb5646271d43596032a692389abc579,2c5cc1af74fc5f3955e44361b82b791710e4b63bbc69b0c15570617e2d86e543,NONE,B0-poisson-multinomial-rare-tail-v1,10000
2022_13_LAC_LV,2022,13,2022-12-04,LV,LAC,27.0,20.0,7.0,47.0,29.0136,28.5859,0.4277,57.5995,0.5084,196.2348385238524,196.1126324532453,356.314004110411,428.3809378437844,10.937136999944554,10.766807476493085,0.28365025793729676,0.19227477071549048,0.29785515248991656,0.16349258924472376,13.0,19.0,27.0,38.0,48.0,12.0,18.75,27.0,37.0,48.0,-24.0,-12.0,0.0,13.0,24.0,33.0,43.0,56.0,70.0,85.0,3.2860320199999995,4.762723370000001,5.256290569999999,6.355765809999998,6.388758951218531,1767663757,B0-POSSESSION-DRIVE-SCORE-PROCESS-V1,2022,2021,2021-REG-END,0.0,0.05,phase3-feature-provenance-v1,5f148219527b07d85261d3f196ace97a5eb5646271d43596032a692389abc579,2c5cc1af74fc5f3955e44361b82b791710e4b63bbc69b0c15570617e2d86e543,NONE,B0-poisson-multinomial-rare-tail-v1,10000
2022_13_MIA_SF,2022,13,2022-12-04,SF,MIA,33.0,17.0,16.0,50.0,27.7083,23.2544,4.4539,50.9627,0.6023000000000001,184.5234634563456,160.78595923592357,324.22229701970195,366.3965483648365,11.119264133570413,10.945684082997317,0.28243198356778043,0.1446383919914934,0.242248833364205,0.11159141731777893,10.0,17.0,27.0,36.0,46.0,7.0,14.0,22.0,31.0,40.0,-18.0,-7.0,4.0,16.0,28.0,27.0,37.0,50.0,63.0,76.0,4.37605077,3.68788774,7.119113429999999,4.45047531,6.443296181937466,3686253002,B0-POSSESSION-DRIVE-SCORE-PROCESS-V1,2022,2021,2021-REG-END,0.0,0.05,phase3-feature-provenance-v1,5f148219527b07d85261d3f196ace97a5eb5646271d43596032a692389abc579,2c5cc1af74fc5f3955e44361b82b791710e4b63bbc69b0c15570617e2d86e543,NONE,B0-poisson-multinomial-rare-tail-v1,10000
2022_13_NO_TB,2022,13,2022-12-05,TB,NO,17.0,16.0,1.0,33.0,26.2515,24.0922,2.1593,50.3437,0.5457500000000001,174.49949769977,160.2235215121512,310.3697604860486,359.0762779377938,11.316644338922307,11.260464707116071,0.26242484880153083,0.1332316582127028,0.22713803614898687,0.15931449799252467,10.0,17.0,24.0,34.0,44.0,9.0,15.0,23.0,31.0,41.0,-20.0,-9.0,2.0,14.0,25.0,27.0,37.0,49.0,62.0,75.0,5.005692750000001,4.42163952,4.053824969999999,9.666262210000001,7.589420685057089,2981480025,B0-POSSESSION-DRIVE-SCORE-PROCESS-V1,2022,2021,2021-REG-END,0.0,0.05,phase3-feature-provenance-v1,5f148219527b07d85261d3f196ace97a5eb5646271d43596032a692389abc579,2c5cc1af74fc5f3955e44361b82b791710e4b63bbc69b0c15570617e2d86e543,NONE,B0-poisson-multinomial-rare-tail-v1,10000
2022_13_NYJ_MIN,2022,13,2022-12-04,MIN,NYJ,27.0,22.0,5.0,49.0,26.1721,20.5281,5.644,46.7002,0.62995,173.48723031303132,126.01781217121712,278.26409040904093,320.74599455945594,11.51176997362359,11.349218518190016,0.24913500599001234,0.15040770075897653,0.1757197955381373,0.1680469684137815,10.0,17.0,24.0,34.0,44.0,7.0,13.0,20.0,27.0,36.0,-15.0,-6.0,5.0,16.0,27.0,25.0,34.0,45.0,58.0,70.0,3.1379871500000007,2.886844189999999,3.8001698600000005,4.448727160000001,4.646228764955234,2902875256,B0-POSSESSION-DRIVE-SCORE-PROCESS-V1,2022,2021,2021-REG-END,0.0,0.05,phase3-feature-provenance-v1,5f148219527b07d85261d3f196ace97a5eb5646271d43596032a692389abc579,2c5cc1af74fc5f3955e44361b82b791710e4b63bbc69b0c15570617e2d86e543,NONE,B0-poisson-multinomial-rare-tail-v1,10000
2022_13_PIT_ATL,2022,13,2022-12-04,ATL,PIT,16.0,19.0,-3.0,35.0,25.7061,23.1751,2.531,48.8812,0.5585,166.32395518551857,148.45648563856386,292.48408740874083,337.0767942394239,11.0618107390022,10.946556267037359,0.24168850467647257,0.18374610805075284,0.22531803795440025,0.15159614226309043,10.0,16.0,24.0,34.0,43.0,9.0,14.0,22.0,31.0,40.0,-19.0,-9.0,3.0,14.0,24.0,26.0,36.0,47.0,61.0,73.0,5.22053373,3.1438817100000005,4.59851626,7.6698828,6.662104893933501,1628058353,B0-POSSESSION-DRIVE-SCORE-PROCESS-V1,2022,2021,2021-REG-END,0.0,0.05,phase3-feature-provenance-v1,5f148219527b07d85261d3f196ace97a5eb5646271d43596032a692389abc579,2c5cc1af74fc5f3955e44361b82b791710e4b63bbc69b0c15570617e2d86e543,NONE,B0-poisson-multinomial-rare-tail-v1,10000
2022_13_SEA_LA,2022,13,2022-12-04,LA,SEA,23.0,27.0,-4.0,50.0,23.4622,24.5986,-1.1364,48.0608,0.4746,153.55072623262328,164.19309734973498,295.38613365336533,340.10151351135113,11.197644536296732,11.073560036484526,0.22596643023918925,0.1456910511927117,0.25557277338061835,0.11605902662675482,9.0,14.0,23.0,31.0,40.0,9.0,15.0,24.0,33.0,42.0,-23.0,-13.0,-1.0,10.0,21.0,26.0,35.0,47.0,60.0,72.10000000000036,2.8973017999999993,3.3640538599999994,4.11236012,4.53980316,4.862322715105638,164558711,B0-POSSESSION-DRIVE-SCORE-PROCESS-V1,2022,2021,2021-REG-END,0.0,0.05,phase3-feature-provenance-v1,5f148219527b07d85261d3f196ace97a5eb5646271d43596032a692389abc579,2c5cc1af74fc5f3955e44361b82b791710e4b63bbc69b0c15570617e2d86e543,NONE,B0-poisson-multinomial-rare-tail-v1,10000
2022_13_TEN_PHI,2022,13,2022-12-04,PHI,TEN,35.0,10.0,25.0,45.0,25.7805,23.0734,2.7071,48.8539,0.55795,173.818901640164,157.00751319131913,307.46305589558955,354.1897737673767,11.062252869502071,10.929405201467656,0.26037825420266514,0.14996281450938953,0.24152334444510992,0.1132184734631663,10.0,16.0,24.0,34.0,44.0,7.0,14.0,21.0,31.0,40.0,-20.0,-9.0,3.0,14.0,25.0,26.0,36.0,47.0,61.0,74.0,6.182198689999999,7.284086879999999,14.22829173,4.476322909999999,10.436176009419238,1832450627,B0-POSSESSION-DRIVE-SCORE-PROCESS-V1,2022,2021,2021-REG-END,0.0,0.05,phase3-feature-provenance-v1,5f148219527b07d85261d3f196ace97a5eb5646271d43596032a692389abc579,2c5cc1af74fc5f3955e44361b82b791710e4b63bbc69b0c15570617e2d86e543,NONE,B0-poisson-multinomial-rare-tail-v1,10000
2022_13_WAS_NYG,2022,13,2022-12-04,NYG,WAS,20.0,20.0,0.0,40.0,19.7496,21.9922,-2.2426,41.7418,0.44785,128.69476931693168,138.85662482248225,251.88253349334937,283.2202547854785,11.066896547801655,11.01497379171863,0.18910402418224892,0.1277798415487197,0.19891247298185835,0.1717497791070346,6.0,10.0,19.0,27.0,35.0,7.0,13.0,21.0,29.0,37.100000000000364,-22.0,-13.0,-2.0,8.0,18.0,21.0,30.0,40.0,52.0,64.0,2.7403819999999994,2.7302778199999995,3.7004056999999992,3.90896532,4.289174926457141,2808376938,B0-POSSESSION-DRIVE-SCORE-PROCESS-V1,2022,2021,2021-REG-END,0.0,0.05,phase3-feature-provenance-v1,5f148219527b07d85261d3f196ace97a5eb5646271d43596032a692389abc579,2c5cc1af74fc5f3955e44361b82b791710e4b63bbc69b0c15570617e2d86e543,NONE,B0-poisson-multinomial-rare-tail-v1,10000
2022_14_BAL_PIT,2022,14,2022-12-11,PIT,BAL,14.0,16.0,-2.0,30.0,21.0442,23.9164,-2.8722,44.9606,0.4332,138.96334269426941,153.3587469146915,272.37370453045304,312.2704746874688,11.146092875055777,11.070975056468278,0.2023311421864722,0.1290181053775208,0.22089045355406617,0.17354656457656467,7.0,13.0,20.0,28.0,37.0,9.0,15.0,23.0,31.0,41.0,-24.0,-14.0,-3.0,8.0,18.0,23.0,33.0,43.0,56.0,68.0,3.8268520399999995,4.344599939999999,3.8290944600000003,8.169153779999998,6.553380476151569,384879104,B0-POSSESSION-DRIVE-SCORE-PROCESS-V1,2022,2021,2021-REG-END,0.0,0.05,phase3-feature-provenance-v1,5f148219527b07d85261d3f196ace97a5eb5646271d43596032a692389abc579,2c5cc1af74fc5f3955e44361b82b791710e4b63bbc69b0c15570617e2d86e543,NONE,B0-poisson-multinomial-rare-tail-v1,10000
2022_14_CAR_SEA,2022,14,2022-12-11,SEA,CAR,24.0,30.0,-6.0,54.0,26.5258,20.3152,6.2106,46.841,0.64415,169.4364780078008,130.84153311331133,287.6868163216322,312.86920592059204,11.50883954649448,11.32637577675306,0.2566970757641434,0.14471482741443217,0.18671728188250403,0.13778492029861839,10.0,17.0,26.0,34.0,44.0,7.0,13.0,20.0,27.0,35.0,-15.0,-5.0,6.0,17.0,28.0,26.0,34.0,46.0,58.0,70.0,3.092984660000001,6.353991379999999,7.263938519999998,5.669651180000001,7.262376011053384,1958778577,B0-POSSESSION-DRIVE-SCORE-PROCESS-V1,2022,2021,2021-REG-END,0.0,0.05,phase3-feature-provenance-v1,5f148219527b07d85261d3f196ace97a5eb5646271d43596032a692389abc579,2c5cc1af74fc5f3955e44361b82b791710e4b63bbc69b0c15570617e2d86e543,NONE,B0-poisson-multinomial-rare-tail-v1,10000
2022_14_CLE_CIN,2022,14,2022-12-11,CIN,CLE,23.0,10.0,13.0,33.0,27.017,22.7188,4.2982,49.7358,0.59255,189.7788888888889,153.60048660866087,322.9161683768377,363.8425826182618,11.129056090369724,11.09733483251383,0.2804022458873181,0.12739855797117075,0.2257126069950174,0.1313077209424036,10.0,17.0,26.0,35.0,45.0,7.0,14.0,21.0,30.0,39.0,-18.0,-8.0,4.0,16.0,27.0,27.0,36.0,48.0,61.0,75.0,3.3947384399999994,7.0068475,5.907797519999999,9.272381939999999,8.303520560167263,1345398573,B0-POSSESSION-DRIVE-SCORE-PROCESS-V1,2022,2021,2021-REG-END,0.0,0.05,phase3-feature-provenance-v1,5f148219527b07d85261d3f196ace97a5eb5646271d43596032a692389abc579,2c5cc1af74fc5f3955e44361b82b791710e4b63bbc69b0c15570617e2d86e543,NONE,B0-poisson-multinomial-rare-tail-v1,10000
2022_14_HOU_DAL,2022,14,2022-12-11,DAL,HOU,27.0,23.0,4.0,50.0,32.496,18.1511,14.3449,50.6471,0.7904,225.28531253125317,116.30489927992802,321.24626861686164,361.93415500550054,11.532717418328609,11.428631690458449,0.3243803146271678,0.15588318952351105,0.15619092963855083,0.13730111014073665,14.0,21.0,31.0,41.0,52.0,6.0,10.0,17.0,24.0,33.0,-8.0,2.0,14.0,26.0,37.0,27.0,37.0,49.0,63.0,76.0,3.9388581800000004,3.7972772100000007,6.276623930000001,4.455511790000001,6.046503484704283,2978002862,B0-POSSESSION-DRIVE-SCORE-PROCESS-V1,2022,2021,2021-REG-END,0.0,0.05,phase3-feature-provenance-v1,5f148219527b07d85261d3f196ace97a5eb5646271d43596032a692389abc579,2c5cc1af74fc5f3955e44361b82b791710e4b63bbc69b0c15570617e2d86e543,NONE,B0-poisson-multinomial-rare-tail-v1,10000
2022_14_JAX_TEN,2022,14,2022-12-11,TEN,JAX,22.0,36.0,-14.0,58.0,26.1909,20.2895,5.9014,46.4804,0.638,180.2304802380238,134.5863483848385,291.50622866286625,338.1274285828583,10.87569491594675,10.89966347456732,0.2795885465443073,0.12718055045568355,0.1941577621504671,0.13983832256810863,10.0,17.0,24.0,34.0,44.0,7.0,12.0,19.0,27.0,36.0,-16.0,-6.0,6.0,17.0,28.0,24.0,33.0,45.0,58.0,71.0,3.4029994699999992,10.73666943,12.30874588,7.723741640000002,11.182969270285032,4104685307,B0-POSSESSION-DRIVE-SCORE-PROCESS-V1,2022,2021,2021-REG-END,0.0,0.05,phase3-feature-provenance-v1,5f148219527b07d85261d3f196ace97a5eb5646271d43596032a692389abc579,2c5cc1af74fc5f3955e44361b82b791710e4b63bbc69b0c15570617e2d86e543,NONE,B0-poisson-multinomial-rare-tail-v1,10000
2022_14_KC_DEN,2022,14,2022-12-11,DEN,KC,28.0,34.0,-6.0,62.0,19.6594,27.2687,-7.6093,46.9281,0.3295,128.9980914491449,181.24742505250524,291.65001851185116,328.84101449144913,10.885473181718366,10.857777216254576,0.19341559963865573,0.12092756140746963,0.2698563215241323,0.1848777444097655,6.0,10.0,19.0,27.0,35.0,10.0,17.0,26.0,35.0,45.0,-29.0,-19.0,-7.0,4.0,14.0,25.0,34.0,46.0,58.0,71.0,5.52401698,4.9265967900000005,3.95697717,9.673891370000002,7.92689097084574,1259944348,B0-POSSESSION-DRIVE-SCORE-PROCESS-V1,2022,2021,2021-REG-END,0.0,0.05,phase3-feature-provenance-v1,5f148219527b07d85261d3f196ace97a5eb5646271d43596032a692389abc579,2c5cc1af74fc5f3955e44361b82b791710e4b63bbc69b0c15570617e2d86e543,NONE,B0-poisson-multinomial-rare-tail-v1,10000
2022_14_LV_LA,2022,14,2022-12-08,LA,LV,17.0,16.0,1.0,33.0,28.2513,24.5762,3.6751,52.8275,0.57955,190.69281759175917,163.91978553855384,329.38027801780174,379.84492824282427,10.925900166454158,10.870281581826225,0.28009512778976,0.17771683351903633,0.23993953316502142,0.15993160524361238,12.0,19.0,27.0,37.0,47.0,10.0,16.0,23.0,33.0,42.0,-20.0,-8.25,4.0,16.0,27.0,29.0,39.0,51.0,65.0,79.0,6.0551377099999995,4.561353500000001,4.35306271,11.235810389999997,8.39251710154234,2310642418,B0-POSSESSION-DRIVE-SCORE-PROCESS-V1,2022,2021,2021-REG-END,0.0,0.05,phase3-feature-provenance-v1,5f148219527b07d85261d3f196ace97a5eb5646271d43596032a692389abc579,2c5cc1af74fc5f3955e44361b82b791710e4b63bbc69b0c15570617e2d86e543,NONE,B0-poisson-multinomial-rare-tail-v1,10000
2022_14_MIA_LAC,2022,14,2022-12-11,LAC,MIA,23.0,17.0,6.0,40.0,27.4326,25.9322,1.5004,53.3648,0.53335,191.87724496449644,183.66997015701568,344.7398738273827,406.3545564156416,11.233005995392752,11.19577796589215,0.28237188961023574,0.12918736336722184,0.26552345455781473,0.1282191330054479,10.0,17.0,26.0,36.0,46.0,10.0,16.0,24.0,34.0,44.0,-22.0,-11.0,1.0,14.0,25.0,29.0,39.0,52.0,66.0,80.0,3.4551484199999996,4.816425580000001,4.69109748,7.402721919999999,6.61177245725381,2782260209,B0-POSSESSION-DRIVE-SCORE-PROCESS-V1,2022,2021,2021-REG-END,0.0,0.05,phase3-feature-provenance-v1,5f148219527b07d85261d3f196ace97a5eb5646271d43596032a692389abc579,2c5cc1af74fc5f3955e44361b82b791710e4b63bbc69b0c15570617e2d86e543,NONE,B0-poisson-multinomial-rare-tail-v1,10000
2022_14_MIN_DET,2022,14,2022-12-11,DET,MIN,34.0,23.0,11.0,57.0,25.2447,25.9972,-0.7525,51.2419,0.4816,165.61818372837283,180.32902506250625,314.71691544154413,377.177502140214,11.02348031815425,11.072311248718927,0.23122159201206463,0.19097815164647666,0.2658183098322479,0.140065222845131,10.0,16.0,24.0,33.0,42.0,10.0,16.0,24.0,34.0,44.0,-23.0,-12.0,-1.0,11.0,21.0,27.0,37.0,50.0,64.0,77.0,5.85750949,3.185472279999999,7.083174230000001,5.61050987,7.123100905619339,529405720,B0-POSSESSION-DRIVE-SCORE-PROCESS-V1,2022,2021,2021-REG-END,0.0,0.05,phase3-feature-provenance-v1,5f148219527b07d85261d3f196ace97a5eb5646271d43596032a692389abc579,2c5cc1af74fc5f3955e44361b82b791710e4b63bbc69b0c15570617e2d86e543,NONE,B0-poisson-multinomial-rare-tail-v1,10000
2022_14_NE_ARI,2022,14,2022-12-12,ARI,NE,13.0,27.0,-14.0,40.0,20.2117,26.0579,-5.8462,46.2696,0.36705,132.12509561956196,170.67701529152916,283.2674723072307,322.3367495149515,11.14524050683589,11.098676551976025,0.20013538224481608,0.10908346288158521,0.2526470701961174,0.16823348890877185,7.0,13.0,20.0,27.0,36.0,10.0,17.0,24.0,34.0,44.0,-27.0,-17.0,-6.0,6.0,15.0,24.0,33.0,45.0,57.0,70.0,3.9114383900000007,3.1995206099999995,5.491984740000001,4.716801460000001,5.630103039168258,4030011890,B0-POSSESSION-DRIVE-SCORE-PROCESS-V1,2022,2021,2021-REG-END,0.0,0.05,phase3-feature-provenance-v1,5f148219527b07d85261d3f196ace97a5eb5646271d43596032a692389abc579,2c5cc1af74fc5f3955e44361b82b791710e4b63bbc69b0c15570617e2d86e543,NONE,B0-poisson-multinomial-rare-tail-v1,10000
2022_14_NYJ_BUF,2022,14,2022-12-11,BUF,NYJ,20.0,12.0,8.0,32.0,30.2225,18.5009,11.7216,48.7234,0.7562500000000001,204.19421317131713,117.88998818881889,300.54174761476145,343.62665510551057,11.253267426869979,11.042088085732459,0.31329192550105617,0.14531339871200638,0.17406197381362656,0.1240081887543509,13.0,20.0,29.0,39.0,49.0,6.0,10.0,17.0,25.0,33.0,-10.0,0.0,11.0,23.0,34.0,26.0,36.0,48.0,60.0,73.0,5.567409489999999,3.5591190699999995,4.20396386,9.398206839999999,7.341129049177978,1797054096,B0-POSSESSION-DRIVE-SCORE-PROCESS-V1,2022,2021,2021-REG-END,0.0,0.05,phase3-feature-provenance-v1,5f148219527b07d85261d3f196ace97a5eb5646271d43596032a692389abc579,2c5cc1af74fc5f3955e44361b82b791710e4b63bbc69b0c15570617e2d86e543,NONE,B0-poisson-multinomial-rare-tail-v1,10000
2022_14_PHI_NYG,2022,14,2022-12-11,NYG,PHI,22.0,48.0,-26.0,70.0,18.5237,25.5249,-7.0012,44.0486,0.33744999999999997,118.9133296429643,167.73895388538853,265.2723257925793,308.0322412641264,10.957426188753923,10.984220650522888,0.17847500485182557,0.12344751565292852,0.2522594107591134,0.16371998430601506,6.0,10.0,17.0,25.0,34.0,10.0,16.0,24.0,34.0,43.0,-28.0,-18.0,-7.0,4.0,13.0,23.0,31.0,43.0,55.0,67.0,3.315731109999999,16.04014651,11.931530719999998,17.69500438,15.834749115214661,2580994002,B0-POSSESSION-DRIVE-SCORE-PROCESS-V1,2022,2021,2021-REG-END,0.0,0.05,phase3-feature-provenance-v1,5f148219527b07d85261d3f196ace97a5eb5646271d43596032a692389abc579,2c5cc1af74fc5f3955e44361b82b791710e4b63bbc69b0c15570617e2d86e543,NONE,B0-poisson-multinomial-rare-tail-v1,10000
2022_14_TB_SF,2022,14,2022-12-11,SF,TB,35.0,7.0,28.0,42.0,27.1401,25.4695,1.6706,52.6096,0.53295,184.94856684668466,177.44721447144715,333.54785042504255,391.2437122112212,11.222415285484365,11.10865900756067,0.26907234889520537,0.1488136539715137,0.26059729567427037,0.13313069613762907,10.0,17.0,26.0,36.0,45.0,10.0,16.0,24.0,34.0,43.0,-21.0,-10.0,1.0,14.0,25.0,28.0,38.0,51.0,65.0,79.0,5.4214553500000005,11.421769190000003,17.321093219999998,6.29274096,13.162213016037652,3498418272,B0-POSSESSION-DRIVE-SCORE-PROCESS-V1,2022,2021,2021-REG-END,0.0,0.05,phase3-feature-provenance-v1,5f148219527b07d85261d3f196ace97a5eb5646271d43596032a692389abc579,2c5cc1af74fc5f3955e44361b82b791710e4b63bbc69b0c15570617e2d86e543,NONE,B0-poisson-multinomial-rare-tail-v1,10000
2022_15_ARI_DEN,2022,15,2022-12-18,DEN,ARI,24.0,15.0,9.0,39.0,20.4546,21.5859,-1.1313,42.0405,0.4692,130.14195303530354,139.23894508450846,248.53291360136012,290.2288826382638,11.285463489148604,11.214580724170855,0.19228460800781408,0.1308925166531194,0.19976497784412262,0.1377803673819302,7.0,13.0,20.0,27.0,36.0,7.0,13.0,20.0,29.0,37.0,-21.0,-11.0,-1.0,9.0,19.0,21.0,30.0,41.0,53.0,64.0,3.40041394,3.7553322700000002,6.199403309999999,4.096301089999999,5.6308590638148655,4133139751,B0-POSSESSION-DRIVE-SCORE-PROCESS-V1,2022,2021,2021-REG-END,0.0,0.05,phase3-feature-provenance-v1,5f148219527b07d85261d3f196ace97a5eb5646271d43596032a692389abc579,2c5cc1af74fc5f3955e44361b82b791710e4b63bbc69b0c15570617e2d86e543,NONE,B0-poisson-multinomial-rare-tail-v1,10000
2022_15_ATL_NO,2022,15,2022-12-18,NO,ATL,21.0,18.0,3.0,39.0,27.9555,23.5739,4.3816,51.5294,0.59445,191.10403015301532,151.78791758175817,315.9399754375437,369.8439200320032,10.789081059038097,10.876183346506608,0.28591597137221536,0.16808639662039168,0.21820597886615553,0.181731167713715,10.0,17.0,27.0,37.0,47.0,9.0,14.0,23.0,31.0,40.0,-18.0,-7.0,4.0,16.0,27.0,28.0,37.0,50.0,64.0,77.0,4.139019329999999,3.5424079499999994,4.10069472,7.048907120000001,6.025535404108005,494615270,B0-POSSESSION-DRIVE-SCORE-PROCESS-V1,2022,2021,2021-REG-END,0.0,0.05,phase3-feature-provenance-v1,5f148219527b07d85261d3f196ace97a5eb5646271d43596032a692389abc579,2c5cc1af74fc5f3955e44361b82b791710e4b63bbc69b0c15570617e2d86e543,NONE,B0-poisson-multinomial-rare-tail-v1,10000
2022_15_BAL_CLE,2022,15,2022-12-17,CLE,BAL,13.0,3.0,10.0,16.0,21.3159,26.8804,-5.5645,48.1963,0.3754,145.69067625762574,177.59625546554653,295.0221419641964,351.55172148214825,11.021444244580724,11.129988084573117,0.22300008669074595,0.09971215207911385,0.2645319774580197,0.1606187281749471,7.0,13.0,20.0,28.0,37.0,10.0,17.0,26.0,35.0,45.0,-27.0,-17.0,-6.0,6.0,16.0,25.0,35.0,47.0,60.0,73.0,4.456299169999999,16.4781818,9.25161981,21.90045869,16.95831125662618,2568190071,B0-POSSESSION-DRIVE-SCORE-PROCESS-V1,2022,2021,2021-REG-END,0.0,0.05,phase3-feature-provenance-v1,5f148219527b07d85261d3f196ace97a5eb5646271d43596032a692389abc579,2c5cc1af74fc5f3955e44361b82b791710e4b63bbc69b0c15570617e2d86e543,NONE,B0-poisson-multinomial-rare-tail-v1,10000
2022_15_CIN_TB,2022,15,2022-12-18,TB,CIN,23.0,34.0,-11.0,57.0,28.194,23.8202,4.3738,52.0142,0.59645,190.352599259926,160.8899609560956,321.82185574557457,380.66326468646866,11.166993096301196,11.089349911167007,0.2765378592283573,0.16536203038748776,0.23929262667903428,0.13576894517790553,12.0,18.0,27.0,37.0,47.0,9.0,14.0,23.0,31.0,41.0,-18.0,-7.0,4.0,16.0,27.0,28.0,38.0,50.0,64.0,78.0,3.6336676799999994,6.66679448,9.1202694,5.4290563800000005,8.049207774215384,2896309896,B0-POSSESSION-DRIVE-SCORE-PROCESS-V1,2022,2021,2021-REG-END,0.0,0.05,phase3-feature-provenance-v1,5f148219527b07d85261d3f196ace97a5eb5646271d43596032a692389abc579,2c5cc1af74fc5f3955e44361b82b791710e4b63bbc69b0c15570617e2d86e543,NONE,B0-poisson-multinomial-rare-tail-v1,10000
2022_15_DAL_JAX,2022,15,2022-12-18,JAX,DAL,40.0,34.0,6.0,74.0,20.3976,28.9111,-8.5135,49.3087,0.3128,130.33074731473147,195.88898568856885,304.7408918391839,347.6985741674168,11.213321858593424,11.04362669108986,0.19580900936551715,0.12680142965111604,0.29458548771003656,0.1611308735993788,7.0,13.0,20.0,27.0,36.0,12.0,19.0,28.0,38.0,47.0,-31.0,-20.0,-8.0,3.0,14.0,26.0,36.0,48.0,61.0,74.0,13.970141039999998,4.33790275,8.58403425,16.41171945,14.07801320127345,2628956849,B0-POSSESSION-DRIVE-SCORE-PROCESS-V1,2022,2021,2021-REG-END,0.0,0.05,phase3-feature-provenance-v1,5f148219527b07d85261d3f196ace97a5eb5646271d43596032a692389abc579,2c5cc1af74fc5f3955e44361b82b791710e4b63bbc69b0c15570617e2d86e543,NONE,B0-poisson-multinomial-rare-tail-v1,10000
2022_15_DET_NYJ,2022,15,2022-12-18,NYJ,DET,17.0,20.0,-3.0,37.0,23.8408,24.1597,-0.3189,48.0005,0.49425,163.32638799879987,157.59995590559058,298.4928520752075,343.35983573357333,11.11217911369318,11.114720922483835,0.2398465736788867,0.13491665994013063,0.23647938973561375,0.15845325023285065,9.0,14.0,23.0,31.0,41.0,9.0,15.0,23.0,31.25,41.0,-22.0,-12.0,0.0,11.0,22.0,25.0,34.0,47.0,60.0,72.0,3.9136926799999996,3.1800598300000003,4.12196619,6.275874410000002,5.699923701839582,4213710724,B0-POSSESSION-DRIVE-SCORE-PROCESS-V1,2022,2021,2021-REG-END,0.0,0.05,phase3-feature-provenance-v1,5f148219527b07d85261d3f196ace97a5eb5646271d43596032a692389abc579,2c5cc1af74fc5f3955e44361b82b791710e4b63bbc69b0c15570617e2d86e543,NONE,B0-poisson-multinomial-rare-tail-v1,10000
2022_15_IND_MIN,2022,15,2022-12-17,MIN,IND,39.0,36.0,3.0,75.0,25.2295,23.7445,1.485,48.974,0.5298,171.18674842484248,149.5073704870487,299.259300930093,342.1289368936894,11.463047299248599,11.293360406334354,0.2371877015749975,0.1589720413855983,0.2040831506209698,0.19941361092943363,10.0,16.0,24.0,33.0,43.0,9.0,15.0,23.0,31.0,40.0,-20.0,-10.0,1.0,13.0,23.0,26.0,36.0,48.0,60.0,74.0,9.05418539,7.98027719,4.06333908,17.6063713,12.77316731585725,484920160,B0-POSSESSION-DRIVE-SCORE-PROCESS-V1,2022,2021,2021-REG-END,0.0,0.05,phase3-feature-provenance-v1,5f148219527b07d85261d3f196ace97a5eb5646271d43596032a692389abc579,2c5cc1af74fc5f3955e44361b82b791710e4b63bbc69b0c15570617e2d86e543,NONE,B0-poisson-multinomial-rare-tail-v1,10000
2022_15_KC_HOU,2022,15,2022-12-18,HOU,KC,24.0,30.0,-6.0,54.0,20.1368,32.295,-12.1582,52.4318,0.24935,129.76506226622664,220.8338583858386,320.8120539653965,380.38578733873385,11.099664817048414,11.14162954749347,0.1921559151544276,0.12808898200104896,0.3215075462371523,0.1826245094800401,7.0,12.0,19.0,27.0,35.0,14.0,21.0,31.0,41.0,52.0,-36.0,-24.0,-12.0,0.0,10.0,28.0,39.0,51.0,65.0,78.0,3.5178822800000003,3.4622547600000004,4.825503380000001,4.694001920000002,5.356071915186309,2499724574,B0-POSSESSION-DRIVE-SCORE-PROCESS-V1,2022,2021,2021-REG-END,0.0,0.05,phase3-feature-provenance-v1,5f148219527b07d85261d3f196ace97a5eb5646271d43596032a692389abc579,2c5cc1af74fc5f3955e44361b82b791710e4b63bbc69b0c15570617e2d86e543,NONE,B0-poisson-multinomial-rare-tail-v1,10000
2022_15_LA_GB,2022,15,2022-12-19,GB,LA,24.0,12.0,12.0,36.0,26.9584,24.2059,2.7525,51.1643,0.56025,185.1163810781078,164.61056624662467,317.70741449144913,381.7464801580158,10.85905341832504,10.814871875962348,0.292907011040024,0.11715420151653942,0.2453516603547662,0.1535474423975816,10.0,17.0,26.0,35.0,45.0,9.0,15.0,23.0,32.0,41.0,-20.0,-9.0,3.0,14.0,25.0,27.0,37.0,50.0,63.0,77.0,3.2323650000000006,6.705689169999999,6.046933229999999,8.297608169999998,7.866902188829956,585482985,B0-POSSESSION-DRIVE-SCORE-PROCESS-V1,2022,2021,2021-REG-END,0.0,0.05,phase3-feature-provenance-v1,5f148219527b07d85261d3f196ace97a5eb5646271d43596032a692389abc579,2c5cc1af74fc5f3955e44361b82b791710e4b63bbc69b0c15570617e2d86e543,NONE,B0-poisson-multinomial-rare-tail-v1,10000
2022_15_MIA_BUF,2022,15,2022-12-17,BUF,MIA,32.0,29.0,3.0,61.0,29.3357,21.1638,8.1719,50.4995,0.6747500000000001,207.78138364836482,141.64693425342537,324.16136652665267,374.6952692769277,11.20171216393714,11.047951836802818,0.3077353426861975,0.12872893056199497,0.2151059317850155,0.11029714866031608,13.0,20.0,28.0,38.0,48.0,7.0,13.0,20.0,28.0,37.0,-14.0,-4.0,8.0,20.0,31.0,27.0,37.0,49.0,63.0,76.0,3.81606429,5.326138020000001,4.651150150000001,7.30839881,6.9414774305541265,1322060515,B0-POSSESSION-DRIVE-SCORE-PROCESS-V1,2022,2021,2021-REG-END,0.0,0.05,phase3-feature-provenance-v1,5f148219527b07d85261d3f196ace97a5eb5646271d43596032a692389abc579,2c5cc1af74fc5f3955e44361b82b791710e4b63bbc69b0c15570617e2d86e543,NONE,B0-poisson-multinomial-rare-tail-v1,10000
2022_15_NE_LV,2022,15,2022-12-18,LV,NE,30.0,24.0,6.0,54.0,22.6155,28.5619,-5.9464,51.1774,0.3697,147.43080283028303,189.22289067906792,314.49877691769177,358.8086101010101,11.073211970169798,11.00622719160572,0.21025944864646484,0.15919693791911532,0.27193010763044567,0.20482142042580959,7.0,14.0,21.0,30.0,39.0,12.0,19.0,27.0,37.0,47.0,-28.0,-17.0,-6.0,6.0,17.0,27.0,37.0,50.0,63.0,76.0,5.087804090000001,3.5533324299999993,7.19221482,4.722792799999999,6.685234724468726,243338975,B0-POSSESSION-DRIVE-SCORE-PROCESS-V1,2022,2021,2021-REG-END,0.0,0.05,phase3-feature-provenance-v1,5f148219527b07d85261d3f196ace97a5eb5646271d43596032a692389abc579,2c5cc1af74fc5f3955e44361b82b791710e4b63bbc69b0c15570617e2d86e543,NONE,B0-poisson-multinomial-rare-tail-v1,10000
2022_15_NYG_WAS,2022,15,2022-12-18,WAS,NYG,12.0,20.0,-8.0,32.0,24.1918,18.9634,5.2284,43.1552,0.6241,155.94720748074806,119.56821726172618,256.00283372337236,295.02801576157617,11.25156353724505,11.178810432708378,0.21856856793570653,0.17528479624561133,0.17429547228686953,0.12971758922778046,9.0,15.0,23.0,31.0,41.0,6.0,10.0,17.0,26.0,34.0,-15.0,-5.0,5.0,16.0,26.0,22.0,31.0,42.0,54.0,66.0,6.73534308,2.6978669799999997,7.7902219599999984,6.240147559999999,7.624107664901905,1447895851,B0-POSSESSION-DRIVE-SCORE-PROCESS-V1,2022,2021,2021-REG-END,0.0,0.05,phase3-feature-provenance-v1,5f148219527b07d85261d3f196ace97a5eb5646271d43596032a692389abc579,2c5cc1af74fc5f3955e44361b82b791710e4b63bbc69b0c15570617e2d86e543,NONE,B0-poisson-multinomial-rare-tail-v1,10000
2022_15_PHI_CHI,2022,15,2022-12-18,CHI,PHI,20.0,25.0,-5.0,45.0,21.2673,25.0612,-3.7939,46.3285,0.4141,139.81723243324333,166.1694715071507,286.8331061006101,325.140301780178,10.821156631154532,10.82718579744465,0.21795822491215405,0.10897973827456017,0.2536552855283432,0.15673590744820973,7.0,13.0,20.0,28.0,37.0,10.0,16.0,24.0,33.0,42.0,-25.0,-15.0,-4.0,7.0,17.0,24.0,33.0,45.0,58.0,71.0,2.752730670000001,3.0623720399999996,3.9567740899999997,4.16976799,4.458010815906395,2187076640,B0-POSSESSION-DRIVE-SCORE-PROCESS-V1,2022,2021,2021-REG-END,0.0,0.05,phase3-feature-provenance-v1,5f148219527b07d85261d3f196ace97a5eb5646271d43596032a692389abc579,2c5cc1af74fc5f3955e44361b82b791710e4b63bbc69b0c15570617e2d86e543,NONE,B0-poisson-multinomial-rare-tail-v1,10000
2022_15_PIT_CAR,2022,15,2022-12-18,CAR,PIT,16.0,24.0,-8.0,40.0,21.8231,21.2379,0.5852,43.061,0.51,148.38584497449745,133.19862345234523,260.8222231823182,302.3467136713671,11.254206584869765,11.422442915155116,0.20429670899732916,0.14011254507271031,0.18358415464356254,0.16013389123132413,7.0,13.0,20.0,30.0,38.0,7.0,13.0,20.0,28.0,37.0,-20.0,-10.0,0.0,11.0,21.0,22.0,30.0,41.0,54.0,66.0,3.5032214900000005,3.20621035,5.44003728,4.08434246,5.30320773987931,4158228811,B0-POSSESSION-DRIVE-SCORE-PROCESS-V1,2022,2021,2021-REG-END,0.0,0.05,phase3-feature-provenance-v1,5f148219527b07d85261d3f196ace97a5eb5646271d43596032a692389abc579,2c5cc1af74fc5f3955e44361b82b791710e4b63bbc69b0c15570617e2d86e543,NONE,B0-poisson-multinomial-rare-tail-v1,10000
2022_15_SF_SEA,2022,15,2022-12-15,SEA,SF,13.0,21.0,-8.0,34.0,25.5381,24.2166,1.3215,49.7547,0.53125,178.17056544654463,158.96278071807183,308.19955770577064,366.0671346234623,11.091697187216091,11.109916113551504,0.26513047856586147,0.12637048611259696,0.23835980614724425,0.1515033875250411,10.0,16.0,24.0,34.0,43.0,9.0,15.0,23.0,32.0,41.0,-21.0,-10.0,1.0,13.0,24.0,26.0,36.0,48.0,61.0,75.0,6.81868809,3.04880644,5.989502929999999,8.658781509999999,7.9904021092622095,2657307663,B0-POSSESSION-DRIVE-SCORE-PROCESS-V1,2022,2021,2021-REG-END,0.0,0.05,phase3-feature-provenance-v1,5f148219527b07d85261d3f196ace97a5eb5646271d43596032a692389abc579,2c5cc1af74fc5f3955e44361b82b791710e4b63bbc69b0c15570617e2d86e543,NONE,B0-poisson-multinomial-rare-tail-v1,10000
2022_15_TEN_LAC,2022,15,2022-12-18,LAC,TEN,17.0,14.0,3.0,31.0,27.3654,26.5246,0.8408,53.89,0.5117499999999999,188.5757404140414,177.56715155515553,334.1030656665667,398.1827182718272,11.144177571582366,11.152228522960414,0.2761633670232509,0.14283559846517646,0.27206162229010006,0.12826045994481775,10.0,17.0,26.0,36.0,45.0,10.0,17.0,25.0,35.0,44.0,-22.0,-11.0,0.0,13.0,24.0,29.0,40.0,52.0,66.0,81.0,5.54192142,6.8913097400000005,4.265431359999999,13.46287626,9.824482002531004,4071682424,B0-POSSESSION-DRIVE-SCORE-PROCESS-V1,2022,2021,2021-REG-END,0.0,0.05,phase3-feature-provenance-v1,5f148219527b07d85261d3f196ace97a5eb5646271d43596032a692389abc579,2c5cc1af74fc5f3955e44361b82b791710e4b63bbc69b0c15570617e2d86e543,NONE,B0-poisson-multinomial-rare-tail-v1,10000
2022_16_ATL_BAL,2022,16,2022-12-24,BAL,ATL,17.0,9.0,8.0,26.0,27.8139,23.4496,4.3643,51.2635,0.5993499999999999,187.53141993199318,156.40990083008302,315.2137068806881,372.66893464346435,10.640585644423883,10.589855890232496,0.28215478576835695,0.18762170608049572,0.23208261892920623,0.16705244041257125,10.0,17.0,27.0,36.0,46.0,9.0,14.0,22.0,31.0,40.0,-18.0,-7.0,4.0,16.0,27.0,27.0,37.0,50.0,63.0,77.0,5.814273870000001,8.30876176,4.40240107,15.46459099,11.07674411527175,397665309,B0-POSSESSION-DRIVE-SCORE-PROCESS-V1,2022,2021,2021-REG-END,0.0,0.05,phase3-feature-provenance-v1,5f148219527b07d85261d3f196ace97a5eb5646271d43596032a692389abc579,2c5cc1af74fc5f3955e44361b82b791710e4b63bbc69b0c15570617e2d86e543,NONE,B0-poisson-multinomial-rare-tail-v1,10000
2022_16_BUF_CHI,2022,16,2022-12-24,CHI,BUF,13.0,35.0,-22.0,48.0,21.2298,26.8003,-5.5705,48.0301,0.37455,143.3075227122712,178.72269217921792,298.2418539353935,345.8185758475848,10.827185736989161,10.917810839339621,0.22039266363872087,0.1105007259031757,0.27395171310140803,0.15626969411006114,7.0,13.0,20.0,28.0,37.0,10.0,17.0,26.0,35.0,44.0,-28.0,-17.0,-6.0,6.0,17.0,25.0,35.0,46.0,60.0,73.0,4.4290587200000004,5.562752649999999,9.94627377,4.365794210000001,7.92738285230921,885521271,B0-POSSESSION-DRIVE-SCORE-PROCESS-V1,2022,2021,2021-REG-END,0.0,0.05,phase3-feature-provenance-v1,5f148219527b07d85261d3f196ace97a5eb5646271d43596032a692389abc579,2c5cc1af74fc5f3955e44361b82b791710e4b63bbc69b0c15570617e2d86e543,NONE,B0-poisson-multinomial-rare-tail-v1,10000
2022_16_CIN_NE,2022,16,2022-12-24,NE,CIN,18.0,22.0,-4.0,40.0,27.4396,19.8505,7.5891,47.2901,0.6762,177.81653349334934,128.1893686868687,283.1097721672167,328.9020321932193,11.236453994375204,11.153617787535843,0.2530919911983343,0.20025472571064593,0.18946971648907077,0.12228425404704353,10.0,17.0,26.0,36.0,45.0,7.0,12.0,19.0,27.0,35.0,-14.0,-4.0,7.0,19.0,29.0,25.0,34.0,46.0,59.0,72.0,5.1791235,3.05060425,6.905218089999998,5.007287870000001,6.446533273454312,392332326,B0-POSSESSION-DRIVE-SCORE-PROCESS-V1,2022,2021,2021-REG-END,0.0,0.05,phase3-feature-provenance-v1,5f148219527b07d85261d3f196ace97a5eb5646271d43596032a692389abc579,2c5cc1af74fc5f3955e44361b82b791710e4b63bbc69b0c15570617e2d86e543,NONE,B0-poisson-multinomial-rare-tail-v1,10000
2022_16_DEN_LA,2022,16,2022-12-25,LA,DEN,51.0,14.0,37.0,65.0,23.2773,18.6072,4.6701,41.8845,0.6083,153.89899460946094,121.36984514451447,259.339199909991,291.1984795979598,11.202931181303704,11.041564843626547,0.21565757764869073,0.1555675039364052,0.17655796445390448,0.1211510042156628,8.0,14.0,22.0,31.0,40.0,6.0,10.0,17.0,25.0,34.0,-16.0,-6.0,4.0,15.25,25.0,20.0,30.0,41.0,53.0,65.0,21.101767270000003,2.974597639999999,23.612878950000002,15.448348569999999,20.336197112426433,483192432,B0-POSSESSION-DRIVE-SCORE-PROCESS-V1,2022,2021,2021-REG-END,0.0,0.05,phase3-feature-provenance-v1,5f148219527b07d85261d3f196ace97a5eb5646271d43596032a692389abc579,2c5cc1af74fc5f3955e44361b82b791710e4b63bbc69b0c15570617e2d86e543,NONE,B0-poisson-multinomial-rare-tail-v1,10000
2022_16_DET_CAR,2022,16,2022-12-24,CAR,DET,37.0,23.0,14.0,60.0,26.3984,22.5497,3.8487,48.9481,0.5847,178.8395613961396,147.27165707570757,297.07431574157414,355.1481212021202,10.961422563473548,11.010676562759091,0.2712343121623215,0.13913936347316794,0.21246833599510015,0.16331377632810656,10.0,17.0,24.0,34.0,44.0,7.0,14.0,21.0,30.0,39.0,-17.0,-7.0,4.0,15.0,26.0,26.0,36.0,47.0,61.0,74.0,6.94262594,2.91525167,6.421288449999999,7.546162889999998,7.837730191155176,406782720,B0-POSSESSION-DRIVE-SCORE-PROCESS-V1,2022,2021,2021-REG-END,0.0,0.05,phase3-feature-provenance-v1,5f148219527b07d85261d3f196ace97a5eb5646271d43596032a692389abc579,2c5cc1af74fc5f3955e44361b82b791710e4b63bbc69b0c15570617e2d86e543,NONE,B0-poisson-multinomial-rare-tail-v1,10000
2022_16_GB_MIA,2022,16,2022-12-25,MIA,GB,20.0,26.0,-6.0,46.0,25.1997,27.0243,-1.8246,52.224,0.4545,171.9316130713071,187.53246275627563,329.35497033703365,389.5731813181318,10.918105827823206,10.989851951748786,0.2661721586332631,0.11956976099571959,0.283466081867403,0.12758292192995666,10.0,16.0,24.0,34.0,43.0,10.0,17.0,26.0,35.0,45.0,-25.0,-14.0,-2.0,10.0,21.0,28.0,38.0,51.0,65.0,78.0,3.50997377,3.2263316700000004,4.51690894,5.076470080000002,5.359561219065094,2949251792,B0-POSSESSION-DRIVE-SCORE-PROCESS-V1,2022,2021,2021-REG-END,0.0,0.05,phase3-feature-provenance-v1,5f148219527b07d85261d3f196ace97a5eb5646271d43596032a692389abc579,2c5cc1af74fc5f3955e44361b82b791710e4b63bbc69b0c15570617e2d86e543,NONE,B0-poisson-multinomial-rare-tail-v1,10000
2022_16_HOU_TEN,2022,16,2022-12-24,TEN,HOU,14.0,19.0,-5.0,33.0,27.8832,20.3094,7.5738,48.1926,0.6713,193.85254301430143,130.34410605060506,299.3938929492949,348.99940518051807,11.499932585505944,11.366949211868251,0.28060700594410387,0.1281604833716733,0.1771445395384654,0.1519917878428664,10.0,17.0,27.0,37.0,47.0,7.0,13.0,20.0,27.0,35.0,-14.0,-4.0,7.0,19.0,30.0,26.0,34.0,47.0,60.0,73.0,7.701415620000001,2.6750548599999995,7.4366571,8.29521458,8.535664369853917,2139871649,B0-POSSESSION-DRIVE-SCORE-PROCESS-V1,2022,2021,2021-REG-END,0.0,0.05,phase3-feature-provenance-v1,5f148219527b07d85261d3f196ace97a5eb5646271d43596032a692389abc579,2c5cc1af74fc5f3955e44361b82b791710e4b63bbc69b0c15570617e2d86e543,NONE,B0-poisson-multinomial-rare-tail-v1,10000
2022_16_JAX_NYJ,2022,16,2022-12-22,NYJ,JAX,3.0,19.0,-16.0,22.0,22.1448,22.1295,0.0153,44.2743,0.49979999999999997,144.00283324332432,147.7869084408441,274.2258884988499,309.3535948694869,11.161402884968712,11.207618303129456,0.210578367345142,0.14593885659306358,0.20901632535865144,0.14051400931326105,7.0,13.0,21.0,30.0,38.0,7.0,13.0,21.0,30.0,38.0,-21.0,-11.0,0.0,11.0,21.0,23.0,32.0,43.0,55.0,68.0,12.5456492,2.984974329999999,9.62714217,13.47906183,12.565675971986822,1266683679,B0-POSSESSION-DRIVE-SCORE-PROCESS-V1,2022,2021,2021-REG-END,0.0,0.05,phase3-feature-provenance-v1,5f148219527b07d85261d3f196ace97a5eb5646271d43596032a692389abc579,2c5cc1af74fc5f3955e44361b82b791710e4b63bbc69b0c15570617e2d86e543,NONE,B0-poisson-multinomial-rare-tail-v1,10000
2022_16_LAC_IND,2022,16,2022-12-26,IND,LAC,3.0,20.0,-17.0,23.0,26.7751,26.2205,0.5546,52.9956,0.5148999999999999,175.04002399239923,173.70905065506548,323.91120996099613,373.5869393339334,11.51224761792601,11.486340863834203,0.24781599665925913,0.1742662758508729,0.24871899883138304,0.15861061096284707,10.0,17.0,26.0,35.0,44.0,10.0,17.0,24.0,34.0,44.0,-22.0,-11.25,1.0,12.0,24.0,29.0,39.0,51.0,65.0,78.0,16.42864609,3.80934257,10.555282559999998,19.649325580000003,16.36894554612047,1203687288,B0-POSSESSION-DRIVE-SCORE-PROCESS-V1,2022,2021,2021-REG-END,0.0,0.05,phase3-feature-provenance-v1,5f148219527b07d85261d3f196ace97a5eb5646271d43596032a692389abc579,2c5cc1af74fc5f3955e44361b82b791710e4b63bbc69b0c15570617e2d86e543,NONE,B0-poisson-multinomial-rare-tail-v1,10000
2022_16_LV_PIT,2022,16,2022-12-24,PIT,LV,13.0,10.0,3.0,23.0,25.718,22.9475,2.7705,48.6655,0.5678000000000001,170.51812781278127,146.61100485048505,290.6524949995,343.6057703270327,11.021724605917155,10.840242906018679,0.24532158508777868,0.1774962427377651,0.21614158365940334,0.1766959692286792,10.0,16.0,24.0,34.0,44.0,8.900000000000091,14.0,22.0,30.0,39.0,-19.0,-9.0,3.0,14.0,24.0,26.0,36.0,47.0,60.0,73.0,6.9694883,7.28732421,3.8949332499999993,16.06081291,11.04500048933937,4003387825,B0-POSSESSION-DRIVE-SCORE-PROCESS-V1,2022,2021,2021-REG-END,0.0,0.05,phase3-feature-provenance-v1,5f148219527b07d85261d3f196ace97a5eb5646271d43596032a692389abc579,2c5cc1af74fc5f3955e44361b82b791710e4b63bbc69b0c15570617e2d86e543,NONE,B0-poisson-multinomial-rare-tail-v1,10000
2022_16_NO_CLE,2022,16,2022-12-24,CLE,NO,10.0,17.0,-7.0,27.0,20.8105,26.4764,-5.6659,47.2869,0.37120000000000003,138.75786553655365,175.7300160416042,296.9215693469347,332.054193809381,11.136717611726679,11.129436834153784,0.20668483001923274,0.11190094413551736,0.2624800871387698,0.15005868115471319,7.0,13.0,20.0,28.0,37.0,10.0,17.0,25.0,34.0,44.0,-27.0,-17.0,-6.0,6.0,16.0,25.0,34.0,46.0,59.0,71.0,5.829754610000001,5.098161579999999,3.9865419299999996,11.75149351,8.63532006279776,3799400928,B0-POSSESSION-DRIVE-SCORE-PROCESS-V1,2022,2021,2021-REG-END,0.0,0.05,phase3-feature-provenance-v1,5f148219527b07d85261d3f196ace97a5eb5646271d43596032a692389abc579,2c5cc1af74fc5f3955e44361b82b791710e4b63bbc69b0c15570617e2d86e543,NONE,B0-poisson-multinomial-rare-tail-v1,10000
2022_16_NYG_MIN,2022,16,2022-12-24,MIN,NYG,27.0,24.0,3.0,51.0,25.8937,19.8496,6.0441,45.7433,0.64105,171.02990330033003,120.99927976797682,269.69892508250825,314.3594410541054,11.543844105205874,11.375810078002669,0.23914438116959805,0.16497777569037508,0.16819240251408923,0.16278007380222367,10.0,17.0,24.0,34.0,44.0,6.0,12.0,19.0,27.0,34.0,-14.0,-5.0,6.0,17.0,27.0,24.0,33.0,44.0,57.0,69.0,3.1893068699999993,3.5169011,3.9754074900000003,5.082325489999999,5.115480414061851,2017416363,B0-POSSESSION-DRIVE-SCORE-PROCESS-V1,2022,2021,2021-REG-END,0.0,0.05,phase3-feature-provenance-v1,5f148219527b07d85261d3f196ace97a5eb5646271d43596032a692389abc579,2c5cc1af74fc5f3955e44361b82b791710e4b63bbc69b0c15570617e2d86e543,NONE,B0-poisson-multinomial-rare-tail-v1,10000
2022_16_PHI_DAL,2022,16,2022-12-24,DAL,PHI,40.0,34.0,6.0,74.0,28.1638,24.1993,3.9645,52.3631,0.5875,190.12838239823984,165.54233374337434,328.23126287628764,383.1101694069407,11.209416411600333,11.36569515417115,0.2826409538868881,0.14990115044952704,0.23844196734871603,0.13339766682844054,10.0,17.0,27.0,37.0,46.0,9.0,14.0,23.0,32.0,41.0,-19.0,-8.0,4.0,16.0,27.0,28.0,38.0,51.0,65.0,78.0,7.62263668,6.48556153,4.23628463,13.95780923,10.689765446645895,1023642634,B0-POSSESSION-DRIVE-SCORE-PROCESS-V1,2022,2021,2021-REG-END,0.0,0.05,phase3-feature-provenance-v1,5f148219527b07d85261d3f196ace97a5eb5646271d43596032a692389abc579,2c5cc1af74fc5f3955e44361b82b791710e4b63bbc69b0c15570617e2d86e543,NONE,B0-poisson-multinomial-rare-tail-v1,10000
2022_16_SEA_KC,2022,16,2022-12-24,KC,SEA,24.0,10.0,14.0,34.0,29.4302,23.9438,5.4864,53.374,0.6239,202.09133709370937,167.20196175617562,338.05762080208024,400.5289768976898,11.022464926402783,10.980368526503547,0.2938474696942798,0.1775281126269614,0.24847933202466824,0.11614948222620411,13.0,20.0,28.0,38.0,48.0,8.0,14.0,23.0,31.0,41.0,-18.0,-7.0,6.0,17.0,29.0,29.0,39.0,52.0,66.0,80.0,3.7757999999999994,7.81999418,5.77388376,10.8904999,9.102683956763,1887996133,B0-POSSESSION-DRIVE-SCORE-PROCESS-V1,2022,2021,2021-REG-END,0.0,0.05,phase3-feature-provenance-v1,5f148219527b07d85261d3f196ace97a5eb5646271d43596032a692389abc579,2c5cc1af74fc5f3955e44361b82b791710e4b63bbc69b0c15570617e2d86e543,NONE,B0-poisson-multinomial-rare-tail-v1,10000
2022_16_TB_ARI,2022,16,2022-12-25,ARI,TB,16.0,19.0,-3.0,35.0,23.7012,25.7302,-2.029,49.4314,0.4527,157.96391495149516,172.3072386838684,306.15277427742774,354.3895329932993,11.271623483064614,11.279514327417402,0.23154005921284945,0.12909478211090938,0.25686682552828227,0.1387308866654699,9.0,14.0,23.0,31.0,41.0,10.0,16.0,24.0,34.0,44.0,-24.0,-13.0,-2.0,10.0,20.0,27.0,36.0,48.0,61.0,75.0,4.285018539999999,3.9862588600000004,4.002887640000001,8.005468819999999,6.6828674245853055,2087297045,B0-POSSESSION-DRIVE-SCORE-PROCESS-V1,2022,2021,2021-REG-END,0.0,0.05,phase3-feature-provenance-v1,5f148219527b07d85261d3f196ace97a5eb5646271d43596032a692389abc579,2c5cc1af74fc5f3955e44361b82b791710e4b63bbc69b0c15570617e2d86e543,NONE,B0-poisson-multinomial-rare-tail-v1,10000
2022_16_WAS_SF,2022,16,2022-12-24,SF,WAS,37.0,20.0,17.0,57.0,27.2929,20.2558,7.0371,47.5487,0.6574,184.7915887488749,128.47761412141216,289.6318867786778,336.90651896189615,11.281141005404214,11.041771252610449,0.2663584971006169,0.15462402042246468,0.19176803366232872,0.1416507392542999,10.0,17.0,26.0,36.0,45.0,7.0,13.0,20.0,27.0,36.0,-14.0,-4.0,7.0,18.0,29.0,25.0,34.0,46.0,59.0,71.0,6.41348865,2.6558199200000008,6.29190189,6.670491729999998,7.163398103291033,1931043726,B0-POSSESSION-DRIVE-SCORE-PROCESS-V1,2022,2021,2021-REG-END,0.0,0.05,phase3-feature-provenance-v1,5f148219527b07d85261d3f196ace97a5eb5646271d43596032a692389abc579,2c5cc1af74fc5f3955e44361b82b791710e4b63bbc69b0c15570617e2d86e543,NONE,B0-poisson-multinomial-rare-tail-v1,10000
2022_17_ARI_ATL,2022,17,2023-01-01,ATL,ARI,20.0,19.0,1.0,39.0,26.9161,23.9199,2.9962,50.836,0.5674499999999999,177.75503629362933,159.09319330933093,312.24180974097413,361.4546494649465,11.001657569180562,10.767901867306538,0.25938734968028965,0.18309424197738045,0.24491195460561474,0.13346719542953964,10.0,17.0,26.0,35.0,44.0,9.0,14.0,23.0,31.0,41.0,-20.0,-9.0,3.0,15.0,25.0,27.0,37.0,50.0,63.0,76.0,4.07351153,3.3568898899999997,4.148761159999999,6.737609419999998,6.049089053731583,3227890729,B0-POSSESSION-DRIVE-SCORE-PROCESS-V1,2022,2021,2021-REG-END,0.0,0.05,phase3-feature-provenance-v1,5f148219527b07d85261d3f196ace97a5eb5646271d43596032a692389abc579,2c5cc1af74fc5f3955e44361b82b791710e4b63bbc69b0c15570617e2d86e543,NONE,B0-poisson-multinomial-rare-tail-v1,10000
2022_17_CAR_TB,2022,17,2023-01-01,TB,CAR,30.0,24.0,6.0,54.0,26.2849,23.1379,3.147,49.4228,0.57335,171.92172416241624,149.9946830583058,299.86717771777177,343.9656367236724,11.412415144989378,11.348466855424853,0.251444772604835,0.15543452244079117,0.22340595673310737,0.1317428385146076,10.0,17.0,25.0,34.0,44.0,7.0,14.0,22.0,31.0,39.0,-19.0,-8.0,3.0,15.0,25.0,27.0,37.0,48.0,61.0,74.0,3.7294172099999994,2.9346247100000005,4.16816448,5.059027500000001,5.149556145255575,2169007854,B0-POSSESSION-DRIVE-SCORE-PROCESS-V1,2022,2021,2021-REG-END,0.0,0.05,phase3-feature-provenance-v1,5f148219527b07d85261d3f196ace97a5eb5646271d43596032a692389abc579,2c5cc1af74fc5f3955e44361b82b791710e4b63bbc69b0c15570617e2d86e543,NONE,B0-poisson-multinomial-rare-tail-v1,10000
2022_17_CHI_DET,2022,17,2023-01-01,DET,CHI,41.0,10.0,31.0,51.0,24.6351,24.815,-0.1799,49.4501,0.49710000000000004,163.14566255625562,173.89916491649166,313.83831982198217,360.2513351235124,10.778952052951812,10.818269801791063,0.2438141865897355,0.16697767542143244,0.26611780331349916,0.11897942588093606,10.0,16.0,23.0,33.0,42.0,9.0,15.0,24.0,33.0,42.0,-23.0,-12.0,0.0,12.0,22.0,26.0,36.0,48.0,62.0,75.0,10.962189529999998,8.438375919999999,21.78955535,4.58989457,14.9710891266935,3829741623,B0-POSSESSION-DRIVE-SCORE-PROCESS-V1,2022,2021,2021-REG-END,0.0,0.05,phase3-feature-provenance-v1,5f148219527b07d85261d3f196ace97a5eb5646271d43596032a692389abc579,2c5cc1af74fc5f3955e44361b82b791710e4b63bbc69b0c15570617e2d86e543,NONE,B0-poisson-multinomial-rare-tail-v1,10000
2022_17_CLE_WAS,2022,17,2023-01-01,WAS,CLE,10.0,24.0,-14.0,34.0,23.4715,21.2049,2.2666,44.6764,0.5506500000000001,156.47183493349334,140.61417740774078,279.89371381138113,314.2783108710871,11.214582954677475,11.201349018378975,0.23026337225901614,0.13544502992176216,0.20927578284174936,0.11590821634112812,9.0,14.0,22.0,31.0,40.0,7.0,13.0,20.0,28.0,37.0,-19.0,-9.0,2.0,13.0,24.0,23.0,32.0,43.0,56.0,68.0,7.588594329999999,3.2809952300000003,9.754826860000001,6.079448120000002,8.626445382601874,895957448,B0-POSSESSION-DRIVE-SCORE-PROCESS-V1,2022,2021,2021-REG-END,0.0,0.05,phase3-feature-provenance-v1,5f148219527b07d85261d3f196ace97a5eb5646271d43596032a692389abc579,2c5cc1af74fc5f3955e44361b82b791710e4b63bbc69b0c15570617e2d86e543,NONE,B0-poisson-multinomial-rare-tail-v1,10000
2022_17_DAL_TEN,2022,17,2022-12-29,TEN,DAL,13.0,27.0,-14.0,40.0,23.855,29.0535,-5.1985,52.9085,0.38525000000000004,161.15789078907892,202.36067381738172,336.2657243224322,390.771404890489,11.526278179340945,11.385014223102466,0.23383958032884972,0.11960324780959777,0.28488013089211267,0.16378557466191226,8.0,14.0,23.0,31.0,41.0,13.0,19.0,27.0,38.0,48.0,-28.09999999999991,-17.0,-5.0,7.0,18.0,29.0,39.0,51.0,65.0,79.0,5.84833068,3.3213393700000005,5.88496535,7.21991931,7.226291156309655,1279672313,B0-POSSESSION-DRIVE-SCORE-PROCESS-V1,2022,2021,2021-REG-END,0.0,0.05,phase3-feature-provenance-v1,5f148219527b07d85261d3f196ace97a5eb5646271d43596032a692389abc579,2c5cc1af74fc5f3955e44361b82b791710e4b63bbc69b0c15570617e2d86e543,NONE,B0-poisson-multinomial-rare-tail-v1,10000
2022_17_DEN_KC,2022,17,2023-01-01,KC,DEN,27.0,24.0,3.0,51.0,29.2814,17.9259,11.3555,47.2073,0.74965,194.73928796879687,114.87889707970795,285.7526950195019,333.4836750775077,11.166246330990754,11.081504604495382,0.28065791511633204,0.1914563000194581,0.16692892817046337,0.12046155122752246,13.0,19.0,28.0,38.0,48.0,6.0,10.0,17.0,24.0,32.0,-10.0,0.0,11.0,23.0,33.0,25.0,34.0,46.0,59.0,71.0,3.314907,4.335694210000001,5.39966557,4.85363473,5.879326703521414,876756790,B0-POSSESSION-DRIVE-SCORE-PROCESS-V1,2022,2021,2021-REG-END,0.0,0.05,phase3-feature-provenance-v1,5f148219527b07d85261d3f196ace97a5eb5646271d43596032a692389abc579,2c5cc1af74fc5f3955e44361b82b791710e4b63bbc69b0c15570617e2d86e543,NONE,B0-poisson-multinomial-rare-tail-v1,10000
2022_17_IND_NYG,2022,17,2023-01-01,NYG,IND,38.0,10.0,28.0,48.0,21.5257,23.3571,-1.8314,44.8828,0.45705,139.0034398539854,146.47722731273126,263.9585698969897,307.0027644364436,11.491205664666145,11.33701200296017,0.1893833003761791,0.15467589357311715,0.2005546939995628,0.19356275185533853,7.0,13.0,20.0,29.0,37.0,9.0,14.0,22.0,31.0,40.0,-23.0,-13.0,-2.0,9.0,19.0,23.0,32.0,44.0,56.0,68.0,11.23052717,7.53341585,21.143713920000003,4.53270736,14.451611255234436,4250035128,B0-POSSESSION-DRIVE-SCORE-PROCESS-V1,2022,2021,2021-REG-END,0.0,0.05,phase3-feature-provenance-v1,5f148219527b07d85261d3f196ace97a5eb5646271d43596032a692389abc579,2c5cc1af74fc5f3955e44361b82b791710e4b63bbc69b0c15570617e2d86e543,NONE,B0-poisson-multinomial-rare-tail-v1,10000
2022_17_JAX_HOU,2022,17,2023-01-01,HOU,JAX,3.0,31.0,-28.0,34.0,21.5015,23.0216,-1.5201,44.5231,0.46404999999999996,139.96839458945894,149.3560690469047,265.6419601860186,313.0069670867087,11.146991781442882,11.258083906768148,0.19715459455961656,0.15695702081457147,0.22103729030229824,0.14016178641492621,7.0,13.0,20.0,29.0,37.0,7.0,14.0,22.0,31.0,40.0,-22.0,-12.0,-1.0,9.0,19.0,23.0,32.0,43.0,55.0,68.0,12.048975769999998,5.3632173000000005,18.073835690000003,6.03576357,13.53673660937541,3790827633,B0-POSSESSION-DRIVE-SCORE-PROCESS-V1,2022,2021,2021-REG-END,0.0,0.05,phase3-feature-provenance-v1,5f148219527b07d85261d3f196ace97a5eb5646271d43596032a692389abc579,2c5cc1af74fc5f3955e44361b82b791710e4b63bbc69b0c15570617e2d86e543,NONE,B0-poisson-multinomial-rare-tail-v1,10000
2022_17_LA_LAC,2022,17,2023-01-01,LAC,LA,31.0,10.0,21.0,41.0,25.6888,25.3315,0.3573,51.0203,0.506,175.7657311331133,165.86639438943894,309.4445811681168,373.8196698769877,10.897175614775334,10.97465403500457,0.2726828295031837,0.12209601828405191,0.25055497093466117,0.16024334095640724,10.0,16.0,24.0,34.0,44.0,10.0,16.0,24.0,34.0,43.0,-22.0,-11.0,0.0,12.0,23.0,27.0,37.0,50.0,63.0,77.0,4.312726900000001,8.95386809,12.875711849999998,6.066053329999999,10.451132188929947,627864666,B0-POSSESSION-DRIVE-SCORE-PROCESS-V1,2022,2021,2021-REG-END,0.0,0.05,phase3-feature-provenance-v1,5f148219527b07d85261d3f196ace97a5eb5646271d43596032a692389abc579,2c5cc1af74fc5f3955e44361b82b791710e4b63bbc69b0c15570617e2d86e543,NONE,B0-poisson-multinomial-rare-tail-v1,10000
2022_17_MIA_NE,2022,17,2023-01-01,NE,MIA,23.0,21.0,2.0,44.0,28.146,19.5994,8.5466,47.7454,0.6893,186.2617101710171,130.26034567456745,296.7663050705071,336.2778066206621,11.406348907108251,11.284484082745593,0.26757099837745707,0.1621062547097664,0.19369783593192272,0.0997569518575102,12.0,18.0,27.0,37.0,47.0,7.0,10.0,18.0,27.0,35.0,-13.0,-3.0,8.0,20.0,30.100000000000364,25.0,34.0,46.0,60.0,72.0,3.582777600000001,2.8955103199999996,4.90321748,4.426208300000001,5.182004229767857,3762392696,B0-POSSESSION-DRIVE-SCORE-PROCESS-V1,2022,2021,2021-REG-END,0.0,0.05,phase3-feature-provenance-v1,5f148219527b07d85261d3f196ace97a5eb5646271d43596032a692389abc579,2c5cc1af74fc5f3955e44361b82b791710e4b63bbc69b0c15570617e2d86e543,NONE,B0-poisson-multinomial-rare-tail-v1,10000
2022_17_MIN_GB,2022,17,2023-01-01,GB,MIN,41.0,17.0,24.0,58.0,27.9523,23.687,4.2653,51.6393,0.5930500000000001,188.78750346034604,152.26105710571056,315.5888747974797,366.50824633463344,11.224321624586857,11.264917150368412,0.27142640821365216,0.1690680448276637,0.22698099426129176,0.14623181084182835,10.0,17.0,27.0,37.0,47.0,9.0,14.0,23.0,31.0,40.0,-18.0,-7.0,4.0,16.0,27.0,28.0,38.0,50.0,64.0,77.0,8.43152769,3.8287255800000004,12.21805307,5.6524766500000005,9.766392159883011,501266820,B0-POSSESSION-DRIVE-SCORE-PROCESS-V1,2022,2021,2021-REG-END,0.0,0.05,phase3-feature-provenance-v1,5f148219527b07d85261d3f196ace97a5eb5646271d43596032a692389abc579,2c5cc1af74fc5f3955e44361b82b791710e4b63bbc69b0c15570617e2d86e543,NONE,B0-poisson-multinomial-rare-tail-v1,10000
2022_17_NO_PHI,2022,17,2023-01-01,PHI,NO,10.0,20.0,-10.0,30.0,23.8973,23.3866,0.5107,47.2839,0.50885,162.21057376737676,153.569097349735,294.15870138013804,337.4006408540854,11.080873183839719,11.056857445570547,0.24360120784190703,0.13265183444084372,0.2225061305970436,0.1598380346165899,7.900000000000091,14.0,23.0,31.0,41.0,9.0,14.0,22.0,31.0,40.0,-21.0,-11.0,0.0,12.0,23.0,24.0,34.0,46.0,59.0,72.0,7.863732149999999,2.99798544,6.423509709999999,9.655135789999997,8.732225840365109,2913850053,B0-POSSESSION-DRIVE-SCORE-PROCESS-V1,2022,2021,2021-REG-END,0.0,0.05,phase3-feature-provenance-v1,5f148219527b07d85261d3f196ace97a5eb5646271d43596032a692389abc579,2c5cc1af74fc5f3955e44361b82b791710e4b63bbc69b0c15570617e2d86e543,NONE,B0-poisson-multinomial-rare-tail-v1,10000
2022_17_NYJ_SEA,2022,17,2023-01-01,SEA,NYJ,23.0,6.0,17.0,29.0,26.8863,18.7604,8.1259,45.6467,0.6842499999999999,182.5958318931893,118.1976116011601,282.17706689668967,319.4098200920092,11.339713821370639,11.318762848678713,0.26674870218481045,0.13796309238054755,0.16824249617402603,0.13021815170255568,10.0,17.0,26.0,35.0,45.0,6.0,10.0,17.0,26.0,34.0,-13.0,-3.0,8.0,19.0,30.0,24.0,33.0,44.0,57.0,69.0,3.322780710000001,7.337406079999999,5.8462043900000005,9.32590421,8.39048324937621,1985158172,B0-POSSESSION-DRIVE-SCORE-PROCESS-V1,2022,2021,2021-REG-END,0.0,0.05,phase3-feature-provenance-v1,5f148219527b07d85261d3f196ace97a5eb5646271d43596032a692389abc579,2c5cc1af74fc5f3955e44361b82b791710e4b63bbc69b0c15570617e2d86e543,NONE,B0-poisson-multinomial-rare-tail-v1,10000
2022_17_PIT_BAL,2022,17,2023-01-01,BAL,PIT,13.0,16.0,-3.0,29.0,24.0875,19.3447,4.7428,43.4322,0.60885,161.72381613161315,126.32231414141414,269.8238305430543,306.26843000300033,10.837683424276133,10.810142193259251,0.22814620611549163,0.17313552417633962,0.18946580213508443,0.12896032550451544,9.0,15.0,23.0,32.0,41.0,6.0,10.0,17.0,27.0,34.0,-16.0,-6.0,4.0,16.0,26.0,22.0,31.0,42.0,54.0,67.0,5.921447430000001,2.7744103499999992,5.156167740000001,7.899803240000001,7.125731972089717,1219866195,B0-POSSESSION-DRIVE-SCORE-PROCESS-V1,2022,2021,2021-REG-END,0.0,0.05,phase3-feature-provenance-v1,5f148219527b07d85261d3f196ace97a5eb5646271d43596032a692389abc579,2c5cc1af74fc5f3955e44361b82b791710e4b63bbc69b0c15570617e2d86e543,NONE,B0-poisson-multinomial-rare-tail-v1,10000
2022_17_SF_LV,2022,17,2023-01-01,LV,SF,34.0,37.0,-3.0,71.0,24.2963,29.0957,-4.7994,53.392,0.39565,163.1484211521152,196.90543205320532,324.1171713571357,395.9905350535053,10.944824952497923,11.049433371111522,0.22919464135341933,0.17872130852779372,0.28806869492302284,0.17603597774922833,9.0,15.0,23.0,32.0,41.0,13.0,19.0,27.0,38.0,48.0,-28.0,-17.0,-4.0,7.0,18.0,29.0,40.0,52.0,66.0,79.10000000000036,6.41479141,5.526844710000001,4.17248916,11.2742153,8.995507113954973,1552745560,B0-POSSESSION-DRIVE-SCORE-PROCESS-V1,2022,2021,2021-REG-END,0.0,0.05,phase3-feature-provenance-v1,5f148219527b07d85261d3f196ace97a5eb5646271d43596032a692389abc579,2c5cc1af74fc5f3955e44361b82b791710e4b63bbc69b0c15570617e2d86e543,NONE,B0-poisson-multinomial-rare-tail-v1,10000
2022_18_ARI_SF,2022,18,2023-01-08,SF,ARI,38.0,13.0,25.0,51.0,28.4304,21.5464,6.884,49.9768,0.64485,191.5513109710971,140.88673571357137,313.2648704870487,351.61122288228825,11.346987181076264,11.078327355055897,0.2831715478360072,0.14448762297483245,0.2124358936513857,0.1252021861747023,12.0,19.0,27.0,37.0,47.0,7.0,13.0,20.0,29.0,37.0,-15.0,-5.0,7.0,18.0,29.0,27.0,37.0,49.0,62.0,75.0,6.3211460399999995,4.53578332,11.061125800000001,4.435987320000001,8.528903838418668,696951578,B0-POSSESSION-DRIVE-SCORE-PROCESS-V1,2022,2021,2021-REG-END,0.0,0.05,phase3-feature-provenance-v1,5f148219527b07d85261d3f196ace97a5eb5646271d43596032a692389abc579,2c5cc1af74fc5f3955e44361b82b791710e4b63bbc69b0c15570617e2d86e543,NONE,B0-poisson-multinomial-rare-tail-v1,10000
2022_18_BAL_CIN,2022,18,2023-01-08,CIN,BAL,27.0,16.0,11.0,43.0,22.5779,24.9473,-2.3694,47.5252,0.4426,147.6002916191619,160.3785605660566,285.57530117011703,330.38240320032,10.771586199637484,10.852040189516478,0.23414063901405796,0.1267710179318384,0.2284194189474419,0.20568260294210175,7.0,14.0,21.0,30.0,39.0,10.0,16.0,24.0,33.0,42.0,-24.0,-13.0,-3.0,9.0,19.0,25.0,34.0,47.0,59.0,71.10000000000036,3.8197348900000003,4.82436113,7.953876820000001,4.46456972,6.771815194346079,3093661529,B0-POSSESSION-DRIVE-SCORE-PROCESS-V1,2022,2021,2021-REG-END,0.0,0.05,phase3-feature-provenance-v1,5f148219527b07d85261d3f196ace97a5eb5646271d43596032a692389abc579,2c5cc1af74fc5f3955e44361b82b791710e4b63bbc69b0c15570617e2d86e543,NONE,B0-poisson-multinomial-rare-tail-v1,10000
2022_18_CAR_NO,2022,18,2023-01-08,NO,CAR,7.0,10.0,-3.0,17.0,26.0694,20.5192,5.5502,46.5886,0.62005,173.32811645164514,132.75710707070706,284.57493745374535,327.5955095909591,11.36307165732248,11.226186959356252,0.2381599681015055,0.1817120859329359,0.19481661053219904,0.12847131945989793,10.0,17.0,24.0,34.0,44.0,7.0,13.0,20.0,27.0,36.0,-16.0,-6.0,5.0,17.0,27.0,24.0,34.0,45.0,58.0,71.0,12.018045019999999,5.7184101400000005,5.442373,19.75181014,13.954038808878748,2842114045,B0-POSSESSION-DRIVE-SCORE-PROCESS-V1,2022,2021,2021-REG-END,0.0,0.05,phase3-feature-provenance-v1,5f148219527b07d85261d3f196ace97a5eb5646271d43596032a692389abc579,2c5cc1af74fc5f3955e44361b82b791710e4b63bbc69b0c15570617e2d86e543,NONE,B0-poisson-multinomial-rare-tail-v1,10000
2022_18_CLE_PIT,2022,18,2023-01-08,PIT,CLE,28.0,14.0,14.0,42.0,23.5219,19.2984,4.2235,42.8203,0.60305,153.24504489448947,125.9229497349735,259.8427320232023,298.49325723572355,11.04248201360637,10.80633246995079,0.23569199849905198,0.13558687186165205,0.19724361602255575,0.10739606190046047,9.0,14.0,23.0,31.0,40.0,6.0,10.0,17.0,27.0,34.0,-17.0,-7.0,4.0,15.0,25.0,22.0,30.0,41.0,53.0,66.0,3.8378254500000004,3.1820158999999997,6.04516551,3.9926097699999996,5.580249202361575,683654475,B0-POSSESSION-DRIVE-SCORE-PROCESS-V1,2022,2021,2021-REG-END,0.0,0.05,phase3-feature-provenance-v1,5f148219527b07d85261d3f196ace97a5eb5646271d43596032a692389abc579,2c5cc1af74fc5f3955e44361b82b791710e4b63bbc69b0c15570617e2d86e543,NONE,B0-poisson-multinomial-rare-tail-v1,10000
2022_18_DAL_WAS,2022,18,2023-01-08,WAS,DAL,26.0,6.0,20.0,32.0,21.1769,28.8378,-7.6609,50.0147,0.3328,138.50165655565556,189.79987114711471,311.1310242924293,345.4720311131113,11.421063260031547,11.380313789059288,0.19224617547810768,0.13995106169200308,0.28555225863954037,0.15297353287277107,7.0,13.0,20.0,28.0,37.0,13.0,19.0,27.0,37.0,47.0,-30.0,-20.0,-7.0,4.0,14.0,27.0,37.0,49.0,62.0,74.0,3.924382249999999,15.258295219999999,18.630207249999998,10.17982931,15.502597838340813,706116263,B0-POSSESSION-DRIVE-SCORE-PROCESS-V1,2022,2021,2021-REG-END,0.0,0.05,phase3-feature-provenance-v1,5f148219527b07d85261d3f196ace97a5eb5646271d43596032a692389abc579,2c5cc1af74fc5f3955e44361b82b791710e4b63bbc69b0c15570617e2d86e543,NONE,B0-poisson-multinomial-rare-tail-v1,10000
2022_18_DET_GB,2022,18,2023-01-08,GB,DET,16.0,20.0,-4.0,36.0,31.2115,23.6681,7.5434,54.8796,0.6504500000000001,222.7012378737874,160.4745898489849,354.8255989999,411.52605644564454,10.855501632928993,10.660291770224918,0.3433078433266378,0.13470036602302257,0.24270478633769918,0.1482786082231474,13.0,20.0,30.0,41.0,51.0,9.0,14.0,23.0,31.0,41.0,-16.0,-5.0,7.0,20.0,32.0,30.0,40.0,53.0,68.0,82.0,8.510259329999998,3.1462283299999996,6.97201244,10.526783340000001,9.459824544506537,3445256784,B0-POSSESSION-DRIVE-SCORE-PROCESS-V1,2022,2021,2021-REG-END,0.0,0.05,phase3-feature-provenance-v1,5f148219527b07d85261d3f196ace97a5eb5646271d43596032a692389abc579,2c5cc1af74fc5f3955e44361b82b791710e4b63bbc69b0c15570617e2d86e543,NONE,B0-poisson-multinomial-rare-tail-v1,10000
2022_18_HOU_IND,2022,18,2023-01-08,IND,HOU,31.0,32.0,-1.0,63.0,25.3872,20.4964,4.8908,45.8836,0.6161,166.87636379637965,129.56794383438344,281.91846720672066,310.97014805480546,11.62606001048717,11.617469328137787,0.2273748453877472,0.177547075829589,0.16937884103265907,0.16774322656088225,10.0,16.0,24.0,33.0,43.0,7.0,13.0,20.0,27.0,36.0,-16.0,-6.0,5.0,16.0,26.0,24.0,33.0,44.0,57.0,69.0,4.39499526,7.561330839999999,4.64566986,10.913675600000001,9.040255573248924,865111796,B0-POSSESSION-DRIVE-SCORE-PROCESS-V1,2022,2021,2021-REG-END,0.0,0.05,phase3-feature-provenance-v1,5f148219527b07d85261d3f196ace97a5eb5646271d43596032a692389abc579,2c5cc1af74fc5f3955e44361b82b791710e4b63bbc69b0c15570617e2d86e543,NONE,B0-poisson-multinomial-rare-tail-v1,10000
2022_18_KC_LV,2022,18,2023-01-07,LV,KC,13.0,31.0,-18.0,44.0,24.9444,32.4798,-7.5354,57.4242,0.34485,169.05201384138414,226.01479343934395,358.5712039603961,431.56241060106015,10.914152574315565,10.943809416450831,0.24189445004338947,0.16286333035424952,0.3223957999267564,0.21158629386202485,10.0,16.0,24.0,33.0,42.0,14.0,22.0,31.0,42.0,52.0,-31.0,-20.0,-7.0,5.0,16.0,32.0,43.0,56.0,71.0,85.0,6.4614588799999995,3.4958545,6.65246316,7.497547620000001,7.839138291321431,3344461193,B0-POSSESSION-DRIVE-SCORE-PROCESS-V1,2022,2021,2021-REG-END,0.0,0.05,phase3-feature-provenance-v1,5f148219527b07d85261d3f196ace97a5eb5646271d43596032a692389abc579,2c5cc1af74fc5f3955e44361b82b791710e4b63bbc69b0c15570617e2d86e543,NONE,B0-poisson-multinomial-rare-tail-v1,10000
2022_18_LAC_DEN,2022,18,2023-01-08,DEN,LAC,31.0,28.0,3.0,59.0,21.1991,23.9967,-2.7976,45.1958,0.43084999999999996,134.03666285628563,157.93988309830985,277.5611903590359,306.391901550155,11.277001701643265,11.222998794156288,0.19322237510286588,0.15102617957118697,0.23326677165305312,0.1482194565702819,7.0,13.0,20.0,28.0,37.0,9.0,14.0,23.0,31.0,41.0,-24.0,-14.0,-3.0,8.0,18.0,24.0,33.0,44.0,56.0,68.0,6.419471590000001,3.748965610000001,4.58691342,8.83994582,7.7765846630423106,3846941682,B0-POSSESSION-DRIVE-SCORE-PROCESS-V1,2022,2021,2021-REG-END,0.0,0.05,phase3-feature-provenance-v1,5f148219527b07d85261d3f196ace97a5eb5646271d43596032a692389abc579,2c5cc1af74fc5f3955e44361b82b791710e4b63bbc69b0c15570617e2d86e543,NONE,B0-poisson-multinomial-rare-tail-v1,10000
2022_18_LA_SEA,2022,18,2023-01-08,SEA,LA,19.0,16.0,3.0,35.0,24.9814,22.8018,2.1796,47.7832,0.55055,165.99265330533052,152.59637639763977,300.7714209820982,336.40663842384237,10.902141752504765,11.004858388145237,0.2651452308197467,0.11662634130858074,0.22097743432452743,0.14726277967988274,10.0,16.0,24.0,33.0,42.0,7.0,14.0,21.0,31.0,40.0,-20.0,-9.25,2.0,14.0,24.0,26.0,34.0,46.0,59.0,72.0,3.71531956,3.8716596,3.9841159800000003,7.084588159999999,5.999253959187444,3211357106,B0-POSSESSION-DRIVE-SCORE-PROCESS-V1,2022,2021,2021-REG-END,0.0,0.05,phase3-feature-provenance-v1,5f148219527b07d85261d3f196ace97a5eb5646271d43596032a692389abc579,2c5cc1af74fc5f3955e44361b82b791710e4b63bbc69b0c15570617e2d86e543,NONE,B0-poisson-multinomial-rare-tail-v1,10000
2022_18_MIN_CHI,2022,18,2023-01-08,CHI,MIN,13.0,29.0,-16.0,42.0,22.8515,23.7291,-0.8776,46.5806,0.4803,150.98354610461047,151.83749693969395,283.18733697369737,322.45474911491146,11.382195658305001,11.42526289848114,0.21103513402760118,0.14966481387184727,0.21305656788409255,0.168675457400779,7.0,14.0,21.0,31.0,39.0,9.0,14.0,23.0,31.0,40.0,-22.0,-12.0,-1.0,10.0,21.0,24.0,34.0,45.0,58.0,70.0,5.28581829,4.19820205,9.051104599999999,4.4087425200000006,7.49559093595443,3211318062,B0-POSSESSION-DRIVE-SCORE-PROCESS-V1,2022,2021,2021-REG-END,0.0,0.05,phase3-feature-provenance-v1,5f148219527b07d85261d3f196ace97a5eb5646271d43596032a692389abc579,2c5cc1af74fc5f3955e44361b82b791710e4b63bbc69b0c15570617e2d86e543,NONE,B0-poisson-multinomial-rare-tail-v1,10000
2022_18_NE_BUF,2022,18,2023-01-08,BUF,NE,35.0,23.0,12.0,58.0,24.4827,23.5175,0.9652,48.0002,0.5209,168.41494220422044,153.54944869486948,300.78526748674864,343.1435143114311,11.246316437763298,11.223863957372508,0.24720583011319705,0.12105972686552426,0.22158108246177902,0.15853256033237303,9.0,15.0,23.0,33.0,42.0,9.0,14.0,23.0,31.0,40.0,-21.0,-10.0,1.0,12.0,23.0,26.0,34.0,47.0,60.0,72.0,6.89251929,2.86518665,6.801988959999999,6.935526300000001,7.6420987919965135,2477562182,B0-POSSESSION-DRIVE-SCORE-PROCESS-V1,2022,2021,2021-REG-END,0.0,0.05,phase3-feature-provenance-v1,5f148219527b07d85261d3f196ace97a5eb5646271d43596032a692389abc579,2c5cc1af74fc5f3955e44361b82b791710e4b63bbc69b0c15570617e2d86e543,NONE,B0-poisson-multinomial-rare-tail-v1,10000
2022_18_NYG_PHI,2022,18,2023-01-08,PHI,NYG,22.0,16.0,6.0,38.0,26.2928,18.8541,7.4387,45.1469,0.67315,173.56302446244626,122.10842403240324,269.7832206320632,321.55967635763574,11.08694086958623,10.995824484351033,0.2588201489851285,0.16133906077765664,0.17539231530908558,0.13104559006885938,10.0,17.0,25.0,34.0,44.0,6.0,10.0,17.0,26.0,34.0,-13.0,-3.0,7.0,18.0,28.0,23.0,33.0,44.0,57.0,69.0,3.3627861600000006,2.6405670100000007,3.80881267,4.881954390000001,4.7306902030370654,3161018576,B0-POSSESSION-DRIVE-SCORE-PROCESS-V1,2022,2021,2021-REG-END,0.0,0.05,phase3-feature-provenance-v1,5f148219527b07d85261d3f196ace97a5eb5646271d43596032a692389abc579,2c5cc1af74fc5f3955e44361b82b791710e4b63bbc69b0c15570617e2d86e543,NONE,B0-poisson-multinomial-rare-tail-v1,10000
2022_18_NYJ_MIA,2022,18,2023-01-08,MIA,NYJ,11.0,6.0,5.0,17.0,25.2995,20.069,5.2305,45.3685,0.61645,172.8216819181918,128.4882878287829,283.05127487748774,319.56866461646166,11.314499582405194,11.378262319419747,0.25420535250719556,0.12242607768122853,0.1849122247878724,0.12464249183196066,10.0,16.0,24.0,34.0,43.0,7.0,12.0,19.0,27.0,35.0,-16.0,-6.0,5.0,17.0,27.0,23.0,33.0,44.0,57.0,69.0,8.14330863,8.29556278,3.9226162099999993,18.70438909,12.701239367017745,2067344937,B0-POSSESSION-DRIVE-SCORE-PROCESS-V1,2022,2021,2021-REG-END,0.0,0.05,phase3-feature-provenance-v1,5f148219527b07d85261d3f196ace97a5eb5646271d43596032a692389abc579,2c5cc1af74fc5f3955e44361b82b791710e4b63bbc69b0c15570617e2d86e543,NONE,B0-poisson-multinomial-rare-tail-v1,10000
2022_18_TB_ATL,2022,18,2023-01-08,ATL,TB,30.0,17.0,13.0,47.0,26.9095,27.333,-0.4235,54.2425,0.4907,178.18592834283427,191.47445844584456,339.0156493149315,400.30512426242626,11.094541924881808,10.831834567298573,0.2551109883983774,0.18463511414831832,0.285334418064366,0.14656303525800854,10.0,17.0,26.0,35.0,45.0,10.0,17.0,27.0,35.0,46.0,-24.0,-13.0,0.0,12.0,23.0,30.0,40.0,53.0,67.0,81.0,3.6540773699999995,5.575853220000001,8.03787679,5.302400429999999,7.307699033683022,2991194401,B0-POSSESSION-DRIVE-SCORE-PROCESS-V1,2022,2021,2021-REG-END,0.0,0.05,phase3-feature-provenance-v1,5f148219527b07d85261d3f196ace97a5eb5646271d43596032a692389abc579,2c5cc1af74fc5f3955e44361b82b791710e4b63bbc69b0c15570617e2d86e543,NONE,B0-poisson-multinomial-rare-tail-v1,10000
2022_18_TEN_JAX,2022,18,2023-01-07,JAX,TEN,20.0,16.0,4.0,36.0,22.7508,23.6244,-0.8736,46.3752,0.47859999999999997,147.58465782578259,155.5612807680768,289.65138817881785,316.6404890089009,11.157748085070164,11.142310668149873,0.21845979211214153,0.143450473334455,0.23493324361243598,0.13056183789721537,7.0,14.0,21.0,30.0,39.0,8.0,14.0,23.0,31.0,40.0,-22.0,-12.0,-1.0,10.0,21.0,24.0,34.0,45.0,58.0,70.0,2.93011116,4.237137339999999,4.455369679999999,6.017756940000002,5.731566260580351,3231231842,B0-POSSESSION-DRIVE-SCORE-PROCESS-V1,2022,2021,2021-REG-END,0.0,0.05,phase3-feature-provenance-v1,5f148219527b07d85261d3f196ace97a5eb5646271d43596032a692389abc579,2c5cc1af74fc5f3955e44361b82b791710e4b63bbc69b0c15570617e2d86e543,NONE,B0-poisson-multinomial-rare-tail-v1,10000
2023_01_ARI_WAS,2023,1,2023-09-10,WAS,ARI,20.0,16.0,4.0,36.0,23.0258,20.5143,2.5115,43.5401,0.5606500000000001,151.31606596659668,135.16731224122412,270.71153890389036,302.2552175117512,11.461673332268736,11.423068199665465,0.2160758477085636,0.13770867034713488,0.18940809364186437,0.1293544836076344,8.0,14.0,22.0,31.0,40.0,7.0,13.0,20.0,27.0,37.0,-18.0,-8.0,3.0,13.0,23.0,23.0,31.0,42.0,54.0,67.0,2.9517254600000005,3.06231685,3.797385969999999,4.898538929999999,4.79972985209829,2610754138,B0-POSSESSION-DRIVE-SCORE-PROCESS-V1,2023,2022,2022-REG-END,0.0,0.05,phase3-feature-provenance-v1,5f148219527b07d85261d3f196ace97a5eb5646271d43596032a692389abc579,2c5cc1af74fc5f3955e44361b82b791710e4b63bbc69b0c15570617e2d86e543,NONE,B0-poisson-multinomial-rare-tail-v1,10000
2023_01_BUF_NYJ,2023,1,2023-09-11,NYJ,BUF,22.0,16.0,6.0,38.0,18.4097,27.7518,-9.3421,46.1615,0.2914,118.30247615761577,185.22431919191916,288.0112687168717,319.04232198219825,11.178371334283792,11.149040643938184,0.1697621355981222,0.12434763523919157,0.2792963392814744,0.14690477509668012,6.0,10.0,17.0,25.0,33.0,10.0,17.0,27.0,37.0,45.0,-31.0,-21.0,-9.0,2.0,12.0,24.0,34.0,45.0,57.0,70.0,3.358322470000001,6.411934700000001,9.04617737,5.22857323,7.766233451834994,1294139933,B0-POSSESSION-DRIVE-SCORE-PROCESS-V1,2023,2022,2022-REG-END,0.0,0.05,phase3-feature-provenance-v1,5f148219527b07d85261d3f196ace97a5eb5646271d43596032a692389abc579,2c5cc1af74fc5f3955e44361b82b791710e4b63bbc69b0c15570617e2d86e543,NONE,B0-poisson-multinomial-rare-tail-v1,10000
2023_01_CAR_ATL,2023,1,2023-09-10,ATL,CAR,24.0,10.0,14.0,34.0,26.325,24.2657,2.0593,50.5907,0.54365,172.77825282528252,161.7638798979898,312.6942529352935,356.39001251125114,10.94254422690258,10.776862468434032,0.2472426312362173,0.1972562101101111,0.24364732518827048,0.15178340931341477,10.0,17.0,25.0,34.0,44.0,9.0,15.0,23.0,32.0,41.0,-20.0,-10.0,2.0,14.0,24.0,27.0,37.0,49.0,62.0,75.0,3.0813565,8.14962139,7.286250350000001,9.21937181,9.024631318699116,482466308,B0-POSSESSION-DRIVE-SCORE-PROCESS-V1,2023,2022,2022-REG-END,0.0,0.05,phase3-feature-provenance-v1,5f148219527b07d85261d3f196ace97a5eb5646271d43596032a692389abc579,2c5cc1af74fc5f3955e44361b82b791710e4b63bbc69b0c15570617e2d86e543,NONE,B0-poisson-multinomial-rare-tail-v1,10000
2023_01_CIN_CLE,2023,1,2023-09-10,CLE,CIN,24.0,3.0,21.0,27.0,22.5839,24.4457,-1.8618,47.0296,0.45680000000000004,148.91665245524555,170.6585173617362,298.2109218521852,340.9394177817782,11.153231572537049,11.06178027409849,0.22429711083223355,0.13354981694155382,0.24830323179957936,0.1296033875153582,7.0,14.0,21.0,30.0,39.0,9.0,15.0,23.0,33.0,42.0,-24.0,-13.0,-2.0,10.0,20.0,24.0,34.0,46.0,59.0,72.0,3.06012837,14.25125731,14.638155320000001,11.552590959999998,14.142029051115163,2094274822,B0-POSSESSION-DRIVE-SCORE-PROCESS-V1,2023,2022,2022-REG-END,0.0,0.05,phase3-feature-provenance-v1,5f148219527b07d85261d3f196ace97a5eb5646271d43596032a692389abc579,2c5cc1af74fc5f3955e44361b82b791710e4b63bbc69b0c15570617e2d86e543,NONE,B0-poisson-multinomial-rare-tail-v1,10000
2023_01_DAL_NYG,2023,1,2023-09-10,NYG,DAL,0.0,40.0,-40.0,40.0,20.5457,27.1727,-6.627,47.7184,0.3514,127.70468197819783,174.33090780078007,285.5250235023502,318.54615605560554,11.4543905226306,11.314099904121132,0.18664141015081373,0.13589884608146519,0.25648599680463846,0.18500761165604118,7.0,13.0,20.0,27.0,36.0,10.0,17.0,26.0,36.0,45.0,-28.0,-18.0,-6.5,5.0,14.0,26.0,35.0,47.0,59.0,71.0,14.21607937,8.21051797,24.218055059999998,5.0593486599999995,16.94398188363687,2311099165,B0-POSSESSION-DRIVE-SCORE-PROCESS-V1,2023,2022,2022-REG-END,0.0,0.05,phase3-feature-provenance-v1,5f148219527b07d85261d3f196ace97a5eb5646271d43596032a692389abc579,2c5cc1af74fc5f3955e44361b82b791710e4b63bbc69b0c15570617e2d86e543,NONE,B0-poisson-multinomial-rare-tail-v1,10000
2023_01_DET_KC,2023,1,2023-09-07,KC,DET,20.0,21.0,-1.0,41.0,34.5923,23.2242,11.3681,57.8165,0.72675,243.14279498949892,156.634597819782,366.92909529953,432.625690319032,10.792544578219095,10.724965555015448,0.37358756774498064,0.17194088242941696,0.2447435503219137,0.12319574848945979,16.0,23.0,34.0,44.0,55.0,7.0,14.0,21.0,31.0,40.0,-13.0,-1.0,11.0,24.0,36.0,33.0,43.0,56.0,71.0,85.0,8.059148449999999,2.90819576,7.410002650000001,9.299459850000002,8.969688454161886,2725516223,B0-POSSESSION-DRIVE-SCORE-PROCESS-V1,2023,2022,2022-REG-END,0.0,0.05,phase3-feature-provenance-v1,5f148219527b07d85261d3f196ace97a5eb5646271d43596032a692389abc579,2c5cc1af74fc5f3955e44361b82b791710e4b63bbc69b0c15570617e2d86e543,NONE,B0-poisson-multinomial-rare-tail-v1,10000
2023_01_GB_CHI,2023,1,2023-09-10,CHI,GB,20.0,38.0,-18.0,58.0,21.6699,26.0499,-4.38,47.7198,0.3982,143.91112510251025,174.26783677367735,296.4066406640664,339.9512830883088,10.810800904118508,10.82580885566103,0.22425178003041138,0.12418852530037909,0.2685297240437835,0.15222478049824337,7.0,13.0,20.0,29.0,38.0,10.0,16.0,25.0,34.0,44.0,-26.0,-16.0,-4.0,7.0,17.0,25.0,34.0,47.0,60.0,72.0,2.7490102499999995,7.64078543,8.135407339999999,7.027387719999998,8.273880473381725,1907526543,B0-POSSESSION-DRIVE-SCORE-PROCESS-V1,2023,2022,2022-REG-END,0.0,0.05,phase3-feature-provenance-v1,5f148219527b07d85261d3f196ace97a5eb5646271d43596032a692389abc579,2c5cc1af74fc5f3955e44361b82b791710e4b63bbc69b0c15570617e2d86e543,NONE,B0-poisson-multinomial-rare-tail-v1,10000
2023_01_HOU_BAL,2023,1,2023-09-10,BAL,HOU,25.0,9.0,16.0,34.0,27.211,17.8184,9.3926,45.0294,0.7090000000000001,180.6181408140814,110.96411785178518,275.9692621662166,307.1952551655165,11.390756512929778,11.150306689711073,0.24876142829635334,0.19285540290652983,0.1582139537664817,0.1315556007743183,10.0,17.0,26.0,36.0,45.0,6.0,10.0,17.0,24.0,32.0,-11.0,-2.0,9.0,20.0,31.0,23.0,33.0,44.0,56.0,68.0,3.167044220000001,4.676643459999999,5.02979388,6.253293839999998,6.1919823455795395,4260648842,B0-POSSESSION-DRIVE-SCORE-PROCESS-V1,2023,2022,2022-REG-END,0.0,0.05,phase3-feature-provenance-v1,5f148219527b07d85261d3f196ace97a5eb5646271d43596032a692389abc579,2c5cc1af74fc5f3955e44361b82b791710e4b63bbc69b0c15570617e2d86e543,NONE,B0-poisson-multinomial-rare-tail-v1,10000
2023_01_JAX_IND,2023,1,2023-09-10,IND,JAX,21.0,31.0,-10.0,52.0,23.1021,23.0841,0.018,46.1862,0.49670000000000003,147.95667125712572,153.0295301430143,281.1569916991699,320.8154111011101,11.183339439187762,11.305484933104703,0.20597437614671654,0.18006049591602327,0.21292446355955877,0.15415720342461545,9.0,14.0,22.0,31.0,40.0,9.0,14.0,21.0,30.0,40.0,-21.0,-11.0,0.0,11.0,21.0,24.0,33.0,44.0,57.0,70.0,2.88559317,5.43623477,6.157238380000001,5.29933542,6.403400949159067,744074472,B0-POSSESSION-DRIVE-SCORE-PROCESS-V1,2023,2022,2022-REG-END,0.0,0.05,phase3-feature-provenance-v1,5f148219527b07d85261d3f196ace97a5eb5646271d43596032a692389abc579,2c5cc1af74fc5f3955e44361b82b791710e4b63bbc69b0c15570617e2d86e543,NONE,B0-poisson-multinomial-rare-tail-v1,10000
2023_01_LA_SEA,2023,1,2023-09-10,SEA,LA,13.0,30.0,-17.0,43.0,25.6982,22.6278,3.0704,48.326,0.5688,177.6406808280828,148.78294545454546,301.2859724372437,351.5612801280128,11.019562334437428,11.075302652492535,0.2621288828902591,0.1351774467930481,0.21830533260876386,0.1435877682156724,10.0,16.0,24.0,34.0,44.0,7.0,14.0,21.0,30.0,38.0,-19.0,-8.0,3.0,14.0,25.0,26.0,35.0,47.0,60.0,73.0,6.98980682,5.0282807599999995,12.40453878,4.648950820000001,9.43571610688483,3411433689,B0-POSSESSION-DRIVE-SCORE-PROCESS-V1,2023,2022,2022-REG-END,0.0,0.05,phase3-feature-provenance-v1,5f148219527b07d85261d3f196ace97a5eb5646271d43596032a692389abc579,2c5cc1af74fc5f3955e44361b82b791710e4b63bbc69b0c15570617e2d86e543,NONE,B0-poisson-multinomial-rare-tail-v1,10000
2023_01_LV_DEN,2023,1,2023-09-10,DEN,LV,16.0,17.0,-1.0,33.0,23.6326,23.6603,-0.0277,47.2929,0.50105,154.04042128212822,151.22882679267929,282.4779805080508,328.06051564156417,11.184553782275815,11.149033792422001,0.219808938188275,0.1627074038018161,0.2007732183384816,0.20694758945753602,9.0,14.0,23.0,31.0,40.0,9.0,15.0,23.0,31.0,40.0,-21.0,-11.0,0.0,11.0,21.0,26.0,35.0,46.0,59.0,71.0,4.22026288,3.771344690000001,3.8334944099999984,7.80572151,6.375576860709119,2059707179,B0-POSSESSION-DRIVE-SCORE-PROCESS-V1,2023,2022,2022-REG-END,0.0,0.05,phase3-feature-provenance-v1,5f148219527b07d85261d3f196ace97a5eb5646271d43596032a692389abc579,2c5cc1af74fc5f3955e44361b82b791710e4b63bbc69b0c15570617e2d86e543,NONE,B0-poisson-multinomial-rare-tail-v1,10000
2023_01_MIA_LAC,2023,1,2023-09-10,LAC,MIA,34.0,36.0,-2.0,70.0,27.2427,24.7593,2.4834,52.002,0.5506,185.8307797879788,162.29019252925292,327.28665310531056,368.9552915291529,11.158944754641126,11.112688409849326,0.2825432394253279,0.13051017319337324,0.2528873272590489,0.12572992019305743,10.0,17.0,26.0,36.0,45.0,10.0,16.0,24.0,33.0,42.0,-20.0,-10.0,3.0,14.0,25.0,28.0,38.0,51.0,64.0,77.0,4.97919017,7.32251209,4.5808675999999995,11.483413819999999,9.29028771632659,2728121286,B0-POSSESSION-DRIVE-SCORE-PROCESS-V1,2023,2022,2022-REG-END,0.0,0.05,phase3-feature-provenance-v1,5f148219527b07d85261d3f196ace97a5eb5646271d43596032a692389abc579,2c5cc1af74fc5f3955e44361b82b791710e4b63bbc69b0c15570617e2d86e543,NONE,B0-poisson-multinomial-rare-tail-v1,10000
2023_01_PHI_NE,2023,1,2023-09-10,NE,PHI,20.0,25.0,-5.0,45.0,24.4663,22.2732,2.1931,46.7395,0.5485,160.25288959895988,149.9011518751875,290.6552779177918,329.65280503050303,11.265134676605216,11.225040567974801,0.230359002843489,0.1567248640826646,0.2226969960767699,0.11330841021345703,9.0,16.0,23.0,33.0,41.0,7.0,14.0,21.0,30.0,38.0,-19.0,-9.0,2.0,13.0,24.0,24.0,34.0,45.5,58.0,71.0,3.272360429999999,3.3630499599999997,5.094472909999999,4.23585913,5.2074814014623865,157406741,B0-POSSESSION-DRIVE-SCORE-PROCESS-V1,2023,2022,2022-REG-END,0.0,0.05,phase3-feature-provenance-v1,5f148219527b07d85261d3f196ace97a5eb5646271d43596032a692389abc579,2c5cc1af74fc5f3955e44361b82b791710e4b63bbc69b0c15570617e2d86e543,NONE,B0-poisson-multinomial-rare-tail-v1,10000
2023_01_SF_PIT,2023,1,2023-09-10,PIT,SF,7.0,30.0,-23.0,37.0,21.7765,23.4956,-1.7191,45.2721,0.45585,141.8135291029103,154.76965760576059,276.21481667166717,316.95155674567457,11.024269497674227,10.93629604260821,0.2130004751613126,0.13984808848060612,0.237067826423693,0.14371130420709152,7.0,13.0,20.0,30.0,37.0,8.0,14.0,23.0,31.0,40.0,-23.0,-13.0,-2.0,9.0,20.0,23.0,33.0,44.0,57.0,69.0,8.698123670000001,4.698182640000001,13.614033630000002,5.198698570000001,10.481821685377401,2230515424,B0-POSSESSION-DRIVE-SCORE-PROCESS-V1,2023,2022,2022-REG-END,0.0,0.05,phase3-feature-provenance-v1,5f148219527b07d85261d3f196ace97a5eb5646271d43596032a692389abc579,2c5cc1af74fc5f3955e44361b82b791710e4b63bbc69b0c15570617e2d86e543,NONE,B0-poisson-multinomial-rare-tail-v1,10000
2023_01_TB_MIN,2023,1,2023-09-10,MIN,TB,17.0,20.0,-3.0,37.0,24.9679,24.2718,0.6961,49.2397,0.51605,163.82365195519552,155.11483624362435,302.19476426642666,335.68221213121313,11.729324370468756,11.527166654906173,0.23493486835613148,0.13844765738607032,0.21154460976801343,0.17682223418462695,10.0,16.0,24.0,33.0,42.0,10.0,16.0,23.0,32.0,41.0,-22.0,-11.0,0.0,12.0,23.0,27.0,36.0,48.0,61.0,73.0,4.43974677,3.2021695599999997,4.326700349999999,6.87423755,6.1948735921722005,2136446167,B0-POSSESSION-DRIVE-SCORE-PROCESS-V1,2023,2022,2022-REG-END,0.0,0.05,phase3-feature-provenance-v1,5f148219527b07d85261d3f196ace97a5eb5646271d43596032a692389abc579,2c5cc1af74fc5f3955e44361b82b791710e4b63bbc69b0c15570617e2d86e543,NONE,B0-poisson-multinomial-rare-tail-v1,10000
2023_01_TEN_NO,2023,1,2023-09-10,NO,TEN,16.0,15.0,1.0,31.0,25.3703,19.7402,5.6301,45.1105,0.6328999999999999,167.07708561856185,130.98840280028003,277.8086548554856,318.3223219821982,11.182491639375328,11.198567449084406,0.2398459277657184,0.16823787239978405,0.18952505495182906,0.11376766158015457,10.0,16.0,24.0,34.0,43.0,6.0,10.0,19.0,27.0,35.0,-15.0,-6.0,6.0,17.0,27.0,23.0,33.0,44.0,57.0,68.0,5.039982729999999,3.120229059999999,4.311609630000001,7.74747105,6.571540872524322,3498345977,B0-POSSESSION-DRIVE-SCORE-PROCESS-V1,2023,2022,2022-REG-END,0.0,0.05,phase3-feature-provenance-v1,5f148219527b07d85261d3f196ace97a5eb5646271d43596032a692389abc579,2c5cc1af74fc5f3955e44361b82b791710e4b63bbc69b0c15570617e2d86e543,NONE,B0-poisson-multinomial-rare-tail-v1,10000
2023_02_BAL_CIN,2023,2,2023-09-17,CIN,BAL,24.0,27.0,-3.0,51.0,21.8037,24.2025,-2.3988,46.0062,0.44145,144.18818512851286,151.13240699069908,272.0331618761876,318.6080223622362,11.135614470136101,11.216368201802377,0.21211182214727808,0.12812133965379868,0.20557349919806267,0.20758746923124213,7.0,13.0,20.0,30.0,38.0,10.0,16.0,23.0,32.0,41.0,-23.0,-13.0,-3.0,8.0,18.0,24.0,33.0,44.0,57.0,70.0,3.1752271699999994,3.3605144300000003,3.7809102400000008,5.07275512,5.133498274417676,688468086,B0-POSSESSION-DRIVE-SCORE-PROCESS-V1,2023,2022,2022-REG-END,0.0,0.05,phase3-feature-provenance-v1,5f148219527b07d85261d3f196ace97a5eb5646271d43596032a692389abc579,2c5cc1af74fc5f3955e44361b82b791710e4b63bbc69b0c15570617e2d86e543,NONE,B0-poisson-multinomial-rare-tail-v1,10000
2023_02_CHI_TB,2023,2,2023-09-17,TB,CHI,27.0,17.0,10.0,44.0,25.7093,20.3321,5.3772,46.0414,0.6229,170.64825833583356,131.92380197019702,286.66538669866986,318.4787339133913,11.274525672855173,11.318333302041628,0.2505671031570767,0.15396376134314851,0.20010938821639923,0.11162848294665434,10.0,17.0,24.0,34.0,43.0,7.0,13.0,20.0,27.0,36.0,-16.0,-6.0,5.0,16.0,27.0,24.0,34.0,44.0,57.0,70.0,3.21669497,2.81486137,4.432145400000001,4.12650212,4.775821072144026,4039496664,B0-POSSESSION-DRIVE-SCORE-PROCESS-V1,2023,2022,2022-REG-END,0.0,0.05,phase3-feature-provenance-v1,5f148219527b07d85261d3f196ace97a5eb5646271d43596032a692389abc579,2c5cc1af74fc5f3955e44361b82b791710e4b63bbc69b0c15570617e2d86e543,NONE,B0-poisson-multinomial-rare-tail-v1,10000
2023_02_CLE_PIT,2023,2,2023-09-18,PIT,CLE,26.0,22.0,4.0,48.0,22.8775,18.8007,4.0768,41.6782,0.5972,153.1492086708671,126.54563407340734,258.6605678167817,300.72911767176714,11.055826522824331,10.905207511248197,0.22528050209749056,0.13944468067668284,0.18803091560734203,0.10922614112143893,7.0,14.0,21.0,30.0,40.0,6.0,10.0,17.0,26.0,34.0,-16.0,-7.0,4.0,14.0,25.0,20.0,30.0,40.0,53.0,65.0,3.511167049999999,3.31299219,3.6837324799999998,5.4059294,5.190042629628142,54179948,B0-POSSESSION-DRIVE-SCORE-PROCESS-V1,2023,2022,2022-REG-END,0.0,0.05,phase3-feature-provenance-v1,5f148219527b07d85261d3f196ace97a5eb5646271d43596032a692389abc579,2c5cc1af74fc5f3955e44361b82b791710e4b63bbc69b0c15570617e2d86e543,NONE,B0-poisson-multinomial-rare-tail-v1,10000
2023_02_GB_ATL,2023,2,2023-09-17,ATL,GB,25.0,24.0,1.0,49.0,25.56,26.173,-0.613,51.733,0.4782,169.74017401740173,177.296200620062,317.4951805180518,376.57756875687573,10.708566847628864,10.601880301024488,0.2511376064790205,0.19478730219857135,0.28118131601754487,0.14187031222919683,10.0,16.0,24.0,33.0,43.0,10.0,17.0,24.0,34.0,44.0,-23.0,-12.0,-1.0,11.0,22.0,28.0,38.0,50.0,64.0,78.0,3.030917999999999,3.092908060000001,4.169078919999999,4.5219986599999995,4.840279880754485,90308750,B0-POSSESSION-DRIVE-SCORE-PROCESS-V1,2023,2022,2022-REG-END,0.0,0.05,phase3-feature-provenance-v1,5f148219527b07d85261d3f196ace97a5eb5646271d43596032a692389abc579,2c5cc1af74fc5f3955e44361b82b791710e4b63bbc69b0c15570617e2d86e543,NONE,B0-poisson-multinomial-rare-tail-v1,10000
2023_02_IND_HOU,2023,2,2023-09-17,HOU,IND,20.0,31.0,-11.0,51.0,21.9291,23.0384,-1.1093,44.9675,0.4719,138.9583690269027,143.71129656965695,260.22917642764276,305.1101547654765,11.797574481640282,11.755427341911513,0.18458485320151372,0.16137354577992383,0.1954994248284961,0.17774088714663328,7.0,13.0,21.0,29.25,38.0,9.0,14.0,22.0,30.0,39.0,-21.0,-12.0,-1.0,10.0,20.0,23.0,33.0,44.0,56.0,68.0,2.7750771899999993,5.34889944,6.098301990000001,5.26681851,6.408313045625162,1665612680,B0-POSSESSION-DRIVE-SCORE-PROCESS-V1,2023,2022,2022-REG-END,0.0,0.05,phase3-feature-provenance-v1,5f148219527b07d85261d3f196ace97a5eb5646271d43596032a692389abc579,2c5cc1af74fc5f3955e44361b82b791710e4b63bbc69b0c15570617e2d86e543,NONE,B0-poisson-multinomial-rare-tail-v1,10000
2023_02_KC_JAX,2023,2,2023-09-17,JAX,KC,9.0,17.0,-8.0,26.0,21.6555,28.9422,-7.2867,50.5977,0.33985,138.9919189418942,189.44860402040203,306.53215632563257,350.3488895989599,11.057953865939009,11.006670609308149,0.21653708590858486,0.121606163163363,0.28318548396013554,0.18618456518657775,7.0,13.0,20.0,29.0,38.0,13.0,19.0,27.0,38.0,47.0,-30.0,-19.0,-7.0,4.0,15.0,27.0,37.0,49.0,62.0,75.0,7.119767930000001,6.49329456,4.07461363,15.10883809,10.710742920169883,945336230,B0-POSSESSION-DRIVE-SCORE-PROCESS-V1,2023,2022,2022-REG-END,0.0,0.05,phase3-feature-provenance-v1,5f148219527b07d85261d3f196ace97a5eb5646271d43596032a692389abc579,2c5cc1af74fc5f3955e44361b82b791710e4b63bbc69b0c15570617e2d86e543,NONE,B0-poisson-multinomial-rare-tail-v1,10000
2023_02_LAC_TEN,2023,2,2023-09-17,TEN,LAC,27.0,24.0,3.0,51.0,25.4736,25.3496,0.124,50.8232,0.50215,170.73997703770377,168.35301514151413,317.41396539653965,360.7720189618962,11.273420496343824,11.13770525151507,0.25682216640969074,0.12607019787581653,0.2520244878620554,0.1494396031263076,10.0,16.0,24.0,34.0,43.0,10.0,16.0,24.0,34.0,43.0,-23.0,-11.0,0.0,12.0,23.0,27.0,37.0,49.0,63.0,76.0,3.281541280000001,3.0225260599999997,4.281496539999999,4.47883944,4.852798865263193,190154028,B0-POSSESSION-DRIVE-SCORE-PROCESS-V1,2023,2022,2022-REG-END,0.0,0.05,phase3-feature-provenance-v1,5f148219527b07d85261d3f196ace97a5eb5646271d43596032a692389abc579,2c5cc1af74fc5f3955e44361b82b791710e4b63bbc69b0c15570617e2d86e543,NONE,B0-poisson-multinomial-rare-tail-v1,10000
2023_02_LV_BUF,2023,2,2023-09-17,BUF,LV,38.0,10.0,28.0,48.0,31.8431,23.2626,8.5805,55.1057,0.6778500000000001,221.24180657065708,150.42988422842282,337.5728770377038,405.77050456045606,10.849757390180324,10.771787847243164,0.33771544758833705,0.16565173681090994,0.22248240469090994,0.17367664138015146,14.0,21.0,30.0,41.0,52.0,9.0,14.0,22.0,31.0,40.0,-14.0,-4.0,8.0,20.0,32.0,30.0,41.0,54.0,68.0,81.0,4.89763295,7.480276160000001,12.087949049999999,5.309219469999999,9.762871134643955,3630033264,B0-POSSESSION-DRIVE-SCORE-PROCESS-V1,2023,2022,2022-REG-END,0.0,0.05,phase3-feature-provenance-v1,5f148219527b07d85261d3f196ace97a5eb5646271d43596032a692389abc579,2c5cc1af74fc5f3955e44361b82b791710e4b63bbc69b0c15570617e2d86e543,NONE,B0-poisson-multinomial-rare-tail-v1,10000
2023_02_MIA_NE,2023,2,2023-09-17,NE,MIA,17.0,24.0,-7.0,41.0,26.4634,20.3961,6.0673,46.8595,0.6465,172.03666410641065,136.45184997499751,286.93946465646565,330.03756350635064,11.357426206563119,11.2848061555121,0.2538036640652411,0.15522983597136514,0.20904876328605293,0.0983811294381888,10.0,17.0,25.0,34.0,44.0,7.0,13.0,20.0,28.0,36.0,-15.0,-5.0,6.0,17.0,28.0,24.0,34.0,45.0,58.0,71.0,5.129748459999999,3.485078669999999,7.8036571699999975,4.61974949,6.840110441095597,1281032243,B0-POSSESSION-DRIVE-SCORE-PROCESS-V1,2023,2022,2022-REG-END,0.0,0.05,phase3-feature-provenance-v1,5f148219527b07d85261d3f196ace97a5eb5646271d43596032a692389abc579,2c5cc1af74fc5f3955e44361b82b791710e4b63bbc69b0c15570617e2d86e543,NONE,B0-poisson-multinomial-rare-tail-v1,10000
2023_02_MIN_PHI,2023,2,2023-09-14,PHI,MIN,34.0,28.0,6.0,62.0,26.6283,22.1241,4.5042,48.7524,0.6064999999999999,171.3888779977998,148.68136732673267,301.7809604560456,338.3595301930193,11.470587343679803,11.399476546664465,0.25135866215872577,0.16322109095136358,0.20337418666479995,0.137761254310714,10.0,17.0,25.5,34.0,44.0,7.0,13.0,21.0,30.0,38.0,-18.0,-7.0,4.0,16.0,27.0,26.0,36.0,47.0,61.0,74.0,5.1602600700000005,4.4048554300000005,4.00684854,8.55241714,7.270569039896991,1089598664,B0-POSSESSION-DRIVE-SCORE-PROCESS-V1,2023,2022,2022-REG-END,0.0,0.05,phase3-feature-provenance-v1,5f148219527b07d85261d3f196ace97a5eb5646271d43596032a692389abc579,2c5cc1af74fc5f3955e44361b82b791710e4b63bbc69b0c15570617e2d86e543,NONE,B0-poisson-multinomial-rare-tail-v1,10000
2023_02_NO_CAR,2023,2,2023-09-18,CAR,NO,17.0,20.0,-3.0,37.0,21.3021,23.771,-2.4689,45.0731,0.43925,137.74220981098108,153.6933283328333,268.80731352135217,314.0637627662766,11.29443317516264,11.331962349675656,0.1960280739589335,0.13771452286849523,0.2172810831695069,0.16921265229705476,7.0,13.0,20.0,29.0,37.0,9.0,15.0,23.0,31.0,40.0,-23.0,-13.0,-3.0,8.0,18.0,23.0,33.0,44.0,56.0,68.0,3.061306290000001,3.04672946,3.75100091,5.191114949999999,4.967107790427361,2461789339,B0-POSSESSION-DRIVE-SCORE-PROCESS-V1,2023,2022,2022-REG-END,0.0,0.05,phase3-feature-provenance-v1,5f148219527b07d85261d3f196ace97a5eb5646271d43596032a692389abc579,2c5cc1af74fc5f3955e44361b82b791710e4b63bbc69b0c15570617e2d86e543,NONE,B0-poisson-multinomial-rare-tail-v1,10000
2023_02_NYG_ARI,2023,2,2023-09-17,ARI,NYG,28.0,31.0,-3.0,59.0,22.3956,19.8496,2.546,42.2452,0.5629000000000001,146.26472711271126,126.73345318531852,259.11719571957195,286.87916487648766,11.18161072561548,11.25176715297512,0.20531519657170527,0.16152342645802328,0.18452691196532653,0.1337415814885982,7.0,13.0,21.0,30.0,38.0,6.0,12.0,19.0,27.0,35.0,-17.0,-8.0,3.0,13.0,23.0,22.0,30.0,41.0,53.0,64.0,4.267834239999999,7.2951451,4.424091000000001,10.670083940000001,8.71804323692798,3322252753,B0-POSSESSION-DRIVE-SCORE-PROCESS-V1,2023,2022,2022-REG-END,0.0,0.05,phase3-feature-provenance-v1,5f148219527b07d85261d3f196ace97a5eb5646271d43596032a692389abc579,2c5cc1af74fc5f3955e44361b82b791710e4b63bbc69b0c15570617e2d86e543,NONE,B0-poisson-multinomial-rare-tail-v1,10000
2023_02_NYJ_DAL,2023,2,2023-09-17,DAL,NYJ,30.0,10.0,20.0,40.0,28.5674,17.9235,10.6439,46.4909,0.7363500000000001,191.47160440044004,112.28007575757576,286.7285656465646,320.7747946694669,11.434094454010975,11.62118814623825,0.27752285545641814,0.1600978854629885,0.15244718861806061,0.128129909352189,12.0,19.0,27.0,37.0,47.0,6.0,10.0,17.0,24.0,32.0,-11.0,0.0,10.0,22.0,32.0,24.0,34.0,45.0,58.0,70.0,3.40667338,4.194959090000001,6.06704171,4.680640349999999,5.873289256470818,2806940697,B0-POSSESSION-DRIVE-SCORE-PROCESS-V1,2023,2022,2022-REG-END,0.0,0.05,phase3-feature-provenance-v1,5f148219527b07d85261d3f196ace97a5eb5646271d43596032a692389abc579,2c5cc1af74fc5f3955e44361b82b791710e4b63bbc69b0c15570617e2d86e543,NONE,B0-poisson-multinomial-rare-tail-v1,10000
2023_02_SEA_DET,2023,2,2023-09-17,DET,SEA,31.0,37.0,-6.0,68.0,25.0667,27.2855,-2.2188,52.3522,0.45535000000000003,167.2083719471947,185.98658840884087,322.9018167416742,383.48810397039705,10.981661558595137,10.923671969621893,0.2510612763441154,0.14235041103751186,0.2835536896232996,0.1424542785053144,10.0,16.0,24.0,33.0,42.0,10.0,17.0,26.0,36.0,45.0,-25.0,-14.0,-2.0,10.0,21.0,28.0,38.0,51.0,65.0,78.0,4.52066057,6.39191429,4.448029199999999,9.930560980000001,8.218652542895798,2999255504,B0-POSSESSION-DRIVE-SCORE-PROCESS-V1,2023,2022,2022-REG-END,0.0,0.05,phase3-feature-provenance-v1,5f148219527b07d85261d3f196ace97a5eb5646271d43596032a692389abc579,2c5cc1af74fc5f3955e44361b82b791710e4b63bbc69b0c15570617e2d86e543,NONE,B0-poisson-multinomial-rare-tail-v1,10000
2023_02_SF_LA,2023,2,2023-09-17,LA,SF,23.0,30.0,-7.0,53.0,24.6104,26.0884,-1.478,50.6988,0.46315,164.4670585458546,175.5343388738874,314.860402040204,365.14239279927995,10.953218600989782,10.957551355321204,0.24887764783062186,0.13786311700821807,0.27022651799451536,0.14176690843771614,9.0,15.0,24.0,33.0,41.0,10.0,17.0,24.0,34.0,44.0,-24.0,-13.0,-2.0,10.0,21.0,27.0,37.0,49.0,63.0,76.0,2.9988690999999994,3.8469783999999994,4.714287820000001,4.74225912,5.2557186889844125,2865907849,B0-POSSESSION-DRIVE-SCORE-PROCESS-V1,2023,2022,2022-REG-END,0.0,0.05,phase3-feature-provenance-v1,5f148219527b07d85261d3f196ace97a5eb5646271d43596032a692389abc579,2c5cc1af74fc5f3955e44361b82b791710e4b63bbc69b0c15570617e2d86e543,NONE,B0-poisson-multinomial-rare-tail-v1,10000
2023_02_WAS_DEN,2023,2,2023-09-17,DEN,WAS,33.0,35.0,-2.0,68.0,19.3023,18.7941,0.5082,38.0964,0.514,125.92690740074006,116.89299448944895,232.671199879988,252.96860390039,11.345948337475145,11.397350973181531,0.17474592755469948,0.1337723364888852,0.15884612299161324,0.15035811979896602,6.0,10.0,17.0,27.0,34.0,6.0,10.0,17.0,25.0,34.0,-19.0,-10.0,0.0,10.0,20.0,19.0,27.0,37.0,48.0,59.0,9.168424609999999,11.27404293,3.64579964,21.6900294,15.071538988033257,424979741,B0-POSSESSION-DRIVE-SCORE-PROCESS-V1,2023,2022,2022-REG-END,0.0,0.05,phase3-feature-provenance-v1,5f148219527b07d85261d3f196ace97a5eb5646271d43596032a692389abc579,2c5cc1af74fc5f3955e44361b82b791710e4b63bbc69b0c15570617e2d86e543,NONE,B0-poisson-multinomial-rare-tail-v1,10000
2023_03_ATL_DET,2023,3,2023-09-24,DET,ATL,20.0,6.0,14.0,26.0,26.8223,28.1278,-1.3055,54.9501,0.4733,186.6743901490149,188.2404912091209,346.7470444544454,403.0827182618262,10.593658129410121,10.679657887724519,0.2851380739487453,0.15417416162792885,0.2857044929235551,0.1877490641481163,10.0,17.0,26.0,35.0,45.0,11.0,18.0,27.0,37.0,47.0,-25.0,-14.0,-1.0,11.0,22.0,30.0,40.0,53.0,68.0,81.0,4.04945877,14.582186960000001,9.07824997,18.36471313,14.95663531669215,74580505,B0-POSSESSION-DRIVE-SCORE-PROCESS-V1,2023,2022,2022-REG-END,0.0,0.05,phase3-feature-provenance-v1,5f148219527b07d85261d3f196ace97a5eb5646271d43596032a692389abc579,2c5cc1af74fc5f3955e44361b82b791710e4b63bbc69b0c15570617e2d86e543,NONE,B0-poisson-multinomial-rare-tail-v1,10000
2023_03_BUF_WAS,2023,3,2023-09-24,WAS,BUF,3.0,37.0,-34.0,40.0,20.8259,26.7051,-5.8792,47.531,0.36195,138.8812773177318,177.73430742074208,294.8436917291729,338.38747774777477,11.218208063619306,11.25081389520033,0.19581331885435366,0.13261654618036622,0.26610462455495637,0.14152386387842572,7.0,13.0,20.0,28.0,37.0,10.0,17.0,26.0,35.0,44.0,-28.0,-17.0,-6.0,5.0,16.0,25.0,34.0,46.0,59.0,72.0,11.39907489,6.72732919,19.316851720000003,5.072207740000001,13.830554757364299,2162756909,B0-POSSESSION-DRIVE-SCORE-PROCESS-V1,2023,2022,2022-REG-END,0.0,0.05,phase3-feature-provenance-v1,5f148219527b07d85261d3f196ace97a5eb5646271d43596032a692389abc579,2c5cc1af74fc5f3955e44361b82b791710e4b63bbc69b0c15570617e2d86e543,NONE,B0-poisson-multinomial-rare-tail-v1,10000
2023_03_CAR_SEA,2023,3,2023-09-24,SEA,CAR,37.0,27.0,10.0,64.0,25.4394,21.668,3.7714,47.1074,0.58605,168.86241388138814,139.62433843384338,291.568898929893,325.4046057005701,11.32591636087839,11.239762583778827,0.24623191643208284,0.15237773836583107,0.20258615362970647,0.14275997442788585,10.0,16.0,24.0,34.0,43.0,7.0,13.0,20.0,29.0,37.0,-18.0,-7.0,4.0,15.0,26.0,25.0,34.0,46.0,58.0,71.0,7.49713916,4.107762439999999,4.884482779999999,10.740526899999999,8.922120386440389,873758487,B0-POSSESSION-DRIVE-SCORE-PROCESS-V1,2023,2022,2022-REG-END,0.0,0.05,phase3-feature-provenance-v1,5f148219527b07d85261d3f196ace97a5eb5646271d43596032a692389abc579,2c5cc1af74fc5f3955e44361b82b791710e4b63bbc69b0c15570617e2d86e543,NONE,B0-poisson-multinomial-rare-tail-v1,10000
2023_03_CHI_KC,2023,3,2023-09-24,KC,CHI,41.0,10.0,31.0,51.0,31.0433,19.6578,11.3855,50.7011,0.73645,210.1558406940694,129.24982414241424,314.9055803080308,363.90574936493647,10.941329712804702,10.946599043045563,0.3143561435296421,0.1867865622625502,0.20028108932947186,0.0997539638509936,13.0,20.0,30.0,40.0,51.0,7.0,12.0,18.0,27.0,35.0,-11.0,-1.0,11.0,23.0,34.0,27.0,37.0,49.0,62.0,76.0,6.589081050000001,5.155810840000001,12.165853409999999,4.47282261,9.24011839829329,3130514601,B0-POSSESSION-DRIVE-SCORE-PROCESS-V1,2023,2022,2022-REG-END,0.0,0.05,phase3-feature-provenance-v1,5f148219527b07d85261d3f196ace97a5eb5646271d43596032a692389abc579,2c5cc1af74fc5f3955e44361b82b791710e4b63bbc69b0c15570617e2d86e543,NONE,B0-poisson-multinomial-rare-tail-v1,10000
2023_03_DAL_ARI,2023,3,2023-09-24,ARI,DAL,28.0,16.0,12.0,44.0,21.1162,28.9406,-7.8244,50.0568,0.32855,136.95539309930993,198.61833347334732,310.8824528852885,360.265000260026,11.597419805201978,11.522528054831614,0.1942660600373223,0.13011546290277778,0.28243140959182084,0.14566742023496543,7.0,13.0,20.0,28.0,37.0,12.0,19.0,27.0,38.0,48.0,-30.0,-19.0,-7.0,4.0,14.0,27.0,37.0,48.0,62.0,75.0,4.85875794,7.11380012,12.13520024,4.839508,9.377805066255092,3527401991,B0-POSSESSION-DRIVE-SCORE-PROCESS-V1,2023,2022,2022-REG-END,0.0,0.05,phase3-feature-provenance-v1,5f148219527b07d85261d3f196ace97a5eb5646271d43596032a692389abc579,2c5cc1af74fc5f3955e44361b82b791710e4b63bbc69b0c15570617e2d86e543,NONE,B0-poisson-multinomial-rare-tail-v1,10000
2023_03_DEN_MIA,2023,3,2023-09-24,MIA,DEN,70.0,20.0,50.0,90.0,23.5863,19.6224,3.9639,43.2087,0.5932000000000001,160.27217952795277,130.55747398739874,270.8734841384139,310.7858228922893,11.169734551914742,11.05959173382388,0.2363156677496664,0.13094229176973693,0.18762629534783673,0.1287236499710654,8.0,14.0,23.0,31.0,40.0,6.0,10.0,18.0,27.0,35.0,-17.0,-7.0,4.0,14.0,25.0,21.0,31.0,42.0,54.0,67.0,39.39651139,2.7516092799999994,36.890800170000006,37.10706479,37.30268803173949,2413795506,B0-POSSESSION-DRIVE-SCORE-PROCESS-V1,2023,2022,2022-REG-END,0.0,0.05,phase3-feature-provenance-v1,5f148219527b07d85261d3f196ace97a5eb5646271d43596032a692389abc579,2c5cc1af74fc5f3955e44361b82b791710e4b63bbc69b0c15570617e2d86e543,NONE,B0-poisson-multinomial-rare-tail-v1,10000
2023_03_HOU_JAX,2023,3,2023-09-24,JAX,HOU,17.0,37.0,-20.0,54.0,24.3739,19.1765,5.1974,43.5504,0.6209,161.016400430043,117.8179295429543,260.94812805280526,296.72053189318933,11.446073640097321,11.300839315618182,0.2276194010526287,0.15438228524579775,0.1677501338369775,0.14578657758745364,9.0,15.0,23.0,32.25,41.0,6.0,10.0,17.0,26.0,34.0,-15.0,-6.0,5.0,16.0,26.0,23.0,31.0,42.0,54.0,66.0,4.13306975,12.52982905,16.84795262,7.0695676400000025,13.206879640954371,2883248812,B0-POSSESSION-DRIVE-SCORE-PROCESS-V1,2023,2022,2022-REG-END,0.0,0.05,phase3-feature-provenance-v1,5f148219527b07d85261d3f196ace97a5eb5646271d43596032a692389abc579,2c5cc1af74fc5f3955e44361b82b791710e4b63bbc69b0c15570617e2d86e543,NONE,B0-poisson-multinomial-rare-tail-v1,10000
2023_03_IND_BAL,2023,3,2023-09-24,BAL,IND,19.0,22.0,-3.0,41.0,26.9043,19.5965,7.3078,46.5008,0.67125,175.73951546154618,124.51273902390238,281.28078723872386,319.22372173217326,11.323487958279468,11.095394076311724,0.2403767862800093,0.20542357881557718,0.17468431452450578,0.15219995439235937,10.0,17.0,26.0,35.0,45.0,6.0,11.0,19.0,27.0,34.0,-14.0,-4.0,7.0,18.0,29.0,24.0,34.0,45.0,58.0,71.0,4.46553457,3.0700625699999993,6.33225972,4.515792540000001,5.9515962780871,2826700816,B0-POSSESSION-DRIVE-SCORE-PROCESS-V1,2023,2022,2022-REG-END,0.0,0.05,phase3-feature-provenance-v1,5f148219527b07d85261d3f196ace97a5eb5646271d43596032a692389abc579,2c5cc1af74fc5f3955e44361b82b791710e4b63bbc69b0c15570617e2d86e543,NONE,B0-poisson-multinomial-rare-tail-v1,10000
2023_03_LAC_MIN,2023,3,2023-09-24,MIN,LAC,24.0,28.0,-4.0,52.0,27.0935,25.3465,1.747,52.44,0.5378999999999999,178.85864361436143,165.88102585258525,316.73406440644067,372.74527452745275,11.440554666207907,11.306033305176445,0.2611271788467104,0.15677933421806145,0.23663869101070648,0.1733343558099248,10.0,17.0,26.0,35.0,45.0,10.0,16.0,24.0,33.0,42.0,-21.0,-10.0,2.0,13.0,24.0,29.0,39.0,51.0,64.0,78.0,3.1625672099999997,3.436897609999999,4.78774042,4.47935644,5.195871171800109,2259283907,B0-POSSESSION-DRIVE-SCORE-PROCESS-V1,2023,2022,2022-REG-END,0.0,0.05,phase3-feature-provenance-v1,5f148219527b07d85261d3f196ace97a5eb5646271d43596032a692389abc579,2c5cc1af74fc5f3955e44361b82b791710e4b63bbc69b0c15570617e2d86e543,NONE,B0-poisson-multinomial-rare-tail-v1,10000
2023_03_LA_CIN,2023,3,2023-09-25,CIN,LA,19.0,16.0,3.0,35.0,23.6081,24.2937,-0.6856,47.9018,0.4801,161.18763315331532,152.2000603160316,285.5845110911091,341.1908758475847,10.921681081989588,10.994825691449414,0.23892660473273408,0.1370483899903958,0.2277942284963066,0.17525160736699077,8.0,14.0,22.0,31.0,41.0,10.0,16.0,23.0,32.0,41.0,-22.0,-12.0,-1.0,10.0,21.0,25.0,34.0,47.0,60.0,72.0,3.27008281,4.502132949999999,4.19281148,7.15341664,6.216162699203446,1613428762,B0-POSSESSION-DRIVE-SCORE-PROCESS-V1,2023,2022,2022-REG-END,0.0,0.05,phase3-feature-provenance-v1,5f148219527b07d85261d3f196ace97a5eb5646271d43596032a692389abc579,2c5cc1af74fc5f3955e44361b82b791710e4b63bbc69b0c15570617e2d86e543,NONE,B0-poisson-multinomial-rare-tail-v1,10000
2023_03_NE_NYJ,2023,3,2023-09-24,NYJ,NE,10.0,15.0,-5.0,25.0,16.9476,23.7825,-6.8349,40.7301,0.3346,107.08356259625964,155.27752150215022,247.3879807880788,277.3341874087409,11.405949625865023,11.395909172341248,0.15225352994363694,0.11381217033374195,0.21148616455107694,0.17632127029599134,3.0,10.0,16.0,23.0,31.0,9.0,14.0,23.0,31.0,41.0,-27.0,-17.0,-7.0,4.0,13.0,20.0,29.0,39.0,51.0,63.0,3.68345506,4.75883609,3.68314185,8.763924570000002,6.732122472134215,561371928,B0-POSSESSION-DRIVE-SCORE-PROCESS-V1,2023,2022,2022-REG-END,0.0,0.05,phase3-feature-provenance-v1,5f148219527b07d85261d3f196ace97a5eb5646271d43596032a692389abc579,2c5cc1af74fc5f3955e44361b82b791710e4b63bbc69b0c15570617e2d86e543,NONE,B0-poisson-multinomial-rare-tail-v1,10000
2023_03_NO_GB,2023,3,2023-09-24,GB,NO,18.0,17.0,1.0,35.0,23.6189,23.8276,-0.2087,47.4465,0.49735,159.6698297729773,160.21289952995298,301.77192150215024,337.9935371037104,11.012120979546035,10.902927191793761,0.24060504163968122,0.12853253567250186,0.22695653453617934,0.1673105341701141,7.0,14.0,23.0,31.0,41.0,9.0,14.0,23.0,32.0,41.0,-22.0,-12.0,0.0,11.0,21.0,25.0,34.0,46.0,59.0,72.0,3.5810129700000006,3.9327912000000005,4.005451710000001,6.934020910000001,6.000563276029192,2388864346,B0-POSSESSION-DRIVE-SCORE-PROCESS-V1,2023,2022,2022-REG-END,0.0,0.05,phase3-feature-provenance-v1,5f148219527b07d85261d3f196ace97a5eb5646271d43596032a692389abc579,2c5cc1af74fc5f3955e44361b82b791710e4b63bbc69b0c15570617e2d86e543,NONE,B0-poisson-multinomial-rare-tail-v1,10000
2023_03_NYG_SF,2023,3,2023-09-21,SF,NYG,30.0,12.0,18.0,42.0,28.2203,18.6436,9.5767,46.8639,0.7101,190.14398230823082,120.53443248324832,294.12592970297027,327.23089987998804,11.109112062519932,10.991930217456792,0.2770271829015333,0.1732338199554349,0.17428986361558,0.12786983221314044,12.0,18.0,27.0,37.0,47.0,6.0,10.0,17.0,26.0,34.0,-12.0,-2.0,9.0,21.0,32.0,24.0,34.0,45.0,58.0,71.0,3.45191127,3.6781736999999994,5.73856099,4.49439885,5.685973566401861,1679138968,B0-POSSESSION-DRIVE-SCORE-PROCESS-V1,2023,2022,2022-REG-END,0.0,0.05,phase3-feature-provenance-v1,5f148219527b07d85261d3f196ace97a5eb5646271d43596032a692389abc579,2c5cc1af74fc5f3955e44361b82b791710e4b63bbc69b0c15570617e2d86e543,NONE,B0-poisson-multinomial-rare-tail-v1,10000
2023_03_PHI_TB,2023,3,2023-09-25,TB,PHI,11.0,25.0,-14.0,36.0,24.0659,25.62,-1.5541,49.6859,0.46554999999999996,154.45900309030907,174.66706670667068,299.8270558955896,358.4250836983698,11.299292340130425,11.423147503671842,0.23400073552948217,0.13095776481919377,0.2543617827835587,0.12631681316798657,9.0,14.0,23.0,31.0,41.0,10.0,16.0,24.0,34.0,43.0,-24.0,-13.0,-1.0,10.0,20.0,27.0,37.0,48.0,61.0,75.0,7.3464817899999995,3.0942852200000006,7.539169429999999,7.528089589999999,8.209126621209613,350764207,B0-POSSESSION-DRIVE-SCORE-PROCESS-V1,2023,2022,2022-REG-END,0.0,0.05,phase3-feature-provenance-v1,5f148219527b07d85261d3f196ace97a5eb5646271d43596032a692389abc579,2c5cc1af74fc5f3955e44361b82b791710e4b63bbc69b0c15570617e2d86e543,NONE,B0-poisson-multinomial-rare-tail-v1,10000
2023_03_PIT_LV,2023,3,2023-09-24,LV,PIT,18.0,23.0,-5.0,41.0,23.2279,23.9569,-0.729,47.1848,0.48105,150.94845643564358,153.12455484548457,283.83854285428544,324.3074797079708,10.752978466833152,10.817666335713838,0.22073833609005847,0.18206803657015583,0.228534343810926,0.1760896026987764,9.0,14.0,22.0,31.0,40.0,9.0,15.0,23.0,31.0,41.0,-22.0,-12.0,-1.0,10.0,21.0,25.0,34.0,46.0,59.0,71.0,3.3808941100000007,2.8765716899999996,4.327780199999999,4.67744134,4.998226326589494,3516120697,B0-POSSESSION-DRIVE-SCORE-PROCESS-V1,2023,2022,2022-REG-END,0.0,0.05,phase3-feature-provenance-v1,5f148219527b07d85261d3f196ace97a5eb5646271d43596032a692389abc579,2c5cc1af74fc5f3955e44361b82b791710e4b63bbc69b0c15570617e2d86e543,NONE,B0-poisson-multinomial-rare-tail-v1,10000
2023_03_TEN_CLE,2023,3,2023-09-24,CLE,TEN,27.0,3.0,24.0,30.0,22.4454,23.0694,-0.624,45.5148,0.4826,147.5057694169417,156.6510487448745,284.3812621262126,323.93237419741973,11.306558403633698,11.434478227549196,0.22264256529674198,0.12144257467197322,0.23239305457727044,0.10639502100392827,7.0,14.0,21.0,30.0,39.0,7.0,14.0,21.0,31.0,40.0,-22.0,-12.0,-1.0,10.25,21.0,24.0,33.0,44.0,57.0,70.0,3.88230814,13.18068804,16.24429886,8.469376180000001,13.529818273301037,3142862022,B0-POSSESSION-DRIVE-SCORE-PROCESS-V1,2023,2022,2022-REG-END,0.0,0.05,phase3-feature-provenance-v1,5f148219527b07d85261d3f196ace97a5eb5646271d43596032a692389abc579,2c5cc1af74fc5f3955e44361b82b791710e4b63bbc69b0c15570617e2d86e543,NONE,B0-poisson-multinomial-rare-tail-v1,10000
2023_04_ARI_SF,2023,4,2023-10-01,SF,ARI,35.0,16.0,19.0,51.0,29.2872,20.3761,8.9111,49.6633,0.69375,199.96151231123113,135.16336512651264,310.5260493949395,359.72370548054806,11.230193494604139,11.043036486346193,0.3028919411906214,0.13708989392993168,0.2020533254394396,0.11720591521675501,13.0,20.0,28.0,38.0,48.0,7.0,12.0,20.0,27.0,36.0,-13.0,-3.0,8.0,20.0,32.0,27.0,36.0,48.0,62.0,75.0,4.652509320000001,3.0726478099999994,6.5323802099999995,4.64162793,6.084135107659613,1096265509,B0-POSSESSION-DRIVE-SCORE-PROCESS-V1,2023,2022,2022-REG-END,0.0,0.05,phase3-feature-provenance-v1,5f148219527b07d85261d3f196ace97a5eb5646271d43596032a692389abc579,2c5cc1af74fc5f3955e44361b82b791710e4b63bbc69b0c15570617e2d86e543,NONE,B0-poisson-multinomial-rare-tail-v1,10000
2023_04_ATL_JAX,2023,4,2023-10-01,JAX,ATL,23.0,7.0,16.0,30.0,23.4061,24.3719,-0.9658,47.778,0.47805,153.3821210021002,155.48573896389638,282.0010304630463,335.7346894689469,10.854610277222747,10.879566818840125,0.23203093233497493,0.15583336238739642,0.22654135311593396,0.19392457987384634,8.0,14.0,22.0,31.0,40.0,10.0,16.0,23.0,32.0,41.0,-23.0,-12.0,-1.0,10.0,21.0,26.0,35.0,46.0,59.0,72.0,2.922655070000001,10.743905230000001,10.307463180000001,9.96144992,11.003510688401972,1375504747,B0-POSSESSION-DRIVE-SCORE-PROCESS-V1,2023,2022,2022-REG-END,0.0,0.05,phase3-feature-provenance-v1,5f148219527b07d85261d3f196ace97a5eb5646271d43596032a692389abc579,2c5cc1af74fc5f3955e44361b82b791710e4b63bbc69b0c15570617e2d86e543,NONE,B0-poisson-multinomial-rare-tail-v1,10000
2023_04_BAL_CLE,2023,4,2023-10-01,CLE,BAL,3.0,28.0,-25.0,31.0,20.6146,24.1697,-3.5551,44.7843,0.4157,137.8024470847085,155.960497959796,275.91795578557856,311.60793430343034,11.10447960729879,11.24749663232181,0.20753146187026209,0.10729469108823186,0.22431113280574483,0.1696448782176183,7.0,13.0,20.0,28.0,37.0,10.0,15.0,23.0,32.0,41.0,-24.0,-14.0,-3.0,7.0,17.0,23.0,33.0,43.0,56.0,68.0,11.246216380000002,3.69047061,13.73108115,7.526194030000001,11.72766732387677,4271344440,B0-POSSESSION-DRIVE-SCORE-PROCESS-V1,2023,2022,2022-REG-END,0.0,0.05,phase3-feature-provenance-v1,5f148219527b07d85261d3f196ace97a5eb5646271d43596032a692389abc579,2c5cc1af74fc5f3955e44361b82b791710e4b63bbc69b0c15570617e2d86e543,NONE,B0-poisson-multinomial-rare-tail-v1,10000
2023_04_CIN_TEN,2023,4,2023-10-01,TEN,CIN,27.0,3.0,24.0,30.0,23.7445,22.2752,1.4693,46.0197,0.5326000000000001,157.68258800880088,142.12127708770876,278.87434494449445,320.7333852485248,11.340270571442483,11.197899334540976,0.22953507996990408,0.13719874660672274,0.21127373270439964,0.14308158375205504,9.0,14.0,23.0,31.0,41.0,7.0,13.0,21.0,30.0,38.0,-20.0,-10.0,1.0,13.0,23.0,24.0,33.0,45.0,57.0,70.0,3.5513249900000012,12.72843954,14.59853489,8.92082959,12.950517771511233,1985631552,B0-POSSESSION-DRIVE-SCORE-PROCESS-V1,2023,2022,2022-REG-END,0.0,0.05,phase3-feature-provenance-v1,5f148219527b07d85261d3f196ace97a5eb5646271d43596032a692389abc579,2c5cc1af74fc5f3955e44361b82b791710e4b63bbc69b0c15570617e2d86e543,NONE,B0-poisson-multinomial-rare-tail-v1,10000
2023_04_DEN_CHI,2023,4,2023-10-01,CHI,DEN,28.0,31.0,-3.0,59.0,20.6593,20.2334,0.4259,40.8927,0.5149,133.40956446644665,125.21444588458846,243.68887807780777,273.5591426242624,11.213320320860083,11.11444403171285,0.19288784142093995,0.1342091249714456,0.18475993374345936,0.1500494703619604,7.0,13.0,20.0,28.0,36.0,7.0,13.0,20.0,27.0,36.0,-20.0,-10.0,0.0,11.0,20.0,20.0,29.0,40.0,51.0,63.0,4.98956911,7.0410147400000005,3.856587789999999,11.716404310000001,9.000792252868504,1818679549,B0-POSSESSION-DRIVE-SCORE-PROCESS-V1,2023,2022,2022-REG-END,0.0,0.05,phase3-feature-provenance-v1,5f148219527b07d85261d3f196ace97a5eb5646271d43596032a692389abc579,2c5cc1af74fc5f3955e44361b82b791710e4b63bbc69b0c15570617e2d86e543,NONE,B0-poisson-multinomial-rare-tail-v1,10000
2023_04_DET_GB,2023,4,2023-09-28,GB,DET,20.0,34.0,-14.0,54.0,29.3472,24.0379,5.3093,53.3851,0.6144,209.52740490049007,162.29669325932593,333.61799530953095,410.030201010101,10.872742770943816,10.771284521145645,0.3197147319721313,0.13173303618239882,0.24075017349705322,0.1523074400440606,13.0,19.0,28.0,38.0,48.0,9.0,14.0,23.0,31.0,41.0,-18.0,-7.0,5.0,17.0,28.0,29.0,39.0,52.0,66.0,80.0,5.128273539999999,6.506056470000001,11.72471491,4.747705110000002,9.14371648698929,1790527217,B0-POSSESSION-DRIVE-SCORE-PROCESS-V1,2023,2022,2022-REG-END,0.0,0.05,phase3-feature-provenance-v1,5f148219527b07d85261d3f196ace97a5eb5646271d43596032a692389abc579,2c5cc1af74fc5f3955e44361b82b791710e4b63bbc69b0c15570617e2d86e543,NONE,B0-poisson-multinomial-rare-tail-v1,10000
2023_04_KC_NYJ,2023,4,2023-10-01,NYJ,KC,20.0,23.0,-3.0,43.0,17.8786,28.186,-10.3074,46.0646,0.27235,116.16347838783878,191.34533853385338,291.29123436343633,323.726399479948,11.138585363685433,11.106035409309435,0.16880753079732747,0.11026962334879355,0.2737078567334806,0.17660144901478556,6.0,10.0,17.0,24.0,32.0,12.0,17.75,27.0,37.0,47.0,-32.0,-21.0,-10.0,1.0,11.0,24.0,33.0,45.0,57.0,70.0,2.9052685400000007,3.6683600400000005,5.08017064,4.27384054,5.178289478879604,275796935,B0-POSSESSION-DRIVE-SCORE-PROCESS-V1,2023,2022,2022-REG-END,0.0,0.05,phase3-feature-provenance-v1,5f148219527b07d85261d3f196ace97a5eb5646271d43596032a692389abc579,2c5cc1af74fc5f3955e44361b82b791710e4b63bbc69b0c15570617e2d86e543,NONE,B0-poisson-multinomial-rare-tail-v1,10000
2023_04_LA_IND,2023,4,2023-10-01,IND,LA,23.0,29.0,-6.0,52.0,22.9167,25.9235,-3.0068,48.8402,0.42855,151.9101521252125,174.11545929592958,309.3490886688669,342.70213417341733,11.317197545999989,11.388254885148397,0.21158602341966065,0.15981520211939265,0.24383034407678134,0.16717981384711375,7.0,14.0,21.0,30.0,40.0,10.0,17.0,24.0,34.0,44.0,-25.0,-14.0,-3.0,8.0,19.0,26.0,36.0,47.0,60.0,73.0,2.9283328499999994,3.65210713,4.186629460000001,4.766620420000001,5.094406755730814,2749459456,B0-POSSESSION-DRIVE-SCORE-PROCESS-V1,2023,2022,2022-REG-END,0.0,0.05,phase3-feature-provenance-v1,5f148219527b07d85261d3f196ace97a5eb5646271d43596032a692389abc579,2c5cc1af74fc5f3955e44361b82b791710e4b63bbc69b0c15570617e2d86e543,NONE,B0-poisson-multinomial-rare-tail-v1,10000
2023_04_LV_LAC,2023,4,2023-10-01,LAC,LV,24.0,17.0,7.0,41.0,30.5645,26.2963,4.2682,56.8608,0.588,208.00544029402943,163.41824813481347,340.7233410941094,402.12403576357633,10.868122452893004,10.848591953845606,0.3224396261277473,0.15974741032047568,0.24607270719900232,0.2022097839606429,13.0,20.0,30.0,40.0,50.0,10.0,17.0,25.0,34.0,43.0,-19.0,-8.0,4.0,17.0,28.0,32.90000000000009,43.0,56.0,70.0,83.0,4.1838400700000005,5.0403971499999995,4.443945579999999,8.775810659999998,7.336733998310068,2223041994,B0-POSSESSION-DRIVE-SCORE-PROCESS-V1,2023,2022,2022-REG-END,0.0,0.05,phase3-feature-provenance-v1,5f148219527b07d85261d3f196ace97a5eb5646271d43596032a692389abc579,2c5cc1af74fc5f3955e44361b82b791710e4b63bbc69b0c15570617e2d86e543,NONE,B0-poisson-multinomial-rare-tail-v1,10000
2023_04_MIA_BUF,2023,4,2023-10-01,BUF,MIA,48.0,20.0,28.0,68.0,30.3718,23.798,6.5738,54.1698,0.63605,213.2732920892089,165.2249184918492,354.53440700070007,402.4620141614161,11.145732968774107,11.077999980252182,0.32262802388296574,0.13203784577565006,0.24768525618065126,0.11213419314273,13.0,20.0,29.0,40.0,50.0,7.0,14.0,23.0,31.0,41.0,-17.0,-6.0,7.0,19.0,30.0,30.0,40.0,53.0,67.0,81.0,11.62405078,3.1819005999999996,13.34008446,9.02182872,12.035546612546911,1552117154,B0-POSSESSION-DRIVE-SCORE-PROCESS-V1,2023,2022,2022-REG-END,0.0,0.05,phase3-feature-provenance-v1,5f148219527b07d85261d3f196ace97a5eb5646271d43596032a692389abc579,2c5cc1af74fc5f3955e44361b82b791710e4b63bbc69b0c15570617e2d86e543,NONE,B0-poisson-multinomial-rare-tail-v1,10000
2023_04_MIN_CAR,2023,4,2023-10-01,CAR,MIN,13.0,21.0,-8.0,34.0,24.2786,24.0975,0.1811,48.3761,0.50705,152.79346138613863,156.00119386938695,288.5687596659666,329.02055084508453,11.491516963666413,11.569357193553444,0.2155471535459153,0.17865968729732026,0.2223748422752799,0.15484736124001247,10.0,16.0,23.0,32.0,41.0,10.0,15.0,23.0,31.0,41.0,-21.0,-11.0,0.0,11.0,22.0,26.0,36.0,47.0,60.0,72.0,6.136023899999999,2.993072969999999,5.518488189999999,7.9867665899999984,7.3522772075832865,1405455167,B0-POSSESSION-DRIVE-SCORE-PROCESS-V1,2023,2022,2022-REG-END,0.0,0.05,phase3-feature-provenance-v1,5f148219527b07d85261d3f196ace97a5eb5646271d43596032a692389abc579,2c5cc1af74fc5f3955e44361b82b791710e4b63bbc69b0c15570617e2d86e543,NONE,B0-poisson-multinomial-rare-tail-v1,10000
2023_04_NE_DAL,2023,4,2023-10-01,DAL,NE,38.0,3.0,35.0,41.0,25.6243,22.5215,3.1028,48.1458,0.5658000000000001,172.22197170717072,142.39777752775277,292.709703130313,336.52979533953396,11.506068017436915,11.65994574919115,0.25109986445515675,0.13161852645066824,0.1942675382912451,0.16886357864700088,10.0,17.0,24.0,34.0,44.0,7.0,13.0,21.0,30.0,38.0,-18.0,-8.0,3.0,14.0,25.0,26.0,35.0,47.0,60.0,72.0,8.065028470000001,12.933766369999997,22.83532614,5.007873239999999,15.952808906772216,1298160922,B0-POSSESSION-DRIVE-SCORE-PROCESS-V1,2023,2022,2022-REG-END,0.0,0.05,phase3-feature-provenance-v1,5f148219527b07d85261d3f196ace97a5eb5646271d43596032a692389abc579,2c5cc1af74fc5f3955e44361b82b791710e4b63bbc69b0c15570617e2d86e543,NONE,B0-poisson-multinomial-rare-tail-v1,10000
2023_04_PIT_HOU,2023,4,2023-10-01,HOU,PIT,30.0,6.0,24.0,36.0,18.7682,22.1387,-3.3705,40.9069,0.4098,119.91646040604061,141.23218552855286,247.76600635063505,274.5312855185519,11.32341137218355,11.445658936261143,0.16827372036984403,0.1329492491989569,0.20340657201574452,0.1554243508435945,6.0,10.0,17.0,26.0,34.0,7.0,13.0,21.0,30.0,38.0,-23.0,-14.0,-3.0,7.0,17.0,21.0,29.0,40.0,51.0,63.0,7.39936772,9.88532069,19.09056593,4.10374049,13.173727620544923,2194148057,B0-POSSESSION-DRIVE-SCORE-PROCESS-V1,2023,2022,2022-REG-END,0.0,0.05,phase3-feature-provenance-v1,5f148219527b07d85261d3f196ace97a5eb5646271d43596032a692389abc579,2c5cc1af74fc5f3955e44361b82b791710e4b63bbc69b0c15570617e2d86e543,NONE,B0-poisson-multinomial-rare-tail-v1,10000
2023_04_SEA_NYG,2023,4,2023-10-02,NYG,SEA,3.0,24.0,-21.0,27.0,19.9204,24.7918,-4.8714,44.7122,0.38280000000000003,128.09527336733674,167.1615689168917,272.358897929793,318.1547866386639,11.074640052142847,11.079980787620281,0.18502708700602663,0.13706996792033632,0.23618075329518942,0.1702510900247946,7.0,12.0,19.0,27.0,35.0,9.0,16.0,23.0,33.0,42.0,-26.0,-16.0,-5.0,6.0,16.0,23.0,32.0,43.0,56.0,69.0,10.76553534,3.02183136,9.694701739999998,9.97063566,10.89897799013071,4202823164,B0-POSSESSION-DRIVE-SCORE-PROCESS-V1,2023,2022,2022-REG-END,0.0,0.05,phase3-feature-provenance-v1,5f148219527b07d85261d3f196ace97a5eb5646271d43596032a692389abc579,2c5cc1af74fc5f3955e44361b82b791710e4b63bbc69b0c15570617e2d86e543,NONE,B0-poisson-multinomial-rare-tail-v1,10000
2023_04_TB_NO,2023,4,2023-10-01,NO,TB,9.0,26.0,-17.0,35.0,26.1741,20.6675,5.5066,46.8416,0.6298,174.81987117711773,129.33467721772178,286.66722316231625,321.6418736273627,11.296085034040756,11.275042594332735,0.24924304734581013,0.15529068011145883,0.1942682151086994,0.131161325635692,10.0,17.0,24.0,34.0,44.0,7.0,13.0,20.0,27.0,36.0,-16.0,-6.0,6.0,16.0,27.0,25.0,34.0,45.0,58.0,71.0,10.36733409,4.034144530000001,14.399205539999999,6.607457080000001,11.543043764537012,2305407901,B0-POSSESSION-DRIVE-SCORE-PROCESS-V1,2023,2022,2022-REG-END,0.0,0.05,phase3-feature-provenance-v1,5f148219527b07d85261d3f196ace97a5eb5646271d43596032a692389abc579,2c5cc1af74fc5f3955e44361b82b791710e4b63bbc69b0c15570617e2d86e543,NONE,B0-poisson-multinomial-rare-tail-v1,10000
2023_04_WAS_PHI,2023,4,2023-10-01,PHI,WAS,34.0,31.0,3.0,65.0,26.5833,19.1289,7.4544,45.7122,0.6662,184.25828693869386,122.22330712071206,286.4763682768277,326.4868198419842,11.39373480646223,11.222881814056825,0.26632660324567914,0.12937054516557225,0.17191051060803234,0.1368146381199785,10.0,17.0,25.0,35.0,45.0,6.0,10.0,17.0,26.0,34.0,-13.0,-4.0,7.0,18.0,29.0,24.0,33.0,44.0,57.0,70.0,5.260096990000001,7.85403483,4.2517727,12.46566736,9.868117334110915,3098505944,B0-POSSESSION-DRIVE-SCORE-PROCESS-V1,2023,2022,2022-REG-END,0.0,0.05,phase3-feature-provenance-v1,5f148219527b07d85261d3f196ace97a5eb5646271d43596032a692389abc579,2c5cc1af74fc5f3955e44361b82b791710e4b63bbc69b0c15570617e2d86e543,NONE,B0-poisson-multinomial-rare-tail-v1,10000
2023_05_BAL_PIT,2023,5,2023-10-08,PIT,BAL,17.0,10.0,7.0,27.0,20.0445,21.652,-1.6075,41.6965,0.45715,127.71449119911992,136.48614461446144,250.03644739473947,278.36482423242325,11.193201981384068,11.055006062376359,0.18361288152008146,0.13463142782338033,0.19256834740350728,0.17896302306128403,7.0,12.0,19.0,27.0,35.0,7.0,13.0,20.0,29.0,37.0,-21.0,-12.0,-2.0,9.0,18.0,21.0,30.0,40.0,52.0,64.0,2.7504624899999994,6.41372722,5.50469603,8.135041649999998,7.366480018381068,1738259902,B0-POSSESSION-DRIVE-SCORE-PROCESS-V1,2023,2022,2022-REG-END,0.0,0.05,phase3-feature-provenance-v1,5f148219527b07d85261d3f196ace97a5eb5646271d43596032a692389abc579,2c5cc1af74fc5f3955e44361b82b791710e4b63bbc69b0c15570617e2d86e543,NONE,B0-poisson-multinomial-rare-tail-v1,10000
2023_05_CAR_DET,2023,5,2023-10-08,DET,CAR,42.0,24.0,18.0,66.0,26.5498,24.6252,1.9246,51.175,0.5427000000000001,177.9019101510151,159.9645214121412,306.9820130413042,368.7508500850085,11.220707162167079,11.079902522059497,0.2597173956450386,0.15747009494880243,0.24542255823267378,0.143073874343724,10.0,17.0,25.0,34.0,44.0,10.0,16.0,23.0,33.0,41.0,-20.0,-10.0,2.0,13.0,24.0,27.0,37.0,50.0,63.0,76.0,10.17391744,2.931117060000001,9.69037614,9.497640359999998,10.452364757918364,1781791720,B0-POSSESSION-DRIVE-SCORE-PROCESS-V1,2023,2022,2022-REG-END,0.0,0.05,phase3-feature-provenance-v1,5f148219527b07d85261d3f196ace97a5eb5646271d43596032a692389abc579,2c5cc1af74fc5f3955e44361b82b791710e4b63bbc69b0c15570617e2d86e543,NONE,B0-poisson-multinomial-rare-tail-v1,10000
2023_05_CHI_WAS,2023,5,2023-10-05,WAS,CHI,20.0,40.0,-20.0,60.0,22.4843,20.1206,2.3637,42.6049,0.5544,148.64981849184917,134.30108574857485,260.22664497449745,305.6751635063506,11.169112057967071,11.14211851224994,0.21226772449365236,0.1549156285530126,0.19829327777576838,0.11541600162401768,7.0,13.0,21.0,30.0,39.0,7.0,12.0,19.0,27.0,36.0,-18.0,-8.0,3.0,13.0,23.0,21.0,30.0,41.0,54.0,66.0,2.8913100500000004,14.156235060000002,14.512944509999999,11.10350483,13.880732615438324,2003776483,B0-POSSESSION-DRIVE-SCORE-PROCESS-V1,2023,2022,2022-REG-END,0.0,0.05,phase3-feature-provenance-v1,5f148219527b07d85261d3f196ace97a5eb5646271d43596032a692389abc579,2c5cc1af74fc5f3955e44361b82b791710e4b63bbc69b0c15570617e2d86e543,NONE,B0-poisson-multinomial-rare-tail-v1,10000
2023_05_CIN_ARI,2023,5,2023-10-08,ARI,CIN,20.0,34.0,-14.0,54.0,23.8511,22.7133,1.1378,46.5644,0.5265000000000001,154.8216109510951,151.3598390939094,285.4655577157716,326.8973423742374,11.051427268616361,11.071705813801211,0.23185088324975667,0.15201350384425982,0.22123482866941588,0.13805578576628078,9.0,14.0,23.0,31.0,41.0,7.0,14.0,21.0,30.0,39.0,-20.0,-10.0,1.0,13.0,23.0,24.0,34.0,45.0,58.0,71.0,3.0937639900000002,7.336458890000001,9.066342760000001,5.83831762,8.152565620287739,1785663817,B0-POSSESSION-DRIVE-SCORE-PROCESS-V1,2023,2022,2022-REG-END,0.0,0.05,phase3-feature-provenance-v1,5f148219527b07d85261d3f196ace97a5eb5646271d43596032a692389abc579,2c5cc1af74fc5f3955e44361b82b791710e4b63bbc69b0c15570617e2d86e543,NONE,B0-poisson-multinomial-rare-tail-v1,10000
2023_05_DAL_SF,2023,5,2023-10-08,SF,DAL,42.0,10.0,32.0,52.0,27.429,25.995,1.434,53.424,0.5299,183.50130913091309,171.85356035603562,327.8576297629763,382.85210921092107,11.359225240419697,11.054325497480292,0.2690090989551628,0.1447873699783861,0.2614160593271102,0.1390906219826626,10.0,17.0,26.0,36.0,45.0,10.0,17.0,24.0,34.0,44.0,-22.0,-10.0,1.0,13.0,24.0,30.0,40.0,52.0,65.0,79.0,9.528107600000002,9.420752499999999,21.161311599999998,4.523916779999999,14.56753320198192,4289771504,B0-POSSESSION-DRIVE-SCORE-PROCESS-V1,2023,2022,2022-REG-END,0.0,0.05,phase3-feature-provenance-v1,5f148219527b07d85261d3f196ace97a5eb5646271d43596032a692389abc579,2c5cc1af74fc5f3955e44361b82b791710e4b63bbc69b0c15570617e2d86e543,NONE,B0-poisson-multinomial-rare-tail-v1,10000
2023_05_GB_LV,2023,5,2023-10-09,LV,GB,17.0,13.0,4.0,30.0,25.371,27.7755,-2.4045,53.1465,0.4468,166.9114501450145,188.71037078707872,331.81786153615366,379.4257803280328,10.702226606559524,10.870570362780654,0.24106876858997242,0.2036519467324673,0.2849004708190147,0.15295671843507913,10.0,16.0,24.0,33.0,43.0,10.0,17.0,27.0,36.0,46.0,-25.0,-14.0,-2.0,10.0,20.0,29.0,39.0,52.0,65.0,79.0,4.528264980000001,8.339219069999999,5.032218930000001,13.731656450000001,10.216331215016869,3938181750,B0-POSSESSION-DRIVE-SCORE-PROCESS-V1,2023,2022,2022-REG-END,0.0,0.05,phase3-feature-provenance-v1,5f148219527b07d85261d3f196ace97a5eb5646271d43596032a692389abc579,2c5cc1af74fc5f3955e44361b82b791710e4b63bbc69b0c15570617e2d86e543,NONE,B0-poisson-multinomial-rare-tail-v1,10000
2023_05_HOU_ATL,2023,5,2023-10-08,ATL,HOU,21.0,19.0,2.0,40.0,26.8884,21.3407,5.5477,48.2291,0.6265999999999999,176.2419696369637,138.2574492549255,293.47647235723576,335.5223654265427,11.107578147915103,10.978233396441125,0.24869309340104764,0.19779614817614719,0.20345243030761184,0.14369459330635126,10.0,17.0,26.0,35.0,45.0,7.0,13.0,20.0,28.0,37.0,-16.0,-6.0,6.0,17.0,28.0,26.0,35.0,47.0,60.0,73.0,3.719963419999999,2.7923284300000004,4.186925929999999,5.241188710000001,5.165791149123168,4033658209,B0-POSSESSION-DRIVE-SCORE-PROCESS-V1,2023,2022,2022-REG-END,0.0,0.05,phase3-feature-provenance-v1,5f148219527b07d85261d3f196ace97a5eb5646271d43596032a692389abc579,2c5cc1af74fc5f3955e44361b82b791710e4b63bbc69b0c15570617e2d86e543,NONE,B0-poisson-multinomial-rare-tail-v1,10000
2023_05_JAX_BUF,2023,5,2023-10-08,BUF,JAX,20.0,25.0,-5.0,45.0,29.9088,19.9569,9.9519,49.8657,0.7127,209.51363392339235,127.58300069006901,314.37842423242324,359.8148449944995,11.031848857596126,11.054875532754746,0.3125000153927508,0.1457073634134754,0.18910504646123802,0.13610355940051347,13.0,20.0,28.0,39.0,49.0,7.0,12.0,19.0,27.0,35.0,-12.0,-2.0,10.0,21.0,33.0,27.0,36.0,48.0,62.0,75.0,5.40184028,3.9675147100000006,8.72955555,4.68326233,7.382397650917229,1187155470,B0-POSSESSION-DRIVE-SCORE-PROCESS-V1,2023,2022,2022-REG-END,0.0,0.05,phase3-feature-provenance-v1,5f148219527b07d85261d3f196ace97a5eb5646271d43596032a692389abc579,2c5cc1af74fc5f3955e44361b82b791710e4b63bbc69b0c15570617e2d86e543,NONE,B0-poisson-multinomial-rare-tail-v1,10000
2023_05_KC_MIN,2023,5,2023-10-08,MIN,KC,20.0,27.0,-7.0,47.0,23.4369,28.4844,-5.0475,51.9213,0.3901,157.88540693069308,184.12076871687168,316.6435081008101,367.3688431943194,11.206846241634874,11.155683508200891,0.2320117196131053,0.12618775964528745,0.2609233347407636,0.2138809846087735,8.0,14.0,22.0,31.0,40.0,12.0,19.0,27.0,37.0,47.0,-27.0,-17.0,-5.0,7.0,18.0,29.0,38.0,51.0,64.0,77.0,3.0111226899999997,3.1636308200000007,4.213062729999999,4.708373349999999,4.935322698965125,3648296824,B0-POSSESSION-DRIVE-SCORE-PROCESS-V1,2023,2022,2022-REG-END,0.0,0.05,phase3-feature-provenance-v1,5f148219527b07d85261d3f196ace97a5eb5646271d43596032a692389abc579,2c5cc1af74fc5f3955e44361b82b791710e4b63bbc69b0c15570617e2d86e543,NONE,B0-poisson-multinomial-rare-tail-v1,10000
2023_05_NO_NE,2023,5,2023-10-08,NE,NO,0.0,34.0,-34.0,34.0,21.5833,20.4158,1.1675,41.9991,0.5277499999999999,136.6955306630663,133.37384774477445,249.81242499249925,290.32633182318233,11.423206035502965,11.387185376017284,0.19249039628723982,0.16143653042914863,0.18773890511396277,0.1367351222701241,7.0,13.0,20.0,29.0,37.0,7.0,13.0,20.0,27.0,36.0,-19.0,-10.0,1.0,11.0,21.0,21.0,30.0,40.0,53.0,65.0,15.049364410000003,9.009906959999999,26.46160951,4.998062709999999,18.18036202540325,1271671587,B0-POSSESSION-DRIVE-SCORE-PROCESS-V1,2023,2022,2022-REG-END,0.0,0.05,phase3-feature-provenance-v1,5f148219527b07d85261d3f196ace97a5eb5646271d43596032a692389abc579,2c5cc1af74fc5f3955e44361b82b791710e4b63bbc69b0c15570617e2d86e543,NONE,B0-poisson-multinomial-rare-tail-v1,10000
2023_05_NYG_MIA,2023,5,2023-10-08,MIA,NYG,31.0,16.0,15.0,47.0,27.2081,19.8961,7.312,47.1042,0.6669,185.59355374537455,129.2782326132613,296.86114211421136,332.88243060306036,11.141730533540246,11.138801392702213,0.27405913770752544,0.14566442593112788,0.18577086545202418,0.13161252158780698,10.0,17.0,27.0,36.0,45.0,6.0,12.0,19.0,27.0,35.0,-14.0,-4.0,7.0,19.0,29.0,24.0,34.0,46.0,59.0,71.0,3.873254909999999,2.8767395099999993,5.35809912,4.315341400000001,5.284911176729199,2333263734,B0-POSSESSION-DRIVE-SCORE-PROCESS-V1,2023,2022,2022-REG-END,0.0,0.05,phase3-feature-provenance-v1,5f148219527b07d85261d3f196ace97a5eb5646271d43596032a692389abc579,2c5cc1af74fc5f3955e44361b82b791710e4b63bbc69b0c15570617e2d86e543,NONE,B0-poisson-multinomial-rare-tail-v1,10000
2023_05_NYJ_DEN,2023,5,2023-10-08,DEN,NYJ,21.0,31.0,-10.0,52.0,20.3737,17.755,2.6187,38.1287,0.56065,132.494097719772,106.0587808780878,227.32504281428143,249.78071438143817,11.278964877099938,11.343050243123301,0.1886926980667399,0.13849192257551762,0.14939714227292133,0.14318845171398217,7.0,13.0,20.0,27.0,36.0,6.0,10.0,17.0,24.0,31.0,-16.0,-7.0,3.0,13.0,22.0,19.0,27.0,37.0,48.0,59.0,2.8057025100000006,8.931356860000001,7.35539865,8.911407010000001,9.151459208099315,1812476333,B0-POSSESSION-DRIVE-SCORE-PROCESS-V1,2023,2022,2022-REG-END,0.0,0.05,phase3-feature-provenance-v1,5f148219527b07d85261d3f196ace97a5eb5646271d43596032a692389abc579,2c5cc1af74fc5f3955e44361b82b791710e4b63bbc69b0c15570617e2d86e543,NONE,B0-poisson-multinomial-rare-tail-v1,10000
2023_05_PHI_LA,2023,5,2023-10-08,LA,PHI,14.0,23.0,-9.0,37.0,24.7118,25.5999,-0.8881,50.3117,0.48085,165.73191395139514,174.14203419341936,320.6028386738674,359.1450576157616,10.896508662375766,10.958896085995491,0.2503429978860208,0.1387036510734685,0.2691757137669363,0.1262487643080271,10.0,16.0,23.0,33.0,42.0,10.0,16.0,24.0,34.0,43.0,-24.0,-13.0,-1.0,11.0,21.0,27.0,37.0,49.0,62.0,75.0,5.74272152,3.146379630000001,5.5972246299999995,7.36880229,7.149910898802073,2961777076,B0-POSSESSION-DRIVE-SCORE-PROCESS-V1,2023,2022,2022-REG-END,0.0,0.05,phase3-feature-provenance-v1,5f148219527b07d85261d3f196ace97a5eb5646271d43596032a692389abc579,2c5cc1af74fc5f3955e44361b82b791710e4b63bbc69b0c15570617e2d86e543,NONE,B0-poisson-multinomial-rare-tail-v1,10000
2023_05_TEN_IND,2023,5,2023-10-08,IND,TEN,23.0,16.0,7.0,39.0,23.4582,24.4535,-0.9953,47.9117,0.4769,151.06215897589757,164.19725747574756,293.97787569756974,336.5409572057206,11.38663096773035,11.558580014811522,0.21112477506172642,0.16878420800868857,0.23614949743706176,0.1296992478783865,9.0,14.0,23.0,31.0,40.0,9.0,15.0,23.0,32.0,41.0,-22.0,-13.0,-1.0,10.0,21.0,26.0,35.0,46.0,60.0,72.0,2.8439795599999993,4.582203089999999,5.41552897,5.44606915,5.877497787820923,3185071258,B0-POSSESSION-DRIVE-SCORE-PROCESS-V1,2023,2022,2022-REG-END,0.0,0.05,phase3-feature-provenance-v1,5f148219527b07d85261d3f196ace97a5eb5646271d43596032a692389abc579,2c5cc1af74fc5f3955e44361b82b791710e4b63bbc69b0c15570617e2d86e543,NONE,B0-poisson-multinomial-rare-tail-v1,10000
2023_06_ARI_LA,2023,6,2023-10-15,LA,ARI,26.0,9.0,17.0,35.0,26.9589,21.3223,5.6366,48.2812,0.63175,182.866497439744,139.5965823682368,296.93943438343837,347.98672523252327,10.91075880059365,10.779570051123535,0.2810869077654356,0.14089461077638044,0.21911726997686148,0.12282905153750977,10.0,17.0,26.0,35.0,45.0,7.0,13.0,20.0,28.0,37.0,-16.0,-6.0,6.0,17.0,28.0,26.0,35.0,47.0,60.0,73.0,3.16097365,6.903031670000001,6.94162738,7.3205462799999985,7.79683650525879,3056961635,B0-POSSESSION-DRIVE-SCORE-PROCESS-V1,2023,2022,2022-REG-END,0.0,0.05,phase3-feature-provenance-v1,5f148219527b07d85261d3f196ace97a5eb5646271d43596032a692389abc579,2c5cc1af74fc5f3955e44361b82b791710e4b63bbc69b0c15570617e2d86e543,NONE,B0-poisson-multinomial-rare-tail-v1,10000
2023_06_BAL_TEN,2023,6,2023-10-15,TEN,BAL,16.0,24.0,-8.0,40.0,21.9051,23.7271,-1.822,45.6322,0.45905,150.7367676667667,151.0407296629663,279.6388798879888,323.9161147714771,11.07430561435072,10.955221314115962,0.22791308082936362,0.10240629134420703,0.21407579935325236,0.19295617027936998,7.0,13.0,21.0,30.0,38.0,9.0,15.0,23.0,31.0,40.0,-23.0,-13.0,-2.0,9.0,20.0,24.0,33.0,44.0,57.0,69.0,3.541362210000001,2.921533949999999,4.7481709599999995,4.515746199999999,5.044633804389781,2527152743,B0-POSSESSION-DRIVE-SCORE-PROCESS-V1,2023,2022,2022-REG-END,0.0,0.05,phase3-feature-provenance-v1,5f148219527b07d85261d3f196ace97a5eb5646271d43596032a692389abc579,2c5cc1af74fc5f3955e44361b82b791710e4b63bbc69b0c15570617e2d86e543,NONE,B0-poisson-multinomial-rare-tail-v1,10000
2023_06_CAR_MIA,2023,6,2023-10-15,MIA,CAR,42.0,21.0,21.0,63.0,27.7137,22.6476,5.0661,50.3613,0.61475,184.41697400740074,149.12572681268128,310.671797969797,356.413603670367,11.341521869752734,11.210134383312742,0.2834639369023385,0.13317517117578972,0.2215405905015135,0.13591741993091838,10.0,17.0,27.0,36.0,46.0,7.0,14.0,21.0,30.0,39.0,-17.0,-7.0,5.0,17.0,27.0,27.0,37.0,49.0,62.0,75.0,9.249513929999999,2.8143548199999993,9.54084419,8.19504107,9.66537633279249,1827798092,B0-POSSESSION-DRIVE-SCORE-PROCESS-V1,2023,2022,2022-REG-END,0.0,0.05,phase3-feature-provenance-v1,5f148219527b07d85261d3f196ace97a5eb5646271d43596032a692389abc579,2c5cc1af74fc5f3955e44361b82b791710e4b63bbc69b0c15570617e2d86e543,NONE,B0-poisson-multinomial-rare-tail-v1,10000
2023_06_DAL_LAC,2023,6,2023-10-16,LAC,DAL,17.0,20.0,-3.0,37.0,26.5087,28.6057,-2.097,55.1144,0.45795,176.1571400240024,192.1004375537554,340.8286738673867,395.6864812881288,11.468951345241729,11.287897223822517,0.25695891157501805,0.14469180210868834,0.2830656701994571,0.16157389860477298,10.0,17.0,25.0,35.0,44.0,12.0,19.0,27.0,37.0,47.0,-26.0,-14.0,-2.0,10.0,21.0,30.90000000000009,41.0,54.0,68.0,81.0,5.185020410000001,4.80786579,4.23034756,10.14514842,7.915023984872912,2080623274,B0-POSSESSION-DRIVE-SCORE-PROCESS-V1,2023,2022,2022-REG-END,0.0,0.05,phase3-feature-provenance-v1,5f148219527b07d85261d3f196ace97a5eb5646271d43596032a692389abc579,2c5cc1af74fc5f3955e44361b82b791710e4b63bbc69b0c15570617e2d86e543,NONE,B0-poisson-multinomial-rare-tail-v1,10000
2023_06_DEN_KC,2023,6,2023-10-12,KC,DEN,19.0,8.0,11.0,27.0,29.0112,17.9108,11.1004,46.922,0.7401,196.11008556855685,116.96654001400138,294.2955493949395,331.857701770177,11.055920467659174,10.945747155658372,0.2807340758032406,0.18913806849230583,0.17508539953429245,0.11054001506148631,13.0,19.0,27.0,37.0,48.0,6.0,10.0,17.0,24.0,33.0,-10.0,0.0,11.0,22.0,33.0,24.0,34.0,45.0,58.0,71.0,5.3615828599999995,5.333056699999999,3.9082522400000013,11.497291879999999,8.430542580657042,910268950,B0-POSSESSION-DRIVE-SCORE-PROCESS-V1,2023,2022,2022-REG-END,0.0,0.05,phase3-feature-provenance-v1,5f148219527b07d85261d3f196ace97a5eb5646271d43596032a692389abc579,2c5cc1af74fc5f3955e44361b82b791710e4b63bbc69b0c15570617e2d86e543,NONE,B0-poisson-multinomial-rare-tail-v1,10000
2023_06_DET_TB,2023,6,2023-10-15,TB,DET,6.0,20.0,-14.0,26.0,27.323,24.9739,2.3491,52.2969,0.54695,187.76024702470247,168.4172605160516,323.85441463146316,388.500600450045,11.130559733323603,11.113660224423162,0.2815901050167438,0.13931086275511378,0.25183829158310655,0.13525935873875494,10.0,17.0,26.0,36.0,45.0,10.0,16.0,24.0,33.0,42.0,-20.0,-10.0,2.0,14.0,25.0,28.0,38.0,51.0,64.0,78.0,13.89300786,3.431689969999999,9.70710609,16.26438409,14.085128080603967,2645364053,B0-POSSESSION-DRIVE-SCORE-PROCESS-V1,2023,2022,2022-REG-END,0.0,0.05,phase3-feature-provenance-v1,5f148219527b07d85261d3f196ace97a5eb5646271d43596032a692389abc579,2c5cc1af74fc5f3955e44361b82b791710e4b63bbc69b0c15570617e2d86e543,NONE,B0-poisson-multinomial-rare-tail-v1,10000
2023_06_IND_JAX,2023,6,2023-10-15,JAX,IND,37.0,20.0,17.0,57.0,25.0072,22.5503,2.4569,47.5575,0.55895,160.98044620462048,140.45131504150416,280.6522076107611,322.21131488148814,11.489047869881981,11.295908198847101,0.23010963466164078,0.15854632269898178,0.20599362501876647,0.1615240124115201,10.0,16.0,24.0,33.0,42.0,8.0,14.0,21.0,30.0,38.0,-19.0,-9.0,3.0,13.0,24.0,26.0,34.0,46.0,59.0,72.0,7.726778100000001,2.7918663500000003,8.69323389,6.636940410000001,8.43735705741025,1400418997,B0-POSSESSION-DRIVE-SCORE-PROCESS-V1,2023,2022,2022-REG-END,0.0,0.05,phase3-feature-provenance-v1,5f148219527b07d85261d3f196ace97a5eb5646271d43596032a692389abc579,2c5cc1af74fc5f3955e44361b82b791710e4b63bbc69b0c15570617e2d86e543,NONE,B0-poisson-multinomial-rare-tail-v1,10000
2023_06_MIN_CHI,2023,6,2023-10-15,CHI,MIN,13.0,19.0,-6.0,32.0,22.4764,24.0005,-1.5241,46.4769,0.46515,146.23026606660665,156.38173792379237,287.4665658465847,317.7574421342134,11.086282622376022,11.129514409029882,0.21568083817767353,0.1448098324359788,0.22868040228729763,0.1621360553047862,7.0,14.0,21.0,30.0,39.0,9.0,15.0,23.0,31.0,41.0,-23.0,-13.0,-1.0,10.0,20.0,24.0,34.0,45.0,58.0,70.0,5.05555456,3.3794013100000004,4.413089790000001,7.979260710000002,6.790925234765465,3950925094,B0-POSSESSION-DRIVE-SCORE-PROCESS-V1,2023,2022,2022-REG-END,0.0,0.05,phase3-feature-provenance-v1,5f148219527b07d85261d3f196ace97a5eb5646271d43596032a692389abc579,2c5cc1af74fc5f3955e44361b82b791710e4b63bbc69b0c15570617e2d86e543,NONE,B0-poisson-multinomial-rare-tail-v1,10000
2023_06_NE_LV,2023,6,2023-10-15,LV,NE,21.0,17.0,4.0,38.0,22.6962,24.7411,-2.0449,47.4373,0.44995,143.1302185818582,156.55552634263424,278.0152855185519,321.356204330433,11.257065386768351,11.260795301766303,0.2039341054045963,0.17153536474462222,0.21882985867363441,0.1950421633071571,9.0,14.0,21.0,30.0,39.0,10.0,16.0,23.0,33.0,42.0,-23.0,-13.0,-2.0,9.0,19.0,26.0,34.0,46.0,59.0,71.0,2.81732224,4.27072497,4.683192089999999,5.69530393,5.6859154721184595,3951291313,B0-POSSESSION-DRIVE-SCORE-PROCESS-V1,2023,2022,2022-REG-END,0.0,0.05,phase3-feature-provenance-v1,5f148219527b07d85261d3f196ace97a5eb5646271d43596032a692389abc579,2c5cc1af74fc5f3955e44361b82b791710e4b63bbc69b0c15570617e2d86e543,NONE,B0-poisson-multinomial-rare-tail-v1,10000
2023_06_NO_HOU,2023,6,2023-10-15,HOU,NO,20.0,13.0,7.0,33.0,18.6592,24.7291,-6.0699,43.3883,0.35200000000000004,117.1767730373037,161.12582577257726,255.54416840684067,301.0610292129213,11.43651766095064,11.44699714237354,0.16915795810720294,0.12893915791781388,0.22792358840421406,0.16304902470879545,6.0,10.0,17.0,25.0,33.0,10.0,16.0,23.0,33.0,41.0,-26.0,-17.0,-6.0,4.0,14.0,23.0,31.0,42.0,54.0,66.0,2.7296625000000008,6.35936745,7.71412087,5.90650263,7.3718411398484065,620625291,B0-POSSESSION-DRIVE-SCORE-PROCESS-V1,2023,2022,2022-REG-END,0.0,0.05,phase3-feature-provenance-v1,5f148219527b07d85261d3f196ace97a5eb5646271d43596032a692389abc579,2c5cc1af74fc5f3955e44361b82b791710e4b63bbc69b0c15570617e2d86e543,NONE,B0-poisson-multinomial-rare-tail-v1,10000
2023_06_NYG_BUF,2023,6,2023-10-15,BUF,NYG,14.0,9.0,5.0,23.0,30.9704,17.6607,13.3097,48.6311,0.7796000000000001,212.17154099409942,113.61293680368038,301.49693560356036,350.0720199919992,11.090809022097789,10.950638385764181,0.3153538692722433,0.1719716065597073,0.16353365787677215,0.13111376876430864,13.0,20.0,30.0,40.0,51.0,6.0,10.0,17.0,24.0,32.0,-8.0,2.0,13.0,24.0,36.0,26.0,35.0,47.0,61.0,73.0,9.888093719999999,4.54318205,5.41498513,15.95732027,11.585248610066282,2797811450,B0-POSSESSION-DRIVE-SCORE-PROCESS-V1,2023,2022,2022-REG-END,0.0,0.05,phase3-feature-provenance-v1,5f148219527b07d85261d3f196ace97a5eb5646271d43596032a692389abc579,2c5cc1af74fc5f3955e44361b82b791710e4b63bbc69b0c15570617e2d86e543,NONE,B0-poisson-multinomial-rare-tail-v1,10000
2023_06_PHI_NYJ,2023,6,2023-10-15,NYJ,PHI,20.0,14.0,6.0,34.0,18.1097,25.6748,-7.5651,43.7845,0.3303,114.0494708570857,175.80062502250223,276.6344254325433,303.0657663266326,11.076280931005853,11.166826977380605,0.17134046022945526,0.12175645575763941,0.26301219563167044,0.13404565268238972,6.0,10.0,17.0,24.0,33.0,10.0,16.0,24.0,34.0,43.0,-28.0,-18.0,-7.0,3.0,13.0,23.0,31.0,42.0,55.0,67.0,2.820927509999999,6.30221608,7.891577610000002,5.65301335,7.376902273435075,1278431895,B0-POSSESSION-DRIVE-SCORE-PROCESS-V1,2023,2022,2022-REG-END,0.0,0.05,phase3-feature-provenance-v1,5f148219527b07d85261d3f196ace97a5eb5646271d43596032a692389abc579,2c5cc1af74fc5f3955e44361b82b791710e4b63bbc69b0c15570617e2d86e543,NONE,B0-poisson-multinomial-rare-tail-v1,10000
2023_06_SEA_CIN,2023,6,2023-10-15,CIN,SEA,17.0,13.0,4.0,30.0,21.9036,24.7124,-2.8088,46.616,0.43455,142.8339904390439,159.95608184818482,276.2404666066606,329.3396779677968,11.276760768991108,11.36003906486764,0.2043171554341204,0.14194544818099256,0.2294833490835494,0.1706600621462729,7.0,13.0,20.0,30.0,38.0,10.0,16.0,23.0,33.0,41.0,-24.0,-14.0,-3.0,8.0,18.0,24.0,33.75,45.0,58.0,71.0,3.2396838399999996,6.362607540000001,4.86584242,9.21673134,7.638179595158135,1225813247,B0-POSSESSION-DRIVE-SCORE-PROCESS-V1,2023,2022,2022-REG-END,0.0,0.05,phase3-feature-provenance-v1,5f148219527b07d85261d3f196ace97a5eb5646271d43596032a692389abc579,2c5cc1af74fc5f3955e44361b82b791710e4b63bbc69b0c15570617e2d86e543,NONE,B0-poisson-multinomial-rare-tail-v1,10000
2023_06_SF_CLE,2023,6,2023-10-15,CLE,SF,19.0,17.0,2.0,36.0,20.7383,28.1281,-7.3898,48.8664,0.33825,139.62677578757874,194.17390778077805,308.1186678267827,359.482699309931,11.148458481149596,11.29141208733003,0.2063689709642019,0.11017289984886064,0.28768369171197256,0.1315556616915127,7.0,13.0,20.0,28.0,37.0,10.0,17.0,27.0,37.0,47.0,-29.0,-19.0,-7.0,4.0,14.0,26.0,35.0,48.0,61.0,74.0,2.7974289699999995,6.025816529999999,5.94061374,7.222847,7.130317884180869,1352603969,B0-POSSESSION-DRIVE-SCORE-PROCESS-V1,2023,2022,2022-REG-END,0.0,0.05,phase3-feature-provenance-v1,5f148219527b07d85261d3f196ace97a5eb5646271d43596032a692389abc579,2c5cc1af74fc5f3955e44361b82b791710e4b63bbc69b0c15570617e2d86e543,NONE,B0-poisson-multinomial-rare-tail-v1,10000
2023_06_WAS_ATL,2023,6,2023-10-15,ATL,WAS,16.0,24.0,-8.0,40.0,25.8608,21.728,4.1328,47.5888,0.59445,173.90941430143013,142.83749974997502,298.84304846484645,334.6507796379638,11.080630057603408,10.994830658311619,0.24316984092893634,0.18435286317251523,0.20796631639827912,0.14640012428783775,10.0,16.0,24.0,34.0,44.0,7.0,13.0,20.0,29.0,38.0,-18.0,-7.0,4.0,15.0,26.0,25.90000000000009,34.0,46.0,59.0,72.0,5.2748416,3.1433061799999997,7.220432580000002,5.081851239999999,6.7396730427375875,1438445075,B0-POSSESSION-DRIVE-SCORE-PROCESS-V1,2023,2022,2022-REG-END,0.0,0.05,phase3-feature-provenance-v1,5f148219527b07d85261d3f196ace97a5eb5646271d43596032a692389abc579,2c5cc1af74fc5f3955e44361b82b791710e4b63bbc69b0c15570617e2d86e543,NONE,B0-poisson-multinomial-rare-tail-v1,10000
2023_07_ARI_SEA,2023,7,2023-10-22,SEA,ARI,20.0,10.0,10.0,30.0,27.3854,20.2862,7.0992,47.6716,0.6588999999999999,182.39050589058905,132.8011696769677,294.18837819781976,336.1949729372937,11.181048158797337,11.14602730957898,0.2796958817792079,0.1408332865101087,0.1955788315319765,0.1249060513919523,10.0,17.0,26.0,35.0,45.0,7.0,13.0,20.0,27.0,36.0,-14.0,-4.0,7.0,18.0,29.0,26.0,34.0,46.0,59.0,72.0,4.2098668,5.462480199999999,4.176440619999999,9.843560599999998,7.715553121083202,1096538860,B0-POSSESSION-DRIVE-SCORE-PROCESS-V1,2023,2022,2022-REG-END,0.0,0.05,phase3-feature-provenance-v1,5f148219527b07d85261d3f196ace97a5eb5646271d43596032a692389abc579,2c5cc1af74fc5f3955e44361b82b791710e4b63bbc69b0c15570617e2d86e543,NONE,B0-poisson-multinomial-rare-tail-v1,10000
2023_07_ATL_TB,2023,7,2023-10-22,TB,ATL,13.0,16.0,-3.0,29.0,25.4611,24.5784,0.8827,50.0395,0.5229999999999999,168.69475626562655,160.28628206820682,304.4971904290429,353.4648862386239,10.987707118838465,11.05301355206874,0.25871812239412995,0.14300231712982675,0.2280089996553182,0.18078286304444785,10.0,16.0,24.0,34.0,43.0,10.0,16.0,23.0,32.0,41.0,-21.0,-11.0,1.0,12.0,23.100000000000364,27.0,37.0,49.0,62.0,75.0,6.88566201,4.6314492,4.35582421,12.217507589999999,9.14193946691246,1705108725,B0-POSSESSION-DRIVE-SCORE-PROCESS-V1,2023,2022,2022-REG-END,0.0,0.05,phase3-feature-provenance-v1,5f148219527b07d85261d3f196ace97a5eb5646271d43596032a692389abc579,2c5cc1af74fc5f3955e44361b82b791710e4b63bbc69b0c15570617e2d86e543,NONE,B0-poisson-multinomial-rare-tail-v1,10000
2023_07_BUF_NE,2023,7,2023-10-22,NE,BUF,29.0,25.0,4.0,54.0,22.5031,24.4819,-1.9788,46.985,0.44694999999999996,145.74856524652463,164.40231262126213,286.475598119812,333.8261576157616,11.268497463889227,11.312141534853751,0.20139500328208437,0.166075181910314,0.24732609154917468,0.12097639178610399,7.0,13.0,21.0,30.0,38.0,9.0,15.0,23.0,33.0,42.0,-23.0,-13.0,-2.0,9.0,20.0,24.0,34.0,46.0,58.0,71.0,4.70159893,3.107990429999999,4.725800540000002,5.740543200000001,6.003260059848776,2488824966,B0-POSSESSION-DRIVE-SCORE-PROCESS-V1,2023,2022,2022-REG-END,0.0,0.05,phase3-feature-provenance-v1,5f148219527b07d85261d3f196ace97a5eb5646271d43596032a692389abc579,2c5cc1af74fc5f3955e44361b82b791710e4b63bbc69b0c15570617e2d86e543,NONE,B0-poisson-multinomial-rare-tail-v1,10000
2023_07_CLE_IND,2023,7,2023-10-22,IND,CLE,38.0,39.0,-1.0,77.0,24.5422,22.2262,2.316,46.7684,0.5559000000000001,159.53357251725174,146.5980933693369,286.0741514151415,326.18918035803586,11.6350551151602,11.64168368683916,0.22949191599846275,0.14160202341833852,0.20635623859296132,0.12971841031605494,10.0,16.0,23.0,33.0,41.0,7.0,13.0,21.0,30.0,38.0,-19.0,-9.0,3.0,13.0,24.0,24.0,34.0,45.0,58.0,71.0,8.7624688,11.449628959999998,4.1134644399999996,21.19211826,15.080557141982254,212309542,B0-POSSESSION-DRIVE-SCORE-PROCESS-V1,2023,2022,2022-REG-END,0.0,0.05,phase3-feature-provenance-v1,5f148219527b07d85261d3f196ace97a5eb5646271d43596032a692389abc579,2c5cc1af74fc5f3955e44361b82b791710e4b63bbc69b0c15570617e2d86e543,NONE,B0-poisson-multinomial-rare-tail-v1,10000
2023_07_DET_BAL,2023,7,2023-10-22,BAL,DET,38.0,6.0,32.0,44.0,28.1027,23.0111,5.0916,51.1138,0.6127,185.89954266426642,155.35751254125412,310.1306225022502,372.38348790879087,11.038775058190346,11.026799755025836,0.2716123856721008,0.18707364949462119,0.23222317760303535,0.13284098973777309,12.0,18.0,27.0,37.0,47.0,7.0,14.0,21.0,31.0,40.0,-17.0,-7.0,5.0,17.0,28.0,27.0,37.0,50.0,63.0,77.0,6.5307590499999995,10.42945473,18.04239792,5.119412499999999,13.143177868179539,435727563,B0-POSSESSION-DRIVE-SCORE-PROCESS-V1,2023,2022,2022-REG-END,0.0,0.05,phase3-feature-provenance-v1,5f148219527b07d85261d3f196ace97a5eb5646271d43596032a692389abc579,2c5cc1af74fc5f3955e44361b82b791710e4b63bbc69b0c15570617e2d86e543,NONE,B0-poisson-multinomial-rare-tail-v1,10000
2023_07_GB_DEN,2023,7,2023-10-22,DEN,GB,19.0,17.0,2.0,36.0,20.4671,23.31,-2.8429,43.7771,0.4245,131.4296605560556,149.85288528852885,261.5497745674567,301.0153171217122,10.994690862461844,11.171090240300584,0.19071671283643998,0.1466422294387512,0.22305552357157227,0.15395152596137704,7.0,13.0,20.0,27.0,36.0,9.0,14.0,22.0,31.0,40.0,-23.0,-14.0,-3.0,8.0,18.0,23.0,31.0,43.0,54.0,67.0,2.67453887,3.6960551400000003,4.34234311,4.99530101,5.106067764064457,1216396072,B0-POSSESSION-DRIVE-SCORE-PROCESS-V1,2023,2022,2022-REG-END,0.0,0.05,phase3-feature-provenance-v1,5f148219527b07d85261d3f196ace97a5eb5646271d43596032a692389abc579,2c5cc1af74fc5f3955e44361b82b791710e4b63bbc69b0c15570617e2d86e543,NONE,B0-poisson-multinomial-rare-tail-v1,10000
2023_07_JAX_NO,2023,7,2023-10-19,NO,JAX,24.0,31.0,-7.0,55.0,24.8695,19.59,5.2795,44.4595,0.62945,162.7053402840284,125.96249624962496,272.25860561056106,305.0770674567457,11.260761459804554,11.420945223348394,0.23538039980628586,0.16451640769841955,0.17480840201520817,0.13349700463802286,10.0,16.0,24.0,33.0,42.0,6.0,11.0,18.0,27.0,35.0,-16.0,-6.0,5.0,16.0,26.0,23.0,32.0,43.0,55.0,68.0,2.92966765,7.46996798,7.307179289999999,7.176327930000001,8.123187859908208,724954020,B0-POSSESSION-DRIVE-SCORE-PROCESS-V1,2023,2022,2022-REG-END,0.0,0.05,phase3-feature-provenance-v1,5f148219527b07d85261d3f196ace97a5eb5646271d43596032a692389abc579,2c5cc1af74fc5f3955e44361b82b791710e4b63bbc69b0c15570617e2d86e543,NONE,B0-poisson-multinomial-rare-tail-v1,10000
2023_07_LAC_KC,2023,7,2023-10-22,KC,LAC,31.0,17.0,14.0,48.0,31.4455,23.3246,8.1209,54.7701,0.6705,212.35846559655965,157.5715919991999,339.68045123512354,400.1796639563956,10.931170060101383,10.821511428498445,0.32008314109458735,0.1808316602816459,0.24825156385432687,0.11243848859411408,13.0,21.0,30.0,41.0,51.0,7.0,14.0,22.0,31.0,40.0,-15.0,-4.0,8.0,20.0,31.100000000000364,30.0,41.0,53.0,68.0,81.0,3.4150395699999994,3.7433471800000007,5.0077795300000005,5.23764939,5.660477700632299,1881841307,B0-POSSESSION-DRIVE-SCORE-PROCESS-V1,2023,2022,2022-REG-END,0.0,0.05,phase3-feature-provenance-v1,5f148219527b07d85261d3f196ace97a5eb5646271d43596032a692389abc579,2c5cc1af74fc5f3955e44361b82b791710e4b63bbc69b0c15570617e2d86e543,NONE,B0-poisson-multinomial-rare-tail-v1,10000
2023_07_LV_CHI,2023,7,2023-10-22,CHI,LV,30.0,12.0,18.0,42.0,24.8716,25.0757,-0.2041,49.9473,0.49235,165.9765110911091,157.0076702770277,297.76701989198915,348.20134284428445,10.852324624682376,10.820662108593833,0.2558532972307405,0.13879507677074845,0.22660986692791713,0.20850272469419912,10.0,16.0,24.0,33.0,42.0,10.0,16.0,24.0,33.0,42.0,-22.0,-12.0,0.0,11.0,22.0,27.0,37.0,49.0,62.0,75.0,4.20840766,7.345511070000001,11.123170390000002,5.30521525,8.99667470406626,2833816462,B0-POSSESSION-DRIVE-SCORE-PROCESS-V1,2023,2022,2022-REG-END,0.0,0.05,phase3-feature-provenance-v1,5f148219527b07d85261d3f196ace97a5eb5646271d43596032a692389abc579,2c5cc1af74fc5f3955e44361b82b791710e4b63bbc69b0c15570617e2d86e543,NONE,B0-poisson-multinomial-rare-tail-v1,10000
2023_07_MIA_PHI,2023,7,2023-10-22,PHI,MIA,31.0,17.0,14.0,48.0,27.8009,23.9041,3.8968,51.705,0.5831999999999999,189.9208512751275,161.2604292329233,320.1141611761176,382.248399839984,11.11614414369486,11.00210733288105,0.2946492740940379,0.12429133748427873,0.25019235183340566,0.1142299085741674,10.0,17.0,27.0,37.0,46.0,7.0,14.0,23.0,31.0,41.0,-19.0,-8.0,4.0,16.0,27.0,27.0,38.0,50.0,64.0,78.0,3.77447289,3.9673738700000003,6.447904460000002,4.65582356,6.157820205808495,3677282978,B0-POSSESSION-DRIVE-SCORE-PROCESS-V1,2023,2022,2022-REG-END,0.0,0.05,phase3-feature-provenance-v1,5f148219527b07d85261d3f196ace97a5eb5646271d43596032a692389abc579,2c5cc1af74fc5f3955e44361b82b791710e4b63bbc69b0c15570617e2d86e543,NONE,B0-poisson-multinomial-rare-tail-v1,10000
2023_07_PIT_LA,2023,7,2023-10-22,LA,PIT,17.0,24.0,-7.0,41.0,23.5869,20.671,2.9159,44.2579,0.5704,160.26127451745177,133.24108310831085,273.23555074507453,313.7691645064507,10.860117389714594,11.00067183659576,0.23955757800324667,0.1384139103569016,0.19855471863502835,0.1387157843609265,7.0,14.0,23.0,31.0,41.0,7.0,13.0,20.0,27.0,37.0,-18.0,-8.0,3.0,14.0,24.0,23.0,31.0,43.0,55.0,68.0,3.81592971,3.3436768200000007,6.0829013299999986,4.215226749999999,5.635768878245955,1068771134,B0-POSSESSION-DRIVE-SCORE-PROCESS-V1,2023,2022,2022-REG-END,0.0,0.05,phase3-feature-provenance-v1,5f148219527b07d85261d3f196ace97a5eb5646271d43596032a692389abc579,2c5cc1af74fc5f3955e44361b82b791710e4b63bbc69b0c15570617e2d86e543,NONE,B0-poisson-multinomial-rare-tail-v1,10000
2023_07_SF_MIN,2023,7,2023-10-23,MIN,SF,22.0,17.0,5.0,39.0,23.0045,26.4037,-3.3992,49.4082,0.42245,150.66194594459446,170.50177648764878,298.4034797079708,343.92396515651564,11.202959117182193,11.262774983744485,0.22175019914764843,0.14103789035359934,0.24276035116964478,0.18286831890894537,7.0,14.0,21.5,31.0,39.0,10.0,17.0,25.0,34.0,44.0,-25.0,-14.0,-3.0,8.0,18.0,27.0,36.0,48.0,61.0,74.0,2.8769104300000006,5.093817189999999,5.5540346199999995,6.108252599999998,6.374567364854769,2811790600,B0-POSSESSION-DRIVE-SCORE-PROCESS-V1,2023,2022,2022-REG-END,0.0,0.05,phase3-feature-provenance-v1,5f148219527b07d85261d3f196ace97a5eb5646271d43596032a692389abc579,2c5cc1af74fc5f3955e44361b82b791710e4b63bbc69b0c15570617e2d86e543,NONE,B0-poisson-multinomial-rare-tail-v1,10000
2023_07_WAS_NYG,2023,7,2023-10-22,NYG,WAS,14.0,7.0,7.0,21.0,19.5691,21.2309,-1.6618,40.8,0.45745,126.28845403540355,135.35852104210423,246.2090416641664,277.0849084908491,11.108348742668712,11.159993038521842,0.18351186743571596,0.1350303446656983,0.1869613979557931,0.17096188473827367,6.0,11.0,18.0,27.0,34.0,7.0,13.0,20.0,28.0,37.0,-22.0,-12.0,-2.0,9.0,18.0,20.0,29.0,40.0,51.0,63.0,3.2612226699999995,8.33845773,5.515159299999999,11.72333838,9.362556729374775,3907613826,B0-POSSESSION-DRIVE-SCORE-PROCESS-V1,2023,2022,2022-REG-END,0.0,0.05,phase3-feature-provenance-v1,5f148219527b07d85261d3f196ace97a5eb5646271d43596032a692389abc579,2c5cc1af74fc5f3955e44361b82b791710e4b63bbc69b0c15570617e2d86e543,NONE,B0-poisson-multinomial-rare-tail-v1,10000
2023_08_ATL_TEN,2023,8,2023-10-29,TEN,ATL,28.0,23.0,5.0,51.0,25.3794,24.3839,0.9955,49.7633,0.52315,176.0256582058206,159.16643743374337,311.12039178917894,359.26379948994906,10.820400154665696,10.764276635778506,0.27520808939666164,0.11927761683232271,0.2281111405987522,0.19449185695160986,10.0,16.0,24.0,34.0,43.0,9.0,16.0,23.0,32.0,41.0,-21.0,-11.0,1.0,13.0,23.0,27.0,37.0,48.0,62.0,75.0,3.5085583799999993,2.9019611899999997,4.43114615,4.5808338100000014,5.02247482510122,1395138661,B0-POSSESSION-DRIVE-SCORE-PROCESS-V1,2023,2022,2022-REG-END,0.0,0.05,phase3-feature-provenance-v1,5f148219527b07d85261d3f196ace97a5eb5646271d43596032a692389abc579,2c5cc1af74fc5f3955e44361b82b791710e4b63bbc69b0c15570617e2d86e543,NONE,B0-poisson-multinomial-rare-tail-v1,10000
2023_08_BAL_ARI,2023,8,2023-10-29,ARI,BAL,24.0,31.0,-7.0,55.0,20.7244,26.9334,-6.209,47.6578,0.36125,141.528997539754,178.98446288628864,296.1611351135114,344.8657857385739,11.062026098391224,11.059260647860125,0.20478207589904862,0.11632063800517316,0.2600473532681731,0.17714008326068376,7.0,13.0,20.0,28.0,37.0,10.0,17.0,26.0,35.0,45.0,-28.0,-17.0,-6.0,5.0,15.0,25.0,34.0,46.0,60.0,72.0,3.435374020000001,3.9156347400000007,3.944345759999999,5.933896539999999,5.665203842422269,216340756,B0-POSSESSION-DRIVE-SCORE-PROCESS-V1,2023,2022,2022-REG-END,0.0,0.05,phase3-feature-provenance-v1,5f148219527b07d85261d3f196ace97a5eb5646271d43596032a692389abc579,2c5cc1af74fc5f3955e44361b82b791710e4b63bbc69b0c15570617e2d86e543,NONE,B0-poisson-multinomial-rare-tail-v1,10000
2023_08_CHI_LAC,2023,8,2023-10-29,LAC,CHI,30.0,13.0,17.0,43.0,26.971,22.7403,4.2307,49.7113,0.59785,185.95555455545554,150.42789869986996,311.4708245924593,361.2960819181919,11.018801621418946,10.988623621376483,0.27840530482470116,0.14378434152196307,0.22923133160484147,0.12733595741903267,10.0,17.0,26.0,35.0,45.0,7.0,14.0,21.0,30.0,39.0,-18.0,-7.0,4.0,16.0,27.0,26.0,36.0,48.0,61.0,75.0,3.7219354200000003,5.274611189999999,7.725120910000001,5.01962221,7.0482571091369834,1768483464,B0-POSSESSION-DRIVE-SCORE-PROCESS-V1,2023,2022,2022-REG-END,0.0,0.05,phase3-feature-provenance-v1,5f148219527b07d85261d3f196ace97a5eb5646271d43596032a692389abc579,2c5cc1af74fc5f3955e44361b82b791710e4b63bbc69b0c15570617e2d86e543,NONE,B0-poisson-multinomial-rare-tail-v1,10000
2023_08_CIN_SF,2023,8,2023-10-29,SF,CIN,17.0,31.0,-14.0,48.0,28.3295,20.5997,7.7298,48.9292,0.6756000000000001,186.54358410841084,132.33669357935793,294.77326928692867,342.9872860886088,11.221077222250253,11.12717480245876,0.27503008444481725,0.17334145783767516,0.19478848175360994,0.13614012619190086,12.0,19.0,27.0,37.0,47.0,7.0,13.0,20.0,27.0,36.0,-14.0,-4.0,7.0,19.0,30.0,26.0,36.0,47.0,61.0,74.0,6.14514023,6.79810111,13.698535419999999,4.296992400000001,10.105061747986749,2794525887,B0-POSSESSION-DRIVE-SCORE-PROCESS-V1,2023,2022,2022-REG-END,0.0,0.05,phase3-feature-provenance-v1,5f148219527b07d85261d3f196ace97a5eb5646271d43596032a692389abc579,2c5cc1af74fc5f3955e44361b82b791710e4b63bbc69b0c15570617e2d86e543,NONE,B0-poisson-multinomial-rare-tail-v1,10000
2023_08_CLE_SEA,2023,8,2023-10-29,SEA,CLE,24.0,20.0,4.0,44.0,27.3751,19.2252,8.1499,46.6003,0.6879000000000001,188.03340333033302,124.23150811081109,294.705300520052,329.8245223622362,11.59045564003983,11.47886294903845,0.26968099779953497,0.13294129911394983,0.17942284427003485,0.11205977799257275,10.0,17.0,26.0,36.0,45.0,6.0,10.0,17.0,27.0,34.0,-13.0,-3.0,8.0,19.0,30.0,24.0,34.0,45.0,58.0,71.0,3.2692330700000003,2.7162377200000005,4.201956130000001,4.2262144500000005,4.739310094066775,231278934,B0-POSSESSION-DRIVE-SCORE-PROCESS-V1,2023,2022,2022-REG-END,0.0,0.05,phase3-feature-provenance-v1,5f148219527b07d85261d3f196ace97a5eb5646271d43596032a692389abc579,2c5cc1af74fc5f3955e44361b82b791710e4b63bbc69b0c15570617e2d86e543,NONE,B0-poisson-multinomial-rare-tail-v1,10000
2023_08_HOU_CAR,2023,8,2023-10-29,CAR,HOU,15.0,13.0,2.0,28.0,24.377,21.4393,2.9377,45.8163,0.5703,161.31360236023602,137.48026353635365,282.6532840384038,314.9344477547755,11.336862269864477,11.452730035329822,0.228861834516441,0.15249659246585862,0.19311369871568,0.1485237124662955,9.0,15.0,23.0,32.0,41.0,7.0,13.0,20.0,29.0,37.0,-18.0,-8.0,3.0,14.0,24.0,24.0,33.0,44.0,57.0,70.0,5.0924164,4.500285389999999,3.87907435,10.07610785,7.6839242603077995,1850594705,B0-POSSESSION-DRIVE-SCORE-PROCESS-V1,2023,2022,2022-REG-END,0.0,0.05,phase3-feature-provenance-v1,5f148219527b07d85261d3f196ace97a5eb5646271d43596032a692389abc579,2c5cc1af74fc5f3955e44361b82b791710e4b63bbc69b0c15570617e2d86e543,NONE,B0-poisson-multinomial-rare-tail-v1,10000
2023_08_JAX_PIT,2023,8,2023-10-29,PIT,JAX,10.0,20.0,-10.0,30.0,22.0034,19.8497,2.1537,41.8531,0.55495,142.5102394639464,127.31504141414143,255.6190382138214,284.03152354235425,11.334938502710541,11.248001935688555,0.20363799400830462,0.14893279430565448,0.18185488283355195,0.1358637389247426,7.0,13.0,21.0,30.0,38.0,6.900000000000091,12.0,19.0,27.0,35.0,-18.0,-8.0,2.0,13.0,23.0,21.0,30.0,40.0,53.0,64.0,6.61246124,2.6608911299999995,7.25454601,6.575567370000002,7.5113349521179895,2858655556,B0-POSSESSION-DRIVE-SCORE-PROCESS-V1,2023,2022,2022-REG-END,0.0,0.05,phase3-feature-provenance-v1,5f148219527b07d85261d3f196ace97a5eb5646271d43596032a692389abc579,2c5cc1af74fc5f3955e44361b82b791710e4b63bbc69b0c15570617e2d86e543,NONE,B0-poisson-multinomial-rare-tail-v1,10000
2023_08_KC_DEN,2023,8,2023-10-29,DEN,KC,24.0,9.0,15.0,33.0,18.9612,27.0278,-8.0666,45.989,0.32095,126.75436999699973,178.2084480048005,287.5281172517252,322.39751875187517,10.88188669205989,10.965139151061363,0.18775761801401433,0.11292703410052765,0.26250721383812514,0.1885535454288398,6.0,10.0,17.0,26.0,34.0,10.0,17.0,26.0,35.0,45.0,-30.0,-19.0,-8.0,3.0,13.0,24.0,33.0,44.0,57.0,70.0,3.9692146800000003,11.044397659999998,14.8364116,7.1322195399999995,11.987559696260412,2753178148,B0-POSSESSION-DRIVE-SCORE-PROCESS-V1,2023,2022,2022-REG-END,0.0,0.05,phase3-feature-provenance-v1,5f148219527b07d85261d3f196ace97a5eb5646271d43596032a692389abc579,2c5cc1af74fc5f3955e44361b82b791710e4b63bbc69b0c15570617e2d86e543,NONE,B0-poisson-multinomial-rare-tail-v1,10000
2023_08_LA_DAL,2023,8,2023-10-29,DAL,LA,43.0,20.0,23.0,63.0,28.5637,23.649,4.9147,52.2127,0.6018,192.72321463146315,154.23442244224424,318.91191510151015,375.00335904590463,11.105907389206417,11.085491779892687,0.2923968297588341,0.14828624051019373,0.22765510713714482,0.14622672386480098,12.0,19.0,27.0,37.0,47.0,9.0,14.0,23.0,31.0,40.0,-17.0,-7.0,4.0,17.0,28.0,28.0,39.0,51.0,64.0,78.0,9.378127789999999,3.103344400000001,11.033740709999998,7.380377889999998,9.952299328062152,3684167905,B0-POSSESSION-DRIVE-SCORE-PROCESS-V1,2023,2022,2022-REG-END,0.0,0.05,phase3-feature-provenance-v1,5f148219527b07d85261d3f196ace97a5eb5646271d43596032a692389abc579,2c5cc1af74fc5f3955e44361b82b791710e4b63bbc69b0c15570617e2d86e543,NONE,B0-poisson-multinomial-rare-tail-v1,10000
2023_08_LV_DET,2023,8,2023-10-30,DET,LV,26.0,14.0,12.0,40.0,28.6963,26.5518,2.1445,55.2481,0.54825,192.26329263926394,174.23073983398342,336.85210496049604,396.1359599859986,10.788970799988766,10.62109652532046,0.29591868025009216,0.16428627898544437,0.2617975174258998,0.19436279594838568,12.0,19.0,27.0,37.0,47.0,10.0,17.0,26.0,34.0,44.0,-21.0,-10.0,2.0,14.0,26.0,31.0,41.0,54.0,68.0,82.0,3.29724807,6.921184020000001,6.345526670000002,8.33937225,8.101684749727914,1593881812,B0-POSSESSION-DRIVE-SCORE-PROCESS-V1,2023,2022,2022-REG-END,0.0,0.05,phase3-feature-provenance-v1,5f148219527b07d85261d3f196ace97a5eb5646271d43596032a692389abc579,2c5cc1af74fc5f3955e44361b82b791710e4b63bbc69b0c15570617e2d86e543,NONE,B0-poisson-multinomial-rare-tail-v1,10000
2023_08_MIN_GB,2023,8,2023-10-29,GB,MIN,10.0,24.0,-14.0,34.0,24.9301,23.0455,1.8846,47.9756,0.551,157.59037302730275,152.1054402940294,288.59574241424144,330.79588422842284,11.008946038238607,10.922750307223884,0.23890386936874777,0.17096423985928147,0.22241062425841443,0.15529232929793865,10.0,16.0,24.0,33.0,41.0,7.0,14.0,22.0,31.0,40.0,-20.0,-9.0,2.0,13.0,24.0,26.0,35.0,47.0,60.0,72.0,8.75603723,2.99114461,9.585496520000001,7.652354559999999,9.467999917567012,3095067881,B0-POSSESSION-DRIVE-SCORE-PROCESS-V1,2023,2022,2022-REG-END,0.0,0.05,phase3-feature-provenance-v1,5f148219527b07d85261d3f196ace97a5eb5646271d43596032a692389abc579,2c5cc1af74fc5f3955e44361b82b791710e4b63bbc69b0c15570617e2d86e543,NONE,B0-poisson-multinomial-rare-tail-v1,10000
2023_08_NE_MIA,2023,8,2023-10-29,MIA,NE,31.0,17.0,14.0,48.0,23.744,23.5648,0.1792,47.3088,0.50325,164.14527852785278,151.42814377437745,295.78426578657866,335.3625788178818,11.349961771537314,11.296611864758345,0.2416111034359759,0.10520601563556002,0.21669586511451275,0.16305519836901958,7.0,14.0,23.0,31.0,41.0,9.0,14.0,23.0,31.0,40.0,-21.0,-11.0,0.0,11.0,22.0,24.0,34.0,46.0,59.0,71.0,5.04771946,3.8325811000000005,8.28959874,4.35198018,7.017843144966077,186419102,B0-POSSESSION-DRIVE-SCORE-PROCESS-V1,2023,2022,2022-REG-END,0.0,0.05,phase3-feature-provenance-v1,5f148219527b07d85261d3f196ace97a5eb5646271d43596032a692389abc579,2c5cc1af74fc5f3955e44361b82b791710e4b63bbc69b0c15570617e2d86e543,NONE,B0-poisson-multinomial-rare-tail-v1,10000
2023_08_NO_IND,2023,8,2023-10-29,IND,NO,27.0,38.0,-11.0,65.0,22.087,25.5216,-3.4346,47.6086,0.42219999999999996,140.8309140914091,166.50498393839385,290.0385266926693,324.6332693669367,11.740109551531063,11.856818866432214,0.19263805321641622,0.14763560890550168,0.22369415041572935,0.17264718454398328,7.0,13.0,21.0,30.0,38.0,10.0,16.0,24.0,34.0,43.0,-25.0,-14.0,-3.0,8.0,18.0,26.0,35.0,46.0,59.0,71.0,3.944974479999999,8.109774739999999,5.3324508,11.116572159999999,9.340856753987635,2080716881,B0-POSSESSION-DRIVE-SCORE-PROCESS-V1,2023,2022,2022-REG-END,0.0,0.05,phase3-feature-provenance-v1,5f148219527b07d85261d3f196ace97a5eb5646271d43596032a692389abc579,2c5cc1af74fc5f3955e44361b82b791710e4b63bbc69b0c15570617e2d86e543,NONE,B0-poisson-multinomial-rare-tail-v1,10000
2023_08_NYJ_NYG,2023,8,2023-10-29,NYG,NYJ,10.0,13.0,-3.0,23.0,20.2648,19.4696,0.7952,39.7344,0.51685,128.3887198319832,119.82745858585861,233.51600856085608,262.9163482748275,11.15662127710722,11.269521525617808,0.18733855455783402,0.14151940073103383,0.16593707986789855,0.16232818597522275,7.0,13.0,19.0,27.0,36.0,6.0,11.0,19.0,26.0,34.0,-18.0,-9.0,0.0,11.0,20.0,20.0,28.0,38.0,50.0,61.0,5.52283764,3.5804589599999996,3.8245840200000014,9.443619439999999,7.293814885669503,1111051033,B0-POSSESSION-DRIVE-SCORE-PROCESS-V1,2023,2022,2022-REG-END,0.0,0.05,phase3-feature-provenance-v1,5f148219527b07d85261d3f196ace97a5eb5646271d43596032a692389abc579,2c5cc1af74fc5f3955e44361b82b791710e4b63bbc69b0c15570617e2d86e543,NONE,B0-poisson-multinomial-rare-tail-v1,10000
2023_08_PHI_WAS,2023,8,2023-10-29,WAS,PHI,31.0,38.0,-7.0,69.0,20.0303,25.4658,-5.4355,45.4961,0.372,130.3698188918892,174.06783714371434,284.13525327532756,324.7400587958795,11.129631733570426,11.183386872388493,0.189160854884795,0.13083148857947574,0.25884731507212305,0.13068967213265492,7.0,12.0,19.0,27.0,35.0,10.0,16.0,24.0,34.0,43.0,-27.0,-17.0,-5.0,6.0,16.0,23.0,33.0,44.0,57.0,69.0,7.20054021,8.10622502,3.9407515699999998,15.623681289999999,11.461932383772066,2840189769,B0-POSSESSION-DRIVE-SCORE-PROCESS-V1,2023,2022,2022-REG-END,0.0,0.05,phase3-feature-provenance-v1,5f148219527b07d85261d3f196ace97a5eb5646271d43596032a692389abc579,2c5cc1af74fc5f3955e44361b82b791710e4b63bbc69b0c15570617e2d86e543,NONE,B0-poisson-multinomial-rare-tail-v1,10000
2023_08_TB_BUF,2023,8,2023-10-26,BUF,TB,24.0,18.0,6.0,42.0,29.1877,22.0016,7.1861,51.1893,0.65885,197.4346121712171,145.70176761676169,317.1259793879388,369.1467801880188,11.103309507084676,10.978858188457743,0.3082481254486308,0.13453426712622535,0.21845922009685897,0.1312434041559219,13.0,20.0,28.0,38.0,48.0,7.0,13.0,21.0,30.0,38.0,-15.0,-4.0,7.0,18.0,30.0,27.0,37.0,50.0,64.0,76.0,3.73017793,3.1002665599999997,4.06928557,5.791159050000001,5.376271172674015,828226716,B0-POSSESSION-DRIVE-SCORE-PROCESS-V1,2023,2022,2022-REG-END,0.0,0.05,phase3-feature-provenance-v1,5f148219527b07d85261d3f196ace97a5eb5646271d43596032a692389abc579,2c5cc1af74fc5f3955e44361b82b791710e4b63bbc69b0c15570617e2d86e543,NONE,B0-poisson-multinomial-rare-tail-v1,10000
2023_09_ARI_CLE,2023,9,2023-11-05,CLE,ARI,27.0,0.0,27.0,27.0,23.7956,22.6672,1.1284,46.4628,0.522,161.13273391339135,149.559800140014,292.85759919992,328.52746890689065,11.44131492245763,11.53911983921696,0.23822057263216642,0.11510498051470061,0.21930803927645975,0.11950716382097679,7.0,14.0,23.0,31.0,41.0,7.0,14.0,21.0,30.0,38.100000000000364,-21.0,-10.0,1.0,13.0,23.0,24.0,34.0,45.0,58.0,71.0,3.56414588,15.817251440000001,17.23641816,11.21827228,15.568315541366527,3382243500,B0-POSSESSION-DRIVE-SCORE-PROCESS-V1,2023,2022,2022-REG-END,0.0,0.05,phase3-feature-provenance-v1,5f148219527b07d85261d3f196ace97a5eb5646271d43596032a692389abc579,2c5cc1af74fc5f3955e44361b82b791710e4b63bbc69b0c15570617e2d86e543,NONE,B0-poisson-multinomial-rare-tail-v1,10000
2023_09_BUF_CIN,2023,9,2023-11-05,CIN,BUF,24.0,18.0,6.0,42.0,22.7531,28.3548,-5.6017,51.1079,0.37445,149.35467585758573,188.87460442044207,313.66162327232723,362.79693728372837,11.030638966082329,11.133727935490327,0.22271665727442624,0.14041252975745241,0.28216792839720745,0.1719941396765393,7.0,14.0,21.0,30.0,39.0,12.0,19.0,27.0,37.0,47.0,-28.0,-17.0,-6.0,6.0,17.0,28.0,37.0,50.0,63.0,76.0,3.0121762899999993,5.629865520000001,7.00440783,5.599445230000001,6.82755231208643,2580906169,B0-POSSESSION-DRIVE-SCORE-PROCESS-V1,2023,2022,2022-REG-END,0.0,0.05,phase3-feature-provenance-v1,5f148219527b07d85261d3f196ace97a5eb5646271d43596032a692389abc579,2c5cc1af74fc5f3955e44361b82b791710e4b63bbc69b0c15570617e2d86e543,NONE,B0-poisson-multinomial-rare-tail-v1,10000
2023_09_CHI_NO,2023,9,2023-11-05,NO,CHI,24.0,17.0,7.0,41.0,25.6238,18.1986,7.4252,43.8224,0.6833999999999999,164.14768832883288,119.73053109310929,266.5442593859386,301.21217945794575,11.197830978956567,11.264041083847465,0.2434833169581275,0.16487061359035698,0.17273581613535574,0.11313210751414944,10.0,17.0,24.0,34.0,43.0,6.0,10.0,17.0,24.0,33.0,-13.0,-3.0,7.0,18.0,28.0,23.0,31.0,43.0,55.0,67.0,2.95991332,2.5078238400000004,3.6655276400000005,4.101299040000001,4.300359358357321,186472961,B0-POSSESSION-DRIVE-SCORE-PROCESS-V1,2023,2022,2022-REG-END,0.0,0.05,phase3-feature-provenance-v1,5f148219527b07d85261d3f196ace97a5eb5646271d43596032a692389abc579,2c5cc1af74fc5f3955e44361b82b791710e4b63bbc69b0c15570617e2d86e543,NONE,B0-poisson-multinomial-rare-tail-v1,10000
2023_09_DAL_PHI,2023,9,2023-11-05,PHI,DAL,28.0,23.0,5.0,51.0,26.1328,25.6719,0.4609,51.8047,0.50915,176.5220163616362,175.5916095509551,326.331504340434,377.8957474847484,11.262921076443055,11.052542223240213,0.2623593263396736,0.13323933753854938,0.25730052745723603,0.1450152279343984,10.0,17.0,24.0,34.0,44.0,10.0,16.0,24.0,34.0,44.0,-22.0,-11.0,0.0,13.0,23.0,27.0,38.0,50.0,64.0,77.0,3.379865099999999,3.1336594700000004,4.631733930000001,4.536879969999999,5.095308416957469,1052641330,B0-POSSESSION-DRIVE-SCORE-PROCESS-V1,2023,2022,2022-REG-END,0.0,0.05,phase3-feature-provenance-v1,5f148219527b07d85261d3f196ace97a5eb5646271d43596032a692389abc579,2c5cc1af74fc5f3955e44361b82b791710e4b63bbc69b0c15570617e2d86e543,NONE,B0-poisson-multinomial-rare-tail-v1,10000
2023_09_IND_CAR,2023,9,2023-11-05,CAR,IND,13.0,27.0,-14.0,40.0,25.3782,23.7452,1.633,49.1234,0.53335,164.75784054405437,156.43572053205324,301.22143314331436,341.1656890089009,11.711230659079245,11.574013662935192,0.2306776892777305,0.15895330917100847,0.2095881109020361,0.1633151410434873,10.0,16.0,24.0,34.0,42.0,9.0,14.0,23.0,31.0,41.0,-20.0,-10.0,1.0,13.0,24.0,27.0,36.0,47.0,61.0,74.0,6.80008418,3.538495159999999,9.26639832,5.559955500000001,8.199404253727067,2667813719,B0-POSSESSION-DRIVE-SCORE-PROCESS-V1,2023,2022,2022-REG-END,0.0,0.05,phase3-feature-provenance-v1,5f148219527b07d85261d3f196ace97a5eb5646271d43596032a692389abc579,2c5cc1af74fc5f3955e44361b82b791710e4b63bbc69b0c15570617e2d86e543,NONE,B0-poisson-multinomial-rare-tail-v1,10000
2023_09_LAC_NYJ,2023,9,2023-11-06,NYJ,LAC,6.0,27.0,-21.0,33.0,20.7881,25.5141,-4.726,46.3022,0.3908,130.07460585058507,168.6312643164316,283.12023602360233,314.29150431043104,11.405953033774932,11.332161948044531,0.19244166985470823,0.13877220067249474,0.25068607071233134,0.13576439252255462,7.0,13.0,20.0,27.0,36.0,10.0,16.0,24.0,34.0,43.0,-26.0,-16.0,-5.0,7.0,17.0,24.0,34.0,45.0,57.0,70.0,8.90244765,3.217180110000001,9.846676680000002,7.36071688,9.601191441796193,1781292883,B0-POSSESSION-DRIVE-SCORE-PROCESS-V1,2023,2022,2022-REG-END,0.0,0.05,phase3-feature-provenance-v1,5f148219527b07d85261d3f196ace97a5eb5646271d43596032a692389abc579,2c5cc1af74fc5f3955e44361b82b791710e4b63bbc69b0c15570617e2d86e543,NONE,B0-poisson-multinomial-rare-tail-v1,10000
2023_09_LA_GB,2023,9,2023-11-05,GB,LA,20.0,3.0,17.0,23.0,25.4347,24.6275,0.8072,50.0622,0.51785,171.58809471947194,160.92143589358935,310.8095091109111,354.2095521152115,10.835201698120132,10.664877240309796,0.26744958419873,0.1318393227366519,0.2526622764586608,0.15081686449504364,10.0,16.0,24.0,34.0,42.0,10.0,16.0,23.0,33.0,41.0,-21.0,-11.0,1.0,12.0,23.0,27.0,37.0,49.0,62.0,75.0,3.5777363699999993,14.60183881,9.714735639999999,17.225156159999997,14.595662401069765,936262938,B0-POSSESSION-DRIVE-SCORE-PROCESS-V1,2023,2022,2022-REG-END,0.0,0.05,phase3-feature-provenance-v1,5f148219527b07d85261d3f196ace97a5eb5646271d43596032a692389abc579,2c5cc1af74fc5f3955e44361b82b791710e4b63bbc69b0c15570617e2d86e543,NONE,B0-poisson-multinomial-rare-tail-v1,10000
2023_09_MIA_KC,2023,9,2023-11-05,KC,MIA,21.0,14.0,7.0,35.0,30.3544,23.4041,6.9503,53.7585,0.6460999999999999,206.43444408440843,158.46024921492148,330.4562755375537,399.3331110611061,11.01447000317523,10.915616026871266,0.313812808483208,0.16244723440365133,0.2502958626368795,0.1022033592133288,13.0,20.0,29.0,39.0,49.0,7.0,14.0,22.0,31.0,41.0,-16.0,-5.0,7.0,19.0,30.0,29.0,40.0,52.0,66.0,80.0,5.13349032,5.05113027,4.170316609999999,10.53192393,8.257734015235421,3168113012,B0-POSSESSION-DRIVE-SCORE-PROCESS-V1,2023,2022,2022-REG-END,0.0,0.05,phase3-feature-provenance-v1,5f148219527b07d85261d3f196ace97a5eb5646271d43596032a692389abc579,2c5cc1af74fc5f3955e44361b82b791710e4b63bbc69b0c15570617e2d86e543,NONE,B0-poisson-multinomial-rare-tail-v1,10000
2023_09_MIN_ATL,2023,9,2023-11-05,ATL,MIN,28.0,31.0,-3.0,59.0,25.603,24.7219,0.8811,50.3249,0.52285,157.74656565656568,166.81084147414742,298.8334461346135,350.28136812681265,11.01456425031067,10.99487064739785,0.21927812455333875,0.23244920148851247,0.24367365680753916,0.15126826326579085,10.0,16.0,24.0,33.0,43.0,10.0,16.0,24.0,33.0,42.0,-21.0,-10.0,1.0,12.0,23.0,27.0,37.0,49.0,62.0,75.0,3.32242984,4.667731990000001,4.33576163,6.472549949999999,6.144134292233584,1147328168,B0-POSSESSION-DRIVE-SCORE-PROCESS-V1,2023,2022,2022-REG-END,0.0,0.05,phase3-feature-provenance-v1,5f148219527b07d85261d3f196ace97a5eb5646271d43596032a692389abc579,2c5cc1af74fc5f3955e44361b82b791710e4b63bbc69b0c15570617e2d86e543,NONE,B0-poisson-multinomial-rare-tail-v1,10000
2023_09_NYG_LV,2023,9,2023-11-05,LV,NYG,30.0,6.0,24.0,36.0,25.1423,20.9722,4.1701,46.1145,0.60275,155.5854092509251,130.98952611261126,263.46411240124013,309.6857583258326,11.074116280956476,11.06155879409186,0.2071695353123705,0.2450768473768286,0.19376702829525608,0.15636242925387137,10.0,16.0,24.0,33.0,42.0,7.0,13.0,20.0,28.0,36.0,-16.0,-7.0,4.0,15.0,25.0,24.0,33.75,45.0,57.0,70.0,4.05662737,9.0424943,12.562824829999998,5.862430770000001,10.289226371562261,2565337552,B0-POSSESSION-DRIVE-SCORE-PROCESS-V1,2023,2022,2022-REG-END,0.0,0.05,phase3-feature-provenance-v1,5f148219527b07d85261d3f196ace97a5eb5646271d43596032a692389abc579,2c5cc1af74fc5f3955e44361b82b791710e4b63bbc69b0c15570617e2d86e543,NONE,B0-poisson-multinomial-rare-tail-v1,10000
2023_09_SEA_BAL,2023,9,2023-11-05,BAL,SEA,37.0,3.0,34.0,40.0,25.2291,22.3399,2.8892,47.569,0.5687,161.2813413241324,149.62433042304232,288.6029836583658,333.2083598359836,11.302519549991423,11.222058543809073,0.23336037739184678,0.17983717700607996,0.2204338643167245,0.13198201094893858,10.0,16.0,24.0,33.0,42.0,7.0,13.0,21.0,30.0,38.0,-19.0,-8.0,3.0,14.0,24.0,25.0,35.0,46.0,59.0,72.0,7.577955629999999,12.62794805,22.07153356,5.09448542,15.446106628874235,3955761538,B0-POSSESSION-DRIVE-SCORE-PROCESS-V1,2023,2022,2022-REG-END,0.0,0.05,phase3-feature-provenance-v1,5f148219527b07d85261d3f196ace97a5eb5646271d43596032a692389abc579,2c5cc1af74fc5f3955e44361b82b791710e4b63bbc69b0c15570617e2d86e543,NONE,B0-poisson-multinomial-rare-tail-v1,10000
2023_09_TB_HOU,2023,9,2023-11-05,HOU,TB,39.0,37.0,2.0,76.0,21.8114,23.7957,-1.9843,45.6071,0.45425,138.94112415241526,154.0665681668167,276.58911242124213,309.42627221722177,11.265963095913246,11.227109627742545,0.20904389961165448,0.12970785865274845,0.23254969499807462,0.14079371834338456,7.0,13.0,20.0,29.0,38.0,9.0,14.0,23.0,31.0,41.0,-23.0,-13.0,-2.0,10.0,19.0,24.0,33.0,44.0,57.0,69.0,11.805111619999998,8.69389331,4.22787183,21.51209247,15.228501640220134,3313153488,B0-POSSESSION-DRIVE-SCORE-PROCESS-V1,2023,2022,2022-REG-END,0.0,0.05,phase3-feature-provenance-v1,5f148219527b07d85261d3f196ace97a5eb5646271d43596032a692389abc579,2c5cc1af74fc5f3955e44361b82b791710e4b63bbc69b0c15570617e2d86e543,NONE,B0-poisson-multinomial-rare-tail-v1,10000
2023_09_TEN_PIT,2023,9,2023-11-02,PIT,TEN,20.0,16.0,4.0,36.0,22.4357,20.9769,1.4588,43.4126,0.5361,147.86925243524354,143.57652404240426,275.2992324832484,307.5923204720472,11.204818841857497,11.032964116586342,0.20713511465333767,0.1537946489985228,0.21229148353518673,0.11058708564947822,7.0,13.0,21.0,30.0,39.0,7.0,13.0,20.0,28.0,37.0,-20.0,-10.0,1.0,12.0,22.0,22.0,31.0,42.0,54.0,67.0,2.8376063900000004,3.2242726499999996,3.928867200000001,4.922683620000001,4.868945660161492,1381145042,B0-POSSESSION-DRIVE-SCORE-PROCESS-V1,2023,2022,2022-REG-END,0.0,0.05,phase3-feature-provenance-v1,5f148219527b07d85261d3f196ace97a5eb5646271d43596032a692389abc579,2c5cc1af74fc5f3955e44361b82b791710e4b63bbc69b0c15570617e2d86e543,NONE,B0-poisson-multinomial-rare-tail-v1,10000
2023_09_WAS_NE,2023,9,2023-11-05,NE,WAS,17.0,20.0,-3.0,37.0,23.8411,18.0452,5.7959,41.8863,0.64415,152.12926371637164,114.421799139914,251.16856004600461,281.9335656665667,11.494701841903902,11.50576404522894,0.21290142276098095,0.16789270693031033,0.1635907989744611,0.11597099344059661,9.0,15.0,23.0,31.0,40.0,6.0,10.0,17.0,24.0,32.0,-14.0,-4.0,6.0,16.0,26.0,21.0,30.0,40.0,53.0,64.0,3.91823105,2.836382939999999,5.537898310000001,4.2193064100000015,5.376461062855206,211246241,B0-POSSESSION-DRIVE-SCORE-PROCESS-V1,2023,2022,2022-REG-END,0.0,0.05,phase3-feature-provenance-v1,5f148219527b07d85261d3f196ace97a5eb5646271d43596032a692389abc579,2c5cc1af74fc5f3955e44361b82b791710e4b63bbc69b0c15570617e2d86e543,NONE,B0-poisson-multinomial-rare-tail-v1,10000
2023_10_ATL_ARI,2023,10,2023-11-12,ARI,ATL,25.0,23.0,2.0,48.0,23.4207,26.1219,-2.7012,49.5426,0.43775,158.74538604860487,168.5150918991899,299.4330618661867,355.08789402940295,11.219590923271076,11.195824268061193,0.22871526025652442,0.13691473922635986,0.24649964547814862,0.17959577853425104,7.0,14.0,22.0,31.0,40.0,10.0,17.0,25.0,34.0,44.0,-24.0,-14.0,-3.0,9.0,19.0,27.0,36.0,48.0,61.0,74.0,3.198034270000001,3.0967112300000013,4.47311234,4.33144972,4.893123743390268,2943176731,B0-POSSESSION-DRIVE-SCORE-PROCESS-V1,2023,2022,2022-REG-END,0.0,0.05,phase3-feature-provenance-v1,5f148219527b07d85261d3f196ace97a5eb5646271d43596032a692389abc579,2c5cc1af74fc5f3955e44361b82b791710e4b63bbc69b0c15570617e2d86e543,NONE,B0-poisson-multinomial-rare-tail-v1,10000
2023_10_CAR_CHI,2023,10,2023-11-09,CHI,CAR,16.0,13.0,3.0,29.0,21.7774,21.2317,0.5457,43.0091,0.51805,142.55590483048303,133.86520163016303,257.9465061606161,294.8957067606761,11.131714305342296,11.092119101731397,0.2110070403848567,0.13217684706872923,0.19740902095850832,0.15622809410526317,7.0,13.0,20.0,30.0,38.0,7.0,13.0,20.0,28.0,37.0,-20.0,-10.0,1.0,11.0,21.0,22.0,30.0,41.0,54.0,66.0,3.5047989,4.39672039,3.8288847499999985,7.6376263699999996,6.328234993238684,4096217547,B0-POSSESSION-DRIVE-SCORE-PROCESS-V1,2023,2022,2022-REG-END,0.0,0.05,phase3-feature-provenance-v1,5f148219527b07d85261d3f196ace97a5eb5646271d43596032a692389abc579,2c5cc1af74fc5f3955e44361b82b791710e4b63bbc69b0c15570617e2d86e543,NONE,B0-poisson-multinomial-rare-tail-v1,10000
2023_10_CLE_BAL,2023,10,2023-11-12,BAL,CLE,31.0,33.0,-2.0,64.0,28.2481,18.7763,9.4718,47.0244,0.70795,188.38138452845286,121.61481979197919,292.8178865486549,327.17452209220926,11.718218451057028,11.582068580417912,0.26149756400020735,0.16845380898823797,0.17549887105898465,0.10200836628785723,12.0,19.0,27.0,37.0,47.0,6.0,10.0,17.0,26.0,34.0,-12.0,-2.0,9.0,21.0,32.0,25.0,34.0,46.0,58.0,71.0,3.65140231,9.62573771,6.79835134,10.881528819999998,10.158139571865537,3064506151,B0-POSSESSION-DRIVE-SCORE-PROCESS-V1,2023,2022,2022-REG-END,0.0,0.05,phase3-feature-provenance-v1,5f148219527b07d85261d3f196ace97a5eb5646271d43596032a692389abc579,2c5cc1af74fc5f3955e44361b82b791710e4b63bbc69b0c15570617e2d86e543,NONE,B0-poisson-multinomial-rare-tail-v1,10000
2023_10_DEN_BUF,2023,10,2023-11-13,BUF,DEN,22.0,24.0,-2.0,46.0,26.9208,18.6839,8.2369,45.6047,0.6897,180.29235659565956,117.69114990499048,274.67024541454145,321.2967675867587,10.998344957970474,10.900028705681985,0.2711915562464486,0.15973776405143303,0.17535367472901237,0.13270433064060408,10.0,17.0,26.0,35.0,45.0,6.0,10.0,17.0,25.0,33.0,-13.0,-3.0,8.0,19.0,29.0,23.0,33.0,44.0,57.0,69.0,3.5577992,3.9379824900000004,6.161936689999999,4.25251351,5.85643242748626,3051774362,B0-POSSESSION-DRIVE-SCORE-PROCESS-V1,2023,2022,2022-REG-END,0.0,0.05,phase3-feature-provenance-v1,5f148219527b07d85261d3f196ace97a5eb5646271d43596032a692389abc579,2c5cc1af74fc5f3955e44361b82b791710e4b63bbc69b0c15570617e2d86e543,NONE,B0-poisson-multinomial-rare-tail-v1,10000
2023_10_DET_LAC,2023,10,2023-11-12,LAC,DET,38.0,41.0,-3.0,79.0,29.9646,25.8272,4.1374,55.7918,0.58425,210.01554839483944,169.25406556655665,353.03302454245426,405.506203380338,11.012798587413148,11.10289334837037,0.3195248467294561,0.13253833322974332,0.2566622419938544,0.15479634005542156,13.0,20.0,28.0,38.0,49.0,10.0,17.0,24.0,34.0,43.0,-20.0,-8.0,4.0,17.0,28.0,31.0,41.0,54.0,69.0,82.0,5.626769619999999,10.02092394,5.348446020000001,14.961362359999999,11.7644400302827,3882533825,B0-POSSESSION-DRIVE-SCORE-PROCESS-V1,2023,2022,2022-REG-END,0.0,0.05,phase3-feature-provenance-v1,5f148219527b07d85261d3f196ace97a5eb5646271d43596032a692389abc579,2c5cc1af74fc5f3955e44361b82b791710e4b63bbc69b0c15570617e2d86e543,NONE,B0-poisson-multinomial-rare-tail-v1,10000
2023_10_GB_PIT,2023,10,2023-11-12,PIT,GB,23.0,19.0,4.0,42.0,21.6864,21.682,0.0044,43.3684,0.50435,139.5300080408041,144.40171617161715,264.3668173217322,303.4966311031103,10.959884779266282,10.861628109468946,0.20753178675572556,0.1528460735957154,0.21751250173194273,0.13522512176475981,7.0,13.0,20.0,29.0,38.0,7.0,13.0,20.0,29.0,38.0,-21.0,-11.0,0.0,11.0,21.0,22.0,31.0,42.0,54.0,66.10000000000036,2.9694950799999997,2.8872087200000003,4.105808680000001,4.05971888,4.555515068877948,1564974547,B0-POSSESSION-DRIVE-SCORE-PROCESS-V1,2023,2022,2022-REG-END,0.0,0.05,phase3-feature-provenance-v1,5f148219527b07d85261d3f196ace97a5eb5646271d43596032a692389abc579,2c5cc1af74fc5f3955e44361b82b791710e4b63bbc69b0c15570617e2d86e543,NONE,B0-poisson-multinomial-rare-tail-v1,10000
2023_10_HOU_CIN,2023,10,2023-11-12,CIN,HOU,27.0,30.0,-3.0,57.0,24.6473,22.0232,2.6241,46.6705,0.5649000000000001,161.10941365136514,140.7987416341634,279.44734392439244,324.36896664666466,11.230648961057408,11.240664839417457,0.23966036546957145,0.15013896381837355,0.19780411531435427,0.15980252199086958,10.0,16.0,24.0,33.0,41.0,7.0,13.0,20.0,30.0,38.0,-18.0,-8.0,3.0,14.0,24.0,24.0,34.0,45.0,58.0,71.0,3.3395482099999994,5.356734599999999,4.536214930000002,7.03388837,6.6859024954159505,20049036,B0-POSSESSION-DRIVE-SCORE-PROCESS-V1,2023,2022,2022-REG-END,0.0,0.05,phase3-feature-provenance-v1,5f148219527b07d85261d3f196ace97a5eb5646271d43596032a692389abc579,2c5cc1af74fc5f3955e44361b82b791710e4b63bbc69b0c15570617e2d86e543,NONE,B0-poisson-multinomial-rare-tail-v1,10000
2023_10_IND_NE,2023,10,2023-11-12,NE,IND,6.0,10.0,-4.0,16.0,25.519,20.4155,5.1035,45.9345,0.6235999999999999,164.35167416741672,130.24968471847185,274.3874264926493,314.8152912791279,11.831920366795066,11.65221514869722,0.21777115025866203,0.18506346506966642,0.18320499502607054,0.1273023396285257,10.0,16.0,24.0,33.0,43.0,7.0,13.0,20.0,27.0,36.0,-16.0,-6.0,5.0,16.0,26.0,24.0,33.0,44.0,57.0,69.0,12.58603254,5.597782469999999,5.73475101,20.21763217,14.418648615828163,2036889573,B0-POSSESSION-DRIVE-SCORE-PROCESS-V1,2023,2022,2022-REG-END,0.0,0.05,phase3-feature-provenance-v1,5f148219527b07d85261d3f196ace97a5eb5646271d43596032a692389abc579,2c5cc1af74fc5f3955e44361b82b791710e4b63bbc69b0c15570617e2d86e543,NONE,B0-poisson-multinomial-rare-tail-v1,10000
2023_10_NO_MIN,2023,10,2023-11-12,MIN,NO,27.0,19.0,8.0,46.0,22.3695,23.6267,-1.2572,45.9962,0.46575,148.334603210321,146.96824393439346,273.11375953595365,317.4919347534754,11.405593625155088,11.329929956403458,0.20823032759111326,0.13799983808312224,0.20263712613863782,0.19025631862158285,7.0,13.0,21.0,30.0,39.0,9.0,15.0,23.0,31.0,40.0,-22.0,-12.0,-1.0,10.0,20.0,24.0,33.0,44.0,57.0,70.0,3.91243005,3.191151670000001,5.88905686,4.1178235,5.582794190269077,2210311586,B0-POSSESSION-DRIVE-SCORE-PROCESS-V1,2023,2022,2022-REG-END,0.0,0.05,phase3-feature-provenance-v1,5f148219527b07d85261d3f196ace97a5eb5646271d43596032a692389abc579,2c5cc1af74fc5f3955e44361b82b791710e4b63bbc69b0c15570617e2d86e543,NONE,B0-poisson-multinomial-rare-tail-v1,10000
2023_10_NYG_DAL,2023,10,2023-11-12,DAL,NYG,49.0,17.0,32.0,66.0,29.712,17.8913,11.8207,47.6033,0.7608,195.19557555755577,108.68315262526254,286.57320883088306,321.18424753475347,11.47985747865984,11.429320134004335,0.28256469080835944,0.18530923948195216,0.15279856724881208,0.1408693871947484,13.0,20.0,28.0,38.0,48.0,6.0,10.0,17.0,24.0,32.0,-9.0,0.0,11.0,23.0,34.0,26.0,35.0,46.0,59.0,71.0,13.1268222,2.3985278900000004,12.88863355,11.776987570000001,12.903380690425461,3586939190,B0-POSSESSION-DRIVE-SCORE-PROCESS-V1,2023,2022,2022-REG-END,0.0,0.05,phase3-feature-provenance-v1,5f148219527b07d85261d3f196ace97a5eb5646271d43596032a692389abc579,2c5cc1af74fc5f3955e44361b82b791710e4b63bbc69b0c15570617e2d86e543,NONE,B0-poisson-multinomial-rare-tail-v1,10000
2023_10_NYJ_LV,2023,10,2023-11-12,LV,NYJ,16.0,12.0,4.0,28.0,24.4537,20.4519,4.0018,44.9056,0.5943999999999999,158.2648827982798,129.51283767376736,266.84828158815884,308.70715935593563,11.297426481718208,11.32611559556728,0.20959878980122013,0.2053976761751599,0.1795416408586956,0.15266350261102712,9.0,16.0,23.0,32.0,41.0,7.0,13.0,20.0,27.0,36.0,-17.0,-7.0,4.0,15.0,25.0,23.0,33.0,43.0,56.0,69.0,4.607163310000001,4.5237194899999995,3.75326746,9.512918059999999,7.260724527600864,1214859832,B0-POSSESSION-DRIVE-SCORE-PROCESS-V1,2023,2022,2022-REG-END,0.0,0.05,phase3-feature-provenance-v1,5f148219527b07d85261d3f196ace97a5eb5646271d43596032a692389abc579,2c5cc1af74fc5f3955e44361b82b791710e4b63bbc69b0c15570617e2d86e543,NONE,B0-poisson-multinomial-rare-tail-v1,10000
2023_10_SF_JAX,2023,10,2023-11-12,JAX,SF,3.0,34.0,-31.0,37.0,22.6515,25.9834,-3.3319,48.6349,0.42595,151.74902265226524,174.08553299329932,302.62780517051704,349.04130612061203,11.164616543072086,11.28453910824892,0.22139701204409526,0.13321295651319623,0.25452396880317524,0.1562662839258811,7.0,14.0,21.0,30.0,39.0,10.0,17.0,24.0,34.0,44.0,-25.0,-15.0,-3.0,8.0,18.100000000000364,26.0,36.0,47.0,60.0,74.0,12.90399379,5.502786479999999,18.80841291,6.509937950000001,14.312363728858465,173284553,B0-POSSESSION-DRIVE-SCORE-PROCESS-V1,2023,2022,2022-REG-END,0.0,0.05,phase3-feature-provenance-v1,5f148219527b07d85261d3f196ace97a5eb5646271d43596032a692389abc579,2c5cc1af74fc5f3955e44361b82b791710e4b63bbc69b0c15570617e2d86e543,NONE,B0-poisson-multinomial-rare-tail-v1,10000
2023_10_TEN_TB,2023,10,2023-11-12,TB,TEN,20.0,6.0,14.0,26.0,24.8094,24.0254,0.784,48.8348,0.5184000000000001,165.17158879887992,161.60391523152316,299.2542694269427,354.2967386338634,11.063694609087507,11.116225987362919,0.25264231513459684,0.13773940920456032,0.25158042366871686,0.10570492157240732,10.0,16.0,24.0,33.0,42.0,9.0,14.0,23.0,31.0,41.0,-21.0,-10.0,1.0,12.0,23.0,26.0,36.0,47.0,61.0,74.0,3.3575133399999997,11.265834960000001,7.900912439999999,13.601870899999998,11.716377168820701,1912376249,B0-POSSESSION-DRIVE-SCORE-PROCESS-V1,2023,2022,2022-REG-END,0.0,0.05,phase3-feature-provenance-v1,5f148219527b07d85261d3f196ace97a5eb5646271d43596032a692389abc579,2c5cc1af74fc5f3955e44361b82b791710e4b63bbc69b0c15570617e2d86e543,NONE,B0-poisson-multinomial-rare-tail-v1,10000
2023_10_WAS_SEA,2023,10,2023-11-12,SEA,WAS,29.0,26.0,3.0,55.0,25.4568,19.9414,5.5154,45.3982,0.6263,172.69780354035404,128.11217725772576,279.84594743474355,321.7740141614161,11.51889009054206,11.441261509714879,0.24466114236185268,0.13761720846285597,0.181668909511259,0.13380730466631716,10.0,16.0,24.0,34.0,43.0,7.0,12.0,19.0,27.0,35.0,-15.0,-6.0,5.0,17.0,27.0,24.0,33.0,44.0,57.0,69.0,3.75971044,4.4115737,3.9246718200000004,6.796865119999998,6.181100948346398,3176090638,B0-POSSESSION-DRIVE-SCORE-PROCESS-V1,2023,2022,2022-REG-END,0.0,0.05,phase3-feature-provenance-v1,5f148219527b07d85261d3f196ace97a5eb5646271d43596032a692389abc579,2c5cc1af74fc5f3955e44361b82b791710e4b63bbc69b0c15570617e2d86e543,NONE,B0-poisson-multinomial-rare-tail-v1,10000
2023_11_ARI_HOU,2023,11,2023-11-19,HOU,ARI,21.0,16.0,5.0,37.0,23.6258,22.0131,1.6127,45.6389,0.5394500000000001,156.13318767876788,145.83811220122013,280.9175904690469,323.0250092909291,11.34675534382708,11.362225093146124,0.23300186399674772,0.1276597351139973,0.20701932081749208,0.13634714551460952,8.0,14.0,23.0,31.0,41.0,7.0,13.0,21.0,30.0,38.0,-20.0,-10.0,2.0,13.0,23.0,24.0,33.0,44.0,57.0,70.0,2.9908490000000008,3.5352153299999998,4.128421830000001,5.33554713,5.108241575273599,2959688849,B0-POSSESSION-DRIVE-SCORE-PROCESS-V1,2023,2022,2022-REG-END,0.0,0.05,phase3-feature-provenance-v1,5f148219527b07d85261d3f196ace97a5eb5646271d43596032a692389abc579,2c5cc1af74fc5f3955e44361b82b791710e4b63bbc69b0c15570617e2d86e543,NONE,B0-poisson-multinomial-rare-tail-v1,10000
2023_11_CHI_DET,2023,11,2023-11-19,DET,CHI,31.0,26.0,5.0,57.0,26.2804,22.5813,3.6991,48.8617,0.58485,172.78965480548055,150.0041907290729,297.0664658365837,348.52122523252325,10.921268083400788,10.858531571832316,0.2658782899711069,0.15325565147833553,0.23207633857360824,0.12690259834260167,10.0,17.0,25.0,34.0,43.100000000000364,7.0,14.0,21.0,30.0,39.0,-18.0,-7.0,3.0,15.0,25.0,26.0,36.0,47.0,61.0,74.0,4.08154946,3.5560356300000002,3.9859692300000003,6.179238250000001,5.848006762623552,4198797025,B0-POSSESSION-DRIVE-SCORE-PROCESS-V1,2023,2022,2022-REG-END,0.0,0.05,phase3-feature-provenance-v1,5f148219527b07d85261d3f196ace97a5eb5646271d43596032a692389abc579,2c5cc1af74fc5f3955e44361b82b791710e4b63bbc69b0c15570617e2d86e543,NONE,B0-poisson-multinomial-rare-tail-v1,10000
2023_11_CIN_BAL,2023,11,2023-11-16,BAL,CIN,34.0,20.0,14.0,54.0,28.736,20.6222,8.1138,49.3582,0.6822,185.56626062606261,137.86645380538053,298.14086364636466,348.7245652165217,11.311838734406061,11.236654529277908,0.25630950601147495,0.21754376572140718,0.194048977039317,0.12885908685541653,13.0,19.0,27.0,37.0,47.0,7.0,13.0,20.0,28.0,36.0,-14.0,-3.0,8.0,19.0,30.0,27.0,36.0,48.0,61.0,74.0,4.345330140000001,2.7079986399999996,4.784748459999999,5.184324680000001,5.60916915268878,1763861280,B0-POSSESSION-DRIVE-SCORE-PROCESS-V1,2023,2022,2022-REG-END,0.0,0.05,phase3-feature-provenance-v1,5f148219527b07d85261d3f196ace97a5eb5646271d43596032a692389abc579,2c5cc1af74fc5f3955e44361b82b791710e4b63bbc69b0c15570617e2d86e543,NONE,B0-poisson-multinomial-rare-tail-v1,10000
2023_11_DAL_CAR,2023,11,2023-11-19,CAR,DAL,10.0,33.0,-23.0,43.0,21.632,28.3353,-6.7033,49.9673,0.351,140.26660266026602,192.4643203420342,303.33720283028305,362.12464317431744,11.348538186518251,11.330407752500463,0.19784567525199112,0.1454652540938111,0.2774606489070428,0.15717633910575385,7.0,13.0,20.0,29.0,37.0,12.0,18.0,27.0,37.0,47.0,-29.0,-18.0,-7.0,5.0,15.0,27.0,37.0,48.0,62.0,75.0,6.33492852,4.21260989,9.933123530000001,5.04280389,8.318447784001153,613699928,B0-POSSESSION-DRIVE-SCORE-PROCESS-V1,2023,2022,2022-REG-END,0.0,0.05,phase3-feature-provenance-v1,5f148219527b07d85261d3f196ace97a5eb5646271d43596032a692389abc579,2c5cc1af74fc5f3955e44361b82b791710e4b63bbc69b0c15570617e2d86e543,NONE,B0-poisson-multinomial-rare-tail-v1,10000
2023_11_LAC_GB,2023,11,2023-11-19,GB,LAC,23.0,20.0,3.0,43.0,27.3368,25.0481,2.2887,52.3849,0.5465000000000001,184.90705646564658,170.71585797579758,330.74882719271926,380.497001690169,11.030469806800495,10.839081968461585,0.28191834034676,0.1408534267328624,0.2617622836304884,0.13740352177128926,10.0,17.0,26.0,36.0,45.0,10.0,16.0,24.0,33.0,42.0,-21.0,-10.0,2.0,14.0,25.0,29.0,38.0,51.0,65.0,78.0,3.4067457,3.4816034699999996,4.21189079,5.82812841,5.516198096222235,4056492314,B0-POSSESSION-DRIVE-SCORE-PROCESS-V1,2023,2022,2022-REG-END,0.0,0.05,phase3-feature-provenance-v1,5f148219527b07d85261d3f196ace97a5eb5646271d43596032a692389abc579,2c5cc1af74fc5f3955e44361b82b791710e4b63bbc69b0c15570617e2d86e543,NONE,B0-poisson-multinomial-rare-tail-v1,10000
2023_11_LV_MIA,2023,11,2023-11-19,MIA,LV,20.0,13.0,7.0,33.0,28.9371,23.6767,5.2604,52.6138,0.6183000000000001,197.47909149914992,152.9106681768177,320.43303514351436,380.34648420842086,11.070162150595673,10.962546835199955,0.30013899191700044,0.1450453963793951,0.21638802993347878,0.19111363450594837,12.0,19.0,28.0,38.0,48.0,9.0,14.0,23.0,31.0,40.0,-17.0,-7.0,5.0,17.0,28.0,29.0,39.0,51.0,65.0,78.0,4.98425987,5.763270689999999,4.18587432,11.180821919999998,8.458113430217463,2102601988,B0-POSSESSION-DRIVE-SCORE-PROCESS-V1,2023,2022,2022-REG-END,0.0,0.05,phase3-feature-provenance-v1,5f148219527b07d85261d3f196ace97a5eb5646271d43596032a692389abc579,2c5cc1af74fc5f3955e44361b82b791710e4b63bbc69b0c15570617e2d86e543,NONE,B0-poisson-multinomial-rare-tail-v1,10000
2023_11_MIN_DEN,2023,11,2023-11-19,DEN,MIN,21.0,20.0,1.0,41.0,19.8877,22.3666,-2.4789,42.2543,0.43839999999999996,123.93888259825982,147.30873531353134,255.0536601560156,287.4415756675668,11.214349165684519,11.216498982477795,0.1681131325616365,0.16634932541438888,0.2039241564885131,0.1620514913377422,7.0,12.0,19.0,27.0,35.0,7.0,13.0,21.0,30.0,38.0,-23.0,-13.0,-3.0,8.0,17.0,22.0,30.0,41.0,53.0,65.0,2.78194085,2.83262766,3.9429646500000004,3.9742900700000003,4.516532071299883,965775372,B0-POSSESSION-DRIVE-SCORE-PROCESS-V1,2023,2022,2022-REG-END,0.0,0.05,phase3-feature-provenance-v1,5f148219527b07d85261d3f196ace97a5eb5646271d43596032a692389abc579,2c5cc1af74fc5f3955e44361b82b791710e4b63bbc69b0c15570617e2d86e543,NONE,B0-poisson-multinomial-rare-tail-v1,10000
2023_11_NYG_WAS,2023,11,2023-11-19,WAS,NYG,19.0,31.0,-12.0,50.0,24.0107,18.4613,5.5494,42.472,0.63515,154.68985449544954,117.26982929292927,259.26928656865687,284.6500810081008,11.615261454775451,11.598856529817127,0.21096550270001876,0.17335874605049215,0.16186399722873085,0.13131615117024956,9.0,15.0,23.0,32.0,41.0,6.0,10.0,17.0,25.0,33.0,-14.0,-5.0,5.0,16.0,26.0,22.0,30.0,41.0,53.0,65.0,3.3921518100000005,8.313299390000001,10.721779020000001,5.707355120000001,9.167558683228831,3217627673,B0-POSSESSION-DRIVE-SCORE-PROCESS-V1,2023,2022,2022-REG-END,0.0,0.05,phase3-feature-provenance-v1,5f148219527b07d85261d3f196ace97a5eb5646271d43596032a692389abc579,2c5cc1af74fc5f3955e44361b82b791710e4b63bbc69b0c15570617e2d86e543,NONE,B0-poisson-multinomial-rare-tail-v1,10000
2023_11_NYJ_BUF,2023,11,2023-11-19,BUF,NYJ,32.0,6.0,26.0,38.0,28.3182,17.516,10.8022,45.8342,0.7441,189.44709346934695,110.13535753575357,280.9529704570457,318.2119315531553,11.344464983804976,11.252900959858719,0.279875035098381,0.15096142787009337,0.15698344073713866,0.12399306401112697,12.0,19.0,27.0,37.0,47.0,6.0,10.0,17.0,24.0,31.0,-10.0,0.0,10.0,21.0,32.0,24.0,33.0,44.0,57.0,70.0,3.8617385000000004,6.467555719999999,9.330114499999999,5.090712799999999,8.091889828639903,2875564792,B0-POSSESSION-DRIVE-SCORE-PROCESS-V1,2023,2022,2022-REG-END,0.0,0.05,phase3-feature-provenance-v1,5f148219527b07d85261d3f196ace97a5eb5646271d43596032a692389abc579,2c5cc1af74fc5f3955e44361b82b791710e4b63bbc69b0c15570617e2d86e543,NONE,B0-poisson-multinomial-rare-tail-v1,10000
2023_11_PHI_KC,2023,11,2023-11-20,KC,PHI,17.0,21.0,-4.0,38.0,27.9005,24.196,3.7045,52.0965,0.5773,193.42554230423042,162.03698769876985,329.6387436243624,381.2863163816382,10.777761787506515,10.78020503243928,0.2841546837874296,0.16821425434973927,0.2610773851133055,0.1073606151960764,10.0,17.0,27.0,37.0,47.0,9.0,14.0,23.0,32.0,41.0,-19.0,-8.0,3.0,16.0,26.0,28.0,38.0,51.0,64.0,78.0,5.87709989,3.1161321400000004,5.428777570000001,7.84363559,7.3239417052592,2494747050,B0-POSSESSION-DRIVE-SCORE-PROCESS-V1,2023,2022,2022-REG-END,0.0,0.05,phase3-feature-provenance-v1,5f148219527b07d85261d3f196ace97a5eb5646271d43596032a692389abc579,2c5cc1af74fc5f3955e44361b82b791710e4b63bbc69b0c15570617e2d86e543,NONE,B0-poisson-multinomial-rare-tail-v1,10000
2023_11_PIT_CLE,2023,11,2023-11-19,CLE,PIT,13.0,10.0,3.0,23.0,20.8732,21.8111,-0.9379,42.6843,0.47735,137.81790355035506,140.61907869786978,261.60000359035905,295.2739609060906,11.34451946137692,11.538082029980929,0.20402276524662027,0.11221644266829134,0.20270664207656644,0.13483599363984075,7.0,13.0,20.0,28.0,37.0,7.0,13.0,20.0,29.0,37.0,-21.0,-11.0,-1.0,10.0,19.0,21.0,30.0,41.0,54.0,65.0,4.23985446,6.5151949899999995,4.051833370000001,11.48924693,8.54713742041981,4088614470,B0-POSSESSION-DRIVE-SCORE-PROCESS-V1,2023,2022,2022-REG-END,0.0,0.05,phase3-feature-provenance-v1,5f148219527b07d85261d3f196ace97a5eb5646271d43596032a692389abc579,2c5cc1af74fc5f3955e44361b82b791710e4b63bbc69b0c15570617e2d86e543,NONE,B0-poisson-multinomial-rare-tail-v1,10000
2023_11_SEA_LA,2023,11,2023-11-19,LA,SEA,17.0,16.0,1.0,33.0,24.126,24.5455,-0.4195,48.6715,0.49285,155.90911491149117,167.69429917991798,298.20274002400237,349.00408815881593,11.06182946707881,11.123220089526745,0.23668246535126305,0.1448210679242743,0.2453994643464796,0.13390156643617676,9.0,15.0,23.0,31.0,41.0,9.0,15.0,24.0,32.0,42.0,-22.0,-12.0,0.0,11.0,21.0,26.0,36.0,47.0,60.0,73.0,4.027749979999999,4.69666515,3.968757929999999,8.72023075,6.932847261397857,838750971,B0-POSSESSION-DRIVE-SCORE-PROCESS-V1,2023,2022,2022-REG-END,0.0,0.05,phase3-feature-provenance-v1,5f148219527b07d85261d3f196ace97a5eb5646271d43596032a692389abc579,2c5cc1af74fc5f3955e44361b82b791710e4b63bbc69b0c15570617e2d86e543,NONE,B0-poisson-multinomial-rare-tail-v1,10000
2023_11_TB_SF,2023,11,2023-11-19,SF,TB,27.0,14.0,13.0,41.0,28.6914,22.2538,6.4376,50.9452,0.64095,196.38260430043005,146.7450600660066,317.76348258825885,368.49184614461444,11.22243013456826,10.989195495081969,0.30066899058669555,0.13904794300810353,0.22595475007538723,0.1186865674273836,12.0,19.0,27.0,37.0,47.0,7.0,14.0,21.0,30.0,38.0,-16.0,-5.0,6.0,18.0,29.0,27.0,37.0,49.0,63.0,77.0,3.2405997599999994,4.440441719999999,5.12509442,5.942403319999999,6.102606546157476,2013860272,B0-POSSESSION-DRIVE-SCORE-PROCESS-V1,2023,2022,2022-REG-END,0.0,0.05,phase3-feature-provenance-v1,5f148219527b07d85261d3f196ace97a5eb5646271d43596032a692389abc579,2c5cc1af74fc5f3955e44361b82b791710e4b63bbc69b0c15570617e2d86e543,NONE,B0-poisson-multinomial-rare-tail-v1,10000
2023_11_TEN_JAX,2023,11,2023-11-19,JAX,TEN,34.0,14.0,20.0,48.0,23.1334,23.0682,0.0652,46.2016,0.50105,154.4570501450145,152.3029790579058,291.2124702070207,322.30758819881993,11.165512485736324,11.175605150040303,0.21904834658098277,0.14741802657474118,0.2359194156055351,0.11590987044403753,8.0,14.0,22.0,31.0,40.0,7.0,14.0,22.0,31.0,40.0,-21.0,-11.0,0.0,11.0,21.0,24.0,33.0,45.0,58.0,70.0,7.107652420000001,4.8309365,12.428257100000002,4.415762839999999,9.357452949083408,3135921008,B0-POSSESSION-DRIVE-SCORE-PROCESS-V1,2023,2022,2022-REG-END,0.0,0.05,phase3-feature-provenance-v1,5f148219527b07d85261d3f196ace97a5eb5646271d43596032a692389abc579,2c5cc1af74fc5f3955e44361b82b791710e4b63bbc69b0c15570617e2d86e543,NONE,B0-poisson-multinomial-rare-tail-v1,10000
2023_12_BAL_LAC,2023,12,2023-11-26,LAC,BAL,10.0,20.0,-10.0,30.0,24.6781,27.9023,-3.2242,52.5804,0.43745,163.62524291429142,187.8405387638764,322.632597619762,380.2989657365737,11.158294860338177,11.202003958252783,0.2551860669843373,0.11807358353655471,0.2628391475000408,0.19150918585447196,9.0,15.0,24.0,33.0,42.0,12.0,17.0,27.0,37.0,47.0,-26.0,-15.0,-3.0,9.0,19.0,29.0,38.0,51.0,65.0,79.0,8.480175130000001,4.4261078099999995,5.27033344,13.271183220000001,10.250223471775376,2890975770,B0-POSSESSION-DRIVE-SCORE-PROCESS-V1,2023,2022,2022-REG-END,0.0,0.05,phase3-feature-provenance-v1,5f148219527b07d85261d3f196ace97a5eb5646271d43596032a692389abc579,2c5cc1af74fc5f3955e44361b82b791710e4b63bbc69b0c15570617e2d86e543,NONE,B0-poisson-multinomial-rare-tail-v1,10000
2023_12_BUF_PHI,2023,12,2023-11-26,PHI,BUF,37.0,34.0,3.0,71.0,25.0611,25.2412,-0.1801,50.3023,0.49855,177.62672946294632,169.80620318031802,323.66403039303935,371.2018348934893,10.885426506941602,10.836245230779413,0.26690433044309575,0.1187855819389846,0.26190285357172205,0.136362527338674,9.0,16.0,24.0,34.0,43.0,10.0,16.0,24.0,34.0,43.0,-23.0,-12.0,0.0,12.0,23.0,27.0,37.0,49.0,63.0,75.0,7.77120485,5.8294517400000005,4.33556641,13.328606869999998,10.155822732643484,2039691678,B0-POSSESSION-DRIVE-SCORE-PROCESS-V1,2023,2022,2022-REG-END,0.0,0.05,phase3-feature-provenance-v1,5f148219527b07d85261d3f196ace97a5eb5646271d43596032a692389abc579,2c5cc1af74fc5f3955e44361b82b791710e4b63bbc69b0c15570617e2d86e543,NONE,B0-poisson-multinomial-rare-tail-v1,10000
2023_12_CAR_TEN,2023,12,2023-11-26,TEN,CAR,17.0,10.0,7.0,27.0,24.1092,21.1972,2.912,45.3064,0.5717,161.3180071607161,138.4493570957096,278.8759435943594,320.65878491849185,11.032549815789585,10.935207777214112,0.2510120078074841,0.11691718317100241,0.20268776379009626,0.1474959697178601,9.0,14.0,23.0,32.0,41.0,7.0,13.0,20.0,28.0,37.0,-18.0,-8.0,3.0,14.0,24.0,23.0,33.0,44.0,57.0,69.0,4.093581460000001,6.0788048,4.2138376,10.4070989,8.048693795636739,2731020355,B0-POSSESSION-DRIVE-SCORE-PROCESS-V1,2023,2022,2022-REG-END,0.0,0.05,phase3-feature-provenance-v1,5f148219527b07d85261d3f196ace97a5eb5646271d43596032a692389abc579,2c5cc1af74fc5f3955e44361b82b791710e4b63bbc69b0c15570617e2d86e543,NONE,B0-poisson-multinomial-rare-tail-v1,10000
2023_12_CHI_MIN,2023,12,2023-11-27,MIN,CHI,10.0,12.0,-2.0,22.0,23.9007,19.469,4.4317,43.3697,0.6081500000000001,153.8120207120712,126.35367436743675,258.3433694469447,301.98802071207126,11.073084249908883,11.119777762201416,0.23155380565395597,0.15751302726334615,0.17406147247643006,0.14922705657115157,9.0,14.0,23.0,31.0,41.0,6.0,10.0,18.0,27.0,34.0,-16.0,-6.0,4.0,15.0,24.0,22.0,31.0,42.0,54.0,66.0,7.90431359,4.0433232199999996,4.68856459,12.76440297,9.510415642890925,3205054210,B0-POSSESSION-DRIVE-SCORE-PROCESS-V1,2023,2022,2022-REG-END,0.0,0.05,phase3-feature-provenance-v1,5f148219527b07d85261d3f196ace97a5eb5646271d43596032a692389abc579,2c5cc1af74fc5f3955e44361b82b791710e4b63bbc69b0c15570617e2d86e543,NONE,B0-poisson-multinomial-rare-tail-v1,10000
2023_12_CLE_DEN,2023,12,2023-11-26,DEN,CLE,29.0,12.0,17.0,41.0,20.8122,19.3553,1.4569,40.1675,0.5382,135.96132729272927,125.73423533353335,246.47679006900688,276.91433518351835,11.600905697229225,11.428994635132195,0.192091521420071,0.1250092724095306,0.17807855250576937,0.12703672068229505,7.0,13.0,20.0,28.0,37.0,6.0,10.0,17.5,27.0,34.0,-18.0,-9.0,1.0,11.0,21.0,20.0,28.0,39.0,50.0,62.0,5.545892479999999,4.011566629999999,9.43008131,3.96183031,7.455063218292899,3539647989,B0-POSSESSION-DRIVE-SCORE-PROCESS-V1,2023,2022,2022-REG-END,0.0,0.05,phase3-feature-provenance-v1,5f148219527b07d85261d3f196ace97a5eb5646271d43596032a692389abc579,2c5cc1af74fc5f3955e44361b82b791710e4b63bbc69b0c15570617e2d86e543,NONE,B0-poisson-multinomial-rare-tail-v1,10000
2023_12_GB_DET,2023,12,2023-11-23,DET,GB,22.0,29.0,-7.0,51.0,26.5051,26.9955,-0.4904,53.5006,0.48905000000000004,175.45051904190422,183.33701345134511,330.7329811381138,386.84208384838485,10.827141879036363,10.837025274546024,0.274757629241822,0.15352810753214438,0.2891642345110763,0.13385837004480855,10.0,17.0,25.0,34.0,44.0,10.0,17.0,26.0,35.0,45.0,-24.0,-13.0,0.0,11.0,22.0,30.0,40.0,52.0,66.0,80.0,3.4064471100000002,3.4884584300000006,5.12030732,4.603397039999999,5.415646826320982,3895135719,B0-POSSESSION-DRIVE-SCORE-PROCESS-V1,2023,2022,2022-REG-END,0.0,0.05,phase3-feature-provenance-v1,5f148219527b07d85261d3f196ace97a5eb5646271d43596032a692389abc579,2c5cc1af74fc5f3955e44361b82b791710e4b63bbc69b0c15570617e2d86e543,NONE,B0-poisson-multinomial-rare-tail-v1,10000
2023_12_JAX_HOU,2023,12,2023-11-26,HOU,JAX,21.0,24.0,-3.0,45.0,23.327,22.6298,0.6972,45.9568,0.5191,148.75774677467746,149.40009196919692,277.00601276127617,319.30966472647265,11.346012774675627,11.282269188123928,0.22119326656151714,0.138998091486351,0.21663481256366365,0.14065167674774393,9.0,14.0,23.0,31.0,40.0,7.0,14.0,21.0,30.0,39.0,-20.0,-10.0,1.0,11.0,22.0,24.0,33.0,45.0,57.0,70.0,2.925688740000001,3.0363320400000005,4.153748460000001,4.1883573,4.649925426307947,3285299243,B0-POSSESSION-DRIVE-SCORE-PROCESS-V1,2023,2022,2022-REG-END,0.0,0.05,phase3-feature-provenance-v1,5f148219527b07d85261d3f196ace97a5eb5646271d43596032a692389abc579,2c5cc1af74fc5f3955e44361b82b791710e4b63bbc69b0c15570617e2d86e543,NONE,B0-poisson-multinomial-rare-tail-v1,10000
2023_12_KC_LV,2023,12,2023-11-26,LV,KC,17.0,31.0,-14.0,48.0,22.7308,29.7656,-7.0348,52.4964,0.3455,141.84091545154516,203.46900354035404,322.3348224422442,368.2850155415542,10.888968654837432,11.0334079671386,0.212136024797519,0.17466144998193608,0.2888814341584322,0.19385771959544973,9.0,14.0,21.0,30.0,38.0,13.0,20.0,28.0,38.0,48.0,-30.0,-18.0,-7.0,5.0,15.0,29.0,39.0,51.0,65.0,78.0,3.4154348400000005,3.4693938000000006,5.237083500000001,4.628996900000001,5.51794429552784,1512510087,B0-POSSESSION-DRIVE-SCORE-PROCESS-V1,2023,2022,2022-REG-END,0.0,0.05,phase3-feature-provenance-v1,5f148219527b07d85261d3f196ace97a5eb5646271d43596032a692389abc579,2c5cc1af74fc5f3955e44361b82b791710e4b63bbc69b0c15570617e2d86e543,NONE,B0-poisson-multinomial-rare-tail-v1,10000
2023_12_LA_ARI,2023,12,2023-11-26,ARI,LA,14.0,37.0,-23.0,51.0,22.5213,24.9105,-2.3892,47.4318,0.44884999999999997,147.47189349934993,169.67445719571955,294.28535189518954,340.00734949494944,11.076198539932154,10.973351691226412,0.2239595127976507,0.12693612578389737,0.2506129051141477,0.1415033018554311,7.0,14.0,21.0,30.0,38.0,10.0,16.0,24.0,33.0,43.0,-24.0,-14.0,-2.0,9.0,19.0,24.0,34.0,46.0,59.0,72.0,4.562677450000001,7.89219913,12.97991258,4.794629540000001,9.863372896830903,3759373388,B0-POSSESSION-DRIVE-SCORE-PROCESS-V1,2023,2022,2022-REG-END,0.0,0.05,phase3-feature-provenance-v1,5f148219527b07d85261d3f196ace97a5eb5646271d43596032a692389abc579,2c5cc1af74fc5f3955e44361b82b791710e4b63bbc69b0c15570617e2d86e543,NONE,B0-poisson-multinomial-rare-tail-v1,10000
2023_12_MIA_NYJ,2023,12,2023-11-24,NYJ,MIA,13.0,34.0,-21.0,47.0,19.9767,24.4842,-4.5075,44.4609,0.3946,130.28918602860287,162.54860522052203,271.84952870287026,313.82605379537955,11.55368552154405,11.549212718854283,0.18040916997142492,0.12649673491205787,0.23575019754454704,0.12524700804772196,7.0,12.0,19.0,27.0,35.0,9.0,15.0,23.0,33.0,41.0,-25.0,-16.0,-4.0,6.0,16.0,23.0,32.0,43.0,55.0,68.0,3.80246583,6.207367420000001,10.01115713,4.4310224300000005,7.916532816153735,2581609589,B0-POSSESSION-DRIVE-SCORE-PROCESS-V1,2023,2022,2022-REG-END,0.0,0.05,phase3-feature-provenance-v1,5f148219527b07d85261d3f196ace97a5eb5646271d43596032a692389abc579,2c5cc1af74fc5f3955e44361b82b791710e4b63bbc69b0c15570617e2d86e543,NONE,B0-poisson-multinomial-rare-tail-v1,10000
2023_12_NE_NYG,2023,12,2023-11-26,NYG,NE,10.0,7.0,3.0,17.0,17.8606,24.0693,-6.2087,41.9299,0.34964999999999996,114.71063870387042,145.3420317131713,243.75111942194224,276.3542214121412,11.531233419242135,11.605614079894625,0.16112707501799142,0.11116553490681844,0.19420136682033828,0.2168762977067583,6.0,10.0,17.0,24.0,32.0,10.0,16.0,23.0,31.0,40.0,-26.0,-16.0,-6.0,4.0,14.0,22.0,30.0,40.0,53.0,64.0,4.15933272,10.67586709,5.692690649999999,16.058458449999996,11.819525636814587,2919295787,B0-POSSESSION-DRIVE-SCORE-PROCESS-V1,2023,2022,2022-REG-END,0.0,0.05,phase3-feature-provenance-v1,5f148219527b07d85261d3f196ace97a5eb5646271d43596032a692389abc579,2c5cc1af74fc5f3955e44361b82b791710e4b63bbc69b0c15570617e2d86e543,NONE,B0-poisson-multinomial-rare-tail-v1,10000
2023_12_NO_ATL,2023,12,2023-11-26,ATL,NO,24.0,15.0,9.0,39.0,23.847,25.7974,-1.9504,49.6444,0.4581,153.17470847084707,174.72482572257223,302.8790277427743,352.9200406440644,11.318707633814237,11.275947037814424,0.21335366947596696,0.177111844274329,0.24788479287525428,0.1578706236850374,9.0,15.0,23.0,31.0,40.0,10.0,16.0,24.0,34.0,44.0,-24.0,-14.0,-2.0,10.0,21.0,27.0,36.0,48.0,61.0,75.0,2.9171902800000007,5.839923059999999,6.684330020000001,6.15903458,7.02035806462391,2897804527,B0-POSSESSION-DRIVE-SCORE-PROCESS-V1,2023,2022,2022-REG-END,0.0,0.05,phase3-feature-provenance-v1,5f148219527b07d85261d3f196ace97a5eb5646271d43596032a692389abc579,2c5cc1af74fc5f3955e44361b82b791710e4b63bbc69b0c15570617e2d86e543,NONE,B0-poisson-multinomial-rare-tail-v1,10000
2023_12_PIT_CIN,2023,12,2023-11-26,CIN,PIT,10.0,16.0,-6.0,26.0,21.939,22.5639,-0.6249,44.5029,0.4853,142.54293329332933,144.90240703070307,270.7272727172717,304.1634079307931,11.104509650617501,11.226476058652107,0.21077404208900197,0.13876615145694177,0.20095776245720362,0.17385411661312217,7.0,13.0,21.0,29.0,38.0,9.0,13.75,21.0,30.0,39.0,-21.0,-11.0,0.0,10.0,20.0,23.0,32.0,43.0,56.0,68.0,6.56735358,3.7152440900000006,4.478562049999999,10.59044939,8.202061141410258,954489626,B0-POSSESSION-DRIVE-SCORE-PROCESS-V1,2023,2022,2022-REG-END,0.0,0.05,phase3-feature-provenance-v1,5f148219527b07d85261d3f196ace97a5eb5646271d43596032a692389abc579,2c5cc1af74fc5f3955e44361b82b791710e4b63bbc69b0c15570617e2d86e543,NONE,B0-poisson-multinomial-rare-tail-v1,10000
2023_12_SF_SEA,2023,12,2023-11-23,SEA,SF,13.0,31.0,-18.0,44.0,23.935,25.9319,-1.9969,49.8669,0.45235,159.7709520952095,173.42380477047706,307.4530356935694,358.93647803780374,11.08614490115972,11.184159835558521,0.24434691717808393,0.12709758831308066,0.2588101136003809,0.14498259706119385,9.0,14.0,23.0,31.0,41.0,10.0,17.0,24.0,34.0,44.0,-24.0,-14.0,-2.0,10.0,20.0,27.0,37.0,48.0,62.0,75.0,5.907306760000001,4.20070545,9.570943970000002,4.84506013,7.8901441680487014,3804657934,B0-POSSESSION-DRIVE-SCORE-PROCESS-V1,2023,2022,2022-REG-END,0.0,0.05,phase3-feature-provenance-v1,5f148219527b07d85261d3f196ace97a5eb5646271d43596032a692389abc579,2c5cc1af74fc5f3955e44361b82b791710e4b63bbc69b0c15570617e2d86e543,NONE,B0-poisson-multinomial-rare-tail-v1,10000
2023_12_TB_IND,2023,12,2023-11-26,IND,TB,27.0,20.0,7.0,47.0,24.722,24.5426,0.1794,49.2646,0.50515,162.40395639563957,162.39842508250825,308.57327296729676,341.0314899889989,11.48065523812059,11.531200329536064,0.23682384238249143,0.14711018924183764,0.23365892542548913,0.1416537378235835,9.0,16.0,24.0,33.0,41.0,10.0,15.0,23.0,33.0,41.0,-22.0,-11.0,0.0,12.0,22.0,27.0,36.0,48.0,61.0,74.0,3.349583100000001,3.322816380000001,5.0964874600000005,4.3289355600000015,5.155615697831431,1374774514,B0-POSSESSION-DRIVE-SCORE-PROCESS-V1,2023,2022,2022-REG-END,0.0,0.05,phase3-feature-provenance-v1,5f148219527b07d85261d3f196ace97a5eb5646271d43596032a692389abc579,2c5cc1af74fc5f3955e44361b82b791710e4b63bbc69b0c15570617e2d86e543,NONE,B0-poisson-multinomial-rare-tail-v1,10000
2023_12_WAS_DAL,2023,12,2023-11-23,DAL,WAS,45.0,10.0,35.0,55.0,31.1152,20.0877,11.0275,51.2029,0.7342500000000001,212.85241420142012,129.75038374837482,315.67151090109013,369.53408499849985,11.553078988353178,11.518564000640065,0.3117325743644,0.1428501459957104,0.17559001425870535,0.141668185855824,13.0,20.0,30.0,40.0,51.0,7.0,12.0,19.0,27.0,35.0,-11.0,-1.0,11.0,23.0,34.0,27.0,37.0,50.0,63.0,77.0,8.904871480000002,5.38117365,15.58906217,5.049398050000001,11.362153059127099,2029410105,B0-POSSESSION-DRIVE-SCORE-PROCESS-V1,2023,2022,2022-REG-END,0.0,0.05,phase3-feature-provenance-v1,5f148219527b07d85261d3f196ace97a5eb5646271d43596032a692389abc579,2c5cc1af74fc5f3955e44361b82b791710e4b63bbc69b0c15570617e2d86e543,NONE,B0-poisson-multinomial-rare-tail-v1,10000
2023_13_ARI_PIT,2023,13,2023-12-03,PIT,ARI,10.0,24.0,-14.0,34.0,23.9577,18.9691,4.9886,42.9268,0.6222500000000001,158.50296100610063,119.35568075807583,259.291799219922,296.4254843084309,11.158140430611612,11.040905457577113,0.2358991667182189,0.14078043441745453,0.17942559296536897,0.12649672899592113,9.0,14.0,23.0,31.0,41.0,6.0,10.0,17.0,26.0,34.0,-15.0,-6.0,5.0,16.0,25.0,22.0,30.0,42.0,54.0,65.0,7.924784570000001,3.86759611,11.77080246,5.376849760000001,9.4610951631101,966551790,B0-POSSESSION-DRIVE-SCORE-PROCESS-V1,2023,2022,2022-REG-END,0.0,0.05,phase3-feature-provenance-v1,5f148219527b07d85261d3f196ace97a5eb5646271d43596032a692389abc579,2c5cc1af74fc5f3955e44361b82b791710e4b63bbc69b0c15570617e2d86e543,NONE,B0-poisson-multinomial-rare-tail-v1,10000
2023_13_ATL_NYJ,2023,13,2023-12-03,NYJ,ATL,8.0,13.0,-5.0,21.0,20.2242,24.6669,-4.4427,44.8911,0.39690000000000003,130.67260162016203,159.01704609460944,268.66898360836086,310.71031182118213,11.293948761087805,11.372528237070652,0.1840390929286287,0.1431350389063604,0.218763602154588,0.18513353504178093,6.0,13.0,19.0,27.0,36.0,10.0,16.0,23.0,33.0,41.0,-26.0,-15.0,-4.0,7.0,16.0,23.0,32.0,44.0,56.0,68.0,6.87157366,6.31080693,3.78052759,14.821285249999999,10.35321039695455,2750543269,B0-POSSESSION-DRIVE-SCORE-PROCESS-V1,2023,2022,2022-REG-END,0.0,0.05,phase3-feature-provenance-v1,5f148219527b07d85261d3f196ace97a5eb5646271d43596032a692389abc579,2c5cc1af74fc5f3955e44361b82b791710e4b63bbc69b0c15570617e2d86e543,NONE,B0-poisson-multinomial-rare-tail-v1,10000
2023_13_CAR_TB,2023,13,2023-12-03,TB,CAR,21.0,18.0,3.0,39.0,24.1972,21.3219,2.8753,45.5191,0.5695,161.32744490449048,137.06278666866686,277.52650256025606,319.2539605860586,11.1270702641524,11.083965561797143,0.23854354729600472,0.14207749691943597,0.20323701672846858,0.13609237859500473,9.0,14.0,23.0,32.0,41.0,7.0,13.0,20.0,28.0,37.0,-18.0,-8.0,3.0,14.0,24.0,23.0,33.0,44.0,57.0,69.0,3.07780626,2.91004983,3.8250415899999997,4.748396489999999,4.739757805743329,1670251829,B0-POSSESSION-DRIVE-SCORE-PROCESS-V1,2023,2022,2022-REG-END,0.0,0.05,phase3-feature-provenance-v1,5f148219527b07d85261d3f196ace97a5eb5646271d43596032a692389abc579,2c5cc1af74fc5f3955e44361b82b791710e4b63bbc69b0c15570617e2d86e543,NONE,B0-poisson-multinomial-rare-tail-v1,10000
2023_13_CIN_JAX,2023,13,2023-12-04,JAX,CIN,31.0,34.0,-3.0,65.0,25.083,22.5424,2.5406,47.6254,0.55735,168.05231623162314,145.42174441444143,289.8711387538754,337.07698253825384,11.202859545670375,11.144149911834091,0.23752926195141522,0.16473754798275084,0.21243497525128902,0.14601330437738844,10.0,16.0,24.0,33.0,42.0,7.0,14.0,21.0,30.0,38.0,-19.0,-9.0,3.0,14.0,24.0,25.0,34.0,46.0,59.0,72.0,4.5909640199999995,7.42636664,4.58051558,11.145819480000002,9.106715092048121,983873026,B0-POSSESSION-DRIVE-SCORE-PROCESS-V1,2023,2022,2022-REG-END,0.0,0.05,phase3-feature-provenance-v1,5f148219527b07d85261d3f196ace97a5eb5646271d43596032a692389abc579,2c5cc1af74fc5f3955e44361b82b791710e4b63bbc69b0c15570617e2d86e543,NONE,B0-poisson-multinomial-rare-tail-v1,10000
2023_13_CLE_LA,2023,13,2023-12-03,LA,CLE,36.0,19.0,17.0,55.0,26.7654,20.2849,6.4805,47.0503,0.64565,184.6754303830383,132.15174716471648,294.5470744574458,339.1072806380638,11.392403315693143,11.342324175261043,0.26619964654838885,0.13451237849216244,0.19988125287888875,0.10849040005698596,10.0,17.0,25.0,35.0,45.0,7.0,13.0,20.0,27.0,35.0,-15.0,-5.0,6.0,18.0,28.0,24.0,34.0,46.0,59.0,71.0,6.1684117800000005,2.7266460299999995,6.556015989999999,6.08263277,7.00549402610528,3657865230,B0-POSSESSION-DRIVE-SCORE-PROCESS-V1,2023,2022,2022-REG-END,0.0,0.05,phase3-feature-provenance-v1,5f148219527b07d85261d3f196ace97a5eb5646271d43596032a692389abc579,2c5cc1af74fc5f3955e44361b82b791710e4b63bbc69b0c15570617e2d86e543,NONE,B0-poisson-multinomial-rare-tail-v1,10000
2023_13_DEN_HOU,2023,13,2023-12-03,HOU,DEN,22.0,17.0,5.0,39.0,21.1638,20.2682,0.8956,41.432,0.5169,136.8680563656366,128.07707646764675,251.33023366336633,278.5600320032003,11.257612490113472,11.24157837553513,0.19645857305920328,0.14851167525426956,0.18545626742221372,0.13990200857891924,7.0,13.0,20.0,28.0,37.0,7.0,13.0,20.0,27.0,35.0,-19.0,-10.0,0.0,11.0,21.0,21.0,30.0,40.0,52.0,64.0,2.8899515000000005,2.76217104,4.12161884,3.9014315600000007,4.4249396559400385,451529790,B0-POSSESSION-DRIVE-SCORE-PROCESS-V1,2023,2022,2022-REG-END,0.0,0.05,phase3-feature-provenance-v1,5f148219527b07d85261d3f196ace97a5eb5646271d43596032a692389abc579,2c5cc1af74fc5f3955e44361b82b791710e4b63bbc69b0c15570617e2d86e543,NONE,B0-poisson-multinomial-rare-tail-v1,10000
2023_13_DET_NO,2023,13,2023-12-03,NO,DET,28.0,33.0,-5.0,61.0,28.3469,23.06,5.2869,51.4069,0.6085999999999999,193.9915595459546,150.5898589858986,330.2434127312731,358.91942433243327,11.173397385764499,11.205749920342654,0.28830402040442593,0.15233377681817378,0.22140082676332304,0.14378601725242143,12.0,18.0,27.0,37.0,47.0,8.0,14.0,22.0,31.0,39.0,-17.0,-7.0,5.0,17.0,28.0,28.0,38.0,50.0,63.0,76.0,3.2360178299999998,6.50070338,6.34308055,6.784077310000001,7.51201215893556,1570331284,B0-POSSESSION-DRIVE-SCORE-PROCESS-V1,2023,2022,2022-REG-END,0.0,0.05,phase3-feature-provenance-v1,5f148219527b07d85261d3f196ace97a5eb5646271d43596032a692389abc579,2c5cc1af74fc5f3955e44361b82b791710e4b63bbc69b0c15570617e2d86e543,NONE,B0-poisson-multinomial-rare-tail-v1,10000
2023_13_IND_TEN,2023,13,2023-12-03,TEN,IND,28.0,31.0,-3.0,59.0,25.7864,22.995,2.7914,48.7814,0.56275,170.26740178017803,152.90986598659865,297.2800140414041,349.0745214921492,11.394234114022225,11.179378710299583,0.26330978726881427,0.1213407064726076,0.21667041796403305,0.15657339108859114,10.0,17.0,24.0,34.0,44.0,7.0,14.0,22.0,31.0,40.0,-19.0,-9.0,3.0,14.0,25.0,26.0,36.0,48.0,61.0,73.0,3.3583305600000006,5.40926708,4.64714936,7.019750419999999,6.712222003277285,3943763839,B0-POSSESSION-DRIVE-SCORE-PROCESS-V1,2023,2022,2022-REG-END,0.0,0.05,phase3-feature-provenance-v1,5f148219527b07d85261d3f196ace97a5eb5646271d43596032a692389abc579,2c5cc1af74fc5f3955e44361b82b791710e4b63bbc69b0c15570617e2d86e543,NONE,B0-poisson-multinomial-rare-tail-v1,10000
2023_13_KC_GB,2023,13,2023-12-03,GB,KC,27.0,19.0,8.0,46.0,24.4619,26.8389,-2.377,51.3008,0.451,165.8075291429143,177.08265505550557,307.7880498049805,377.99231859185915,10.93006956869758,10.790890421137538,0.25838215036991535,0.11114408468506289,0.2683029785834296,0.17865612829242547,9.0,14.0,23.0,32.0,42.0,10.0,17.0,26.0,35.0,44.0,-25.0,-14.0,-2.0,10.0,20.0,27.0,37.0,50.0,64.0,77.0,3.4625330100000005,4.472238650000001,6.404439800000002,4.829149659999999,6.304366875827569,2338445531,B0-POSSESSION-DRIVE-SCORE-PROCESS-V1,2023,2022,2022-REG-END,0.0,0.05,phase3-feature-provenance-v1,5f148219527b07d85261d3f196ace97a5eb5646271d43596032a692389abc579,2c5cc1af74fc5f3955e44361b82b791710e4b63bbc69b0c15570617e2d86e543,NONE,B0-poisson-multinomial-rare-tail-v1,10000
2023_13_LAC_NE,2023,13,2023-12-03,NE,LAC,0.0,6.0,-6.0,6.0,25.0506,22.5352,2.5154,47.5858,0.5518,162.03744338433842,152.92345330533055,288.8124440844085,341.1093492949295,11.253560081635108,11.24572334036418,0.22822153678595267,0.18616471065667692,0.224158415283977,0.1130951244250034,10.0,16.0,24.0,33.0,42.0,7.0,14.0,21.0,30.0,39.0,-18.0,-8.0,2.0,14.0,24.0,26.0,34.0,46.0,59.0,72.0,17.954404659999998,10.05913088,5.5069149,31.278090319999997,21.209834540794056,2885208720,B0-POSSESSION-DRIVE-SCORE-PROCESS-V1,2023,2022,2022-REG-END,0.0,0.05,phase3-feature-provenance-v1,5f148219527b07d85261d3f196ace97a5eb5646271d43596032a692389abc579,2c5cc1af74fc5f3955e44361b82b791710e4b63bbc69b0c15570617e2d86e543,NONE,B0-poisson-multinomial-rare-tail-v1,10000
2023_13_MIA_WAS,2023,13,2023-12-03,WAS,MIA,15.0,45.0,-30.0,60.0,22.9216,25.862,-2.9404,48.7836,0.43205,151.26778021802178,174.20057605760576,309.1981676567657,341.73854489448945,11.5092871931993,11.46268932240218,0.21569932090957372,0.1356675797308038,0.256978462133787,0.12330869125214519,7.0,14.0,22.0,31.0,40.0,10.0,16.0,24.0,34.0,44.0,-25.0,-14.0,-3.0,9.0,20.0,26.0,36.0,47.0,60.0,73.0,4.3687258600000005,13.10361208,18.170893120000002,7.562944319999998,13.95897798891297,1676213738,B0-POSSESSION-DRIVE-SCORE-PROCESS-V1,2023,2022,2022-REG-END,0.0,0.05,phase3-feature-provenance-v1,5f148219527b07d85261d3f196ace97a5eb5646271d43596032a692389abc579,2c5cc1af74fc5f3955e44361b82b791710e4b63bbc69b0c15570617e2d86e543,NONE,B0-poisson-multinomial-rare-tail-v1,10000
2023_13_SEA_DAL,2023,13,2023-11-30,DAL,SEA,41.0,35.0,6.0,76.0,29.486,22.0522,7.4338,51.5382,0.66425,199.81858585858586,143.68524368436846,321.0257201320132,365.9819389538954,11.32706252755414,11.3572284797352,0.30573798294870247,0.14008752062485005,0.2052269602210127,0.14278072320650576,13.0,20.0,28.0,38.0,48.0,7.0,13.0,20.0,30.0,38.0,-15.0,-4.0,7.0,19.0,30.0,28.0,38.0,50.0,64.0,77.0,7.428472520000001,8.5002994,4.1475278200000005,16.177555660000003,12.019330427631678,3930000452,B0-POSSESSION-DRIVE-SCORE-PROCESS-V1,2023,2022,2022-REG-END,0.0,0.05,phase3-feature-provenance-v1,5f148219527b07d85261d3f196ace97a5eb5646271d43596032a692389abc579,2c5cc1af74fc5f3955e44361b82b791710e4b63bbc69b0c15570617e2d86e543,NONE,B0-poisson-multinomial-rare-tail-v1,10000
2023_13_SF_PHI,2023,13,2023-12-03,PHI,SF,19.0,42.0,-23.0,61.0,25.9849,26.1822,-0.1973,52.1671,0.495,178.27969995999598,179.03130629062906,334.05697840784075,380.56503409340934,10.948360801735502,11.054930190803331,0.2772455586285206,0.11912149473342797,0.26681559085802836,0.1413910695397132,10.0,16.0,24.0,34.0,44.0,10.0,17.0,24.0,34.0,44.0,-24.0,-12.0,0.0,12.0,23.0,28.0,38.0,51.0,65.0,78.0,4.13257449,10.49313566,14.52922937,6.543174929999999,11.590454526541814,3378779935,B0-POSSESSION-DRIVE-SCORE-PROCESS-V1,2023,2022,2022-REG-END,0.0,0.05,phase3-feature-provenance-v1,5f148219527b07d85261d3f196ace97a5eb5646271d43596032a692389abc579,2c5cc1af74fc5f3955e44361b82b791710e4b63bbc69b0c15570617e2d86e543,NONE,B0-poisson-multinomial-rare-tail-v1,10000
2023_14_BUF_KC,2023,14,2023-12-10,KC,BUF,17.0,20.0,-3.0,37.0,26.5213,25.3132,1.2081,51.8345,0.5281,180.05635194519454,173.18262402240222,324.93508789878985,381.54286403640367,10.881921561510875,10.848377433120199,0.27204716873025664,0.15797067031667186,0.27029410271290566,0.1210204911626166,10.0,17.0,25.0,35.0,44.0,10.0,16.0,24.0,34.0,43.0,-22.0,-11.0,1.0,13.0,24.0,28.0,38.0,50.0,64.0,78.0,5.17788667,3.5452930999999994,4.533045789999999,8.177060370000001,7.006926592508178,3001708261,B0-POSSESSION-DRIVE-SCORE-PROCESS-V1,2023,2022,2022-REG-END,0.0,0.05,phase3-feature-provenance-v1,5f148219527b07d85261d3f196ace97a5eb5646271d43596032a692389abc579,2c5cc1af74fc5f3955e44361b82b791710e4b63bbc69b0c15570617e2d86e543,NONE,B0-poisson-multinomial-rare-tail-v1,10000
2023_14_CAR_NO,2023,14,2023-12-10,NO,CAR,28.0,6.0,22.0,34.0,25.4492,19.2248,6.2244,44.674,0.6477999999999999,166.48606796679667,121.94745970597062,274.7529199319932,302.1141354135413,11.42090817865939,11.317710519229172,0.23935775305708076,0.16036297252679427,0.17248083040005005,0.13702166149711656,10.0,16.0,24.0,34.0,43.0,6.0,10.0,17.0,26.0,34.0,-14.0,-5.0,6.0,17.0,27.0,23.0,32.0,44.0,56.0,67.0,3.4246541000000006,7.651244919999999,9.536676899999998,6.10623616,8.749710637320344,3195471237,B0-POSSESSION-DRIVE-SCORE-PROCESS-V1,2023,2022,2022-REG-END,0.0,0.05,phase3-feature-provenance-v1,5f148219527b07d85261d3f196ace97a5eb5646271d43596032a692389abc579,2c5cc1af74fc5f3955e44361b82b791710e4b63bbc69b0c15570617e2d86e543,NONE,B0-poisson-multinomial-rare-tail-v1,10000
2023_14_DEN_LAC,2023,14,2023-12-10,LAC,DEN,7.0,24.0,-17.0,31.0,24.5637,20.4113,4.1524,44.975,0.60085,158.565798889889,132.12374468446845,270.90726496649665,310.4718221822182,11.190151004701308,11.18322208641175,0.2409808715950631,0.1501774136942055,0.18623331971467044,0.14819074374080543,9.900000000000091,16.0,24.0,33.0,41.0,7.0,13.0,20.0,27.0,36.0,-17.0,-7.0,4.0,15.0,25.0,23.0,33.0,43.0,56.0,68.0,10.918712670000001,3.44322195,13.450183820000001,7.703399160000002,11.441763776807637,1893656339,B0-POSSESSION-DRIVE-SCORE-PROCESS-V1,2023,2022,2022-REG-END,0.0,0.05,phase3-feature-provenance-v1,5f148219527b07d85261d3f196ace97a5eb5646271d43596032a692389abc579,2c5cc1af74fc5f3955e44361b82b791710e4b63bbc69b0c15570617e2d86e543,NONE,B0-poisson-multinomial-rare-tail-v1,10000
2023_14_DET_CHI,2023,14,2023-12-10,CHI,DET,28.0,13.0,15.0,41.0,24.143,24.1617,-0.0187,48.3047,0.5008,163.50030103010303,161.01285439543955,302.2939797079708,346.73233114311427,10.97168976699359,10.950366039775895,0.25085290026701484,0.12738934993302037,0.23856626649143917,0.15355948554482446,9.0,14.0,23.0,32.0,41.0,9.0,15.0,23.0,32.0,41.0,-22.0,-12.0,0.0,11.0,22.0,26.0,35.0,47.0,60.0,73.0,3.7665486600000007,6.0659177699999995,8.988060229999999,5.073877970000002,7.767651167028033,3085158664,B0-POSSESSION-DRIVE-SCORE-PROCESS-V1,2023,2022,2022-REG-END,0.0,0.05,phase3-feature-provenance-v1,5f148219527b07d85261d3f196ace97a5eb5646271d43596032a692389abc579,2c5cc1af74fc5f3955e44361b82b791710e4b63bbc69b0c15570617e2d86e543,NONE,B0-poisson-multinomial-rare-tail-v1,10000
2023_14_GB_NYG,2023,14,2023-12-11,NYG,GB,24.0,22.0,2.0,46.0,20.6472,25.3152,-4.668,45.9624,0.3855,131.9671288728873,165.30237919791978,279.3643124312431,315.17470371037103,11.153080839297026,11.25216210785034,0.18868362932101088,0.14129811858506858,0.2441986520209272,0.15938523463022178,7.0,13.0,20.0,28.0,36.0,10.0,16.0,24.0,34.0,42.0,-26.0,-16.0,-4.0,7.0,17.0,24.0,33.0,44.0,57.0,69.0,3.368333520000001,3.1880207800000004,4.906682399999999,4.139846199999999,5.057628982236469,1255375097,B0-POSSESSION-DRIVE-SCORE-PROCESS-V1,2023,2022,2022-REG-END,0.0,0.05,phase3-feature-provenance-v1,5f148219527b07d85261d3f196ace97a5eb5646271d43596032a692389abc579,2c5cc1af74fc5f3955e44361b82b791710e4b63bbc69b0c15570617e2d86e543,NONE,B0-poisson-multinomial-rare-tail-v1,10000
2023_14_HOU_NYJ,2023,14,2023-12-10,NYJ,HOU,30.0,6.0,24.0,36.0,19.6561,21.4649,-1.8088,41.121,0.4552,124.13064585458547,138.44121211121112,246.9003325932593,278.24338333833384,11.603439782586056,11.69155019414197,0.1705667606420163,0.13883157312739233,0.19536932728497197,0.13170059699737816,6.0,12.0,19.0,27.0,34.0,7.0,13.0,20.0,29.0,37.0,-22.0,-12.0,-2.0,9.0,18.0,20.0,29.0,40.0,52.0,63.0,6.75023075,9.31327541,17.673515100000003,4.28618964,12.43960667579825,1355450122,B0-POSSESSION-DRIVE-SCORE-PROCESS-V1,2023,2022,2022-REG-END,0.0,0.05,phase3-feature-provenance-v1,5f148219527b07d85261d3f196ace97a5eb5646271d43596032a692389abc579,2c5cc1af74fc5f3955e44361b82b791710e4b63bbc69b0c15570617e2d86e543,NONE,B0-poisson-multinomial-rare-tail-v1,10000
2023_14_IND_CIN,2023,14,2023-12-10,CIN,IND,34.0,14.0,20.0,48.0,25.6424,25.0155,0.6269,50.6579,0.51675,165.71489372937293,159.72983273327335,298.6991663066307,352.1902866186619,11.649237130667633,11.461291994744743,0.23818262990952002,0.15334802836312772,0.22459665897861567,0.1836858353751973,10.0,17.0,24.0,34.0,43.0,10.0,16.0,24.0,33.0,42.0,-21.0,-10.0,1.0,12.0,22.0,28.0,37.0,49.0,63.0,76.0,5.62111648,5.926702849999999,11.936715689999998,4.417475450000001,9.06744627505577,581717362,B0-POSSESSION-DRIVE-SCORE-PROCESS-V1,2023,2022,2022-REG-END,0.0,0.05,phase3-feature-provenance-v1,5f148219527b07d85261d3f196ace97a5eb5646271d43596032a692389abc579,2c5cc1af74fc5f3955e44361b82b791710e4b63bbc69b0c15570617e2d86e543,NONE,B0-poisson-multinomial-rare-tail-v1,10000
2023_14_JAX_CLE,2023,14,2023-12-10,CLE,JAX,31.0,27.0,4.0,58.0,22.0514,23.0055,-0.9541,45.0569,0.47975,145.08186622662265,151.8932590759076,279.2909222822282,314.65932832283227,11.524312328822951,11.632940093707552,0.21448627994794808,0.12168044807613426,0.2204419260329142,0.12196380373347168,7.0,13.0,21.0,30.0,38.0,7.0,14.0,21.0,31.0,40.0,-22.0,-12.0,-1.0,10.0,20.0,23.0,33.0,44.0,57.0,68.0,5.90245868,3.7220127099999996,4.405669529999999,8.35474801,7.365046586169479,1702381260,B0-POSSESSION-DRIVE-SCORE-PROCESS-V1,2023,2022,2022-REG-END,0.0,0.05,phase3-feature-provenance-v1,5f148219527b07d85261d3f196ace97a5eb5646271d43596032a692389abc579,2c5cc1af74fc5f3955e44361b82b791710e4b63bbc69b0c15570617e2d86e543,NONE,B0-poisson-multinomial-rare-tail-v1,10000
2023_14_LA_BAL,2023,14,2023-12-10,BAL,LA,37.0,31.0,6.0,68.0,27.3684,21.9881,5.3803,49.3565,0.6267999999999999,180.53493493349336,147.56691508150814,303.75964787478745,352.4440521552155,11.181208982684424,11.019766244811828,0.26423600902606803,0.17783314300312825,0.21815929756155764,0.1290100469431445,10.0,17.0,26.0,36.0,45.0,7.0,13.0,20.0,30.0,38.0,-17.0,-6.0,6.0,17.0,27.0,27.0,36.0,48.0,61.0,74.0,6.31666124,5.99657887,3.962786790000001,11.985903429999999,9.236318395835186,4158412292,B0-POSSESSION-DRIVE-SCORE-PROCESS-V1,2023,2022,2022-REG-END,0.0,0.05,phase3-feature-provenance-v1,5f148219527b07d85261d3f196ace97a5eb5646271d43596032a692389abc579,2c5cc1af74fc5f3955e44361b82b791710e4b63bbc69b0c15570617e2d86e543,NONE,B0-poisson-multinomial-rare-tail-v1,10000
2023_14_MIN_LV,2023,14,2023-12-10,LV,MIN,0.0,3.0,-3.0,3.0,23.3352,25.1722,-1.837,48.5074,0.4545,143.7866196219622,164.09755691569154,288.0964406440644,327.67191243124313,11.046361127107803,11.11143106931978,0.18796045610196188,0.23593496782904003,0.2424463403432528,0.168030630357018,9.0,14.0,22.0,30.0,40.0,10.0,16.0,24.0,33.0,42.0,-24.0,-13.0,-2.0,9.0,20.0,26.0,36.0,47.0,60.0,72.0,16.63369864,15.06687466,3.89717338,35.353509380000006,23.318976719479664,2093231890,B0-POSSESSION-DRIVE-SCORE-PROCESS-V1,2023,2022,2022-REG-END,0.0,0.05,phase3-feature-provenance-v1,5f148219527b07d85261d3f196ace97a5eb5646271d43596032a692389abc579,2c5cc1af74fc5f3955e44361b82b791710e4b63bbc69b0c15570617e2d86e543,NONE,B0-poisson-multinomial-rare-tail-v1,10000
2023_14_NE_PIT,2023,14,2023-12-07,PIT,NE,18.0,21.0,-3.0,39.0,19.7779,20.1702,-0.3923,39.9481,0.4931,127.19549113911388,124.42447440744075,235.33733444344435,267.902596649665,11.305612169120284,11.09249617247464,0.18441069258563547,0.12371869629482386,0.17458163153460401,0.1678723734944734,7.0,12.0,19.0,27.0,35.0,7.0,13.0,19.0,27.0,35.0,-20.0,-11.0,0.0,10.0,19.0,20.0,28.0,39.0,50.0,62.0,2.6596512299999997,2.7375722799999993,3.715863669999999,3.76442003,4.254691639092448,2196268938,B0-POSSESSION-DRIVE-SCORE-PROCESS-V1,2023,2022,2022-REG-END,0.0,0.05,phase3-feature-provenance-v1,5f148219527b07d85261d3f196ace97a5eb5646271d43596032a692389abc579,2c5cc1af74fc5f3955e44361b82b791710e4b63bbc69b0c15570617e2d86e543,NONE,B0-poisson-multinomial-rare-tail-v1,10000
2023_14_PHI_DAL,2023,14,2023-12-10,DAL,PHI,33.0,13.0,20.0,46.0,29.8766,23.8143,6.0623,53.6909,0.6246999999999999,208.7570481448145,159.826398149815,342.3388525952595,394.8280399939994,11.059503580321346,11.093322057665906,0.3185468388371573,0.13818647806708695,0.2409635458681523,0.12670850757861835,13.0,20.0,28.0,39.0,49.0,8.0,14.0,23.0,31.0,41.0,-17.0,-6.0,6.0,18.0,30.0,30.0,40.0,52.0,66.0,80.0,3.89278498,5.797498429999999,8.471332069999999,5.4167562700000005,7.628964724189279,124230679,B0-POSSESSION-DRIVE-SCORE-PROCESS-V1,2023,2022,2022-REG-END,0.0,0.05,phase3-feature-provenance-v1,5f148219527b07d85261d3f196ace97a5eb5646271d43596032a692389abc579,2c5cc1af74fc5f3955e44361b82b791710e4b63bbc69b0c15570617e2d86e543,NONE,B0-poisson-multinomial-rare-tail-v1,10000
2023_14_SEA_SF,2023,14,2023-12-10,SF,SEA,28.0,16.0,12.0,44.0,28.4949,22.3513,6.1436,50.8462,0.63255,197.09088307830783,150.1943077407741,322.36661570157014,372.20376593659364,11.170068391118997,10.974138540188132,0.2936111517667258,0.14342960701609406,0.22526908029086967,0.1268703886595713,12.0,19.0,27.0,37.0,47.0,7.0,14.0,21.0,30.0,38.0,-16.0,-6.0,6.0,18.0,29.0,27.0,37.0,49.0,63.0,77.0,3.2747168099999993,3.696057990000001,4.97358178,5.090538259999999,5.4709137267976615,2784469068,B0-POSSESSION-DRIVE-SCORE-PROCESS-V1,2023,2022,2022-REG-END,0.0,0.05,phase3-feature-provenance-v1,5f148219527b07d85261d3f196ace97a5eb5646271d43596032a692389abc579,2c5cc1af74fc5f3955e44361b82b791710e4b63bbc69b0c15570617e2d86e543,NONE,B0-poisson-multinomial-rare-tail-v1,10000
2023_14_TB_ATL,2023,14,2023-12-10,ATL,TB,25.0,29.0,-4.0,54.0,26.4404,24.6715,1.7689,51.1119,0.5394,177.87623546354635,163.5219399439944,317.076200410041,365.7201504050405,11.243651319720517,11.116608738907377,0.24874749881640523,0.17759589584925708,0.2494795567590215,0.13474535750119715,10.0,17.0,25.0,34.0,44.0,10.0,16.0,23.0,33.0,41.0,-21.0,-10.0,2.0,13.0,24.0,27.0,37.0,50.0,63.0,77.0,3.1012205800000006,3.8906390900000005,4.844689110000001,4.817338269999999,5.406878672930828,1026486048,B0-POSSESSION-DRIVE-SCORE-PROCESS-V1,2023,2022,2022-REG-END,0.0,0.05,phase3-feature-provenance-v1,5f148219527b07d85261d3f196ace97a5eb5646271d43596032a692389abc579,2c5cc1af74fc5f3955e44361b82b791710e4b63bbc69b0c15570617e2d86e543,NONE,B0-poisson-multinomial-rare-tail-v1,10000
2023_14_TEN_MIA,2023,14,2023-12-11,MIA,TEN,27.0,28.0,-1.0,55.0,27.2187,23.6647,3.554,50.8834,0.5795,190.53072338233824,158.91116502650263,319.8374677467747,379.0463090709071,11.14233409743134,11.233291868830246,0.28455408376291247,0.12632127087658215,0.2451375308800865,0.10166741513228802,10.0,17.0,26.0,36.0,45.0,7.0,14.0,22.0,31.0,41.0,-19.09999999999991,-8.0,3.0,15.0,26.0,27.0,37.0,49.0,63.0,77.0,3.24646525,3.89280279,4.5739266999999995,5.17732616,5.640750386174828,1026840208,B0-POSSESSION-DRIVE-SCORE-PROCESS-V1,2023,2022,2022-REG-END,0.0,0.05,phase3-feature-provenance-v1,5f148219527b07d85261d3f196ace97a5eb5646271d43596032a692389abc579,2c5cc1af74fc5f3955e44361b82b791710e4b63bbc69b0c15570617e2d86e543,NONE,B0-poisson-multinomial-rare-tail-v1,10000
2023_15_ATL_CAR,2023,15,2023-12-17,CAR,ATL,9.0,7.0,2.0,16.0,23.5232,24.3791,-0.8559,47.9023,0.4733,152.30709246924692,153.3545186418642,285.4006752575258,325.92254696469644,11.177250112255312,11.306058534222313,0.2242391327422162,0.1507471729974555,0.2129568400258077,0.1922363786778041,9.0,14.0,22.0,31.0,40.0,10.0,16.0,23.0,32.0,41.0,-22.0,-12.0,-1.0,10.0,21.0,26.0,35.0,46.0,59.0,72.0,8.41033376,10.792527690000002,4.09110321,21.95498473,14.845614733218786,3543202431,B0-POSSESSION-DRIVE-SCORE-PROCESS-V1,2023,2022,2022-REG-END,0.0,0.05,phase3-feature-provenance-v1,5f148219527b07d85261d3f196ace97a5eb5646271d43596032a692389abc579,2c5cc1af74fc5f3955e44361b82b791710e4b63bbc69b0c15570617e2d86e543,NONE,B0-poisson-multinomial-rare-tail-v1,10000
2023_15_BAL_JAX,2023,15,2023-12-17,JAX,BAL,7.0,23.0,-16.0,30.0,21.2618,27.2138,-5.952,48.4756,0.36815,142.42610337033705,176.18230779077908,293.3706330633064,343.8461892589259,11.464157836946972,11.492847840214601,0.19972420944083522,0.12145543071998303,0.24410109292358695,0.1879964920959368,7.0,13.0,20.0,28.0,37.0,10.0,17.0,26.0,36.0,45.0,-28.0,-17.0,-6.0,6.0,15.0,26.0,35.0,47.0,61.0,73.0,8.27174112,3.3564818799999996,6.322993540000001,10.45768652,9.212551171425506,909998680,B0-POSSESSION-DRIVE-SCORE-PROCESS-V1,2023,2022,2022-REG-END,0.0,0.05,phase3-feature-provenance-v1,5f148219527b07d85261d3f196ace97a5eb5646271d43596032a692389abc579,2c5cc1af74fc5f3955e44361b82b791710e4b63bbc69b0c15570617e2d86e543,NONE,B0-poisson-multinomial-rare-tail-v1,10000
2023_15_CHI_CLE,2023,15,2023-12-17,CLE,CHI,20.0,17.0,3.0,37.0,20.8611,21.3012,-0.4401,42.1623,0.4886,137.74918170817082,142.04508306830684,260.85409739974,298.7344321532153,11.53645179969731,11.708037001724097,0.19457052850524623,0.12272138615784871,0.20224558677084148,0.10657223125148813,7.0,13.0,20.0,28.0,37.0,7.0,13.0,20.0,28.0,37.0,-21.0,-11.0,0.0,10.0,20.0,21.0,30.0,41.0,53.0,65.0,2.7108266499999996,3.0989166600000004,3.9677358300000005,4.27821849,4.556122763543993,4077057705,B0-POSSESSION-DRIVE-SCORE-PROCESS-V1,2023,2022,2022-REG-END,0.0,0.05,phase3-feature-provenance-v1,5f148219527b07d85261d3f196ace97a5eb5646271d43596032a692389abc579,2c5cc1af74fc5f3955e44361b82b791710e4b63bbc69b0c15570617e2d86e543,NONE,B0-poisson-multinomial-rare-tail-v1,10000
2023_15_DAL_BUF,2023,15,2023-12-17,BUF,DAL,31.0,10.0,21.0,41.0,26.6117,27.3724,-0.7607,53.9841,0.48165,178.84300741074108,183.26424466446642,334.5300885188518,389.6844156315631,11.15669820415496,11.029570612231634,0.26644467460685795,0.1452184387384595,0.2868596210688216,0.13416478623024786,10.0,17.0,25.0,35.0,45.0,10.0,17.0,27.0,36.0,45.0,-24.0,-13.0,-1.0,11.0,22.0,30.0,40.0,52.0,67.0,81.0,4.04327309,10.48254546,13.61629919,7.266006890000002,11.568199026424079,1953134218,B0-POSSESSION-DRIVE-SCORE-PROCESS-V1,2023,2022,2022-REG-END,0.0,0.05,phase3-feature-provenance-v1,5f148219527b07d85261d3f196ace97a5eb5646271d43596032a692389abc579,2c5cc1af74fc5f3955e44361b82b791710e4b63bbc69b0c15570617e2d86e543,NONE,B0-poisson-multinomial-rare-tail-v1,10000
2023_15_DEN_DET,2023,15,2023-12-16,DET,DEN,42.0,17.0,25.0,59.0,24.2286,21.4295,2.7991,45.6581,0.5631,158.81002304230424,140.05043479347935,279.571296319632,318.1496193519352,11.230754911868972,11.198655525846581,0.22849755739971903,0.16414663651926892,0.20133942173376335,0.13961983207024842,9.0,15.0,23.0,32.0,41.0,7.0,13.0,20.0,29.0,37.0,-18.0,-8.0,3.0,14.0,24.0,24.0,33.0,44.0,57.0,69.0,12.12397804,3.0959655699999997,14.301720289999999,8.59173591,12.313063516544911,4125357340,B0-POSSESSION-DRIVE-SCORE-PROCESS-V1,2023,2022,2022-REG-END,0.0,0.05,phase3-feature-provenance-v1,5f148219527b07d85261d3f196ace97a5eb5646271d43596032a692389abc579,2c5cc1af74fc5f3955e44361b82b791710e4b63bbc69b0c15570617e2d86e543,NONE,B0-poisson-multinomial-rare-tail-v1,10000
2023_15_HOU_TEN,2023,15,2023-12-17,TEN,HOU,16.0,19.0,-3.0,35.0,26.6763,21.8755,4.8008,48.5518,0.6063999999999999,183.74089239923993,137.43074282428245,304.76379573957394,337.57947470747075,11.420283465673343,11.319554337224355,0.27445650319050513,0.11221893904249382,0.20510759605391365,0.13847116536234202,10.0,17.0,25.0,35.0,45.0,7.0,13.0,20.0,30.0,38.0,-17.0,-7.0,4.0,16.0,27.0,26.0,36.0,47.0,60.0,73.0,5.79005933,2.8767384700000003,5.30413828,7.57148188,7.002552037758781,2776011280,B0-POSSESSION-DRIVE-SCORE-PROCESS-V1,2023,2022,2022-REG-END,0.0,0.05,phase3-feature-provenance-v1,5f148219527b07d85261d3f196ace97a5eb5646271d43596032a692389abc579,2c5cc1af74fc5f3955e44361b82b791710e4b63bbc69b0c15570617e2d86e543,NONE,B0-poisson-multinomial-rare-tail-v1,10000
2023_15_KC_NE,2023,15,2023-12-17,NE,KC,17.0,27.0,-10.0,44.0,21.8082,24.082,-2.2738,45.8902,0.444,141.97521028102813,154.8575617561756,270.5718907490749,323.0936533253325,11.040575562618002,11.132720392543527,0.2073287986611438,0.14665822108529053,0.2317187552104498,0.1509218245171282,7.0,13.0,20.0,30.0,38.0,9.0,15.0,23.0,32.0,41.0,-23.0,-13.0,-2.0,9.0,18.0,24.0,33.0,44.0,57.0,70.0,3.205699700000001,3.4499514199999988,5.260975019999998,4.18471868,5.243398484463308,794548289,B0-POSSESSION-DRIVE-SCORE-PROCESS-V1,2023,2022,2022-REG-END,0.0,0.05,phase3-feature-provenance-v1,5f148219527b07d85261d3f196ace97a5eb5646271d43596032a692389abc579,2c5cc1af74fc5f3955e44361b82b791710e4b63bbc69b0c15570617e2d86e543,NONE,B0-poisson-multinomial-rare-tail-v1,10000
2023_15_LAC_LV,2023,15,2023-12-14,LV,LAC,63.0,21.0,42.0,84.0,24.9758,26.7227,-1.7469,51.6985,0.46094999999999997,161.86880124012401,177.8451892289229,320.92113250325036,358.5068484348435,11.107669785243699,11.113545887525765,0.2204472973322822,0.2082328077717451,0.2658708033200147,0.1579290082745904,10.0,16.0,24.0,33.0,41.0,10.0,17.0,26.0,35.0,44.0,-24.0,-14.0,-2.0,10.0,21.0,28.0,38.0,50.0,64.0,77.0,31.02059094,3.7615690099999997,33.80958525,22.781850549999998,29.441531175786018,3772480692,B0-POSSESSION-DRIVE-SCORE-PROCESS-V1,2023,2022,2022-REG-END,0.0,0.05,phase3-feature-provenance-v1,5f148219527b07d85261d3f196ace97a5eb5646271d43596032a692389abc579,2c5cc1af74fc5f3955e44361b82b791710e4b63bbc69b0c15570617e2d86e543,NONE,B0-poisson-multinomial-rare-tail-v1,10000
2023_15_MIN_CIN,2023,15,2023-12-16,CIN,MIN,27.0,24.0,3.0,51.0,22.7795,23.6941,-0.9146,46.4736,0.47719999999999996,150.35771552155217,148.16794198419842,286.85819265926597,310.1931223522352,11.243208700918125,11.153428235737247,0.20524772253035378,0.16474837214703655,0.21626391172162984,0.1795987677170279,7.0,14.0,21.0,30.0,39.0,9.0,14.0,23.0,31.0,40.0,-23.0,-12.0,-1.0,10.0,21.0,25.0,34.0,45.0,58.0,70.0,3.8052946700000003,2.9165203699999998,4.28749204,4.877083900000001,5.219651643178091,1457414009,B0-POSSESSION-DRIVE-SCORE-PROCESS-V1,2023,2022,2022-REG-END,0.0,0.05,phase3-feature-provenance-v1,5f148219527b07d85261d3f196ace97a5eb5646271d43596032a692389abc579,2c5cc1af74fc5f3955e44361b82b791710e4b63bbc69b0c15570617e2d86e543,NONE,B0-poisson-multinomial-rare-tail-v1,10000
2023_15_NYG_NO,2023,15,2023-12-17,NO,NYG,24.0,6.0,18.0,30.0,26.7633,17.5188,9.2445,44.2821,0.7167,172.43451656165615,110.11485804580455,266.0189216421642,299.07982757275727,11.68531486372626,11.620717805739218,0.23282410451530172,0.1924426824169936,0.15013740990277794,0.1263021466766042,10.0,17.0,25.0,35.0,44.0,6.0,10.0,16.0,24.0,31.0,-11.0,-1.0,9.0,20.0,30.0,23.0,32.0,43.0,55.0,68.0,3.0736275099999997,6.4403932,5.7196805699999995,7.80980821,7.546119076171804,2949366418,B0-POSSESSION-DRIVE-SCORE-PROCESS-V1,2023,2022,2022-REG-END,0.0,0.05,phase3-feature-provenance-v1,5f148219527b07d85261d3f196ace97a5eb5646271d43596032a692389abc579,2c5cc1af74fc5f3955e44361b82b791710e4b63bbc69b0c15570617e2d86e543,NONE,B0-poisson-multinomial-rare-tail-v1,10000
2023_15_NYJ_MIA,2023,15,2023-12-17,MIA,NYJ,30.0,0.0,30.0,30.0,26.1579,18.446,7.7119,44.6039,0.6819999999999999,176.69423701370138,117.4408280828083,275.17961635163516,313.09051384138417,11.723858788142087,11.619603514430153,0.25591532597659045,0.12633804550082942,0.1620518375021816,0.12272713915949848,10.0,17.0,24.0,34.0,44.0,6.0,10.0,17.0,24.0,33.0,-13.0,-3.0,7.0,18.0,29.0,23.0,32.0,43.0,55.0,68.0,3.8806112299999995,12.411332940000001,14.54444923,7.997853869999998,12.626503304108239,1624634178,B0-POSSESSION-DRIVE-SCORE-PROCESS-V1,2023,2022,2022-REG-END,0.0,0.05,phase3-feature-provenance-v1,5f148219527b07d85261d3f196ace97a5eb5646271d43596032a692389abc579,2c5cc1af74fc5f3955e44361b82b791710e4b63bbc69b0c15570617e2d86e543,NONE,B0-poisson-multinomial-rare-tail-v1,10000
2023_15_PHI_SEA,2023,15,2023-12-18,SEA,PHI,20.0,17.0,3.0,37.0,24.5996,24.7753,-0.1757,49.3749,0.49350000000000005,164.39211905190518,170.6236722772277,313.2823577457746,356.7492249124913,11.025699665015798,11.139468764191628,0.25172036835093853,0.13034695981468142,0.25240202909265336,0.1256531420010206,10.0,16.0,23.0,33.0,41.0,9.0,16.0,23.0,33.0,42.0,-23.0,-11.0,0.0,11.0,22.0,26.0,36.0,48.0,61.0,74.10000000000036,3.29707974,4.2927767900000005,4.25881485,6.92212947,6.066046438102262,414160089,B0-POSSESSION-DRIVE-SCORE-PROCESS-V1,2023,2022,2022-REG-END,0.0,0.05,phase3-feature-provenance-v1,5f148219527b07d85261d3f196ace97a5eb5646271d43596032a692389abc579,2c5cc1af74fc5f3955e44361b82b791710e4b63bbc69b0c15570617e2d86e543,NONE,B0-poisson-multinomial-rare-tail-v1,10000
2023_15_PIT_IND,2023,15,2023-12-16,IND,PIT,30.0,13.0,17.0,43.0,21.9903,22.7012,-0.7109,44.6915,0.4844,144.28303421342133,144.48316687668768,269.13163435343535,308.40076782678267,11.364121968023555,11.668936591032107,0.2032851952532191,0.14693672889083398,0.19764911654620212,0.15977770249334797,7.0,13.0,20.0,30.0,38.0,8.0,14.0,21.0,30.0,38.0,-22.0,-11.0,0.0,10.0,20.0,23.0,33.0,43.0,56.0,68.0,5.4312764499999995,5.205968160000001,10.808093390000002,4.029886769999999,8.374222260753248,1862199727,B0-POSSESSION-DRIVE-SCORE-PROCESS-V1,2023,2022,2022-REG-END,0.0,0.05,phase3-feature-provenance-v1,5f148219527b07d85261d3f196ace97a5eb5646271d43596032a692389abc579,2c5cc1af74fc5f3955e44361b82b791710e4b63bbc69b0c15570617e2d86e543,NONE,B0-poisson-multinomial-rare-tail-v1,10000
2023_15_SF_ARI,2023,15,2023-12-17,ARI,SF,29.0,45.0,-16.0,74.0,21.5344,30.4271,-8.8927,51.9615,0.31134999999999996,146.20783742374238,211.63144873487352,328.0793946494649,387.5991776677668,10.986801555655495,11.074539802416314,0.217060464213588,0.12160960233447925,0.31926664040331937,0.1368899096084301,7.0,13.0,20.0,29.0,38.0,13.0,20.0,29.0,40.0,50.0,-32.0,-21.0,-9.0,3.0,14.0,28.0,38.0,50.0,64.0,78.0,5.18443642,9.39390387,5.38129837,14.30628093,11.143998206329162,4014572631,B0-POSSESSION-DRIVE-SCORE-PROCESS-V1,2023,2022,2022-REG-END,0.0,0.05,phase3-feature-provenance-v1,5f148219527b07d85261d3f196ace97a5eb5646271d43596032a692389abc579,2c5cc1af74fc5f3955e44361b82b791710e4b63bbc69b0c15570617e2d86e543,NONE,B0-poisson-multinomial-rare-tail-v1,10000
2023_15_TB_GB,2023,15,2023-12-17,GB,TB,20.0,34.0,-14.0,54.0,26.8295,23.2109,3.6186,50.0404,0.5790500000000001,184.28305805580555,152.93551474147415,310.12674671467147,364.31039887988794,11.109495286279836,10.934553507996737,0.28204519318480814,0.1245495709924475,0.23524898349409365,0.1364274581875306,10.0,17.0,26.0,35.0,45.0,8.0,14.0,22.0,31.0,40.0,-19.0,-8.0,3.0,15.0,27.0,27.0,37.0,48.0,62.0,75.0,4.0482672299999996,7.03142493,10.55730446,5.05724266,8.668296614363127,2647628141,B0-POSSESSION-DRIVE-SCORE-PROCESS-V1,2023,2022,2022-REG-END,0.0,0.05,phase3-feature-provenance-v1,5f148219527b07d85261d3f196ace97a5eb5646271d43596032a692389abc579,2c5cc1af74fc5f3955e44361b82b791710e4b63bbc69b0c15570617e2d86e543,NONE,B0-poisson-multinomial-rare-tail-v1,10000
2023_15_WAS_LA,2023,15,2023-12-17,LA,WAS,28.0,20.0,8.0,48.0,27.3487,20.8795,6.4692,48.2282,0.6444500000000001,187.2264309530953,136.3752172717272,305.22717407740765,341.9761223722373,11.222677711082866,11.37912065230637,0.27964033260911064,0.14099597779303,0.19588026300263708,0.13288770853702328,10.0,17.0,26.0,36.0,45.0,7.0,13.0,20.0,28.0,37.0,-15.0,-5.0,6.0,18.0,29.0,26.0,35.0,47.0,60.0,72.0,3.2979268100000008,2.708737290000001,4.08631098,4.364390140000001,4.731627462513654,535376704,B0-POSSESSION-DRIVE-SCORE-PROCESS-V1,2023,2022,2022-REG-END,0.0,0.05,phase3-feature-provenance-v1,5f148219527b07d85261d3f196ace97a5eb5646271d43596032a692389abc579,2c5cc1af74fc5f3955e44361b82b791710e4b63bbc69b0c15570617e2d86e543,NONE,B0-poisson-multinomial-rare-tail-v1,10000
2023_16_ARI_CHI,2023,16,2023-12-24,CHI,ARI,27.0,16.0,11.0,43.0,23.3936,20.0615,3.3321,43.4551,0.5769,162.06268530853083,127.77029477947795,274.44385397539753,305.2221062006201,11.22268916893729,11.17358922269576,0.23460107796725624,0.11589810623039677,0.1872089433088441,0.1341410268961414,7.0,14.0,22.0,31.0,41.0,7.0,12.0,19.0,27.0,35.0,-17.0,-8.0,3.0,14.0,24.0,23.0,31.0,42.0,54.0,66.0,3.6663162199999997,2.8928691499999992,5.314182710000001,4.08883943,5.266632775519167,3388724305,B0-POSSESSION-DRIVE-SCORE-PROCESS-V1,2023,2022,2022-REG-END,0.0,0.05,phase3-feature-provenance-v1,5f148219527b07d85261d3f196ace97a5eb5646271d43596032a692389abc579,2c5cc1af74fc5f3955e44361b82b791710e4b63bbc69b0c15570617e2d86e543,NONE,B0-poisson-multinomial-rare-tail-v1,10000
2023_16_BAL_SF,2023,16,2023-12-25,SF,BAL,19.0,33.0,-14.0,52.0,28.1174,25.2785,2.8389,53.3959,0.56235,194.0248197219722,167.03124087408742,328.8818349734973,393.23028621862187,11.204484366709986,10.988268658100104,0.29363193187767944,0.12891898186865897,0.24534710997195588,0.16858879143571262,10.0,17.0,27.0,37.0,47.0,10.0,16.0,24.0,33.0,43.0,-20.0,-10.0,3.0,15.0,26.0,30.0,40.0,52.0,66.0,79.0,5.046151440000001,5.368102790000001,10.03260249,4.61598691,8.21372080245429,1372370312,B0-POSSESSION-DRIVE-SCORE-PROCESS-V1,2023,2022,2022-REG-END,0.0,0.05,phase3-feature-provenance-v1,5f148219527b07d85261d3f196ace97a5eb5646271d43596032a692389abc579,2c5cc1af74fc5f3955e44361b82b791710e4b63bbc69b0c15570617e2d86e543,NONE,B0-poisson-multinomial-rare-tail-v1,10000
2023_16_BUF_LAC,2023,16,2023-12-23,LAC,BUF,22.0,24.0,-2.0,46.0,23.2918,28.7589,-5.4671,52.0507,0.3821,156.82173493349336,194.6910398939894,320.4215597459746,382.60398990899085,11.124962187961772,11.222593116950003,0.23140960910644381,0.1344624545016664,0.29226830939539306,0.14865887904669153,7.0,14.0,22.0,31.0,40.0,12.0,19.0,27.0,37.0,48.0,-28.0,-17.0,-5.5,7.0,17.0,28.0,38.0,50.0,64.0,78.0,2.89546044,3.6110697700000003,4.37626107,4.93734109,5.079574424076801,760342314,B0-POSSESSION-DRIVE-SCORE-PROCESS-V1,2023,2022,2022-REG-END,0.0,0.05,phase3-feature-provenance-v1,5f148219527b07d85261d3f196ace97a5eb5646271d43596032a692389abc579,2c5cc1af74fc5f3955e44361b82b791710e4b63bbc69b0c15570617e2d86e543,NONE,B0-poisson-multinomial-rare-tail-v1,10000
2023_16_CIN_PIT,2023,16,2023-12-23,PIT,CIN,34.0,11.0,23.0,45.0,23.052,20.7108,2.3412,43.7628,0.55655,147.29742574257426,136.67123048304828,263.3469172517252,304.59039519952,11.239224144894566,11.116823561710733,0.20471098441897165,0.17854706796760272,0.20029395980543613,0.1326537718833446,9.0,14.0,22.0,30.0,39.0,7.0,13.0,20.0,28.0,37.0,-18.0,-8.0,2.0,13.0,23.0,23.0,31.0,42.0,54.0,67.0,7.148269480000001,5.210366680000001,13.19174652,4.197103719999999,9.602545071041536,1431938554,B0-POSSESSION-DRIVE-SCORE-PROCESS-V1,2023,2022,2022-REG-END,0.0,0.05,phase3-feature-provenance-v1,5f148219527b07d85261d3f196ace97a5eb5646271d43596032a692389abc579,2c5cc1af74fc5f3955e44361b82b791710e4b63bbc69b0c15570617e2d86e543,NONE,B0-poisson-multinomial-rare-tail-v1,10000
2023_16_CLE_HOU,2023,16,2023-12-24,HOU,CLE,22.0,36.0,-14.0,58.0,23.33,21.9069,1.4231,45.2369,0.5343500000000001,152.8053805380538,144.83491588158816,278.46413280328034,316.8164600360036,12.185832966077797,11.956831431299356,0.21380395936500451,0.12196255231657455,0.20013432630909003,0.11724162725134478,9.0,14.0,22.0,31.0,40.0,7.0,13.0,20.0,29.0,38.0,-20.0,-10.0,1.0,12.0,23.0,23.0,33.0,44.0,56.0,69.0,2.9062667399999995,9.37194019,9.257955990000001,8.25610493,9.650312122985786,3172964426,B0-POSSESSION-DRIVE-SCORE-PROCESS-V1,2023,2022,2022-REG-END,0.0,0.05,phase3-feature-provenance-v1,5f148219527b07d85261d3f196ace97a5eb5646271d43596032a692389abc579,2c5cc1af74fc5f3955e44361b82b791710e4b63bbc69b0c15570617e2d86e543,NONE,B0-poisson-multinomial-rare-tail-v1,10000
2023_16_DAL_MIA,2023,16,2023-12-24,MIA,DAL,22.0,20.0,2.0,42.0,25.0991,28.5245,-3.4254,53.6236,0.42595,171.15979516951697,194.30703045304531,339.62479731973195,391.3088539253925,11.170803157742476,11.164004344557458,0.25433226551145666,0.12705612252493428,0.2979272918116134,0.13435808314418832,10.0,16.0,24.0,34.0,42.0,12.0,18.0,27.0,37.0,47.0,-27.0,-16.0,-3.0,9.0,20.0,30.0,40.0,52.0,66.0,80.0,3.1674634100000008,4.758711389999999,4.85691624,6.70402122,6.379593689326123,644390314,B0-POSSESSION-DRIVE-SCORE-PROCESS-V1,2023,2022,2022-REG-END,0.0,0.05,phase3-feature-provenance-v1,5f148219527b07d85261d3f196ace97a5eb5646271d43596032a692389abc579,2c5cc1af74fc5f3955e44361b82b791710e4b63bbc69b0c15570617e2d86e543,NONE,B0-poisson-multinomial-rare-tail-v1,10000
2023_16_DET_MIN,2023,16,2023-12-24,MIN,DET,24.0,30.0,-6.0,54.0,26.5526,23.6657,2.8869,50.2183,0.5657,180.27886112611262,152.33677718771878,309.58546693669365,355.6458096909691,11.080780446751323,11.131994570400723,0.2673969364060957,0.14892152625849164,0.21817076033326877,0.17302008336509586,10.0,17.0,25.0,34.0,44.0,9.0,14.0,23.0,31.0,40.0,-20.0,-9.0,3.0,14.0,25.0,27.0,37.0,49.0,62.0,75.0,3.1250969999999993,4.62255027,5.80731289,4.89652079,6.008869353736285,3836051250,B0-POSSESSION-DRIVE-SCORE-PROCESS-V1,2023,2022,2022-REG-END,0.0,0.05,phase3-feature-provenance-v1,5f148219527b07d85261d3f196ace97a5eb5646271d43596032a692389abc579,2c5cc1af74fc5f3955e44361b82b791710e4b63bbc69b0c15570617e2d86e543,NONE,B0-poisson-multinomial-rare-tail-v1,10000
2023_16_GB_CAR,2023,16,2023-12-24,CAR,GB,30.0,33.0,-3.0,63.0,22.664,23.9925,-1.3285,46.6565,0.46115,149.94529852985298,159.33617736773678,280.85007275727577,337.71287903790375,10.847722266649189,10.970712737871299,0.22097054224168233,0.15487595332331644,0.24127643234593732,0.133324078679693,7.0,14.0,21.0,30.0,39.0,9.0,14.0,23.0,31.0,41.0,-22.0,-12.0,-1.0,10.0,20.0,24.0,34.0,45.0,58.0,71.0,5.07407486,5.98103091,3.86600563,10.449072930000002,8.24741031580761,1855619905,B0-POSSESSION-DRIVE-SCORE-PROCESS-V1,2023,2022,2022-REG-END,0.0,0.05,phase3-feature-provenance-v1,5f148219527b07d85261d3f196ace97a5eb5646271d43596032a692389abc579,2c5cc1af74fc5f3955e44361b82b791710e4b63bbc69b0c15570617e2d86e543,NONE,B0-poisson-multinomial-rare-tail-v1,10000
2023_16_IND_ATL,2023,16,2023-12-24,ATL,IND,29.0,10.0,19.0,39.0,26.9531,24.66,2.2931,51.6131,0.5544,174.75877626762676,167.4103410341034,321.079700360036,363.2585342434243,11.614918857880152,11.35344770716131,0.23595498437543452,0.197677271922124,0.23099954745512669,0.15756998640806352,10.0,17.0,26.0,35.0,45.0,9.0,16.0,24.0,33.0,42.0,-21.0,-10.0,3.0,14.0,25.0,28.0,38.0,50.0,64.0,77.0,3.4228350899999995,8.45597472,10.040748630000001,7.057649470000001,9.4275950806967,645452586,B0-POSSESSION-DRIVE-SCORE-PROCESS-V1,2023,2022,2022-REG-END,0.0,0.05,phase3-feature-provenance-v1,5f148219527b07d85261d3f196ace97a5eb5646271d43596032a692389abc579,2c5cc1af74fc5f3955e44361b82b791710e4b63bbc69b0c15570617e2d86e543,NONE,B0-poisson-multinomial-rare-tail-v1,10000
2023_16_JAX_TB,2023,16,2023-12-24,TB,JAX,30.0,12.0,18.0,42.0,26.6886,22.0702,4.6184,48.7588,0.6018,178.76730677067707,145.00577253725373,304.17579901990194,343.37035959595954,11.319978172663365,11.328950514055967,0.2667424153489762,0.13668395300166797,0.20953356206936682,0.13084121505327068,10.0,17.0,26.0,35.0,44.0,7.0,13.0,21.0,30.0,38.0,-17.0,-7.0,4.0,16.0,27.0,26.0,36.0,47.0,61.0,73.0,3.7037172600000003,5.45592926,8.06225876,4.978965440000001,7.197482630716779,2546100039,B0-POSSESSION-DRIVE-SCORE-PROCESS-V1,2023,2022,2022-REG-END,0.0,0.05,phase3-feature-provenance-v1,5f148219527b07d85261d3f196ace97a5eb5646271d43596032a692389abc579,2c5cc1af74fc5f3955e44361b82b791710e4b63bbc69b0c15570617e2d86e543,NONE,B0-poisson-multinomial-rare-tail-v1,10000
2023_16_LV_KC,2023,16,2023-12-25,KC,LV,14.0,20.0,-6.0,34.0,30.6541,21.6757,8.9784,52.3298,0.6941999999999999,212.39529271927196,136.48837834783478,324.73540698069803,373.03193515351535,11.100717272126662,11.014660838693013,0.2991268322567345,0.1950192153306374,0.19661769939157867,0.1664351121540132,13.0,20.0,30.0,40.0,50.0,7.0,13.0,20.0,29.0,37.0,-13.0,-3.0,9.0,21.0,32.0,29.0,39.0,51.0,64.0,78.0,9.63609513,2.7353880100000003,8.79520842,10.258394419999998,10.172481722594263,526261218,B0-POSSESSION-DRIVE-SCORE-PROCESS-V1,2023,2022,2022-REG-END,0.0,0.05,phase3-feature-provenance-v1,5f148219527b07d85261d3f196ace97a5eb5646271d43596032a692389abc579,2c5cc1af74fc5f3955e44361b82b791710e4b63bbc69b0c15570617e2d86e543,NONE,B0-poisson-multinomial-rare-tail-v1,10000
2023_16_NE_DEN,2023,16,2023-12-24,DEN,NE,23.0,26.0,-3.0,49.0,18.0722,20.8235,-2.7513,38.8957,0.43065,114.96268342834286,126.2245702070207,229.49119742974295,252.8833098409841,11.561202561826683,11.454979988740638,0.16069021310945972,0.11965237899269852,0.16452931079166264,0.19319670135811265,6.0,10.0,17.0,24.0,33.0,7.0,13.0,20.0,27.0,36.0,-22.0,-13.0,-3.0,7.0,16.0,20.0,27.0,38.0,49.0,60.0,3.801227279999999,3.988489630000001,3.4496765499999995,6.75684163,5.985298115087868,930061515,B0-POSSESSION-DRIVE-SCORE-PROCESS-V1,2023,2022,2022-REG-END,0.0,0.05,phase3-feature-provenance-v1,5f148219527b07d85261d3f196ace97a5eb5646271d43596032a692389abc579,2c5cc1af74fc5f3955e44361b82b791710e4b63bbc69b0c15570617e2d86e543,NONE,B0-poisson-multinomial-rare-tail-v1,10000
2023_16_NO_LA,2023,16,2023-12-21,LA,NO,30.0,22.0,8.0,52.0,23.911,24.2886,-0.3776,48.1996,0.48965,158.5047294729473,158.68297833783376,288.9145096909691,345.460905930593,11.221486476694503,11.29227186588927,0.23324013919958592,0.13773248458553491,0.23429114253384248,0.14588804217539225,9.0,14.0,23.0,31.0,41.0,9.0,15.0,23.0,32.0,41.0,-22.0,-12.0,0.0,11.0,21.0,25.0,34.0,47.0,60.0,73.0,4.506685020000001,3.03367948,5.565615380000001,4.8655556,5.828397686621905,2579160542,B0-POSSESSION-DRIVE-SCORE-PROCESS-V1,2023,2022,2022-REG-END,0.0,0.05,phase3-feature-provenance-v1,5f148219527b07d85261d3f196ace97a5eb5646271d43596032a692389abc579,2c5cc1af74fc5f3955e44361b82b791710e4b63bbc69b0c15570617e2d86e543,NONE,B0-poisson-multinomial-rare-tail-v1,10000
2023_16_NYG_PHI,2023,16,2023-12-25,PHI,NYG,33.0,25.0,8.0,58.0,26.5173,18.2371,8.2802,44.7544,0.68735,177.37243795379538,118.87377096709672,273.9992878887889,318.49312995299533,11.233917096775764,11.087611770623798,0.25991867236888877,0.15786607867209257,0.16876290088572013,0.12422875152725993,10.0,17.0,25.0,34.25,45.0,6.0,10.0,17.0,24.0,33.0,-13.0,-3.0,8.0,19.0,30.0,23.0,32.0,43.0,56.0,68.0,4.819778769999999,4.71028469,3.8105144000000006,8.542814560000002,7.187563838705946,3717047607,B0-POSSESSION-DRIVE-SCORE-PROCESS-V1,2023,2022,2022-REG-END,0.0,0.05,phase3-feature-provenance-v1,5f148219527b07d85261d3f196ace97a5eb5646271d43596032a692389abc579,2c5cc1af74fc5f3955e44361b82b791710e4b63bbc69b0c15570617e2d86e543,NONE,B0-poisson-multinomial-rare-tail-v1,10000
2023_16_SEA_TEN,2023,16,2023-12-24,TEN,SEA,17.0,20.0,-3.0,37.0,24.2818,24.8901,-0.6083,49.1719,0.48535,164.68505726572658,167.01032302230223,313.247595869587,350.14316470647066,11.302736629554559,11.24187166140081,0.2520969494468783,0.10576233365502556,0.24498619719490625,0.1378958635147063,9.0,14.0,23.0,32.0,41.0,10.0,16.0,24.0,33.0,42.0,-23.0,-12.0,-1.0,11.0,22.0,27.0,36.0,48.0,61.0,74.0,4.115275279999999,3.4044638099999993,4.22519949,6.80620259,6.037175520842419,918158732,B0-POSSESSION-DRIVE-SCORE-PROCESS-V1,2023,2022,2022-REG-END,0.0,0.05,phase3-feature-provenance-v1,5f148219527b07d85261d3f196ace97a5eb5646271d43596032a692389abc579,2c5cc1af74fc5f3955e44361b82b791710e4b63bbc69b0c15570617e2d86e543,NONE,B0-poisson-multinomial-rare-tail-v1,10000
2023_16_WAS_NYJ,2023,16,2023-12-24,NYJ,WAS,30.0,28.0,2.0,58.0,18.9977,20.1473,-1.1496,39.145,0.4677,121.26382109210921,128.7710798179818,240.7054903890389,259.3643114311431,11.641536498924294,11.740117923465156,0.16600517611371501,0.132365262531523,0.17271924046326056,0.13659614499175793,6.0,10.0,17.0,26.0,34.0,7.0,12.0,19.0,27.0,35.0,-21.0,-11.0,-1.0,9.0,18.0,20.0,27.0,38.0,49.0,61.0,7.22900723,5.27998557,3.8346104599999986,12.32501048,9.396871632741037,2432197817,B0-POSSESSION-DRIVE-SCORE-PROCESS-V1,2023,2022,2022-REG-END,0.0,0.05,phase3-feature-provenance-v1,5f148219527b07d85261d3f196ace97a5eb5646271d43596032a692389abc579,2c5cc1af74fc5f3955e44361b82b791710e4b63bbc69b0c15570617e2d86e543,NONE,B0-poisson-multinomial-rare-tail-v1,10000
2023_17_ARI_PHI,2023,17,2023-12-31,PHI,ARI,31.0,35.0,-4.0,66.0,28.2658,20.0373,8.2285,48.3031,0.6763,197.69351971197122,131.43205191519152,303.17140489048904,355.0797383638363,11.014514927027452,10.89581084893838,0.30179871853619655,0.12756862419977572,0.20069133432888228,0.11788365495400473,10.0,17.0,27.0,37.0,47.0,7.0,12.0,19.0,27.0,35.0,-14.0,-3.0,8.0,20.0,30.0,26.0,35.0,47.0,60.0,73.0,3.709685320000001,10.076074870000001,7.20604307,11.34082493,10.576607381244024,2507937517,B0-POSSESSION-DRIVE-SCORE-PROCESS-V1,2023,2022,2022-REG-END,0.0,0.05,phase3-feature-provenance-v1,5f148219527b07d85261d3f196ace97a5eb5646271d43596032a692389abc579,2c5cc1af74fc5f3955e44361b82b791710e4b63bbc69b0c15570617e2d86e543,NONE,B0-poisson-multinomial-rare-tail-v1,10000
2023_17_ATL_CHI,2023,17,2023-12-31,CHI,ATL,37.0,17.0,20.0,54.0,22.9007,23.7044,-0.8037,46.6051,0.48015,158.46788629862985,148.94611525152516,281.94336064606466,332.88464245424547,11.176918377223368,11.244633602283193,0.23259410035816447,0.11928165332545461,0.20829615140774352,0.19375151400784887,7.0,14.0,21.0,31.0,40.0,9.0,15.0,23.0,31.0,40.0,-22.0,-12.0,-1.0,10.0,21.0,24.0,34.0,45.0,58.0,71.0,9.31956647,3.8542517200000006,13.17428849,5.880839129999998,10.452801866422803,272568017,B0-POSSESSION-DRIVE-SCORE-PROCESS-V1,2023,2022,2022-REG-END,0.0,0.05,phase3-feature-provenance-v1,5f148219527b07d85261d3f196ace97a5eb5646271d43596032a692389abc579,2c5cc1af74fc5f3955e44361b82b791710e4b63bbc69b0c15570617e2d86e543,NONE,B0-poisson-multinomial-rare-tail-v1,10000
2023_17_CAR_JAX,2023,17,2023-12-31,JAX,CAR,26.0,0.0,26.0,26.0,21.7162,21.7623,-0.0461,43.4785,0.49785,138.3490924692469,137.33033174317433,259.73014780478053,291.62870062006203,11.27743325509767,11.251712144512293,0.20090203679540275,0.14762387471499122,0.20255177994119247,0.15113488423620822,7.0,13.0,20.0,29.0,37.0,7.0,13.0,20.0,29.0,37.0,-20.0,-11.0,0.0,10.0,20.0,23.0,31.0,42.0,54.0,66.0,3.7008418999999995,15.20128727,17.76821589,9.99358997,15.154033602138028,2757804682,B0-POSSESSION-DRIVE-SCORE-PROCESS-V1,2023,2022,2022-REG-END,0.0,0.05,phase3-feature-provenance-v1,5f148219527b07d85261d3f196ace97a5eb5646271d43596032a692389abc579,2c5cc1af74fc5f3955e44361b82b791710e4b63bbc69b0c15570617e2d86e543,NONE,B0-poisson-multinomial-rare-tail-v1,10000
2023_17_CIN_KC,2023,17,2023-12-31,KC,CIN,25.0,17.0,8.0,42.0,28.7031,21.3535,7.3496,50.0566,0.66075,187.25067545754575,141.76111386138612,300.61364120412037,357.4099374337434,10.97983249446586,11.074972711211405,0.27554542628511247,0.20779290705383593,0.21270737128260747,0.11729876064135013,13.0,19.0,27.0,37.0,47.0,7.0,13.0,20.0,28.0,37.0,-14.0,-4.0,7.0,18.0,30.0,27.0,37.0,48.0,62.0,75.0,3.3429463299999993,3.0657433099999993,3.96405588,5.34549436,5.136789942158993,2215599156,B0-POSSESSION-DRIVE-SCORE-PROCESS-V1,2023,2022,2022-REG-END,0.0,0.05,phase3-feature-provenance-v1,5f148219527b07d85261d3f196ace97a5eb5646271d43596032a692389abc579,2c5cc1af74fc5f3955e44361b82b791710e4b63bbc69b0c15570617e2d86e543,NONE,B0-poisson-multinomial-rare-tail-v1,10000
2023_17_DET_DAL,2023,17,2023-12-30,DAL,DET,20.0,19.0,1.0,39.0,33.4013,23.8359,9.5654,57.2372,0.6948,235.06736504650465,156.54422561256126,355.86850969096906,427.35467162716265,10.90339731983887,10.912240178461452,0.3684584384845492,0.14093784526138226,0.2353455304503823,0.14833558822092596,14.0,23.0,32.0,43.0,54.0,9.0,14.0,23.0,31.0,41.0,-14.0,-3.0,9.0,22.0,34.0,32.0,43.0,55.5,70.0,85.0,7.315923909999999,3.3674112899999997,5.792425960000001,10.137533539999998,8.56532520937371,856678965,B0-POSSESSION-DRIVE-SCORE-PROCESS-V1,2023,2022,2022-REG-END,0.0,0.05,phase3-feature-provenance-v1,5f148219527b07d85261d3f196ace97a5eb5646271d43596032a692389abc579,2c5cc1af74fc5f3955e44361b82b791710e4b63bbc69b0c15570617e2d86e543,NONE,B0-poisson-multinomial-rare-tail-v1,10000
2023_17_GB_MIN,2023,17,2023-12-31,MIN,GB,10.0,33.0,-23.0,43.0,25.4705,23.679,1.7915,49.1495,0.54055,175.9153212821282,157.38629762976296,312.25205295529554,354.3511848684868,10.797400272581015,10.964769096080305,0.2593377571659893,0.15491336571188363,0.2309723774792395,0.14945614599649973,10.0,16.0,24.0,34.0,43.0,9.0,14.0,23.0,31.0,41.0,-20.0,-10.0,2.0,13.0,24.0,26.0,36.0,47.0,61.0,74.0,8.93912537,6.1529231200000005,16.16271433,4.80815615,11.705590292448678,3078032974,B0-POSSESSION-DRIVE-SCORE-PROCESS-V1,2023,2022,2022-REG-END,0.0,0.05,phase3-feature-provenance-v1,5f148219527b07d85261d3f196ace97a5eb5646271d43596032a692389abc579,2c5cc1af74fc5f3955e44361b82b791710e4b63bbc69b0c15570617e2d86e543,NONE,B0-poisson-multinomial-rare-tail-v1,10000
2023_17_LAC_DEN,2023,17,2023-12-31,DEN,LAC,16.0,9.0,7.0,25.0,21.7639,22.806,-1.0421,44.5699,0.4772,140.9424510351035,144.8660506050605,264.6227898689869,306.9942134113411,11.508468431323692,11.474324205585043,0.1920935653384408,0.1529966891078402,0.2065765056675373,0.15774729020744346,7.0,13.0,20.0,29.0,38.0,9.0,14.0,21.0,30.0,39.0,-22.0,-12.0,-1.0,10.0,20.0,23.0,32.0,43.0,55.0,68.0,3.44338455,7.9181314,5.29100957,11.360946810000002,9.123659086199892,2705396825,B0-POSSESSION-DRIVE-SCORE-PROCESS-V1,2023,2022,2022-REG-END,0.0,0.05,phase3-feature-provenance-v1,5f148219527b07d85261d3f196ace97a5eb5646271d43596032a692389abc579,2c5cc1af74fc5f3955e44361b82b791710e4b63bbc69b0c15570617e2d86e543,NONE,B0-poisson-multinomial-rare-tail-v1,10000
2023_17_LA_NYG,2023,17,2023-12-31,NYG,LA,25.0,26.0,-1.0,51.0,20.0699,26.0205,-5.9506,46.0904,0.36035,130.58627261726173,172.32451220122013,283.7751371537154,322.04643248324834,11.318361815356203,11.263428922798743,0.18805761786073308,0.12106116713160157,0.24135938310477797,0.179059754057342,7.0,12.0,19.0,27.0,35.0,10.0,16.0,25.0,34.0,44.0,-27.0,-17.0,-6.0,5.0,15.0,24.0,33.0,45.0,58.0,70.0,3.94864571,3.1468419500000007,4.39789124,5.072769979999999,5.385405202683021,3688717615,B0-POSSESSION-DRIVE-SCORE-PROCESS-V1,2023,2022,2022-REG-END,0.0,0.05,phase3-feature-provenance-v1,5f148219527b07d85261d3f196ace97a5eb5646271d43596032a692389abc579,2c5cc1af74fc5f3955e44361b82b791710e4b63bbc69b0c15570617e2d86e543,NONE,B0-poisson-multinomial-rare-tail-v1,10000
2023_17_LV_IND,2023,17,2023-12-31,IND,LV,23.0,20.0,3.0,43.0,26.4983,24.443,2.0553,50.9413,0.5425,175.40533764376437,156.36138713871387,306.2422661366137,357.2911834283429,11.483315228377906,11.538806547621773,0.2435514762378684,0.1760626306460997,0.20131050804047423,0.20648336003222745,10.0,17.0,26.0,35.0,44.0,9.0,16.0,23.0,32.0,41.0,-20.0,-10.0,2.0,14.0,24.0,27.0,37.0,50.0,63.0,76.0,3.26318969,3.2338686,4.05221439,5.26524223,5.21258421518333,1244432587,B0-POSSESSION-DRIVE-SCORE-PROCESS-V1,2023,2022,2022-REG-END,0.0,0.05,phase3-feature-provenance-v1,5f148219527b07d85261d3f196ace97a5eb5646271d43596032a692389abc579,2c5cc1af74fc5f3955e44361b82b791710e4b63bbc69b0c15570617e2d86e543,NONE,B0-poisson-multinomial-rare-tail-v1,10000
2023_17_MIA_BAL,2023,17,2023-12-31,BAL,MIA,56.0,19.0,37.0,75.0,28.0265,22.8606,5.1659,50.8871,0.6142,185.1315109010901,151.85755339533952,310.08818600860087,363.88994258425845,11.303566733416712,11.19595244180249,0.2727250982263895,0.1671002191661757,0.23353442016326717,0.11117661023831472,12.0,19.0,27.0,37.0,46.0,7.0,14.0,21.0,31.0,40.0,-17.0,-7.0,5.0,17.0,27.0,27.0,37.0,50.0,63.0,76.0,20.87366543,3.1148635800000006,22.517862649999998,15.95452551,20.050005243089032,1375108043,B0-POSSESSION-DRIVE-SCORE-PROCESS-V1,2023,2022,2022-REG-END,0.0,0.05,phase3-feature-provenance-v1,5f148219527b07d85261d3f196ace97a5eb5646271d43596032a692389abc579,2c5cc1af74fc5f3955e44361b82b791710e4b63bbc69b0c15570617e2d86e543,NONE,B0-poisson-multinomial-rare-tail-v1,10000
2023_17_NE_BUF,2023,17,2023-12-31,BUF,NE,27.0,21.0,6.0,48.0,25.5976,20.0443,5.5533,45.6419,0.6282,173.24999923992397,127.47408491849185,282.0367627862786,319.41140553055305,11.45830476860281,11.301764404427448,0.25560488053756003,0.12135789630075043,0.1747623729778638,0.15552182006279663,10.0,16.0,24.0,34.0,44.0,7.0,12.0,19.0,27.0,35.0,-15.0,-6.0,5.0,17.0,27.0,23.0,33.0,44.0,57.0,69.0,3.3061092199999997,2.8149539700000004,3.8317442699999997,4.460649030000001,4.634738075149874,2403311326,B0-POSSESSION-DRIVE-SCORE-PROCESS-V1,2023,2022,2022-REG-END,0.0,0.05,phase3-feature-provenance-v1,5f148219527b07d85261d3f196ace97a5eb5646271d43596032a692389abc579,2c5cc1af74fc5f3955e44361b82b791710e4b63bbc69b0c15570617e2d86e543,NONE,B0-poisson-multinomial-rare-tail-v1,10000
2023_17_NO_TB,2023,17,2023-12-31,TB,NO,13.0,23.0,-10.0,36.0,23.0586,24.7711,-1.7125,47.8297,0.46515,153.5659226322632,168.04850964096408,300.34587833783377,342.8829862086209,11.178750901090245,11.239482119220249,0.23182146244713847,0.12083315383812869,0.2396089696577727,0.14638761220375543,7.0,14.0,21.0,31.0,40.0,9.0,16.0,24.0,33.0,42.0,-24.0,-13.0,-1.5,10.0,20.0,25.0,34.0,47.0,59.0,72.0,5.41308314,3.040778509999999,5.640304390000001,6.72205827,6.796418540812189,225494532,B0-POSSESSION-DRIVE-SCORE-PROCESS-V1,2023,2022,2022-REG-END,0.0,0.05,phase3-feature-provenance-v1,5f148219527b07d85261d3f196ace97a5eb5646271d43596032a692389abc579,2c5cc1af74fc5f3955e44361b82b791710e4b63bbc69b0c15570617e2d86e543,NONE,B0-poisson-multinomial-rare-tail-v1,10000
2023_17_NYJ_CLE,2023,17,2023-12-28,CLE,NYJ,37.0,20.0,17.0,57.0,22.0189,17.661,4.3579,39.6799,0.61305,143.72971576157616,110.3041094109411,242.30263785378534,265.76501249124914,12.292851125876023,12.355654651875025,0.19570735132694236,0.11401552011892843,0.14484056517609462,0.11808181869680275,7.0,13.0,21.0,30.0,38.0,6.0,10.0,17.0,24.0,32.0,-16.0,-6.0,4.0,14.0,24.0,20.0,28.0,38.0,50.0,61.0,9.98977631,2.894263519999999,7.571444530000001,11.16277711,10.217499932705524,1306135448,B0-POSSESSION-DRIVE-SCORE-PROCESS-V1,2023,2022,2022-REG-END,0.0,0.05,phase3-feature-provenance-v1,5f148219527b07d85261d3f196ace97a5eb5646271d43596032a692389abc579,2c5cc1af74fc5f3955e44361b82b791710e4b63bbc69b0c15570617e2d86e543,NONE,B0-poisson-multinomial-rare-tail-v1,10000
2023_17_PIT_SEA,2023,17,2023-12-31,SEA,PIT,23.0,30.0,-7.0,53.0,23.2789,19.9992,3.2797,43.2781,0.5791,159.6246772577258,128.0634057005701,271.8002479347935,303.57591798179817,11.017158531249649,11.188508384006822,0.23509653087479038,0.12699219567366515,0.18202814346693735,0.14374083945097393,7.0,14.0,21.0,31.0,40.100000000000364,7.0,12.0,19.0,27.0,35.0,-17.0,-7.0,3.0,14.0,24.0,22.0,31.0,42.0,54.0,67.0,3.005072310000001,6.54312474,6.24467355,6.733801250000001,7.343883344819707,437966225,B0-POSSESSION-DRIVE-SCORE-PROCESS-V1,2023,2022,2022-REG-END,0.0,0.05,phase3-feature-provenance-v1,5f148219527b07d85261d3f196ace97a5eb5646271d43596032a692389abc579,2c5cc1af74fc5f3955e44361b82b791710e4b63bbc69b0c15570617e2d86e543,NONE,B0-poisson-multinomial-rare-tail-v1,10000
2023_17_SF_WAS,2023,17,2023-12-31,WAS,SF,10.0,27.0,-17.0,37.0,21.2383,30.0436,-8.8053,51.2819,0.31605,140.61997510751073,204.79317835783579,328.17460937093705,362.651697559756,11.319865398269863,11.448684902514849,0.20178984343558834,0.12974334140125857,0.29902970649256133,0.14339141867499647,7.0,13.0,20.0,28.0,37.0,13.0,20.0,29.0,39.0,49.0,-32.0,-21.0,-9.0,3.0,14.0,28.0,37.0,50.0,64.0,76.0,6.101492510000001,3.3766491600000004,5.738301829999999,7.903843010000001,7.509031284164768,2641180518,B0-POSSESSION-DRIVE-SCORE-PROCESS-V1,2023,2022,2022-REG-END,0.0,0.05,phase3-feature-provenance-v1,5f148219527b07d85261d3f196ace97a5eb5646271d43596032a692389abc579,2c5cc1af74fc5f3955e44361b82b791710e4b63bbc69b0c15570617e2d86e543,NONE,B0-poisson-multinomial-rare-tail-v1,10000
2023_17_TEN_HOU,2023,17,2023-12-31,HOU,TEN,26.0,3.0,23.0,29.0,22.8367,24.9444,-2.1077,47.7811,0.4541,145.1703501450145,170.93240188018802,294.6477654865487,337.5577385638564,11.326522181170914,11.417718973109995,0.215176179430879,0.1451419716846561,0.25341051298259776,0.10906877574429492,9.0,14.0,21.0,30.0,39.0,10.0,16.0,24.0,33.0,42.0,-24.0,-13.0,-2.0,9.25,20.0,26.0,34.0,46.0,59.0,72.0,3.4358369499999997,14.747700279999998,16.51168161,10.63774649,14.682988086445116,1092851012,B0-POSSESSION-DRIVE-SCORE-PROCESS-V1,2023,2022,2022-REG-END,0.0,0.05,phase3-feature-provenance-v1,5f148219527b07d85261d3f196ace97a5eb5646271d43596032a692389abc579,2c5cc1af74fc5f3955e44361b82b791710e4b63bbc69b0c15570617e2d86e543,NONE,B0-poisson-multinomial-rare-tail-v1,10000
2023_18_ATL_NO,2023,18,2024-01-07,NO,ATL,48.0,17.0,31.0,65.0,27.4801,22.5022,4.9779,49.9823,0.60815,186.3556395539554,145.84757991799177,309.73538512851286,354.67105381538147,11.286291628707668,11.279173661390212,0.27280904104695,0.15166264063378235,0.19847608922469123,0.17434877011626834,10.0,17.0,26.0,36.0,46.0,9.0,13.0,21.0,30.0,39.0,-17.0,-7.0,4.0,17.0,28.0,27.0,37.0,48.0,62.0,75.0,14.13570413,3.3333347200000008,17.30210559,9.598885330000002,14.432546412031792,344097895,B0-POSSESSION-DRIVE-SCORE-PROCESS-V1,2023,2022,2022-REG-END,0.0,0.05,phase3-feature-provenance-v1,5f148219527b07d85261d3f196ace97a5eb5646271d43596032a692389abc579,2c5cc1af74fc5f3955e44361b82b791710e4b63bbc69b0c15570617e2d86e543,NONE,B0-poisson-multinomial-rare-tail-v1,10000
2023_18_BUF_MIA,2023,18,2024-01-07,MIA,BUF,14.0,21.0,-7.0,35.0,23.9467,27.3425,-3.3958,51.2892,0.42805,162.49070818081807,191.89898364836483,316.75621798179816,392.02316567656766,11.133288800831734,11.218943010095865,0.24812185602003298,0.11320454393759447,0.280113772834386,0.13122746204300997,9.0,14.0,23.0,31.0,41.0,10.0,17.0,26.0,36.0,46.0,-26.0,-15.0,-3.0,9.0,20.0,27.0,37.0,49.0,64.0,78.0,5.30562797,3.94713283,4.45921562,8.897799659999999,7.340650285521127,3089277303,B0-POSSESSION-DRIVE-SCORE-PROCESS-V1,2023,2022,2022-REG-END,0.0,0.05,phase3-feature-provenance-v1,5f148219527b07d85261d3f196ace97a5eb5646271d43596032a692389abc579,2c5cc1af74fc5f3955e44361b82b791710e4b63bbc69b0c15570617e2d86e543,NONE,B0-poisson-multinomial-rare-tail-v1,10000
2023_18_CHI_GB,2023,18,2024-01-07,GB,CHI,17.0,9.0,8.0,26.0,26.1454,21.4341,4.7113,47.5795,0.6113000000000001,181.57401624162418,141.94965215521552,294.9396462746275,352.1076905190519,11.072809341682188,10.955600145004649,0.2696052344196027,0.13327410035146559,0.2207079395880717,0.11901984540004673,10.0,17.0,24.0,34.0,44.0,7.0,13.0,20.0,29.0,37.0,-17.0,-7.0,4.0,16.0,27.0,24.0,34.0,46.0,59.0,72.0,4.96281414,6.90356843,4.18880289,12.641415530000002,9.336186282410411,1289972888,B0-POSSESSION-DRIVE-SCORE-PROCESS-V1,2023,2022,2022-REG-END,0.0,0.05,phase3-feature-provenance-v1,5f148219527b07d85261d3f196ace97a5eb5646271d43596032a692389abc579,2c5cc1af74fc5f3955e44361b82b791710e4b63bbc69b0c15570617e2d86e543,NONE,B0-poisson-multinomial-rare-tail-v1,10000
2023_18_CLE_CIN,2023,18,2024-01-07,CIN,CLE,31.0,14.0,17.0,45.0,24.7412,22.9549,1.7863,47.6961,0.5383,163.5493774977498,150.6223282228223,296.5940917191719,331.7493197219722,11.970464662747261,11.711761684489565,0.23408338333392467,0.12161578429560632,0.21166660734191226,0.13819838212707958,9.0,16.0,24.0,33.0,42.0,7.0,14.0,21.0,31.0,40.0,-20.0,-10.0,1.0,13.0,24.0,26.0,34.0,46.0,59.0,72.0,4.619383139999999,4.7822529099999995,9.17061957,4.309112390000001,7.515790936992136,3880814657,B0-POSSESSION-DRIVE-SCORE-PROCESS-V1,2023,2022,2022-REG-END,0.0,0.05,phase3-feature-provenance-v1,5f148219527b07d85261d3f196ace97a5eb5646271d43596032a692389abc579,2c5cc1af74fc5f3955e44361b82b791710e4b63bbc69b0c15570617e2d86e543,NONE,B0-poisson-multinomial-rare-tail-v1,10000
2023_18_DAL_WAS,2023,18,2024-01-07,WAS,DAL,10.0,38.0,-28.0,48.0,20.3806,29.6676,-9.287,50.0482,0.30525,132.6564092809281,206.10952119211922,316.15064606460646,361.3812148814881,11.270874026908704,11.243544244558512,0.18673768503243787,0.14511770137877095,0.30153113416687494,0.14768556128644286,7.0,13.0,19.0,27.0,36.0,13.0,20.0,28.0,39.0,48.0,-32.0,-21.0,-9.0,3.0,13.0,27.0,37.0,49.0,62.0,75.0,5.52615176,5.726403300000001,11.55935148,4.405961420000001,8.864293061320417,1376572762,B0-POSSESSION-DRIVE-SCORE-PROCESS-V1,2023,2022,2022-REG-END,0.0,0.05,phase3-feature-provenance-v1,5f148219527b07d85261d3f196ace97a5eb5646271d43596032a692389abc579,2c5cc1af74fc5f3955e44361b82b791710e4b63bbc69b0c15570617e2d86e543,NONE,B0-poisson-multinomial-rare-tail-v1,10000
2023_18_DEN_LV,2023,18,2024-01-07,LV,DEN,27.0,14.0,13.0,41.0,22.9404,21.1488,1.7916,44.0892,0.5419,142.3422820682068,134.64032259225922,258.35360480048,295.61160452045203,11.266915545077518,11.374065550860557,0.189015065364033,0.21156856166119456,0.1839633190201135,0.1631858438843395,9.0,14.0,22.0,30.0,39.0,7.0,13.0,20.0,28.0,37.0,-18.0,-9.0,2.0,13.0,22.0,23.0,32.0,43.0,55.0,67.0,3.6549244400000003,3.86433684,6.732346920000001,4.128483880000001,5.960118791220987,3574506683,B0-POSSESSION-DRIVE-SCORE-PROCESS-V1,2023,2022,2022-REG-END,0.0,0.05,phase3-feature-provenance-v1,5f148219527b07d85261d3f196ace97a5eb5646271d43596032a692389abc579,2c5cc1af74fc5f3955e44361b82b791710e4b63bbc69b0c15570617e2d86e543,NONE,B0-poisson-multinomial-rare-tail-v1,10000
2023_18_HOU_IND,2023,18,2024-01-06,IND,HOU,19.0,23.0,-4.0,42.0,25.6654,21.8733,3.7921,47.5387,0.5856,168.42188502850283,140.4010872187219,289.9680743974397,327.6778700970097,11.597189271633582,11.55710075758349,0.2388052371044885,0.15059146642609053,0.1953110161982885,0.14935210436562743,10.0,17.0,24.0,34.0,43.0,7.0,13.0,20.0,29.0,37.0,-17.0,-7.0,4.0,14.0,25.0,26.0,34.0,46.0,59.0,71.0,3.89449386,2.915238950000001,5.218769510000001,4.59080013,5.400043142022094,1447694755,B0-POSSESSION-DRIVE-SCORE-PROCESS-V1,2023,2022,2022-REG-END,0.0,0.05,phase3-feature-provenance-v1,5f148219527b07d85261d3f196ace97a5eb5646271d43596032a692389abc579,2c5cc1af74fc5f3955e44361b82b791710e4b63bbc69b0c15570617e2d86e543,NONE,B0-poisson-multinomial-rare-tail-v1,10000
2023_18_JAX_TEN,2023,18,2024-01-07,TEN,JAX,28.0,20.0,8.0,48.0,24.0634,21.4895,2.5739,45.5529,0.5600999999999999,161.72635307530751,142.16790654065406,288.91102989298935,318.8774893389339,11.217805343008283,11.064323265197324,0.24692091192201426,0.11459801532114217,0.20622456265743244,0.14226602487216702,9.0,14.0,23.0,31.0,41.0,7.0,13.0,20.0,29.0,37.0,-19.0,-8.0,3.0,14.0,24.0,24.0,33.0,44.0,57.0,69.0,3.7894502400000007,2.7598173300000006,4.618365390000001,4.47499575,5.066797499961881,2474733242,B0-POSSESSION-DRIVE-SCORE-PROCESS-V1,2023,2022,2022-REG-END,0.0,0.05,phase3-feature-provenance-v1,5f148219527b07d85261d3f196ace97a5eb5646271d43596032a692389abc579,2c5cc1af74fc5f3955e44361b82b791710e4b63bbc69b0c15570617e2d86e543,NONE,B0-poisson-multinomial-rare-tail-v1,10000
2023_18_KC_LAC,2023,18,2024-01-07,LAC,KC,12.0,13.0,-1.0,25.0,23.5301,28.1125,-4.5824,51.6426,0.40314999999999995,160.2377177617762,188.61910566056605,327.6719774377438,370.0416694069407,11.119951899593621,11.094942946632974,0.23941799155536211,0.11750878005618655,0.2723253863398125,0.1800257237771243,7.0,14.0,22.0,31.0,41.0,11.0,18.0,27.0,37.0,46.0,-28.0,-17.0,-4.0,7.0,18.0,28.0,38.0,50.0,64.0,77.0,6.27251587,8.64770791,4.424357859999999,16.7082314,11.710366431015364,1559773672,B0-POSSESSION-DRIVE-SCORE-PROCESS-V1,2023,2022,2022-REG-END,0.0,0.05,phase3-feature-provenance-v1,5f148219527b07d85261d3f196ace97a5eb5646271d43596032a692389abc579,2c5cc1af74fc5f3955e44361b82b791710e4b63bbc69b0c15570617e2d86e543,NONE,B0-poisson-multinomial-rare-tail-v1,10000
2023_18_LA_SF,2023,18,2024-01-07,SF,LA,20.0,21.0,-1.0,41.0,30.2555,24.856,5.3995,55.1115,0.6153,210.9261123612361,166.43350735073508,352.25992574257424,402.4593136813681,11.171070201556205,10.93496569035448,0.3168800602243229,0.14045337937595245,0.2548972625055113,0.13657225461654485,13.0,20.0,29.0,39.0,50.0,10.0,16.0,24.0,33.0,42.0,-18.0,-7.0,5.0,18.0,29.0,30.0,41.0,54.0,68.0,82.0,5.579612430000001,3.1958006,5.14372401,7.85483305,7.085638702548557,320199135,B0-POSSESSION-DRIVE-SCORE-PROCESS-V1,2023,2022,2022-REG-END,0.0,0.05,phase3-feature-provenance-v1,5f148219527b07d85261d3f196ace97a5eb5646271d43596032a692389abc579,2c5cc1af74fc5f3955e44361b82b791710e4b63bbc69b0c15570617e2d86e543,NONE,B0-poisson-multinomial-rare-tail-v1,10000
2023_18_MIN_DET,2023,18,2024-01-07,DET,MIN,30.0,20.0,10.0,50.0,25.0399,26.0175,-0.9776,51.0574,0.4756,160.90719870987098,178.2578195319532,306.57035527552756,371.75968120812075,11.100965696525925,11.041255423855597,0.23621114399392878,0.17257763088508873,0.26126971492068274,0.14663702065403822,10.0,16.0,24.0,33.0,41.0,10.0,17.0,24.0,34.0,44.0,-23.0,-12.0,-1.0,10.0,21.0,27.0,37.0,50.0,63.0,76.0,4.099802789999999,3.7434385900000002,6.707103460000001,4.492822479999999,6.208356821753746,794135940,B0-POSSESSION-DRIVE-SCORE-PROCESS-V1,2023,2022,2022-REG-END,0.0,0.05,phase3-feature-provenance-v1,5f148219527b07d85261d3f196ace97a5eb5646271d43596032a692389abc579,2c5cc1af74fc5f3955e44361b82b791710e4b63bbc69b0c15570617e2d86e543,NONE,B0-poisson-multinomial-rare-tail-v1,10000
2023_18_NYJ_NE,2023,18,2024-01-07,NE,NYJ,3.0,17.0,-14.0,20.0,23.0182,15.6538,7.3644,38.672,0.68625,142.35130389038903,96.96784234423443,229.01591423142318,249.6223782378238,12.024624442778435,12.063159559226456,0.18882110358014717,0.17439472888473073,0.12559355435748626,0.11477326651331562,9.0,14.0,22.0,30.0,39.0,3.0,9.0,14.0,21.0,29.0,-11.0,-3.0,7.0,17.0,27.0,19.0,27.0,37.0,49.0,60.0,13.41029468,2.5233939800000007,13.91972038,10.984750259999998,13.21752859476014,3794527275,B0-POSSESSION-DRIVE-SCORE-PROCESS-V1,2023,2022,2022-REG-END,0.0,0.05,phase3-feature-provenance-v1,5f148219527b07d85261d3f196ace97a5eb5646271d43596032a692389abc579,2c5cc1af74fc5f3955e44361b82b791710e4b63bbc69b0c15570617e2d86e543,NONE,B0-poisson-multinomial-rare-tail-v1,10000
2023_18_PHI_NYG,2023,18,2024-01-07,NYG,PHI,27.0,10.0,17.0,37.0,19.2426,25.6901,-6.4475,44.9327,0.3528,123.93373861386137,170.0968716771677,277.2523689868987,310.8088515951595,11.081811911342067,11.202870618611705,0.18391707188269552,0.1240447689594378,0.24447266368903503,0.16209997198071419,6.0,10.0,17.0,26.0,34.0,10.0,16.0,24.0,34.0,43.0,-28.0,-17.0,-6.0,4.0,14.0,23.0,33.0,44.0,56.0,68.0,5.238898100000001,9.212266009999999,15.22950643,5.029033849999999,11.363085870819752,4223435167,B0-POSSESSION-DRIVE-SCORE-PROCESS-V1,2023,2022,2022-REG-END,0.0,0.05,phase3-feature-provenance-v1,5f148219527b07d85261d3f196ace97a5eb5646271d43596032a692389abc579,2c5cc1af74fc5f3955e44361b82b791710e4b63bbc69b0c15570617e2d86e543,NONE,B0-poisson-multinomial-rare-tail-v1,10000
2023_18_PIT_BAL,2023,18,2024-01-06,BAL,PIT,10.0,17.0,-7.0,27.0,26.3923,19.5251,6.8672,45.9174,0.65335,170.78567927792778,125.27809779977999,279.7619403540354,312.3656138013801,11.175633440771367,11.277708297405816,0.2538256311493869,0.17399310129001863,0.18052129324153274,0.13035815190714686,10.0,17.0,25.0,34.0,44.0,6.0,10.0,19.0,27.0,34.0,-14.0,-4.0,7.0,18.0,28.0,24.0,33.0,44.0,57.0,70.0,9.776484410000002,2.6541386100000004,8.075188499999998,10.89021558,10.250417399100138,4033442215,B0-POSSESSION-DRIVE-SCORE-PROCESS-V1,2023,2022,2022-REG-END,0.0,0.05,phase3-feature-provenance-v1,5f148219527b07d85261d3f196ace97a5eb5646271d43596032a692389abc579,2c5cc1af74fc5f3955e44361b82b791710e4b63bbc69b0c15570617e2d86e543,NONE,B0-poisson-multinomial-rare-tail-v1,10000
2023_18_SEA_ARI,2023,18,2024-01-07,ARI,SEA,20.0,21.0,-1.0,41.0,22.5724,25.9835,-3.4111,48.5559,0.4246,153.47110535053503,177.6441921692169,308.06770356035605,354.1628914791479,10.952698103716893,10.88940300375242,0.22915523933625298,0.12699610323329324,0.27684766766202246,0.12528438094639294,7.0,14.0,21.0,30.0,39.0,10.0,17.0,24.0,34.0,44.0,-26.0,-15.0,-3.0,8.0,18.0,26.0,35.0,47.0,61.0,73.0,2.8834608600000005,3.4532465099999996,4.0926795899999995,5.129791169999999,5.1003228440172315,3574538755,B0-POSSESSION-DRIVE-SCORE-PROCESS-V1,2023,2022,2022-REG-END,0.0,0.05,phase3-feature-provenance-v1,5f148219527b07d85261d3f196ace97a5eb5646271d43596032a692389abc579,2c5cc1af74fc5f3955e44361b82b791710e4b63bbc69b0c15570617e2d86e543,NONE,B0-poisson-multinomial-rare-tail-v1,10000
2023_18_TB_CAR,2023,18,2024-01-07,CAR,TB,0.0,9.0,-9.0,9.0,21.9215,23.5719,-1.6504,45.4934,0.46275,144.2257603260326,157.44737512751274,280.162996139614,323.18327476747675,11.13002271044842,11.16021655938649,0.21063038902198467,0.1385814417662771,0.23082412282608014,0.130478081744232,7.0,13.0,20.0,29.0,38.0,8.0,14.0,23.0,31.0,41.0,-23.0,-13.0,-1.0,10.0,19.0,23.0,33.0,44.0,57.0,70.0,15.235572130000001,8.446797929999999,5.1729987600000005,26.45597842,18.080283998762003,3147693194,B0-POSSESSION-DRIVE-SCORE-PROCESS-V1,2023,2022,2022-REG-END,0.0,0.05,phase3-feature-provenance-v1,5f148219527b07d85261d3f196ace97a5eb5646271d43596032a692389abc579,2c5cc1af74fc5f3955e44361b82b791710e4b63bbc69b0c15570617e2d86e543,NONE,B0-poisson-multinomial-rare-tail-v1,10000
2024_01_ARI_BUF,2024,1,2024-09-08,BUF,ARI,34.0,28.0,6.0,62.0,30.8741,20.0333,10.8408,50.9074,0.72745,217.64941413141312,131.91038214821484,321.12916827682767,377.99042428242825,10.913981310326271,10.838121994552225,0.33053123790776656,0.13817294739364702,0.20284385414267972,0.11641315654229092,13.0,20.0,30.0,40.0,51.0,7.0,12.0,19.0,27.0,35.0,-11.0,-1.0,10.0,22.0,34.0,27.0,37.0,50.0,63.0,77.0,3.9522774300000005,5.349395149999999,4.5408360000000005,7.61071302,7.1113687691219525,3511816272,B0-POSSESSION-DRIVE-SCORE-PROCESS-V1,2024,2023,2023-REG-END,0.0,0.05,phase3-feature-provenance-v1,5f148219527b07d85261d3f196ace97a5eb5646271d43596032a692389abc579,2c5cc1af74fc5f3955e44361b82b791710e4b63bbc69b0c15570617e2d86e543,NONE,B0-poisson-multinomial-rare-tail-v1,10000
2024_01_BAL_KC,2024,1,2024-09-05,KC,BAL,27.0,20.0,7.0,47.0,24.3202,24.8245,-0.5043,49.1447,0.4835,159.03317527752776,165.22422217221722,304.82226373637366,343.6925311631163,11.127873353335168,11.161618758677328,0.2298089409462934,0.1653122611000382,0.24534930846241962,0.1487426185099714,9.0,15.0,23.0,32.0,41.0,10.0,16.0,24.0,33.0,42.0,-23.0,-12.0,-1.0,11.0,21.0,26.0,36.0,48.0,61.0,74.0,3.388400840000001,3.4274007100000006,5.30202527,4.31806899,5.344273812301642,3080776427,B0-POSSESSION-DRIVE-SCORE-PROCESS-V1,2024,2023,2023-REG-END,0.0,0.05,phase3-feature-provenance-v1,5f148219527b07d85261d3f196ace97a5eb5646271d43596032a692389abc579,2c5cc1af74fc5f3955e44361b82b791710e4b63bbc69b0c15570617e2d86e543,NONE,B0-poisson-multinomial-rare-tail-v1,10000
2024_01_CAR_NO,2024,1,2024-09-08,NO,CAR,47.0,10.0,37.0,57.0,25.8671,17.3495,8.5176,43.2166,0.7018500000000001,168.99693728372839,107.96594634463447,260.0106913091309,293.91507594759474,11.271759387763227,11.167907329227988,0.2525094721747219,0.14990434310975134,0.15086530556139582,0.13133407860982366,10.0,17.0,24.0,34.0,43.0,6.0,10.0,16.0,24.0,31.0,-12.0,-2.0,8.0,19.0,29.0,22.0,31.0,42.0,54.0,66.0,14.852404409999998,3.867176829999999,20.03827522,8.829343999999999,15.348145237131634,2357165799,B0-POSSESSION-DRIVE-SCORE-PROCESS-V1,2024,2023,2023-REG-END,0.0,0.05,phase3-feature-provenance-v1,5f148219527b07d85261d3f196ace97a5eb5646271d43596032a692389abc579,2c5cc1af74fc5f3955e44361b82b791710e4b63bbc69b0c15570617e2d86e543,NONE,B0-poisson-multinomial-rare-tail-v1,10000
2024_01_DAL_CLE,2024,1,2024-09-08,CLE,DAL,17.0,33.0,-16.0,50.0,21.7164,30.1405,-8.4241,51.8569,0.3189,144.6004310831083,205.86954670467048,323.0693461246125,377.8706094509451,11.663770355871089,11.731397033618244,0.20335098995590933,0.12087598703479505,0.3014740307587994,0.13298945768446727,7.0,13.0,20.0,29.0,38.0,13.0,20.0,29.0,39.0,49.0,-31.0,-20.0,-8.0,3.0,14.0,28.0,38.0,51.0,64.0,78.0,3.1905944999999996,3.79452163,5.427318570000001,4.53160553,5.587220634758456,4102271731,B0-POSSESSION-DRIVE-SCORE-PROCESS-V1,2024,2023,2023-REG-END,0.0,0.05,phase3-feature-provenance-v1,5f148219527b07d85261d3f196ace97a5eb5646271d43596032a692389abc579,2c5cc1af74fc5f3955e44361b82b791710e4b63bbc69b0c15570617e2d86e543,NONE,B0-poisson-multinomial-rare-tail-v1,10000
2024_01_DEN_SEA,2024,1,2024-09-08,SEA,DEN,26.0,20.0,6.0,46.0,24.8657,19.1704,5.6953,44.0361,0.6304000000000001,167.14037754775475,119.98116195619562,267.9728551955195,306.27022381238123,11.063120233173061,11.116058714267027,0.2449114418205022,0.1523686646325652,0.17323525638897908,0.14637087174691327,9.0,16.0,24.0,33.0,42.0,6.0,10.0,17.0,26.0,34.0,-15.0,-5.0,6.0,17.0,27.0,23.0,31.0,43.0,55.0,67.0,3.2362233899999993,2.6725992199999995,3.772980670000001,4.34174277,4.592565097794775,3292975509,B0-POSSESSION-DRIVE-SCORE-PROCESS-V1,2024,2023,2023-REG-END,0.0,0.05,phase3-feature-provenance-v1,5f148219527b07d85261d3f196ace97a5eb5646271d43596032a692389abc579,2c5cc1af74fc5f3955e44361b82b791710e4b63bbc69b0c15570617e2d86e543,NONE,B0-poisson-multinomial-rare-tail-v1,10000
2024_01_GB_PHI,2024,1,2024-09-06,PHI,GB,34.0,29.0,5.0,63.0,26.7121,26.0247,0.6874,52.7368,0.5099,188.69208279827984,182.93178308830883,342.12749398939894,401.1202377837784,10.58788474117771,10.503802357848656,0.28397150384479664,0.1501640497143828,0.28495034628287724,0.12507646357071595,10.0,17.0,26.0,35.0,45.0,10.0,17.0,24.0,34.0,44.0,-22.0,-11.0,0.0,13.0,24.0,28.0,38.0,51.0,65.0,79.0,5.24074273,3.67239397,4.6571520799999995,7.31134432,6.837045694203585,3695127805,B0-POSSESSION-DRIVE-SCORE-PROCESS-V1,2024,2023,2023-REG-END,0.0,0.05,phase3-feature-provenance-v1,5f148219527b07d85261d3f196ace97a5eb5646271d43596032a692389abc579,2c5cc1af74fc5f3955e44361b82b791710e4b63bbc69b0c15570617e2d86e543,NONE,B0-poisson-multinomial-rare-tail-v1,10000
2024_01_HOU_IND,2024,1,2024-09-08,IND,HOU,27.0,29.0,-2.0,56.0,25.4831,22.7712,2.7119,48.2543,0.5586,166.859400330033,148.8755381138114,292.9307914691469,338.53908541854184,11.63698942565124,11.523336645690973,0.24126665748995627,0.14803543044503734,0.20510669217043334,0.15381960120062754,10.0,16.0,24.0,34.0,43.0,7.0,14.0,21.0,30.0,39.0,-19.0,-9.0,2.5,14.0,24.0,26.0,35.0,47.0,60.0,72.0,3.2376558499999994,4.533571500000001,4.395589690000001,6.01631341,5.961109772993527,2357953058,B0-POSSESSION-DRIVE-SCORE-PROCESS-V1,2024,2023,2023-REG-END,0.0,0.05,phase3-feature-provenance-v1,5f148219527b07d85261d3f196ace97a5eb5646271d43596032a692389abc579,2c5cc1af74fc5f3955e44361b82b791710e4b63bbc69b0c15570617e2d86e543,NONE,B0-poisson-multinomial-rare-tail-v1,10000
2024_01_JAX_MIA,2024,1,2024-09-08,MIA,JAX,20.0,17.0,3.0,37.0,27.6233,22.0844,5.5389,49.7077,0.61655,190.54745185518553,148.16209284928493,315.4362304130413,361.98285899589956,11.202597227253303,11.258790783029358,0.2857246824332071,0.1265975801266576,0.21563631146472917,0.12247706746819449,10.0,17.0,27.0,37.0,46.0,7.0,13.0,21.0,30.0,38.0,-17.0,-6.0,5.0,17.0,28.0,27.0,36.0,48.0,61.0,75.0,4.39125657,3.2509277,4.21053899,7.045307129999999,6.208488652504062,2651499817,B0-POSSESSION-DRIVE-SCORE-PROCESS-V1,2024,2023,2023-REG-END,0.0,0.05,phase3-feature-provenance-v1,5f148219527b07d85261d3f196ace97a5eb5646271d43596032a692389abc579,2c5cc1af74fc5f3955e44361b82b791710e4b63bbc69b0c15570617e2d86e543,NONE,B0-poisson-multinomial-rare-tail-v1,10000
2024_01_LA_DET,2024,1,2024-09-08,DET,LA,26.0,20.0,6.0,46.0,27.2743,28.2,-0.9257,55.4743,0.4806,184.8043399439944,189.5987598759876,339.24030354035403,409.56589609961,11.056845085737363,11.043577671181557,0.2869589966049212,0.13163983414700653,0.29298720697683056,0.14443775543945206,10.0,17.0,26.0,36.0,45.0,12.0,18.0,27.0,37.0,47.0,-24.0,-13.0,-1.0,11.0,22.0,31.0,41.0,54.0,68.0,82.0,3.20299871,4.57507538,5.25413893,5.922356929999999,6.188326650467362,946269602,B0-POSSESSION-DRIVE-SCORE-PROCESS-V1,2024,2023,2023-REG-END,0.0,0.05,phase3-feature-provenance-v1,5f148219527b07d85261d3f196ace97a5eb5646271d43596032a692389abc579,2c5cc1af74fc5f3955e44361b82b791710e4b63bbc69b0c15570617e2d86e543,NONE,B0-poisson-multinomial-rare-tail-v1,10000
2024_01_LV_LAC,2024,1,2024-09-08,LAC,LV,22.0,10.0,12.0,32.0,26.6182,23.3294,3.2888,49.9476,0.5659500000000001,182.33406216621663,149.37483312331233,311.7917737373738,351.6260168416842,11.250464762993797,11.19591225833171,0.2591293727321063,0.159468686885951,0.20998348145457252,0.17375816862418567,10.0,17.0,25.0,35.0,45.0,9.0,14.0,22.0,31.0,40.0,-19.0,-9.0,3.0,15.0,26.0,27.0,37.0,49.0,62.0,75.0,3.4771904399999993,7.513200220000001,5.887319700000001,10.05495016,8.77118912228844,2095578627,B0-POSSESSION-DRIVE-SCORE-PROCESS-V1,2024,2023,2023-REG-END,0.0,0.05,phase3-feature-provenance-v1,5f148219527b07d85261d3f196ace97a5eb5646271d43596032a692389abc579,2c5cc1af74fc5f3955e44361b82b791710e4b63bbc69b0c15570617e2d86e543,NONE,B0-poisson-multinomial-rare-tail-v1,10000
2024_01_MIN_NYG,2024,1,2024-09-08,NYG,MIN,6.0,28.0,-22.0,34.0,19.1864,23.2843,-4.0979,42.4707,0.39805,119.8428393239324,149.5706305730573,254.39915550555057,284.4277842884288,11.455130969657601,11.419135914991768,0.16365839672569618,0.1507592774332368,0.20991606733511672,0.16739896529331288,6.0,10.0,17.0,26.0,34.0,9.0,14.0,22.0,31.0,40.0,-24.0,-14.0,-4.0,7.0,16.0,22.0,30.0,41.0,53.0,65.0,7.644967879999999,3.9523782700000005,11.144059630000001,5.124232510000001,9.097973780256439,552146500,B0-POSSESSION-DRIVE-SCORE-PROCESS-V1,2024,2023,2023-REG-END,0.0,0.05,phase3-feature-provenance-v1,5f148219527b07d85261d3f196ace97a5eb5646271d43596032a692389abc579,2c5cc1af74fc5f3955e44361b82b791710e4b63bbc69b0c15570617e2d86e543,NONE,B0-poisson-multinomial-rare-tail-v1,10000
2024_01_NE_CIN,2024,1,2024-09-08,CIN,NE,10.0,16.0,-6.0,26.0,21.9586,21.1946,0.764,43.1532,0.5222,142.20390643064306,131.47087792779277,256.7355775577558,290.6139911591159,11.713878107775077,11.610617442336196,0.20509265290819795,0.12478792917433153,0.16982954410905923,0.18279498176134823,7.0,13.0,21.0,30.0,38.0,7.0,13.0,20.0,28.0,37.0,-20.0,-10.0,1.0,11.0,21.0,23.0,31.0,42.0,54.0,66.0,6.62343262,3.25344604,4.81691586,9.724769919999998,7.990112006019544,3145513619,B0-POSSESSION-DRIVE-SCORE-PROCESS-V1,2024,2023,2023-REG-END,0.0,0.05,phase3-feature-provenance-v1,5f148219527b07d85261d3f196ace97a5eb5646271d43596032a692389abc579,2c5cc1af74fc5f3955e44361b82b791710e4b63bbc69b0c15570617e2d86e543,NONE,B0-poisson-multinomial-rare-tail-v1,10000
2024_01_NYJ_SF,2024,1,2024-09-09,SF,NYJ,32.0,19.0,13.0,51.0,29.7019,16.2078,13.4941,45.9097,0.79015,198.18945533553358,101.42896205620562,282.5638215721572,316.6730132113211,11.615097870153482,11.372674811132363,0.2916667805974604,0.15128209069368725,0.13672775883450158,0.13084288954641354,13.0,20.0,28.0,38.0,48.0,3.0,9.0,15.0,23.0,30.0,-8.0,2.0,13.0,24.0,35.0,24.0,33.0,44.0,57.0,70.0,3.6053440699999992,2.963741559999999,3.8365079699999995,5.04664453,5.089265215778761,3536886956,B0-POSSESSION-DRIVE-SCORE-PROCESS-V1,2024,2023,2023-REG-END,0.0,0.05,phase3-feature-provenance-v1,5f148219527b07d85261d3f196ace97a5eb5646271d43596032a692389abc579,2c5cc1af74fc5f3955e44361b82b791710e4b63bbc69b0c15570617e2d86e543,NONE,B0-poisson-multinomial-rare-tail-v1,10000
2024_01_PIT_ATL,2024,1,2024-09-08,ATL,PIT,10.0,18.0,-8.0,28.0,22.6495,22.45,0.1995,45.0995,0.5026499999999999,144.24467421742176,148.35633563356336,269.23162291229124,315.97039678967894,11.200416985860828,11.278694675545333,0.1982136264825841,0.1784119368159538,0.20647104367398733,0.15830513314482084,7.0,14.0,21.0,30.0,39.0,7.0,13.0,21.0,30.0,38.0,-21.0,-11.0,0.0,11.0,21.0,23.0,32.0,44.0,56.0,68.0,7.0747497699999995,3.1869103799999987,5.40960359,9.60674661,8.167377696038846,56294542,B0-POSSESSION-DRIVE-SCORE-PROCESS-V1,2024,2023,2023-REG-END,0.0,0.05,phase3-feature-provenance-v1,5f148219527b07d85261d3f196ace97a5eb5646271d43596032a692389abc579,2c5cc1af74fc5f3955e44361b82b791710e4b63bbc69b0c15570617e2d86e543,NONE,B0-poisson-multinomial-rare-tail-v1,10000
2024_01_TEN_CHI,2024,1,2024-09-08,CHI,TEN,24.0,17.0,7.0,41.0,23.3094,21.2187,2.0907,44.5281,0.5423,154.4881204520452,139.7952498349835,273.256199129913,315.3105414441444,10.91515495360573,11.08003435598665,0.23453481272904644,0.1421808837287432,0.21275632750184267,0.1178172643953225,9.0,14.0,22.0,31.0,40.0,7.0,13.0,20.0,28.0,37.0,-18.0,-9.0,2.0,13.0,24.0,23.0,32.0,43.0,56.0,68.0,2.969587259999999,3.0404063699999995,4.44082833,4.190516049999999,4.808542364096647,2485984480,B0-POSSESSION-DRIVE-SCORE-PROCESS-V1,2024,2023,2023-REG-END,0.0,0.05,phase3-feature-provenance-v1,5f148219527b07d85261d3f196ace97a5eb5646271d43596032a692389abc579,2c5cc1af74fc5f3955e44361b82b791710e4b63bbc69b0c15570617e2d86e543,NONE,B0-poisson-multinomial-rare-tail-v1,10000
2024_01_WAS_TB,2024,1,2024-09-08,TB,WAS,37.0,20.0,17.0,57.0,26.6786,19.0635,7.6151,45.7421,0.6765,178.44554659465948,120.34550230023005,281.30248223822383,316.2796155515552,11.280096430995595,11.306737035487783,0.27202483664008853,0.13713130304048485,0.17078207246368712,0.13211558486324532,10.0,17.0,26.0,35.0,44.0,6.0,10.0,17.0,26.0,34.0,-14.0,-3.0,7.0,18.0,29.0,24.0,33.0,44.0,57.0,69.0,6.71205826,2.6677690499999995,5.981265629999999,7.478346889999997,7.390712799242836,2056853208,B0-POSSESSION-DRIVE-SCORE-PROCESS-V1,2024,2023,2023-REG-END,0.0,0.05,phase3-feature-provenance-v1,5f148219527b07d85261d3f196ace97a5eb5646271d43596032a692389abc579,2c5cc1af74fc5f3955e44361b82b791710e4b63bbc69b0c15570617e2d86e543,NONE,B0-poisson-multinomial-rare-tail-v1,10000
2024_02_ATL_PHI,2024,2,2024-09-16,PHI,ATL,21.0,22.0,-1.0,43.0,29.3773,23.1884,6.1889,52.5657,0.6369,203.67451216121611,143.3470401440144,315.91380817081705,378.12929643964395,11.049907394222307,10.941414411426837,0.2990705495617038,0.15458549780061442,0.2112102844422925,0.17960984346504716,13.0,19.0,28.0,38.0,48.0,9.0,14.0,22.0,30.0,39.0,-16.0,-6.0,6.0,18.0,29.0,29.0,39.0,51.0,65.0,78.0,4.72777135,2.803321959999999,5.18182011,5.921231830000002,6.030481643350203,1350045439,B0-POSSESSION-DRIVE-SCORE-PROCESS-V1,2024,2023,2023-REG-END,0.0,0.05,phase3-feature-provenance-v1,5f148219527b07d85261d3f196ace97a5eb5646271d43596032a692389abc579,2c5cc1af74fc5f3955e44361b82b791710e4b63bbc69b0c15570617e2d86e543,NONE,B0-poisson-multinomial-rare-tail-v1,10000
2024_02_BUF_MIA,2024,2,2024-09-12,MIA,BUF,10.0,31.0,-21.0,41.0,25.1253,28.3545,-3.2292,53.4798,0.4289,174.33583349334936,192.82231198119814,340.6489322532253,393.6673586958696,10.986173991650304,11.103725300935311,0.26498815273280496,0.11658907946956305,0.29950721934109925,0.12733163895308403,9.0,15.0,24.0,34.0,43.0,11.0,18.0,27.0,37.0,47.0,-27.0,-15.0,-3.0,9.0,20.0,29.0,39.0,52.0,66.0,79.0,8.709266109999998,3.6544327500000007,10.81084794,7.148509220000001,9.802310475590899,495413731,B0-POSSESSION-DRIVE-SCORE-PROCESS-V1,2024,2023,2023-REG-END,0.0,0.05,phase3-feature-provenance-v1,5f148219527b07d85261d3f196ace97a5eb5646271d43596032a692389abc579,2c5cc1af74fc5f3955e44361b82b791710e4b63bbc69b0c15570617e2d86e543,NONE,B0-poisson-multinomial-rare-tail-v1,10000
2024_02_CHI_HOU,2024,2,2024-09-15,HOU,CHI,19.0,13.0,6.0,32.0,22.2816,22.4803,-0.1987,44.7619,0.49650000000000005,144.92159359935997,151.914603370337,277.4017584858486,316.27063545354537,11.366620754332585,11.327466112367308,0.20053301220997652,0.150639589704271,0.21443860846323454,0.12624276467791481,7.0,13.0,21.0,30.0,38.0,7.0,14.0,21.0,30.0,39.0,-21.0,-11.0,0.0,10.0,20.0,23.0,32.0,44.0,56.0,68.0,2.9561790400000003,5.022053990000001,4.673407750000001,7.05063867,6.392336709031454,1900738187,B0-POSSESSION-DRIVE-SCORE-PROCESS-V1,2024,2023,2023-REG-END,0.0,0.05,phase3-feature-provenance-v1,5f148219527b07d85261d3f196ace97a5eb5646271d43596032a692389abc579,2c5cc1af74fc5f3955e44361b82b791710e4b63bbc69b0c15570617e2d86e543,NONE,B0-poisson-multinomial-rare-tail-v1,10000
2024_02_CIN_KC,2024,2,2024-09-15,KC,CIN,26.0,25.0,1.0,51.0,28.6075,20.6391,7.9684,49.2466,0.6768,188.16986073607362,138.42189337933794,305.64236567656764,347.54114255425543,10.997896641322523,10.883824970574882,0.2723798787405839,0.19996211173233835,0.2079850366222394,0.11879868988022603,12.0,19.0,27.0,37.0,47.0,7.0,13.0,20.0,28.0,37.0,-14.0,-4.0,8.0,19.25,30.0,26.0,36.0,48.0,61.0,74.0,3.263875970000001,3.79772601,5.023789600000001,4.512186960000001,5.401937657541309,1057464046,B0-POSSESSION-DRIVE-SCORE-PROCESS-V1,2024,2023,2023-REG-END,0.0,0.05,phase3-feature-provenance-v1,5f148219527b07d85261d3f196ace97a5eb5646271d43596032a692389abc579,2c5cc1af74fc5f3955e44361b82b791710e4b63bbc69b0c15570617e2d86e543,NONE,B0-poisson-multinomial-rare-tail-v1,10000
2024_02_CLE_JAX,2024,2,2024-09-15,JAX,CLE,13.0,18.0,-5.0,31.0,23.6153,21.3068,2.3085,44.9221,0.55615,157.12161807180718,140.92876663666368,285.5274804980498,310.5732889188919,12.098839826956388,11.88854479342519,0.216360414818521,0.11799782182634877,0.1931793924283742,0.11881687901918872,9.0,14.0,23.0,31.0,41.0,7.0,13.0,20.0,28.0,37.0,-19.0,-9.0,2.0,13.0,24.0,23.0,33.0,44.0,56.0,68.0,5.68953635,2.93683708,5.130341470000001,7.704606230000001,6.95197378244815,854877696,B0-POSSESSION-DRIVE-SCORE-PROCESS-V1,2024,2023,2023-REG-END,0.0,0.05,phase3-feature-provenance-v1,5f148219527b07d85261d3f196ace97a5eb5646271d43596032a692389abc579,2c5cc1af74fc5f3955e44361b82b791710e4b63bbc69b0c15570617e2d86e543,NONE,B0-poisson-multinomial-rare-tail-v1,10000
2024_02_IND_GB,2024,2,2024-09-15,GB,IND,16.0,10.0,6.0,26.0,29.6077,23.903,5.7047,53.5107,0.6195499999999999,208.1912198319832,159.02069306930693,336.8611840284029,397.56264177417745,10.98050364731555,10.831616812482924,0.3122966069079331,0.13939058043816882,0.23255884206574792,0.1584261648474613,13.0,20.0,28.0,38.0,49.0,9.0,14.0,23.0,32.0,41.0,-17.0,-7.0,6.0,18.0,30.0,29.0,39.0,52.0,66.0,80.0,7.509449329999999,7.85953488,4.236193349999999,17.140735910000004,12.075152348253665,2988987713,B0-POSSESSION-DRIVE-SCORE-PROCESS-V1,2024,2023,2023-REG-END,0.0,0.05,phase3-feature-provenance-v1,5f148219527b07d85261d3f196ace97a5eb5646271d43596032a692389abc579,2c5cc1af74fc5f3955e44361b82b791710e4b63bbc69b0c15570617e2d86e543,NONE,B0-poisson-multinomial-rare-tail-v1,10000
2024_02_LAC_CAR,2024,2,2024-09-15,CAR,LAC,3.0,26.0,-23.0,29.0,20.8283,22.5095,-1.6812,43.3378,0.4547,137.83820293029302,148.62957270727074,270.07777433743377,302.8577769376938,11.286899856889953,11.261088119693756,0.1925982795590418,0.14523604855318184,0.21396588170098169,0.14953910958232539,7.0,13.0,20.0,27.0,37.0,7.0,14.0,21.0,30.0,38.0,-22.0,-13.0,-2.0,9.0,19.0,23.0,31.0,42.0,54.0,67.0,11.423933730000002,3.57933547,13.6114837,7.821909959999999,11.814266251387577,1399569410,B0-POSSESSION-DRIVE-SCORE-PROCESS-V1,2024,2023,2023-REG-END,0.0,0.05,phase3-feature-provenance-v1,5f148219527b07d85261d3f196ace97a5eb5646271d43596032a692389abc579,2c5cc1af74fc5f3955e44361b82b791710e4b63bbc69b0c15570617e2d86e543,NONE,B0-poisson-multinomial-rare-tail-v1,10000
2024_02_LA_ARI,2024,2,2024-09-15,ARI,LA,41.0,10.0,31.0,51.0,24.3456,27.7403,-3.3947,52.0859,0.42415,165.65252589258924,189.40859676967696,328.0627181818182,382.05952714271433,10.94391095342775,10.855257858014092,0.25372559713444526,0.12425628974467576,0.2899552172506542,0.15138662331048258,9.0,14.0,23.0,33.0,41.0,10.0,17.0,27.0,37.0,46.0,-26.0,-15.0,-3.0,9.0,20.0,28.0,38.0,51.0,65.0,78.0,11.13916748,10.67989461,24.686616389999998,4.52487683,16.7586822233703,3018791537,B0-POSSESSION-DRIVE-SCORE-PROCESS-V1,2024,2023,2023-REG-END,0.0,0.05,phase3-feature-provenance-v1,5f148219527b07d85261d3f196ace97a5eb5646271d43596032a692389abc579,2c5cc1af74fc5f3955e44361b82b791710e4b63bbc69b0c15570617e2d86e543,NONE,B0-poisson-multinomial-rare-tail-v1,10000
2024_02_LV_BAL,2024,2,2024-09-15,BAL,LV,23.0,26.0,-3.0,49.0,30.9278,20.0548,10.873,50.9826,0.73345,207.54914207420742,124.61245820582057,309.9326642664267,354.3905362936294,11.368540831182123,11.19830754231305,0.2945174090137186,0.19515308378439034,0.17067556637322923,0.16675179781376204,13.0,20.0,30.0,40.0,50.0,6.0,13.0,19.0,27.0,35.0,-11.0,-1.0,10.0,22.0,34.0,28.0,37.0,50.0,63.0,76.0,4.56445426,4.280057319999999,8.10772742,4.375822699999999,6.923719470976565,1224790129,B0-POSSESSION-DRIVE-SCORE-PROCESS-V1,2024,2023,2023-REG-END,0.0,0.05,phase3-feature-provenance-v1,5f148219527b07d85261d3f196ace97a5eb5646271d43596032a692389abc579,2c5cc1af74fc5f3955e44361b82b791710e4b63bbc69b0c15570617e2d86e543,NONE,B0-poisson-multinomial-rare-tail-v1,10000
2024_02_NO_DAL,2024,2,2024-09-15,DAL,NO,19.0,44.0,-25.0,63.0,28.0226,23.0905,4.9321,51.1131,0.608,194.64775401540157,153.71528127812783,316.26671626162613,380.4593543254325,11.318689072411429,11.208528424841166,0.2768404023796302,0.1541703197529229,0.22156718663120076,0.14221530089955298,10.0,17.0,27.0,37.0,47.0,7.0,14.0,22.0,31.0,40.0,-17.0,-7.0,5.0,17.0,28.0,27.0,37.0,50.0,63.0,77.0,4.960574060000001,14.854654669999999,20.647342469999998,7.990402869999999,15.726981739097118,1846826675,B0-POSSESSION-DRIVE-SCORE-PROCESS-V1,2024,2023,2023-REG-END,0.0,0.05,phase3-feature-provenance-v1,5f148219527b07d85261d3f196ace97a5eb5646271d43596032a692389abc579,2c5cc1af74fc5f3955e44361b82b791710e4b63bbc69b0c15570617e2d86e543,NONE,B0-poisson-multinomial-rare-tail-v1,10000
2024_02_NYG_WAS,2024,2,2024-09-15,WAS,NYG,21.0,18.0,3.0,39.0,21.3719,20.3294,1.0425,41.7013,0.5269499999999999,132.66105649564958,132.62135777577757,247.83227697769777,282.7325515651565,11.597077614320881,11.42494884347,0.18138879843181346,0.16565105276298905,0.18376867569054703,0.13612905478664047,7.0,13.0,20.0,28.0,37.0,7.0,13.0,20.0,27.0,36.0,-19.0,-9.0,1.0,11.0,21.0,22.0,30.0,40.0,52.0,64.0,2.68945189,2.73168612,3.67798359,3.9161989100000003,4.193470061968837,286133109,B0-POSSESSION-DRIVE-SCORE-PROCESS-V1,2024,2023,2023-REG-END,0.0,0.05,phase3-feature-provenance-v1,5f148219527b07d85261d3f196ace97a5eb5646271d43596032a692389abc579,2c5cc1af74fc5f3955e44361b82b791710e4b63bbc69b0c15570617e2d86e543,NONE,B0-poisson-multinomial-rare-tail-v1,10000
2024_02_NYJ_TEN,2024,2,2024-09-15,TEN,NYJ,17.0,24.0,-7.0,41.0,23.3079,17.6861,5.6218,40.994,0.6336499999999999,158.7159691869187,108.78644543454345,251.84034879487947,283.1644804480448,11.691890085984852,11.471562263460916,0.22077814090788916,0.12266070356838338,0.13977963831198698,0.16081647413284633,7.0,14.0,22.0,31.0,40.0,6.0,10.0,17.0,24.0,31.0,-14.0,-5.0,5.0,16.0,26.0,20.0,29.0,40.0,51.0,63.0,3.7164170499999996,4.41099207,7.3652725,3.9534129399999998,6.341437939752222,183004332,B0-POSSESSION-DRIVE-SCORE-PROCESS-V1,2024,2023,2023-REG-END,0.0,0.05,phase3-feature-provenance-v1,5f148219527b07d85261d3f196ace97a5eb5646271d43596032a692389abc579,2c5cc1af74fc5f3955e44361b82b791710e4b63bbc69b0c15570617e2d86e543,NONE,B0-poisson-multinomial-rare-tail-v1,10000
2024_02_PIT_DEN,2024,2,2024-09-15,DEN,PIT,6.0,13.0,-7.0,19.0,18.2715,19.8372,-1.5657,38.1087,0.45835000000000004,111.94678242824284,123.14801096109612,222.4429278027803,247.74665897589762,11.316908761272057,11.397228353411252,0.1574567765251821,0.1447161023670039,0.1691578222780315,0.16164399309146868,6.0,10.0,17.0,24.0,33.0,6.0,12.0,19.0,27.0,35.0,-20.0,-11.0,-2.0,8.0,17.0,19.0,27.0,37.0,48.0,59.0,7.01996641,3.7176127599999997,4.20948969,11.391446309999997,8.535546181294686,3952881552,B0-POSSESSION-DRIVE-SCORE-PROCESS-V1,2024,2023,2023-REG-END,0.0,0.05,phase3-feature-provenance-v1,5f148219527b07d85261d3f196ace97a5eb5646271d43596032a692389abc579,2c5cc1af74fc5f3955e44361b82b791710e4b63bbc69b0c15570617e2d86e543,NONE,B0-poisson-multinomial-rare-tail-v1,10000
2024_02_SEA_NE,2024,2,2024-09-15,NE,SEA,20.0,23.0,-3.0,43.0,21.3097,21.9915,-0.6818,43.3012,0.48714999999999997,135.99418532853286,146.12504025402538,259.9833470947094,304.25510407040707,11.52706023433245,11.45325258191711,0.18655586493287094,0.16082712193477208,0.2095298652301791,0.12278320401013869,7.0,13.0,20.0,29.0,37.0,7.0,13.0,20.0,30.0,38.0,-21.0,-11.0,0.0,10.0,20.0,22.0,31.0,42.0,54.0,66.0,2.721075009999999,2.982104809999999,3.8336955800000005,4.134417599999999,4.504295581378354,3475865540,B0-POSSESSION-DRIVE-SCORE-PROCESS-V1,2024,2023,2023-REG-END,0.0,0.05,phase3-feature-provenance-v1,5f148219527b07d85261d3f196ace97a5eb5646271d43596032a692389abc579,2c5cc1af74fc5f3955e44361b82b791710e4b63bbc69b0c15570617e2d86e543,NONE,B0-poisson-multinomial-rare-tail-v1,10000
2024_02_SF_MIN,2024,2,2024-09-15,MIN,SF,23.0,17.0,6.0,40.0,23.8788,26.859,-2.9802,50.7378,0.43655,162.5059611561156,183.3022492249225,320.37464542454245,371.2417753375338,10.847172987679437,10.95173721541224,0.2440063480372958,0.1388260892343035,0.2666978133691481,0.173983377632029,9.0,14.0,23.0,31.0,41.0,10.0,17.0,26.0,35.0,45.0,-26.0,-15.0,-3.0,9.0,20.0,27.0,37.0,49.0,63.0,76.0,2.98284414,5.28651948,5.8740744,6.295200820000002,6.702523945181525,1608646057,B0-POSSESSION-DRIVE-SCORE-PROCESS-V1,2024,2023,2023-REG-END,0.0,0.05,phase3-feature-provenance-v1,5f148219527b07d85261d3f196ace97a5eb5646271d43596032a692389abc579,2c5cc1af74fc5f3955e44361b82b791710e4b63bbc69b0c15570617e2d86e543,NONE,B0-poisson-multinomial-rare-tail-v1,10000
2024_02_TB_DET,2024,2,2024-09-15,DET,TB,16.0,20.0,-4.0,36.0,26.8118,26.7146,0.0972,53.5264,0.5019,187.3153122912291,184.94404124412438,343.1592680868087,401.3594389838984,10.9834870875655,10.960414837904317,0.28329418691388975,0.1340283417041309,0.2853336202483722,0.1232829340900682,10.0,17.0,26.0,35.0,45.0,10.0,17.0,25.0,35.0,45.0,-23.0,-12.0,0.0,12.0,24.0,29.0,39.0,52.0,66.0,80.0,5.810704060000001,3.97065486,4.628249759999999,9.68387122,7.7525954164878765,4009373912,B0-POSSESSION-DRIVE-SCORE-PROCESS-V1,2024,2023,2023-REG-END,0.0,0.05,phase3-feature-provenance-v1,5f148219527b07d85261d3f196ace97a5eb5646271d43596032a692389abc579,2c5cc1af74fc5f3955e44361b82b791710e4b63bbc69b0c15570617e2d86e543,NONE,B0-poisson-multinomial-rare-tail-v1,10000
2024_03_BAL_DAL,2024,3,2024-09-22,DAL,BAL,25.0,28.0,-3.0,53.0,28.0005,25.0456,2.9549,53.0461,0.56555,186.44414416441643,162.45716635663567,326.319697959796,371.4829230823082,11.166204951013786,11.19573443469996,0.280199044357689,0.15540304970213667,0.23147408085243462,0.18402895161834276,12.0,18.0,27.0,37.0,46.0,10.0,16.0,24.0,33.0,42.0,-20.0,-9.0,3.0,15.0,26.0,30.0,40.0,51.0,65.0,78.0,3.2601204299999997,3.494550480000001,4.91638073,4.46520731,5.225847661643568,1837584322,B0-POSSESSION-DRIVE-SCORE-PROCESS-V1,2024,2023,2023-REG-END,0.0,0.05,phase3-feature-provenance-v1,5f148219527b07d85261d3f196ace97a5eb5646271d43596032a692389abc579,2c5cc1af74fc5f3955e44361b82b791710e4b63bbc69b0c15570617e2d86e543,NONE,B0-poisson-multinomial-rare-tail-v1,10000
2024_03_CAR_LV,2024,3,2024-09-22,LV,CAR,22.0,36.0,-14.0,58.0,23.9145,20.0613,3.8532,43.9758,0.5924999999999999,152.38702845284527,130.53499580958095,263.6742171817181,302.1698313431343,11.229328026808087,11.191721113882876,0.2139416910737806,0.18720190539245876,0.17846673733278945,0.15455877047443414,9.0,15.0,23.0,31.0,40.0,6.0,12.0,19.0,27.0,35.0,-17.0,-7.0,4.0,14.0,24.0,23.0,32.0,43.0,54.0,67.0,2.8916608900000007,10.95109323,10.924878139999999,9.046239080000001,10.99767513835922,3255789339,B0-POSSESSION-DRIVE-SCORE-PROCESS-V1,2024,2023,2023-REG-END,0.0,0.05,phase3-feature-provenance-v1,5f148219527b07d85261d3f196ace97a5eb5646271d43596032a692389abc579,2c5cc1af74fc5f3955e44361b82b791710e4b63bbc69b0c15570617e2d86e543,NONE,B0-poisson-multinomial-rare-tail-v1,10000
2024_03_CHI_IND,2024,3,2024-09-22,IND,CHI,21.0,16.0,5.0,37.0,24.1359,22.0506,2.0853,46.1865,0.5491499999999999,155.9854297329733,144.15945558555856,282.70889479947994,317.5808758375838,11.406164475041193,11.30128623290138,0.22173161730856902,0.1582095099139274,0.21026944670730868,0.1355803587649814,9.0,15.0,23.0,32.0,41.0,7.0,13.0,21.0,30.0,38.0,-19.0,-9.0,2.0,13.0,24.0,24.0,33.0,45.0,57.0,69.0,3.02630599,3.5705924399999995,4.089824850000001,5.545439330000001,5.311876868663305,4286716644,B0-POSSESSION-DRIVE-SCORE-PROCESS-V1,2024,2023,2023-REG-END,0.0,0.05,phase3-feature-provenance-v1,5f148219527b07d85261d3f196ace97a5eb5646271d43596032a692389abc579,2c5cc1af74fc5f3955e44361b82b791710e4b63bbc69b0c15570617e2d86e543,NONE,B0-poisson-multinomial-rare-tail-v1,10000
2024_03_DEN_TB,2024,3,2024-09-22,TB,DEN,7.0,26.0,-19.0,33.0,24.3378,18.6064,5.7314,42.9442,0.63595,163.15120628062806,121.02538157815782,269.448998939894,298.9041767776778,11.281844969017088,11.26764401454873,0.23075663292797804,0.14527251359830826,0.16487379806976324,0.13931447643642902,9.0,15.0,23.0,33.0,41.0,6.0,10.0,17.0,25.0,34.0,-15.0,-5.0,6.0,17.0,27.0,22.0,30.0,42.0,54.0,66.0,10.619518680000002,5.03154454,16.40910808,5.720684779999999,12.334646599999727,2352152393,B0-POSSESSION-DRIVE-SCORE-PROCESS-V1,2024,2023,2023-REG-END,0.0,0.05,phase3-feature-provenance-v1,5f148219527b07d85261d3f196ace97a5eb5646271d43596032a692389abc579,2c5cc1af74fc5f3955e44361b82b791710e4b63bbc69b0c15570617e2d86e543,NONE,B0-poisson-multinomial-rare-tail-v1,10000
2024_03_DET_ARI,2024,3,2024-09-22,ARI,DET,13.0,20.0,-7.0,33.0,28.5875,28.5876,-0.0001,57.1751,0.4983,197.3400777577758,194.6155877987799,359.6100609960996,424.30127011701177,10.841729283554491,10.83856269299538,0.3121283867451034,0.12232394979306342,0.3044814958170088,0.14107532435839906,10.0,19.0,27.0,37.0,47.0,12.0,19.0,27.0,37.0,47.0,-24.0,-12.0,0.0,13.0,24.0,32.0,43.0,56.0,70.0,84.0,8.94314963,4.7781749,5.34424117,14.341338790000002,10.883991299853339,848668450,B0-POSSESSION-DRIVE-SCORE-PROCESS-V1,2024,2023,2023-REG-END,0.0,0.05,phase3-feature-provenance-v1,5f148219527b07d85261d3f196ace97a5eb5646271d43596032a692389abc579,2c5cc1af74fc5f3955e44361b82b791710e4b63bbc69b0c15570617e2d86e543,NONE,B0-poisson-multinomial-rare-tail-v1,10000
2024_03_GB_TEN,2024,3,2024-09-22,TEN,GB,14.0,30.0,-16.0,44.0,24.148,26.2573,-2.1093,50.4053,0.45875,163.4606420642064,183.7122679367937,317.2648799979998,377.0809400040004,10.736553804661446,10.693804996992883,0.2527078121853005,0.12948099652453157,0.27628759191039787,0.14628163887532344,9.0,14.0,23.0,32.0,41.0,10.0,17.0,24.0,34.0,44.0,-25.0,-14.0,-2.0,10.0,20.0,27.0,37.0,49.0,62.0,76.0,5.391056659999999,3.9090973499999997,8.416179270000002,4.92891219,7.364571659262587,3320176167,B0-POSSESSION-DRIVE-SCORE-PROCESS-V1,2024,2023,2023-REG-END,0.0,0.05,phase3-feature-provenance-v1,5f148219527b07d85261d3f196ace97a5eb5646271d43596032a692389abc579,2c5cc1af74fc5f3955e44361b82b791710e4b63bbc69b0c15570617e2d86e543,NONE,B0-poisson-multinomial-rare-tail-v1,10000
2024_03_HOU_MIN,2024,3,2024-09-22,MIN,HOU,34.0,7.0,27.0,41.0,25.8899,20.5632,5.3267,46.4531,0.62525,170.1019881888189,124.5420599659966,272.77724483448344,316.5108514751475,11.362852743029318,11.272997327445719,0.25111555358992066,0.1500417253701256,0.17561845727745942,0.17302228430173178,10.0,17.0,24.0,34.0,44.0,7.0,13.0,20.0,27.0,36.0,-16.0,-6.0,5.0,16.0,26.0,24.0,34.0,45.0,58.0,70.0,5.51659161,7.934930559999999,13.952767670000002,4.49039179,10.491894914478303,2999974777,B0-POSSESSION-DRIVE-SCORE-PROCESS-V1,2024,2023,2023-REG-END,0.0,0.05,phase3-feature-provenance-v1,5f148219527b07d85261d3f196ace97a5eb5646271d43596032a692389abc579,2c5cc1af74fc5f3955e44361b82b791710e4b63bbc69b0c15570617e2d86e543,NONE,B0-poisson-multinomial-rare-tail-v1,10000
2024_03_JAX_BUF,2024,3,2024-09-23,BUF,JAX,47.0,10.0,37.0,57.0,28.6308,19.1934,9.4374,47.8242,0.70285,195.84727608760878,124.07920436043604,300.5841396539654,339.2688212421242,11.071824034778084,10.953904789652269,0.29952365369766126,0.14260891758958047,0.1843562538189731,0.12513215432588443,12.0,19.0,27.0,37.0,47.0,6.0,10.0,17.0,27.0,34.0,-12.0,-2.0,9.0,21.0,32.0,25.0,34.0,47.0,60.0,72.0,12.286787219999999,4.881461419999999,18.853378680000002,6.55522826,13.820569392757873,2422093422,B0-POSSESSION-DRIVE-SCORE-PROCESS-V1,2024,2023,2023-REG-END,0.0,0.05,phase3-feature-provenance-v1,5f148219527b07d85261d3f196ace97a5eb5646271d43596032a692389abc579,2c5cc1af74fc5f3955e44361b82b791710e4b63bbc69b0c15570617e2d86e543,NONE,B0-poisson-multinomial-rare-tail-v1,10000
2024_03_KC_ATL,2024,3,2024-09-22,ATL,KC,17.0,22.0,-5.0,39.0,23.1682,27.417,-4.2488,50.5852,0.4041,154.09251801180116,184.19873087308733,308.4523437943795,368.13015397539755,10.965740580290806,10.89315557396215,0.219549796966329,0.15870046702557794,0.26520350892855254,0.18982926165930364,7.0,14.0,22.0,31.0,40.0,10.0,17.0,26.0,36.0,46.0,-27.0,-16.0,-4.0,7.0,18.0,27.0,37.0,49.0,63.0,76.0,3.6383519600000005,3.6717889999999995,4.03621852,6.583154860000002,5.821696017107151,3729375099,B0-POSSESSION-DRIVE-SCORE-PROCESS-V1,2024,2023,2023-REG-END,0.0,0.05,phase3-feature-provenance-v1,5f148219527b07d85261d3f196ace97a5eb5646271d43596032a692389abc579,2c5cc1af74fc5f3955e44361b82b791710e4b63bbc69b0c15570617e2d86e543,NONE,B0-poisson-multinomial-rare-tail-v1,10000
2024_03_LAC_PIT,2024,3,2024-09-22,PIT,LAC,20.0,10.0,10.0,30.0,22.4746,20.8802,1.5944,43.3548,0.54245,142.97885272527256,132.19386734673466,258.0230909490949,292.3223491949195,11.368245752885187,11.197650533996319,0.20799715960235265,0.14536808430933099,0.18959400332287357,0.14711260232257115,7.0,14.0,21.0,30.0,38.0,7.0,13.0,20.0,28.0,36.0,-19.0,-9.0,2.0,12.0,21.0,23.0,31.0,42.0,54.0,66.0,2.77951662,5.91212508,5.362894839999999,7.3158539399999984,6.9509600525783615,2178728194,B0-POSSESSION-DRIVE-SCORE-PROCESS-V1,2024,2023,2023-REG-END,0.0,0.05,phase3-feature-provenance-v1,5f148219527b07d85261d3f196ace97a5eb5646271d43596032a692389abc579,2c5cc1af74fc5f3955e44361b82b791710e4b63bbc69b0c15570617e2d86e543,NONE,B0-poisson-multinomial-rare-tail-v1,10000
2024_03_MIA_SEA,2024,3,2024-09-22,SEA,MIA,24.0,3.0,21.0,27.0,28.057,24.7636,3.2934,52.8206,0.5721999999999999,189.8907400740074,168.13692873287332,329.78209464946497,386.2732429642964,11.198708931356848,11.06186769880019,0.2906755669859417,0.12478764458699514,0.2542818059627995,0.13192146059893392,10.0,17.0,27.0,37.0,46.0,10.0,15.0,24.0,33.0,42.0,-20.0,-9.0,3.0,16.0,26.0,29.0,39.0,51.0,65.0,79.0,3.4230046399999994,14.594628179999999,10.67782846,15.84034678,14.360468668884366,797216174,B0-POSSESSION-DRIVE-SCORE-PROCESS-V1,2024,2023,2023-REG-END,0.0,0.05,phase3-feature-provenance-v1,5f148219527b07d85261d3f196ace97a5eb5646271d43596032a692389abc579,2c5cc1af74fc5f3955e44361b82b791710e4b63bbc69b0c15570617e2d86e543,NONE,B0-poisson-multinomial-rare-tail-v1,10000
2024_03_NE_NYJ,2024,3,2024-09-19,NYJ,NE,24.0,3.0,21.0,27.0,16.8927,19.836,-2.9433,36.7287,0.42105000000000004,105.84917162716273,123.50145414541454,216.15950106010598,242.54175048504854,11.964280313427935,11.983484079940133,0.13705701980872712,0.1266338593007158,0.15904696151067832,0.16202527592995924,3.0,10.0,16.0,23.0,31.0,6.0,12.0,19.0,27.0,35.0,-21.0,-13.0,-3.0,7.0,16.0,17.0,26.0,36.0,47.0,57.0,4.830591909999999,10.760065180000002,16.375565289999997,5.41731293,12.191162180458136,1342226019,B0-POSSESSION-DRIVE-SCORE-PROCESS-V1,2024,2023,2023-REG-END,0.0,0.05,phase3-feature-provenance-v1,5f148219527b07d85261d3f196ace97a5eb5646271d43596032a692389abc579,2c5cc1af74fc5f3955e44361b82b791710e4b63bbc69b0c15570617e2d86e543,NONE,B0-poisson-multinomial-rare-tail-v1,10000
2024_03_NYG_CLE,2024,3,2024-09-22,CLE,NYG,15.0,21.0,-6.0,36.0,22.9832,19.438,3.5452,42.4212,0.5879,146.1153292929293,129.69752575257527,257.6597229322932,293.96598715871585,11.886462464643616,11.999323709683956,0.20685206995741634,0.13936683370280725,0.17458034736560213,0.10819393921519758,7.0,14.0,22.0,31.0,39.0,6.0,10.0,18.0,27.0,35.0,-17.0,-7.0,3.5,14.0,24.0,21.0,30.0,41.0,53.0,65.0,4.424842,2.92103646,5.938399260000001,4.57887332,5.847416356526603,3984664096,B0-POSSESSION-DRIVE-SCORE-PROCESS-V1,2024,2023,2023-REG-END,0.0,0.05,phase3-feature-provenance-v1,5f148219527b07d85261d3f196ace97a5eb5646271d43596032a692389abc579,2c5cc1af74fc5f3955e44361b82b791710e4b63bbc69b0c15570617e2d86e543,NONE,B0-poisson-multinomial-rare-tail-v1,10000
2024_03_PHI_NO,2024,3,2024-09-22,NO,PHI,12.0,15.0,-3.0,27.0,27.8564,22.6493,5.2071,50.5057,0.6172,188.71265030503048,148.2055300630063,310.2636359535954,363.57272478247825,10.93091993155789,11.088825434033451,0.28794963750593866,0.14264438646926692,0.21987223156315447,0.1378427373951108,10.0,17.0,27.0,37.0,46.0,7.0,14.0,21.0,30.0,39.0,-17.0,-6.0,5.0,17.0,28.0,27.0,37.0,49.0,63.0,76.0,9.218211699999998,4.236660850000001,5.484109029999999,14.11880173,10.756119606377757,2976269851,B0-POSSESSION-DRIVE-SCORE-PROCESS-V1,2024,2023,2023-REG-END,0.0,0.05,phase3-feature-provenance-v1,5f148219527b07d85261d3f196ace97a5eb5646271d43596032a692389abc579,2c5cc1af74fc5f3955e44361b82b791710e4b63bbc69b0c15570617e2d86e543,NONE,B0-poisson-multinomial-rare-tail-v1,10000
2024_03_SF_LA,2024,3,2024-09-22,LA,SF,27.0,24.0,3.0,51.0,26.1636,28.9308,-2.7672,55.0944,0.44234999999999997,175.1735523952395,196.6006714271427,339.45214937493745,404.09629826982695,10.805870787150104,10.828435580819912,0.2682945928405486,0.1525615353905291,0.3061746476255137,0.14798132588649243,10.0,17.0,24.0,34.0,44.0,13.0,19.0,28.0,38.0,48.0,-26.0,-15.0,-3.0,10.0,20.0,30.0,41.0,54.0,68.0,81.0,3.2059181999999993,3.6217685600000005,4.922517539999999,4.74684298,5.335881019641819,653169465,B0-POSSESSION-DRIVE-SCORE-PROCESS-V1,2024,2023,2023-REG-END,0.0,0.05,phase3-feature-provenance-v1,5f148219527b07d85261d3f196ace97a5eb5646271d43596032a692389abc579,2c5cc1af74fc5f3955e44361b82b791710e4b63bbc69b0c15570617e2d86e543,NONE,B0-poisson-multinomial-rare-tail-v1,10000
2024_03_WAS_CIN,2024,3,2024-09-23,CIN,WAS,33.0,38.0,-5.0,71.0,25.7849,20.8678,4.9171,46.6527,0.61545,176.15624761476147,131.40366352635263,286.678295419542,328.44152686268626,10.973971167256506,11.079534177297445,0.25921681730949386,0.15506007629741952,0.18814480512859458,0.16105272792797817,10.0,17.0,24.0,34.0,44.0,7.0,13.0,20.0,28.0,37.0,-17.0,-6.0,4.5,16.0,27.0,24.0,34.0,45.0,58.0,71.0,5.12162831,11.843983979999997,6.08337225,16.395610330000004,12.927272710100814,4080147955,B0-POSSESSION-DRIVE-SCORE-PROCESS-V1,2024,2023,2023-REG-END,0.0,0.05,phase3-feature-provenance-v1,5f148219527b07d85261d3f196ace97a5eb5646271d43596032a692389abc579,2c5cc1af74fc5f3955e44361b82b791710e4b63bbc69b0c15570617e2d86e543,NONE,B0-poisson-multinomial-rare-tail-v1,10000
2024_04_BUF_BAL,2024,4,2024-09-29,BAL,BUF,35.0,10.0,25.0,45.0,25.8753,25.3422,0.5331,51.2175,0.5208499999999999,169.49429933993397,175.27782694269428,322.49315370537056,367.051098859886,11.111958059423293,11.09585330893605,0.24720395415232024,0.1710818445090489,0.25704818612812497,0.1328808885503973,10.0,17.0,24.0,34.0,43.0,10.0,16.0,24.0,34.0,43.0,-22.0,-11.0,1.0,12.0,23.0,27.0,37.0,50.0,63.0,77.0,6.046090769999999,8.83343142,15.82095651,4.957046290000001,11.63293531700442,2202748666,B0-POSSESSION-DRIVE-SCORE-PROCESS-V1,2024,2023,2023-REG-END,0.0,0.05,phase3-feature-provenance-v1,5f148219527b07d85261d3f196ace97a5eb5646271d43596032a692389abc579,2c5cc1af74fc5f3955e44361b82b791710e4b63bbc69b0c15570617e2d86e543,NONE,B0-poisson-multinomial-rare-tail-v1,10000
2024_04_CIN_CAR,2024,4,2024-09-29,CAR,CIN,24.0,34.0,-10.0,58.0,21.3117,22.9507,-1.639,44.2624,0.4583,135.01604471447143,153.3782073307331,269.7912581258126,306.99724596459646,10.988546852522818,10.967715107029834,0.19237771684750998,0.17145322760717335,0.22203608659000296,0.1511314992315062,7.0,13.0,20.0,29.0,37.0,7.0,14.0,21.0,30.0,40.0,-22.0,-12.0,-1.0,9.0,19.0,23.0,32.0,43.0,55.0,68.0,3.2288671300000003,7.23882777,5.464194239999999,8.8446356,8.115014563780235,2846134591,B0-POSSESSION-DRIVE-SCORE-PROCESS-V1,2024,2023,2023-REG-END,0.0,0.05,phase3-feature-provenance-v1,5f148219527b07d85261d3f196ace97a5eb5646271d43596032a692389abc579,2c5cc1af74fc5f3955e44361b82b791710e4b63bbc69b0c15570617e2d86e543,NONE,B0-poisson-multinomial-rare-tail-v1,10000
2024_04_CLE_LV,2024,4,2024-09-29,LV,CLE,20.0,16.0,4.0,36.0,25.5556,23.295,2.2606,48.8506,0.5536000000000001,165.0250111411141,151.53732873287328,296.163303970397,336.9613757775778,12.0542566998985,11.863688086713553,0.2220475920971528,0.16215317320057504,0.21559350352449191,0.1316254057698554,10.0,16.0,24.0,34.0,43.0,9.0,14.0,22.0,31.0,40.0,-20.0,-9.0,2.0,13.0,24.0,26.0,36.0,48.0,61.0,73.0,3.57382048,4.065858560000001,3.974694020000001,7.20156074,6.203901048566262,636001588,B0-POSSESSION-DRIVE-SCORE-PROCESS-V1,2024,2023,2023-REG-END,0.0,0.05,phase3-feature-provenance-v1,5f148219527b07d85261d3f196ace97a5eb5646271d43596032a692389abc579,2c5cc1af74fc5f3955e44361b82b791710e4b63bbc69b0c15570617e2d86e543,NONE,B0-poisson-multinomial-rare-tail-v1,10000
2024_04_DAL_NYG,2024,4,2024-09-26,NYG,DAL,15.0,20.0,-5.0,35.0,19.1443,28.8704,-9.7261,48.0147,0.2823,123.97927543754375,193.40194403440344,290.3367124612461,344.42572648264826,11.303706031346275,11.29278918220694,0.17607100394077674,0.13150531678248606,0.27281647174251067,0.1851766189439492,6.0,10.0,17.0,26.0,34.0,13.0,19.0,27.0,37.0,48.0,-32.0,-21.0,-10.0,1.0,11.0,26.0,35.0,47.0,59.0,73.0,2.90554765,4.874492640000001,4.35058939,7.126183009999998,6.175433956415462,3184542477,B0-POSSESSION-DRIVE-SCORE-PROCESS-V1,2024,2023,2023-REG-END,0.0,0.05,phase3-feature-provenance-v1,5f148219527b07d85261d3f196ace97a5eb5646271d43596032a692389abc579,2c5cc1af74fc5f3955e44361b82b791710e4b63bbc69b0c15570617e2d86e543,NONE,B0-poisson-multinomial-rare-tail-v1,10000
2024_04_DEN_NYJ,2024,4,2024-09-29,NYJ,DEN,9.0,10.0,-1.0,19.0,18.2108,19.0685,-0.8577,37.2793,0.47165,111.59292265226523,113.6359713471347,213.45419612961297,237.00359186918695,11.643817318201837,11.679000045143306,0.14596033576036452,0.1601594650447936,0.1566506893741086,0.15133960252611633,6.0,10.0,17.0,24.0,33.0,6.0,11.0,17.0,26.0,33.100000000000364,-19.0,-10.0,-1.0,9.0,17.100000000000364,19.0,26.0,36.0,47.0,57.0,4.86882114,4.887556829999999,3.32242525,10.801619729999999,7.8172356299965955,3411133462,B0-POSSESSION-DRIVE-SCORE-PROCESS-V1,2024,2023,2023-REG-END,0.0,0.05,phase3-feature-provenance-v1,5f148219527b07d85261d3f196ace97a5eb5646271d43596032a692389abc579,2c5cc1af74fc5f3955e44361b82b791710e4b63bbc69b0c15570617e2d86e543,NONE,B0-poisson-multinomial-rare-tail-v1,10000
2024_04_JAX_HOU,2024,4,2024-09-29,HOU,JAX,24.0,20.0,4.0,44.0,23.0586,22.1372,0.9214,45.1958,0.5219999999999999,151.88895493549353,143.0330794679468,276.42926496649665,313.414803840384,11.254221113172179,11.311162785234801,0.2134809225738487,0.14947800201859787,0.20620777277423927,0.14038007820134357,9.0,14.0,22.0,31.0,40.0,7.0,13.0,21.0,30.0,38.0,-20.0,-10.0,1.0,12.0,22.0,23.0,33.0,44.0,57.0,69.0,3.0102646800000006,2.7780425400000013,4.017679300000001,4.1567795400000005,4.5146299824312415,3789638193,B0-POSSESSION-DRIVE-SCORE-PROCESS-V1,2024,2023,2023-REG-END,0.0,0.05,phase3-feature-provenance-v1,5f148219527b07d85261d3f196ace97a5eb5646271d43596032a692389abc579,2c5cc1af74fc5f3955e44361b82b791710e4b63bbc69b0c15570617e2d86e543,NONE,B0-poisson-multinomial-rare-tail-v1,10000
2024_04_KC_LAC,2024,4,2024-09-29,LAC,KC,10.0,17.0,-7.0,27.0,22.8369,26.2147,-3.3778,49.0516,0.42915000000000003,153.67786617661764,180.09921383138317,307.9658637463746,359.588296269627,11.063279843969044,11.044757081135092,0.228636999264982,0.12824217411972896,0.251772447122975,0.1806088443649293,7.0,14.0,21.0,31.0,40.0,10.0,17.0,25.0,34.0,44.0,-26.0,-15.0,-3.0,8.0,18.0,26.0,36.0,47.0,61.0,74.0,7.11957057,4.9536162699999995,4.320941860000001,12.95629588,9.555075052327465,4179917370,B0-POSSESSION-DRIVE-SCORE-PROCESS-V1,2024,2023,2023-REG-END,0.0,0.05,phase3-feature-provenance-v1,5f148219527b07d85261d3f196ace97a5eb5646271d43596032a692389abc579,2c5cc1af74fc5f3955e44361b82b791710e4b63bbc69b0c15570617e2d86e543,NONE,B0-poisson-multinomial-rare-tail-v1,10000
2024_04_LA_CHI,2024,4,2024-09-29,CHI,LA,24.0,18.0,6.0,42.0,23.0091,24.7733,-1.7642,47.7824,0.45625,154.68508569856985,162.39794690469046,297.66596495649566,336.500100250025,11.0784356860639,11.154813040909083,0.23032504967223325,0.1289787713439938,0.2346681774885766,0.16094326085443653,7.0,14.0,21.0,31.0,40.0,10.0,16.0,23.5,33.0,42.0,-24.0,-13.0,-2.0,10.0,20.0,25.0,34.0,46.0,59.0,72.0,3.0249376099999994,3.911366149999999,5.374589120000001,4.664579179999999,5.578032017543677,1371592035,B0-POSSESSION-DRIVE-SCORE-PROCESS-V1,2024,2023,2023-REG-END,0.0,0.05,phase3-feature-provenance-v1,5f148219527b07d85261d3f196ace97a5eb5646271d43596032a692389abc579,2c5cc1af74fc5f3955e44361b82b791710e4b63bbc69b0c15570617e2d86e543,NONE,B0-poisson-multinomial-rare-tail-v1,10000
2024_04_MIN_GB,2024,4,2024-09-29,GB,MIN,29.0,31.0,-2.0,60.0,26.1453,24.0678,2.0775,50.2131,0.5444,176.93008091809182,160.5854617061706,310.7459683468347,364.2851169016902,10.814820201151838,10.729241905257412,0.2683622988990136,0.15256572555247921,0.23982581649861534,0.1591544810447132,10.0,17.0,24.0,34.0,44.0,9.0,15.0,23.0,32.0,41.0,-20.0,-10.0,2.0,14.0,25.0,27.0,37.0,49.0,62.0,76.0,3.6378000100000003,4.935641820000001,4.372530210000001,6.972520230000001,6.51304954515612,974209269,B0-POSSESSION-DRIVE-SCORE-PROCESS-V1,2024,2023,2023-REG-END,0.0,0.05,phase3-feature-provenance-v1,5f148219527b07d85261d3f196ace97a5eb5646271d43596032a692389abc579,2c5cc1af74fc5f3955e44361b82b791710e4b63bbc69b0c15570617e2d86e543,NONE,B0-poisson-multinomial-rare-tail-v1,10000
2024_04_NE_SF,2024,4,2024-09-29,SF,NE,30.0,13.0,17.0,43.0,27.2586,19.5972,7.6614,46.8558,0.6714,188.05493153315334,121.00505266526652,289.5417042104211,328.57826418641866,11.090169211155235,11.099164404232251,0.28007028986985605,0.13845308030198616,0.17275837052755944,0.15672931816729768,10.0,17.0,26.0,36.0,45.0,6.0,12.0,19.0,27.0,34.0,-14.0,-4.0,7.0,19.0,30.0,25.0,34.0,45.0,58.0,71.0,3.6389556800000005,3.6184040999999993,6.07113028,4.32088182,5.655321494521315,4130717522,B0-POSSESSION-DRIVE-SCORE-PROCESS-V1,2024,2023,2023-REG-END,0.0,0.05,phase3-feature-provenance-v1,5f148219527b07d85261d3f196ace97a5eb5646271d43596032a692389abc579,2c5cc1af74fc5f3955e44361b82b791710e4b63bbc69b0c15570617e2d86e543,NONE,B0-poisson-multinomial-rare-tail-v1,10000
2024_04_NO_ATL,2024,4,2024-09-29,ATL,NO,26.0,24.0,2.0,50.0,22.82,26.7272,-3.9072,49.5472,0.41145,143.7915791579158,177.85936609660965,298.7478629462946,344.55402756275623,11.23892446133296,11.064755023276355,0.20030807656469854,0.18044022390646214,0.26743547963250625,0.1569187700977838,9.0,14.0,22.0,30.0,39.0,10.0,17.0,26.0,35.0,44.0,-26.0,-15.0,-4.0,7.25,18.0,27.0,36.0,48.0,61.0,74.0,3.4067634599999996,3.161518420000001,4.74518194,4.38625384,5.058569224191059,4202404340,B0-POSSESSION-DRIVE-SCORE-PROCESS-V1,2024,2023,2023-REG-END,0.0,0.05,phase3-feature-provenance-v1,5f148219527b07d85261d3f196ace97a5eb5646271d43596032a692389abc579,2c5cc1af74fc5f3955e44361b82b791710e4b63bbc69b0c15570617e2d86e543,NONE,B0-poisson-multinomial-rare-tail-v1,10000
2024_04_PHI_TB,2024,4,2024-09-29,TB,PHI,33.0,16.0,17.0,49.0,24.9777,24.6816,0.2961,49.6593,0.51045,172.32543525352537,169.60598203820382,314.98252304230425,368.88031154115413,10.784659052923375,10.793704153702413,0.258623206956558,0.13324797579579223,0.2547268817021706,0.1378316572889781,9.0,16.0,24.0,33.0,42.0,9.0,16.0,23.0,33.0,42.0,-22.0,-11.0,0.0,12.0,22.0,27.0,36.0,48.0,62.0,75.0,5.511841309999999,4.679399200000001,10.017918569999999,4.5538943100000004,8.032740515939711,3296018554,B0-POSSESSION-DRIVE-SCORE-PROCESS-V1,2024,2023,2023-REG-END,0.0,0.05,phase3-feature-provenance-v1,5f148219527b07d85261d3f196ace97a5eb5646271d43596032a692389abc579,2c5cc1af74fc5f3955e44361b82b791710e4b63bbc69b0c15570617e2d86e543,NONE,B0-poisson-multinomial-rare-tail-v1,10000
2024_04_PIT_IND,2024,4,2024-09-29,IND,PIT,27.0,24.0,3.0,51.0,22.2352,21.4637,0.7715,43.6989,0.5175,144.24790575057503,136.88857116711674,262.74576232623264,299.5271915091509,11.159516370600466,11.250640175019857,0.2086360807885473,0.15519199728978658,0.1959405454289724,0.1544222236041904,7.0,13.0,21.0,30.0,38.0,7.0,13.0,20.0,29.0,37.0,-20.0,-10.0,1.0,11.0,21.0,23.0,31.0,42.0,55.0,67.0,3.924620880000001,3.19149205,3.867415190000001,5.708851129999999,5.505430782453649,1777332418,B0-POSSESSION-DRIVE-SCORE-PROCESS-V1,2024,2023,2023-REG-END,0.0,0.05,phase3-feature-provenance-v1,5f148219527b07d85261d3f196ace97a5eb5646271d43596032a692389abc579,2c5cc1af74fc5f3955e44361b82b791710e4b63bbc69b0c15570617e2d86e543,NONE,B0-poisson-multinomial-rare-tail-v1,10000
2024_04_SEA_DET,2024,4,2024-09-30,DET,SEA,42.0,29.0,13.0,71.0,26.7819,27.0096,-0.2277,53.7915,0.49474999999999997,187.5498873787379,185.57926576657667,343.6256152715271,402.6326910191019,11.095154096464308,11.082814167298288,0.275730672771419,0.14527060370565653,0.2774434869240526,0.1376560455538575,10.0,17.0,25.0,35.0,45.0,10.0,17.0,26.0,35.0,45.0,-24.0,-13.0,0.0,12.0,23.0,29.0,40.0,52.0,67.0,81.0,10.015736229999998,3.48312634,7.9168283299999995,10.968845029999999,10.550487593128702,1357458602,B0-POSSESSION-DRIVE-SCORE-PROCESS-V1,2024,2023,2023-REG-END,0.0,0.05,phase3-feature-provenance-v1,5f148219527b07d85261d3f196ace97a5eb5646271d43596032a692389abc579,2c5cc1af74fc5f3955e44361b82b791710e4b63bbc69b0c15570617e2d86e543,NONE,B0-poisson-multinomial-rare-tail-v1,10000
2024_04_TEN_MIA,2024,4,2024-09-30,MIA,TEN,12.0,31.0,-19.0,43.0,26.1322,23.2182,2.914,49.3504,0.56165,176.50957411741174,158.15920468046804,309.41034503450345,359.9272125612561,11.03718939441331,11.227906889992758,0.26414770742734256,0.15102830939660805,0.2382513818867765,0.11134543551274899,10.0,17.0,24.0,34.0,44.0,7.0,14.0,22.0,31.0,40.0,-19.0,-9.0,3.0,14.0,25.0,26.0,36.0,48.0,62.0,75.0,7.9449103800000005,5.2937809,13.811633740000001,4.95276986,10.372620743256972,2868732540,B0-POSSESSION-DRIVE-SCORE-PROCESS-V1,2024,2023,2023-REG-END,0.0,0.05,phase3-feature-provenance-v1,5f148219527b07d85261d3f196ace97a5eb5646271d43596032a692389abc579,2c5cc1af74fc5f3955e44361b82b791710e4b63bbc69b0c15570617e2d86e543,NONE,B0-poisson-multinomial-rare-tail-v1,10000
2024_04_WAS_ARI,2024,4,2024-09-29,ARI,WAS,14.0,42.0,-28.0,56.0,27.0412,23.3045,3.7367,50.3457,0.58175,184.86238879887986,152.3172114711471,310.6628393939394,363.6963611461146,10.70492813796073,10.837296181742794,0.28820240734893726,0.14066155366671398,0.2341158041836646,0.1413301646474193,10.0,17.0,26.0,36.0,45.0,8.0,14.0,22.0,31.0,40.0,-18.0,-8.0,4.0,15.0,26.0,27.0,37.0,49.0,63.0,76.0,7.16940582,12.978244530000001,22.35511373,5.501360909999999,15.661817870321979,3802666449,B0-POSSESSION-DRIVE-SCORE-PROCESS-V1,2024,2023,2023-REG-END,0.0,0.05,phase3-feature-provenance-v1,5f148219527b07d85261d3f196ace97a5eb5646271d43596032a692389abc579,2c5cc1af74fc5f3955e44361b82b791710e4b63bbc69b0c15570617e2d86e543,NONE,B0-poisson-multinomial-rare-tail-v1,10000
2024_05_ARI_SF,2024,5,2024-10-06,SF,ARI,23.0,24.0,-1.0,47.0,32.8409,22.5872,10.2537,55.4281,0.70545,237.75356254625459,155.79417557755775,364.4733836483648,422.6220925992599,10.69332866615942,10.624847488032259,0.3603787522575759,0.15121613857373853,0.23447144422794647,0.12948519096525854,14.0,21.0,31.0,42.0,53.0,7.0,14.0,21.0,30.0,39.0,-14.0,-3.0,10.0,22.0,35.0,30.0,41.0,54.0,69.0,83.0,5.454501890000001,3.1146509599999996,6.87634705,5.726317409999998,6.91041907595266,4241377431,B0-POSSESSION-DRIVE-SCORE-PROCESS-V1,2024,2023,2023-REG-END,0.0,0.05,phase3-feature-provenance-v1,5f148219527b07d85261d3f196ace97a5eb5646271d43596032a692389abc579,2c5cc1af74fc5f3955e44361b82b791710e4b63bbc69b0c15570617e2d86e543,NONE,B0-poisson-multinomial-rare-tail-v1,10000
2024_05_BAL_CIN,2024,5,2024-10-06,CIN,BAL,38.0,41.0,-3.0,79.0,22.7056,28.0538,-5.3482,50.7594,0.37995,150.3177604160416,184.2323287928793,311.3030870687068,357.7970913491349,11.001108392926556,11.113008837615226,0.22581284805086008,0.13875826525803334,0.25826956511552,0.21274267761546153,7.0,14.0,21.0,30.0,39.0,12.0,18.75,27.0,37.0,46.0,-28.0,-17.0,-5.0,7.0,17.0,27.0,37.0,50.0,63.0,76.0,10.210731760000002,8.38271768,4.1374109400000005,19.26094118,13.836749181891438,1049019078,B0-POSSESSION-DRIVE-SCORE-PROCESS-V1,2024,2023,2023-REG-END,0.0,0.05,phase3-feature-provenance-v1,5f148219527b07d85261d3f196ace97a5eb5646271d43596032a692389abc579,2c5cc1af74fc5f3955e44361b82b791710e4b63bbc69b0c15570617e2d86e543,NONE,B0-poisson-multinomial-rare-tail-v1,10000
2024_05_BUF_HOU,2024,5,2024-10-06,HOU,BUF,23.0,20.0,3.0,43.0,20.8553,28.0736,-7.2183,48.9289,0.33615,137.4847103810381,191.15909894989497,305.2377688868887,352.0498497749775,11.070331077284349,11.261845187381931,0.1994646790913121,0.13847993730439734,0.28669789614166075,0.14089994378500822,7.0,13.0,20.0,28.0,37.0,10.0,17.0,27.0,37.0,47.0,-30.0,-18.0,-7.0,4.0,15.0,26.0,35.0,47.0,61.0,74.0,3.1061241099999997,4.52335012,6.317576769999999,4.79738989,6.092711746293988,2167879117,B0-POSSESSION-DRIVE-SCORE-PROCESS-V1,2024,2023,2023-REG-END,0.0,0.05,phase3-feature-provenance-v1,5f148219527b07d85261d3f196ace97a5eb5646271d43596032a692389abc579,2c5cc1af74fc5f3955e44361b82b791710e4b63bbc69b0c15570617e2d86e543,NONE,B0-poisson-multinomial-rare-tail-v1,10000
2024_05_CAR_CHI,2024,5,2024-10-06,CHI,CAR,36.0,10.0,26.0,46.0,22.9992,18.6824,4.3168,41.6816,0.6058,150.87908726872686,114.77020726072607,251.17455521552154,280.1240338433843,11.214333536867173,11.242334405562508,0.22218904432335038,0.13751246612494888,0.16290507265181742,0.14900134315468339,7.0,14.0,22.0,30.0,39.0,6.0,10.0,17.0,25.0,33.0,-16.0,-6.0,4.0,14.0,25.0,21.0,30.0,40.0,52.0,64.0,8.495207700000002,4.6199927800000005,14.1748126,4.61736486,10.30900501858178,4156091335,B0-POSSESSION-DRIVE-SCORE-PROCESS-V1,2024,2023,2023-REG-END,0.0,0.05,phase3-feature-provenance-v1,5f148219527b07d85261d3f196ace97a5eb5646271d43596032a692389abc579,2c5cc1af74fc5f3955e44361b82b791710e4b63bbc69b0c15570617e2d86e543,NONE,B0-poisson-multinomial-rare-tail-v1,10000
2024_05_CLE_WAS,2024,5,2024-10-06,WAS,CLE,34.0,13.0,21.0,47.0,24.22,22.0117,2.2083,46.2317,0.54835,162.82828282828282,147.64752786278626,294.6835794679468,326.26804191419143,11.744733900871028,11.347318986702197,0.23207969684640167,0.12128231526895446,0.20953137253572374,0.1318767352888834,9.0,14.0,23.0,32.0,41.0,7.0,13.0,21.0,30.0,38.0,-20.0,-10.0,2.0,14.0,24.0,24.0,33.0,45.0,57.0,70.0,6.371512060000001,4.81410959,11.51217589,4.291015530000001,8.84318665297807,2958540572,B0-POSSESSION-DRIVE-SCORE-PROCESS-V1,2024,2023,2023-REG-END,0.0,0.05,phase3-feature-provenance-v1,5f148219527b07d85261d3f196ace97a5eb5646271d43596032a692389abc579,2c5cc1af74fc5f3955e44361b82b791710e4b63bbc69b0c15570617e2d86e543,NONE,B0-poisson-multinomial-rare-tail-v1,10000
2024_05_DAL_PIT,2024,5,2024-10-06,PIT,DAL,17.0,20.0,-3.0,37.0,21.4192,25.5113,-4.0921,46.9305,0.4052,138.4871200720072,172.10708301830184,285.816199209921,335.37220697069705,11.037530809619957,10.898130692472426,0.20031088011249204,0.1497927160603504,0.25216455397642284,0.16335864942686554,7.0,13.0,20.0,29.0,37.0,10.0,16.0,24.0,34.0,43.0,-25.0,-15.0,-4.0,7.0,17.0,24.0,34.0,45.0,58.0,71.0,3.0628740399999996,3.561198890000001,3.846973910000001,5.799756389999999,5.310639690098451,3772657379,B0-POSSESSION-DRIVE-SCORE-PROCESS-V1,2024,2023,2023-REG-END,0.0,0.05,phase3-feature-provenance-v1,5f148219527b07d85261d3f196ace97a5eb5646271d43596032a692389abc579,2c5cc1af74fc5f3955e44361b82b791710e4b63bbc69b0c15570617e2d86e543,NONE,B0-poisson-multinomial-rare-tail-v1,10000
2024_05_GB_LA,2024,5,2024-10-06,LA,GB,19.0,24.0,-5.0,43.0,27.8476,27.1511,0.6965,54.9987,0.5117,187.81555579557954,186.55512430243027,347.74036178617865,401.000998409841,10.78070758919433,10.769220432820513,0.2843548621306021,0.17271101847559672,0.29363318304505603,0.12898998626286035,10.0,17.0,27.0,37.0,47.0,10.0,17.0,26.0,35.0,45.0,-23.0,-11.0,0.0,13.0,24.0,30.0,41.0,54.0,68.0,81.0,4.8213528,3.2790272099999997,4.951916450000001,6.99620331,6.507677143838148,3405929154,B0-POSSESSION-DRIVE-SCORE-PROCESS-V1,2024,2023,2023-REG-END,0.0,0.05,phase3-feature-provenance-v1,5f148219527b07d85261d3f196ace97a5eb5646271d43596032a692389abc579,2c5cc1af74fc5f3955e44361b82b791710e4b63bbc69b0c15570617e2d86e543,NONE,B0-poisson-multinomial-rare-tail-v1,10000
2024_05_IND_JAX,2024,5,2024-10-06,JAX,IND,37.0,34.0,3.0,71.0,23.8566,24.2865,-0.4299,48.1431,0.50125,154.79851629162917,163.29994774477447,299.2792139113911,336.91771416141614,11.269316428098007,11.137969879430148,0.2288486535881152,0.15049992215386424,0.23430702361226324,0.15500057314950091,9.0,15.0,23.0,31.0,41.0,9.0,15.0,23.0,32.0,41.0,-23.0,-12.0,0.0,11.0,21.0,26.0,35.0,47.0,60.0,73.0,8.603520320000001,6.385095529999999,4.16957633,14.946077889999998,11.210159306339579,833830067,B0-POSSESSION-DRIVE-SCORE-PROCESS-V1,2024,2023,2023-REG-END,0.0,0.05,phase3-feature-provenance-v1,5f148219527b07d85261d3f196ace97a5eb5646271d43596032a692389abc579,2c5cc1af74fc5f3955e44361b82b791710e4b63bbc69b0c15570617e2d86e543,NONE,B0-poisson-multinomial-rare-tail-v1,10000
2024_05_LV_DEN,2024,5,2024-10-06,DEN,LV,34.0,18.0,16.0,52.0,22.9536,21.2396,1.714,44.1932,0.54165,145.66841388138815,130.28542038203818,255.92359635963598,295.9840721672167,11.469960383742634,11.433858167204997,0.20287762945073354,0.16373087326542973,0.16808032295102557,0.20344704489966212,9.0,14.0,22.0,30.0,39.0,7.0,13.0,20.0,28.0,37.0,-18.0,-9.0,1.0,12.0,22.0,23.0,32.0,43.0,55.0,67.0,7.202198859999999,2.8074512999999994,8.607177980000001,5.886266259999999,7.954761346166519,701350257,B0-POSSESSION-DRIVE-SCORE-PROCESS-V1,2024,2023,2023-REG-END,0.0,0.05,phase3-feature-provenance-v1,5f148219527b07d85261d3f196ace97a5eb5646271d43596032a692389abc579,2c5cc1af74fc5f3955e44361b82b791710e4b63bbc69b0c15570617e2d86e543,NONE,B0-poisson-multinomial-rare-tail-v1,10000
2024_05_MIA_NE,2024,5,2024-10-06,NE,MIA,10.0,15.0,-5.0,25.0,22.3744,21.267,1.1074,43.6414,0.5257,141.42756739673968,135.3980508050805,260.91375661566155,292.73747978797877,11.602983426659279,11.395165307017258,0.20211488338541417,0.14993225365121038,0.2051978780613743,0.119413973123783,8.0,14.0,21.0,30.0,38.0,7.0,13.0,20.0,28.0,37.0,-20.0,-10.0,1.0,12.0,21.0,23.0,31.0,42.0,54.0,66.0,6.862722800000001,3.6086012799999994,4.63222854,10.711745299999999,8.369551314350225,2371696699,B0-POSSESSION-DRIVE-SCORE-PROCESS-V1,2024,2023,2023-REG-END,0.0,0.05,phase3-feature-provenance-v1,5f148219527b07d85261d3f196ace97a5eb5646271d43596032a692389abc579,2c5cc1af74fc5f3955e44361b82b791710e4b63bbc69b0c15570617e2d86e543,NONE,B0-poisson-multinomial-rare-tail-v1,10000
2024_05_NO_KC,2024,5,2024-10-07,KC,NO,26.0,13.0,13.0,39.0,24.8267,23.1054,1.7213,47.9321,0.53955,162.1312802380238,153.55204604460445,290.55648195819583,340.8101706070607,11.035156410542834,10.89402396789253,0.230921470829371,0.18005180555260644,0.23786245931696665,0.12520216260603836,10.0,16.0,23.0,33.0,42.0,7.0,14.0,21.0,31.0,40.0,-20.0,-10.0,2.0,13.0,23.0,25.0,34.0,47.0,59.0,72.0,3.13086299,5.403365679999999,6.881949969999999,5.54149213,6.7970481015893345,3250968083,B0-POSSESSION-DRIVE-SCORE-PROCESS-V1,2024,2023,2023-REG-END,0.0,0.05,phase3-feature-provenance-v1,5f148219527b07d85261d3f196ace97a5eb5646271d43596032a692389abc579,2c5cc1af74fc5f3955e44361b82b791710e4b63bbc69b0c15570617e2d86e543,NONE,B0-poisson-multinomial-rare-tail-v1,10000
2024_05_NYG_SEA,2024,5,2024-10-06,SEA,NYG,20.0,29.0,-9.0,49.0,26.359,18.8919,7.4671,45.2509,0.6760499999999999,172.69378837883787,119.17433182318231,270.2397415641564,313.496498839884,11.295416401002845,11.262089485142667,0.24856950667826289,0.16912315815615248,0.17385507108404488,0.1311682027905568,10.0,17.0,25.0,34.0,44.0,6.0,10.0,17.0,26.0,34.0,-13.0,-4.0,7.0,18.0,28.0,23.0,33.0,44.0,56.0,68.0,3.85256112,6.58548369,9.858515530000002,4.64011597,8.13140568690067,473378780,B0-POSSESSION-DRIVE-SCORE-PROCESS-V1,2024,2023,2023-REG-END,0.0,0.05,phase3-feature-provenance-v1,5f148219527b07d85261d3f196ace97a5eb5646271d43596032a692389abc579,2c5cc1af74fc5f3955e44361b82b791710e4b63bbc69b0c15570617e2d86e543,NONE,B0-poisson-multinomial-rare-tail-v1,10000
2024_05_NYJ_MIN,2024,5,2024-10-06,MIN,NYJ,23.0,17.0,6.0,40.0,25.0555,17.5728,7.4827,42.6283,0.67875,165.01732148214822,105.97649780978098,256.40914162416243,285.57849695969594,11.675305703403001,11.557592952536458,0.22692048856234462,0.15627443557190737,0.13316857456551906,0.16683205226799194,10.0,16.0,24.0,33.0,42.0,6.0,10.0,16.0,24.0,31.0,-13.0,-3.0,7.0,18.0,28.0,22.0,30.0,41.0,53.0,65.0,3.03255239,2.3987235999999994,3.7532285499999993,3.9877398499999988,4.286883471492521,4252679990,B0-POSSESSION-DRIVE-SCORE-PROCESS-V1,2024,2023,2023-REG-END,0.0,0.05,phase3-feature-provenance-v1,5f148219527b07d85261d3f196ace97a5eb5646271d43596032a692389abc579,2c5cc1af74fc5f3955e44361b82b791710e4b63bbc69b0c15570617e2d86e543,NONE,B0-poisson-multinomial-rare-tail-v1,10000
2024_05_TB_ATL,2024,5,2024-10-03,ATL,TB,36.0,30.0,6.0,66.0,24.7233,25.4074,-0.6841,50.1307,0.48524999999999996,156.47358446844686,166.91131637163718,298.5483620262026,348.22143965396543,10.95353085275557,10.925499783479902,0.23148039960279318,0.18027923231821266,0.2539263982280561,0.1490464889053636,10.0,16.0,24.0,32.0,41.0,10.0,16.0,24.0,34.0,43.0,-23.0,-12.0,-1.0,11.0,21.0,27.0,37.0,49.0,62.0,75.0,7.320780269999999,3.9990679399999998,4.98779577,10.124332389999998,8.62707888711994,1545733409,B0-POSSESSION-DRIVE-SCORE-PROCESS-V1,2024,2023,2023-REG-END,0.0,0.05,phase3-feature-provenance-v1,5f148219527b07d85261d3f196ace97a5eb5646271d43596032a692389abc579,2c5cc1af74fc5f3955e44361b82b791710e4b63bbc69b0c15570617e2d86e543,NONE,B0-poisson-multinomial-rare-tail-v1,10000
2024_06_ARI_GB,2024,6,2024-10-13,GB,ARI,34.0,13.0,21.0,47.0,30.5638,23.9501,6.6137,54.5139,0.64295,218.4305726172617,160.45625561556156,345.7770500150015,411.99660645064506,10.723640977069527,10.629318871234252,0.3417809245146136,0.13089449962950325,0.24944391169564012,0.14789888481308414,13.0,20.0,30.0,40.0,50.0,9.0,14.0,23.0,31.0,41.0,-17.0,-6.0,6.0,19.0,30.0,30.0,40.0,53.0,68.0,81.10000000000036,4.02040946,5.90258775,8.68029605,5.416328589999999,7.9027505992061915,3060210564,B0-POSSESSION-DRIVE-SCORE-PROCESS-V1,2024,2023,2023-REG-END,0.0,0.05,phase3-feature-provenance-v1,5f148219527b07d85261d3f196ace97a5eb5646271d43596032a692389abc579,2c5cc1af74fc5f3955e44361b82b791710e4b63bbc69b0c15570617e2d86e543,NONE,B0-poisson-multinomial-rare-tail-v1,10000
2024_06_ATL_CAR,2024,6,2024-10-13,CAR,ATL,20.0,38.0,-18.0,58.0,22.9489,24.7778,-1.8289,47.7267,0.45925,148.22091088108812,160.40106726672667,286.74429921992197,330.49965707570755,10.996100064391975,11.129007705615134,0.2149955047694493,0.1641320111504748,0.22388477696857337,0.19053744620698976,8.0,14.0,22.0,30.0,39.0,10.0,16.0,23.0,33.0,42.0,-24.0,-13.0,-2.0,10.0,20.0,26.0,35.0,46.0,59.0,72.0,2.913861830000001,8.64712324,9.768113990000002,7.0527982699999985,9.21697856857599,3002571362,B0-POSSESSION-DRIVE-SCORE-PROCESS-V1,2024,2023,2023-REG-END,0.0,0.05,phase3-feature-provenance-v1,5f148219527b07d85261d3f196ace97a5eb5646271d43596032a692389abc579,2c5cc1af74fc5f3955e44361b82b791710e4b63bbc69b0c15570617e2d86e543,NONE,B0-poisson-multinomial-rare-tail-v1,10000
2024_06_BUF_NYJ,2024,6,2024-10-14,NYJ,BUF,20.0,23.0,-3.0,43.0,17.5805,26.2222,-8.6417,43.8027,0.30260000000000004,109.95791554155416,174.3366608260826,271.40246135613563,297.18669137913787,11.398833300047214,11.555895212457175,0.15078514373504862,0.13643365646314276,0.25168667269897466,0.14377712203387252,6.0,10.0,17.0,24.0,32.0,10.0,17.0,24.0,34.0,44.0,-30.0,-20.0,-8.0,3.0,12.0,23.0,31.0,43.0,55.0,67.0,2.92455455,3.148079900000001,4.43647425,4.0529829500000005,4.810557978800595,2673807961,B0-POSSESSION-DRIVE-SCORE-PROCESS-V1,2024,2023,2023-REG-END,0.0,0.05,phase3-feature-provenance-v1,5f148219527b07d85261d3f196ace97a5eb5646271d43596032a692389abc579,2c5cc1af74fc5f3955e44361b82b791710e4b63bbc69b0c15570617e2d86e543,NONE,B0-poisson-multinomial-rare-tail-v1,10000
2024_06_CIN_NYG,2024,6,2024-10-13,NYG,CIN,7.0,17.0,-10.0,24.0,21.9135,24.0022,-2.0887,45.9157,0.4484,140.79109685968598,155.7731724772477,272.4888811981199,320.6396574757476,11.218952068970092,11.124643506645311,0.19896245540296215,0.15842973699815757,0.22209800966130902,0.17200539032596757,7.0,13.0,20.0,29.0,37.0,9.0,15.0,23.0,32.0,41.0,-23.0,-13.0,-2.0,9.0,19.0,24.0,33.0,44.0,57.0,69.10000000000036,8.85318221,3.96573124,5.30670147,13.07592373,10.100911643292372,1209403948,B0-POSSESSION-DRIVE-SCORE-PROCESS-V1,2024,2023,2023-REG-END,0.0,0.05,phase3-feature-provenance-v1,5f148219527b07d85261d3f196ace97a5eb5646271d43596032a692389abc579,2c5cc1af74fc5f3955e44361b82b791710e4b63bbc69b0c15570617e2d86e543,NONE,B0-poisson-multinomial-rare-tail-v1,10000
2024_06_CLE_PHI,2024,6,2024-10-13,PHI,CLE,20.0,16.0,4.0,36.0,28.6878,20.0818,8.606,48.7696,0.6820999999999999,199.53248440844087,133.7396827282728,313.7519391939194,352.79239507950797,11.688826971179198,11.316622135280372,0.2859493848766111,0.126445569260685,0.19289317029999642,0.11582253213461802,11.0,19.0,27.0,38.0,47.0,7.0,12.0,19.0,27.0,36.0,-13.0,-3.0,8.0,20.0,31.0,26.0,35.0,47.0,61.0,73.10000000000036,4.859015820000001,2.9469204200000005,4.476459479999999,7.1384697599999996,6.337809608230289,3066910172,B0-POSSESSION-DRIVE-SCORE-PROCESS-V1,2024,2023,2023-REG-END,0.0,0.05,phase3-feature-provenance-v1,5f148219527b07d85261d3f196ace97a5eb5646271d43596032a692389abc579,2c5cc1af74fc5f3955e44361b82b791710e4b63bbc69b0c15570617e2d86e543,NONE,B0-poisson-multinomial-rare-tail-v1,10000
2024_06_DET_DAL,2024,6,2024-10-13,DAL,DET,9.0,47.0,-38.0,56.0,32.8327,26.0057,6.827,58.8384,0.64185,228.09832054205418,177.28179568956898,367.84065506550655,442.9195773977397,10.845225960732343,11.006734949054641,0.35803573928085186,0.15310679532162155,0.2616380244062048,0.14626793572579275,14.0,22.0,31.0,42.0,53.0,10.0,16.0,24.0,34.0,44.0,-18.0,-6.0,7.0,20.0,31.0,33.0,44.0,57.0,72.0,87.0,15.635056730000002,14.597750629999998,34.16260262,4.936018459999998,22.789090289046115,3663139095,B0-POSSESSION-DRIVE-SCORE-PROCESS-V1,2024,2023,2023-REG-END,0.0,0.05,phase3-feature-provenance-v1,5f148219527b07d85261d3f196ace97a5eb5646271d43596032a692389abc579,2c5cc1af74fc5f3955e44361b82b791710e4b63bbc69b0c15570617e2d86e543,NONE,B0-poisson-multinomial-rare-tail-v1,10000
2024_06_HOU_NE,2024,6,2024-10-13,NE,HOU,21.0,41.0,-20.0,62.0,22.6927,19.2511,3.4416,41.9438,0.58795,144.29129583958394,123.53620241024103,254.2126107010701,281.44238579857983,11.657703430741925,11.490246506901354,0.1944994980453276,0.16841950046158594,0.17180875299088105,0.13116589043736168,9.0,14.0,21.0,30.0,39.0,6.0,10.0,17.0,26.0,34.0,-17.0,-7.0,3.0,14.0,24.0,22.0,30.0,40.0,52.0,64.0,2.7979971700000004,16.12776993,15.538258919999999,13.233770279999998,15.45289048440699,798719955,B0-POSSESSION-DRIVE-SCORE-PROCESS-V1,2024,2023,2023-REG-END,0.0,0.05,phase3-feature-provenance-v1,5f148219527b07d85261d3f196ace97a5eb5646271d43596032a692389abc579,2c5cc1af74fc5f3955e44361b82b791710e4b63bbc69b0c15570617e2d86e543,NONE,B0-poisson-multinomial-rare-tail-v1,10000
2024_06_IND_TEN,2024,6,2024-10-13,TEN,IND,17.0,20.0,-3.0,37.0,25.5123,24.8485,0.6638,50.3608,0.51375,174.3028789978998,160.99464721472145,309.86515607560756,360.72989634963494,11.38159509241782,11.233849715854879,0.25109520835295157,0.13799852834824036,0.23184492980310759,0.16974349047272416,10.0,16.0,24.0,34.0,43.0,10.0,16.0,23.0,33.0,42.0,-22.0,-10.0,0.0,12.0,23.0,27.0,37.0,49.0,62.0,75.0,4.64508251,3.299761929999999,4.2576774,7.356809359999998,6.353012837360927,465283334,B0-POSSESSION-DRIVE-SCORE-PROCESS-V1,2024,2023,2023-REG-END,0.0,0.05,phase3-feature-provenance-v1,5f148219527b07d85261d3f196ace97a5eb5646271d43596032a692389abc579,2c5cc1af74fc5f3955e44361b82b791710e4b63bbc69b0c15570617e2d86e543,NONE,B0-poisson-multinomial-rare-tail-v1,10000
2024_06_JAX_CHI,2024,6,2024-10-13,CHI,JAX,35.0,16.0,19.0,51.0,24.3689,21.6065,2.7624,45.9754,0.56595,163.02551534153417,140.58671642164217,281.65291153115305,325.5715519951995,11.202601284579199,11.323233059548256,0.2431634181213629,0.1319662600270725,0.19782608936857207,0.14239562873307116,9.0,14.0,23.0,32.0,41.0,7.0,13.0,20.0,29.0,37.0,-19.0,-8.0,3.0,14.0,24.0,24.0,33.0,44.0,57.0,70.0,6.87521481,3.3968032299999997,9.820793859999998,5.0476002399999995,8.15297247289843,480844845,B0-POSSESSION-DRIVE-SCORE-PROCESS-V1,2024,2023,2023-REG-END,0.0,0.05,phase3-feature-provenance-v1,5f148219527b07d85261d3f196ace97a5eb5646271d43596032a692389abc579,2c5cc1af74fc5f3955e44361b82b791710e4b63bbc69b0c15570617e2d86e543,NONE,B0-poisson-multinomial-rare-tail-v1,10000
2024_06_LAC_DEN,2024,6,2024-10-13,DEN,LAC,16.0,23.0,-7.0,39.0,21.5427,21.3037,0.239,42.8464,0.5059,134.3622129312931,132.66553286328633,254.198098809881,279.8573927792779,11.494386800830835,11.506736450548377,0.19243226645503722,0.1498395357076897,0.18289160199748677,0.16415603791044603,7.0,13.0,20.0,29.0,37.0,7.0,13.0,20.0,28.0,37.0,-20.0,-10.0,0.0,11.0,21.0,23.0,31.0,41.0,53.0,65.0,3.41438983,2.955860109999999,5.001389,4.04928514,4.959666017965455,4054823524,B0-POSSESSION-DRIVE-SCORE-PROCESS-V1,2024,2023,2023-REG-END,0.0,0.05,phase3-feature-provenance-v1,5f148219527b07d85261d3f196ace97a5eb5646271d43596032a692389abc579,2c5cc1af74fc5f3955e44361b82b791710e4b63bbc69b0c15570617e2d86e543,NONE,B0-poisson-multinomial-rare-tail-v1,10000
2024_06_PIT_LV,2024,6,2024-10-13,LV,PIT,13.0,32.0,-19.0,45.0,21.2749,23.433,-2.1581,44.7079,0.44630000000000003,133.66149613961397,152.65377637763777,264.2623306230623,308.3682144114411,11.065109686650327,11.269224380422646,0.18271069985697763,0.19021223617861252,0.21624248116915362,0.1632011302493012,7.0,13.0,20.0,29.0,37.0,9.0,14.0,23.0,31.0,40.0,-23.0,-13.0,-2.0,9.0,18.0,23.0,32.0,43.0,56.0,68.0,4.407249230000001,5.7010682599999996,10.303808230000001,4.154371529999999,7.9793776706322745,3545834588,B0-POSSESSION-DRIVE-SCORE-PROCESS-V1,2024,2023,2023-REG-END,0.0,0.05,phase3-feature-provenance-v1,5f148219527b07d85261d3f196ace97a5eb5646271d43596032a692389abc579,2c5cc1af74fc5f3955e44361b82b791710e4b63bbc69b0c15570617e2d86e543,NONE,B0-poisson-multinomial-rare-tail-v1,10000
2024_06_SF_SEA,2024,6,2024-10-10,SEA,SF,24.0,36.0,-12.0,60.0,25.828,28.6134,-2.7854,54.4414,0.4386,176.6484808480848,192.85942638263825,333.0978566256626,405.91795783578357,10.92621955467353,10.989897368201904,0.25958411887124067,0.145568979514533,0.2912890312983937,0.15671294882808268,10.0,16.0,24.0,34.0,44.0,12.0,19.0,27.0,37.0,47.0,-26.0,-15.0,-3.0,9.0,20.0,30.0,40.0,53.0,67.0,81.0,3.10630772,5.2859947400000005,6.032677040000001,5.644232820000001,6.497494409666599,4231306400,B0-POSSESSION-DRIVE-SCORE-PROCESS-V1,2024,2023,2023-REG-END,0.0,0.05,phase3-feature-provenance-v1,5f148219527b07d85261d3f196ace97a5eb5646271d43596032a692389abc579,2c5cc1af74fc5f3955e44361b82b791710e4b63bbc69b0c15570617e2d86e543,NONE,B0-poisson-multinomial-rare-tail-v1,10000
2024_06_TB_NO,2024,6,2024-10-13,NO,TB,27.0,51.0,-24.0,78.0,25.9244,22.4568,3.4676,48.3812,0.57345,173.171001740174,149.0564394039404,294.92064230423046,349.53423998399836,10.947130776581089,11.075237505635107,0.2643492616948081,0.14507440358435894,0.21867383047741912,0.135408252079249,10.0,16.75,24.0,34.0,44.0,7.0,14.0,21.0,30.0,39.0,-18.0,-8.0,3.0,14.0,25.0,26.0,35.0,47.0,60.0,73.0,3.22596404,21.9964499,18.536982039999998,20.54610018,20.718342220135668,197411711,B0-POSSESSION-DRIVE-SCORE-PROCESS-V1,2024,2023,2023-REG-END,0.0,0.05,phase3-feature-provenance-v1,5f148219527b07d85261d3f196ace97a5eb5646271d43596032a692389abc579,2c5cc1af74fc5f3955e44361b82b791710e4b63bbc69b0c15570617e2d86e543,NONE,B0-poisson-multinomial-rare-tail-v1,10000
2024_06_WAS_BAL,2024,6,2024-10-13,BAL,WAS,30.0,23.0,7.0,53.0,30.8323,20.5033,10.329,51.3356,0.7189,206.68624533453342,131.80676978697872,308.6700260026003,368.31600424042404,11.137789278522261,11.117650446207584,0.30068310220708855,0.19423511623884415,0.19597414360035478,0.12931366966776736,13.0,20.0,30.0,40.0,50.0,7.0,13.0,20.0,27.0,36.0,-11.0,-1.0,10.0,22.0,33.0,28.0,37.0,50.0,64.0,77.0,3.3350330699999997,3.12036539,4.250011199999999,4.714799900000001,5.044991422079457,712706352,B0-POSSESSION-DRIVE-SCORE-PROCESS-V1,2024,2023,2023-REG-END,0.0,0.05,phase3-feature-provenance-v1,5f148219527b07d85261d3f196ace97a5eb5646271d43596032a692389abc579,2c5cc1af74fc5f3955e44361b82b791710e4b63bbc69b0c15570617e2d86e543,NONE,B0-poisson-multinomial-rare-tail-v1,10000
2024_07_BAL_TB,2024,7,2024-10-21,TB,BAL,31.0,41.0,-10.0,72.0,25.0155,28.3684,-3.3529,53.3839,0.42245,166.65632538253826,184.50593203320332,325.7187334633463,376.6057813681368,11.20702324917434,11.2230833406398,0.24737329210242062,0.1361326756345838,0.27074282179680015,0.1803254748309705,10.0,16.0,24.0,33.0,42.0,13.0,19.0,27.0,37.0,47.0,-26.0,-15.0,-3.0,9.0,20.0,30.0,40.0,52.0,66.0,79.0,4.54192481,8.184857260000001,5.10858105,11.882077170000002,9.712965278674469,2822009912,B0-POSSESSION-DRIVE-SCORE-PROCESS-V1,2024,2023,2023-REG-END,0.0,0.05,phase3-feature-provenance-v1,5f148219527b07d85261d3f196ace97a5eb5646271d43596032a692389abc579,2c5cc1af74fc5f3955e44361b82b791710e4b63bbc69b0c15570617e2d86e543,NONE,B0-poisson-multinomial-rare-tail-v1,10000
2024_07_CAR_WAS,2024,7,2024-10-20,WAS,CAR,40.0,7.0,33.0,47.0,24.607,20.787,3.82,45.394,0.5919,167.73572457245726,136.64249524952496,281.63496349634966,327.1214761476147,11.027823748436314,10.850000271115817,0.24560324507161474,0.1444318832494332,0.1949948639595074,0.1608662999900367,9.0,15.0,23.0,33.0,42.0,7.0,13.0,20.0,27.25,37.0,-17.0,-7.0,4.0,15.0,25.0,23.0,33.0,44.0,57.0,70.0,10.1371368,7.966061020000001,20.41838278,4.44097964,14.051004833121693,3709861141,B0-POSSESSION-DRIVE-SCORE-PROCESS-V1,2024,2023,2023-REG-END,0.0,0.05,phase3-feature-provenance-v1,5f148219527b07d85261d3f196ace97a5eb5646271d43596032a692389abc579,2c5cc1af74fc5f3955e44361b82b791710e4b63bbc69b0c15570617e2d86e543,NONE,B0-poisson-multinomial-rare-tail-v1,10000
2024_07_CIN_CLE,2024,7,2024-10-20,CLE,CIN,14.0,21.0,-7.0,35.0,22.6897,25.296,-2.6063,47.9857,0.4416,151.00031394139413,169.01468546854684,298.25592590259026,341.77407291729173,11.503769019974856,11.572782677252132,0.2053719847424897,0.14863070527967653,0.2467671031411188,0.12437079072627824,7.0,14.0,21.0,30.0,40.0,10.0,16.0,24.0,34.0,42.0,-24.0,-14.0,-3.0,9.0,19.0,25.0,35.0,47.0,59.0,72.0,4.65053231,3.3588884200000004,4.437035809999999,7.24687939,6.369746114446748,1887119866,B0-POSSESSION-DRIVE-SCORE-PROCESS-V1,2024,2023,2023-REG-END,0.0,0.05,phase3-feature-provenance-v1,5f148219527b07d85261d3f196ace97a5eb5646271d43596032a692389abc579,2c5cc1af74fc5f3955e44361b82b791710e4b63bbc69b0c15570617e2d86e543,NONE,B0-poisson-multinomial-rare-tail-v1,10000
2024_07_DEN_NO,2024,7,2024-10-17,NO,DEN,10.0,33.0,-23.0,43.0,24.457,18.909,5.548,43.366,0.63115,161.88293929392938,119.4268616861686,266.41633763376336,296.20326432643265,11.468270734029236,11.497404467859429,0.22133170561969165,0.1708310144140552,0.1599194330304746,0.14983272405153633,9.0,16.0,23.0,33.0,41.0,6.0,10.0,17.0,26.0,34.0,-15.0,-5.0,5.0,16.0,27.0,22.0,31.0,42.0,54.0,66.10000000000036,8.29132776,9.506742880000001,19.91856242,4.00015312,13.664859739417821,3259023519,B0-POSSESSION-DRIVE-SCORE-PROCESS-V1,2024,2023,2023-REG-END,0.0,0.05,phase3-feature-provenance-v1,5f148219527b07d85261d3f196ace97a5eb5646271d43596032a692389abc579,2c5cc1af74fc5f3955e44361b82b791710e4b63bbc69b0c15570617e2d86e543,NONE,B0-poisson-multinomial-rare-tail-v1,10000
2024_07_DET_MIN,2024,7,2024-10-20,MIN,DET,29.0,31.0,-2.0,60.0,28.7334,26.0094,2.724,54.7428,0.5599,200.13993843384335,168.42035367536752,345.744198419842,391.3763857985798,11.303929203418255,11.223049720898274,0.28901918317810166,0.14916254155347106,0.24530221349954584,0.16596754583544507,12.0,19.0,27.0,38.0,48.0,10.0,17.0,24.0,34.0,44.0,-21.0,-10.0,3.0,15.0,26.0,30.0,41.0,54.0,67.0,81.0,3.39420956,4.18018186,4.728853939999999,5.486700700000002,5.77693640652579,2473748347,B0-POSSESSION-DRIVE-SCORE-PROCESS-V1,2024,2023,2023-REG-END,0.0,0.05,phase3-feature-provenance-v1,5f148219527b07d85261d3f196ace97a5eb5646271d43596032a692389abc579,2c5cc1af74fc5f3955e44361b82b791710e4b63bbc69b0c15570617e2d86e543,NONE,B0-poisson-multinomial-rare-tail-v1,10000
2024_07_HOU_GB,2024,7,2024-10-20,GB,HOU,24.0,22.0,2.0,46.0,29.7451,22.2431,7.502,51.9882,0.6599499999999999,205.70969695969598,146.84028641864188,328.9368896889689,376.1630770677068,11.330129656199059,11.100460424572997,0.3085901715938701,0.13321615790395686,0.20795284811954906,0.1603674294906708,13.0,20.0,28.0,39.0,49.0,7.0,13.0,21.0,30.0,38.0,-15.0,-5.0,7.0,19.0,31.0,28.0,38.0,51.0,64.0,78.0,3.8864484499999996,2.88920219,4.7617750999999995,4.98126564,5.336624995592622,1174948419,B0-POSSESSION-DRIVE-SCORE-PROCESS-V1,2024,2023,2023-REG-END,0.0,0.05,phase3-feature-provenance-v1,5f148219527b07d85261d3f196ace97a5eb5646271d43596032a692389abc579,2c5cc1af74fc5f3955e44361b82b791710e4b63bbc69b0c15570617e2d86e543,NONE,B0-poisson-multinomial-rare-tail-v1,10000
2024_07_KC_SF,2024,7,2024-10-20,SF,KC,18.0,28.0,-10.0,46.0,27.9924,25.0529,2.9395,53.0453,0.55825,198.54219645964596,164.71237282728273,334.1620559555956,392.3470826182618,10.71916130538398,10.732148527044341,0.3075876533238329,0.1275836213393088,0.2437156762749482,0.1814757771670215,10.0,17.0,27.0,37.0,47.0,10.0,16.0,24.0,33.0,42.0,-20.0,-9.0,3.0,15.0,26.0,29.0,39.0,52.0,66.0,79.0,5.36366198,3.5413009100000012,7.599695989999999,5.26208709,7.1024576185784,1412168259,B0-POSSESSION-DRIVE-SCORE-PROCESS-V1,2024,2023,2023-REG-END,0.0,0.05,phase3-feature-provenance-v1,5f148219527b07d85261d3f196ace97a5eb5646271d43596032a692389abc579,2c5cc1af74fc5f3955e44361b82b791710e4b63bbc69b0c15570617e2d86e543,NONE,B0-poisson-multinomial-rare-tail-v1,10000
2024_07_LAC_ARI,2024,7,2024-10-21,ARI,LAC,17.0,15.0,2.0,32.0,26.0324,25.3679,0.6645,51.4003,0.5115000000000001,179.24867510751076,171.3060801980198,327.8813278827883,373.2281827282728,10.937289217328107,10.936940620946924,0.2662804610517696,0.14235321128090078,0.25503024063983026,0.14880859801346144,10.0,17.0,24.0,34.0,44.0,10.0,16.0,24.0,34.0,43.0,-22.0,-11.0,0.0,13.0,24.0,27.0,37.0,50.0,64.0,77.0,4.90047638,5.578831449999999,4.19022301,10.99331077,8.293991538185745,156250480,B0-POSSESSION-DRIVE-SCORE-PROCESS-V1,2024,2023,2023-REG-END,0.0,0.05,phase3-feature-provenance-v1,5f148219527b07d85261d3f196ace97a5eb5646271d43596032a692389abc579,2c5cc1af74fc5f3955e44361b82b791710e4b63bbc69b0c15570617e2d86e543,NONE,B0-poisson-multinomial-rare-tail-v1,10000
2024_07_LV_LA,2024,7,2024-10-20,LA,LV,20.0,15.0,5.0,35.0,29.9624,22.017,7.9454,51.9794,0.6715,205.148301070107,137.74148514851487,317.88340718071805,367.8961652565257,11.128292255928152,10.996699798620782,0.29960596577222576,0.1788229857310092,0.1920275599987372,0.1916067788506532,13.0,20.0,29.0,39.0,49.0,7.0,13.0,21.0,30.0,37.100000000000364,-14.0,-4.0,7.0,20.0,31.0,29.0,38.0,50.0,64.0,77.0,5.410911180000001,3.9471076399999996,4.214278439999999,9.40658628,7.459456179107015,1121357544,B0-POSSESSION-DRIVE-SCORE-PROCESS-V1,2024,2023,2023-REG-END,0.0,0.05,phase3-feature-provenance-v1,5f148219527b07d85261d3f196ace97a5eb5646271d43596032a692389abc579,2c5cc1af74fc5f3955e44361b82b791710e4b63bbc69b0c15570617e2d86e543,NONE,B0-poisson-multinomial-rare-tail-v1,10000
2024_07_MIA_IND,2024,7,2024-10-20,IND,MIA,16.0,10.0,6.0,26.0,27.6391,25.013,2.6261,52.6521,0.55735,188.53570476047605,161.0849394939494,318.93979276927695,380.30149573957397,11.366474524918388,11.319137988091805,0.2783335506109772,0.13369192082655823,0.24058557905166858,0.14426847903490142,10.0,17.0,27.0,36.0,46.0,10.0,16.0,24.0,33.0,42.0,-20.0,-10.0,3.0,14.0,25.0,29.0,39.0,51.0,65.0,79.0,6.26954083,8.74640128,4.40868723,16.59796437,11.69599838266819,2889592570,B0-POSSESSION-DRIVE-SCORE-PROCESS-V1,2024,2023,2023-REG-END,0.0,0.05,phase3-feature-provenance-v1,5f148219527b07d85261d3f196ace97a5eb5646271d43596032a692389abc579,2c5cc1af74fc5f3955e44361b82b791710e4b63bbc69b0c15570617e2d86e543,NONE,B0-poisson-multinomial-rare-tail-v1,10000
2024_07_NE_JAX,2024,7,2024-10-20,JAX,NE,32.0,16.0,16.0,48.0,21.4907,21.0957,0.395,42.5864,0.5123,144.96681019101908,134.2079623062306,260.0623812381238,298.2871637563756,11.461356884208517,11.38617336885434,0.20447454725922884,0.1250253528831945,0.1815860883937755,0.17294453772211366,7.0,13.0,20.0,29.0,38.0,7.0,13.0,20.0,28.0,37.0,-20.0,-10.0,0.0,11.0,21.0,22.0,30.0,41.0,53.0,66.0,6.89435137,3.1993604500000004,9.427908640000002,5.04160446,7.978750419697379,2662123069,B0-POSSESSION-DRIVE-SCORE-PROCESS-V1,2024,2023,2023-REG-END,0.0,0.05,phase3-feature-provenance-v1,5f148219527b07d85261d3f196ace97a5eb5646271d43596032a692389abc579,2c5cc1af74fc5f3955e44361b82b791710e4b63bbc69b0c15570617e2d86e543,NONE,B0-poisson-multinomial-rare-tail-v1,10000
2024_07_NYJ_PIT,2024,7,2024-10-20,PIT,NYJ,37.0,15.0,22.0,52.0,22.437,16.4223,6.0147,38.8593,0.6502,140.69690069006901,101.63692640264026,233.3514190519052,251.31623513351335,11.527995892708109,11.199083540136444,0.19877914372126615,0.15853549397091932,0.13676311420747517,0.14110971033986958,8.0,14.0,21.0,30.0,38.0,3.0,9.0,16.0,23.0,30.0,-13.0,-4.0,6.0,16.0,25.0,20.0,27.0,37.0,49.0,60.0,9.74483292,2.37573483,9.86104007,8.48461029,9.784742978682395,141149189,B0-POSSESSION-DRIVE-SCORE-PROCESS-V1,2024,2023,2023-REG-END,0.0,0.05,phase3-feature-provenance-v1,5f148219527b07d85261d3f196ace97a5eb5646271d43596032a692389abc579,2c5cc1af74fc5f3955e44361b82b791710e4b63bbc69b0c15570617e2d86e543,NONE,B0-poisson-multinomial-rare-tail-v1,10000
2024_07_PHI_NYG,2024,7,2024-10-20,NYG,PHI,3.0,28.0,-25.0,31.0,20.3533,25.4445,-5.0912,45.7978,0.38294999999999996,133.1063897489749,166.67078682868285,285.188201380138,314.3661517751775,10.933984395689462,11.064473307999224,0.19562730671336123,0.13010164699225826,0.24573780582225607,0.17276834867304544,7.0,13.0,20.0,27.0,35.0,10.0,16.0,24.0,34.0,43.0,-27.0,-17.0,-5.0,7.0,17.0,24.0,33.0,44.0,57.0,70.0,11.08348865,3.502007589999999,12.36971902,8.176840859999999,11.411925076497647,1664442447,B0-POSSESSION-DRIVE-SCORE-PROCESS-V1,2024,2023,2023-REG-END,0.0,0.05,phase3-feature-provenance-v1,5f148219527b07d85261d3f196ace97a5eb5646271d43596032a692389abc579,2c5cc1af74fc5f3955e44361b82b791710e4b63bbc69b0c15570617e2d86e543,NONE,B0-poisson-multinomial-rare-tail-v1,10000
2024_07_SEA_ATL,2024,7,2024-10-20,ATL,SEA,14.0,34.0,-20.0,48.0,26.9729,25.8243,1.1486,52.7972,0.5189,175.35070066006602,167.11934144414442,321.39925796579655,363.54082624262423,11.19168288441134,11.011092863940407,0.2536134192328622,0.18650239653363765,0.25597288819830505,0.16442755639363343,10.0,17.0,26.0,35.0,45.0,10.0,17.0,24.0,34.0,43.0,-21.0,-11.0,1.0,13.0,24.0,30.0,40.0,51.0,65.0,78.0,7.170496590000001,5.53252573,13.08108892,4.6178092799999995,9.883712494077406,1711431241,B0-POSSESSION-DRIVE-SCORE-PROCESS-V1,2024,2023,2023-REG-END,0.0,0.05,phase3-feature-provenance-v1,5f148219527b07d85261d3f196ace97a5eb5646271d43596032a692389abc579,2c5cc1af74fc5f3955e44361b82b791710e4b63bbc69b0c15570617e2d86e543,NONE,B0-poisson-multinomial-rare-tail-v1,10000
2024_07_TEN_BUF,2024,7,2024-10-20,BUF,TEN,34.0,10.0,24.0,44.0,28.4725,20.5059,7.9666,48.9784,0.6749499999999999,192.05684943494353,132.9664618361836,304.9859830383038,345.0606395039504,10.976273792882415,11.019766127344282,0.2928630036812354,0.15653039459034593,0.20609899649774596,0.11657238813634249,12.0,18.0,27.0,37.0,47.0,7.0,13.0,20.0,27.0,36.0,-14.0,-4.0,8.0,20.0,30.0,27.0,36.0,47.0,61.0,73.0,4.48227279,5.65597875,9.672902099999998,4.5606256,7.8879417950591595,2236774054,B0-POSSESSION-DRIVE-SCORE-PROCESS-V1,2024,2023,2023-REG-END,0.0,0.05,phase3-feature-provenance-v1,5f148219527b07d85261d3f196ace97a5eb5646271d43596032a692389abc579,2c5cc1af74fc5f3955e44361b82b791710e4b63bbc69b0c15570617e2d86e543,NONE,B0-poisson-multinomial-rare-tail-v1,10000
2024_08_ARI_MIA,2024,8,2024-10-27,MIA,ARI,27.0,28.0,-1.0,55.0,26.8363,24.5207,2.3156,51.357,0.55235,180.78738104810483,167.27949945994598,321.3439310331033,374.7898299829983,10.86421286476333,11.007266892955622,0.2829537034268503,0.13883641955020312,0.2558761331470226,0.12501912504681437,10.0,17.0,26.0,35.0,44.0,9.0,14.0,24.0,33.0,42.0,-21.0,-10.0,3.0,14.0,25.0,27.0,38.0,50.0,64.0,77.0,3.22102965,3.6944722499999996,4.35908822,5.0000531200000005,5.245832867725328,3220210564,B0-POSSESSION-DRIVE-SCORE-PROCESS-V1,2024,2023,2023-REG-END,0.0,0.05,phase3-feature-provenance-v1,5f148219527b07d85261d3f196ace97a5eb5646271d43596032a692389abc579,2c5cc1af74fc5f3955e44361b82b791710e4b63bbc69b0c15570617e2d86e543,NONE,B0-poisson-multinomial-rare-tail-v1,10000
2024_08_ATL_TB,2024,8,2024-10-27,TB,ATL,26.0,31.0,-5.0,57.0,28.7896,24.9173,3.8723,53.7069,0.5822999999999999,194.01713355335534,161.93565427542757,330.45223793379336,381.45333772377234,10.994962483320199,11.069484802497989,0.297517339032793,0.15512868624572237,0.231041146279638,0.18464052777297532,12.0,19.0,27.0,37.0,48.0,10.0,16.0,24.0,33.0,42.0,-19.0,-8.0,4.0,16.0,27.0,30.0,40.0,52.0,66.0,80.0,3.308672079999999,4.56142813,5.835442350000001,5.01991155,6.097932508349537,3121771631,B0-POSSESSION-DRIVE-SCORE-PROCESS-V1,2024,2023,2023-REG-END,0.0,0.05,phase3-feature-provenance-v1,5f148219527b07d85261d3f196ace97a5eb5646271d43596032a692389abc579,2c5cc1af74fc5f3955e44361b82b791710e4b63bbc69b0c15570617e2d86e543,NONE,B0-poisson-multinomial-rare-tail-v1,10000
2024_08_BAL_CLE,2024,8,2024-10-27,CLE,BAL,29.0,24.0,5.0,53.0,20.2054,30.5778,-10.3724,50.7832,0.27740000000000004,132.09242008200818,205.3022773877388,319.50526876687667,355.2841261726172,11.685012155940255,11.898440805599456,0.18482194281739572,0.11974078154518035,0.29275095078743846,0.15567354312901763,7.0,12.0,20.0,27.0,35.0,13.0,20.0,30.0,40.0,50.0,-33.0,-22.0,-10.0,1.0,12.0,27.0,37.0,50.0,63.0,75.0,5.79390972,4.117358620000001,9.077691739999999,4.6451405,7.750493214105447,466242428,B0-POSSESSION-DRIVE-SCORE-PROCESS-V1,2024,2023,2023-REG-END,0.0,0.05,phase3-feature-provenance-v1,5f148219527b07d85261d3f196ace97a5eb5646271d43596032a692389abc579,2c5cc1af74fc5f3955e44361b82b791710e4b63bbc69b0c15570617e2d86e543,NONE,B0-poisson-multinomial-rare-tail-v1,10000
2024_08_BUF_SEA,2024,8,2024-10-27,SEA,BUF,10.0,31.0,-21.0,41.0,24.6828,28.0129,-3.3301,52.6957,0.42955,168.18740290029,192.4875823482348,329.4048744774477,391.945096019602,11.050345584426458,11.112163647695748,0.24714066886855715,0.13882280111809664,0.2856301251936092,0.14125111624574874,9.0,15.0,24.0,33.0,42.0,10.0,17.0,27.0,37.0,47.0,-27.0,-15.0,-3.0,8.0,20.0,28.0,39.0,51.0,65.0,79.0,8.39279204,3.76251375,10.76427215,6.777897889999998,9.658857882381712,35260911,B0-POSSESSION-DRIVE-SCORE-PROCESS-V1,2024,2023,2023-REG-END,0.0,0.05,phase3-feature-provenance-v1,5f148219527b07d85261d3f196ace97a5eb5646271d43596032a692389abc579,2c5cc1af74fc5f3955e44361b82b791710e4b63bbc69b0c15570617e2d86e543,NONE,B0-poisson-multinomial-rare-tail-v1,10000
2024_08_CAR_DEN,2024,8,2024-10-27,DEN,CAR,28.0,14.0,14.0,42.0,22.8409,18.1571,4.6838,40.998,0.6191,148.86747393739375,107.77359694969493,240.32124968496848,272.9608920892089,11.401645339081156,11.299530451891158,0.2029244414185164,0.16624890583380159,0.14630711066834276,0.16635590441528783,7.0,14.0,22.0,30.0,39.0,6.0,10.0,17.0,24.0,32.0,-15.0,-6.0,4.0,14.0,24.0,20.0,29.0,40.0,51.0,63.0,4.132174470000001,2.770657149999999,5.8637049999999995,3.967247239999999,5.402778678494,656845784,B0-POSSESSION-DRIVE-SCORE-PROCESS-V1,2024,2023,2023-REG-END,0.0,0.05,phase3-feature-provenance-v1,5f148219527b07d85261d3f196ace97a5eb5646271d43596032a692389abc579,2c5cc1af74fc5f3955e44361b82b791710e4b63bbc69b0c15570617e2d86e543,NONE,B0-poisson-multinomial-rare-tail-v1,10000
2024_08_CHI_WAS,2024,8,2024-10-27,WAS,CHI,18.0,15.0,3.0,33.0,23.3112,23.7666,-0.4554,47.0778,0.492,154.467001260126,156.91441588158818,286.6130721472147,336.14976213621367,11.029014805831366,10.932532393047428,0.22787297869657558,0.14104987806814534,0.2388276655381314,0.14154850822226478,8.0,14.0,22.0,31.0,40.0,9.0,14.0,23.0,31.0,41.0,-21.0,-12.0,0.0,11.0,21.0,24.0,34.0,46.0,59.0,71.0,3.468320179999999,4.7452347999999995,4.1429866199999985,7.798083980000001,6.549979466094511,2413092930,B0-POSSESSION-DRIVE-SCORE-PROCESS-V1,2024,2023,2023-REG-END,0.0,0.05,phase3-feature-provenance-v1,5f148219527b07d85261d3f196ace97a5eb5646271d43596032a692389abc579,2c5cc1af74fc5f3955e44361b82b791710e4b63bbc69b0c15570617e2d86e543,NONE,B0-poisson-multinomial-rare-tail-v1,10000
2024_08_DAL_SF,2024,8,2024-10-27,SF,DAL,30.0,24.0,6.0,54.0,28.5167,27.4497,1.067,55.9664,0.5243500000000001,193.6894900590059,189.0927791879188,350.5313641364137,415.0331743574357,10.900663351794783,10.78584500413906,0.30016961434103495,0.15586978796296438,0.28098068071368876,0.16623062936186225,12.0,18.0,27.0,37.0,47.0,10.0,17.0,26.0,36.0,46.0,-23.0,-11.0,1.0,14.0,25.0,31.0,41.0,55.0,69.0,82.0,3.4479269300000004,3.274791610000001,4.80442184,4.715771159999999,5.317961361340901,27967341,B0-POSSESSION-DRIVE-SCORE-PROCESS-V1,2024,2023,2023-REG-END,0.0,0.05,phase3-feature-provenance-v1,5f148219527b07d85261d3f196ace97a5eb5646271d43596032a692389abc579,2c5cc1af74fc5f3955e44361b82b791710e4b63bbc69b0c15570617e2d86e543,NONE,B0-poisson-multinomial-rare-tail-v1,10000
2024_08_GB_JAX,2024,8,2024-10-27,JAX,GB,27.0,30.0,-3.0,57.0,24.3834,27.1896,-2.8062,51.573,0.4423,161.52555699569956,191.45019685968597,328.4696885288529,377.4818191819182,10.903704226376945,10.8613203101609,0.24195378210594504,0.1526458699916486,0.2887661405966703,0.13549362009340216,10.0,15.0,23.0,32.0,41.0,10.0,17.0,26.0,36.0,45.100000000000364,-26.0,-15.0,-3.0,9.0,20.0,28.0,37.0,50.0,64.0,77.0,3.4145192400000006,3.700830100000001,4.162374700000001,5.501822999999998,5.483172637138612,1358466836,B0-POSSESSION-DRIVE-SCORE-PROCESS-V1,2024,2023,2023-REG-END,0.0,0.05,phase3-feature-provenance-v1,5f148219527b07d85261d3f196ace97a5eb5646271d43596032a692389abc579,2c5cc1af74fc5f3955e44361b82b791710e4b63bbc69b0c15570617e2d86e543,NONE,B0-poisson-multinomial-rare-tail-v1,10000
2024_08_IND_HOU,2024,8,2024-10-27,HOU,IND,23.0,20.0,3.0,43.0,24.5405,25.6986,-1.1581,50.2391,0.4762,159.4903087808781,173.0246605060506,316.0613105210521,348.9686280528053,11.542205192518134,11.595754204665303,0.22529804473870851,0.16162625285300328,0.2406342115270141,0.15355087912168489,9.0,16.0,23.0,33.0,41.0,10.0,16.0,24.0,34.0,43.0,-24.0,-13.0,-1.0,11.0,21.0,27.0,37.0,49.0,62.0,75.0,2.9592949499999994,3.61427896,4.482345949999999,5.09392991,5.200528683566935,1906263610,B0-POSSESSION-DRIVE-SCORE-PROCESS-V1,2024,2023,2023-REG-END,0.0,0.05,phase3-feature-provenance-v1,5f148219527b07d85261d3f196ace97a5eb5646271d43596032a692389abc579,2c5cc1af74fc5f3955e44361b82b791710e4b63bbc69b0c15570617e2d86e543,NONE,B0-poisson-multinomial-rare-tail-v1,10000
2024_08_KC_LV,2024,8,2024-10-27,LV,KC,20.0,27.0,-7.0,47.0,21.4056,28.4085,-7.0029,49.8141,0.34054999999999996,134.97458609860985,186.46047379737973,294.4885404440444,348.38157934793486,11.058689356841493,11.122110462334073,0.19162818456087963,0.1698682494694378,0.2683074240272244,0.20394903538321388,7.0,13.0,20.0,28.0,37.0,12.0,19.0,27.0,37.0,47.0,-29.0,-18.0,-7.0,4.0,15.0,27.0,36.0,48.0,62.0,75.0,2.657940579999999,3.13761931,3.9450419300000004,4.36933569,4.533982354426593,2025051409,B0-POSSESSION-DRIVE-SCORE-PROCESS-V1,2024,2023,2023-REG-END,0.0,0.05,phase3-feature-provenance-v1,5f148219527b07d85261d3f196ace97a5eb5646271d43596032a692389abc579,2c5cc1af74fc5f3955e44361b82b791710e4b63bbc69b0c15570617e2d86e543,NONE,B0-poisson-multinomial-rare-tail-v1,10000
2024_08_MIN_LA,2024,8,2024-10-24,LA,MIN,30.0,20.0,10.0,50.0,25.3864,24.5796,0.8068,49.966,0.5165,163.49864490449048,166.13267710771078,307.64063782378236,351.6220062006201,11.197148579108271,11.224940157524312,0.22614185973987092,0.20441375480164065,0.23771658378811156,0.14578671266715218,10.0,16.0,24.0,33.0,43.0,9.0,16.0,23.0,33.0,42.0,-21.0,-11.0,1.0,13.0,23.0,27.0,37.0,49.0,62.0,75.0,4.00653758,3.3171138399999993,5.982151199999999,4.3863482000000005,5.70845937811589,3334118166,B0-POSSESSION-DRIVE-SCORE-PROCESS-V1,2024,2023,2023-REG-END,0.0,0.05,phase3-feature-provenance-v1,5f148219527b07d85261d3f196ace97a5eb5646271d43596032a692389abc579,2c5cc1af74fc5f3955e44361b82b791710e4b63bbc69b0c15570617e2d86e543,NONE,B0-poisson-multinomial-rare-tail-v1,10000
2024_08_NO_LAC,2024,8,2024-10-27,LAC,NO,26.0,8.0,18.0,34.0,24.2783,24.8577,-0.5794,49.136,0.4897,158.77472658265827,164.3948901990199,296.17591323132314,350.1633203320332,11.260146361222398,11.24737995370373,0.23080696682072727,0.1481143793691755,0.23622629977819992,0.15984049761717103,9.0,15.0,23.0,32.0,41.0,10.0,16.0,23.0,33.0,42.0,-23.0,-12.0,0.0,11.0,21.0,26.0,36.0,48.0,61.0,74.0,3.2211177299999996,10.223061669999998,11.375941280000001,8.31036186,10.825638418631538,3749436922,B0-POSSESSION-DRIVE-SCORE-PROCESS-V1,2024,2023,2023-REG-END,0.0,0.05,phase3-feature-provenance-v1,5f148219527b07d85261d3f196ace97a5eb5646271d43596032a692389abc579,2c5cc1af74fc5f3955e44361b82b791710e4b63bbc69b0c15570617e2d86e543,NONE,B0-poisson-multinomial-rare-tail-v1,10000
2024_08_NYG_PIT,2024,8,2024-10-28,PIT,NYG,26.0,18.0,8.0,44.0,24.2917,16.4147,7.877,40.7064,0.69315,156.0102121312131,101.03322723272328,242.36850785078508,271.7183708770877,11.379885504299843,11.184507419650346,0.21772378969791675,0.17746299255602407,0.14030940294548402,0.13258463545376295,10.0,15.0,23.0,32.0,41.0,3.0,9.0,16.0,23.0,30.0,-11.0,-3.0,7.0,18.0,28.0,20.0,29.0,40.0,51.0,62.0,3.21102273,2.6497411499999997,3.557604960000001,4.311832540000001,4.461279430181021,1840839259,B0-POSSESSION-DRIVE-SCORE-PROCESS-V1,2024,2023,2023-REG-END,0.0,0.05,phase3-feature-provenance-v1,5f148219527b07d85261d3f196ace97a5eb5646271d43596032a692389abc579,2c5cc1af74fc5f3955e44361b82b791710e4b63bbc69b0c15570617e2d86e543,NONE,B0-poisson-multinomial-rare-tail-v1,10000
2024_08_NYJ_NE,2024,8,2024-10-27,NE,NYJ,25.0,22.0,3.0,47.0,21.5636,17.0522,4.5114,38.6158,0.6162000000000001,132.32418745874588,107.55303046304631,231.21859189918987,248.53584394439443,11.721425290089812,11.592530220732346,0.17825765693494514,0.1774097448439496,0.14298443153827475,0.128958076036677,7.0,13.0,20.0,29.0,37.0,6.0,10.0,16.0,23.0,31.0,-14.0,-6.0,4.0,14.0,24.0,19.0,27.0,37.0,48.0,60.0,3.3671922399999996,3.79055594,3.5108849199999987,5.846917599999999,5.477670560883848,4276164839,B0-POSSESSION-DRIVE-SCORE-PROCESS-V1,2024,2023,2023-REG-END,0.0,0.05,phase3-feature-provenance-v1,5f148219527b07d85261d3f196ace97a5eb5646271d43596032a692389abc579,2c5cc1af74fc5f3955e44361b82b791710e4b63bbc69b0c15570617e2d86e543,NONE,B0-poisson-multinomial-rare-tail-v1,10000
2024_08_PHI_CIN,2024,8,2024-10-27,CIN,PHI,17.0,37.0,-20.0,54.0,24.9263,25.8984,-0.9721,50.8247,0.47765,168.9259609060906,170.75695313531352,306.21774336433646,373.1480847184718,10.856392420726335,11.001314504605178,0.25437085685759864,0.13932424052680586,0.25481469005896473,0.16790665921831643,10.0,15.0,24.0,33.0,43.0,10.0,17.0,24.0,34.0,44.0,-23.0,-13.0,-1.0,10.0,21.0,27.0,37.0,49.0,63.0,77.0,4.384923710000001,7.19602524,11.60611977,4.916688149999999,9.14816172276834,2580809941,B0-POSSESSION-DRIVE-SCORE-PROCESS-V1,2024,2023,2023-REG-END,0.0,0.05,phase3-feature-provenance-v1,5f148219527b07d85261d3f196ace97a5eb5646271d43596032a692389abc579,2c5cc1af74fc5f3955e44361b82b791710e4b63bbc69b0c15570617e2d86e543,NONE,B0-poisson-multinomial-rare-tail-v1,10000
2024_08_TEN_DET,2024,8,2024-10-27,DET,TEN,52.0,14.0,38.0,66.0,29.762,24.4294,5.3326,54.1914,0.6133,201.68172417241723,168.6140770477048,342.62403964396435,397.96756279627965,11.08146468440759,11.171865532473635,0.30699086208135146,0.1603166893931663,0.2496666026218073,0.12204373749110962,13.0,20.0,28.0,38.0,48.0,9.0,14.0,23.0,33.0,42.0,-18.0,-7.0,5.0,17.0,29.0,30.0,40.0,53.0,66.0,81.0,15.48703578,5.613372419999999,22.9242196,7.982721400000001,16.84754806819744,2656692872,B0-POSSESSION-DRIVE-SCORE-PROCESS-V1,2024,2023,2023-REG-END,0.0,0.05,phase3-feature-provenance-v1,5f148219527b07d85261d3f196ace97a5eb5646271d43596032a692389abc579,2c5cc1af74fc5f3955e44361b82b791710e4b63bbc69b0c15570617e2d86e543,NONE,B0-poisson-multinomial-rare-tail-v1,10000
2024_09_CHI_ARI,2024,9,2024-11-03,ARI,CHI,29.0,9.0,20.0,38.0,24.4309,24.4926,-0.0617,48.9235,0.5038,162.60788597859786,168.36778201820184,308.68276138613857,353.2685746074608,10.920221953521828,10.724041535652548,0.2485003226516424,0.14599786901026565,0.25925327488940336,0.13163490632021296,9.0,16.0,23.0,33.0,41.0,9.0,15.0,23.0,33.0,42.0,-23.0,-11.0,0.0,11.0,22.0,26.0,36.0,47.0,61.0,74.0,3.9738029700000004,9.031506240000002,12.343892910000001,6.283856669999999,10.240726163179986,405097970,B0-POSSESSION-DRIVE-SCORE-PROCESS-V1,2024,2023,2023-REG-END,0.0,0.05,phase3-feature-provenance-v1,5f148219527b07d85261d3f196ace97a5eb5646271d43596032a692389abc579,2c5cc1af74fc5f3955e44361b82b791710e4b63bbc69b0c15570617e2d86e543,NONE,B0-poisson-multinomial-rare-tail-v1,10000
2024_09_DAL_ATL,2024,9,2024-11-03,ATL,DAL,27.0,21.0,6.0,48.0,26.4513,29.6054,-3.1541,56.0567,0.43105,171.09953826382636,198.84197503750374,331.84733792379234,408.03568867886787,11.054823180248126,10.787813301538172,0.24835066710062392,0.19374483027459657,0.30142684803175723,0.18290014146258354,10.0,17.0,25.0,34.0,44.0,13.0,20.0,28.0,38.0,48.0,-26.0,-15.0,-3.0,9.0,20.0,31.0,42.0,54.0,69.0,83.0,3.18079993,4.761515779999999,5.97633635,5.561897709999998,6.367092678479665,143953277,B0-POSSESSION-DRIVE-SCORE-PROCESS-V1,2024,2023,2023-REG-END,0.0,0.05,phase3-feature-provenance-v1,5f148219527b07d85261d3f196ace97a5eb5646271d43596032a692389abc579,2c5cc1af74fc5f3955e44361b82b791710e4b63bbc69b0c15570617e2d86e543,NONE,B0-poisson-multinomial-rare-tail-v1,10000
2024_09_DEN_BAL,2024,9,2024-11-03,BAL,DEN,41.0,10.0,31.0,51.0,28.7843,19.8065,8.9778,48.5908,0.7024,188.43201671167117,125.74323207320734,292.21552871287133,336.13496885688573,11.450354616611468,11.404097730386875,0.26285016079772316,0.20161180503893672,0.17162742880706988,0.14997508046370212,12.0,19.0,27.0,37.0,47.0,6.0,12.0,19.0,27.0,35.0,-12.0,-3.0,9.0,20.0,31.0,26.0,36.0,47.0,60.0,73.0,7.86849971,5.264515429999999,14.18784078,4.567720120000001,10.411507857202043,200184294,B0-POSSESSION-DRIVE-SCORE-PROCESS-V1,2024,2023,2023-REG-END,0.0,0.05,phase3-feature-provenance-v1,5f148219527b07d85261d3f196ace97a5eb5646271d43596032a692389abc579,2c5cc1af74fc5f3955e44361b82b791710e4b63bbc69b0c15570617e2d86e543,NONE,B0-poisson-multinomial-rare-tail-v1,10000
2024_09_DET_GB,2024,9,2024-11-03,GB,DET,14.0,24.0,-10.0,38.0,31.7424,28.8637,2.8787,60.6061,0.5564,229.19276151615156,199.90071238123812,391.72755906590663,466.45938872887285,11.15711740708156,11.052042094887655,0.3410895988829336,0.1277800012589437,0.29233967748997786,0.15681302805204878,14.0,21.0,30.0,41.0,52.0,12.0,19.0,27.0,37.0,48.0,-22.0,-10.0,3.0,16.0,28.0,34.0,45.0,59.0,74.0,89.0,10.35437534,3.5985614299999993,7.74362681,13.00893813,11.276966089223814,2187213980,B0-POSSESSION-DRIVE-SCORE-PROCESS-V1,2024,2023,2023-REG-END,0.0,0.05,phase3-feature-provenance-v1,5f148219527b07d85261d3f196ace97a5eb5646271d43596032a692389abc579,2c5cc1af74fc5f3955e44361b82b791710e4b63bbc69b0c15570617e2d86e543,NONE,B0-poisson-multinomial-rare-tail-v1,10000
2024_09_HOU_NYJ,2024,9,2024-10-31,NYJ,HOU,21.0,13.0,8.0,34.0,21.2736,21.9435,-0.6699,43.2171,0.48045,133.64570761076106,141.07281503150315,260.4211761076108,289.0158691769177,11.718824961945284,11.642345213129113,0.1855313420505909,0.14819925125509417,0.1896510542366803,0.15613249935380122,7.0,13.0,20.0,28.0,37.0,7.0,13.0,20.0,29.0,38.0,-21.0,-11.0,-1.0,10.0,20.0,23.0,31.0,42.0,54.0,66.0,2.7529930400000007,4.75478375,5.610249550000001,5.376327230000001,6.013764516946303,2635734013,B0-POSSESSION-DRIVE-SCORE-PROCESS-V1,2024,2023,2023-REG-END,0.0,0.05,phase3-feature-provenance-v1,5f148219527b07d85261d3f196ace97a5eb5646271d43596032a692389abc579,2c5cc1af74fc5f3955e44361b82b791710e4b63bbc69b0c15570617e2d86e543,NONE,B0-poisson-multinomial-rare-tail-v1,10000
2024_09_IND_MIN,2024,9,2024-11-03,MIN,IND,21.0,13.0,8.0,34.0,27.5604,23.2566,4.3038,50.817,0.5942,185.0746593059306,146.65582202220222,300.7037759375938,362.75718671867185,11.456881472468135,11.376369626258237,0.26140955776399516,0.16118763023812363,0.20436409923237983,0.17892599792160632,10.0,17.0,27.0,36.0,45.0,9.0,14.0,22.0,31.0,40.0,-17.0,-7.0,4.0,16.0,26.0,27.0,37.0,49.0,63.0,76.0,3.95239692,5.51422498,4.32962968,9.28766426,7.474409011249568,2064377893,B0-POSSESSION-DRIVE-SCORE-PROCESS-V1,2024,2023,2023-REG-END,0.0,0.05,phase3-feature-provenance-v1,5f148219527b07d85261d3f196ace97a5eb5646271d43596032a692389abc579,2c5cc1af74fc5f3955e44361b82b791710e4b63bbc69b0c15570617e2d86e543,NONE,B0-poisson-multinomial-rare-tail-v1,10000
2024_09_JAX_PHI,2024,9,2024-11-03,PHI,JAX,28.0,23.0,5.0,51.0,28.5565,22.5852,5.9713,51.1417,0.6274500000000001,201.03271102110213,150.34557551755174,326.217698079808,376.53887499749976,10.86777133670733,10.81442367954291,0.30531708837244736,0.14315439364823637,0.22753147138503088,0.13399589289021357,10.0,17.0,27.0,37.0,48.0,7.0,14.0,21.0,30.0,39.0,-17.0,-6.0,6.0,18.0,29.0,27.0,37.0,50.0,63.0,77.0,3.28213867,2.91663184,4.189801109999999,4.527953350000001,4.868223858117748,3368762972,B0-POSSESSION-DRIVE-SCORE-PROCESS-V1,2024,2023,2023-REG-END,0.0,0.05,phase3-feature-provenance-v1,5f148219527b07d85261d3f196ace97a5eb5646271d43596032a692389abc579,2c5cc1af74fc5f3955e44361b82b791710e4b63bbc69b0c15570617e2d86e543,NONE,B0-poisson-multinomial-rare-tail-v1,10000
2024_09_LAC_CLE,2024,9,2024-11-03,CLE,LAC,10.0,27.0,-17.0,37.0,22.9341,25.5469,-2.6128,48.481,0.43955,152.7092281128113,169.4147418641864,304.14669082908296,340.10124912491244,11.644987124295351,11.77001232012078,0.21830254674390512,0.1265130813163422,0.24728901938184586,0.12529104974310173,7.0,14.0,21.0,31.0,40.0,10.0,16.0,24.0,34.0,43.0,-25.0,-14.0,-3.0,9.0,20.0,26.0,35.0,47.0,60.0,73.0,7.2114870699999996,3.1921456499999996,8.63820526,6.506451179999999,8.302047431376163,971734032,B0-POSSESSION-DRIVE-SCORE-PROCESS-V1,2024,2023,2023-REG-END,0.0,0.05,phase3-feature-provenance-v1,5f148219527b07d85261d3f196ace97a5eb5646271d43596032a692389abc579,2c5cc1af74fc5f3955e44361b82b791710e4b63bbc69b0c15570617e2d86e543,NONE,B0-poisson-multinomial-rare-tail-v1,10000
2024_09_LA_SEA,2024,9,2024-11-03,SEA,LA,20.0,26.0,-6.0,46.0,25.7057,25.8714,-0.1657,51.5771,0.4963,172.40192770277028,169.4744094809481,316.56329983998404,367.18937452745274,10.940134216526088,11.012715793639305,0.26297679878988933,0.14803741680861238,0.24819354002516655,0.17470176368211077,10.0,16.0,24.0,34.0,43.0,10.0,17.0,24.0,34.0,43.0,-23.0,-12.0,0.0,12.0,22.0,28.0,38.0,50.0,64.0,77.0,3.643402169999999,3.07344884,4.860222670000001,4.80230435,5.378226378925769,2454346790,B0-POSSESSION-DRIVE-SCORE-PROCESS-V1,2024,2023,2023-REG-END,0.0,0.05,phase3-feature-provenance-v1,5f148219527b07d85261d3f196ace97a5eb5646271d43596032a692389abc579,2c5cc1af74fc5f3955e44361b82b791710e4b63bbc69b0c15570617e2d86e543,NONE,B0-poisson-multinomial-rare-tail-v1,10000
2024_09_LV_CIN,2024,9,2024-11-03,CIN,LV,41.0,24.0,17.0,65.0,27.4487,22.6102,4.8385,50.0589,0.6096,185.56192450245024,138.21947790779078,298.93491124112415,348.62789357935793,11.136854862614106,11.099020686158095,0.27376543874779763,0.15921276729277875,0.17947128115126534,0.23215392832239556,10.0,17.0,26.0,36.0,45.0,9.0,13.0,21.0,30.0,38.0,-17.0,-7.0,4.5,16.0,27.0,27.0,37.0,49.0,62.0,75.0,8.753121329999999,2.972256560000001,7.409327669999998,9.54121715,9.291101507518578,1317601489,B0-POSSESSION-DRIVE-SCORE-PROCESS-V1,2024,2023,2023-REG-END,0.0,0.05,phase3-feature-provenance-v1,5f148219527b07d85261d3f196ace97a5eb5646271d43596032a692389abc579,2c5cc1af74fc5f3955e44361b82b791710e4b63bbc69b0c15570617e2d86e543,NONE,B0-poisson-multinomial-rare-tail-v1,10000
2024_09_MIA_BUF,2024,9,2024-11-03,BUF,MIA,30.0,27.0,3.0,57.0,31.072,21.5108,9.5612,52.5828,0.7055,212.77629362936295,142.53773713371336,327.5760121612161,383.0520493649365,11.124081328743609,10.89727213263811,0.3365501625091137,0.12260372377465455,0.21424390806917004,0.12723251738578406,14.0,21.0,30.0,40.0,50.0,7.0,13.0,20.0,29.0,37.0,-14.0,-3.0,10.0,21.0,32.0,29.0,38.0,51.0,65.0,79.0,3.3962528600000006,4.19360576,5.06584406,5.299005060000001,5.917456210804168,3432056841,B0-POSSESSION-DRIVE-SCORE-PROCESS-V1,2024,2023,2023-REG-END,0.0,0.05,phase3-feature-provenance-v1,5f148219527b07d85261d3f196ace97a5eb5646271d43596032a692389abc579,2c5cc1af74fc5f3955e44361b82b791710e4b63bbc69b0c15570617e2d86e543,NONE,B0-poisson-multinomial-rare-tail-v1,10000
2024_09_NE_TEN,2024,9,2024-11-03,TEN,NE,20.0,17.0,3.0,37.0,21.7732,21.553,0.2202,43.3262,0.50565,143.04486624662465,131.29552055205522,255.9991118711871,292.6816617261726,11.455739442030206,11.372330030469803,0.20779178139644092,0.12021988093323902,0.17876486552317897,0.19170621522769815,7.0,13.0,20.0,29.0,38.0,7.0,13.0,20.0,29.0,37.0,-20.0,-10.0,0.0,11.0,21.0,23.0,31.0,42.0,54.0,66.0,2.8000909600000004,3.0748473999999995,3.8460733200000004,4.59983594,4.63222747025371,1915614903,B0-POSSESSION-DRIVE-SCORE-PROCESS-V1,2024,2023,2023-REG-END,0.0,0.05,phase3-feature-provenance-v1,5f148219527b07d85261d3f196ace97a5eb5646271d43596032a692389abc579,2c5cc1af74fc5f3955e44361b82b791710e4b63bbc69b0c15570617e2d86e543,NONE,B0-poisson-multinomial-rare-tail-v1,10000
2024_09_NO_CAR,2024,9,2024-11-03,CAR,NO,23.0,22.0,1.0,45.0,20.4658,24.773,-4.3072,45.2388,0.3989,131.16574693469346,162.42331333133313,272.727700930093,314.4504196019602,11.339890087352615,11.31037789370687,0.17836538752696818,0.1571207409335387,0.23135533879940465,0.1640749740835797,7.0,13.0,20.0,27.0,36.0,10.0,16.0,23.5,33.0,41.0,-26.0,-15.0,-4.0,7.0,17.0,23.0,33.0,44.0,56.0,69.0,3.134071839999999,3.0378445800000007,4.360343440000001,4.1609916600000005,4.810981709738929,335036333,B0-POSSESSION-DRIVE-SCORE-PROCESS-V1,2024,2023,2023-REG-END,0.0,0.05,phase3-feature-provenance-v1,5f148219527b07d85261d3f196ace97a5eb5646271d43596032a692389abc579,2c5cc1af74fc5f3955e44361b82b791710e4b63bbc69b0c15570617e2d86e543,NONE,B0-poisson-multinomial-rare-tail-v1,10000
2024_09_TB_KC,2024,9,2024-11-04,KC,TB,30.0,24.0,6.0,54.0,28.1959,23.2342,4.9617,51.4301,0.6096,186.89161235123512,155.47409776977696,316.7597090809081,367.9717111611161,10.870367058961682,10.892192522318974,0.27320676396860805,0.1929616839598276,0.24075217373867933,0.12321096021213189,12.0,19.0,27.0,37.0,47.0,7.0,14.0,22.0,31.0,40.0,-17.0,-7.0,5.0,17.0,27.0,28.0,37.0,50.0,64.0,77.0,3.4480377100000004,3.0278813799999993,4.125610630000001,4.787378189999998,5.04732144503188,1563905979,B0-POSSESSION-DRIVE-SCORE-PROCESS-V1,2024,2023,2023-REG-END,0.0,0.05,phase3-feature-provenance-v1,5f148219527b07d85261d3f196ace97a5eb5646271d43596032a692389abc579,2c5cc1af74fc5f3955e44361b82b791710e4b63bbc69b0c15570617e2d86e543,NONE,B0-poisson-multinomial-rare-tail-v1,10000
2024_09_WAS_NYG,2024,9,2024-11-03,NYG,WAS,22.0,27.0,-5.0,49.0,21.1386,24.3171,-3.1785,45.4557,0.42605,136.6804580858086,156.48579616961695,274.8971274627463,311.4353810481048,11.051100604523537,11.229786416849002,0.19809125592132246,0.14742570524362328,0.22618809234594936,0.1638643034457885,7.0,13.0,20.0,28.0,37.0,9.0,16.0,23.0,32.0,41.0,-24.0,-14.0,-3.0,7.0,18.0,24.0,33.0,44.0,57.0,69.0,2.88489708,3.35402075,3.8880074899999997,4.68484007,4.813741434882871,3343797119,B0-POSSESSION-DRIVE-SCORE-PROCESS-V1,2024,2023,2023-REG-END,0.0,0.05,phase3-feature-provenance-v1,5f148219527b07d85261d3f196ace97a5eb5646271d43596032a692389abc579,2c5cc1af74fc5f3955e44361b82b791710e4b63bbc69b0c15570617e2d86e543,NONE,B0-poisson-multinomial-rare-tail-v1,10000
2024_10_ATL_NO,2024,10,2024-11-10,NO,ATL,20.0,17.0,3.0,37.0,27.6207,24.5293,3.0914,52.15,0.5672,186.2602575357536,159.3038718971897,317.11975801580155,374.008500850085,11.099048740126406,11.255806024070884,0.27335619648877907,0.1698347113146944,0.2191786240129777,0.1876689762653534,10.0,17.0,27.0,36.0,46.0,10.0,16.0,23.0,33.0,41.0,-19.0,-9.0,3.0,15.0,26.0,28.0,38.0,51.0,64.0,78.0,4.35273969,4.170344589999999,4.0928764399999995,8.39567088,6.776136124413654,623368349,B0-POSSESSION-DRIVE-SCORE-PROCESS-V1,2024,2023,2023-REG-END,0.0,0.05,phase3-feature-provenance-v1,5f148219527b07d85261d3f196ace97a5eb5646271d43596032a692389abc579,2c5cc1af74fc5f3955e44361b82b791710e4b63bbc69b0c15570617e2d86e543,NONE,B0-poisson-multinomial-rare-tail-v1,10000
2024_10_BUF_IND,2024,10,2024-11-10,IND,BUF,20.0,30.0,-10.0,50.0,23.6059,28.8396,-5.2337,52.4455,0.3856,156.135198709871,198.70894273427342,331.5426385738574,378.1456443144315,11.103098282025371,11.04133646618982,0.22997818397520603,0.14756380947168665,0.29770016885974543,0.15188204793875262,9.0,14.0,23.0,31.0,40.0,13.0,19.0,27.0,37.0,48.0,-28.0,-17.0,-5.0,7.0,18.0,29.0,39.0,51.0,65.0,78.0,3.0592074900000004,3.4363697,4.693305629999999,4.525732769999999,5.079266009268503,474232387,B0-POSSESSION-DRIVE-SCORE-PROCESS-V1,2024,2023,2023-REG-END,0.0,0.05,phase3-feature-provenance-v1,5f148219527b07d85261d3f196ace97a5eb5646271d43596032a692389abc579,2c5cc1af74fc5f3955e44361b82b791710e4b63bbc69b0c15570617e2d86e543,NONE,B0-poisson-multinomial-rare-tail-v1,10000
2024_10_CIN_BAL,2024,10,2024-11-07,BAL,CIN,35.0,34.0,1.0,69.0,32.4796,22.2423,10.2373,54.7219,0.71185,213.85556939693973,145.01809251925192,328.48443715371536,389.2628866786679,11.153939388521128,11.070035685560946,0.31389504869083074,0.2094585650247295,0.21487705524248135,0.14284685324252655,14.0,22.0,31.0,42.0,52.0,7.0,13.0,21.0,30.0,38.0,-13.0,-2.0,10.0,22.0,33.0,30.0,40.0,53.0,67.0,81.0,3.806934740000001,7.682617209999999,5.999280110000001,9.22880361,8.789636411012042,1776654978,B0-POSSESSION-DRIVE-SCORE-PROCESS-V1,2024,2023,2023-REG-END,0.0,0.05,phase3-feature-provenance-v1,5f148219527b07d85261d3f196ace97a5eb5646271d43596032a692389abc579,2c5cc1af74fc5f3955e44361b82b791710e4b63bbc69b0c15570617e2d86e543,NONE,B0-poisson-multinomial-rare-tail-v1,10000
2024_10_DEN_KC,2024,10,2024-11-10,KC,DEN,16.0,14.0,2.0,30.0,26.2246,18.5623,7.6623,44.7869,0.67855,170.8452393639364,116.60237894789479,270.06586529652964,304.8293713271327,11.070483104792542,10.987515786673969,0.2341528966622171,0.21770640607728023,0.17597881269483812,0.12896277451957636,10.0,17.0,25.0,34.0,44.0,6.0,10.0,17.0,25.0,33.0,-13.0,-3.0,7.0,18.0,28.0,23.0,32.0,43.0,56.0,68.0,5.48782352,2.90806191,4.499417210000001,8.13719105,6.741315037573431,782641536,B0-POSSESSION-DRIVE-SCORE-PROCESS-V1,2024,2023,2023-REG-END,0.0,0.05,phase3-feature-provenance-v1,5f148219527b07d85261d3f196ace97a5eb5646271d43596032a692389abc579,2c5cc1af74fc5f3955e44361b82b791710e4b63bbc69b0c15570617e2d86e543,NONE,B0-poisson-multinomial-rare-tail-v1,10000
2024_10_DET_HOU,2024,10,2024-11-10,HOU,DET,23.0,26.0,-3.0,49.0,26.4078,28.2335,-1.8257,54.6413,0.4641,178.48434759475947,189.03488123812383,342.6971892289229,392.3412684368437,11.350062168560639,11.39493440106496,0.2568682067443135,0.14707086296385802,0.28508959097745235,0.14257035276045632,10.0,17.0,25.0,34.0,44.0,12.0,18.0,27.0,37.0,47.0,-25.0,-14.0,-2.0,10.0,22.0,30.0,40.0,53.0,67.0,81.0,3.218318299999999,3.241675729999999,4.306724770000001,4.993581190000002,5.162982773515164,1282898539,B0-POSSESSION-DRIVE-SCORE-PROCESS-V1,2024,2023,2023-REG-END,0.0,0.05,phase3-feature-provenance-v1,5f148219527b07d85261d3f196ace97a5eb5646271d43596032a692389abc579,2c5cc1af74fc5f3955e44361b82b791710e4b63bbc69b0c15570617e2d86e543,NONE,B0-poisson-multinomial-rare-tail-v1,10000
2024_10_MIA_LA,2024,10,2024-11-11,LA,MIA,15.0,23.0,-8.0,38.0,28.5922,24.3907,4.2015,52.9829,0.5912999999999999,194.16951611161113,163.7640299129913,332.009298679868,383.8577933693369,11.095662634089505,11.00981839942371,0.2923323743554483,0.15181580998621222,0.24485291000943754,0.13545805357355328,12.0,19.0,27.0,37.0,47.0,9.0,15.0,24.0,33.0,41.0,-19.0,-8.0,4.0,16.0,27.0,29.0,39.0,52.0,65.0,79.0,7.531152639999999,3.02754235,7.379657509999998,8.293578669999999,8.477183441111439,1818496764,B0-POSSESSION-DRIVE-SCORE-PROCESS-V1,2024,2023,2023-REG-END,0.0,0.05,phase3-feature-provenance-v1,5f148219527b07d85261d3f196ace97a5eb5646271d43596032a692389abc579,2c5cc1af74fc5f3955e44361b82b791710e4b63bbc69b0c15570617e2d86e543,NONE,B0-poisson-multinomial-rare-tail-v1,10000
2024_10_MIN_JAX,2024,10,2024-11-10,JAX,MIN,7.0,12.0,-5.0,19.0,22.9769,25.9035,-2.9266,48.8804,0.43245,147.4245088408841,174.04179192919293,298.861898629863,344.070702910291,11.23187112702529,11.250709026898805,0.20650814824053548,0.1707737510773518,0.25049552263562,0.15469985065613856,9.0,14.0,22.0,30.0,40.0,10.0,17.0,24.0,34.0,44.0,-25.0,-14.0,-3.0,9.0,19.0,26.0,36.0,47.0,61.0,73.0,9.679700749999999,7.8185893900000005,4.0672633000000005,19.82800046,13.501924144036172,3676161501,B0-POSSESSION-DRIVE-SCORE-PROCESS-V1,2024,2023,2023-REG-END,0.0,0.05,phase3-feature-provenance-v1,5f148219527b07d85261d3f196ace97a5eb5646271d43596032a692389abc579,2c5cc1af74fc5f3955e44361b82b791710e4b63bbc69b0c15570617e2d86e543,NONE,B0-poisson-multinomial-rare-tail-v1,10000
2024_10_NE_CHI,2024,10,2024-11-10,CHI,NE,3.0,19.0,-16.0,22.0,21.5957,20.3201,1.2756,41.9158,0.5312,144.77071858185818,124.7387098609861,256.0664512851285,282.95240560056004,11.331602489411061,11.398340793235612,0.211295990444966,0.11763200325517296,0.16639467359950122,0.1745417325947517,7.0,13.0,20.0,29.0,38.0,7.0,13.0,19.0,27.0,35.0,-19.0,-9.0,1.0,11.0,21.0,21.0,30.0,40.0,52.0,64.0,12.01879159,2.5922234499999997,10.579286779999999,11.762103899999998,11.867020384236824,1784146020,B0-POSSESSION-DRIVE-SCORE-PROCESS-V1,2024,2023,2023-REG-END,0.0,0.05,phase3-feature-provenance-v1,5f148219527b07d85261d3f196ace97a5eb5646271d43596032a692389abc579,2c5cc1af74fc5f3955e44361b82b791710e4b63bbc69b0c15570617e2d86e543,NONE,B0-poisson-multinomial-rare-tail-v1,10000
2024_10_NYG_CAR,2024,10,2024-11-10,CAR,NYG,20.0,17.0,3.0,37.0,22.7695,19.6401,3.1294,42.4096,0.5768,143.35050480048008,125.35310730073006,251.11756739673967,286.2896568056805,11.233033725341686,11.183464842030672,0.19463601299328784,0.18919399091148448,0.17913573753926854,0.1408108652211811,9.0,14.0,21.5,30.0,39.0,6.0,11.0,19.0,27.0,34.0,-17.0,-7.0,3.0,14.0,23.0,22.0,30.0,41.0,53.0,65.0,2.8752024500000006,2.6745584100000004,3.6349575000000005,4.35500644,4.395243266382144,94654227,B0-POSSESSION-DRIVE-SCORE-PROCESS-V1,2024,2023,2023-REG-END,0.0,0.05,phase3-feature-provenance-v1,5f148219527b07d85261d3f196ace97a5eb5646271d43596032a692389abc579,2c5cc1af74fc5f3955e44361b82b791710e4b63bbc69b0c15570617e2d86e543,NONE,B0-poisson-multinomial-rare-tail-v1,10000
2024_10_NYJ_ARI,2024,10,2024-11-10,ARI,NYJ,31.0,6.0,25.0,37.0,25.148,20.7615,4.3865,45.9095,0.5943499999999999,170.07710371037106,132.67088483848386,286.0485226022602,319.44745449544956,11.001081586607674,10.934431312136326,0.25090809555765015,0.14911075928770726,0.19691675325837532,0.1463989893142416,10.0,16.0,24.0,33.0,42.0,7.0,13.0,20.0,28.0,36.100000000000364,-17.0,-7.0,4.0,16.0,26.0,24.0,33.0,44.0,57.0,70.0,4.4853692,8.82343001,13.00402951,5.407412710000001,10.400810997352817,3897776946,B0-POSSESSION-DRIVE-SCORE-PROCESS-V1,2024,2023,2023-REG-END,0.0,0.05,phase3-feature-provenance-v1,5f148219527b07d85261d3f196ace97a5eb5646271d43596032a692389abc579,2c5cc1af74fc5f3955e44361b82b791710e4b63bbc69b0c15570617e2d86e543,NONE,B0-poisson-multinomial-rare-tail-v1,10000
2024_10_PHI_DAL,2024,10,2024-11-10,DAL,PHI,6.0,34.0,-28.0,40.0,28.4764,25.8987,2.5777,54.3751,0.5532499999999999,193.68401144114412,177.53599190919093,341.38370108010804,401.05630562056206,10.786554102411685,10.950311707176029,0.29677427251349725,0.16207572248378765,0.26393866844622943,0.14372865552297495,12.0,18.0,27.0,37.0,47.0,10.0,16.0,24.0,34.0,44.0,-21.0,-10.0,3.0,15.0,26.0,30.0,40.0,53.0,67.0,81.0,14.85222294,5.526277210000001,20.94785547,7.91369295,16.08254485482181,735634061,B0-POSSESSION-DRIVE-SCORE-PROCESS-V1,2024,2023,2023-REG-END,0.0,0.05,phase3-feature-provenance-v1,5f148219527b07d85261d3f196ace97a5eb5646271d43596032a692389abc579,2c5cc1af74fc5f3955e44361b82b791710e4b63bbc69b0c15570617e2d86e543,NONE,B0-poisson-multinomial-rare-tail-v1,10000
2024_10_PIT_WAS,2024,10,2024-11-10,WAS,PIT,27.0,28.0,-1.0,55.0,22.0009,23.347,-1.3461,45.3479,0.47395,146.72437162716275,156.2024112411241,281.78849363936394,324.06507209720974,10.779987164447132,10.84904551876207,0.22365195441770927,0.13714627411246766,0.22545399790832596,0.16076396871167328,7.0,13.0,21.0,30.0,38.0,9.0,14.0,23.0,31.0,40.0,-23.0,-13.0,-1.0,10.0,20.0,23.0,33.0,44.0,57.0,69.0,4.05173413,3.98035636,3.90508015,6.711631510000002,6.0774818416438805,3619561297,B0-POSSESSION-DRIVE-SCORE-PROCESS-V1,2024,2023,2023-REG-END,0.0,0.05,phase3-feature-provenance-v1,5f148219527b07d85261d3f196ace97a5eb5646271d43596032a692389abc579,2c5cc1af74fc5f3955e44361b82b791710e4b63bbc69b0c15570617e2d86e543,NONE,B0-poisson-multinomial-rare-tail-v1,10000
2024_10_SF_TB,2024,10,2024-11-10,TB,SF,20.0,23.0,-3.0,43.0,26.0892,29.2044,-3.1152,55.2936,0.43420000000000003,181.40918427842786,198.793499989999,348.8180107610761,411.5873577757776,10.936945962704543,11.010719972315474,0.2688234201352839,0.13809056189821425,0.298761496664724,0.15877937095081146,10.0,16.0,24.0,34.0,44.0,13.0,20.0,28.0,38.0,48.0,-27.0,-15.0,-3.0,10.0,21.0,30.0,41.0,54.0,68.0,82.0,3.7872505199999997,3.94139312,4.29767092,6.982260680000001,6.161817227018059,2406588335,B0-POSSESSION-DRIVE-SCORE-PROCESS-V1,2024,2023,2023-REG-END,0.0,0.05,phase3-feature-provenance-v1,5f148219527b07d85261d3f196ace97a5eb5646271d43596032a692389abc579,2c5cc1af74fc5f3955e44361b82b791710e4b63bbc69b0c15570617e2d86e543,NONE,B0-poisson-multinomial-rare-tail-v1,10000
2024_10_TEN_LAC,2024,10,2024-11-10,LAC,TEN,27.0,17.0,10.0,44.0,26.8805,22.855,4.0255,49.7355,0.5863,176.44686443644366,153.3467096709671,303.9860483548355,355.601099859986,11.335059172777859,11.373533529775864,0.2569565450364529,0.16311083576035734,0.21848642543411842,0.13113852395406494,10.0,17.0,26.0,35.0,44.0,7.0,14.0,21.0,31.0,40.0,-18.0,-7.0,4.0,15.0,26.0,27.0,37.0,48.0,61.0,75.0,3.0991592499999996,3.5960885199999995,4.87759821,4.71272257,5.268028300256109,1427430770,B0-POSSESSION-DRIVE-SCORE-PROCESS-V1,2024,2023,2023-REG-END,0.0,0.05,phase3-feature-provenance-v1,5f148219527b07d85261d3f196ace97a5eb5646271d43596032a692389abc579,2c5cc1af74fc5f3955e44361b82b791710e4b63bbc69b0c15570617e2d86e543,NONE,B0-poisson-multinomial-rare-tail-v1,10000
2024_11_ATL_DEN,2024,11,2024-11-17,DEN,ATL,38.0,6.0,32.0,44.0,23.6377,23.9807,-0.343,47.6184,0.49435,150.67310602060206,151.67629513951394,277.1490659065907,327.54973641364137,11.088429023119657,11.079181818020615,0.22221548868731764,0.16959410839185904,0.2091911564846246,0.2125409247375155,9.0,15.0,23.0,31.0,40.0,9.0,16.0,23.0,31.0,40.0,-21.0,-11.0,0.0,11.0,20.0,26.0,35.0,46.0,59.0,71.0,9.51352691,11.375848490000001,23.35595688,4.2943549,15.841128770771755,1075565914,B0-POSSESSION-DRIVE-SCORE-PROCESS-V1,2024,2023,2023-REG-END,0.0,0.05,phase3-feature-provenance-v1,5f148219527b07d85261d3f196ace97a5eb5646271d43596032a692389abc579,2c5cc1af74fc5f3955e44361b82b791710e4b63bbc69b0c15570617e2d86e543,NONE,B0-poisson-multinomial-rare-tail-v1,10000
2024_11_BAL_PIT,2024,11,2024-11-17,PIT,BAL,18.0,16.0,2.0,34.0,22.8342,27.2876,-4.4534,50.1218,0.39894999999999997,149.93310367036705,177.86767300730074,307.27695613561355,348.32459721972197,11.22526273787968,11.145958636653175,0.21638675360421278,0.14352803628547106,0.2589370020700156,0.18399243607757534,7.0,14.0,21.0,30.0,39.0,10.0,17.0,26.0,35.0,45.0,-27.0,-16.0,-4.0,7.0,17.100000000000364,27.0,37.0,49.0,62.0,75.0,3.313217399999999,6.08034072,4.931468860000001,8.93844542,7.620743083318521,1044829160,B0-POSSESSION-DRIVE-SCORE-PROCESS-V1,2024,2023,2023-REG-END,0.0,0.05,phase3-feature-provenance-v1,5f148219527b07d85261d3f196ace97a5eb5646271d43596032a692389abc579,2c5cc1af74fc5f3955e44361b82b791710e4b63bbc69b0c15570617e2d86e543,NONE,B0-poisson-multinomial-rare-tail-v1,10000
2024_11_CIN_LAC,2024,11,2024-11-17,LAC,CIN,34.0,27.0,7.0,61.0,26.7872,24.5263,2.2609,51.3135,0.5479,176.57897405740576,164.47795610561056,312.1102422142214,370.0036181118112,11.174304066116216,11.123818230088329,0.2609105194915074,0.16839462916587408,0.23899786692190594,0.1515424478591389,10.0,17.0,26.0,35.0,45.0,9.0,16.0,23.0,33.0,41.0,-20.0,-10.0,2.0,14.0,25.0,27.0,37.0,50.0,64.0,76.0,5.07631644,3.3938637700000003,4.5850984100000005,6.837267809999998,6.5221710593856095,535065482,B0-POSSESSION-DRIVE-SCORE-PROCESS-V1,2024,2023,2023-REG-END,0.0,0.05,phase3-feature-provenance-v1,5f148219527b07d85261d3f196ace97a5eb5646271d43596032a692389abc579,2c5cc1af74fc5f3955e44361b82b791710e4b63bbc69b0c15570617e2d86e543,NONE,B0-poisson-multinomial-rare-tail-v1,10000
2024_11_CLE_NO,2024,11,2024-11-17,NO,CLE,35.0,14.0,21.0,49.0,28.3744,20.2051,8.1693,48.5795,0.6861,193.1397386138614,129.72960695069509,301.653002810281,344.08568831883184,11.92153542560288,11.817056866563867,0.27321873158486265,0.13117702233530457,0.17655733429534726,0.12980112324353052,12.0,18.0,27.0,37.0,47.0,7.0,12.0,19.0,27.0,36.0,-14.0,-3.0,8.0,19.0,30.0,26.0,35.0,47.0,60.0,73.0,4.9511126999999995,3.5431054300000007,7.808394129999998,4.395625350000001,6.692081962558106,519253191,B0-POSSESSION-DRIVE-SCORE-PROCESS-V1,2024,2023,2023-REG-END,0.0,0.05,phase3-feature-provenance-v1,5f148219527b07d85261d3f196ace97a5eb5646271d43596032a692389abc579,2c5cc1af74fc5f3955e44361b82b791710e4b63bbc69b0c15570617e2d86e543,NONE,B0-poisson-multinomial-rare-tail-v1,10000
2024_11_GB_CHI,2024,11,2024-11-17,CHI,GB,19.0,20.0,-1.0,39.0,23.051,26.4144,-3.3634,49.4654,0.4219,154.07440644064405,177.54562720272025,314.3443748774878,348.89569240924095,10.951479415872669,11.179459281826807,0.2291781103165073,0.1416529861026551,0.2650496183892186,0.14275330373087555,7.0,14.0,22.0,31.0,40.0,10.0,17.0,25.0,34.0,44.0,-26.0,-15.0,-3.0,8.0,19.0,27.0,36.0,48.0,61.0,74.0,3.130761279999999,3.8932629,4.192128219999999,6.165847999999999,5.554486564588592,872990379,B0-POSSESSION-DRIVE-SCORE-PROCESS-V1,2024,2023,2023-REG-END,0.0,0.05,phase3-feature-provenance-v1,5f148219527b07d85261d3f196ace97a5eb5646271d43596032a692389abc579,2c5cc1af74fc5f3955e44361b82b791710e4b63bbc69b0c15570617e2d86e543,NONE,B0-poisson-multinomial-rare-tail-v1,10000
2024_11_HOU_DAL,2024,11,2024-11-18,DAL,HOU,10.0,34.0,-24.0,44.0,29.6983,21.982,7.7163,51.6803,0.66535,195.9400711171117,140.07408340834084,315.5245667666767,356.50374228422845,11.456052377579162,11.448723918240793,0.2808935631743151,0.17869510714705697,0.1991286667916724,0.15403038489962517,13.0,20.0,28.0,38.0,48.0,7.0,13.0,21.0,30.0,38.0,-15.0,-4.0,7.0,19.0,30.0,29.0,38.0,50.0,64.0,77.0,12.34705221,7.819632360000001,22.22200471,5.289323250000001,15.533506856329627,1353390498,B0-POSSESSION-DRIVE-SCORE-PROCESS-V1,2024,2023,2023-REG-END,0.0,0.05,phase3-feature-provenance-v1,5f148219527b07d85261d3f196ace97a5eb5646271d43596032a692389abc579,2c5cc1af74fc5f3955e44361b82b791710e4b63bbc69b0c15570617e2d86e543,NONE,B0-poisson-multinomial-rare-tail-v1,10000
2024_11_IND_NYJ,2024,11,2024-11-17,NYJ,IND,27.0,28.0,-1.0,55.0,21.9763,23.5708,-1.5945,45.5471,0.4621,141.66530484048408,151.96398375837583,280.65693544354434,306.6016417541754,11.299082374766543,11.33027558278663,0.19153464059860956,0.164956050650927,0.21458855200743043,0.16680735121583593,7.0,13.0,20.0,29.0,38.0,9.0,14.0,23.0,31.0,40.0,-22.0,-13.0,-2.0,10.0,19.0,24.0,33.0,44.0,57.0,69.0,3.96510577,3.8532040400000005,3.8267770499999987,6.56996343,5.946864986228631,2665763916,B0-POSSESSION-DRIVE-SCORE-PROCESS-V1,2024,2023,2023-REG-END,0.0,0.05,phase3-feature-provenance-v1,5f148219527b07d85261d3f196ace97a5eb5646271d43596032a692389abc579,2c5cc1af74fc5f3955e44361b82b791710e4b63bbc69b0c15570617e2d86e543,NONE,B0-poisson-multinomial-rare-tail-v1,10000
2024_11_JAX_DET,2024,11,2024-11-17,DET,JAX,52.0,6.0,46.0,58.0,30.2346,24.4499,5.7847,54.6845,0.62245,210.15757859785975,162.56774676467649,347.2650724172417,398.1855783078308,11.218520715068735,11.18364875099087,0.31278224069261534,0.1479053510122752,0.24028322235152952,0.1395595103784982,13.0,20.0,29.0,39.0,50.0,10.0,15.0,23.0,32.0,41.0,-18.0,-7.0,6.0,18.0,30.0,30.0,41.0,53.0,67.0,81.0,15.03163256,11.61196107,30.021547729999998,5.025254370000001,20.287708915734786,3953502365,B0-POSSESSION-DRIVE-SCORE-PROCESS-V1,2024,2023,2023-REG-END,0.0,0.05,phase3-feature-provenance-v1,5f148219527b07d85261d3f196ace97a5eb5646271d43596032a692389abc579,2c5cc1af74fc5f3955e44361b82b791710e4b63bbc69b0c15570617e2d86e543,NONE,B0-poisson-multinomial-rare-tail-v1,10000
2024_11_KC_BUF,2024,11,2024-11-17,BUF,KC,30.0,21.0,9.0,51.0,26.979,23.9638,3.0152,50.9428,0.57335,185.70612961296132,158.05909546954697,315.26169512951293,372.2687550355036,10.605126912918244,10.599986479847,0.30217912350377674,0.12061563989770607,0.23303109467293218,0.18126269891426106,10.0,17.0,26.0,35.0,45.0,9.0,15.0,23.0,31.0,41.0,-20.0,-9.0,3.0,15.0,25.0,27.0,37.0,49.0,63.0,76.0,3.709718979999999,2.97285284,4.878674839999999,4.544059600000001,5.256590772218342,51724274,B0-POSSESSION-DRIVE-SCORE-PROCESS-V1,2024,2023,2023-REG-END,0.0,0.05,phase3-feature-provenance-v1,5f148219527b07d85261d3f196ace97a5eb5646271d43596032a692389abc579,2c5cc1af74fc5f3955e44361b82b791710e4b63bbc69b0c15570617e2d86e543,NONE,B0-poisson-multinomial-rare-tail-v1,10000
2024_11_LA_NE,2024,11,2024-11-17,NE,LA,22.0,28.0,-6.0,50.0,22.9373,22.6211,0.3162,45.5584,0.50835,147.53332204220422,145.24605939593962,275.89640720072003,309.66235567556754,11.33122082757045,11.187776916542402,0.20425817808993701,0.17223889666768927,0.21191284226954954,0.1542400682929203,9.0,14.0,21.5,30.0,39.0,7.0,14.0,21.0,30.0,38.0,-21.0,-11.0,0.0,11.0,21.0,24.0,33.0,44.0,56.0,69.0,2.84633465,4.1529617299999995,4.775484180000001,4.86634694,5.4088215139288724,2013719536,B0-POSSESSION-DRIVE-SCORE-PROCESS-V1,2024,2023,2023-REG-END,0.0,0.05,phase3-feature-provenance-v1,5f148219527b07d85261d3f196ace97a5eb5646271d43596032a692389abc579,2c5cc1af74fc5f3955e44361b82b791710e4b63bbc69b0c15570617e2d86e543,NONE,B0-poisson-multinomial-rare-tail-v1,10000
2024_11_LV_MIA,2024,11,2024-11-17,MIA,LV,34.0,19.0,15.0,53.0,27.9537,23.2109,4.7428,51.1646,0.60515,191.98955526552658,147.45316650665066,317.542602420242,361.3428411241124,11.159523878625114,11.2426881598656,0.28246665597377324,0.1492288126782234,0.2017852550243376,0.18780484377170434,10.0,17.0,27.0,37.0,47.0,9.0,14.0,22.0,30.0,40.0,-17.0,-7.0,4.0,16.0,28.0,28.0,37.0,50.0,63.0,76.0,4.70977989,3.1056675700000005,6.569775160000001,4.6358763,6.148883038375059,1264636940,B0-POSSESSION-DRIVE-SCORE-PROCESS-V1,2024,2023,2023-REG-END,0.0,0.05,phase3-feature-provenance-v1,5f148219527b07d85261d3f196ace97a5eb5646271d43596032a692389abc579,2c5cc1af74fc5f3955e44361b82b791710e4b63bbc69b0c15570617e2d86e543,NONE,B0-poisson-multinomial-rare-tail-v1,10000
2024_11_MIN_TEN,2024,11,2024-11-17,TEN,MIN,13.0,23.0,-10.0,36.0,21.865,25.3793,-3.5143,47.2443,0.4231,140.41981698169818,166.59329083908392,284.26842235223523,329.7577932893289,11.242050260205074,11.164815869421155,0.19825316763044165,0.1576220243994815,0.23656028136318458,0.175777654031529,7.0,13.0,20.0,29.0,38.0,10.0,16.0,24.0,34.0,42.0,-25.0,-14.0,-3.0,8.0,17.0,25.0,34.0,46.0,59.0,71.0,4.7249859999999995,3.0604305300000005,4.9425836499999996,6.385297690000002,6.23356246008086,3601581734,B0-POSSESSION-DRIVE-SCORE-PROCESS-V1,2024,2023,2023-REG-END,0.0,0.05,phase3-feature-provenance-v1,5f148219527b07d85261d3f196ace97a5eb5646271d43596032a692389abc579,2c5cc1af74fc5f3955e44361b82b791710e4b63bbc69b0c15570617e2d86e543,NONE,B0-poisson-multinomial-rare-tail-v1,10000
2024_11_SEA_SF,2024,11,2024-11-17,SF,SEA,17.0,20.0,-3.0,37.0,30.6203,24.2604,6.3599,54.8807,0.6384,205.29305721572157,154.40583242324232,329.4825202420242,389.9152590359036,11.145203545755004,11.070883034771706,0.31476727360800877,0.15881706200725573,0.23901056789389924,0.1490643007534079,13.0,20.0,30.0,40.0,50.0,9.0,16.0,23.0,32.0,41.0,-16.0,-6.0,6.0,18.0,29.0,30.0,41.0,54.0,67.0,81.0,7.50041107,3.2148634200000004,5.98202641,9.986536609999998,8.674241282614966,622136065,B0-POSSESSION-DRIVE-SCORE-PROCESS-V1,2024,2023,2023-REG-END,0.0,0.05,phase3-feature-provenance-v1,5f148219527b07d85261d3f196ace97a5eb5646271d43596032a692389abc579,2c5cc1af74fc5f3955e44361b82b791710e4b63bbc69b0c15570617e2d86e543,NONE,B0-poisson-multinomial-rare-tail-v1,10000
2024_11_WAS_PHI,2024,11,2024-11-14,PHI,WAS,26.0,18.0,8.0,44.0,28.6485,22.8369,5.8116,51.4854,0.6258,199.66151390139015,151.06980537053704,323.69927536753676,377.7633631763176,10.881014885440058,10.810777373946056,0.30173499252214203,0.1503998989067173,0.23081141839320468,0.13432755889328166,11.0,18.0,27.0,38.0,48.0,7.0,14.0,21.0,31.0,39.0,-17.0,-6.0,6.0,17.0,29.0,27.0,37.0,50.0,64.0,78.0,3.38928969,3.33229473,4.233037439999999,5.34631192,5.2379965386321,115039503,B0-POSSESSION-DRIVE-SCORE-PROCESS-V1,2024,2023,2023-REG-END,0.0,0.05,phase3-feature-provenance-v1,5f148219527b07d85261d3f196ace97a5eb5646271d43596032a692389abc579,2c5cc1af74fc5f3955e44361b82b791710e4b63bbc69b0c15570617e2d86e543,NONE,B0-poisson-multinomial-rare-tail-v1,10000
2024_12_ARI_SEA,2024,12,2024-11-24,SEA,ARI,16.0,6.0,10.0,22.0,26.6668,24.9476,1.7192,51.6144,0.5354,183.19049680968098,170.8285370937094,324.0673580958096,383.97070971097116,10.569732805242504,10.831441675712774,0.2852339278996114,0.14994284416042872,0.2542795272413078,0.14769579078821932,10.0,17.0,25.0,35.0,45.0,10.0,16.0,24.0,33.0,42.100000000000364,-21.0,-10.0,1.0,14.0,24.0,27.0,37.0,50.0,64.0,78.0,5.73502788,11.91725726,5.704396920000001,19.14087062,13.864015645899658,1680434101,B0-POSSESSION-DRIVE-SCORE-PROCESS-V1,2024,2023,2023-REG-END,0.0,0.05,phase3-feature-provenance-v1,5f148219527b07d85261d3f196ace97a5eb5646271d43596032a692389abc579,2c5cc1af74fc5f3955e44361b82b791710e4b63bbc69b0c15570617e2d86e543,NONE,B0-poisson-multinomial-rare-tail-v1,10000
2024_12_BAL_LAC,2024,12,2024-11-25,LAC,BAL,23.0,30.0,-7.0,53.0,25.7632,30.4741,-4.7109,56.2373,0.3981,172.16974273427343,203.86071526152617,343.1070318931893,408.9538840984099,11.303491819151287,11.344389403893425,0.2559947785124057,0.1381391514406705,0.29474139353549905,0.18325703882628128,10.0,16.0,24.0,34.0,44.0,13.0,20.0,30.0,40.0,49.0,-28.0,-17.0,-4.0,7.0,18.0,32.0,42.0,55.0,69.0,83.0,3.11005588,3.3227904299999995,4.35928067,4.708083690000002,5.0582642375303415,32085113,B0-POSSESSION-DRIVE-SCORE-PROCESS-V1,2024,2023,2023-REG-END,0.0,0.05,phase3-feature-provenance-v1,5f148219527b07d85261d3f196ace97a5eb5646271d43596032a692389abc579,2c5cc1af74fc5f3955e44361b82b791710e4b63bbc69b0c15570617e2d86e543,NONE,B0-poisson-multinomial-rare-tail-v1,10000
2024_12_DAL_WAS,2024,12,2024-11-24,WAS,DAL,26.0,34.0,-8.0,60.0,25.2543,26.515,-1.2607,51.7693,0.46805,167.68419992999299,173.5653315331533,311.4520807180718,371.04698220822087,11.095696351940827,10.864130831576157,0.25080979868200015,0.14937405812803936,0.2589678779580022,0.18816764431318575,10.0,16.0,24.0,33.0,43.0,10.0,17.0,26.0,34.0,44.0,-24.0,-13.0,-1.0,10.0,21.0,28.0,38.0,50.0,64.0,77.0,3.1259611300000003,5.187056920000001,5.0719318300000005,6.348314989999999,6.464360571733678,1599737832,B0-POSSESSION-DRIVE-SCORE-PROCESS-V1,2024,2023,2023-REG-END,0.0,0.05,phase3-feature-provenance-v1,5f148219527b07d85261d3f196ace97a5eb5646271d43596032a692389abc579,2c5cc1af74fc5f3955e44361b82b791710e4b63bbc69b0c15570617e2d86e543,NONE,B0-poisson-multinomial-rare-tail-v1,10000
2024_12_DEN_LV,2024,12,2024-11-24,LV,DEN,19.0,29.0,-10.0,48.0,22.3844,23.3828,-0.9984,45.7672,0.47265,135.49958659865985,150.70713487348735,263.80217765776575,308.6112652865287,11.08675969399218,11.143261929968185,0.17958133041933508,0.22573636752231732,0.21667851941546196,0.1678365156506318,9.0,14.0,21.0,30.0,38.0,9.0,14.0,23.0,31.0,40.0,-21.0,-12.0,-1.0,10.0,19.0,24.0,33.0,44.0,57.0,69.0,2.8286095799999993,4.274639919999999,5.7050283,4.365960299999999,5.578405750555923,3759430335,B0-POSSESSION-DRIVE-SCORE-PROCESS-V1,2024,2023,2023-REG-END,0.0,0.05,phase3-feature-provenance-v1,5f148219527b07d85261d3f196ace97a5eb5646271d43596032a692389abc579,2c5cc1af74fc5f3955e44361b82b791710e4b63bbc69b0c15570617e2d86e543,NONE,B0-poisson-multinomial-rare-tail-v1,10000
2024_12_DET_IND,2024,12,2024-11-24,IND,DET,6.0,24.0,-18.0,30.0,27.9274,30.5188,-2.5914,58.4462,0.44805,194.695198759876,209.9302395839584,368.2090669466947,441.04180974097414,11.329346211936803,11.32809854108844,0.2774341141873397,0.15321795887188974,0.30529670207148535,0.15918298801639655,10.0,17.0,27.0,37.0,47.0,13.0,20.0,29.0,40.0,50.0,-27.0,-15.0,-3.0,10.0,21.0,33.0,44.0,57.0,72.0,87.0,14.32361364,4.09878818,9.2103936,17.65225822,14.763098325585469,605000084,B0-POSSESSION-DRIVE-SCORE-PROCESS-V1,2024,2023,2023-REG-END,0.0,0.05,phase3-feature-provenance-v1,5f148219527b07d85261d3f196ace97a5eb5646271d43596032a692389abc579,2c5cc1af74fc5f3955e44361b82b791710e4b63bbc69b0c15570617e2d86e543,NONE,B0-poisson-multinomial-rare-tail-v1,10000
2024_12_KC_CAR,2024,12,2024-11-24,CAR,KC,27.0,30.0,-3.0,57.0,20.5396,25.6491,-5.1095,46.1887,0.3791,133.83041488148814,164.75784497449746,275.7410838583859,321.4354358535854,10.846871104255161,10.817002107370753,0.19969306132183798,0.13348963815357334,0.24450724967921197,0.20032255096965135,7.0,13.0,20.0,27.0,37.0,10.0,16.0,24.0,34.0,43.0,-26.0,-16.0,-5.0,6.0,16.0,24.0,33.0,44.0,57.0,70.0,4.59331988,3.9153061100000004,3.89939547,7.302943710000001,6.5136627780367835,3218038892,B0-POSSESSION-DRIVE-SCORE-PROCESS-V1,2024,2023,2023-REG-END,0.0,0.05,phase3-feature-provenance-v1,5f148219527b07d85261d3f196ace97a5eb5646271d43596032a692389abc579,2c5cc1af74fc5f3955e44361b82b791710e4b63bbc69b0c15570617e2d86e543,NONE,B0-poisson-multinomial-rare-tail-v1,10000
2024_12_MIN_CHI,2024,12,2024-11-24,CHI,MIN,27.0,30.0,-3.0,57.0,21.1779,24.1769,-2.999,45.3548,0.42265,139.2901806080608,156.67767415741574,270.0968086808681,321.838900850085,11.08249046980202,11.193642968581237,0.193398278216274,0.1557806838487311,0.22876429211682195,0.15975407175998274,7.0,13.0,20.0,28.0,37.0,9.0,15.0,23.0,32.0,41.0,-24.0,-14.0,-3.0,8.0,18.0,23.0,32.0,44.0,57.0,70.0,4.358116729999999,4.4180081300000005,3.69690194,7.74087546,6.681985753201824,456853093,B0-POSSESSION-DRIVE-SCORE-PROCESS-V1,2024,2023,2023-REG-END,0.0,0.05,phase3-feature-provenance-v1,5f148219527b07d85261d3f196ace97a5eb5646271d43596032a692389abc579,2c5cc1af74fc5f3955e44361b82b791710e4b63bbc69b0c15570617e2d86e543,NONE,B0-poisson-multinomial-rare-tail-v1,10000
2024_12_NE_MIA,2024,12,2024-11-24,MIA,NE,34.0,15.0,19.0,49.0,23.7067,22.2437,1.463,45.9504,0.5365,157.86746185618563,142.34554486448644,285.686799679968,314.73921376137616,11.000646662914882,11.040094130885482,0.2427722179905194,0.12533546453347022,0.2078509737052314,0.15764774430179612,8.0,14.0,23.0,31.0,41.0,7.0,13.0,21.0,30.0,38.0,-20.0,-10.0,1.0,13.0,23.0,24.0,33.0,44.0,57.0,69.0,6.6738766300000005,4.045308469999999,10.62819968,4.580685880000001,8.464841031961267,579034378,B0-POSSESSION-DRIVE-SCORE-PROCESS-V1,2024,2023,2023-REG-END,0.0,0.05,phase3-feature-provenance-v1,5f148219527b07d85261d3f196ace97a5eb5646271d43596032a692389abc579,2c5cc1af74fc5f3955e44361b82b791710e4b63bbc69b0c15570617e2d86e543,NONE,B0-poisson-multinomial-rare-tail-v1,10000
2024_12_PHI_LA,2024,12,2024-11-24,LA,PHI,20.0,37.0,-17.0,57.0,26.3994,26.5688,-0.1694,52.9682,0.49985,175.36301594159417,176.86335289528952,327.1656202020202,377.2871174717472,10.936969393904924,10.99875338144667,0.2622980731821148,0.16445759699700574,0.2761098394397004,0.14006478839027064,10.0,17.0,25.0,34.0,44.0,10.0,17.0,26.0,35.0,44.0,-24.0,-12.0,0.0,12.0,23.0,29.0,39.0,51.0,65.0,79.0,3.8884333800000004,6.769390360000001,10.19547682,5.120354000000001,8.443561855261969,801339009,B0-POSSESSION-DRIVE-SCORE-PROCESS-V1,2024,2023,2023-REG-END,0.0,0.05,phase3-feature-provenance-v1,5f148219527b07d85261d3f196ace97a5eb5646271d43596032a692389abc579,2c5cc1af74fc5f3955e44361b82b791710e4b63bbc69b0c15570617e2d86e543,NONE,B0-poisson-multinomial-rare-tail-v1,10000
2024_12_PIT_CLE,2024,12,2024-11-21,CLE,PIT,24.0,19.0,5.0,43.0,19.5727,24.5113,-4.9386,44.084,0.38070000000000004,127.19123383338334,161.9538676967697,274.75310535053507,303.537097709771,11.571776091272984,11.909111446811764,0.17629436220941747,0.12759002482279153,0.22825874010671468,0.12836709814964978,6.0,11.0,18.0,27.0,34.0,10.0,16.0,23.0,33.0,41.0,-26.0,-16.0,-5.0,6.0,16.0,23.0,31.0,43.0,55.0,67.0,3.7020927100000005,3.5266732900000006,6.13061308,4.074657,5.6903691311888664,3835078322,B0-POSSESSION-DRIVE-SCORE-PROCESS-V1,2024,2023,2023-REG-END,0.0,0.05,phase3-feature-provenance-v1,5f148219527b07d85261d3f196ace97a5eb5646271d43596032a692389abc579,2c5cc1af74fc5f3955e44361b82b791710e4b63bbc69b0c15570617e2d86e543,NONE,B0-poisson-multinomial-rare-tail-v1,10000
2024_12_SF_GB,2024,12,2024-11-24,GB,SF,38.0,10.0,28.0,48.0,28.488,27.9138,0.5742,56.4018,0.5074,199.3449904990499,190.3828078407841,357.92368672867286,421.53190995099516,10.654699509967616,10.599456115191021,0.3141187445784606,0.13027500612106818,0.29080851273974384,0.1716306786634109,10.0,18.0,27.0,37.0,48.0,10.0,17.0,27.0,37.0,46.0,-23.0,-12.0,0.0,13.0,25.0,31.0,42.0,55.0,69.0,83.0,6.35716874,10.8208165,18.0996441,5.657800379999999,13.406876866427222,2595349567,B0-POSSESSION-DRIVE-SCORE-PROCESS-V1,2024,2023,2023-REG-END,0.0,0.05,phase3-feature-provenance-v1,5f148219527b07d85261d3f196ace97a5eb5646271d43596032a692389abc579,2c5cc1af74fc5f3955e44361b82b791710e4b63bbc69b0c15570617e2d86e543,NONE,B0-poisson-multinomial-rare-tail-v1,10000
2024_12_TB_NYG,2024,12,2024-11-24,NYG,TB,7.0,30.0,-23.0,37.0,21.5083,26.1712,-4.6629,47.6795,0.39740000000000003,136.688799989999,171.61665222522248,289.80624421442144,326.8046602160216,11.165433317898147,11.247748905448296,0.20053290588687586,0.14408008321259505,0.24408148025116766,0.17539952097195446,7.0,13.0,20.0,29.0,37.0,10.0,17.0,24.0,34.0,44.0,-27.0,-16.0,-4.0,7.0,17.0,26.0,35.0,47.0,59.0,72.0,8.57409853,3.8125997199999997,11.36512205,6.13092483,9.73317732551797,2830003702,B0-POSSESSION-DRIVE-SCORE-PROCESS-V1,2024,2023,2023-REG-END,0.0,0.05,phase3-feature-provenance-v1,5f148219527b07d85261d3f196ace97a5eb5646271d43596032a692389abc579,2c5cc1af74fc5f3955e44361b82b791710e4b63bbc69b0c15570617e2d86e543,NONE,B0-poisson-multinomial-rare-tail-v1,10000
2024_12_TEN_HOU,2024,12,2024-11-24,HOU,TEN,27.0,32.0,-5.0,59.0,24.895,22.9441,1.9509,47.8391,0.5462,161.16849184918493,152.3538105710571,296.0054897389739,331.03911510151016,11.37290575947303,11.557011102471051,0.22711165829827015,0.17253385756812428,0.21768906461462859,0.12803889731767587,10.0,16.0,24.0,33.0,42.0,7.0,14.0,21.0,30.0,40.0,-20.0,-10.0,2.0,13.0,24.0,26.0,35.0,46.0,59.0,72.0,3.31010542,6.013098589999999,5.03904101,7.517801890000001,7.15513707149297,2431021889,B0-POSSESSION-DRIVE-SCORE-PROCESS-V1,2024,2023,2023-REG-END,0.0,0.05,phase3-feature-provenance-v1,5f148219527b07d85261d3f196ace97a5eb5646271d43596032a692389abc579,2c5cc1af74fc5f3955e44361b82b791710e4b63bbc69b0c15570617e2d86e543,NONE,B0-poisson-multinomial-rare-tail-v1,10000
2024_13_ARI_MIN,2024,13,2024-12-01,MIN,ARI,23.0,22.0,1.0,45.0,27.9616,22.7317,5.2299,50.6933,0.61595,187.22624806480647,145.87310242024202,308.93413940394043,357.2645615661566,10.802454605845714,10.797553687112888,0.2944173284085504,0.149271097476664,0.21516945136479865,0.17084387949646618,10.0,17.0,27.0,37.0,46.0,9.0,14.0,21.0,30.0,39.0,-17.0,-7.0,5.0,17.0,28.0,27.0,37.0,49.0,62.0,76.0,3.5877165600000005,2.8561419499999996,4.40832069,4.77678261,5.110163260678576,3740156827,B0-POSSESSION-DRIVE-SCORE-PROCESS-V1,2024,2023,2023-REG-END,0.0,0.05,phase3-feature-provenance-v1,5f148219527b07d85261d3f196ace97a5eb5646271d43596032a692389abc579,2c5cc1af74fc5f3955e44361b82b791710e4b63bbc69b0c15570617e2d86e543,NONE,B0-poisson-multinomial-rare-tail-v1,10000
2024_13_CHI_DET,2024,13,2024-11-28,DET,CHI,23.0,20.0,3.0,43.0,30.4847,23.8837,6.601,54.3684,0.6408499999999999,207.74854076407638,158.38361267126714,339.8875877587759,392.3767191119112,11.187963342851988,11.04575063611018,0.3101541450419391,0.15509854317479585,0.24149384527616666,0.12661884103103233,13.0,20.0,29.0,40.0,50.0,9.0,14.0,23.0,31.0,41.0,-17.0,-6.0,7.0,19.0,30.0,30.0,40.0,53.0,67.0,81.0,4.435826329999999,3.12067945,4.509393919999999,6.687165439999999,6.052894129080096,939050381,B0-POSSESSION-DRIVE-SCORE-PROCESS-V1,2024,2023,2023-REG-END,0.0,0.05,phase3-feature-provenance-v1,5f148219527b07d85261d3f196ace97a5eb5646271d43596032a692389abc579,2c5cc1af74fc5f3955e44361b82b791710e4b63bbc69b0c15570617e2d86e543,NONE,B0-poisson-multinomial-rare-tail-v1,10000
2024_13_CLE_DEN,2024,13,2024-12-02,DEN,CLE,41.0,32.0,9.0,73.0,24.3864,19.1522,5.2342,43.5386,0.62225,158.2517202120212,120.03823898389841,269.2086712271227,287.37124716471646,11.727800474479505,11.51060845947954,0.23096597305879157,0.1321729353611344,0.16616761253921458,0.14291491554939992,10.0,16.0,23.0,32.25,41.0,6.0,10.0,17.0,26.0,34.0,-15.0,-6.0,5.0,16.0,27.0,23.0,31.0,42.0,54.0,66.0,11.187389880000001,8.5771012,4.1559757600000005,20.9362719,14.676704086414318,3402803359,B0-POSSESSION-DRIVE-SCORE-PROCESS-V1,2024,2023,2023-REG-END,0.0,0.05,phase3-feature-provenance-v1,5f148219527b07d85261d3f196ace97a5eb5646271d43596032a692389abc579,2c5cc1af74fc5f3955e44361b82b791710e4b63bbc69b0c15570617e2d86e543,NONE,B0-poisson-multinomial-rare-tail-v1,10000
2024_13_HOU_JAX,2024,13,2024-12-01,JAX,HOU,20.0,23.0,-3.0,43.0,24.7437,23.916,0.8277,48.6597,0.51875,165.92080239023903,159.29567356735674,306.49526223622365,343.9376896789679,11.57780889188619,11.254725046395762,0.2304869027366553,0.1493979196004827,0.2250934437937744,0.15326636034429297,10.0,16.0,23.0,33.0,42.0,9.0,14.0,23.0,31.0,41.0,-21.0,-11.0,1.0,12.0,23.0,26.0,36.0,47.0,61.0,73.0,3.2840549699999997,2.9378051999999997,4.340234150000001,4.700741449999999,4.922805321654314,1987619442,B0-POSSESSION-DRIVE-SCORE-PROCESS-V1,2024,2023,2023-REG-END,0.0,0.05,phase3-feature-provenance-v1,5f148219527b07d85261d3f196ace97a5eb5646271d43596032a692389abc579,2c5cc1af74fc5f3955e44361b82b791710e4b63bbc69b0c15570617e2d86e543,NONE,B0-poisson-multinomial-rare-tail-v1,10000
2024_13_IND_NE,2024,13,2024-12-01,NE,IND,24.0,25.0,-1.0,49.0,24.2897,22.1995,2.0902,46.4892,0.55025,152.10918482848285,143.05760551055107,276.0266666266627,314.30691405140516,11.419750582288101,11.407702732408934,0.20874585475653137,0.19243363838704275,0.205464294622423,0.14167559850592515,10.0,16.0,23.0,32.0,41.0,7.0,13.0,21.0,30.0,38.0,-19.0,-9.0,2.0,13.0,23.0,24.0,34.0,45.0,58.0,70.0,2.891919530000001,3.3317265099999993,4.05271756,4.52858696,4.747301992536245,3228176257,B0-POSSESSION-DRIVE-SCORE-PROCESS-V1,2024,2023,2023-REG-END,0.0,0.05,phase3-feature-provenance-v1,5f148219527b07d85261d3f196ace97a5eb5646271d43596032a692389abc579,2c5cc1af74fc5f3955e44361b82b791710e4b63bbc69b0c15570617e2d86e543,NONE,B0-poisson-multinomial-rare-tail-v1,10000
2024_13_LAC_ATL,2024,13,2024-12-01,ATL,LAC,13.0,17.0,-4.0,30.0,28.0093,27.076,0.9333,55.0853,0.51715,184.87910142014204,183.80720472047207,336.0256536753675,401.34695860586055,11.108903361365297,10.869837667516242,0.26325264925851805,0.19891961215047774,0.27744342314802234,0.154894367687254,12.0,18.0,27.0,37.0,46.0,10.0,17.0,26.0,35.0,45.0,-22.0,-11.0,1.0,13.0,24.0,30.0,41.0,54.0,68.0,81.0,8.557159209999998,5.42536028,4.72192845,15.190478770000002,11.066384256322804,3491184081,B0-POSSESSION-DRIVE-SCORE-PROCESS-V1,2024,2023,2023-REG-END,0.0,0.05,phase3-feature-provenance-v1,5f148219527b07d85261d3f196ace97a5eb5646271d43596032a692389abc579,2c5cc1af74fc5f3955e44361b82b791710e4b63bbc69b0c15570617e2d86e543,NONE,B0-poisson-multinomial-rare-tail-v1,10000
2024_13_LA_NO,2024,13,2024-12-01,NO,LA,14.0,21.0,-7.0,35.0,27.9079,25.1431,2.7648,53.051,0.5598,187.26874446444646,168.8725096409641,330.13229418941893,382.1502140214022,11.195597587858066,11.144940228488526,0.27879048561088154,0.153547824950404,0.2349635560095876,0.17178102329285233,10.0,17.0,27.0,37.0,46.100000000000364,10.0,16.0,24.0,33.0,43.0,-20.0,-9.0,3.0,14.0,26.0,29.0,39.0,52.0,65.0,79.0,7.751679770000001,3.27089533,6.1813033000000015,10.1627539,8.78737510146507,2003163190,B0-POSSESSION-DRIVE-SCORE-PROCESS-V1,2024,2023,2023-REG-END,0.0,0.05,phase3-feature-provenance-v1,5f148219527b07d85261d3f196ace97a5eb5646271d43596032a692389abc579,2c5cc1af74fc5f3955e44361b82b791710e4b63bbc69b0c15570617e2d86e543,NONE,B0-poisson-multinomial-rare-tail-v1,10000
2024_13_LV_KC,2024,13,2024-11-29,KC,LV,19.0,17.0,2.0,36.0,30.2853,20.6191,9.6662,50.9044,0.7035,208.7317770877088,131.00251544154418,313.39171673167317,366.07686832683265,10.716088325941536,10.635388467143086,0.2998354326244335,0.20965352535579043,0.19163792652043413,0.17401991895370625,13.0,20.0,29.0,39.0,49.0,7.0,13.0,20.0,27.0,36.0,-12.0,-2.0,9.0,21.0,32.0,27.0,37.0,50.0,63.0,76.0,6.12471661,2.826532369999999,5.261400740000001,8.23144118,7.255429536325838,2274250403,B0-POSSESSION-DRIVE-SCORE-PROCESS-V1,2024,2023,2023-REG-END,0.0,0.05,phase3-feature-provenance-v1,5f148219527b07d85261d3f196ace97a5eb5646271d43596032a692389abc579,2c5cc1af74fc5f3955e44361b82b791710e4b63bbc69b0c15570617e2d86e543,NONE,B0-poisson-multinomial-rare-tail-v1,10000
2024_13_MIA_GB,2024,13,2024-11-28,GB,MIA,30.0,17.0,13.0,47.0,30.5254,25.0123,5.5131,55.5377,0.6127,219.34568940894087,167.95374408440844,353.3023586258626,421.2965083608361,10.84711351854496,10.709292401667172,0.33717859362685726,0.12315906467666665,0.25494996077814697,0.148871652151378,13.0,20.0,29.0,40.0,51.0,10.0,16.0,24.0,33.0,42.0,-18.0,-7.0,5.0,18.0,29.0,30.0,41.0,54.0,68.0,83.0,3.481448740000001,4.4372291299999995,5.632068929999999,5.757774909999998,6.30744599533063,3310099725,B0-POSSESSION-DRIVE-SCORE-PROCESS-V1,2024,2023,2023-REG-END,0.0,0.05,phase3-feature-provenance-v1,5f148219527b07d85261d3f196ace97a5eb5646271d43596032a692389abc579,2c5cc1af74fc5f3955e44361b82b791710e4b63bbc69b0c15570617e2d86e543,NONE,B0-poisson-multinomial-rare-tail-v1,10000
2024_13_NYG_DAL,2024,13,2024-11-28,DAL,NYG,27.0,20.0,7.0,47.0,29.4979,19.1736,10.3243,48.6715,0.7253,196.50844643464345,121.20518355835583,292.5773872487249,342.8498727372737,11.320383122451078,11.436744108503015,0.2683077178264753,0.21662279851949132,0.16849052668588718,0.14340046199983897,13.0,20.0,28.0,38.0,48.0,6.0,10.0,17.0,26.0,34.0,-11.0,-1.0,10.0,21.0,32.0,26.0,36.0,47.0,60.0,73.0,3.3164585099999995,2.7034689199999997,4.14654185,4.24451359,4.665439520246407,3088312879,B0-POSSESSION-DRIVE-SCORE-PROCESS-V1,2024,2023,2023-REG-END,0.0,0.05,phase3-feature-provenance-v1,5f148219527b07d85261d3f196ace97a5eb5646271d43596032a692389abc579,2c5cc1af74fc5f3955e44361b82b791710e4b63bbc69b0c15570617e2d86e543,NONE,B0-poisson-multinomial-rare-tail-v1,10000
2024_13_PHI_BAL,2024,13,2024-12-01,BAL,PHI,19.0,24.0,-5.0,43.0,30.42,25.3104,5.1096,55.7304,0.60685,206.17601760176018,169.33518535853585,340.48963680368036,410.5327691169117,11.041276041387025,11.003594146226822,0.3060424411474917,0.17467478017601593,0.258833331710469,0.13528216222705503,13.0,20.0,30.0,39.0,49.0,10.0,16.0,24.0,33.0,43.0,-18.0,-7.0,5.0,17.0,28.0,31.0,41.0,54.0,68.0,82.0,6.210898520000001,2.973037800000001,6.375105060000001,7.193565199999998,7.414411441758684,4242750064,B0-POSSESSION-DRIVE-SCORE-PROCESS-V1,2024,2023,2023-REG-END,0.0,0.05,phase3-feature-provenance-v1,5f148219527b07d85261d3f196ace97a5eb5646271d43596032a692389abc579,2c5cc1af74fc5f3955e44361b82b791710e4b63bbc69b0c15570617e2d86e543,NONE,B0-poisson-multinomial-rare-tail-v1,10000
2024_13_PIT_CIN,2024,13,2024-12-01,CIN,PIT,38.0,44.0,-6.0,82.0,23.2139,24.0102,-0.7963,47.2241,0.47995,155.16166295629563,158.2437203320332,292.0494112511251,334.7613553255326,11.154243345420015,11.300616196856634,0.22210486608825988,0.1518470705848951,0.21490196484150653,0.17483784424034815,8.0,14.0,22.0,31.0,40.0,9.0,15.0,23.0,32.0,41.0,-23.0,-12.0,-1.0,10.0,21.0,25.0,34.0,46.0,59.0,71.0,9.865721229999998,13.988216900000001,4.55398583,25.34523611,17.664270404188386,2323204774,B0-POSSESSION-DRIVE-SCORE-PROCESS-V1,2024,2023,2023-REG-END,0.0,0.05,phase3-feature-provenance-v1,5f148219527b07d85261d3f196ace97a5eb5646271d43596032a692389abc579,2c5cc1af74fc5f3955e44361b82b791710e4b63bbc69b0c15570617e2d86e543,NONE,B0-poisson-multinomial-rare-tail-v1,10000
2024_13_SEA_NYJ,2024,13,2024-12-01,NYJ,SEA,21.0,26.0,-5.0,47.0,20.8007,23.3928,-2.5921,44.1935,0.43829999999999997,129.8831678267827,153.58986714671468,264.6223798279828,302.323690119012,11.260840703232608,11.11586452221324,0.18587879053416048,0.15519716643619963,0.22347119980638333,0.15697120293575123,7.0,13.0,20.0,28.0,36.100000000000364,9.0,14.0,22.0,31.0,40.0,-23.0,-13.0,-3.0,8.0,18.0,23.0,32.0,43.0,55.0,67.0,2.7436892299999993,3.367263199999999,3.9107543699999994,4.42567659,4.751481491937454,832863492,B0-POSSESSION-DRIVE-SCORE-PROCESS-V1,2024,2023,2023-REG-END,0.0,0.05,phase3-feature-provenance-v1,5f148219527b07d85261d3f196ace97a5eb5646271d43596032a692389abc579,2c5cc1af74fc5f3955e44361b82b791710e4b63bbc69b0c15570617e2d86e543,NONE,B0-poisson-multinomial-rare-tail-v1,10000
2024_13_SF_BUF,2024,13,2024-12-01,BUF,SF,35.0,10.0,25.0,45.0,29.549,24.8957,4.6533,54.4447,0.59705,208.85828482848285,163.12673418341834,340.0751066206621,403.8949314031403,10.745383438298541,10.674512953509598,0.31924294845665974,0.13945275533501408,0.2550039855490488,0.15259697857757826,13.0,20.0,28.0,38.0,48.0,10.0,16.0,24.0,33.0,42.0,-18.0,-7.0,4.0,17.0,28.0,30.0,40.0,53.0,67.0,81.0,4.596020660000001,8.604591110000001,12.668310230000001,5.894185030000001,10.398977649148879,2012581447,B0-POSSESSION-DRIVE-SCORE-PROCESS-V1,2024,2023,2023-REG-END,0.0,0.05,phase3-feature-provenance-v1,5f148219527b07d85261d3f196ace97a5eb5646271d43596032a692389abc579,2c5cc1af74fc5f3955e44361b82b791710e4b63bbc69b0c15570617e2d86e543,NONE,B0-poisson-multinomial-rare-tail-v1,10000
2024_13_TB_CAR,2024,13,2024-12-01,CAR,TB,23.0,26.0,-3.0,49.0,22.9464,25.7736,-2.8272,48.72,0.43284999999999996,150.5337804180418,172.16115915591558,298.87522768276824,346.5146514651465,10.973200136373393,10.970261573802041,0.21829953663729504,0.15542588938911164,0.259110830987814,0.1527724526370056,7.0,14.0,21.0,30.0,39.0,10.0,16.0,24.0,34.0,43.0,-25.0,-14.0,-3.0,8.0,19.0,26.0,36.0,47.0,61.0,73.0,2.9007952,3.1289468000000005,3.9005236000000014,4.427603959999999,4.693105826451694,3782488183,B0-POSSESSION-DRIVE-SCORE-PROCESS-V1,2024,2023,2023-REG-END,0.0,0.05,phase3-feature-provenance-v1,5f148219527b07d85261d3f196ace97a5eb5646271d43596032a692389abc579,2c5cc1af74fc5f3955e44361b82b791710e4b63bbc69b0c15570617e2d86e543,NONE,B0-poisson-multinomial-rare-tail-v1,10000
2024_13_TEN_WAS,2024,13,2024-12-01,WAS,TEN,42.0,19.0,23.0,61.0,25.8995,23.4359,2.4636,49.3354,0.5497000000000001,170.46304605460546,151.35802699269925,300.02627766776675,343.6158684268427,11.27351430548826,11.219182830863684,0.24568258170161153,0.1652709860999946,0.22979970969187422,0.13660435295898077,10.0,17.0,24.0,34.0,44.0,9.0,14.0,22.5,31.0,40.0,-20.0,-9.0,2.0,14.0,24.100000000000364,27.0,36.0,48.0,61.0,74.0,10.716313030000002,3.1919612100000005,12.89917606,7.788884700000002,11.262294545216626,1104263957,B0-POSSESSION-DRIVE-SCORE-PROCESS-V1,2024,2023,2023-REG-END,0.0,0.05,phase3-feature-provenance-v1,5f148219527b07d85261d3f196ace97a5eb5646271d43596032a692389abc579,2c5cc1af74fc5f3955e44361b82b791710e4b63bbc69b0c15570617e2d86e543,NONE,B0-poisson-multinomial-rare-tail-v1,10000
2024_14_ATL_MIN,2024,14,2024-12-08,MIN,ATL,42.0,21.0,21.0,63.0,28.9027,23.2905,5.6122,52.1932,0.62515,197.33876658665866,142.80839058905892,315.2161327732773,365.07818157815785,11.038961459631098,11.025806287980483,0.29099091921745207,0.17149552180733768,0.19038856783127384,0.23248694082672358,12.0,19.0,27.0,37.0,48.0,9.0,15.0,22.0,30.0,39.0,-17.0,-6.0,5.0,17.0,28.0,29.0,39.0,51.0,64.0,77.0,8.49146803,2.833734969999999,9.245812339999999,7.3703122400000005,9.000172108618875,1703673052,B0-POSSESSION-DRIVE-SCORE-PROCESS-V1,2024,2023,2023-REG-END,0.0,0.05,phase3-feature-provenance-v1,5f148219527b07d85261d3f196ace97a5eb5646271d43596032a692389abc579,2c5cc1af74fc5f3955e44361b82b791710e4b63bbc69b0c15570617e2d86e543,NONE,B0-poisson-multinomial-rare-tail-v1,10000
2024_14_BUF_LA,2024,14,2024-12-08,LA,BUF,44.0,42.0,2.0,86.0,24.9636,27.6743,-2.7107,52.6379,0.44715,169.98107314731473,190.22624213421344,327.6887743874388,392.7258561756176,10.730203637450765,10.690116676509943,0.25077966166109694,0.1635297216970728,0.30070140044307964,0.13820228313190788,10.0,16.0,24.0,33.0,42.0,10.0,17.0,27.0,36.0,46.0,-25.0,-15.0,-3.0,10.0,20.0,28.0,38.0,51.0,65.0,79.0,13.03586568,9.325407989999999,4.63122549,23.425249050000005,16.67760845622078,3313601929,B0-POSSESSION-DRIVE-SCORE-PROCESS-V1,2024,2023,2023-REG-END,0.0,0.05,phase3-feature-provenance-v1,5f148219527b07d85261d3f196ace97a5eb5646271d43596032a692389abc579,2c5cc1af74fc5f3955e44361b82b791710e4b63bbc69b0c15570617e2d86e543,NONE,B0-poisson-multinomial-rare-tail-v1,10000
2024_14_CAR_PHI,2024,14,2024-12-08,PHI,CAR,22.0,16.0,6.0,38.0,29.6278,20.4844,9.1434,50.1122,0.7003,203.5568228422842,129.11226786678668,308.8709235323533,356.46725788578857,11.190981846633278,10.968091524482395,0.30323556804258045,0.15142342930533834,0.19030866867665724,0.14789947661794087,13.0,20.0,28.0,38.0,48.0,7.0,13.0,20.0,27.0,36.0,-13.0,-3.0,9.0,21.0,31.0,27.0,37.0,49.0,62.0,75.0,4.43266116,3.0113695200000006,4.222629400000001,6.812226819999999,5.967330343426303,862906290,B0-POSSESSION-DRIVE-SCORE-PROCESS-V1,2024,2023,2023-REG-END,0.0,0.05,phase3-feature-provenance-v1,5f148219527b07d85261d3f196ace97a5eb5646271d43596032a692389abc579,2c5cc1af74fc5f3955e44361b82b791710e4b63bbc69b0c15570617e2d86e543,NONE,B0-poisson-multinomial-rare-tail-v1,10000
2024_14_CHI_SF,2024,14,2024-12-08,SF,CHI,38.0,13.0,25.0,51.0,27.7757,21.4935,6.2822,49.2692,0.6403500000000001,181.3173212421242,141.35169291929193,301.389502110211,343.9485262126213,10.956504003436125,10.817569254055865,0.27699620964977556,0.1710899526933197,0.21840388544609132,0.12840028751220106,10.0,17.0,27.0,36.0,45.0,7.0,13.0,20.0,29.0,37.0,-15.0,-5.0,6.0,17.0,28.0,27.0,36.0,48.0,61.0,74.0,6.63166937,4.540944550000001,11.615203760000002,4.542181960000001,8.817788644723683,2328644623,B0-POSSESSION-DRIVE-SCORE-PROCESS-V1,2024,2023,2023-REG-END,0.0,0.05,phase3-feature-provenance-v1,5f148219527b07d85261d3f196ace97a5eb5646271d43596032a692389abc579,2c5cc1af74fc5f3955e44361b82b791710e4b63bbc69b0c15570617e2d86e543,NONE,B0-poisson-multinomial-rare-tail-v1,10000
2024_14_CIN_DAL,2024,14,2024-12-09,DAL,CIN,20.0,27.0,-7.0,47.0,30.2755,24.3697,5.9058,54.6452,0.6232500000000001,198.27202695269528,158.69529143914392,340.08053441344134,373.85410237023706,11.361205120420223,11.373467885571566,0.2764159334743156,0.218348674481377,0.22972671079662318,0.1546331355856113,13.0,20.0,29.0,39.0,49.0,10.0,16.0,23.0,32.0,41.0,-17.0,-6.0,6.0,18.0,30.0,31.0,41.0,53.0,67.0,80.0,5.55275559,3.3787250099999993,7.675478140000001,5.322646799999999,7.176897682743643,4103600323,B0-POSSESSION-DRIVE-SCORE-PROCESS-V1,2024,2023,2023-REG-END,0.0,0.05,phase3-feature-provenance-v1,5f148219527b07d85261d3f196ace97a5eb5646271d43596032a692389abc579,2c5cc1af74fc5f3955e44361b82b791710e4b63bbc69b0c15570617e2d86e543,NONE,B0-poisson-multinomial-rare-tail-v1,10000
2024_14_CLE_PIT,2024,14,2024-12-08,PIT,CLE,27.0,14.0,13.0,41.0,27.7884,18.8269,8.9615,46.6153,0.704,187.12733817381738,120.08394478447845,288.75829357935794,325.66427233723374,12.025066695172871,11.518504363186075,0.26422266853178983,0.13164401943205914,0.16648346397008332,0.1287116881497551,10.0,17.0,27.0,37.0,46.0,6.0,10.0,17.0,26.0,34.0,-13.0,-2.0,9.0,20.0,31.0,24.0,33.0,45.0,58.0,70.0,3.1717429,3.0301845699999994,4.33541009,4.6474505100000005,4.979358074189271,1352494675,B0-POSSESSION-DRIVE-SCORE-PROCESS-V1,2024,2023,2023-REG-END,0.0,0.05,phase3-feature-provenance-v1,5f148219527b07d85261d3f196ace97a5eb5646271d43596032a692389abc579,2c5cc1af74fc5f3955e44361b82b791710e4b63bbc69b0c15570617e2d86e543,NONE,B0-poisson-multinomial-rare-tail-v1,10000
2024_14_GB_DET,2024,14,2024-12-05,DET,GB,34.0,31.0,3.0,65.0,30.0172,30.0048,0.0124,60.022,0.50255,215.06461062106212,213.95817277727775,389.88263450345033,468.16293229322935,10.73441890590139,10.817024621301847,0.3186239716085799,0.16116972157896012,0.33072501088237766,0.12834089283166367,13.0,20.0,28.0,39.0,49.0,13.0,20.0,28.0,39.0,49.0,-25.0,-13.0,0.0,13.0,25.0,33.0,45.0,59.0,74.0,88.0,4.151057979999999,3.5569356600000006,4.654869739999999,5.738236579999999,5.871701963665053,1942347365,B0-POSSESSION-DRIVE-SCORE-PROCESS-V1,2024,2023,2023-REG-END,0.0,0.05,phase3-feature-provenance-v1,5f148219527b07d85261d3f196ace97a5eb5646271d43596032a692389abc579,2c5cc1af74fc5f3955e44361b82b791710e4b63bbc69b0c15570617e2d86e543,NONE,B0-poisson-multinomial-rare-tail-v1,10000
2024_14_JAX_TEN,2024,14,2024-12-08,TEN,JAX,6.0,10.0,-4.0,16.0,25.7249,22.7337,2.9912,48.4586,0.56935,174.45846583658366,145.43232754275428,302.2511476747675,337.53043908390833,11.183055965844023,11.172264884925573,0.25906168160923,0.1339056207256917,0.20794524649250673,0.16564751870790537,10.0,16.0,24.0,34.0,44.0,8.0,14.0,21.0,30.0,39.0,-19.0,-9.0,3.0,14.0,25.0,26.0,36.0,47.0,60.0,73.0,12.57328579,7.1124898299999995,5.13127626,22.35266834,15.33614859778383,16991079,B0-POSSESSION-DRIVE-SCORE-PROCESS-V1,2024,2023,2023-REG-END,0.0,0.05,phase3-feature-provenance-v1,5f148219527b07d85261d3f196ace97a5eb5646271d43596032a692389abc579,2c5cc1af74fc5f3955e44361b82b791710e4b63bbc69b0c15570617e2d86e543,NONE,B0-poisson-multinomial-rare-tail-v1,10000
2024_14_LAC_KC,2024,14,2024-12-08,KC,LAC,19.0,17.0,2.0,36.0,28.134,23.3379,4.7961,51.4719,0.5987,189.69321332133214,155.40846443644364,319.783503140314,370.4198523752375,10.76957111514934,10.71303541327156,0.28208352935589737,0.1909629873637525,0.24747053959205692,0.12380804252828558,12.0,18.0,27.0,37.0,47.0,7.0,14.0,22.0,31.0,40.0,-17.0,-7.0,4.0,17.0,28.0,28.0,37.0,50.0,64.0,77.0,4.94954948,3.7517212300000002,4.27155175,8.49474411,7.009650540289773,43212420,B0-POSSESSION-DRIVE-SCORE-PROCESS-V1,2024,2023,2023-REG-END,0.0,0.05,phase3-feature-provenance-v1,5f148219527b07d85261d3f196ace97a5eb5646271d43596032a692389abc579,2c5cc1af74fc5f3955e44361b82b791710e4b63bbc69b0c15570617e2d86e543,NONE,B0-poisson-multinomial-rare-tail-v1,10000
2024_14_LV_TB,2024,14,2024-12-08,TB,LV,28.0,13.0,15.0,41.0,30.4172,23.3196,7.0976,53.7368,0.65315,212.3015743174317,141.02395823582359,330.7399482348235,375.91111687168717,11.166598916345324,11.07161598474489,0.3090291526890581,0.15665216311037955,0.20123233285735717,0.2046492923614241,13.0,20.0,29.0,40.0,50.0,9.0,14.0,23.0,31.0,39.0,-16.0,-5.0,7.0,19.0,31.0,30.0,40.0,52.0,66.0,79.0,3.422732999999999,5.571516280000001,5.677712980000001,7.199488740000001,7.113778331847227,2701596734,B0-POSSESSION-DRIVE-SCORE-PROCESS-V1,2024,2023,2023-REG-END,0.0,0.05,phase3-feature-provenance-v1,5f148219527b07d85261d3f196ace97a5eb5646271d43596032a692389abc579,2c5cc1af74fc5f3955e44361b82b791710e4b63bbc69b0c15570617e2d86e543,NONE,B0-poisson-multinomial-rare-tail-v1,10000
2024_14_NO_NYG,2024,14,2024-12-08,NYG,NO,11.0,14.0,-3.0,25.0,19.8258,26.5137,-6.6879,46.3395,0.35264999999999996,126.69232359235923,174.83749605960597,284.6411577057706,318.4184815981598,11.33090757804298,11.221150357334185,0.1765768984461523,0.14830570693379835,0.24843571139689555,0.18099937673280797,6.0,12.0,19.0,27.0,35.0,10.0,17.0,25.0,34.0,44.0,-29.0,-17.0,-6.0,5.0,14.0,24.0,34.0,45.0,58.0,70.0,4.72166272,6.82841185,4.124511369999999,12.67725943,9.195629852663426,668458776,B0-POSSESSION-DRIVE-SCORE-PROCESS-V1,2024,2023,2023-REG-END,0.0,0.05,phase3-feature-provenance-v1,5f148219527b07d85261d3f196ace97a5eb5646271d43596032a692389abc579,2c5cc1af74fc5f3955e44361b82b791710e4b63bbc69b0c15570617e2d86e543,NONE,B0-poisson-multinomial-rare-tail-v1,10000
2024_14_NYJ_MIA,2024,14,2024-12-08,MIA,NYJ,32.0,26.0,6.0,58.0,25.8537,19.7061,6.1476,45.5598,0.6426,175.48744505450546,126.9422170117012,287.98441268126817,316.8749114511451,11.019215328887539,11.037513072619275,0.2598479435478072,0.1459802802260035,0.18670332285257552,0.13591686029793712,10.0,17.0,24.0,34.0,44.0,7.0,11.0,19.0,27.0,34.0,-15.0,-5.0,6.0,17.0,28.0,24.0,33.0,44.0,57.0,69.0,4.7168262499999996,4.4766309699999995,3.8673405999999986,8.11523876,6.862759425045423,4281973316,B0-POSSESSION-DRIVE-SCORE-PROCESS-V1,2024,2023,2023-REG-END,0.0,0.05,phase3-feature-provenance-v1,5f148219527b07d85261d3f196ace97a5eb5646271d43596032a692389abc579,2c5cc1af74fc5f3955e44361b82b791710e4b63bbc69b0c15570617e2d86e543,NONE,B0-poisson-multinomial-rare-tail-v1,10000
2024_14_SEA_ARI,2024,14,2024-12-08,ARI,SEA,18.0,30.0,-12.0,48.0,25.4576,25.3462,0.1114,50.8038,0.5039,173.13451569156913,177.51369692969297,319.5591459545954,381.73727928792886,10.800685809461358,10.637207192403878,0.26215186340843055,0.1468986737749955,0.2646602981370574,0.14983214332566389,10.0,16.0,24.0,34.0,43.0,10.0,16.0,24.0,34.0,43.0,-23.0,-11.0,0.0,12.0,22.0,27.0,37.0,50.0,62.0,76.0,4.243576420000001,4.129573979999999,7.346931419999999,4.49619826,6.527506448896974,2268669043,B0-POSSESSION-DRIVE-SCORE-PROCESS-V1,2024,2023,2023-REG-END,0.0,0.05,phase3-feature-provenance-v1,5f148219527b07d85261d3f196ace97a5eb5646271d43596032a692389abc579,2c5cc1af74fc5f3955e44361b82b791710e4b63bbc69b0c15570617e2d86e543,NONE,B0-poisson-multinomial-rare-tail-v1,10000
2024_15_ATL_LV,2024,15,2024-12-16,LV,ATL,9.0,15.0,-6.0,24.0,26.4652,27.6663,-1.2011,54.1315,0.47085,171.96738569856984,177.12685699569957,323.1577745674567,375.0307108210821,10.933921696649728,10.940984070851316,0.23992436827748392,0.22247799863437964,0.2596975591362794,0.21509309880211483,10.0,17.0,25.0,34.0,44.0,12.0,17.0,27.0,36.0,45.0,-24.0,-13.0,-1.0,11.0,22.0,30.0,40.0,53.0,67.0,80.0,10.647001600000001,7.01600551,4.60553445,19.726189989999998,13.687217533160828,1337290006,B0-POSSESSION-DRIVE-SCORE-PROCESS-V1,2024,2023,2023-REG-END,0.0,0.05,phase3-feature-provenance-v1,5f148219527b07d85261d3f196ace97a5eb5646271d43596032a692389abc579,2c5cc1af74fc5f3955e44361b82b791710e4b63bbc69b0c15570617e2d86e543,NONE,B0-poisson-multinomial-rare-tail-v1,10000
2024_15_BAL_NYG,2024,15,2024-12-15,NYG,BAL,14.0,35.0,-21.0,49.0,18.5959,30.8857,-12.2898,49.4816,0.23575,116.34603779377939,201.26276178617863,294.885504510451,340.3320946494649,11.241541928321963,11.414764776937785,0.16732796738398484,0.135506432803864,0.2805205268328999,0.21487542017657252,6.0,10.0,17.0,25.0,33.0,13.0,20.0,30.0,40.0,50.0,-34.0,-23.0,-12.0,-1.0,9.0,27.0,36.0,48.0,61.0,74.0,2.9199388100000006,4.11406905,5.863702440000001,4.3150204200000015,5.573746555441241,1854737759,B0-POSSESSION-DRIVE-SCORE-PROCESS-V1,2024,2023,2023-REG-END,0.0,0.05,phase3-feature-provenance-v1,5f148219527b07d85261d3f196ace97a5eb5646271d43596032a692389abc579,2c5cc1af74fc5f3955e44361b82b791710e4b63bbc69b0c15570617e2d86e543,NONE,B0-poisson-multinomial-rare-tail-v1,10000
2024_15_BUF_DET,2024,15,2024-12-15,DET,BUF,42.0,48.0,-6.0,90.0,27.4559,30.8821,-3.4262,58.338,0.42995,185.1275679467947,219.84378396839685,368.8166352235224,441.12606860686066,10.749179347422325,10.741731433155136,0.2909183675800063,0.1464384673527019,0.3425775586297678,0.13212434191647707,10.0,17.0,27.0,36.0,45.0,13.0,20.0,30.0,40.0,51.0,-27.0,-16.0,-3.0,10.0,21.0,33.0,43.0,57.0,71.0,86.0,9.45579665,11.30598505,4.56611994,21.72204326,15.51720344546164,2157611418,B0-POSSESSION-DRIVE-SCORE-PROCESS-V1,2024,2023,2023-REG-END,0.0,0.05,phase3-feature-provenance-v1,5f148219527b07d85261d3f196ace97a5eb5646271d43596032a692389abc579,2c5cc1af74fc5f3955e44361b82b791710e4b63bbc69b0c15570617e2d86e543,NONE,B0-poisson-multinomial-rare-tail-v1,10000
2024_15_CHI_MIN,2024,15,2024-12-16,MIN,CHI,30.0,12.0,18.0,42.0,28.1067,20.2793,7.8274,48.386,0.6755,187.99051416141614,131.24261577157714,299.9278020202021,338.5384578457846,11.176532221761766,11.026366063688258,0.28108589601667017,0.16268280613197958,0.18323370206656622,0.16040674589845116,11.0,17.0,27.0,37.0,46.0,7.0,12.0,19.0,27.0,35.0,-14.0,-4.0,7.0,19.0,30.0,26.0,35.0,47.0,60.0,72.0,3.44259187,4.42066595,6.406722480000001,4.84762136,6.24904344249844,755839406,B0-POSSESSION-DRIVE-SCORE-PROCESS-V1,2024,2023,2023-REG-END,0.0,0.05,phase3-feature-provenance-v1,5f148219527b07d85261d3f196ace97a5eb5646271d43596032a692389abc579,2c5cc1af74fc5f3955e44361b82b791710e4b63bbc69b0c15570617e2d86e543,NONE,B0-poisson-multinomial-rare-tail-v1,10000
2024_15_CIN_TEN,2024,15,2024-12-15,TEN,CIN,27.0,37.0,-10.0,64.0,25.6585,25.336,0.3225,50.9945,0.50975,168.70274802480247,169.3432383238324,310.40713446344637,365.68483823382337,11.259947085572698,11.204949558862397,0.24717515058880732,0.15920815899138754,0.2370699028339332,0.17333031040140975,10.0,16.0,24.0,34.0,43.0,10.0,16.0,24.0,33.0,43.0,-22.0,-11.0,0.0,12.0,23.0,27.0,37.0,50.0,63.0,76.0,3.2582078500000007,7.6338580799999995,6.46065613,8.47409135,8.364576611436068,743159593,B0-POSSESSION-DRIVE-SCORE-PROCESS-V1,2024,2023,2023-REG-END,0.0,0.05,phase3-feature-provenance-v1,5f148219527b07d85261d3f196ace97a5eb5646271d43596032a692389abc579,2c5cc1af74fc5f3955e44361b82b791710e4b63bbc69b0c15570617e2d86e543,NONE,B0-poisson-multinomial-rare-tail-v1,10000
2024_15_DAL_CAR,2024,15,2024-12-15,CAR,DAL,14.0,30.0,-16.0,44.0,22.8771,27.3173,-4.4402,50.1944,0.39744999999999997,147.87378296829684,180.14523523352332,301.91321528152815,354.1248211221122,11.35892276272025,11.189391028527442,0.20736660875443613,0.15867423892484425,0.2547228080023401,0.190118663572046,8.0,14.0,21.0,30.0,39.0,10.0,17.0,26.0,36.0,45.0,-26.09999999999991,-16.0,-4.0,7.0,17.0,27.0,37.0,49.0,62.0,75.0,4.7356384899999995,3.5905132899999996,7.059297740000002,4.888338020000001,6.6299410833046775,1336894970,B0-POSSESSION-DRIVE-SCORE-PROCESS-V1,2024,2023,2023-REG-END,0.0,0.05,phase3-feature-provenance-v1,5f148219527b07d85261d3f196ace97a5eb5646271d43596032a692389abc579,2c5cc1af74fc5f3955e44361b82b791710e4b63bbc69b0c15570617e2d86e543,NONE,B0-poisson-multinomial-rare-tail-v1,10000
2024_15_GB_SEA,2024,15,2024-12-15,SEA,GB,13.0,30.0,-17.0,43.0,26.1001,27.935,-1.8349,54.0351,0.4618,180.186498639864,196.91646664666467,349.9704390339034,404.2354915391539,10.76399367098708,11.004958954347645,0.2650523970082906,0.16414200230086362,0.2902895333397667,0.1371387549145766,10.0,16.0,24.0,34.0,44.0,10.0,17.0,27.0,37.0,47.0,-25.0,-14.0,-2.0,10.0,22.0,30.0,40.0,52.0,67.0,80.0,7.161576950000001,3.5793199599999994,9.04294893,6.426399570000001,8.516492372891683,4246445245,B0-POSSESSION-DRIVE-SCORE-PROCESS-V1,2024,2023,2023-REG-END,0.0,0.05,phase3-feature-provenance-v1,5f148219527b07d85261d3f196ace97a5eb5646271d43596032a692389abc579,2c5cc1af74fc5f3955e44361b82b791710e4b63bbc69b0c15570617e2d86e543,NONE,B0-poisson-multinomial-rare-tail-v1,10000
2024_15_IND_DEN,2024,15,2024-12-15,DEN,IND,31.0,13.0,18.0,44.0,24.2974,22.8555,1.4419,47.1529,0.5388,159.33428666866686,144.89250900090008,284.3368580758076,324.11673326332635,11.363551655605871,11.35422894738108,0.2226012134719914,0.16983871353851962,0.20039196996084993,0.17903415737262268,9.0,15.0,23.0,32.0,41.0,9.0,14.0,22.0,30.0,39.0,-20.0,-10.0,1.0,13.0,23.0,25.0,34.0,46.0,58.0,71.0,4.778010279999999,5.241643809999999,9.956160670000001,4.257758969999999,7.9026413442399885,2734645263,B0-POSSESSION-DRIVE-SCORE-PROCESS-V1,2024,2023,2023-REG-END,0.0,0.05,phase3-feature-provenance-v1,5f148219527b07d85261d3f196ace97a5eb5646271d43596032a692389abc579,2c5cc1af74fc5f3955e44361b82b791710e4b63bbc69b0c15570617e2d86e543,NONE,B0-poisson-multinomial-rare-tail-v1,10000
2024_15_KC_CLE,2024,15,2024-12-15,CLE,KC,7.0,21.0,-14.0,28.0,21.0348,28.5893,-7.5545,49.6241,0.32715,141.3465236123612,185.57018252825284,305.710200770077,348.1232115111511,11.092408766829104,11.455727685156551,0.21019235681939685,0.11175474116801165,0.2743917577442158,0.16539250236264688,7.0,13.0,20.0,28.0,37.0,13.0,19.0,27.0,37.0,47.0,-30.0,-19.0,-7.0,4.0,14.0,27.0,36.0,48.5,61.0,74.0,8.09876194,4.408858329999999,4.984294969999999,12.732420949999998,9.880824283738304,3019244865,B0-POSSESSION-DRIVE-SCORE-PROCESS-V1,2024,2023,2023-REG-END,0.0,0.05,phase3-feature-provenance-v1,5f148219527b07d85261d3f196ace97a5eb5646271d43596032a692389abc579,2c5cc1af74fc5f3955e44361b82b791710e4b63bbc69b0c15570617e2d86e543,NONE,B0-poisson-multinomial-rare-tail-v1,10000
2024_15_LA_SF,2024,15,2024-12-12,SF,LA,6.0,12.0,-6.0,18.0,29.7553,25.4463,4.309,55.2016,0.5938,204.71929383938394,167.9357098809881,338.00531953195326,407.3046879087909,10.703247953485636,10.682875251465862,0.31434369277858987,0.15775396752282456,0.2562565019861513,0.1665576191414226,13.0,20.0,28.0,38.0,48.0,10.0,16.0,24.0,34.0,43.0,-19.0,-8.0,4.0,16.0,28.0,30.0,41.0,54.0,68.0,82.0,15.886060849999998,7.551717310000001,6.494783820000002,26.0121038,18.256327965961034,2791836342,B0-POSSESSION-DRIVE-SCORE-PROCESS-V1,2024,2023,2023-REG-END,0.0,0.05,phase3-feature-provenance-v1,5f148219527b07d85261d3f196ace97a5eb5646271d43596032a692389abc579,2c5cc1af74fc5f3955e44361b82b791710e4b63bbc69b0c15570617e2d86e543,NONE,B0-poisson-multinomial-rare-tail-v1,10000
2024_15_MIA_HOU,2024,15,2024-12-15,HOU,MIA,20.0,12.0,8.0,32.0,26.2459,25.4818,0.7641,51.7277,0.5225000000000001,178.14184737473747,166.6061293729373,314.5693081208121,374.9266453745375,11.307550826738066,11.211251947436338,0.25909417020723335,0.14128955727575107,0.25764050170213176,0.13580007205585934,10.0,17.0,25.0,34.0,44.0,10.0,16.0,24.0,34.0,43.0,-21.0,-11.0,1.0,13.0,23.0,28.0,38.0,50.0,64.0,78.0,3.8554338500000007,7.59108146,5.238682910000001,11.176809230000002,9.067573379760473,4181358202,B0-POSSESSION-DRIVE-SCORE-PROCESS-V1,2024,2023,2023-REG-END,0.0,0.05,phase3-feature-provenance-v1,5f148219527b07d85261d3f196ace97a5eb5646271d43596032a692389abc579,2c5cc1af74fc5f3955e44361b82b791710e4b63bbc69b0c15570617e2d86e543,NONE,B0-poisson-multinomial-rare-tail-v1,10000
2024_15_NE_ARI,2024,15,2024-12-15,ARI,NE,30.0,17.0,13.0,47.0,23.1932,23.3003,-0.1071,46.4935,0.4993,156.91896565656563,151.77489739973996,286.8331129012901,330.55461321132117,10.794876464342664,10.7887540524716,0.23772949784115865,0.134436955365682,0.21876764680914765,0.1770559711307121,7.0,14.0,22.0,31.0,40.0,9.0,14.0,22.0,31.0,40.0,-21.0,-11.0,0.0,11.0,21.0,24.0,34.0,45.0,58.0,70.0,4.87110478,3.6353747500000004,7.8365868899999995,4.286096030000001,6.707787424698282,4152721602,B0-POSSESSION-DRIVE-SCORE-PROCESS-V1,2024,2023,2023-REG-END,0.0,0.05,phase3-feature-provenance-v1,5f148219527b07d85261d3f196ace97a5eb5646271d43596032a692389abc579,2c5cc1af74fc5f3955e44361b82b791710e4b63bbc69b0c15570617e2d86e543,NONE,B0-poisson-multinomial-rare-tail-v1,10000
2024_15_NYJ_JAX,2024,15,2024-12-15,JAX,NYJ,25.0,32.0,-7.0,57.0,23.0283,20.4697,2.5586,43.498,0.55825,147.4214412541254,129.81106301630163,260.6332293629363,293.8317791779178,11.012164678774234,10.965437777405148,0.22202137265546193,0.15542757240880412,0.19069036998645547,0.1544786384599648,9.0,14.0,22.0,30.0,39.0,7.0,13.0,20.0,27.0,35.0,-17.0,-8.0,3.0,13.0,23.0,23.0,31.0,42.0,54.0,66.0,3.1594125099999992,7.553475410000001,5.8244500200000004,8.683006500000001,8.233380123570553,590603538,B0-POSSESSION-DRIVE-SCORE-PROCESS-V1,2024,2023,2023-REG-END,0.0,0.05,phase3-feature-provenance-v1,5f148219527b07d85261d3f196ace97a5eb5646271d43596032a692389abc579,2c5cc1af74fc5f3955e44361b82b791710e4b63bbc69b0c15570617e2d86e543,NONE,B0-poisson-multinomial-rare-tail-v1,10000
2024_15_PIT_PHI,2024,15,2024-12-15,PHI,PIT,27.0,13.0,14.0,40.0,25.3921,22.6221,2.77,48.0142,0.5588,172.07136472647267,146.8747790679068,295.24502450245024,342.6472630863086,11.044673306481462,11.139295049452405,0.25566822710915743,0.14562368112102722,0.21729689292458496,0.14231799018156058,10.0,16.0,24.0,34.0,43.0,7.0,14.0,21.0,30.0,38.0,-18.09999999999991,-9.0,3.0,14.0,25.0,26.0,35.0,47.0,60.0,72.0,3.285899089999999,5.1560988299999995,6.952721500000001,5.240968179999999,6.7426670002389795,2558701096,B0-POSSESSION-DRIVE-SCORE-PROCESS-V1,2024,2023,2023-REG-END,0.0,0.05,phase3-feature-provenance-v1,5f148219527b07d85261d3f196ace97a5eb5646271d43596032a692389abc579,2c5cc1af74fc5f3955e44361b82b791710e4b63bbc69b0c15570617e2d86e543,NONE,B0-poisson-multinomial-rare-tail-v1,10000
2024_15_TB_LAC,2024,15,2024-12-15,LAC,TB,17.0,40.0,-23.0,57.0,27.1469,26.2464,0.9005,53.3933,0.5167999999999999,186.69118950895088,174.88077511751175,335.32113186318634,387.822797389739,11.084619110714979,10.992193234155952,0.27846883604244915,0.14538329813287817,0.267625821056082,0.1474104595297388,10.0,17.0,26.0,35.0,45.0,10.0,17.0,25.0,34.0,44.0,-22.0,-11.0,1.0,13.0,24.0,30.0,39.0,52.0,66.0,79.0,5.42590619,8.934226619999999,15.289301989999998,5.16265177,11.31667977119577,3959171622,B0-POSSESSION-DRIVE-SCORE-PROCESS-V1,2024,2023,2023-REG-END,0.0,0.05,phase3-feature-provenance-v1,5f148219527b07d85261d3f196ace97a5eb5646271d43596032a692389abc579,2c5cc1af74fc5f3955e44361b82b791710e4b63bbc69b0c15570617e2d86e543,NONE,B0-poisson-multinomial-rare-tail-v1,10000
2024_15_WAS_NO,2024,15,2024-12-15,NO,WAS,19.0,20.0,-1.0,39.0,27.1497,23.2953,3.8544,50.445,0.58755,184.8037702870287,155.72507041704168,314.92469310931097,366.1329882988299,11.165379576123692,11.322189121160738,0.27095517224812427,0.15805298005720966,0.21730095078529055,0.14993864265373205,10.0,17.0,26.0,36.0,45.0,9.0,14.0,22.0,31.0,40.0,-18.0,-8.0,4.0,15.0,27.0,27.0,37.0,49.0,62.0,75.0,4.60719265,3.01829223,4.55012314,6.56774484,6.110110034584958,3365458739,B0-POSSESSION-DRIVE-SCORE-PROCESS-V1,2024,2023,2023-REG-END,0.0,0.05,phase3-feature-provenance-v1,5f148219527b07d85261d3f196ace97a5eb5646271d43596032a692389abc579,2c5cc1af74fc5f3955e44361b82b791710e4b63bbc69b0c15570617e2d86e543,NONE,B0-poisson-multinomial-rare-tail-v1,10000
2024_16_ARI_CAR,2024,16,2024-12-22,CAR,ARI,36.0,30.0,6.0,66.0,24.0114,24.9861,-0.9747,48.9975,0.47685,158.04827486748675,168.10151694169417,302.9091508250825,349.39043279327933,10.595373293873338,10.729905928106431,0.24164306485394077,0.1609279183217584,0.2565179527918499,0.1541504201375116,9.0,14.0,23.0,31.0,41.0,10.0,16.0,24.0,33.0,42.0,-23.0,-13.0,-1.0,11.0,21.0,26.0,36.0,48.0,61.0,74.0,7.766005600000001,4.16260369,5.123708610000001,10.83033159,9.17374493803628,1095180085,B0-POSSESSION-DRIVE-SCORE-PROCESS-V1,2024,2023,2023-REG-END,0.0,0.05,phase3-feature-provenance-v1,5f148219527b07d85261d3f196ace97a5eb5646271d43596032a692389abc579,2c5cc1af74fc5f3955e44361b82b791710e4b63bbc69b0c15570617e2d86e543,NONE,B0-poisson-multinomial-rare-tail-v1,10000
2024_16_CLE_CIN,2024,16,2024-12-22,CIN,CLE,24.0,6.0,18.0,30.0,28.9882,22.1792,6.809,51.1674,0.6465,196.32629338933893,140.40392775277527,312.3181508150815,361.1422914691469,11.978285945132976,11.681797994338993,0.27908918821048484,0.13427384964755332,0.19014935673864908,0.16404140156896885,12.0,19.0,28.0,38.0,48.0,7.0,13.0,21.0,30.0,38.0,-16.0,-5.0,7.0,18.0,29.0,27.90000000000009,37.0,50.0,63.0,76.0,3.65578588,9.91764374,6.918680400000001,12.309255899999998,10.677379847540854,4225912856,B0-POSSESSION-DRIVE-SCORE-PROCESS-V1,2024,2023,2023-REG-END,0.0,0.05,phase3-feature-provenance-v1,5f148219527b07d85261d3f196ace97a5eb5646271d43596032a692389abc579,2c5cc1af74fc5f3955e44361b82b791710e4b63bbc69b0c15570617e2d86e543,NONE,B0-poisson-multinomial-rare-tail-v1,10000
2024_16_DEN_LAC,2024,16,2024-12-19,LAC,DEN,34.0,27.0,7.0,61.0,24.9071,22.1547,2.7524,47.0618,0.5633,157.5864282328233,142.81824973497348,281.8922834683468,318.9170724672467,11.402378372464435,11.32955081982227,0.22897939008277626,0.1667830650239445,0.20057004968640657,0.15855311267930805,10.0,16.0,24.0,33.0,42.0,7.0,13.0,21.0,30.0,38.0,-19.0,-8.0,3.0,14.0,24.0,25.0,34.0,46.0,58.0,71.0,6.062994150000001,3.963244369999999,4.300889660000001,8.96176624,7.647316593779408,1110728997,B0-POSSESSION-DRIVE-SCORE-PROCESS-V1,2024,2023,2023-REG-END,0.0,0.05,phase3-feature-provenance-v1,5f148219527b07d85261d3f196ace97a5eb5646271d43596032a692389abc579,2c5cc1af74fc5f3955e44361b82b791710e4b63bbc69b0c15570617e2d86e543,NONE,B0-poisson-multinomial-rare-tail-v1,10000
2024_16_DET_CHI,2024,16,2024-12-22,CHI,DET,17.0,34.0,-17.0,51.0,26.0265,28.1377,-2.1112,54.1642,0.45854999999999996,171.5281505650565,191.58329703970395,337.1781523752375,389.04474283428345,10.997871259056419,10.91036248312624,0.2677520526454252,0.13423605196320856,0.28986586378615914,0.1607636739815215,10.0,17.0,24.0,34.0,44.0,10.0,18.0,27.0,37.0,47.0,-26.0,-14.0,-2.0,10.0,21.0,30.0,40.0,53.0,67.0,80.0,4.9215800100000004,4.60538717,8.961556799999999,4.67887382,7.610101923946749,2279304762,B0-POSSESSION-DRIVE-SCORE-PROCESS-V1,2024,2023,2023-REG-END,0.0,0.05,phase3-feature-provenance-v1,5f148219527b07d85261d3f196ace97a5eb5646271d43596032a692389abc579,2c5cc1af74fc5f3955e44361b82b791710e4b63bbc69b0c15570617e2d86e543,NONE,B0-poisson-multinomial-rare-tail-v1,10000
2024_16_HOU_KC,2024,16,2024-12-21,KC,HOU,27.0,19.0,8.0,46.0,28.1545,21.497,6.6575,49.6515,0.6478,184.2298527352735,139.54074507450747,304.8120749574957,342.72912066206624,11.187643927206588,11.0405642797725,0.26653686902326545,0.1891176674630959,0.20675080731854223,0.13184827734563415,12.0,18.0,27.0,37.0,46.0,7.0,13.0,20.0,29.0,37.0,-16.0,-5.0,6.0,18.0,29.0,27.0,37.0,48.0,61.0,74.0,3.1489091699999996,2.8272625400000004,4.094617029999998,4.438842869999998,4.6692728624219075,3810317531,B0-POSSESSION-DRIVE-SCORE-PROCESS-V1,2024,2023,2023-REG-END,0.0,0.05,phase3-feature-provenance-v1,5f148219527b07d85261d3f196ace97a5eb5646271d43596032a692389abc579,2c5cc1af74fc5f3955e44361b82b791710e4b63bbc69b0c15570617e2d86e543,NONE,B0-poisson-multinomial-rare-tail-v1,10000
2024_16_JAX_LV,2024,16,2024-12-22,LV,JAX,19.0,14.0,5.0,33.0,25.0894,24.2567,0.8327,49.3461,0.5206000000000001,157.61836947694772,158.8182869386939,296.6429750075007,336.23033782378235,10.960498766130874,10.932749824513289,0.2283457827713799,0.20898026178415896,0.240441242658449,0.15794206005913966,10.0,16.0,24.0,33.0,42.0,9.0,15.0,23.0,32.0,41.0,-21.0,-11.0,1.0,13.0,23.0,27.0,36.0,48.0,61.0,73.0,3.7061587000000005,5.480471950000001,4.370069409999999,9.05324983,7.358906962434398,4078085596,B0-POSSESSION-DRIVE-SCORE-PROCESS-V1,2024,2023,2023-REG-END,0.0,0.05,phase3-feature-provenance-v1,5f148219527b07d85261d3f196ace97a5eb5646271d43596032a692389abc579,2c5cc1af74fc5f3955e44361b82b791710e4b63bbc69b0c15570617e2d86e543,NONE,B0-poisson-multinomial-rare-tail-v1,10000
2024_16_LA_NYJ,2024,16,2024-12-22,NYJ,LA,9.0,19.0,-10.0,28.0,21.5709,25.8634,-4.2925,47.4343,0.40425,141.0456777577758,171.84612505250524,286.4215859085909,339.3620197119712,10.852432812677627,10.941784768922883,0.20958349148118885,0.14445686051780493,0.24803326053915267,0.18297931015064256,7.0,13.0,20.0,29.0,37.0,10.0,16.0,24.0,34.0,44.0,-26.0,-15.0,-4.0,7.0,17.0,25.0,34.0,46.0,59.0,72.0,7.02920501,3.9858262999999994,4.73701035,11.120984870000001,8.762414765882616,1551068339,B0-POSSESSION-DRIVE-SCORE-PROCESS-V1,2024,2023,2023-REG-END,0.0,0.05,phase3-feature-provenance-v1,5f148219527b07d85261d3f196ace97a5eb5646271d43596032a692389abc579,2c5cc1af74fc5f3955e44361b82b791710e4b63bbc69b0c15570617e2d86e543,NONE,B0-poisson-multinomial-rare-tail-v1,10000
2024_16_MIN_SEA,2024,16,2024-12-22,SEA,MIN,24.0,27.0,-3.0,51.0,24.3227,25.792,-1.4693,50.1147,0.4651,156.4510098109811,169.11364736473647,298.36409391939196,352.76522043204324,11.153040751003612,11.282081969303423,0.21845139454483173,0.18680355336484092,0.2453145921277347,0.1589775714418026,10.0,16.0,23.0,32.0,41.0,10.0,16.0,24.0,34.0,43.0,-23.0,-13.0,-1.0,10.0,21.0,27.0,37.0,49.0,62.0,75.0,2.9156601700000007,3.2013222200000007,3.990642170000001,4.445959009999999,4.7154718419050425,1481251522,B0-POSSESSION-DRIVE-SCORE-PROCESS-V1,2024,2023,2023-REG-END,0.0,0.05,phase3-feature-provenance-v1,5f148219527b07d85261d3f196ace97a5eb5646271d43596032a692389abc579,2c5cc1af74fc5f3955e44361b82b791710e4b63bbc69b0c15570617e2d86e543,NONE,B0-poisson-multinomial-rare-tail-v1,10000
2024_16_NE_BUF,2024,16,2024-12-22,BUF,NE,24.0,21.0,3.0,45.0,29.0707,20.2931,8.7776,49.3638,0.68995,205.4976512751275,128.60565295529554,311.81591983198314,356.3906886288629,10.906470487441531,10.831463958878878,0.31786220187757663,0.12706874137277882,0.18628925669730032,0.16994801237860077,12.0,19.0,28.0,38.0,48.0,7.0,13.0,19.0,27.0,36.0,-13.0,-3.0,8.0,20.0,31.0,26.0,36.0,48.0,62.0,74.0,3.7294136699999996,2.7605448500000005,4.6805445,4.67501712,5.086355730992299,3644479736,B0-POSSESSION-DRIVE-SCORE-PROCESS-V1,2024,2023,2023-REG-END,0.0,0.05,phase3-feature-provenance-v1,5f148219527b07d85261d3f196ace97a5eb5646271d43596032a692389abc579,2c5cc1af74fc5f3955e44361b82b791710e4b63bbc69b0c15570617e2d86e543,NONE,B0-poisson-multinomial-rare-tail-v1,10000
2024_16_NO_GB,2024,16,2024-12-23,GB,NO,34.0,0.0,34.0,34.0,29.2774,25.4432,3.8342,54.7206,0.5777,202.7289221322132,167.9549692569257,338.36474683468344,403.00303594359434,11.001766649046344,10.871068520671407,0.30629053115808225,0.13906844597521056,0.249250036304002,0.16535033318690703,13.0,20.0,28.0,38.0,48.0,10.0,16.0,24.0,34.0,42.0,-20.0,-9.0,4.0,16.0,27.0,30.0,41.0,53.0,67.0,81.0,4.29148022,18.1975911,20.69198904,11.827442819999998,17.848251687236903,200272939,B0-POSSESSION-DRIVE-SCORE-PROCESS-V1,2024,2023,2023-REG-END,0.0,0.05,phase3-feature-provenance-v1,5f148219527b07d85261d3f196ace97a5eb5646271d43596032a692389abc579,2c5cc1af74fc5f3955e44361b82b791710e4b63bbc69b0c15570617e2d86e543,NONE,B0-poisson-multinomial-rare-tail-v1,10000
2024_16_NYG_ATL,2024,16,2024-12-22,ATL,NYG,34.0,7.0,27.0,41.0,27.703,20.9211,6.7819,48.6241,0.6594,173.57014801480148,136.89236402640265,283.82291468146815,337.1021094009401,11.11069211561448,11.040139552677989,0.2412975628960728,0.23775240792435126,0.19011389029917042,0.1555681224831809,12.0,18.0,27.0,36.0,45.0,7.0,13.0,20.0,28.0,37.0,-15.0,-4.0,7.0,18.0,28.0,26.0,36.0,47.0,60.0,73.0,4.641209439999999,8.050694889999999,12.68813711,5.14385495,9.952483141955828,677500663,B0-POSSESSION-DRIVE-SCORE-PROCESS-V1,2024,2023,2023-REG-END,0.0,0.05,phase3-feature-provenance-v1,5f148219527b07d85261d3f196ace97a5eb5646271d43596032a692389abc579,2c5cc1af74fc5f3955e44361b82b791710e4b63bbc69b0c15570617e2d86e543,NONE,B0-poisson-multinomial-rare-tail-v1,10000
2024_16_PHI_WAS,2024,16,2024-12-22,WAS,PHI,36.0,33.0,3.0,69.0,23.782,27.4926,-3.7106,51.2746,0.41705000000000003,159.47062306230623,190.50599583958396,316.46049368936895,383.49274411441144,10.836288516852031,10.846220037085265,0.2395833040861961,0.14250416130403173,0.28762867006193754,0.14502874221157877,9.0,14.0,23.0,31.0,41.0,10.0,17.0,26.0,36.0,46.0,-26.0,-15.0,-3.0,8.0,19.0,27.0,37.0,50.0,63.0,77.0,7.96292516,4.544755739999999,5.040435759999999,11.366018959999998,9.482727382225052,2240160251,B0-POSSESSION-DRIVE-SCORE-PROCESS-V1,2024,2023,2023-REG-END,0.0,0.05,phase3-feature-provenance-v1,5f148219527b07d85261d3f196ace97a5eb5646271d43596032a692389abc579,2c5cc1af74fc5f3955e44361b82b791710e4b63bbc69b0c15570617e2d86e543,NONE,B0-poisson-multinomial-rare-tail-v1,10000
2024_16_PIT_BAL,2024,16,2024-12-21,BAL,PIT,34.0,17.0,17.0,51.0,29.019,21.3896,7.6294,50.4086,0.6624500000000001,192.82152115211522,138.21923376337634,306.04806044604464,356.03344938493854,11.048154720795061,11.208549659151961,0.28172258983061943,0.18449694844532477,0.19740889730092961,0.14564321956483287,13.0,19.0,27.0,38.0,48.0,7.0,13.0,20.0,28.0,37.0,-14.0,-4.0,7.0,19.0,30.0,27.0,37.0,49.0,63.0,75.0,4.325258880000001,3.07208404,6.125838460000001,4.507287939999999,5.8280951560677945,2592353301,B0-POSSESSION-DRIVE-SCORE-PROCESS-V1,2024,2023,2023-REG-END,0.0,0.05,phase3-feature-provenance-v1,5f148219527b07d85261d3f196ace97a5eb5646271d43596032a692389abc579,2c5cc1af74fc5f3955e44361b82b791710e4b63bbc69b0c15570617e2d86e543,NONE,B0-poisson-multinomial-rare-tail-v1,10000
2024_16_SF_MIA,2024,16,2024-12-22,MIA,SF,29.0,17.0,12.0,46.0,24.9578,27.8412,-2.8834,52.799,0.43645,170.6292820882088,190.8726698269827,329.947199159916,393.05670467046707,10.64691363413836,10.860870117056312,0.26534249869248283,0.1399372741342992,0.2921654073012302,0.14640447569521678,10.0,16.0,24.0,33.0,42.0,10.0,17.0,27.0,37.0,46.0,-26.0,-15.0,-3.0,9.0,20.0,29.0,39.0,51.0,65.0,79.0,3.89155356,5.834079340000001,8.86095718,5.154497040000001,7.798861097194475,3720377236,B0-POSSESSION-DRIVE-SCORE-PROCESS-V1,2024,2023,2023-REG-END,0.0,0.05,phase3-feature-provenance-v1,5f148219527b07d85261d3f196ace97a5eb5646271d43596032a692389abc579,2c5cc1af74fc5f3955e44361b82b791710e4b63bbc69b0c15570617e2d86e543,NONE,B0-poisson-multinomial-rare-tail-v1,10000
2024_16_TB_DAL,2024,16,2024-12-22,DAL,TB,26.0,24.0,2.0,50.0,28.9368,26.1655,2.7713,55.1023,0.55485,193.37474323432343,175.8016899189919,333.8959859085909,404.4568803980398,11.175967189470535,11.317580186183548,0.27738171243274073,0.18290904496058247,0.25537316335596305,0.1508146655170471,13.0,19.0,27.0,37.0,48.0,10.0,17.0,24.0,34.0,44.0,-20.0,-10.0,3.0,15.0,26.0,30.0,41.0,54.0,68.0,82.0,3.2771500799999993,3.09619381,4.23631535,4.90119763,5.001778533640408,1833483042,B0-POSSESSION-DRIVE-SCORE-PROCESS-V1,2024,2023,2023-REG-END,0.0,0.05,phase3-feature-provenance-v1,5f148219527b07d85261d3f196ace97a5eb5646271d43596032a692389abc579,2c5cc1af74fc5f3955e44361b82b791710e4b63bbc69b0c15570617e2d86e543,NONE,B0-poisson-multinomial-rare-tail-v1,10000
2024_16_TEN_IND,2024,16,2024-12-22,IND,TEN,38.0,30.0,8.0,68.0,26.0494,23.5876,2.4618,49.637,0.55635,168.00416005600562,155.94092033203322,304.9918399439944,342.8983208320832,11.344483399523815,11.42188137136297,0.23452438203812148,0.18536825727463363,0.2228519862896682,0.14536200201594376,10.0,17.0,24.0,34.0,44.0,9.0,14.0,23.0,31.0,40.0,-20.0,-9.0,3.0,14.0,24.0,27.0,36.0,48.0,61.0,74.0,7.763562760000001,4.6647367399999995,4.71896368,11.85745706,9.542572285422253,2730522870,B0-POSSESSION-DRIVE-SCORE-PROCESS-V1,2024,2023,2023-REG-END,0.0,0.05,phase3-feature-provenance-v1,5f148219527b07d85261d3f196ace97a5eb5646271d43596032a692389abc579,2c5cc1af74fc5f3955e44361b82b791710e4b63bbc69b0c15570617e2d86e543,NONE,B0-poisson-multinomial-rare-tail-v1,10000
2024_17_ARI_LA,2024,17,2024-12-28,LA,ARI,13.0,9.0,4.0,22.0,29.2941,24.1854,5.1087,53.4795,0.60845,205.48015320532053,165.4349703370337,340.0436886788679,401.7865584058406,10.531108323043615,10.381496927049643,0.31264024018318315,0.17181733046595488,0.25857305928216756,0.14241289107140565,13.0,20.0,28.0,38.0,48.0,9.0,14.0,23.0,32.0,41.0,-18.0,-7.0,5.0,17.0,28.0,29.0,40.0,52.0,66.0,80.0,9.397967310000002,8.83476658,4.23725451,20.70167499,14.052547388501123,210595470,B0-POSSESSION-DRIVE-SCORE-PROCESS-V1,2024,2023,2023-REG-END,0.0,0.05,phase3-feature-provenance-v1,5f148219527b07d85261d3f196ace97a5eb5646271d43596032a692389abc579,2c5cc1af74fc5f3955e44361b82b791710e4b63bbc69b0c15570617e2d86e543,NONE,B0-poisson-multinomial-rare-tail-v1,10000
2024_17_ATL_WAS,2024,17,2024-12-29,WAS,ATL,30.0,24.0,6.0,54.0,27.4597,25.3461,2.1136,52.8058,0.5488000000000001,181.68974488448848,162.70558534853484,313.1344084808481,375.6562519851985,11.029442187798113,10.99228526748398,0.2702124422047502,0.1672981482012803,0.22942446594325452,0.2050360128740575,10.0,17.0,26.0,36.0,45.0,10.0,16.0,24.0,33.0,42.0,-20.0,-10.0,2.0,14.0,25.0,29.0,39.0,51.0,65.0,79.0,3.560272089999999,2.967124150000001,4.408399299999999,4.668301360000001,5.025015980044277,2044433803,B0-POSSESSION-DRIVE-SCORE-PROCESS-V1,2024,2023,2023-REG-END,0.0,0.05,phase3-feature-provenance-v1,5f148219527b07d85261d3f196ace97a5eb5646271d43596032a692389abc579,2c5cc1af74fc5f3955e44361b82b791710e4b63bbc69b0c15570617e2d86e543,NONE,B0-poisson-multinomial-rare-tail-v1,10000
2024_17_BAL_HOU,2024,17,2024-12-25,HOU,BAL,2.0,31.0,-29.0,33.0,22.2368,30.3671,-8.1303,52.6039,0.3312,146.6239881588159,202.8356211521152,325.95711762176217,372.96210100009995,11.242318240008943,11.28881902170775,0.20595038681987526,0.1477629233190257,0.2962321559104374,0.1802790365572998,7.0,13.0,21.0,30.0,38.0,13.0,20.0,30.0,39.0,49.0,-31.0,-20.0,-8.0,4.0,15.0,29.0,39.0,51.0,65.0,78.0,13.553469800000002,3.412411689999999,13.06200853,11.202463709999998,13.454036419510066,1181540483,B0-POSSESSION-DRIVE-SCORE-PROCESS-V1,2024,2023,2023-REG-END,0.0,0.05,phase3-feature-provenance-v1,5f148219527b07d85261d3f196ace97a5eb5646271d43596032a692389abc579,2c5cc1af74fc5f3955e44361b82b791710e4b63bbc69b0c15570617e2d86e543,NONE,B0-poisson-multinomial-rare-tail-v1,10000
2024_17_CAR_TB,2024,17,2024-12-29,TB,CAR,48.0,14.0,34.0,62.0,29.0556,21.9286,7.127,50.9842,0.658,199.78068670867086,141.24722676267623,309.84125512551253,372.2145718171817,11.126677434034466,11.070057607622562,0.29115678755625396,0.16090698499436284,0.20715483348039118,0.15274237062802332,13.0,19.0,27.0,38.0,48.0,7.0,13.0,20.0,30.0,38.0,-15.0,-4.0,7.0,18.0,30.0,27.0,37.0,50.0,63.0,77.0,12.783583599999998,4.276872720000001,18.16568196,7.542502100000002,13.836893727222986,1951147051,B0-POSSESSION-DRIVE-SCORE-PROCESS-V1,2024,2023,2023-REG-END,0.0,0.05,phase3-feature-provenance-v1,5f148219527b07d85261d3f196ace97a5eb5646271d43596032a692389abc579,2c5cc1af74fc5f3955e44361b82b791710e4b63bbc69b0c15570617e2d86e543,NONE,B0-poisson-multinomial-rare-tail-v1,10000
2024_17_DAL_PHI,2024,17,2024-12-29,PHI,DAL,41.0,7.0,34.0,48.0,28.3412,25.508,2.8332,53.8492,0.5560499999999999,191.159698529853,165.81011701170115,326.7580535653565,387.1815775177518,11.269771170838705,11.029597371939706,0.28888120725914646,0.1466336391268763,0.2514185536172642,0.1677844582189735,12.0,19.0,27.0,37.0,47.0,10.0,16.0,24.0,34.0,43.0,-20.0,-10.0,3.0,14.0,26.0,30.0,40.0,52.0,67.0,80.0,8.25355944,11.61267132,21.76466284,4.96860934,15.30562636981297,3005882086,B0-POSSESSION-DRIVE-SCORE-PROCESS-V1,2024,2023,2023-REG-END,0.0,0.05,phase3-feature-provenance-v1,5f148219527b07d85261d3f196ace97a5eb5646271d43596032a692389abc579,2c5cc1af74fc5f3955e44361b82b791710e4b63bbc69b0c15570617e2d86e543,NONE,B0-poisson-multinomial-rare-tail-v1,10000
2024_17_DEN_CIN,2024,17,2024-12-28,CIN,DEN,30.0,24.0,6.0,54.0,25.0401,22.2891,2.751,47.3292,0.56305,165.71706369636965,138.63878506850685,283.05070407040705,325.66099345934595,11.381059137956884,11.427014293290915,0.22980928663796688,0.1760696309005401,0.18917219871816854,0.18703506683247179,10.0,16.0,24.0,33.0,43.0,9.0,13.0,21.0,30.0,38.0,-19.0,-8.0,3.0,14.0,24.0,26.0,34.0,46.0,59.0,71.0,4.21550201,3.0236941900000005,4.123625299999999,5.64833846,5.503444198955259,551700894,B0-POSSESSION-DRIVE-SCORE-PROCESS-V1,2024,2023,2023-REG-END,0.0,0.05,phase3-feature-provenance-v1,5f148219527b07d85261d3f196ace97a5eb5646271d43596032a692389abc579,2c5cc1af74fc5f3955e44361b82b791710e4b63bbc69b0c15570617e2d86e543,NONE,B0-poisson-multinomial-rare-tail-v1,10000
2024_17_DET_SF,2024,17,2024-12-30,SF,DET,34.0,40.0,-6.0,74.0,31.1815,28.2935,2.888,59.475,0.56055,213.57191494149416,195.0880665566557,372.3074867486748,445.01247624762476,10.838837632094622,10.74931498132093,0.33292178856367854,0.1555425621475361,0.2991582494491523,0.14905175829304962,14.0,20.0,30.0,40.0,51.0,10.0,18.0,27.0,37.0,47.0,-21.0,-10.0,3.0,15.0,28.0,34.0,44.0,58.0,73.0,87.0,3.8531744299999993,7.55098613,6.04688088,9.418026320000001,8.730331157431614,2821986860,B0-POSSESSION-DRIVE-SCORE-PROCESS-V1,2024,2023,2023-REG-END,0.0,0.05,phase3-feature-provenance-v1,5f148219527b07d85261d3f196ace97a5eb5646271d43596032a692389abc579,2c5cc1af74fc5f3955e44361b82b791710e4b63bbc69b0c15570617e2d86e543,NONE,B0-poisson-multinomial-rare-tail-v1,10000
2024_17_GB_MIN,2024,17,2024-12-29,MIN,GB,27.0,25.0,2.0,52.0,27.0065,26.7327,0.2738,53.7392,0.5063,181.27478522852286,179.12216292629265,331.0441379737974,389.7497583358336,10.918508144206973,10.89532964378205,0.27099936108208095,0.1691790737016787,0.2673236197043582,0.16466859809741116,10.0,17.0,26.0,35.0,45.0,10.0,17.0,26.0,35.0,44.0,-23.0,-12.0,0.0,13.0,23.0,30.0,40.0,52.0,66.0,80.0,3.18718465,3.1847004099999996,4.248809399999999,4.607588439999999,4.992746171730616,2541156422,B0-POSSESSION-DRIVE-SCORE-PROCESS-V1,2024,2023,2023-REG-END,0.0,0.05,phase3-feature-provenance-v1,5f148219527b07d85261d3f196ace97a5eb5646271d43596032a692389abc579,2c5cc1af74fc5f3955e44361b82b791710e4b63bbc69b0c15570617e2d86e543,NONE,B0-poisson-multinomial-rare-tail-v1,10000
2024_17_IND_NYG,2024,17,2024-12-29,NYG,IND,45.0,33.0,12.0,78.0,21.1787,25.5962,-4.4175,46.7749,0.393,134.25739204920492,164.06815237523753,278.38483223322334,318.2662566156616,11.46937348344501,11.425242284908702,0.18309028929145357,0.16181214286144427,0.22751060959984704,0.1953407084785982,7.0,13.0,20.0,28.0,37.0,10.0,16.0,24.0,34.0,43.0,-25.0,-15.0,-4.0,7.0,17.0,25.0,34.0,46.0,58.0,70.0,17.80465921,5.15116096,9.932307390000002,22.28630167,17.894493390270647,3421556333,B0-POSSESSION-DRIVE-SCORE-PROCESS-V1,2024,2023,2023-REG-END,0.0,0.05,phase3-feature-provenance-v1,5f148219527b07d85261d3f196ace97a5eb5646271d43596032a692389abc579,2c5cc1af74fc5f3955e44361b82b791710e4b63bbc69b0c15570617e2d86e543,NONE,B0-poisson-multinomial-rare-tail-v1,10000
2024_17_KC_PIT,2024,17,2024-12-25,PIT,KC,10.0,29.0,-19.0,39.0,22.9945,23.6372,-0.6427,46.6317,0.4835,153.53262301230123,150.08038419841986,281.592395949595,325.63361847184717,10.926442234959273,10.755602946206853,0.23489866847948665,0.1349279698132485,0.21992721901286177,0.19386546642994706,7.0,14.0,21.0,31.0,40.0,9.0,15.0,23.0,31.0,40.0,-21.0,-11.0,-1.0,10.0,21.0,24.0,34.0,45.0,58.0,71.0,7.264995389999999,4.166394819999999,11.276092129999999,5.081802290000001,9.066390681382666,2197678182,B0-POSSESSION-DRIVE-SCORE-PROCESS-V1,2024,2023,2023-REG-END,0.0,0.05,phase3-feature-provenance-v1,5f148219527b07d85261d3f196ace97a5eb5646271d43596032a692389abc579,2c5cc1af74fc5f3955e44361b82b791710e4b63bbc69b0c15570617e2d86e543,NONE,B0-poisson-multinomial-rare-tail-v1,10000
2024_17_LAC_NE,2024,17,2024-12-28,NE,LAC,7.0,40.0,-33.0,47.0,24.5496,23.2156,1.334,47.7652,0.5294500000000001,156.04494433443344,153.12022866286628,289.15575957595763,329.17458641864187,10.95017020710586,11.051510972653832,0.23066485095472758,0.18299251445963374,0.23043731787079189,0.13546686565143973,10.0,16.0,23.0,33.0,41.0,7.0,14.0,22.0,31.0,40.0,-20.09999999999991,-10.0,1.0,13.0,23.0,26.0,35.0,47.0,59.0,72.0,10.911506,11.37006168,25.06530212,4.2441496,16.808237630298194,3814411840,B0-POSSESSION-DRIVE-SCORE-PROCESS-V1,2024,2023,2023-REG-END,0.0,0.05,phase3-feature-provenance-v1,5f148219527b07d85261d3f196ace97a5eb5646271d43596032a692389abc579,2c5cc1af74fc5f3955e44361b82b791710e4b63bbc69b0c15570617e2d86e543,NONE,B0-poisson-multinomial-rare-tail-v1,10000
2024_17_LV_NO,2024,17,2024-12-29,NO,LV,10.0,25.0,-15.0,35.0,28.3161,22.1682,6.1479,50.4843,0.6364,192.96087687768775,136.58316707670767,307.33295888588856,351.7551290229023,11.125934884530006,11.146170792096834,0.28224238064541995,0.16327854074490594,0.181157556699059,0.20535648834451387,12.0,19.0,27.0,37.0,47.0,7.0,13.0,21.0,30.0,38.0,-16.0,-6.0,6.0,18.0,28.0,28.0,37.0,49.0,62.0,75.0,11.165623070000002,3.2362463200000002,13.152055610000001,8.49501493,11.731976697689005,1404882246,B0-POSSESSION-DRIVE-SCORE-PROCESS-V1,2024,2023,2023-REG-END,0.0,0.05,phase3-feature-provenance-v1,5f148219527b07d85261d3f196ace97a5eb5646271d43596032a692389abc579,2c5cc1af74fc5f3955e44361b82b791710e4b63bbc69b0c15570617e2d86e543,NONE,B0-poisson-multinomial-rare-tail-v1,10000
2024_17_MIA_CLE,2024,17,2024-12-29,CLE,MIA,3.0,20.0,-17.0,23.0,22.8359,28.0606,-5.2247,50.8965,0.38999999999999996,154.8826594559456,194.13854149414942,322.874497359736,375.16790454045406,11.396279510959056,11.65477865214465,0.22178319022629278,0.12587210651315026,0.28029583278974335,0.1254505051294605,7.0,14.0,21.0,30.0,40.0,10.0,17.0,27.0,37.0,47.0,-28.0,-17.0,-5.0,7.0,17.0,27.0,37.0,49.0,63.0,76.0,13.01763597,4.60097042,7.219230270000002,17.71562137,13.871809667272872,4056327306,B0-POSSESSION-DRIVE-SCORE-PROCESS-V1,2024,2023,2023-REG-END,0.0,0.05,phase3-feature-provenance-v1,5f148219527b07d85261d3f196ace97a5eb5646271d43596032a692389abc579,2c5cc1af74fc5f3955e44361b82b791710e4b63bbc69b0c15570617e2d86e543,NONE,B0-poisson-multinomial-rare-tail-v1,10000
2024_17_NYJ_BUF,2024,17,2024-12-29,BUF,NYJ,40.0,14.0,26.0,54.0,30.4493,18.3241,12.1252,48.7734,0.7565999999999999,212.69409891989196,117.35599478947894,308.16474143414337,351.93544598459846,10.785749993946014,10.665989468910121,0.32805121729636755,0.14785634704660294,0.17157899095251086,0.14186360995959024,13.0,20.0,29.0,40.0,50.0,6.0,10.0,17.0,25.0,33.0,-10.0,0.0,12.0,24.0,34.0,26.0,36.0,47.0,61.0,73.10000000000036,6.408071049999998,2.90943535,8.38673562,5.27743454,7.434696811583205,317859120,B0-POSSESSION-DRIVE-SCORE-PROCESS-V1,2024,2023,2023-REG-END,0.0,0.05,phase3-feature-provenance-v1,5f148219527b07d85261d3f196ace97a5eb5646271d43596032a692389abc579,2c5cc1af74fc5f3955e44361b82b791710e4b63bbc69b0c15570617e2d86e543,NONE,B0-poisson-multinomial-rare-tail-v1,10000
2024_17_SEA_CHI,2024,17,2024-12-26,CHI,SEA,3.0,6.0,-3.0,9.0,23.0746,24.5255,-1.4509,47.6001,0.4656,152.11464630463047,158.25917566756675,291.4945386438644,329.25310530053,11.196001695862206,11.031173609132717,0.22429656976760687,0.14056469411166825,0.2375018844214609,0.16604647436335307,7.0,14.0,22.0,31.0,40.0,10.0,16.0,23.0,32.0,41.0,-23.0,-13.0,-1.0,10.0,20.0,26.0,34.0,46.0,59.0,71.0,13.277261999999999,11.762552430000001,3.9911785900000005,28.43517191,18.843731651747383,4183166826,B0-POSSESSION-DRIVE-SCORE-PROCESS-V1,2024,2023,2023-REG-END,0.0,0.05,phase3-feature-provenance-v1,5f148219527b07d85261d3f196ace97a5eb5646271d43596032a692389abc579,2c5cc1af74fc5f3955e44361b82b791710e4b63bbc69b0c15570617e2d86e543,NONE,B0-poisson-multinomial-rare-tail-v1,10000
2024_17_TEN_JAX,2024,17,2024-12-29,JAX,TEN,20.0,13.0,7.0,33.0,23.6551,23.9385,-0.2834,47.5936,0.48995,152.06795078507852,154.21193894389438,292.45693013301326,320.1028493249325,11.062080592883417,11.1548478098001,0.2229492031610508,0.16955326291569145,0.2393617666484578,0.13711523302238057,9.0,14.0,23.0,31.0,41.0,9.0,15.0,23.0,31.0,41.0,-22.0,-11.0,0.0,11.0,22.0,26.0,35.0,46.0,59.0,71.0,3.04829757,5.906031970000001,5.223666639999999,8.058275839999999,7.224424911809642,1871129502,B0-POSSESSION-DRIVE-SCORE-PROCESS-V1,2024,2023,2023-REG-END,0.0,0.05,phase3-feature-provenance-v1,5f148219527b07d85261d3f196ace97a5eb5646271d43596032a692389abc579,2c5cc1af74fc5f3955e44361b82b791710e4b63bbc69b0c15570617e2d86e543,NONE,B0-poisson-multinomial-rare-tail-v1,10000
2024_18_BUF_NE,2024,18,2025-01-05,NE,BUF,23.0,16.0,7.0,39.0,21.7958,26.6465,-4.8507,48.4423,0.38795,141.80908326832682,185.05324307430743,307.16592610261023,346.55872658265827,10.80602536388608,10.80555994944276,0.1999420851228277,0.17913700397647583,0.2873611515936919,0.1279135618446859,7.0,13.0,20.0,29.0,38.0,10.0,17.0,26.0,35.0,45.0,-27.0,-17.0,-4.0,7.0,17.0,26.0,35.0,47.0,60.0,73.0,2.954280019999999,5.73579433,7.1148235500000006,5.797090750000002,7.025469449934025,612256273,B0-POSSESSION-DRIVE-SCORE-PROCESS-V1,2024,2023,2023-REG-END,0.0,0.05,phase3-feature-provenance-v1,5f148219527b07d85261d3f196ace97a5eb5646271d43596032a692389abc579,2c5cc1af74fc5f3955e44361b82b791710e4b63bbc69b0c15570617e2d86e543,NONE,B0-poisson-multinomial-rare-tail-v1,10000
2024_18_CAR_ATL,2024,18,2025-01-05,ATL,CAR,38.0,44.0,-6.0,82.0,27.484,23.328,4.156,50.812,0.59165,179.8833323332333,155.58377437743775,303.379401940194,367.55481148114814,10.917505170827281,10.874857589452045,0.2553740472925407,0.21703135569420484,0.22131639860863614,0.17033702698818168,10.0,17.0,26.0,36.0,46.0,9.0,14.0,22.0,31.0,40.0,-18.0,-7.0,4.0,16.0,27.0,27.0,37.0,49.0,63.0,77.0,6.847060079999999,14.643292319999999,6.283159379999999,21.709849639999995,16.18827921546925,615607768,B0-POSSESSION-DRIVE-SCORE-PROCESS-V1,2024,2023,2023-REG-END,0.0,0.05,phase3-feature-provenance-v1,5f148219527b07d85261d3f196ace97a5eb5646271d43596032a692389abc579,2c5cc1af74fc5f3955e44361b82b791710e4b63bbc69b0c15570617e2d86e543,NONE,B0-poisson-multinomial-rare-tail-v1,10000
2024_18_CHI_GB,2024,18,2025-01-05,GB,CHI,22.0,24.0,-2.0,46.0,29.3304,21.2633,8.0671,50.5937,0.67285,204.3354693869387,140.10398350835084,316.3454321332133,372.5334736573657,10.735833098105013,10.679183960343487,0.3207906344222749,0.1466933680944143,0.20836484038723702,0.14889448934412883,13.0,19.0,28.0,38.0,48.0,7.0,13.0,20.0,28.0,37.0,-14.0,-4.0,8.0,20.0,31.0,27.0,37.0,49.0,63.0,77.0,4.36984256,3.2598886900000004,6.262573509999999,4.6899815700000005,6.025725841830615,2906922535,B0-POSSESSION-DRIVE-SCORE-PROCESS-V1,2024,2023,2023-REG-END,0.0,0.05,phase3-feature-provenance-v1,5f148219527b07d85261d3f196ace97a5eb5646271d43596032a692389abc579,2c5cc1af74fc5f3955e44361b82b791710e4b63bbc69b0c15570617e2d86e543,NONE,B0-poisson-multinomial-rare-tail-v1,10000
2024_18_CIN_PIT,2024,18,2025-01-04,PIT,CIN,17.0,19.0,-2.0,36.0,25.1716,22.7165,2.4551,47.8881,0.5565,157.22587602760277,147.71049879987999,280.3782218121812,329.4945278427843,11.288957555982247,10.981929296731973,0.2278002753645863,0.190469626997317,0.21481176523445447,0.1604821740310284,10.0,16.0,24.0,33.0,42.0,7.0,14.0,21.0,30.0,39.0,-19.0,-8.0,2.0,13.0,24.0,26.0,35.0,47.0,59.0,72.0,4.50746064,3.0423208300000004,4.282586069999999,6.67159659,5.982196686592067,2304398495,B0-POSSESSION-DRIVE-SCORE-PROCESS-V1,2024,2023,2023-REG-END,0.0,0.05,phase3-feature-provenance-v1,5f148219527b07d85261d3f196ace97a5eb5646271d43596032a692389abc579,2c5cc1af74fc5f3955e44361b82b791710e4b63bbc69b0c15570617e2d86e543,NONE,B0-poisson-multinomial-rare-tail-v1,10000
2024_18_CLE_BAL,2024,18,2025-01-04,BAL,CLE,35.0,10.0,25.0,45.0,35.5219,17.3394,18.1825,52.8613,0.84115,254.0935297429743,109.78778641864186,341.6519589458946,386.11067337733766,11.905347638382864,11.435437957930896,0.34652394951099025,0.15923379485887934,0.15239159344974704,0.12551660817457547,16.0,24.0,34.0,45.0,57.0,6.0,10.0,16.0,24.0,31.0,-5.0,6.0,17.0,30.0,42.0,29.0,39.0,51.0,65.0,79.0,3.7357706099999994,3.8741911600000005,5.484881809999999,5.37256245,5.956776146802326,3806003304,B0-POSSESSION-DRIVE-SCORE-PROCESS-V1,2024,2023,2023-REG-END,0.0,0.05,phase3-feature-provenance-v1,5f148219527b07d85261d3f196ace97a5eb5646271d43596032a692389abc579,2c5cc1af74fc5f3955e44361b82b791710e4b63bbc69b0c15570617e2d86e543,NONE,B0-poisson-multinomial-rare-tail-v1,10000
2024_18_HOU_TEN,2024,18,2025-01-05,TEN,HOU,14.0,23.0,-9.0,37.0,25.1792,22.8959,2.2833,48.0751,0.551,166.21350871087108,145.52341553155316,288.0190430143014,335.45480547054706,11.28366753814858,11.227542124338704,0.2506786581474713,0.13752405217483282,0.20293931416073444,0.1773374043895559,10.0,16.0,24.0,33.0,42.0,9.0,14.0,22.0,30.0,39.0,-19.0,-9.0,2.0,14.0,24.0,26.0,35.0,47.0,60.0,72.0,6.03860232,2.89016947,6.777383590000001,6.30396945,7.128914143503225,753151905,B0-POSSESSION-DRIVE-SCORE-PROCESS-V1,2024,2023,2023-REG-END,0.0,0.05,phase3-feature-provenance-v1,5f148219527b07d85261d3f196ace97a5eb5646271d43596032a692389abc579,2c5cc1af74fc5f3955e44361b82b791710e4b63bbc69b0c15570617e2d86e543,NONE,B0-poisson-multinomial-rare-tail-v1,10000
2024_18_JAX_IND,2024,18,2025-01-05,IND,JAX,26.0,23.0,3.0,49.0,27.5571,23.0159,4.5412,50.573,0.60065,188.62080167016703,147.90663785378538,305.3238349434943,367.73104410441044,11.14154724900211,11.226702905330965,0.26932879641482865,0.16914223785791982,0.21739346572661544,0.1596434960741107,10.0,17.0,27.0,36.0,46.0,9.0,14.0,21.0,30.0,40.0,-17.0,-7.0,4.0,16.0,27.0,27.0,37.0,49.0,63.0,76.0,3.2134337299999993,2.855911469999999,4.038826140000001,4.512148920000001,4.761263647307425,1549981567,B0-POSSESSION-DRIVE-SCORE-PROCESS-V1,2024,2023,2023-REG-END,0.0,0.05,phase3-feature-provenance-v1,5f148219527b07d85261d3f196ace97a5eb5646271d43596032a692389abc579,2c5cc1af74fc5f3955e44361b82b791710e4b63bbc69b0c15570617e2d86e543,NONE,B0-poisson-multinomial-rare-tail-v1,10000
2024_18_KC_DEN,2024,18,2025-01-05,DEN,KC,38.0,0.0,38.0,38.0,21.4303,25.3397,-3.9094,46.77,0.41009999999999996,144.60360227022701,161.15381929192918,286.36522816281627,325.1496149614961,10.985942074726243,11.054685180708047,0.20903843403782135,0.13405811398702674,0.22300377326532578,0.21234882092492882,7.0,13.0,20.0,29.0,37.0,10.0,16.0,24.0,34.0,42.0,-25.0,-15.0,-4.0,7.0,17.0,24.0,34.0,45.0,58.0,70.0,11.279615709999998,18.21754331,32.514478940000004,5.4276443400000005,22.061955583535852,3694139057,B0-POSSESSION-DRIVE-SCORE-PROCESS-V1,2024,2023,2023-REG-END,0.0,0.05,phase3-feature-provenance-v1,5f148219527b07d85261d3f196ace97a5eb5646271d43596032a692389abc579,2c5cc1af74fc5f3955e44361b82b791710e4b63bbc69b0c15570617e2d86e543,NONE,B0-poisson-multinomial-rare-tail-v1,10000
2024_18_LAC_LV,2024,18,2025-01-05,LV,LAC,20.0,34.0,-14.0,54.0,24.6195,27.8623,-3.2428,52.4818,0.42545,160.2235421042104,188.06174488448843,324.0138495449545,372.5567244324432,11.069233732916619,11.07503645953667,0.2193091042487708,0.20649002627835683,0.2818533617513612,0.15562524583829979,9.0,16.0,23.0,33.0,41.0,10.0,17.0,27.0,37.0,46.0,-26.0,-15.0,-4.0,9.0,20.0,29.0,39.0,51.0,65.0,78.0,3.2873870299999997,4.73512333,6.623092079999999,4.66613304,6.236440543080363,1695375412,B0-POSSESSION-DRIVE-SCORE-PROCESS-V1,2024,2023,2023-REG-END,0.0,0.05,phase3-feature-provenance-v1,5f148219527b07d85261d3f196ace97a5eb5646271d43596032a692389abc579,2c5cc1af74fc5f3955e44361b82b791710e4b63bbc69b0c15570617e2d86e543,NONE,B0-poisson-multinomial-rare-tail-v1,10000
2024_18_MIA_NYJ,2024,18,2025-01-05,NYJ,MIA,32.0,20.0,12.0,52.0,21.6295,24.5442,-2.9147,46.1737,0.43285,141.681797929793,166.07105346534652,284.2018440944094,331.3038586958696,10.861529802835191,10.850918960989848,0.2125289635341966,0.14292731456691615,0.24526653417372885,0.1506242355942672,7.0,13.0,20.0,29.0,38.0,9.0,16.0,23.0,33.0,42.0,-24.0,-14.0,-3.0,8.0,18.0,24.0,33.0,44.0,58.0,71.0,6.796243090000001,3.307352439999999,8.879997649999998,5.38049855,7.9209887763081746,1177057760,B0-POSSESSION-DRIVE-SCORE-PROCESS-V1,2024,2023,2023-REG-END,0.0,0.05,phase3-feature-provenance-v1,5f148219527b07d85261d3f196ace97a5eb5646271d43596032a692389abc579,2c5cc1af74fc5f3955e44361b82b791710e4b63bbc69b0c15570617e2d86e543,NONE,B0-poisson-multinomial-rare-tail-v1,10000
2024_18_MIN_DET,2024,18,2025-01-05,DET,MIN,31.0,9.0,22.0,40.0,28.719,28.845,-0.126,57.564,0.49275,189.0257415741574,200.50702570257025,350.9230163016302,428.14251825182527,10.957078012400219,11.00414000272312,0.2867567025704742,0.18376005906654805,0.29762020546367784,0.15551730488708287,13.0,19.0,27.0,37.0,47.0,13.0,19.0,27.0,38.0,48.0,-24.0,-13.0,0.0,12.0,24.0,33.0,43.0,56.0,70.0,85.0,3.5263154199999995,12.378755960000001,13.801369620000001,9.67364914,12.75507718735541,2037968791,B0-POSSESSION-DRIVE-SCORE-PROCESS-V1,2024,2023,2023-REG-END,0.0,0.05,phase3-feature-provenance-v1,5f148219527b07d85261d3f196ace97a5eb5646271d43596032a692389abc579,2c5cc1af74fc5f3955e44361b82b791710e4b63bbc69b0c15570617e2d86e543,NONE,B0-poisson-multinomial-rare-tail-v1,10000
2024_18_NO_TB,2024,18,2025-01-05,TB,NO,27.0,19.0,8.0,46.0,27.7731,24.5353,3.2378,52.3084,0.5761499999999999,187.35675206520654,162.31658556855686,318.1962707870787,381.150404480448,11.04733351259976,11.07091114770718,0.2836812037509674,0.15313095976527885,0.23602749095389924,0.15897915892162867,10.0,17.0,27.0,37.0,46.0,9.0,16.0,23.0,33.0,41.0,-19.0,-9.0,3.0,15.0,26.0,28.0,38.0,51.0,65.0,78.0,3.22195725,3.5699030500000006,4.63520216,5.089211239999999,5.422533936332377,3110139580,B0-POSSESSION-DRIVE-SCORE-PROCESS-V1,2024,2023,2023-REG-END,0.0,0.05,phase3-feature-provenance-v1,5f148219527b07d85261d3f196ace97a5eb5646271d43596032a692389abc579,2c5cc1af74fc5f3955e44361b82b791710e4b63bbc69b0c15570617e2d86e543,NONE,B0-poisson-multinomial-rare-tail-v1,10000
2024_18_NYG_PHI,2024,18,2025-01-05,PHI,NYG,20.0,13.0,7.0,33.0,30.9958,18.0062,12.9896,49.002,0.76545,215.9613784978498,117.13827538753877,310.013493189319,356.18581458145815,11.20499349583063,11.034351297478633,0.3112535161346855,0.16770917618443415,0.16462964580817033,0.1326179708132513,13.0,20.0,30.0,40.0,51.0,6.0,10.0,17.0,24.0,33.0,-10.0,1.0,13.0,24.0,36.0,26.0,36.0,47.0,61.0,74.0,5.936927820000001,3.0520683799999997,4.788000420000001,8.774002779999998,7.332158081035788,3152970040,B0-POSSESSION-DRIVE-SCORE-PROCESS-V1,2024,2023,2023-REG-END,0.0,0.05,phase3-feature-provenance-v1,5f148219527b07d85261d3f196ace97a5eb5646271d43596032a692389abc579,2c5cc1af74fc5f3955e44361b82b791710e4b63bbc69b0c15570617e2d86e543,NONE,B0-poisson-multinomial-rare-tail-v1,10000
2024_18_SEA_LA,2024,18,2025-01-05,LA,SEA,25.0,30.0,-5.0,55.0,26.6058,23.5351,3.0707,50.1409,0.571,177.67397375737573,157.87055504550455,307.07560907090715,364.0134485348535,11.029798389237703,10.749423414719665,0.2605343380982751,0.17308534113425708,0.23317245170556417,0.15503754972919429,10.0,17.0,25.0,35.0,44.0,8.0,14.0,22.0,31.0,41.0,-19.0,-8.0,3.0,14.0,25.0,27.0,37.0,49.0,62.0,75.0,3.1111026399999995,4.71145139,5.46794725,5.26508501,5.937969778709057,3832007673,B0-POSSESSION-DRIVE-SCORE-PROCESS-V1,2024,2023,2023-REG-END,0.0,0.05,phase3-feature-provenance-v1,5f148219527b07d85261d3f196ace97a5eb5646271d43596032a692389abc579,2c5cc1af74fc5f3955e44361b82b791710e4b63bbc69b0c15570617e2d86e543,NONE,B0-poisson-multinomial-rare-tail-v1,10000
2024_18_SF_ARI,2024,18,2025-01-05,ARI,SF,47.0,24.0,23.0,71.0,26.4423,28.4529,-2.0106,54.8952,0.45749999999999996,176.59973068306832,194.60964255425546,346.4889365336534,395.92980994099406,10.538240929010785,10.497526893794562,0.2821832150044281,0.14811127685156417,0.30648229888862144,0.1626424503093298,10.0,17.0,25.0,34.0,44.0,11.0,18.0,27.0,37.0,47.0,-26.0,-14.0,-2.0,10.0,21.0,31.0,41.0,54.0,67.0,81.0,14.346958189999999,3.51493225,16.15462022,10.253125800000001,14.393105239249074,373919249,B0-POSSESSION-DRIVE-SCORE-PROCESS-V1,2024,2023,2023-REG-END,0.0,0.05,phase3-feature-provenance-v1,5f148219527b07d85261d3f196ace97a5eb5646271d43596032a692389abc579,2c5cc1af74fc5f3955e44361b82b791710e4b63bbc69b0c15570617e2d86e543,NONE,B0-poisson-multinomial-rare-tail-v1,10000
2024_18_WAS_DAL,2024,18,2025-01-05,DAL,WAS,19.0,23.0,-4.0,42.0,28.4829,23.8422,4.6407,52.3251,0.6011000000000001,187.04441203120314,156.06950611061106,325.38934244424445,360.83849383938394,11.118045151020763,11.260935510489865,0.2769508540939134,0.1887430129448136,0.22545048630325623,0.15713815422334163,13.0,19.0,27.0,37.0,47.0,9.0,14.0,23.0,31.0,41.0,-18.0,-7.0,4.0,17.0,27.0,29.0,39.0,51.0,64.0,77.10000000000036,5.17664851,2.898874619999999,5.78079597,6.108282429999999,6.510580718910973,741944323,B0-POSSESSION-DRIVE-SCORE-PROCESS-V1,2024,2023,2023-REG-END,0.0,0.05,phase3-feature-provenance-v1,5f148219527b07d85261d3f196ace97a5eb5646271d43596032a692389abc579,2c5cc1af74fc5f3955e44361b82b791710e4b63bbc69b0c15570617e2d86e543,NONE,B0-poisson-multinomial-rare-tail-v1,10000
