game_id,season,week,home_team,away_team,a0_home_win_probability,a0_expected_margin,a0_expected_total,a0_score_uncertainty,a0_offense_strength_diff,a0_defense_strength_diff,a0_train_through_season,a0_candidate_id,a0_code_sha,a0_config_sha,b0_home_win_probability,b0_expected_margin,b0_expected_total,b0_margin_variance,b0_total_variance,b0_margin_p10,b0_margin_p90,b0_total_p10,b0_total_p90,b0_train_through_season,b0_candidate_id,b0_code_sha,b0_config_sha,c0_market_margin,c0_market_total,c0_predicted_margin_residual,c0_predicted_total_residual,c0_hybrid_margin,c0_hybrid_total,c0_market_horizon_label,c0_train_through_season,c0_candidate_id,c0_code_sha,c0_config_sha,oof_provenance_assertion
2022_01_BAL_NYJ,2022,1,NYJ,BAL,0.39979822516889774,-3.439162393661796,43.4928662783692,13.760447360492725,0.2035862298189777,-0.14665803785544856,2021,A0-DYNAMIC-OPPONENT-ADJUSTED-JOINT-SCORE-V1,5f148219527b07d85261d3f196ace97a5eb5646271d43596032a692389abc579,2c5cc1af74fc5f3955e44361b82b791710e4b63bbc69b0c15570617e2d86e543,0.3125,-8.385,48.399,296.6214371437144,337.64056305630567,-31.0,13.0,26.0,73.0,2021,B0-POSSESSION-DRIVE-SCORE-PROCESS-V1,5f148219527b07d85261d3f196ace97a5eb5646271d43596032a692389abc579,2c5cc1af74fc5f3955e44361b82b791710e4b63bbc69b0c15570617e2d86e543,-6.5,44.0,-0.6790609677341366,0.3106390715261095,-7.179060967734136,44.31063907152611,historical_closing_late_benchmark_exact_horizon_opaque,2021,C0-MARKET-RESIDUAL-MARGIN-TOTAL-V1,5f148219527b07d85261d3f196ace97a5eb5646271d43596032a692389abc579,2c5cc1af74fc5f3955e44361b82b791710e4b63bbc69b0c15570617e2d86e543,True
2022_01_BUF_LA,2022,1,LA,BUF,0.47700033522674773,-0.7814380361524158,47.16074741333187,13.760447360492725,-0.026035992796923257,-0.13839193418668871,2021,A0-DYNAMIC-OPPONENT-ADJUSTED-JOINT-SCORE-V1,5f148219527b07d85261d3f196ace97a5eb5646271d43596032a692389abc579,2c5cc1af74fc5f3955e44361b82b791710e4b63bbc69b0c15570617e2d86e543,0.48245,-0.886,49.9698,317.59876387638764,366.8961775777578,-23.0,21.0,27.0,75.0,2021,B0-POSSESSION-DRIVE-SCORE-PROCESS-V1,5f148219527b07d85261d3f196ace97a5eb5646271d43596032a692389abc579,2c5cc1af74fc5f3955e44361b82b791710e4b63bbc69b0c15570617e2d86e543,-1.0,51.5,-0.610076142883449,0.4864079115270043,-1.610076142883449,51.986407911527,historical_closing_late_benchmark_exact_horizon_opaque,2021,C0-MARKET-RESIDUAL-MARGIN-TOTAL-V1,5f148219527b07d85261d3f196ace97a5eb5646271d43596032a692389abc579,2c5cc1af74fc5f3955e44361b82b791710e4b63bbc69b0c15570617e2d86e543,True
2022_01_CLE_CAR,2022,1,CAR,CLE,0.4447744585039594,-1.8813362544624255,38.52478115421492,13.760447360492725,0.043803321875335754,-0.4022099718086005,2021,A0-DYNAMIC-OPPONENT-ADJUSTED-JOINT-SCORE-V1,5f148219527b07d85261d3f196ace97a5eb5646271d43596032a692389abc579,2c5cc1af74fc5f3955e44361b82b791710e4b63bbc69b0c15570617e2d86e543,0.5368499999999999,1.5581,42.5219,253.30735512551257,295.5744778377838,-18.0,21.0,22.0,65.0,2021,B0-POSSESSION-DRIVE-SCORE-PROCESS-V1,5f148219527b07d85261d3f196ace97a5eb5646271d43596032a692389abc579,2c5cc1af74fc5f3955e44361b82b791710e4b63bbc69b0c15570617e2d86e543,2.5,42.5,-0.7122514206669096,0.6875993258933586,1.7877485793330905,43.18759932589336,historical_closing_late_benchmark_exact_horizon_opaque,2021,C0-MARKET-RESIDUAL-MARGIN-TOTAL-V1,5f148219527b07d85261d3f196ace97a5eb5646271d43596032a692389abc579,2c5cc1af74fc5f3955e44361b82b791710e4b63bbc69b0c15570617e2d86e543,True
2022_01_DEN_SEA,2022,1,SEA,DEN,0.6166128851902288,4.017991510043,46.223284726458786,13.760447360492725,0.4169103130028846,-0.17865053208671122,2021,A0-DYNAMIC-OPPONENT-ADJUSTED-JOINT-SCORE-V1,5f148219527b07d85261d3f196ace97a5eb5646271d43596032a692389abc579,2c5cc1af74fc5f3955e44361b82b791710e4b63bbc69b0c15570617e2d86e543,0.64005,5.8844,43.013,268.52828946894687,305.3223632363236,-14.0,27.0,21.0,66.0,2021,B0-POSSESSION-DRIVE-SCORE-PROCESS-V1,5f148219527b07d85261d3f196ace97a5eb5646271d43596032a692389abc579,2c5cc1af74fc5f3955e44361b82b791710e4b63bbc69b0c15570617e2d86e543,-6.0,44.0,-0.21824229375858245,0.023320237387348286,-6.218242293758583,44.023320237387345,historical_closing_late_benchmark_exact_horizon_opaque,2021,C0-MARKET-RESIDUAL-MARGIN-TOTAL-V1,5f148219527b07d85261d3f196ace97a5eb5646271d43596032a692389abc579,2c5cc1af74fc5f3955e44361b82b791710e4b63bbc69b0c15570617e2d86e543,True
2022_01_GB_MIN,2022,1,MIN,GB,0.38645243652765626,-3.9093492607232427,50.85392015153488,13.760447360492725,-0.051721527561717315,-0.08555548103122061,2021,A0-DYNAMIC-OPPONENT-ADJUSTED-JOINT-SCORE-V1,5f148219527b07d85261d3f196ace97a5eb5646271d43596032a692389abc579,2c5cc1af74fc5f3955e44361b82b791710e4b63bbc69b0c15570617e2d86e543,0.4371,-2.5601,52.2643,321.2863166216622,378.4762931393139,-25.0,20.0,28.0,78.0,2021,B0-POSSESSION-DRIVE-SCORE-PROCESS-V1,5f148219527b07d85261d3f196ace97a5eb5646271d43596032a692389abc579,2c5cc1af74fc5f3955e44361b82b791710e4b63bbc69b0c15570617e2d86e543,2.5,47.0,-0.8593038163033182,-0.18983132888375237,1.6406961836966818,46.810168671116244,historical_closing_late_benchmark_exact_horizon_opaque,2021,C0-MARKET-RESIDUAL-MARGIN-TOTAL-V1,5f148219527b07d85261d3f196ace97a5eb5646271d43596032a692389abc579,2c5cc1af74fc5f3955e44361b82b791710e4b63bbc69b0c15570617e2d86e543,True
2022_01_IND_HOU,2022,1,HOU,IND,0.395937851728773,-3.5747173433609127,44.15606411504565,13.760447360492725,-0.056181891036467625,-0.15630663283267773,2021,A0-DYNAMIC-OPPONENT-ADJUSTED-JOINT-SCORE-V1,5f148219527b07d85261d3f196ace97a5eb5646271d43596032a692389abc579,2c5cc1af74fc5f3955e44361b82b791710e4b63bbc69b0c15570617e2d86e543,0.3476,-6.8144,48.8332,294.25517815781575,348.35161292129214,-28.0,15.0,26.0,74.0,2021,B0-POSSESSION-DRIVE-SCORE-PROCESS-V1,5f148219527b07d85261d3f196ace97a5eb5646271d43596032a692389abc579,2c5cc1af74fc5f3955e44361b82b791710e4b63bbc69b0c15570617e2d86e543,-7.0,46.0,-0.690437310767442,0.3762707915954815,-7.690437310767442,46.37627079159548,historical_closing_late_benchmark_exact_horizon_opaque,2021,C0-MARKET-RESIDUAL-MARGIN-TOTAL-V1,5f148219527b07d85261d3f196ace97a5eb5646271d43596032a692389abc579,2c5cc1af74fc5f3955e44361b82b791710e4b63bbc69b0c15570617e2d86e543,True
2022_01_JAX_WAS,2022,1,WAS,JAX,0.6511997718013738,5.263834491067865,41.00479372694471,13.760447360492725,0.15012271048724668,0.07724208267699084,2021,A0-DYNAMIC-OPPONENT-ADJUSTED-JOINT-SCORE-V1,5f148219527b07d85261d3f196ace97a5eb5646271d43596032a692389abc579,2c5cc1af74fc5f3955e44361b82b791710e4b63bbc69b0c15570617e2d86e543,0.6332,5.4648,42.6816,266.0035613161316,289.73099453945395,-15.0,26.0,22.0,65.0,2021,B0-POSSESSION-DRIVE-SCORE-PROCESS-V1,5f148219527b07d85261d3f196ace97a5eb5646271d43596032a692389abc579,2c5cc1af74fc5f3955e44361b82b791710e4b63bbc69b0c15570617e2d86e543,3.0,43.5,-0.3051549772378884,0.5172551879960675,2.6948450227621117,44.01725518799607,historical_closing_late_benchmark_exact_horizon_opaque,2021,C0-MARKET-RESIDUAL-MARGIN-TOTAL-V1,5f148219527b07d85261d3f196ace97a5eb5646271d43596032a692389abc579,2c5cc1af74fc5f3955e44361b82b791710e4b63bbc69b0c15570617e2d86e543,True
2022_01_KC_ARI,2022,1,ARI,KC,0.4195275319183892,-2.7514218649095277,51.97969521950938,13.760447360492725,-0.09696930118028596,-0.3706461100579179,2021,A0-DYNAMIC-OPPONENT-ADJUSTED-JOINT-SCORE-V1,5f148219527b07d85261d3f196ace97a5eb5646271d43596032a692389abc579,2c5cc1af74fc5f3955e44361b82b791710e4b63bbc69b0c15570617e2d86e543,0.4274,-3.0778,53.7044,337.2570728672867,386.3730579457946,-27.0,20.0,30.0,80.0,2021,B0-POSSESSION-DRIVE-SCORE-PROCESS-V1,5f148219527b07d85261d3f196ace97a5eb5646271d43596032a692389abc579,2c5cc1af74fc5f3955e44361b82b791710e4b63bbc69b0c15570617e2d86e543,-6.0,54.0,-0.6443518134028874,0.2688269464786684,-6.644351813402888,54.26882694647867,historical_closing_late_benchmark_exact_horizon_opaque,2021,C0-MARKET-RESIDUAL-MARGIN-TOTAL-V1,5f148219527b07d85261d3f196ace97a5eb5646271d43596032a692389abc579,2c5cc1af74fc5f3955e44361b82b791710e4b63bbc69b0c15570617e2d86e543,True
2022_01_LV_LAC,2022,1,LAC,LV,0.6260118140999338,4.352762428500981,50.65015247242827,13.760447360492725,0.4480096645409432,-0.23531650479464686,2021,A0-DYNAMIC-OPPONENT-ADJUSTED-JOINT-SCORE-V1,5f148219527b07d85261d3f196ace97a5eb5646271d43596032a692389abc579,2c5cc1af74fc5f3955e44361b82b791710e4b63bbc69b0c15570617e2d86e543,0.5610999999999999,2.7561,56.3839,350.48106089608956,404.76359714971494,-21.0,27.0,32.0,83.0,2021,B0-POSSESSION-DRIVE-SCORE-PROCESS-V1,5f148219527b07d85261d3f196ace97a5eb5646271d43596032a692389abc579,2c5cc1af74fc5f3955e44361b82b791710e4b63bbc69b0c15570617e2d86e543,3.5,52.5,-0.33744000863464846,0.23412432425027985,3.1625599913653515,52.73412432425028,historical_closing_late_benchmark_exact_horizon_opaque,2021,C0-MARKET-RESIDUAL-MARGIN-TOTAL-V1,5f148219527b07d85261d3f196ace97a5eb5646271d43596032a692389abc579,2c5cc1af74fc5f3955e44361b82b791710e4b63bbc69b0c15570617e2d86e543,True
2022_01_NE_MIA,2022,1,MIA,NE,0.43192968245173397,-2.3228110366486696,43.96207725675724,13.760447360492725,-0.27270835888888845,-0.034295629203183714,2021,A0-DYNAMIC-OPPONENT-ADJUSTED-JOINT-SCORE-V1,5f148219527b07d85261d3f196ace97a5eb5646271d43596032a692389abc579,2c5cc1af74fc5f3955e44361b82b791710e4b63bbc69b0c15570617e2d86e543,0.28485,-9.6772,46.664,290.8630864686469,334.4363476347635,-31.0,12.0,24.0,71.0,2021,B0-POSSESSION-DRIVE-SCORE-PROCESS-V1,5f148219527b07d85261d3f196ace97a5eb5646271d43596032a692389abc579,2c5cc1af74fc5f3955e44361b82b791710e4b63bbc69b0c15570617e2d86e543,3.0,47.0,-0.7821611050521812,0.3795172821000453,2.217838894947819,47.379517282100046,historical_closing_late_benchmark_exact_horizon_opaque,2021,C0-MARKET-RESIDUAL-MARGIN-TOTAL-V1,5f148219527b07d85261d3f196ace97a5eb5646271d43596032a692389abc579,2c5cc1af74fc5f3955e44361b82b791710e4b63bbc69b0c15570617e2d86e543,True
2022_01_NO_ATL,2022,1,ATL,NO,0.4642927843167334,-1.214141602998577,39.34659875304432,13.760447360492725,-0.01581395495775703,-0.3256279193631918,2021,A0-DYNAMIC-OPPONENT-ADJUSTED-JOINT-SCORE-V1,5f148219527b07d85261d3f196ace97a5eb5646271d43596032a692389abc579,2c5cc1af74fc5f3955e44361b82b791710e4b63bbc69b0c15570617e2d86e543,0.43105,-2.8893,49.4907,298.17306281628163,344.70038354835486,-25.0,19.0,26.0,74.0,2021,B0-POSSESSION-DRIVE-SCORE-PROCESS-V1,5f148219527b07d85261d3f196ace97a5eb5646271d43596032a692389abc579,2c5cc1af74fc5f3955e44361b82b791710e4b63bbc69b0c15570617e2d86e543,-6.0,43.5,-0.5492050341866784,0.6415087115029596,-6.549205034186678,44.14150871150296,historical_closing_late_benchmark_exact_horizon_opaque,2021,C0-MARKET-RESIDUAL-MARGIN-TOTAL-V1,5f148219527b07d85261d3f196ace97a5eb5646271d43596032a692389abc579,2c5cc1af74fc5f3955e44361b82b791710e4b63bbc69b0c15570617e2d86e543,True
2022_01_NYG_TEN,2022,1,TEN,NYG,0.8253395614959336,12.678713454369039,38.60609490699003,13.760447360492725,0.4117289561932335,0.2341434967917833,2021,A0-DYNAMIC-OPPONENT-ADJUSTED-JOINT-SCORE-V1,5f148219527b07d85261d3f196ace97a5eb5646271d43596032a692389abc579,2c5cc1af74fc5f3955e44361b82b791710e4b63bbc69b0c15570617e2d86e543,0.69775,8.4778,43.243,267.65387254725476,299.9071417141714,-12.0,30.0,23.0,66.0,2021,B0-POSSESSION-DRIVE-SCORE-PROCESS-V1,5f148219527b07d85261d3f196ace97a5eb5646271d43596032a692389abc579,2c5cc1af74fc5f3955e44361b82b791710e4b63bbc69b0c15570617e2d86e543,5.5,43.5,0.11369286016412344,0.7659962360299273,5.613692860164123,44.26599623602993,historical_closing_late_benchmark_exact_horizon_opaque,2021,C0-MARKET-RESIDUAL-MARGIN-TOTAL-V1,5f148219527b07d85261d3f196ace97a5eb5646271d43596032a692389abc579,2c5cc1af74fc5f3955e44361b82b791710e4b63bbc69b0c15570617e2d86e543,True
2022_01_PHI_DET,2022,1,DET,PHI,0.45977300216385697,-1.3683204698993094,47.54944931890723,13.760447360492725,-0.08065092884180942,-0.1189954887896704,2021,A0-DYNAMIC-OPPONENT-ADJUSTED-JOINT-SCORE-V1,5f148219527b07d85261d3f196ace97a5eb5646271d43596032a692389abc579,2c5cc1af74fc5f3955e44361b82b791710e4b63bbc69b0c15570617e2d86e543,0.38470000000000004,-5.3224,50.3682,318.69452769276927,361.8556143214322,-28.0,17.0,27.0,75.0,2021,B0-POSSESSION-DRIVE-SCORE-PROCESS-V1,5f148219527b07d85261d3f196ace97a5eb5646271d43596032a692389abc579,2c5cc1af74fc5f3955e44361b82b791710e4b63bbc69b0c15570617e2d86e543,-6.0,49.0,-0.5735688581056957,0.20384260645408317,-6.573568858105696,49.20384260645408,historical_closing_late_benchmark_exact_horizon_opaque,2021,C0-MARKET-RESIDUAL-MARGIN-TOTAL-V1,5f148219527b07d85261d3f196ace97a5eb5646271d43596032a692389abc579,2c5cc1af74fc5f3955e44361b82b791710e4b63bbc69b0c15570617e2d86e543,True
2022_01_PIT_CIN,2022,1,CIN,PIT,0.6426797719172463,4.953193552685164,42.5724425123159,13.760447360492725,0.2589835948266103,-0.011637810488225528,2021,A0-DYNAMIC-OPPONENT-ADJUSTED-JOINT-SCORE-V1,5f148219527b07d85261d3f196ace97a5eb5646271d43596032a692389abc579,2c5cc1af74fc5f3955e44361b82b791710e4b63bbc69b0c15570617e2d86e543,0.47785,-0.7813,44.6873,278.17508781878183,307.6476834783478,-22.0,20.0,23.0,68.0,2021,B0-POSSESSION-DRIVE-SCORE-PROCESS-V1,5f148219527b07d85261d3f196ace97a5eb5646271d43596032a692389abc579,2c5cc1af74fc5f3955e44361b82b791710e4b63bbc69b0c15570617e2d86e543,7.5,44.5,-0.38268934648073594,0.33195120388732086,7.117310653519264,44.83195120388732,historical_closing_late_benchmark_exact_horizon_opaque,2021,C0-MARKET-RESIDUAL-MARGIN-TOTAL-V1,5f148219527b07d85261d3f196ace97a5eb5646271d43596032a692389abc579,2c5cc1af74fc5f3955e44361b82b791710e4b63bbc69b0c15570617e2d86e543,True
2022_01_SF_CHI,2022,1,CHI,SF,0.4001220578699091,-3.427807008707255,43.919923314701855,13.760447360492725,-0.033561806963443415,-0.16444321155570327,2021,A0-DYNAMIC-OPPONENT-ADJUSTED-JOINT-SCORE-V1,5f148219527b07d85261d3f196ace97a5eb5646271d43596032a692389abc579,2c5cc1af74fc5f3955e44361b82b791710e4b63bbc69b0c15570617e2d86e543,0.4301,-2.8651,47.2383,284.55515750575057,338.11592470247024,-24.0,18.0,24.0,71.0,2021,B0-POSSESSION-DRIVE-SCORE-PROCESS-V1,5f148219527b07d85261d3f196ace97a5eb5646271d43596032a692389abc579,2c5cc1af74fc5f3955e44361b82b791710e4b63bbc69b0c15570617e2d86e543,-6.5,38.0,-0.6875729461519484,-0.22742700538950245,-7.187572946151948,37.7725729946105,historical_closing_late_benchmark_exact_horizon_opaque,2021,C0-MARKET-RESIDUAL-MARGIN-TOTAL-V1,5f148219527b07d85261d3f196ace97a5eb5646271d43596032a692389abc579,2c5cc1af74fc5f3955e44361b82b791710e4b63bbc69b0c15570617e2d86e543,True
2022_01_TB_DAL,2022,1,DAL,TB,0.5619086225593142,2.110754673419745,50.097221316172806,13.760447360492725,0.33156739104791066,-0.037926719418337446,2021,A0-DYNAMIC-OPPONENT-ADJUSTED-JOINT-SCORE-V1,5f148219527b07d85261d3f196ace97a5eb5646271d43596032a692389abc579,2c5cc1af74fc5f3955e44361b82b791710e4b63bbc69b0c15570617e2d86e543,0.51265,0.6373,58.6945,365.25147385738575,436.99006875687564,-23.0,25.0,33.0,86.0,2021,B0-POSSESSION-DRIVE-SCORE-PROCESS-V1,5f148219527b07d85261d3f196ace97a5eb5646271d43596032a692389abc579,2c5cc1af74fc5f3955e44361b82b791710e4b63bbc69b0c15570617e2d86e543,-2.5,49.5,-0.40033761292109665,-0.08368268145360908,-2.9003376129210965,49.41631731854639,historical_closing_late_benchmark_exact_horizon_opaque,2021,C0-MARKET-RESIDUAL-MARGIN-TOTAL-V1,5f148219527b07d85261d3f196ace97a5eb5646271d43596032a692389abc579,2c5cc1af74fc5f3955e44361b82b791710e4b63bbc69b0c15570617e2d86e543,True
2022_02_ARI_LV,2022,2,LV,ARI,0.5533897588255905,1.8184141903268412,47.40640887494313,13.760447360492725,-0.13539191869424866,0.06665077429257996,2021,A0-DYNAMIC-OPPONENT-ADJUSTED-JOINT-SCORE-V1,5f148219527b07d85261d3f196ace97a5eb5646271d43596032a692389abc579,2c5cc1af74fc5f3955e44361b82b791710e4b63bbc69b0c15570617e2d86e543,0.5033,-0.0527,52.3857,319.53247595759575,383.95573108310833,-23.0,23.0,29.0,79.0,2021,B0-POSSESSION-DRIVE-SCORE-PROCESS-V1,5f148219527b07d85261d3f196ace97a5eb5646271d43596032a692389abc579,2c5cc1af74fc5f3955e44361b82b791710e4b63bbc69b0c15570617e2d86e543,5.5,51.5,-0.5661699181447087,0.5200664670585051,4.933830081855291,52.020066467058506,historical_closing_late_benchmark_exact_horizon_opaque,2021,C0-MARKET-RESIDUAL-MARGIN-TOTAL-V1,5f148219527b07d85261d3f196ace97a5eb5646271d43596032a692389abc579,2c5cc1af74fc5f3955e44361b82b791710e4b63bbc69b0c15570617e2d86e543,True
2022_02_ATL_LA,2022,2,LA,ATL,0.7174290547266884,7.792503271190423,44.71880118592841,13.760447360492725,0.19884772874052487,0.25012823918681776,2021,A0-DYNAMIC-OPPONENT-ADJUSTED-JOINT-SCORE-V1,5f148219527b07d85261d3f196ace97a5eb5646271d43596032a692389abc579,2c5cc1af74fc5f3955e44361b82b791710e4b63bbc69b0c15570617e2d86e543,0.6285,6.1103,52.8303,318.9002239323932,387.2386257725773,-16.0,29.0,29.0,79.0,2021,B0-POSSESSION-DRIVE-SCORE-PROCESS-V1,5f148219527b07d85261d3f196ace97a5eb5646271d43596032a692389abc579,2c5cc1af74fc5f3955e44361b82b791710e4b63bbc69b0c15570617e2d86e543,10.5,46.5,-0.7304220673947153,0.7205003438187679,9.769577932605285,47.22050034381877,historical_closing_late_benchmark_exact_horizon_opaque,2021,C0-MARKET-RESIDUAL-MARGIN-TOTAL-V1,5f148219527b07d85261d3f196ace97a5eb5646271d43596032a692389abc579,2c5cc1af74fc5f3955e44361b82b791710e4b63bbc69b0c15570617e2d86e543,True
2022_02_CAR_NYG,2022,2,NYG,CAR,0.47228231838791246,-0.9419741922443663,33.83259244196909,13.760447360492725,-0.23600643857725845,0.18412511178391755,2021,A0-DYNAMIC-OPPONENT-ADJUSTED-JOINT-SCORE-V1,5f148219527b07d85261d3f196ace97a5eb5646271d43596032a692389abc579,2c5cc1af74fc5f3955e44361b82b791710e4b63bbc69b0c15570617e2d86e543,0.41835,-3.2192,39.3164,235.50130149014905,266.5779488348835,-22.0,16.0,19.0,61.0,2021,B0-POSSESSION-DRIVE-SCORE-PROCESS-V1,5f148219527b07d85261d3f196ace97a5eb5646271d43596032a692389abc579,2c5cc1af74fc5f3955e44361b82b791710e4b63bbc69b0c15570617e2d86e543,-1.0,44.0,-0.6478923825911562,1.2433848464854422,-1.6478923825911562,45.24338484648544,historical_closing_late_benchmark_exact_horizon_opaque,2021,C0-MARKET-RESIDUAL-MARGIN-TOTAL-V1,5f148219527b07d85261d3f196ace97a5eb5646271d43596032a692389abc579,2c5cc1af74fc5f3955e44361b82b791710e4b63bbc69b0c15570617e2d86e543,True
2022_02_CHI_GB,2022,2,GB,CHI,0.7368074287222496,8.582465704487504,46.328686098862576,13.760447360492725,0.13822975435368837,-0.011410240166130996,2021,A0-DYNAMIC-OPPONENT-ADJUSTED-JOINT-SCORE-V1,5f148219527b07d85261d3f196ace97a5eb5646271d43596032a692389abc579,2c5cc1af74fc5f3955e44361b82b791710e4b63bbc69b0c15570617e2d86e543,0.6738,7.9074,47.607,290.70649588958895,338.30218121812186,-14.0,30.0,25.0,72.0,2021,B0-POSSESSION-DRIVE-SCORE-PROCESS-V1,5f148219527b07d85261d3f196ace97a5eb5646271d43596032a692389abc579,2c5cc1af74fc5f3955e44361b82b791710e4b63bbc69b0c15570617e2d86e543,10.5,42.0,-0.210948025143482,-0.16046136660605603,10.289051974856518,41.83953863339394,historical_closing_late_benchmark_exact_horizon_opaque,2021,C0-MARKET-RESIDUAL-MARGIN-TOTAL-V1,5f148219527b07d85261d3f196ace97a5eb5646271d43596032a692389abc579,2c5cc1af74fc5f3955e44361b82b791710e4b63bbc69b0c15570617e2d86e543,True
2022_02_CIN_DAL,2022,2,DAL,CIN,0.6556358811645667,5.426667949001708,46.18142204477894,13.760447360492725,0.33763018323332933,0.026707374768063778,2021,A0-DYNAMIC-OPPONENT-ADJUSTED-JOINT-SCORE-V1,5f148219527b07d85261d3f196ace97a5eb5646271d43596032a692389abc579,2c5cc1af74fc5f3955e44361b82b791710e4b63bbc69b0c15570617e2d86e543,0.68635,8.9114,52.8276,326.1443644764476,368.9335715971597,-14.0,32.0,30.0,78.0,2021,B0-POSSESSION-DRIVE-SCORE-PROCESS-V1,5f148219527b07d85261d3f196ace97a5eb5646271d43596032a692389abc579,2c5cc1af74fc5f3955e44361b82b791710e4b63bbc69b0c15570617e2d86e543,-7.5,42.0,-0.1245120509433813,-0.32072896541010554,-7.624512050943381,41.679271034589895,historical_closing_late_benchmark_exact_horizon_opaque,2021,C0-MARKET-RESIDUAL-MARGIN-TOTAL-V1,5f148219527b07d85261d3f196ace97a5eb5646271d43596032a692389abc579,2c5cc1af74fc5f3955e44361b82b791710e4b63bbc69b0c15570617e2d86e543,True
2022_02_HOU_DEN,2022,2,DEN,HOU,0.6682499034180587,5.894095454262526,43.52102419774944,13.760447360492725,-0.11997532501968955,0.27252875296189083,2021,A0-DYNAMIC-OPPONENT-ADJUSTED-JOINT-SCORE-V1,5f148219527b07d85261d3f196ace97a5eb5646271d43596032a692389abc579,2c5cc1af74fc5f3955e44361b82b791710e4b63bbc69b0c15570617e2d86e543,0.60695,4.4091,41.6795,252.4079779877988,280.8406638163816,-16.0,24.0,21.0,64.0,2021,B0-POSSESSION-DRIVE-SCORE-PROCESS-V1,5f148219527b07d85261d3f196ace97a5eb5646271d43596032a692389abc579,2c5cc1af74fc5f3955e44361b82b791710e4b63bbc69b0c15570617e2d86e543,10.5,46.0,-0.2508377461219277,0.3609275866677503,10.249162253878072,46.36092758666775,historical_closing_late_benchmark_exact_horizon_opaque,2021,C0-MARKET-RESIDUAL-MARGIN-TOTAL-V1,5f148219527b07d85261d3f196ace97a5eb5646271d43596032a692389abc579,2c5cc1af74fc5f3955e44361b82b791710e4b63bbc69b0c15570617e2d86e543,True
2022_02_IND_JAX,2022,2,JAX,IND,0.3815915894212999,-4.081748950439373,43.83726237015499,13.760447360492725,-0.23102082656327322,-0.19585752561261516,2021,A0-DYNAMIC-OPPONENT-ADJUSTED-JOINT-SCORE-V1,5f148219527b07d85261d3f196ace97a5eb5646271d43596032a692389abc579,2c5cc1af74fc5f3955e44361b82b791710e4b63bbc69b0c15570617e2d86e543,0.3321,-7.4644,47.1288,285.8139140314031,326.5730678667867,-29.0,14.0,25.0,71.0,2021,B0-POSSESSION-DRIVE-SCORE-PROCESS-V1,5f148219527b07d85261d3f196ace97a5eb5646271d43596032a692389abc579,2c5cc1af74fc5f3955e44361b82b791710e4b63bbc69b0c15570617e2d86e543,-3.0,43.5,-0.7875686353167307,0.25933575625119154,-3.7875686353167306,43.75933575625119,historical_closing_late_benchmark_exact_horizon_opaque,2021,C0-MARKET-RESIDUAL-MARGIN-TOTAL-V1,5f148219527b07d85261d3f196ace97a5eb5646271d43596032a692389abc579,2c5cc1af74fc5f3955e44361b82b791710e4b63bbc69b0c15570617e2d86e543,True
2022_02_LAC_KC,2022,2,KC,LAC,0.6874792070237288,6.620645953098883,55.89139127696883,13.760447360492725,-0.2156484446664086,0.5393118405599848,2021,A0-DYNAMIC-OPPONENT-ADJUSTED-JOINT-SCORE-V1,5f148219527b07d85261d3f196ace97a5eb5646271d43596032a692389abc579,2c5cc1af74fc5f3955e44361b82b791710e4b63bbc69b0c15570617e2d86e543,0.65135,7.1911,57.9459,364.65024581458147,441.00487367736775,-17.0,31.0,32.0,86.0,2021,B0-POSSESSION-DRIVE-SCORE-PROCESS-V1,5f148219527b07d85261d3f196ace97a5eb5646271d43596032a692389abc579,2c5cc1af74fc5f3955e44361b82b791710e4b63bbc69b0c15570617e2d86e543,4.0,52.5,-0.2800266151100684,-0.2629352151563416,3.7199733848899315,52.23706478484366,historical_closing_late_benchmark_exact_horizon_opaque,2021,C0-MARKET-RESIDUAL-MARGIN-TOTAL-V1,5f148219527b07d85261d3f196ace97a5eb5646271d43596032a692389abc579,2c5cc1af74fc5f3955e44361b82b791710e4b63bbc69b0c15570617e2d86e543,True
2022_02_MIA_BAL,2022,2,BAL,MIA,0.5802354304716857,2.7432054903586653,42.93593918775781,13.760447360492725,-0.21140451779538888,-0.14473502179222114,2021,A0-DYNAMIC-OPPONENT-ADJUSTED-JOINT-SCORE-V1,5f148219527b07d85261d3f196ace97a5eb5646271d43596032a692389abc579,2c5cc1af74fc5f3955e44361b82b791710e4b63bbc69b0c15570617e2d86e543,0.64515,6.6086,48.6502,298.4562516651665,347.1675567156716,-15.0,28.0,26.0,74.0,2021,B0-POSSESSION-DRIVE-SCORE-PROCESS-V1,5f148219527b07d85261d3f196ace97a5eb5646271d43596032a692389abc579,2c5cc1af74fc5f3955e44361b82b791710e4b63bbc69b0c15570617e2d86e543,3.0,44.0,-0.4623584572630403,0.36314198331665254,2.5376415427369596,44.36314198331665,historical_closing_late_benchmark_exact_horizon_opaque,2021,C0-MARKET-RESIDUAL-MARGIN-TOTAL-V1,5f148219527b07d85261d3f196ace97a5eb5646271d43596032a692389abc579,2c5cc1af74fc5f3955e44361b82b791710e4b63bbc69b0c15570617e2d86e543,True
2022_02_MIN_PHI,2022,2,PHI,MIN,0.6101987703593056,3.7909465535071476,47.24771596825046,13.760447360492725,0.12595359435142503,-0.0026237048682489217,2021,A0-DYNAMIC-OPPONENT-ADJUSTED-JOINT-SCORE-V1,5f148219527b07d85261d3f196ace97a5eb5646271d43596032a692389abc579,2c5cc1af74fc5f3955e44361b82b791710e4b63bbc69b0c15570617e2d86e543,0.5477,2.2812,49.0512,299.79790635063506,341.7101495749575,-20.0,24.0,27.0,73.0,2021,B0-POSSESSION-DRIVE-SCORE-PROCESS-V1,5f148219527b07d85261d3f196ace97a5eb5646271d43596032a692389abc579,2c5cc1af74fc5f3955e44361b82b791710e4b63bbc69b0c15570617e2d86e543,2.5,49.5,-0.3842484183969398,0.28239431847930957,2.1157515816030603,49.78239431847931,historical_closing_late_benchmark_exact_horizon_opaque,2021,C0-MARKET-RESIDUAL-MARGIN-TOTAL-V1,5f148219527b07d85261d3f196ace97a5eb5646271d43596032a692389abc579,2c5cc1af74fc5f3955e44361b82b791710e4b63bbc69b0c15570617e2d86e543,True
2022_02_NE_PIT,2022,2,PIT,NE,0.40394259991370385,-3.294016794356427,42.18100152676877,13.760447360492725,-0.3174848587247692,-0.07266181838905678,2021,A0-DYNAMIC-OPPONENT-ADJUSTED-JOINT-SCORE-V1,5f148219527b07d85261d3f196ace97a5eb5646271d43596032a692389abc579,2c5cc1af74fc5f3955e44361b82b791710e4b63bbc69b0c15570617e2d86e543,0.3564,-6.0646,42.6788,265.1105378937894,293.6495955195519,-27.0,14.0,22.0,65.0,2021,B0-POSSESSION-DRIVE-SCORE-PROCESS-V1,5f148219527b07d85261d3f196ace97a5eb5646271d43596032a692389abc579,2c5cc1af74fc5f3955e44361b82b791710e4b63bbc69b0c15570617e2d86e543,-3.0,40.0,-0.7502145371872383,0.010832701726431748,-3.7502145371872384,40.01083270172643,historical_closing_late_benchmark_exact_horizon_opaque,2021,C0-MARKET-RESIDUAL-MARGIN-TOTAL-V1,5f148219527b07d85261d3f196ace97a5eb5646271d43596032a692389abc579,2c5cc1af74fc5f3955e44361b82b791710e4b63bbc69b0c15570617e2d86e543,True
2022_02_NYJ_CLE,2022,2,CLE,NYJ,0.6917519770681675,6.7846297209583035,40.84382630663096,13.760447360492725,-0.24771395258593956,0.36411210527262944,2021,A0-DYNAMIC-OPPONENT-ADJUSTED-JOINT-SCORE-V1,5f148219527b07d85261d3f196ace97a5eb5646271d43596032a692389abc579,2c5cc1af74fc5f3955e44361b82b791710e4b63bbc69b0c15570617e2d86e543,0.6497499999999999,6.5718,45.2758,285.540598819882,321.02303666366635,-15.0,28.0,23.0,69.0,2021,B0-POSSESSION-DRIVE-SCORE-PROCESS-V1,5f148219527b07d85261d3f196ace97a5eb5646271d43596032a692389abc579,2c5cc1af74fc5f3955e44361b82b791710e4b63bbc69b0c15570617e2d86e543,6.5,38.5,-0.29908947237810957,0.1353537348499234,6.2009105276218905,38.63535373484992,historical_closing_late_benchmark_exact_horizon_opaque,2021,C0-MARKET-RESIDUAL-MARGIN-TOTAL-V1,5f148219527b07d85261d3f196ace97a5eb5646271d43596032a692389abc579,2c5cc1af74fc5f3955e44361b82b791710e4b63bbc69b0c15570617e2d86e543,True
2022_02_SEA_SF,2022,2,SF,SEA,0.6283887175982831,4.437837610150151,47.89565256782356,13.760447360492725,-0.21210791257041972,0.1345092901828661,2021,A0-DYNAMIC-OPPONENT-ADJUSTED-JOINT-SCORE-V1,5f148219527b07d85261d3f196ace97a5eb5646271d43596032a692389abc579,2c5cc1af74fc5f3955e44361b82b791710e4b63bbc69b0c15570617e2d86e543,0.499,-0.0075,50.1759,309.51039478947894,364.2901882088209,-22.0,22.0,27.0,76.0,2021,B0-POSSESSION-DRIVE-SCORE-PROCESS-V1,5f148219527b07d85261d3f196ace97a5eb5646271d43596032a692389abc579,2c5cc1af74fc5f3955e44361b82b791710e4b63bbc69b0c15570617e2d86e543,8.5,40.0,-0.611193378868188,-0.3577548331523085,7.8888066211318115,39.642245166847694,historical_closing_late_benchmark_exact_horizon_opaque,2021,C0-MARKET-RESIDUAL-MARGIN-TOTAL-V1,5f148219527b07d85261d3f196ace97a5eb5646271d43596032a692389abc579,2c5cc1af74fc5f3955e44361b82b791710e4b63bbc69b0c15570617e2d86e543,True
2022_02_TB_NO,2022,2,NO,TB,0.39983222178118466,-3.4379701689770776,43.5067393576019,13.760447360492725,-0.3444489754268555,0.05163109752248113,2021,A0-DYNAMIC-OPPONENT-ADJUSTED-JOINT-SCORE-V1,5f148219527b07d85261d3f196ace97a5eb5646271d43596032a692389abc579,2c5cc1af74fc5f3955e44361b82b791710e4b63bbc69b0c15570617e2d86e543,0.46805,-1.5385,52.8915,338.04812256225625,383.695297279728,-25.0,22.0,29.0,79.0,2021,B0-POSSESSION-DRIVE-SCORE-PROCESS-V1,5f148219527b07d85261d3f196ace97a5eb5646271d43596032a692389abc579,2c5cc1af74fc5f3955e44361b82b791710e4b63bbc69b0c15570617e2d86e543,-2.5,44.0,-0.775089806468082,0.23894478840915456,-3.275089806468082,44.23894478840916,historical_closing_late_benchmark_exact_horizon_opaque,2021,C0-MARKET-RESIDUAL-MARGIN-TOTAL-V1,5f148219527b07d85261d3f196ace97a5eb5646271d43596032a692389abc579,2c5cc1af74fc5f3955e44361b82b791710e4b63bbc69b0c15570617e2d86e543,True
2022_02_TEN_BUF,2022,2,BUF,TEN,0.6870828250545518,6.605482714595912,47.34761959260223,13.760447360492725,0.12089707940002373,0.040375763653038466,2021,A0-DYNAMIC-OPPONENT-ADJUSTED-JOINT-SCORE-V1,5f148219527b07d85261d3f196ace97a5eb5646271d43596032a692389abc579,2c5cc1af74fc5f3955e44361b82b791710e4b63bbc69b0c15570617e2d86e543,0.63465,5.9654,49.7222,307.3739402340234,355.0335305130513,-16.0,28.0,27.0,75.0,2021,B0-POSSESSION-DRIVE-SCORE-PROCESS-V1,5f148219527b07d85261d3f196ace97a5eb5646271d43596032a692389abc579,2c5cc1af74fc5f3955e44361b82b791710e4b63bbc69b0c15570617e2d86e543,10.0,47.5,-0.7866990825908067,0.5519445462113609,9.213300917409192,48.05194454621136,historical_closing_late_benchmark_exact_horizon_opaque,2021,C0-MARKET-RESIDUAL-MARGIN-TOTAL-V1,5f148219527b07d85261d3f196ace97a5eb5646271d43596032a692389abc579,2c5cc1af74fc5f3955e44361b82b791710e4b63bbc69b0c15570617e2d86e543,True
2022_02_WAS_DET,2022,2,DET,WAS,0.5443525067478316,1.5092042664209906,44.09413729604833,13.760447360492725,0.20779238579047749,-0.1923318052499819,2021,A0-DYNAMIC-OPPONENT-ADJUSTED-JOINT-SCORE-V1,5f148219527b07d85261d3f196ace97a5eb5646271d43596032a692389abc579,2c5cc1af74fc5f3955e44361b82b791710e4b63bbc69b0c15570617e2d86e543,0.47859999999999997,-1.0051,47.8439,300.35250924092406,345.70210300030004,-23.0,21.0,25.0,72.0,2021,B0-POSSESSION-DRIVE-SCORE-PROCESS-V1,5f148219527b07d85261d3f196ace97a5eb5646271d43596032a692389abc579,2c5cc1af74fc5f3955e44361b82b791710e4b63bbc69b0c15570617e2d86e543,-1.0,48.5,-0.45633134111304924,0.5366619763498748,-1.4563313411130492,49.036661976349876,historical_closing_late_benchmark_exact_horizon_opaque,2021,C0-MARKET-RESIDUAL-MARGIN-TOTAL-V1,5f148219527b07d85261d3f196ace97a5eb5646271d43596032a692389abc579,2c5cc1af74fc5f3955e44361b82b791710e4b63bbc69b0c15570617e2d86e543,True
2022_03_ATL_SEA,2022,3,SEA,ATL,0.6677640918539428,5.875966211174944,45.48423880423017,13.760447360492725,0.3674317333162627,0.18305382175259777,2021,A0-DYNAMIC-OPPONENT-ADJUSTED-JOINT-SCORE-V1,5f148219527b07d85261d3f196ace97a5eb5646271d43596032a692389abc579,2c5cc1af74fc5f3955e44361b82b791710e4b63bbc69b0c15570617e2d86e543,0.6172,5.11,50.5362,307.45104510451046,361.2930188618862,-17.0,27.0,27.0,75.0,2021,B0-POSSESSION-DRIVE-SCORE-PROCESS-V1,5f148219527b07d85261d3f196ace97a5eb5646271d43596032a692389abc579,2c5cc1af74fc5f3955e44361b82b791710e4b63bbc69b0c15570617e2d86e543,1.0,43.0,-0.2340229189867044,-0.012398010868525072,0.7659770810132955,42.98760198913148,historical_closing_late_benchmark_exact_horizon_opaque,2021,C0-MARKET-RESIDUAL-MARGIN-TOTAL-V1,5f148219527b07d85261d3f196ace97a5eb5646271d43596032a692389abc579,2c5cc1af74fc5f3955e44361b82b791710e4b63bbc69b0c15570617e2d86e543,True
2022_03_BAL_NE,2022,3,NE,BAL,0.6253580794697777,4.329393880070537,47.61842649600527,13.760447360492725,0.4841128766842773,0.17903065099540486,2021,A0-DYNAMIC-OPPONENT-ADJUSTED-JOINT-SCORE-V1,5f148219527b07d85261d3f196ace97a5eb5646271d43596032a692389abc579,2c5cc1af74fc5f3955e44361b82b791710e4b63bbc69b0c15570617e2d86e543,0.6156499999999999,5.3225,48.1923,302.12310606060606,343.35405611561157,-17.0,28.0,26.0,73.0,2021,B0-POSSESSION-DRIVE-SCORE-PROCESS-V1,5f148219527b07d85261d3f196ace97a5eb5646271d43596032a692389abc579,2c5cc1af74fc5f3955e44361b82b791710e4b63bbc69b0c15570617e2d86e543,-2.5,45.5,-0.2703930146677055,0.009265619315408868,-2.7703930146677056,45.50926561931541,historical_closing_late_benchmark_exact_horizon_opaque,2021,C0-MARKET-RESIDUAL-MARGIN-TOTAL-V1,5f148219527b07d85261d3f196ace97a5eb5646271d43596032a692389abc579,2c5cc1af74fc5f3955e44361b82b791710e4b63bbc69b0c15570617e2d86e543,True
2022_03_BUF_MIA,2022,3,MIA,BUF,0.41361738386981306,-2.956619575029155,46.06399691140656,13.760447360492725,-0.0848906783289838,-0.12915344604509849,2021,A0-DYNAMIC-OPPONENT-ADJUSTED-JOINT-SCORE-V1,5f148219527b07d85261d3f196ace97a5eb5646271d43596032a692389abc579,2c5cc1af74fc5f3955e44361b82b791710e4b63bbc69b0c15570617e2d86e543,0.3409,-7.1264,48.0822,302.97052009200917,347.50739389938997,-30.0,15.0,25.0,73.0,2021,B0-POSSESSION-DRIVE-SCORE-PROCESS-V1,5f148219527b07d85261d3f196ace97a5eb5646271d43596032a692389abc579,2c5cc1af74fc5f3955e44361b82b791710e4b63bbc69b0c15570617e2d86e543,-4.0,54.0,-0.853735793920295,0.9032149926518065,-4.853735793920295,54.903214992651804,historical_closing_late_benchmark_exact_horizon_opaque,2021,C0-MARKET-RESIDUAL-MARGIN-TOTAL-V1,5f148219527b07d85261d3f196ace97a5eb5646271d43596032a692389abc579,2c5cc1af74fc5f3955e44361b82b791710e4b63bbc69b0c15570617e2d86e543,True
2022_03_CIN_NYJ,2022,3,NYJ,CIN,0.4207790138782473,-2.7080534218751033,43.77370548770837,13.760447360492725,-0.22202538296714072,-0.2413890599735711,2021,A0-DYNAMIC-OPPONENT-ADJUSTED-JOINT-SCORE-V1,5f148219527b07d85261d3f196ace97a5eb5646271d43596032a692389abc579,2c5cc1af74fc5f3955e44361b82b791710e4b63bbc69b0c15570617e2d86e543,0.4302,-2.95,47.3136,287.1988198819882,338.0108561256126,-24.0,18.0,25.0,71.0,2021,B0-POSSESSION-DRIVE-SCORE-PROCESS-V1,5f148219527b07d85261d3f196ace97a5eb5646271d43596032a692389abc579,2c5cc1af74fc5f3955e44361b82b791710e4b63bbc69b0c15570617e2d86e543,-6.5,46.0,-0.647070758336096,0.3276675295127035,-7.1470707583360955,46.3276675295127,historical_closing_late_benchmark_exact_horizon_opaque,2021,C0-MARKET-RESIDUAL-MARGIN-TOTAL-V1,5f148219527b07d85261d3f196ace97a5eb5646271d43596032a692389abc579,2c5cc1af74fc5f3955e44361b82b791710e4b63bbc69b0c15570617e2d86e543,True
2022_03_DAL_NYG,2022,3,NYG,DAL,0.25639235165787677,-8.86660050999497,39.26390168064728,13.760447360492725,-0.9995726354883323,-0.12206918949368846,2021,A0-DYNAMIC-OPPONENT-ADJUSTED-JOINT-SCORE-V1,5f148219527b07d85261d3f196ace97a5eb5646271d43596032a692389abc579,2c5cc1af74fc5f3955e44361b82b791710e4b63bbc69b0c15570617e2d86e543,0.28995,-9.1321,45.7569,269.3073803280328,319.6257649664966,-31.0,11.0,24.0,69.0,2021,B0-POSSESSION-DRIVE-SCORE-PROCESS-V1,5f148219527b07d85261d3f196ace97a5eb5646271d43596032a692389abc579,2c5cc1af74fc5f3955e44361b82b791710e4b63bbc69b0c15570617e2d86e543,1.0,38.5,-1.1793474866521219,0.17252764382967706,-0.17934748665212186,38.672527643829675,historical_closing_late_benchmark_exact_horizon_opaque,2021,C0-MARKET-RESIDUAL-MARGIN-TOTAL-V1,5f148219527b07d85261d3f196ace97a5eb5646271d43596032a692389abc579,2c5cc1af74fc5f3955e44361b82b791710e4b63bbc69b0c15570617e2d86e543,True
2022_03_DET_MIN,2022,3,MIN,DET,0.5921234600879061,3.1565903215319366,45.84429895678096,13.760447360492725,-0.045302665509615606,0.12161919365791932,2021,A0-DYNAMIC-OPPONENT-ADJUSTED-JOINT-SCORE-V1,5f148219527b07d85261d3f196ace97a5eb5646271d43596032a692389abc579,2c5cc1af74fc5f3955e44361b82b791710e4b63bbc69b0c15570617e2d86e543,0.6347,6.0593,51.4293,304.82726623662364,370.03800531053105,-16.0,28.0,28.0,77.0,2021,B0-POSSESSION-DRIVE-SCORE-PROCESS-V1,5f148219527b07d85261d3f196ace97a5eb5646271d43596032a692389abc579,2c5cc1af74fc5f3955e44361b82b791710e4b63bbc69b0c15570617e2d86e543,6.5,52.0,-0.3458543973699062,0.48991996083968165,6.154145602630094,52.48991996083968,historical_closing_late_benchmark_exact_horizon_opaque,2021,C0-MARKET-RESIDUAL-MARGIN-TOTAL-V1,5f148219527b07d85261d3f196ace97a5eb5646271d43596032a692389abc579,2c5cc1af74fc5f3955e44361b82b791710e4b63bbc69b0c15570617e2d86e543,True
2022_03_GB_TB,2022,3,TB,GB,0.5590755338680777,2.0134296097032767,51.64059974000992,13.760447360492725,0.10027116224852455,0.13228716162708107,2021,A0-DYNAMIC-OPPONENT-ADJUSTED-JOINT-SCORE-V1,5f148219527b07d85261d3f196ace97a5eb5646271d43596032a692389abc579,2c5cc1af74fc5f3955e44361b82b791710e4b63bbc69b0c15570617e2d86e543,0.5683,3.1051,55.3853,352.02045603560356,404.58230214021404,-20.0,27.0,30.0,82.0,2021,B0-POSSESSION-DRIVE-SCORE-PROCESS-V1,5f148219527b07d85261d3f196ace97a5eb5646271d43596032a692389abc579,2c5cc1af74fc5f3955e44361b82b791710e4b63bbc69b0c15570617e2d86e543,1.0,41.5,-0.479473203225185,-0.7077093875855154,0.5205267967748151,40.79229061241448,historical_closing_late_benchmark_exact_horizon_opaque,2021,C0-MARKET-RESIDUAL-MARGIN-TOTAL-V1,5f148219527b07d85261d3f196ace97a5eb5646271d43596032a692389abc579,2c5cc1af74fc5f3955e44361b82b791710e4b63bbc69b0c15570617e2d86e543,True
2022_03_HOU_CHI,2022,3,CHI,HOU,0.6029498849742245,3.535624690559466,39.76431532881133,13.760447360492725,0.051265268449331894,0.06394429950234246,2021,A0-DYNAMIC-OPPONENT-ADJUSTED-JOINT-SCORE-V1,5f148219527b07d85261d3f196ace97a5eb5646271d43596032a692389abc579,2c5cc1af74fc5f3955e44361b82b791710e4b63bbc69b0c15570617e2d86e543,0.5903999999999999,3.5717,43.4749,266.1494740574057,297.3887088608861,-17.0,24.0,23.0,66.0,2021,B0-POSSESSION-DRIVE-SCORE-PROCESS-V1,5f148219527b07d85261d3f196ace97a5eb5646271d43596032a692389abc579,2c5cc1af74fc5f3955e44361b82b791710e4b63bbc69b0c15570617e2d86e543,3.0,40.0,-0.4146344130657183,0.29205418291411034,2.5853655869342815,40.29205418291411,historical_closing_late_benchmark_exact_horizon_opaque,2021,C0-MARKET-RESIDUAL-MARGIN-TOTAL-V1,5f148219527b07d85261d3f196ace97a5eb5646271d43596032a692389abc579,2c5cc1af74fc5f3955e44361b82b791710e4b63bbc69b0c15570617e2d86e543,True
2022_03_JAX_LAC,2022,3,LAC,JAX,0.7472950712759717,9.022311389344662,47.57303228450509,13.760447360492725,0.5684610129250197,-0.19776072070478362,2021,A0-DYNAMIC-OPPONENT-ADJUSTED-JOINT-SCORE-V1,5f148219527b07d85261d3f196ace97a5eb5646271d43596032a692389abc579,2c5cc1af74fc5f3955e44361b82b791710e4b63bbc69b0c15570617e2d86e543,0.67105,7.6809,49.4757,301.3954147314732,350.98570808080814,-14.0,30.0,27.0,74.0,2021,B0-POSSESSION-DRIVE-SCORE-PROCESS-V1,5f148219527b07d85261d3f196ace97a5eb5646271d43596032a692389abc579,2c5cc1af74fc5f3955e44361b82b791710e4b63bbc69b0c15570617e2d86e543,6.5,46.0,-0.5519885403005114,0.3895738752557931,5.948011459699488,46.38957387525579,historical_closing_late_benchmark_exact_horizon_opaque,2021,C0-MARKET-RESIDUAL-MARGIN-TOTAL-V1,5f148219527b07d85261d3f196ace97a5eb5646271d43596032a692389abc579,2c5cc1af74fc5f3955e44361b82b791710e4b63bbc69b0c15570617e2d86e543,True
2022_03_KC_IND,2022,3,IND,KC,0.3396944807381107,-5.598925160040679,50.89651815541673,13.760447360492725,-0.12179174169533785,-0.14569359424258607,2021,A0-DYNAMIC-OPPONENT-ADJUSTED-JOINT-SCORE-V1,5f148219527b07d85261d3f196ace97a5eb5646271d43596032a692389abc579,2c5cc1af74fc5f3955e44361b82b791710e4b63bbc69b0c15570617e2d86e543,0.43815,-2.8837,55.1093,338.6354378537854,400.57681119111913,-27.0,21.0,30.0,82.0,2021,B0-POSSESSION-DRIVE-SCORE-PROCESS-V1,5f148219527b07d85261d3f196ace97a5eb5646271d43596032a692389abc579,2c5cc1af74fc5f3955e44361b82b791710e4b63bbc69b0c15570617e2d86e543,-4.5,51.0,-0.39770567148392116,-0.21098534083742815,-4.897705671483921,50.789014659162575,historical_closing_late_benchmark_exact_horizon_opaque,2021,C0-MARKET-RESIDUAL-MARGIN-TOTAL-V1,5f148219527b07d85261d3f196ace97a5eb5646271d43596032a692389abc579,2c5cc1af74fc5f3955e44361b82b791710e4b63bbc69b0c15570617e2d86e543,True
2022_03_LA_ARI,2022,3,ARI,LA,0.5264557459398193,0.8990232970199727,46.89412357896294,13.760447360492725,-0.04734665185593765,-0.22959852129205377,2021,A0-DYNAMIC-OPPONENT-ADJUSTED-JOINT-SCORE-V1,5f148219527b07d85261d3f196ace97a5eb5646271d43596032a692389abc579,2c5cc1af74fc5f3955e44361b82b791710e4b63bbc69b0c15570617e2d86e543,0.47095000000000004,-1.2566,50.5204,324.59861630163016,364.8088647264726,-24.0,21.0,27.0,76.0,2021,B0-POSSESSION-DRIVE-SCORE-PROCESS-V1,5f148219527b07d85261d3f196ace97a5eb5646271d43596032a692389abc579,2c5cc1af74fc5f3955e44361b82b791710e4b63bbc69b0c15570617e2d86e543,-3.5,49.0,-0.46459844304315806,0.32964002153199423,-3.9645984430431582,49.32964002153199,historical_closing_late_benchmark_exact_horizon_opaque,2021,C0-MARKET-RESIDUAL-MARGIN-TOTAL-V1,5f148219527b07d85261d3f196ace97a5eb5646271d43596032a692389abc579,2c5cc1af74fc5f3955e44361b82b791710e4b63bbc69b0c15570617e2d86e543,True
2022_03_LV_TEN,2022,3,TEN,LV,0.594294025428337,3.2323747869251704,46.04339995952978,13.760447360492725,0.08787748394708583,0.2609639175331241,2021,A0-DYNAMIC-OPPONENT-ADJUSTED-JOINT-SCORE-V1,5f148219527b07d85261d3f196ace97a5eb5646271d43596032a692389abc579,2c5cc1af74fc5f3955e44361b82b791710e4b63bbc69b0c15570617e2d86e543,0.5382,1.9539,52.3671,322.9678715771577,383.1820557955796,-21.0,25.0,28.0,78.0,2021,B0-POSSESSION-DRIVE-SCORE-PROCESS-V1,5f148219527b07d85261d3f196ace97a5eb5646271d43596032a692389abc579,2c5cc1af74fc5f3955e44361b82b791710e4b63bbc69b0c15570617e2d86e543,-1.5,45.5,-0.22202062418151175,0.08306955038090258,-1.7220206241815117,45.583069550380905,historical_closing_late_benchmark_exact_horizon_opaque,2021,C0-MARKET-RESIDUAL-MARGIN-TOTAL-V1,5f148219527b07d85261d3f196ace97a5eb5646271d43596032a692389abc579,2c5cc1af74fc5f3955e44361b82b791710e4b63bbc69b0c15570617e2d86e543,True
2022_03_NO_CAR,2022,3,CAR,NO,0.4609279431191668,-1.3289070431675505,35.5796412380828,13.760447360492725,-0.08754983043630771,-0.3957521182184246,2021,A0-DYNAMIC-OPPONENT-ADJUSTED-JOINT-SCORE-V1,5f148219527b07d85261d3f196ace97a5eb5646271d43596032a692389abc579,2c5cc1af74fc5f3955e44361b82b791710e4b63bbc69b0c15570617e2d86e543,0.41950000000000004,-3.2276,44.0404,259.9535935993599,304.2101888588859,-24.0,17.0,23.0,67.0,2021,B0-POSSESSION-DRIVE-SCORE-PROCESS-V1,5f148219527b07d85261d3f196ace97a5eb5646271d43596032a692389abc579,2c5cc1af74fc5f3955e44361b82b791710e4b63bbc69b0c15570617e2d86e543,-2.0,41.0,-0.6160322550962372,0.7878950690258218,-2.616032255096237,41.78789506902582,historical_closing_late_benchmark_exact_horizon_opaque,2021,C0-MARKET-RESIDUAL-MARGIN-TOTAL-V1,5f148219527b07d85261d3f196ace97a5eb5646271d43596032a692389abc579,2c5cc1af74fc5f3955e44361b82b791710e4b63bbc69b0c15570617e2d86e543,True
2022_03_PHI_WAS,2022,3,WAS,PHI,0.4689261835191902,-1.0562499383659762,45.356471499475376,13.760447360492725,-0.2884433146322869,0.07333631646031151,2021,A0-DYNAMIC-OPPONENT-ADJUSTED-JOINT-SCORE-V1,5f148219527b07d85261d3f196ace97a5eb5646271d43596032a692389abc579,2c5cc1af74fc5f3955e44361b82b791710e4b63bbc69b0c15570617e2d86e543,0.42605,-3.2108,46.4806,282.57742110211024,326.75329896989695,-24.0,18.0,24.0,71.0,2021,B0-POSSESSION-DRIVE-SCORE-PROCESS-V1,5f148219527b07d85261d3f196ace97a5eb5646271d43596032a692389abc579,2c5cc1af74fc5f3955e44361b82b791710e4b63bbc69b0c15570617e2d86e543,-6.0,47.0,-0.7274554408595575,0.41680363547293087,-6.727455440859558,47.41680363547293,historical_closing_late_benchmark_exact_horizon_opaque,2021,C0-MARKET-RESIDUAL-MARGIN-TOTAL-V1,5f148219527b07d85261d3f196ace97a5eb5646271d43596032a692389abc579,2c5cc1af74fc5f3955e44361b82b791710e4b63bbc69b0c15570617e2d86e543,True
2022_03_PIT_CLE,2022,3,CLE,PIT,0.628431026983516,4.439353542987398,40.23384902690869,13.760447360492725,-0.21075574072646996,0.1110852348108328,2021,A0-DYNAMIC-OPPONENT-ADJUSTED-JOINT-SCORE-V1,5f148219527b07d85261d3f196ace97a5eb5646271d43596032a692389abc579,2c5cc1af74fc5f3955e44361b82b791710e4b63bbc69b0c15570617e2d86e543,0.49835,-0.1723,42.1351,258.31284399439943,288.68411640164015,-21.0,20.0,21.0,65.0,2021,B0-POSSESSION-DRIVE-SCORE-PROCESS-V1,5f148219527b07d85261d3f196ace97a5eb5646271d43596032a692389abc579,2c5cc1af74fc5f3955e44361b82b791710e4b63bbc69b0c15570617e2d86e543,4.5,38.0,-0.396097717059217,0.16538815023657885,4.103902282940783,38.16538815023658,historical_closing_late_benchmark_exact_horizon_opaque,2021,C0-MARKET-RESIDUAL-MARGIN-TOTAL-V1,5f148219527b07d85261d3f196ace97a5eb5646271d43596032a692389abc579,2c5cc1af74fc5f3955e44361b82b791710e4b63bbc69b0c15570617e2d86e543,True
2022_03_SF_DEN,2022,3,DEN,SF,0.45705431953200726,-1.461144367793061,45.07654372433246,13.760447360492725,-0.20480240043246487,0.044141241903845135,2021,A0-DYNAMIC-OPPONENT-ADJUSTED-JOINT-SCORE-V1,5f148219527b07d85261d3f196ace97a5eb5646271d43596032a692389abc579,2c5cc1af74fc5f3955e44361b82b791710e4b63bbc69b0c15570617e2d86e543,0.44015,-2.3999,44.1307,269.6949494849485,313.5205695669567,-24.0,18.0,23.0,68.0,2021,B0-POSSESSION-DRIVE-SCORE-PROCESS-V1,5f148219527b07d85261d3f196ace97a5eb5646271d43596032a692389abc579,2c5cc1af74fc5f3955e44361b82b791710e4b63bbc69b0c15570617e2d86e543,-1.0,44.0,-0.6701813893432326,0.1801169295072631,-1.6701813893432327,44.180116929507264,historical_closing_late_benchmark_exact_horizon_opaque,2021,C0-MARKET-RESIDUAL-MARGIN-TOTAL-V1,5f148219527b07d85261d3f196ace97a5eb5646271d43596032a692389abc579,2c5cc1af74fc5f3955e44361b82b791710e4b63bbc69b0c15570617e2d86e543,True
2022_04_ARI_CAR,2022,4,CAR,ARI,0.44785483010102156,-1.7757778748012,41.44429689737992,13.760447360492725,-0.2232369523631379,-0.09065391674999682,2021,A0-DYNAMIC-OPPONENT-ADJUSTED-JOINT-SCORE-V1,5f148219527b07d85261d3f196ace97a5eb5646271d43596032a692389abc579,2c5cc1af74fc5f3955e44361b82b791710e4b63bbc69b0c15570617e2d86e543,0.48275,-0.6494,46.0476,292.84516415641565,323.2460588458846,-22.0,21.0,24.0,69.0,2021,B0-POSSESSION-DRIVE-SCORE-PROCESS-V1,5f148219527b07d85261d3f196ace97a5eb5646271d43596032a692389abc579,2c5cc1af74fc5f3955e44361b82b791710e4b63bbc69b0c15570617e2d86e543,1.0,44.0,-0.7127747356081134,0.4753782679845148,0.28722526439188656,44.47537826798452,historical_closing_late_benchmark_exact_horizon_opaque,2021,C0-MARKET-RESIDUAL-MARGIN-TOTAL-V1,5f148219527b07d85261d3f196ace97a5eb5646271d43596032a692389abc579,2c5cc1af74fc5f3955e44361b82b791710e4b63bbc69b0c15570617e2d86e543,True
2022_04_BUF_BAL,2022,4,BAL,BUF,0.4311746585361308,-2.348833524245265,48.48253653326109,13.760447360492725,-0.2962951961243727,-0.2738884678373196,2021,A0-DYNAMIC-OPPONENT-ADJUSTED-JOINT-SCORE-V1,5f148219527b07d85261d3f196ace97a5eb5646271d43596032a692389abc579,2c5cc1af74fc5f3955e44361b82b791710e4b63bbc69b0c15570617e2d86e543,0.4515,-2.0696,50.434,314.88044388438846,356.3610801080108,-25.0,20.100000000000364,27.0,75.0,2021,B0-POSSESSION-DRIVE-SCORE-PROCESS-V1,5f148219527b07d85261d3f196ace97a5eb5646271d43596032a692389abc579,2c5cc1af74fc5f3955e44361b82b791710e4b63bbc69b0c15570617e2d86e543,-3.0,50.0,-0.6795442500586151,0.32941047153038117,-3.679544250058615,50.32941047153038,historical_closing_late_benchmark_exact_horizon_opaque,2021,C0-MARKET-RESIDUAL-MARGIN-TOTAL-V1,5f148219527b07d85261d3f196ace97a5eb5646271d43596032a692389abc579,2c5cc1af74fc5f3955e44361b82b791710e4b63bbc69b0c15570617e2d86e543,True
2022_04_CHI_NYG,2022,4,NYG,CHI,0.43033336180880233,-2.3778396885068247,35.333507358792396,13.760447360492725,-0.4295043278382087,-0.039118987451075844,2021,A0-DYNAMIC-OPPONENT-ADJUSTED-JOINT-SCORE-V1,5f148219527b07d85261d3f196ace97a5eb5646271d43596032a692389abc579,2c5cc1af74fc5f3955e44361b82b791710e4b63bbc69b0c15570617e2d86e543,0.446,-2.2289,39.5419,236.930197809781,264.6591103010301,-22.0,17.0,20.0,61.0,2021,B0-POSSESSION-DRIVE-SCORE-PROCESS-V1,5f148219527b07d85261d3f196ace97a5eb5646271d43596032a692389abc579,2c5cc1af74fc5f3955e44361b82b791710e4b63bbc69b0c15570617e2d86e543,3.0,39.0,-0.6392553603032043,0.573246786672357,2.3607446396967955,39.57324678667236,historical_closing_late_benchmark_exact_horizon_opaque,2021,C0-MARKET-RESIDUAL-MARGIN-TOTAL-V1,5f148219527b07d85261d3f196ace97a5eb5646271d43596032a692389abc579,2c5cc1af74fc5f3955e44361b82b791710e4b63bbc69b0c15570617e2d86e543,True
2022_04_CLE_ATL,2022,4,ATL,CLE,0.4513099448672999,-1.6575056137088033,44.928145773764484,13.760447360492725,0.11553919735388643,-0.3320857729533677,2021,A0-DYNAMIC-OPPONENT-ADJUSTED-JOINT-SCORE-V1,5f148219527b07d85261d3f196ace97a5eb5646271d43596032a692389abc579,2c5cc1af74fc5f3955e44361b82b791710e4b63bbc69b0c15570617e2d86e543,0.5628500000000001,2.7712,50.5526,307.3939899589959,368.65069830983094,-19.0,25.0,27.0,76.0,2021,B0-POSSESSION-DRIVE-SCORE-PROCESS-V1,5f148219527b07d85261d3f196ace97a5eb5646271d43596032a692389abc579,2c5cc1af74fc5f3955e44361b82b791710e4b63bbc69b0c15570617e2d86e543,-1.0,48.0,-0.18800972783519992,0.18898820516541232,-1.1880097278352,48.188988205165415,historical_closing_late_benchmark_exact_horizon_opaque,2021,C0-MARKET-RESIDUAL-MARGIN-TOTAL-V1,5f148219527b07d85261d3f196ace97a5eb5646271d43596032a692389abc579,2c5cc1af74fc5f3955e44361b82b791710e4b63bbc69b0c15570617e2d86e543,True
2022_04_DEN_LV,2022,4,LV,DEN,0.5822009884009661,2.81136793843827,44.62810459636697,13.760447360492725,0.06558773787696043,-0.274523861651965,2021,A0-DYNAMIC-OPPONENT-ADJUSTED-JOINT-SCORE-V1,5f148219527b07d85261d3f196ace97a5eb5646271d43596032a692389abc579,2c5cc1af74fc5f3955e44361b82b791710e4b63bbc69b0c15570617e2d86e543,0.5615,2.6248,46.2552,275.53937889788983,314.57413037303735,-18.0,24.0,24.0,70.0,2021,B0-POSSESSION-DRIVE-SCORE-PROCESS-V1,5f148219527b07d85261d3f196ace97a5eb5646271d43596032a692389abc579,2c5cc1af74fc5f3955e44361b82b791710e4b63bbc69b0c15570617e2d86e543,2.5,45.5,-0.43100213372181057,0.36272058389929596,2.0689978662781896,45.862720583899296,historical_closing_late_benchmark_exact_horizon_opaque,2021,C0-MARKET-RESIDUAL-MARGIN-TOTAL-V1,5f148219527b07d85261d3f196ace97a5eb5646271d43596032a692389abc579,2c5cc1af74fc5f3955e44361b82b791710e4b63bbc69b0c15570617e2d86e543,True
2022_04_JAX_PHI,2022,4,PHI,JAX,0.6816043556568077,6.396743786988413,46.104283870001325,13.760447360492725,0.4385660251195336,0.003905766216679332,2021,A0-DYNAMIC-OPPONENT-ADJUSTED-JOINT-SCORE-V1,5f148219527b07d85261d3f196ace97a5eb5646271d43596032a692389abc579,2c5cc1af74fc5f3955e44361b82b791710e4b63bbc69b0c15570617e2d86e543,0.6902,8.5253,45.2755,282.362196129613,320.93709345934593,-12.0,30.0,23.0,69.0,2021,B0-POSSESSION-DRIVE-SCORE-PROCESS-V1,5f148219527b07d85261d3f196ace97a5eb5646271d43596032a692389abc579,2c5cc1af74fc5f3955e44361b82b791710e4b63bbc69b0c15570617e2d86e543,6.5,44.0,-0.2721103447931861,0.04543222429622032,6.227889655206814,44.04543222429622,historical_closing_late_benchmark_exact_horizon_opaque,2021,C0-MARKET-RESIDUAL-MARGIN-TOTAL-V1,5f148219527b07d85261d3f196ace97a5eb5646271d43596032a692389abc579,2c5cc1af74fc5f3955e44361b82b791710e4b63bbc69b0c15570617e2d86e543,True
2022_04_KC_TB,2022,4,TB,KC,0.5094969542465636,0.32252071911745617,52.14780463480512,13.760447360492725,0.11179255231973932,-0.1171790061119713,2021,A0-DYNAMIC-OPPONENT-ADJUSTED-JOINT-SCORE-V1,5f148219527b07d85261d3f196ace97a5eb5646271d43596032a692389abc579,2c5cc1af74fc5f3955e44361b82b791710e4b63bbc69b0c15570617e2d86e543,0.5156000000000001,0.5871,57.0423,365.90360395039505,421.927103420342,-24.0,25.0,31.0,85.0,2021,B0-POSSESSION-DRIVE-SCORE-PROCESS-V1,5f148219527b07d85261d3f196ace97a5eb5646271d43596032a692389abc579,2c5cc1af74fc5f3955e44361b82b791710e4b63bbc69b0c15570617e2d86e543,1.0,46.5,-0.5680576551471738,-0.3624099496689377,0.43194234485282623,46.13759005033106,historical_closing_late_benchmark_exact_horizon_opaque,2021,C0-MARKET-RESIDUAL-MARGIN-TOTAL-V1,5f148219527b07d85261d3f196ace97a5eb5646271d43596032a692389abc579,2c5cc1af74fc5f3955e44361b82b791710e4b63bbc69b0c15570617e2d86e543,True
2022_04_LAC_HOU,2022,4,HOU,LAC,0.41241229415623676,-2.9985416052233873,46.35662461497563,13.760447360492725,-0.3936220773982141,0.23731161348472102,2021,A0-DYNAMIC-OPPONENT-ADJUSTED-JOINT-SCORE-V1,5f148219527b07d85261d3f196ace97a5eb5646271d43596032a692389abc579,2c5cc1af74fc5f3955e44361b82b791710e4b63bbc69b0c15570617e2d86e543,0.4178,-3.6081,51.7403,323.31404579457944,381.7828341934194,-27.0,19.0,28.0,78.0,2021,B0-POSSESSION-DRIVE-SCORE-PROCESS-V1,5f148219527b07d85261d3f196ace97a5eb5646271d43596032a692389abc579,2c5cc1af74fc5f3955e44361b82b791710e4b63bbc69b0c15570617e2d86e543,-5.5,45.0,-0.7155474684677896,0.014656342137114392,-6.21554746846779,45.014656342137116,historical_closing_late_benchmark_exact_horizon_opaque,2021,C0-MARKET-RESIDUAL-MARGIN-TOTAL-V1,5f148219527b07d85261d3f196ace97a5eb5646271d43596032a692389abc579,2c5cc1af74fc5f3955e44361b82b791710e4b63bbc69b0c15570617e2d86e543,True
2022_04_LA_SF,2022,4,SF,LA,0.5936130778866382,3.2085889823401104,45.489803695942015,13.760447360492725,-0.04352390799468188,0.06743487274864608,2021,A0-DYNAMIC-OPPONENT-ADJUSTED-JOINT-SCORE-V1,5f148219527b07d85261d3f196ace97a5eb5646271d43596032a692389abc579,2c5cc1af74fc5f3955e44361b82b791710e4b63bbc69b0c15570617e2d86e543,0.50105,-0.0196,50.5422,321.4715629962996,359.1069298529853,-23.0,23.0,27.0,76.0,2021,B0-POSSESSION-DRIVE-SCORE-PROCESS-V1,5f148219527b07d85261d3f196ace97a5eb5646271d43596032a692389abc579,2c5cc1af74fc5f3955e44361b82b791710e4b63bbc69b0c15570617e2d86e543,1.0,42.0,-0.40859370807144646,-0.07518697647942035,0.5914062919285535,41.92481302352058,historical_closing_late_benchmark_exact_horizon_opaque,2021,C0-MARKET-RESIDUAL-MARGIN-TOTAL-V1,5f148219527b07d85261d3f196ace97a5eb5646271d43596032a692389abc579,2c5cc1af74fc5f3955e44361b82b791710e4b63bbc69b0c15570617e2d86e543,True
2022_04_MIA_CIN,2022,4,CIN,MIA,0.5550512828068962,1.8753617572040717,44.83186447879177,13.760447360492725,0.21420709499072954,-0.0500039996740986,2021,A0-DYNAMIC-OPPONENT-ADJUSTED-JOINT-SCORE-V1,5f148219527b07d85261d3f196ace97a5eb5646271d43596032a692389abc579,2c5cc1af74fc5f3955e44361b82b791710e4b63bbc69b0c15570617e2d86e543,0.5104,0.4549,48.3379,303.313497339734,345.99332292229224,-21.0,23.0,26.0,73.0,2021,B0-POSSESSION-DRIVE-SCORE-PROCESS-V1,5f148219527b07d85261d3f196ace97a5eb5646271d43596032a692389abc579,2c5cc1af74fc5f3955e44361b82b791710e4b63bbc69b0c15570617e2d86e543,4.0,48.5,-0.5179333571810645,0.43297575072189615,3.4820666428189355,48.932975750721894,historical_closing_late_benchmark_exact_horizon_opaque,2021,C0-MARKET-RESIDUAL-MARGIN-TOTAL-V1,5f148219527b07d85261d3f196ace97a5eb5646271d43596032a692389abc579,2c5cc1af74fc5f3955e44361b82b791710e4b63bbc69b0c15570617e2d86e543,True
2022_04_MIN_NO,2022,4,NO,MIN,0.558718440814855,2.0011698713158665,40.54910373747064,13.760447360492725,-0.1924562856166136,0.2694737401807828,2021,A0-DYNAMIC-OPPONENT-ADJUSTED-JOINT-SCORE-V1,5f148219527b07d85261d3f196ace97a5eb5646271d43596032a692389abc579,2c5cc1af74fc5f3955e44361b82b791710e4b63bbc69b0c15570617e2d86e543,0.5878,3.7728,48.0142,284.0129814581458,328.3308314431443,-17.0,25.0,26.0,72.0,2021,B0-POSSESSION-DRIVE-SCORE-PROCESS-V1,5f148219527b07d85261d3f196ace97a5eb5646271d43596032a692389abc579,2c5cc1af74fc5f3955e44361b82b791710e4b63bbc69b0c15570617e2d86e543,-4.0,42.0,-0.4249192102595948,0.3723136422092785,-4.424919210259595,42.37231364220928,historical_closing_late_benchmark_exact_horizon_opaque,2021,C0-MARKET-RESIDUAL-MARGIN-TOTAL-V1,5f148219527b07d85261d3f196ace97a5eb5646271d43596032a692389abc579,2c5cc1af74fc5f3955e44361b82b791710e4b63bbc69b0c15570617e2d86e543,True
2022_04_NE_GB,2022,4,GB,NE,0.610693642234283,3.8084252115473234,50.261455094282276,13.760447360492725,-0.1527096339612648,-0.15195269631796215,2021,A0-DYNAMIC-OPPONENT-ADJUSTED-JOINT-SCORE-V1,5f148219527b07d85261d3f196ace97a5eb5646271d43596032a692389abc579,2c5cc1af74fc5f3955e44361b82b791710e4b63bbc69b0c15570617e2d86e543,0.46990000000000004,-1.5484,49.7752,310.5459120312031,364.1194769076908,-24.0,21.0,26.0,75.0,2021,B0-POSSESSION-DRIVE-SCORE-PROCESS-V1,5f148219527b07d85261d3f196ace97a5eb5646271d43596032a692389abc579,2c5cc1af74fc5f3955e44361b82b791710e4b63bbc69b0c15570617e2d86e543,10.0,40.5,-0.500466397706262,-0.6802866190666412,9.499533602293738,39.81971338093336,historical_closing_late_benchmark_exact_horizon_opaque,2021,C0-MARKET-RESIDUAL-MARGIN-TOTAL-V1,5f148219527b07d85261d3f196ace97a5eb5646271d43596032a692389abc579,2c5cc1af74fc5f3955e44361b82b791710e4b63bbc69b0c15570617e2d86e543,True
2022_04_NYJ_PIT,2022,4,PIT,NYJ,0.6670770858319602,5.850346848410929,39.33252128044937,13.760447360492725,-0.036958211859469584,0.2530268704617966,2021,A0-DYNAMIC-OPPONENT-ADJUSTED-JOINT-SCORE-V1,5f148219527b07d85261d3f196ace97a5eb5646271d43596032a692389abc579,2c5cc1af74fc5f3955e44361b82b791710e4b63bbc69b0c15570617e2d86e543,0.6815,7.6105,42.3121,256.7256623162316,285.1596095509551,-13.0,28.0,22.0,64.0,2021,B0-POSSESSION-DRIVE-SCORE-PROCESS-V1,5f148219527b07d85261d3f196ace97a5eb5646271d43596032a692389abc579,2c5cc1af74fc5f3955e44361b82b791710e4b63bbc69b0c15570617e2d86e543,3.0,41.0,-0.7458965544833236,0.7501419841422771,2.2541034455166766,41.750141984142275,historical_closing_late_benchmark_exact_horizon_opaque,2021,C0-MARKET-RESIDUAL-MARGIN-TOTAL-V1,5f148219527b07d85261d3f196ace97a5eb5646271d43596032a692389abc579,2c5cc1af74fc5f3955e44361b82b791710e4b63bbc69b0c15570617e2d86e543,True
2022_04_SEA_DET,2022,4,DET,SEA,0.4806930024549348,-0.6558682756707697,48.158413340420445,13.760447360492725,-0.11385882723227649,-0.2485188362281081,2021,A0-DYNAMIC-OPPONENT-ADJUSTED-JOINT-SCORE-V1,5f148219527b07d85261d3f196ace97a5eb5646271d43596032a692389abc579,2c5cc1af74fc5f3955e44361b82b791710e4b63bbc69b0c15570617e2d86e543,0.3962,-4.6987,51.0575,316.4169600060006,372.7596697169717,-27.0,17.0,27.0,76.0,2021,B0-POSSESSION-DRIVE-SCORE-PROCESS-V1,5f148219527b07d85261d3f196ace97a5eb5646271d43596032a692389abc579,2c5cc1af74fc5f3955e44361b82b791710e4b63bbc69b0c15570617e2d86e543,3.0,48.5,-0.6605160578079096,0.1089935366552981,2.3394839421920905,48.6089935366553,historical_closing_late_benchmark_exact_horizon_opaque,2021,C0-MARKET-RESIDUAL-MARGIN-TOTAL-V1,5f148219527b07d85261d3f196ace97a5eb5646271d43596032a692389abc579,2c5cc1af74fc5f3955e44361b82b791710e4b63bbc69b0c15570617e2d86e543,True
2022_04_TEN_IND,2022,4,IND,TEN,0.5168841097071869,0.5735088516345179,44.93412957509004,13.760447360492725,0.022691994232110907,-0.10266217601037217,2021,A0-DYNAMIC-OPPONENT-ADJUSTED-JOINT-SCORE-V1,5f148219527b07d85261d3f196ace97a5eb5646271d43596032a692389abc579,2c5cc1af74fc5f3955e44361b82b791710e4b63bbc69b0c15570617e2d86e543,0.5566,2.711,50.4922,310.5091299129913,373.07584674467444,-19.0,25.0,27.0,76.0,2021,B0-POSSESSION-DRIVE-SCORE-PROCESS-V1,5f148219527b07d85261d3f196ace97a5eb5646271d43596032a692389abc579,2c5cc1af74fc5f3955e44361b82b791710e4b63bbc69b0c15570617e2d86e543,4.5,43.0,-0.6105642474038793,0.0810314876303769,3.8894357525961207,43.081031487630376,historical_closing_late_benchmark_exact_horizon_opaque,2021,C0-MARKET-RESIDUAL-MARGIN-TOTAL-V1,5f148219527b07d85261d3f196ace97a5eb5646271d43596032a692389abc579,2c5cc1af74fc5f3955e44361b82b791710e4b63bbc69b0c15570617e2d86e543,True
2022_04_WAS_DAL,2022,4,DAL,WAS,0.7242908803876638,8.06906942585946,43.83960554003021,13.760447360492725,0.6460498011390144,0.10920331164790163,2021,A0-DYNAMIC-OPPONENT-ADJUSTED-JOINT-SCORE-V1,5f148219527b07d85261d3f196ace97a5eb5646271d43596032a692389abc579,2c5cc1af74fc5f3955e44361b82b791710e4b63bbc69b0c15570617e2d86e543,0.69145,8.9199,51.0233,312.4163256225623,360.1233694469447,-13.0,32.0,28.0,76.0,2021,B0-POSSESSION-DRIVE-SCORE-PROCESS-V1,5f148219527b07d85261d3f196ace97a5eb5646271d43596032a692389abc579,2c5cc1af74fc5f3955e44361b82b791710e4b63bbc69b0c15570617e2d86e543,3.0,40.5,0.039219376007589346,-0.2753377856533695,3.039219376007589,40.22466221434663,historical_closing_late_benchmark_exact_horizon_opaque,2021,C0-MARKET-RESIDUAL-MARGIN-TOTAL-V1,5f148219527b07d85261d3f196ace97a5eb5646271d43596032a692389abc579,2c5cc1af74fc5f3955e44361b82b791710e4b63bbc69b0c15570617e2d86e543,True
2022_05_ATL_TB,2022,5,TB,ATL,0.7344045038646181,8.48296621731216,47.24066649986822,13.760447360492725,0.3602629303846125,0.2739968218407106,2021,A0-DYNAMIC-OPPONENT-ADJUSTED-JOINT-SCORE-V1,5f148219527b07d85261d3f196ace97a5eb5646271d43596032a692389abc579,2c5cc1af74fc5f3955e44361b82b791710e4b63bbc69b0c15570617e2d86e543,0.6406,6.7279,55.9531,345.19098068806875,423.47764815481554,-17.0,30.0,31.0,83.0,2021,B0-POSSESSION-DRIVE-SCORE-PROCESS-V1,5f148219527b07d85261d3f196ace97a5eb5646271d43596032a692389abc579,2c5cc1af74fc5f3955e44361b82b791710e4b63bbc69b0c15570617e2d86e543,10.5,46.0,-0.22417422190624603,0.07057333805308431,10.275825778093754,46.07057333805309,historical_closing_late_benchmark_exact_horizon_opaque,2021,C0-MARKET-RESIDUAL-MARGIN-TOTAL-V1,5f148219527b07d85261d3f196ace97a5eb5646271d43596032a692389abc579,2c5cc1af74fc5f3955e44361b82b791710e4b63bbc69b0c15570617e2d86e543,True
2022_05_CHI_MIN,2022,5,MIN,CHI,0.6330954698259967,4.606825243134203,42.24507141889526,13.760447360492725,0.08650822679197105,-0.09696572119735161,2021,A0-DYNAMIC-OPPONENT-ADJUSTED-JOINT-SCORE-V1,5f148219527b07d85261d3f196ace97a5eb5646271d43596032a692389abc579,2c5cc1af74fc5f3955e44361b82b791710e4b63bbc69b0c15570617e2d86e543,0.5909500000000001,3.8907,45.1843,273.465100020002,310.0457380838084,-17.0,25.0,23.0,69.0,2021,B0-POSSESSION-DRIVE-SCORE-PROCESS-V1,5f148219527b07d85261d3f196ace97a5eb5646271d43596032a692389abc579,2c5cc1af74fc5f3955e44361b82b791710e4b63bbc69b0c15570617e2d86e543,10.0,44.0,-0.44438481006841546,0.3478073128615804,9.555615189931585,44.34780731286158,historical_closing_late_benchmark_exact_horizon_opaque,2021,C0-MARKET-RESIDUAL-MARGIN-TOTAL-V1,5f148219527b07d85261d3f196ace97a5eb5646271d43596032a692389abc579,2c5cc1af74fc5f3955e44361b82b791710e4b63bbc69b0c15570617e2d86e543,True
2022_05_CIN_BAL,2022,5,BAL,CIN,0.5221945020945699,0.7540529952157335,46.54637189088953,13.760447360492725,-0.4256116127861184,-0.09473102211812254,2021,A0-DYNAMIC-OPPONENT-ADJUSTED-JOINT-SCORE-V1,5f148219527b07d85261d3f196ace97a5eb5646271d43596032a692389abc579,2c5cc1af74fc5f3955e44361b82b791710e4b63bbc69b0c15570617e2d86e543,0.643,6.4784,49.9306,303.98733217321734,349.3067143114311,-16.0,29.0,27.0,75.0,2021,B0-POSSESSION-DRIVE-SCORE-PROCESS-V1,5f148219527b07d85261d3f196ace97a5eb5646271d43596032a692389abc579,2c5cc1af74fc5f3955e44361b82b791710e4b63bbc69b0c15570617e2d86e543,3.0,47.5,-0.13820971863564618,-0.09179159082433741,2.8617902813643536,47.408208409175664,historical_closing_late_benchmark_exact_horizon_opaque,2021,C0-MARKET-RESIDUAL-MARGIN-TOTAL-V1,5f148219527b07d85261d3f196ace97a5eb5646271d43596032a692389abc579,2c5cc1af74fc5f3955e44361b82b791710e4b63bbc69b0c15570617e2d86e543,True
2022_05_DAL_LA,2022,5,LA,DAL,0.4863052835022594,-0.46512599909872776,45.78484288751132,13.760447360492725,-0.4929825926919983,0.014058136764444576,2021,A0-DYNAMIC-OPPONENT-ADJUSTED-JOINT-SCORE-V1,5f148219527b07d85261d3f196ace97a5eb5646271d43596032a692389abc579,2c5cc1af74fc5f3955e44361b82b791710e4b63bbc69b0c15570617e2d86e543,0.4892,-0.4663,52.4865,324.8751518251825,374.7104887988799,-23.0,23.0,29.0,78.0,2021,B0-POSSESSION-DRIVE-SCORE-PROCESS-V1,5f148219527b07d85261d3f196ace97a5eb5646271d43596032a692389abc579,2c5cc1af74fc5f3955e44361b82b791710e4b63bbc69b0c15570617e2d86e543,5.5,42.0,-0.5658119935569511,-0.36370450864314063,4.934188006443049,41.63629549135686,historical_closing_late_benchmark_exact_horizon_opaque,2021,C0-MARKET-RESIDUAL-MARGIN-TOTAL-V1,5f148219527b07d85261d3f196ace97a5eb5646271d43596032a692389abc579,2c5cc1af74fc5f3955e44361b82b791710e4b63bbc69b0c15570617e2d86e543,True
2022_05_DET_NE,2022,5,NE,DET,0.6948360575546264,6.903612445487187,47.51939400357003,13.760447360492725,0.15912849601336654,0.35912737100710207,2021,A0-DYNAMIC-OPPONENT-ADJUSTED-JOINT-SCORE-V1,5f148219527b07d85261d3f196ace97a5eb5646271d43596032a692389abc579,2c5cc1af74fc5f3955e44361b82b791710e4b63bbc69b0c15570617e2d86e543,0.7631,12.5882,50.9824,313.0675275127513,364.35512575257525,-10.0,35.0,27.0,76.0,2021,B0-POSSESSION-DRIVE-SCORE-PROCESS-V1,5f148219527b07d85261d3f196ace97a5eb5646271d43596032a692389abc579,2c5cc1af74fc5f3955e44361b82b791710e4b63bbc69b0c15570617e2d86e543,3.0,46.5,-0.22071831749929482,0.0023498052637246913,2.779281682500705,46.50234980526373,historical_closing_late_benchmark_exact_horizon_opaque,2021,C0-MARKET-RESIDUAL-MARGIN-TOTAL-V1,5f148219527b07d85261d3f196ace97a5eb5646271d43596032a692389abc579,2c5cc1af74fc5f3955e44361b82b791710e4b63bbc69b0c15570617e2d86e543,True
2022_05_HOU_JAX,2022,5,JAX,HOU,0.6170523643604107,4.033588729448663,41.133486881059966,13.760447360492725,-0.1748389355268056,-0.03955089277993741,2021,A0-DYNAMIC-OPPONENT-ADJUSTED-JOINT-SCORE-V1,5f148219527b07d85261d3f196ace97a5eb5646271d43596032a692389abc579,2c5cc1af74fc5f3955e44361b82b791710e4b63bbc69b0c15570617e2d86e543,0.5298,1.2668,44.0748,268.852703030303,304.917096669667,-20.0,22.0,23.0,68.0,2021,B0-POSSESSION-DRIVE-SCORE-PROCESS-V1,5f148219527b07d85261d3f196ace97a5eb5646271d43596032a692389abc579,2c5cc1af74fc5f3955e44361b82b791710e4b63bbc69b0c15570617e2d86e543,7.0,44.0,-0.44860211356143764,0.5367046263684514,6.551397886438562,44.536704626368454,historical_closing_late_benchmark_exact_horizon_opaque,2021,C0-MARKET-RESIDUAL-MARGIN-TOTAL-V1,5f148219527b07d85261d3f196ace97a5eb5646271d43596032a692389abc579,2c5cc1af74fc5f3955e44361b82b791710e4b63bbc69b0c15570617e2d86e543,True
2022_05_IND_DEN,2022,5,DEN,IND,0.5300607231189625,1.0217467559417344,42.22380419102727,13.760447360492725,-0.17615721605615717,0.11622212012921312,2021,A0-DYNAMIC-OPPONENT-ADJUSTED-JOINT-SCORE-V1,5f148219527b07d85261d3f196ace97a5eb5646271d43596032a692389abc579,2c5cc1af74fc5f3955e44361b82b791710e4b63bbc69b0c15570617e2d86e543,0.4445,-2.346,43.501,261.95607960796076,303.48694769476947,-23.0,18.0,22.0,66.0,2021,B0-POSSESSION-DRIVE-SCORE-PROCESS-V1,5f148219527b07d85261d3f196ace97a5eb5646271d43596032a692389abc579,2c5cc1af74fc5f3955e44361b82b791710e4b63bbc69b0c15570617e2d86e543,3.5,42.0,-0.5892948728292101,0.2755768685951583,2.91070512717079,42.27557686859516,historical_closing_late_benchmark_exact_horizon_opaque,2021,C0-MARKET-RESIDUAL-MARGIN-TOTAL-V1,5f148219527b07d85261d3f196ace97a5eb5646271d43596032a692389abc579,2c5cc1af74fc5f3955e44361b82b791710e4b63bbc69b0c15570617e2d86e543,True
2022_05_LAC_CLE,2022,5,CLE,LAC,0.516001501876875,0.5435124469675081,47.37647052915368,13.760447360492725,-0.5796580200851682,0.48022178556067063,2021,A0-DYNAMIC-OPPONENT-ADJUSTED-JOINT-SCORE-V1,5f148219527b07d85261d3f196ace97a5eb5646271d43596032a692389abc579,2c5cc1af74fc5f3955e44361b82b791710e4b63bbc69b0c15570617e2d86e543,0.47695,-1.1668,52.4082,341.69594735473544,391.94696745674565,-24.0,22.0,28.0,78.0,2021,B0-POSSESSION-DRIVE-SCORE-PROCESS-V1,5f148219527b07d85261d3f196ace97a5eb5646271d43596032a692389abc579,2c5cc1af74fc5f3955e44361b82b791710e4b63bbc69b0c15570617e2d86e543,-1.0,47.0,-0.5889935868711887,0.13562095754757253,-1.5889935868711889,47.13562095754757,historical_closing_late_benchmark_exact_horizon_opaque,2021,C0-MARKET-RESIDUAL-MARGIN-TOTAL-V1,5f148219527b07d85261d3f196ace97a5eb5646271d43596032a692389abc579,2c5cc1af74fc5f3955e44361b82b791710e4b63bbc69b0c15570617e2d86e543,True
2022_05_LV_KC,2022,5,KC,LV,0.728289260844609,8.2317813657539,52.23756523605324,13.760447360492725,0.23236121987453462,0.303995335765338,2021,A0-DYNAMIC-OPPONENT-ADJUSTED-JOINT-SCORE-V1,5f148219527b07d85261d3f196ace97a5eb5646271d43596032a692389abc579,2c5cc1af74fc5f3955e44361b82b791710e4b63bbc69b0c15570617e2d86e543,0.6567,7.5128,57.3642,357.4047766376638,418.98205656565653,-16.0,32.0,32.0,84.10000000000036,2021,B0-POSSESSION-DRIVE-SCORE-PROCESS-V1,5f148219527b07d85261d3f196ace97a5eb5646271d43596032a692389abc579,2c5cc1af74fc5f3955e44361b82b791710e4b63bbc69b0c15570617e2d86e543,7.5,51.5,-0.20126690918039042,0.09538414788829362,7.29873309081961,51.595384147888296,historical_closing_late_benchmark_exact_horizon_opaque,2021,C0-MARKET-RESIDUAL-MARGIN-TOTAL-V1,5f148219527b07d85261d3f196ace97a5eb5646271d43596032a692389abc579,2c5cc1af74fc5f3955e44361b82b791710e4b63bbc69b0c15570617e2d86e543,True
2022_05_MIA_NYJ,2022,5,NYJ,MIA,0.38064183838197335,-4.115510234354392,42.928463543017415,13.760447360492725,-0.0078182879764112,-0.2913930596476697,2021,A0-DYNAMIC-OPPONENT-ADJUSTED-JOINT-SCORE-V1,5f148219527b07d85261d3f196ace97a5eb5646271d43596032a692389abc579,2c5cc1af74fc5f3955e44361b82b791710e4b63bbc69b0c15570617e2d86e543,0.41400000000000003,-3.789,46.91,296.0050795079508,329.6916691669167,-25.0,18.0,25.0,71.0,2021,B0-POSSESSION-DRIVE-SCORE-PROCESS-V1,5f148219527b07d85261d3f196ace97a5eb5646271d43596032a692389abc579,2c5cc1af74fc5f3955e44361b82b791710e4b63bbc69b0c15570617e2d86e543,-3.0,46.0,-0.31606890176567665,0.10080396938225417,-3.316068901765677,46.100803969382255,historical_closing_late_benchmark_exact_horizon_opaque,2021,C0-MARKET-RESIDUAL-MARGIN-TOTAL-V1,5f148219527b07d85261d3f196ace97a5eb5646271d43596032a692389abc579,2c5cc1af74fc5f3955e44361b82b791710e4b63bbc69b0c15570617e2d86e543,True
2022_05_NYG_GB,2022,5,GB,NYG,0.8278884775421782,12.813460419263242,42.9282306453744,13.760447360492725,0.567734082191897,0.027708747284944848,2021,A0-DYNAMIC-OPPONENT-ADJUSTED-JOINT-SCORE-V1,5f148219527b07d85261d3f196ace97a5eb5646271d43596032a692389abc579,2c5cc1af74fc5f3955e44361b82b791710e4b63bbc69b0c15570617e2d86e543,0.745,10.9769,46.3951,280.78444483448345,326.04560055005504,-10.0,32.0,24.0,70.0,2021,B0-POSSESSION-DRIVE-SCORE-PROCESS-V1,5f148219527b07d85261d3f196ace97a5eb5646271d43596032a692389abc579,2c5cc1af74fc5f3955e44361b82b791710e4b63bbc69b0c15570617e2d86e543,8.5,42.0,0.09519644796037247,0.2401967564934963,8.595196447960372,42.240196756493496,historical_closing_late_benchmark_exact_horizon_opaque,2021,C0-MARKET-RESIDUAL-MARGIN-TOTAL-V1,5f148219527b07d85261d3f196ace97a5eb5646271d43596032a692389abc579,2c5cc1af74fc5f3955e44361b82b791710e4b63bbc69b0c15570617e2d86e543,True
2022_05_PHI_ARI,2022,5,ARI,PHI,0.5091894701304956,0.31207654576763133,47.01584642123724,13.760447360492725,-0.18272275804120844,-0.03300075641939604,2021,A0-DYNAMIC-OPPONENT-ADJUSTED-JOINT-SCORE-V1,5f148219527b07d85261d3f196ace97a5eb5646271d43596032a692389abc579,2c5cc1af74fc5f3955e44361b82b791710e4b63bbc69b0c15570617e2d86e543,0.47975,-1.0298,48.4538,304.5411660766077,355.94726028602855,-23.0,21.0,26.0,73.0,2021,B0-POSSESSION-DRIVE-SCORE-PROCESS-V1,5f148219527b07d85261d3f196ace97a5eb5646271d43596032a692389abc579,2c5cc1af74fc5f3955e44361b82b791710e4b63bbc69b0c15570617e2d86e543,-5.5,48.5,-0.4875651982829752,0.24043254662845692,-5.987565198282975,48.740432546628455,historical_closing_late_benchmark_exact_horizon_opaque,2021,C0-MARKET-RESIDUAL-MARGIN-TOTAL-V1,5f148219527b07d85261d3f196ace97a5eb5646271d43596032a692389abc579,2c5cc1af74fc5f3955e44361b82b791710e4b63bbc69b0c15570617e2d86e543,True
2022_05_PIT_BUF,2022,5,BUF,PIT,0.7791242818423366,10.420861283671563,43.184129441070844,13.760447360492725,0.1296671781648646,0.16751963523097155,2021,A0-DYNAMIC-OPPONENT-ADJUSTED-JOINT-SCORE-V1,5f148219527b07d85261d3f196ace97a5eb5646271d43596032a692389abc579,2c5cc1af74fc5f3955e44361b82b791710e4b63bbc69b0c15570617e2d86e543,0.6758,7.5466,43.6468,266.95432387238725,301.25377513751374,-13.0,28.0,23.0,66.0,2021,B0-POSSESSION-DRIVE-SCORE-PROCESS-V1,5f148219527b07d85261d3f196ace97a5eb5646271d43596032a692389abc579,2c5cc1af74fc5f3955e44361b82b791710e4b63bbc69b0c15570617e2d86e543,14.0,44.0,-0.1622554146455692,0.28135470327993867,13.83774458535443,44.28135470327994,historical_closing_late_benchmark_exact_horizon_opaque,2021,C0-MARKET-RESIDUAL-MARGIN-TOTAL-V1,5f148219527b07d85261d3f196ace97a5eb5646271d43596032a692389abc579,2c5cc1af74fc5f3955e44361b82b791710e4b63bbc69b0c15570617e2d86e543,True
2022_05_SEA_NO,2022,5,NO,SEA,0.508595712971711,0.2919091854259861,44.731949495345376,13.760447360492725,-0.3516177783585057,0.142574097610594,2021,A0-DYNAMIC-OPPONENT-ADJUSTED-JOINT-SCORE-V1,5f148219527b07d85261d3f196ace97a5eb5646271d43596032a692389abc579,2c5cc1af74fc5f3955e44361b82b791710e4b63bbc69b0c15570617e2d86e543,0.54255,1.9916,48.877,295.66589602960295,345.54742574257426,-20.0,24.0,26.0,73.0,2021,B0-POSSESSION-DRIVE-SCORE-PROCESS-V1,5f148219527b07d85261d3f196ace97a5eb5646271d43596032a692389abc579,2c5cc1af74fc5f3955e44361b82b791710e4b63bbc69b0c15570617e2d86e543,5.5,45.5,-0.6735797438085593,0.2447259968948315,4.82642025619144,45.74472599689483,historical_closing_late_benchmark_exact_horizon_opaque,2021,C0-MARKET-RESIDUAL-MARGIN-TOTAL-V1,5f148219527b07d85261d3f196ace97a5eb5646271d43596032a692389abc579,2c5cc1af74fc5f3955e44361b82b791710e4b63bbc69b0c15570617e2d86e543,True
2022_05_SF_CAR,2022,5,CAR,SF,0.3541200092621127,-5.069560228824397,39.77120003213085,13.760447360492725,-0.22705969622439368,-0.3876873107906966,2021,A0-DYNAMIC-OPPONENT-ADJUSTED-JOINT-SCORE-V1,5f148219527b07d85261d3f196ace97a5eb5646271d43596032a692389abc579,2c5cc1af74fc5f3955e44361b82b791710e4b63bbc69b0c15570617e2d86e543,0.42550000000000004,-2.9639,46.0807,283.45314210421043,315.3453220422042,-24.0,18.0,24.0,70.0,2021,B0-POSSESSION-DRIVE-SCORE-PROCESS-V1,5f148219527b07d85261d3f196ace97a5eb5646271d43596032a692389abc579,2c5cc1af74fc5f3955e44361b82b791710e4b63bbc69b0c15570617e2d86e543,-6.0,40.0,-0.9439155018033605,0.4393452108872137,-6.94391550180336,40.43934521088721,historical_closing_late_benchmark_exact_horizon_opaque,2021,C0-MARKET-RESIDUAL-MARGIN-TOTAL-V1,5f148219527b07d85261d3f196ace97a5eb5646271d43596032a692389abc579,2c5cc1af74fc5f3955e44361b82b791710e4b63bbc69b0c15570617e2d86e543,True
2022_05_TEN_WAS,2022,5,WAS,TEN,0.4202290410068061,-2.727108555834839,42.67276107923043,13.760447360492725,-0.05820612184391564,-0.22127761894599646,2021,A0-DYNAMIC-OPPONENT-ADJUSTED-JOINT-SCORE-V1,5f148219527b07d85261d3f196ace97a5eb5646271d43596032a692389abc579,2c5cc1af74fc5f3955e44361b82b791710e4b63bbc69b0c15570617e2d86e543,0.4302,-2.8783,47.5589,295.33202231223123,332.60259104910494,-25.0,19.0,25.0,72.0,2021,B0-POSSESSION-DRIVE-SCORE-PROCESS-V1,5f148219527b07d85261d3f196ace97a5eb5646271d43596032a692389abc579,2c5cc1af74fc5f3955e44361b82b791710e4b63bbc69b0c15570617e2d86e543,-1.0,43.0,-0.7259323188129994,0.29066845415535164,-1.7259323188129994,43.29066845415535,historical_closing_late_benchmark_exact_horizon_opaque,2021,C0-MARKET-RESIDUAL-MARGIN-TOTAL-V1,5f148219527b07d85261d3f196ace97a5eb5646271d43596032a692389abc579,2c5cc1af74fc5f3955e44361b82b791710e4b63bbc69b0c15570617e2d86e543,True
2022_06_ARI_SEA,2022,6,SEA,ARI,0.6110945668468873,3.8225903422420764,48.80358236562611,13.760447360492725,0.2159306564316755,0.16252410385783375,2021,A0-DYNAMIC-OPPONENT-ADJUSTED-JOINT-SCORE-V1,5f148219527b07d85261d3f196ace97a5eb5646271d43596032a692389abc579,2c5cc1af74fc5f3955e44361b82b791710e4b63bbc69b0c15570617e2d86e543,0.5908,4.0897,49.3999,318.50570448044806,368.0937893689369,-18.0,27.0,26.0,75.0,2021,B0-POSSESSION-DRIVE-SCORE-PROCESS-V1,5f148219527b07d85261d3f196ace97a5eb5646271d43596032a692389abc579,2c5cc1af74fc5f3955e44361b82b791710e4b63bbc69b0c15570617e2d86e543,-2.5,50.0,-0.31209833201902537,0.19740617695333074,-2.8120983320190254,50.19740617695333,historical_closing_late_benchmark_exact_horizon_opaque,2021,C0-MARKET-RESIDUAL-MARGIN-TOTAL-V1,5f148219527b07d85261d3f196ace97a5eb5646271d43596032a692389abc579,2c5cc1af74fc5f3955e44361b82b791710e4b63bbc69b0c15570617e2d86e543,True
2022_06_BAL_NYG,2022,6,NYG,BAL,0.3797930194605531,-4.145705272490986,41.56424151235616,13.760447360492725,-0.23633083946888456,-0.0006307926075021439,2021,A0-DYNAMIC-OPPONENT-ADJUSTED-JOINT-SCORE-V1,5f148219527b07d85261d3f196ace97a5eb5646271d43596032a692389abc579,2c5cc1af74fc5f3955e44361b82b791710e4b63bbc69b0c15570617e2d86e543,0.33475,-7.0798,44.555,270.24345630563056,305.9737723772377,-28.0,14.0,23.0,67.0,2021,B0-POSSESSION-DRIVE-SCORE-PROCESS-V1,5f148219527b07d85261d3f196ace97a5eb5646271d43596032a692389abc579,2c5cc1af74fc5f3955e44361b82b791710e4b63bbc69b0c15570617e2d86e543,-5.5,46.0,-0.7651602437910541,0.7458755323909635,-6.265160243791054,46.74587553239096,historical_closing_late_benchmark_exact_horizon_opaque,2021,C0-MARKET-RESIDUAL-MARGIN-TOTAL-V1,5f148219527b07d85261d3f196ace97a5eb5646271d43596032a692389abc579,2c5cc1af74fc5f3955e44361b82b791710e4b63bbc69b0c15570617e2d86e543,True
2022_06_BUF_KC,2022,6,KC,BUF,0.5480106028406548,1.6342623791289306,53.818179780100465,13.760447360492725,0.023586656527425046,0.002655654579175437,2021,A0-DYNAMIC-OPPONENT-ADJUSTED-JOINT-SCORE-V1,5f148219527b07d85261d3f196ace97a5eb5646271d43596032a692389abc579,2c5cc1af74fc5f3955e44361b82b791710e4b63bbc69b0c15570617e2d86e543,0.4969,-0.1275,54.2761,334.91473522352237,412.14928371837186,-23.0,23.0,30.0,81.0,2021,B0-POSSESSION-DRIVE-SCORE-PROCESS-V1,5f148219527b07d85261d3f196ace97a5eb5646271d43596032a692389abc579,2c5cc1af74fc5f3955e44361b82b791710e4b63bbc69b0c15570617e2d86e543,-2.5,54.0,-0.29247380897819786,-0.015495713412178869,-2.792473808978198,53.98450428658782,historical_closing_late_benchmark_exact_horizon_opaque,2021,C0-MARKET-RESIDUAL-MARGIN-TOTAL-V1,5f148219527b07d85261d3f196ace97a5eb5646271d43596032a692389abc579,2c5cc1af74fc5f3955e44361b82b791710e4b63bbc69b0c15570617e2d86e543,True
2022_06_CAR_LA,2022,6,LA,CAR,0.7194865026120474,7.875083191381117,39.352865325548166,13.760447360492725,0.27058360421907557,0.32025243804205056,2021,A0-DYNAMIC-OPPONENT-ADJUSTED-JOINT-SCORE-V1,5f148219527b07d85261d3f196ace97a5eb5646271d43596032a692389abc579,2c5cc1af74fc5f3955e44361b82b791710e4b63bbc69b0c15570617e2d86e543,0.6349,5.8432,45.3066,274.6550792679268,309.4683432743274,-15.0,27.0,24.0,68.0,2021,B0-POSSESSION-DRIVE-SCORE-PROCESS-V1,5f148219527b07d85261d3f196ace97a5eb5646271d43596032a692389abc579,2c5cc1af74fc5f3955e44361b82b791710e4b63bbc69b0c15570617e2d86e543,10.0,41.5,-0.26044038746855225,0.4561650946383086,9.739559612531448,41.95616509463831,historical_closing_late_benchmark_exact_horizon_opaque,2021,C0-MARKET-RESIDUAL-MARGIN-TOTAL-V1,5f148219527b07d85261d3f196ace97a5eb5646271d43596032a692389abc579,2c5cc1af74fc5f3955e44361b82b791710e4b63bbc69b0c15570617e2d86e543,True
2022_06_CIN_NO,2022,6,NO,CIN,0.5296238838367047,1.0068712655814274,41.664507498911405,13.760447360492725,-0.3383861832414368,0.11626519170888236,2021,A0-DYNAMIC-OPPONENT-ADJUSTED-JOINT-SCORE-V1,5f148219527b07d85261d3f196ace97a5eb5646271d43596032a692389abc579,2c5cc1af74fc5f3955e44361b82b791710e4b63bbc69b0c15570617e2d86e543,0.66335,7.1984,48.4546,291.36357379737973,333.5264914891489,-14.0,29.0,26.0,73.0,2021,B0-POSSESSION-DRIVE-SCORE-PROCESS-V1,5f148219527b07d85261d3f196ace97a5eb5646271d43596032a692389abc579,2c5cc1af74fc5f3955e44361b82b791710e4b63bbc69b0c15570617e2d86e543,-3.0,42.5,-0.4984270440843053,0.2810315993924124,-3.4984270440843055,42.78103159939241,historical_closing_late_benchmark_exact_horizon_opaque,2021,C0-MARKET-RESIDUAL-MARGIN-TOTAL-V1,5f148219527b07d85261d3f196ace97a5eb5646271d43596032a692389abc579,2c5cc1af74fc5f3955e44361b82b791710e4b63bbc69b0c15570617e2d86e543,True
2022_06_DAL_PHI,2022,6,PHI,DAL,0.5280371779044383,0.9528499653705715,46.24112379823569,13.760447360492725,-0.35760648650672755,-0.18253962810821314,2021,A0-DYNAMIC-OPPONENT-ADJUSTED-JOINT-SCORE-V1,5f148219527b07d85261d3f196ace97a5eb5646271d43596032a692389abc579,2c5cc1af74fc5f3955e44361b82b791710e4b63bbc69b0c15570617e2d86e543,0.4814,-0.7966,50.7382,316.44227266726676,363.17417817781774,-23.0,22.0,27.0,76.0,2021,B0-POSSESSION-DRIVE-SCORE-PROCESS-V1,5f148219527b07d85261d3f196ace97a5eb5646271d43596032a692389abc579,2c5cc1af74fc5f3955e44361b82b791710e4b63bbc69b0c15570617e2d86e543,6.5,42.5,-0.6294568467528718,-0.28660524243796637,5.870543153247128,42.213394757562035,historical_closing_late_benchmark_exact_horizon_opaque,2021,C0-MARKET-RESIDUAL-MARGIN-TOTAL-V1,5f148219527b07d85261d3f196ace97a5eb5646271d43596032a692389abc579,2c5cc1af74fc5f3955e44361b82b791710e4b63bbc69b0c15570617e2d86e543,True
2022_06_DEN_LAC,2022,6,LAC,DEN,0.6336773862666262,4.627767270712024,45.71207243894325,13.760447360492725,0.5135974024179036,-0.5098403664466119,2021,A0-DYNAMIC-OPPONENT-ADJUSTED-JOINT-SCORE-V1,5f148219527b07d85261d3f196ace97a5eb5646271d43596032a692389abc579,2c5cc1af74fc5f3955e44361b82b791710e4b63bbc69b0c15570617e2d86e543,0.59235,4.0346,47.3198,294.1712199619962,340.2635543154315,-17.0,26.0,25.0,72.0,2021,B0-POSSESSION-DRIVE-SCORE-PROCESS-V1,5f148219527b07d85261d3f196ace97a5eb5646271d43596032a692389abc579,2c5cc1af74fc5f3955e44361b82b791710e4b63bbc69b0c15570617e2d86e543,3.5,45.5,0.1566691624082091,-0.21062975648414778,3.656669162408209,45.289370243515854,historical_closing_late_benchmark_exact_horizon_opaque,2021,C0-MARKET-RESIDUAL-MARGIN-TOTAL-V1,5f148219527b07d85261d3f196ace97a5eb5646271d43596032a692389abc579,2c5cc1af74fc5f3955e44361b82b791710e4b63bbc69b0c15570617e2d86e543,True
2022_06_JAX_IND,2022,6,IND,JAX,0.648293594733167,5.15757158492379,41.71562142368096,13.760447360492725,0.23102082656327322,0.19585752561261516,2021,A0-DYNAMIC-OPPONENT-ADJUSTED-JOINT-SCORE-V1,5f148219527b07d85261d3f196ace97a5eb5646271d43596032a692389abc579,2c5cc1af74fc5f3955e44361b82b791710e4b63bbc69b0c15570617e2d86e543,0.64915,6.5283,45.9409,284.09880899089904,323.5415613461346,-14.0,28.0,24.0,70.0,2021,B0-POSSESSION-DRIVE-SCORE-PROCESS-V1,5f148219527b07d85261d3f196ace97a5eb5646271d43596032a692389abc579,2c5cc1af74fc5f3955e44361b82b791710e4b63bbc69b0c15570617e2d86e543,1.0,41.0,-0.7430514860837121,0.6059105688667022,0.2569485139162879,41.605910568866705,historical_closing_late_benchmark_exact_horizon_opaque,2021,C0-MARKET-RESIDUAL-MARGIN-TOTAL-V1,5f148219527b07d85261d3f196ace97a5eb5646271d43596032a692389abc579,2c5cc1af74fc5f3955e44361b82b791710e4b63bbc69b0c15570617e2d86e543,True
2022_06_MIN_MIA,2022,6,MIA,MIN,0.5592792396256218,2.020423985065385,45.779324526978,13.760447360492725,-0.0682771973659063,0.20321254814599904,2021,A0-DYNAMIC-OPPONENT-ADJUSTED-JOINT-SCORE-V1,5f148219527b07d85261d3f196ace97a5eb5646271d43596032a692389abc579,2c5cc1af74fc5f3955e44361b82b791710e4b63bbc69b0c15570617e2d86e543,0.4482,-2.478,48.6792,300.97621362136215,341.22380974097405,-24.0,19.0,26.0,73.0,2021,B0-POSSESSION-DRIVE-SCORE-PROCESS-V1,5f148219527b07d85261d3f196ace97a5eb5646271d43596032a692389abc579,2c5cc1af74fc5f3955e44361b82b791710e4b63bbc69b0c15570617e2d86e543,-3.0,45.0,-0.429688086892991,0.12263804212828142,-3.429688086892991,45.12263804212828,historical_closing_late_benchmark_exact_horizon_opaque,2021,C0-MARKET-RESIDUAL-MARGIN-TOTAL-V1,5f148219527b07d85261d3f196ace97a5eb5646271d43596032a692389abc579,2c5cc1af74fc5f3955e44361b82b791710e4b63bbc69b0c15570617e2d86e543,True
2022_06_NE_CLE,2022,6,CLE,NE,0.4791703120115229,-0.7076401737214937,45.64129155045665,13.760447360492725,-0.5282405994512391,0.03842341642177602,2021,A0-DYNAMIC-OPPONENT-ADJUSTED-JOINT-SCORE-V1,5f148219527b07d85261d3f196ace97a5eb5646271d43596032a692389abc579,2c5cc1af74fc5f3955e44361b82b791710e4b63bbc69b0c15570617e2d86e543,0.32094999999999996,-7.9784,47.4798,297.9517286128613,339.77656961696164,-30.0,14.0,24.0,72.0,2021,B0-POSSESSION-DRIVE-SCORE-PROCESS-V1,5f148219527b07d85261d3f196ace97a5eb5646271d43596032a692389abc579,2c5cc1af74fc5f3955e44361b82b791710e4b63bbc69b0c15570617e2d86e543,2.5,43.0,-0.690813668754681,0.004394733521723093,1.8091863312453191,43.00439473352172,historical_closing_late_benchmark_exact_horizon_opaque,2021,C0-MARKET-RESIDUAL-MARGIN-TOTAL-V1,5f148219527b07d85261d3f196ace97a5eb5646271d43596032a692389abc579,2c5cc1af74fc5f3955e44361b82b791710e4b63bbc69b0c15570617e2d86e543,True
2022_06_NYJ_GB,2022,6,GB,NYJ,0.7617133548329881,9.64307207721686,47.841940305615154,13.760447360492725,0.12781701290403483,0.17373599253289126,2021,A0-DYNAMIC-OPPONENT-ADJUSTED-JOINT-SCORE-V1,5f148219527b07d85261d3f196ace97a5eb5646271d43596032a692389abc579,2c5cc1af74fc5f3955e44361b82b791710e4b63bbc69b0c15570617e2d86e543,0.74895,11.9788,50.924,322.0517557355736,377.3859625962597,-10.0,35.0,27.0,76.0,2021,B0-POSSESSION-DRIVE-SCORE-PROCESS-V1,5f148219527b07d85261d3f196ace97a5eb5646271d43596032a692389abc579,2c5cc1af74fc5f3955e44361b82b791710e4b63bbc69b0c15570617e2d86e543,7.5,44.5,-0.1116041877877903,-0.10657857150001226,7.3883958122122095,44.39342142849999,historical_closing_late_benchmark_exact_horizon_opaque,2021,C0-MARKET-RESIDUAL-MARGIN-TOTAL-V1,5f148219527b07d85261d3f196ace97a5eb5646271d43596032a692389abc579,2c5cc1af74fc5f3955e44361b82b791710e4b63bbc69b0c15570617e2d86e543,True
2022_06_SF_ATL,2022,6,ATL,SF,0.39321228977750977,-3.6706392138313184,45.528010714699846,13.760447360492725,-0.155323820745843,-0.3175631119354638,2021,A0-DYNAMIC-OPPONENT-ADJUSTED-JOINT-SCORE-V1,5f148219527b07d85261d3f196ace97a5eb5646271d43596032a692389abc579,2c5cc1af74fc5f3955e44361b82b791710e4b63bbc69b0c15570617e2d86e543,0.4647,-1.4862,53.4184,331.0485144114411,391.3854799879988,-24.0,22.0,29.0,80.0,2021,B0-POSSESSION-DRIVE-SCORE-PROCESS-V1,5f148219527b07d85261d3f196ace97a5eb5646271d43596032a692389abc579,2c5cc1af74fc5f3955e44361b82b791710e4b63bbc69b0c15570617e2d86e543,-3.5,46.0,-0.7443547056355085,0.2709685151182206,-4.244354705635509,46.27096851511822,historical_closing_late_benchmark_exact_horizon_opaque,2021,C0-MARKET-RESIDUAL-MARGIN-TOTAL-V1,5f148219527b07d85261d3f196ace97a5eb5646271d43596032a692389abc579,2c5cc1af74fc5f3955e44361b82b791710e4b63bbc69b0c15570617e2d86e543,True
2022_06_TB_PIT,2022,6,PIT,TB,0.35930202420279156,-4.8813146437949975,43.32860569180562,13.760447360492725,-0.265046387012029,-0.052996283698175696,2021,A0-DYNAMIC-OPPONENT-ADJUSTED-JOINT-SCORE-V1,5f148219527b07d85261d3f196ace97a5eb5646271d43596032a692389abc579,2c5cc1af74fc5f3955e44361b82b791710e4b63bbc69b0c15570617e2d86e543,0.37235,-5.4905,47.7015,290.9878085308531,333.3185296029603,-27.0,16.0,25.0,72.0,2021,B0-POSSESSION-DRIVE-SCORE-PROCESS-V1,5f148219527b07d85261d3f196ace97a5eb5646271d43596032a692389abc579,2c5cc1af74fc5f3955e44361b82b791710e4b63bbc69b0c15570617e2d86e543,-10.0,47.0,-0.7400496936970996,0.45742354465081125,-10.740049693697099,47.45742354465081,historical_closing_late_benchmark_exact_horizon_opaque,2021,C0-MARKET-RESIDUAL-MARGIN-TOTAL-V1,5f148219527b07d85261d3f196ace97a5eb5646271d43596032a692389abc579,2c5cc1af74fc5f3955e44361b82b791710e4b63bbc69b0c15570617e2d86e543,True
2022_06_WAS_CHI,2022,6,CHI,WAS,0.5671477176601514,2.291024534015129,39.07722042890317,13.760447360492725,0.07598149348889081,0.026253109605289017,2021,A0-DYNAMIC-OPPONENT-ADJUSTED-JOINT-SCORE-V1,5f148219527b07d85261d3f196ace97a5eb5646271d43596032a692389abc579,2c5cc1af74fc5f3955e44361b82b791710e4b63bbc69b0c15570617e2d86e543,0.55335,2.1383,42.9691,265.7035434643464,292.45099028902894,-18.0,23.0,22.0,66.0,2021,B0-POSSESSION-DRIVE-SCORE-PROCESS-V1,5f148219527b07d85261d3f196ace97a5eb5646271d43596032a692389abc579,2c5cc1af74fc5f3955e44361b82b791710e4b63bbc69b0c15570617e2d86e543,-1.0,38.5,-0.4268884508186949,0.24407389889548559,-1.426888450818695,38.744073898895486,historical_closing_late_benchmark_exact_horizon_opaque,2021,C0-MARKET-RESIDUAL-MARGIN-TOTAL-V1,5f148219527b07d85261d3f196ace97a5eb5646271d43596032a692389abc579,2c5cc1af74fc5f3955e44361b82b791710e4b63bbc69b0c15570617e2d86e543,True
2022_07_ATL_CIN,2022,7,CIN,ATL,0.6633654873764478,5.712294846784594,47.169767222592235,13.760447360492725,0.3542001381991938,0.2093627276543094,2021,A0-DYNAMIC-OPPONENT-ADJUSTED-JOINT-SCORE-V1,5f148219527b07d85261d3f196ace97a5eb5646271d43596032a692389abc579,2c5cc1af74fc5f3955e44361b82b791710e4b63bbc69b0c15570617e2d86e543,0.4805,-0.5621,52.4995,312.2767712671267,374.94709445944596,-23.0,22.0,29.0,77.0,2021,B0-POSSESSION-DRIVE-SCORE-PROCESS-V1,5f148219527b07d85261d3f196ace97a5eb5646271d43596032a692389abc579,2c5cc1af74fc5f3955e44361b82b791710e4b63bbc69b0c15570617e2d86e543,6.5,47.5,-0.3297691692143574,0.19012580110798774,6.170230830785643,47.69012580110799,historical_closing_late_benchmark_exact_horizon_opaque,2021,C0-MARKET-RESIDUAL-MARGIN-TOTAL-V1,5f148219527b07d85261d3f196ace97a5eb5646271d43596032a692389abc579,2c5cc1af74fc5f3955e44361b82b791710e4b63bbc69b0c15570617e2d86e543,True
2022_07_CHI_NE,2022,7,NE,CHI,0.7207407028757826,7.925566853406377,42.3079454260712,13.760447360492725,0.2909393883149532,0.14054245615183114,2021,A0-DYNAMIC-OPPONENT-ADJUSTED-JOINT-SCORE-V1,5f148219527b07d85261d3f196ace97a5eb5646271d43596032a692389abc579,2c5cc1af74fc5f3955e44361b82b791710e4b63bbc69b0c15570617e2d86e543,0.7145499999999999,9.5379,44.3677,273.359499539954,308.67496420642067,-11.0,31.0,23.0,68.0,2021,B0-POSSESSION-DRIVE-SCORE-PROCESS-V1,5f148219527b07d85261d3f196ace97a5eb5646271d43596032a692389abc579,2c5cc1af74fc5f3955e44361b82b791710e4b63bbc69b0c15570617e2d86e543,9.5,40.0,0.21998923653580832,-0.3652573699484647,9.719989236535808,39.634742630051534,historical_closing_late_benchmark_exact_horizon_opaque,2021,C0-MARKET-RESIDUAL-MARGIN-TOTAL-V1,5f148219527b07d85261d3f196ace97a5eb5646271d43596032a692389abc579,2c5cc1af74fc5f3955e44361b82b791710e4b63bbc69b0c15570617e2d86e543,True
2022_07_CLE_BAL,2022,7,BAL,CLE,0.5903338471132341,3.094180983153347,45.13579756277788,13.760447360492725,0.04412772276696186,-0.21745406741718087,2021,A0-DYNAMIC-OPPONENT-ADJUSTED-JOINT-SCORE-V1,5f148219527b07d85261d3f196ace97a5eb5646271d43596032a692389abc579,2c5cc1af74fc5f3955e44361b82b791710e4b63bbc69b0c15570617e2d86e543,0.6739999999999999,7.7785,48.8449,310.49368711871193,355.8206260526053,-14.0,30.0,26.0,74.0,2021,B0-POSSESSION-DRIVE-SCORE-PROCESS-V1,5f148219527b07d85261d3f196ace97a5eb5646271d43596032a692389abc579,2c5cc1af74fc5f3955e44361b82b791710e4b63bbc69b0c15570617e2d86e543,6.5,46.0,-0.4787260089657436,0.3984411785857862,6.021273991034256,46.398441178585784,historical_closing_late_benchmark_exact_horizon_opaque,2021,C0-MARKET-RESIDUAL-MARGIN-TOTAL-V1,5f148219527b07d85261d3f196ace97a5eb5646271d43596032a692389abc579,2c5cc1af74fc5f3955e44361b82b791710e4b63bbc69b0c15570617e2d86e543,True
2022_07_DET_DAL,2022,7,DAL,DET,0.6616249062158541,5.647758985205048,44.99245474621512,13.760447360492725,0.43825741534853696,0.30153511689788354,2021,A0-DYNAMIC-OPPONENT-ADJUSTED-JOINT-SCORE-V1,5f148219527b07d85261d3f196ace97a5eb5646271d43596032a692389abc579,2c5cc1af74fc5f3955e44361b82b791710e4b63bbc69b0c15570617e2d86e543,0.73165,11.3078,54.0564,340.09606876687667,399.0991289528953,-12.0,35.0,30.0,80.0,2021,B0-POSSESSION-DRIVE-SCORE-PROCESS-V1,5f148219527b07d85261d3f196ace97a5eb5646271d43596032a692389abc579,2c5cc1af74fc5f3955e44361b82b791710e4b63bbc69b0c15570617e2d86e543,7.0,49.5,0.7263326087411404,-0.4644425669638512,7.72633260874114,49.035557433036146,historical_closing_late_benchmark_exact_horizon_opaque,2021,C0-MARKET-RESIDUAL-MARGIN-TOTAL-V1,5f148219527b07d85261d3f196ace97a5eb5646271d43596032a692389abc579,2c5cc1af74fc5f3955e44361b82b791710e4b63bbc69b0c15570617e2d86e543,True
2022_07_GB_WAS,2022,7,WAS,GB,0.42154822601551123,-2.681411191675757,44.96603969861789,13.760447360492725,-0.21421124784257917,-0.01484286943915802,2021,A0-DYNAMIC-OPPONENT-ADJUSTED-JOINT-SCORE-V1,5f148219527b07d85261d3f196ace97a5eb5646271d43596032a692389abc579,2c5cc1af74fc5f3955e44361b82b791710e4b63bbc69b0c15570617e2d86e543,0.38775000000000004,-5.1075,49.5999,304.535797329733,351.1453345234524,-28.0,17.0,27.0,75.0,2021,B0-POSSESSION-DRIVE-SCORE-PROCESS-V1,5f148219527b07d85261d3f196ace97a5eb5646271d43596032a692389abc579,2c5cc1af74fc5f3955e44361b82b791710e4b63bbc69b0c15570617e2d86e543,-4.0,41.5,-1.1546952817415619,0.2929489507581978,-5.154695281741562,41.792948950758195,historical_closing_late_benchmark_exact_horizon_opaque,2021,C0-MARKET-RESIDUAL-MARGIN-TOTAL-V1,5f148219527b07d85261d3f196ace97a5eb5646271d43596032a692389abc579,2c5cc1af74fc5f3955e44361b82b791710e4b63bbc69b0c15570617e2d86e543,True
2022_07_HOU_LV,2022,7,LV,HOU,0.6685096437344602,5.903792627730095,43.89111302938875,13.760447360492725,-0.05438758714272912,-0.00199510869007416,2021,A0-DYNAMIC-OPPONENT-ADJUSTED-JOINT-SCORE-V1,5f148219527b07d85261d3f196ace97a5eb5646271d43596032a692389abc579,2c5cc1af74fc5f3955e44361b82b791710e4b63bbc69b0c15570617e2d86e543,0.62745,6.1325,51.5113,320.1613598859886,370.5299253025303,-16.0,29.0,28.0,77.0,2021,B0-POSSESSION-DRIVE-SCORE-PROCESS-V1,5f148219527b07d85261d3f196ace97a5eb5646271d43596032a692389abc579,2c5cc1af74fc5f3955e44361b82b791710e4b63bbc69b0c15570617e2d86e543,7.0,46.0,-0.17812733634422445,0.3051401510705323,6.821872663655776,46.30514015107053,historical_closing_late_benchmark_exact_horizon_opaque,2021,C0-MARKET-RESIDUAL-MARGIN-TOTAL-V1,5f148219527b07d85261d3f196ace97a5eb5646271d43596032a692389abc579,2c5cc1af74fc5f3955e44361b82b791710e4b63bbc69b0c15570617e2d86e543,True
2022_07_IND_TEN,2022,7,TEN,IND,0.6838721543332341,6.48296377361439,44.79755203368168,13.760447360492725,-0.022691994232110907,0.10266217601037217,2021,A0-DYNAMIC-OPPONENT-ADJUSTED-JOINT-SCORE-V1,5f148219527b07d85261d3f196ace97a5eb5646271d43596032a692389abc579,2c5cc1af74fc5f3955e44361b82b791710e4b63bbc69b0c15570617e2d86e543,0.5297499999999999,1.3331,50.2411,314.4877931693169,358.77684847484744,-21.0,24.0,27.0,75.0,2021,B0-POSSESSION-DRIVE-SCORE-PROCESS-V1,5f148219527b07d85261d3f196ace97a5eb5646271d43596032a692389abc579,2c5cc1af74fc5f3955e44361b82b791710e4b63bbc69b0c15570617e2d86e543,2.5,43.0,-1.3011750836073854,0.9245386554458801,1.1988249163926146,43.92453865544588,historical_closing_late_benchmark_exact_horizon_opaque,2021,C0-MARKET-RESIDUAL-MARGIN-TOTAL-V1,5f148219527b07d85261d3f196ace97a5eb5646271d43596032a692389abc579,2c5cc1af74fc5f3955e44361b82b791710e4b63bbc69b0c15570617e2d86e543,True
2022_07_KC_SF,2022,7,SF,KC,0.4870054228315625,-0.44133789462127737,51.68452019844255,13.760447360492725,-0.09314655731903018,-0.07361271601721808,2021,A0-DYNAMIC-OPPONENT-ADJUSTED-JOINT-SCORE-V1,5f148219527b07d85261d3f196ace97a5eb5646271d43596032a692389abc579,2c5cc1af74fc5f3955e44361b82b791710e4b63bbc69b0c15570617e2d86e543,0.4504,-2.3078,54.6196,339.1925784178418,397.8328791279128,-26.0,21.0,30.0,81.0,2021,B0-POSSESSION-DRIVE-SCORE-PROCESS-V1,5f148219527b07d85261d3f196ace97a5eb5646271d43596032a692389abc579,2c5cc1af74fc5f3955e44361b82b791710e4b63bbc69b0c15570617e2d86e543,-1.0,49.0,-0.5959148869542131,-0.07829087744667557,-1.5959148869542132,48.921709122553324,historical_closing_late_benchmark_exact_horizon_opaque,2021,C0-MARKET-RESIDUAL-MARGIN-TOTAL-V1,5f148219527b07d85261d3f196ace97a5eb5646271d43596032a692389abc579,2c5cc1af74fc5f3955e44361b82b791710e4b63bbc69b0c15570617e2d86e543,True
2022_07_NO_ARI,2022,7,ARI,NO,0.5312926229556908,1.0637027791464888,42.19785780235767,13.760447360492725,0.1356871219268302,-0.30509820146842775,2021,A0-DYNAMIC-OPPONENT-ADJUSTED-JOINT-SCORE-V1,5f148219527b07d85261d3f196ace97a5eb5646271d43596032a692389abc579,2c5cc1af74fc5f3955e44361b82b791710e4b63bbc69b0c15570617e2d86e543,0.4483,-2.3678,48.8472,299.2784510051005,349.6682189818982,-24.0,20.0,26.0,73.10000000000036,2021,B0-POSSESSION-DRIVE-SCORE-PROCESS-V1,5f148219527b07d85261d3f196ace97a5eb5646271d43596032a692389abc579,2c5cc1af74fc5f3955e44361b82b791710e4b63bbc69b0c15570617e2d86e543,2.5,44.0,-0.5333596205935079,0.39857774127653134,1.966640379406492,44.39857774127653,historical_closing_late_benchmark_exact_horizon_opaque,2021,C0-MARKET-RESIDUAL-MARGIN-TOTAL-V1,5f148219527b07d85261d3f196ace97a5eb5646271d43596032a692389abc579,2c5cc1af74fc5f3955e44361b82b791710e4b63bbc69b0c15570617e2d86e543,True
2022_07_NYG_JAX,2022,7,JAX,NYG,0.6369583491903581,4.746051534701351,39.90786382979319,13.760447360492725,0.2034001238620712,-0.06437620483120401,2021,A0-DYNAMIC-OPPONENT-ADJUSTED-JOINT-SCORE-V1,5f148219527b07d85261d3f196ace97a5eb5646271d43596032a692389abc579,2c5cc1af74fc5f3955e44361b82b791710e4b63bbc69b0c15570617e2d86e543,0.56965,2.6661,39.9477,243.75078586858683,275.9297576857686,-17.0,23.0,20.0,62.0,2021,B0-POSSESSION-DRIVE-SCORE-PROCESS-V1,5f148219527b07d85261d3f196ace97a5eb5646271d43596032a692389abc579,2c5cc1af74fc5f3955e44361b82b791710e4b63bbc69b0c15570617e2d86e543,3.0,44.0,-0.32630906680133354,0.7415128395626301,2.6736909331986665,44.74151283956263,historical_closing_late_benchmark_exact_horizon_opaque,2021,C0-MARKET-RESIDUAL-MARGIN-TOTAL-V1,5f148219527b07d85261d3f196ace97a5eb5646271d43596032a692389abc579,2c5cc1af74fc5f3955e44361b82b791710e4b63bbc69b0c15570617e2d86e543,True
2022_07_NYJ_DEN,2022,7,DEN,NYJ,0.5977607264866726,3.3536245184957494,40.01927192510551,13.760447360492725,-0.181653334918675,0.39373068615857065,2021,A0-DYNAMIC-OPPONENT-ADJUSTED-JOINT-SCORE-V1,5f148219527b07d85261d3f196ace97a5eb5646271d43596032a692389abc579,2c5cc1af74fc5f3955e44361b82b791710e4b63bbc69b0c15570617e2d86e543,0.60725,4.4306,41.1662,249.4511287528753,293.73095065506556,-15.0,24.0,20.0,64.0,2021,B0-POSSESSION-DRIVE-SCORE-PROCESS-V1,5f148219527b07d85261d3f196ace97a5eb5646271d43596032a692389abc579,2c5cc1af74fc5f3955e44361b82b791710e4b63bbc69b0c15570617e2d86e543,-2.0,37.0,-0.22641368029598202,-0.04419680399381387,-2.226413680295982,36.95580319600619,historical_closing_late_benchmark_exact_horizon_opaque,2021,C0-MARKET-RESIDUAL-MARGIN-TOTAL-V1,5f148219527b07d85261d3f196ace97a5eb5646271d43596032a692389abc579,2c5cc1af74fc5f3955e44361b82b791710e4b63bbc69b0c15570617e2d86e543,True
2022_07_PIT_MIA,2022,7,MIA,PIT,0.6346514784932789,4.662847727850497,40.775893919622796,13.760447360492725,0.044776499835880786,0.03836618918587307,2021,A0-DYNAMIC-OPPONENT-ADJUSTED-JOINT-SCORE-V1,5f148219527b07d85261d3f196ace97a5eb5646271d43596032a692389abc579,2c5cc1af74fc5f3955e44361b82b791710e4b63bbc69b0c15570617e2d86e543,0.50865,0.3092,44.4916,265.59315467546753,308.0013295729573,-20.0,21.0,23.0,68.0,2021,B0-POSSESSION-DRIVE-SCORE-PROCESS-V1,5f148219527b07d85261d3f196ace97a5eb5646271d43596032a692389abc579,2c5cc1af74fc5f3955e44361b82b791710e4b63bbc69b0c15570617e2d86e543,7.5,44.5,-0.4126836948592042,0.5420683733281964,7.087316305140796,45.0420683733282,historical_closing_late_benchmark_exact_horizon_opaque,2021,C0-MARKET-RESIDUAL-MARGIN-TOTAL-V1,5f148219527b07d85261d3f196ace97a5eb5646271d43596032a692389abc579,2c5cc1af74fc5f3955e44361b82b791710e4b63bbc69b0c15570617e2d86e543,True
2022_07_SEA_LAC,2022,7,LAC,SEA,0.556388575521098,1.9212205603528645,49.67688325048887,13.760447360492725,0.09668708941501905,-0.3311898343599006,2021,A0-DYNAMIC-OPPONENT-ADJUSTED-JOINT-SCORE-V1,5f148219527b07d85261d3f196ace97a5eb5646271d43596032a692389abc579,2c5cc1af74fc5f3955e44361b82b791710e4b63bbc69b0c15570617e2d86e543,0.47425,-1.0663,53.2033,325.5532596359636,394.02197130713074,-24.0,22.0,29.0,79.0,2021,B0-POSSESSION-DRIVE-SCORE-PROCESS-V1,5f148219527b07d85261d3f196ace97a5eb5646271d43596032a692389abc579,2c5cc1af74fc5f3955e44361b82b791710e4b63bbc69b0c15570617e2d86e543,5.5,51.5,-0.3737502940307633,0.03088652076440218,5.1262497059692365,51.530886520764405,historical_closing_late_benchmark_exact_horizon_opaque,2021,C0-MARKET-RESIDUAL-MARGIN-TOTAL-V1,5f148219527b07d85261d3f196ace97a5eb5646271d43596032a692389abc579,2c5cc1af74fc5f3955e44361b82b791710e4b63bbc69b0c15570617e2d86e543,True
2022_07_TB_CAR,2022,7,CAR,TB,0.2877315100065606,-7.5866318169312414,41.70098638839215,13.760447360492725,-0.4319988058631632,-0.3441210206959434,2021,A0-DYNAMIC-OPPONENT-ADJUSTED-JOINT-SCORE-V1,5f148219527b07d85261d3f196ace97a5eb5646271d43596032a692389abc579,2c5cc1af74fc5f3955e44361b82b791710e4b63bbc69b0c15570617e2d86e543,0.36365000000000003,-6.1733,48.0031,300.0160687168717,342.95558594859483,-28.0,15.0,25.0,72.0,2021,B0-POSSESSION-DRIVE-SCORE-PROCESS-V1,5f148219527b07d85261d3f196ace97a5eb5646271d43596032a692389abc579,2c5cc1af74fc5f3955e44361b82b791710e4b63bbc69b0c15570617e2d86e543,-13.0,39.5,-0.8505205755261436,0.06387180830227698,-13.850520575526144,39.563871808302274,historical_closing_late_benchmark_exact_horizon_opaque,2021,C0-MARKET-RESIDUAL-MARGIN-TOTAL-V1,5f148219527b07d85261d3f196ace97a5eb5646271d43596032a692389abc579,2c5cc1af74fc5f3955e44361b82b791710e4b63bbc69b0c15570617e2d86e543,True
2022_08_ARI_MIN,2022,8,MIN,ARI,0.627457943466949,4.4045022637666875,46.004397424506735,13.760447360492725,0.056769163689783415,0.03562446128764496,2021,A0-DYNAMIC-OPPONENT-ADJUSTED-JOINT-SCORE-V1,5f148219527b07d85261d3f196ace97a5eb5646271d43596032a692389abc579,2c5cc1af74fc5f3955e44361b82b791710e4b63bbc69b0c15570617e2d86e543,0.5676,3.0528,49.3808,300.0934215021502,349.9417855385538,-19.0,25.0,26.0,74.0,2021,B0-POSSESSION-DRIVE-SCORE-PROCESS-V1,5f148219527b07d85261d3f196ace97a5eb5646271d43596032a692389abc579,2c5cc1af74fc5f3955e44361b82b791710e4b63bbc69b0c15570617e2d86e543,4.0,48.5,-0.9857516404687969,0.834900623502029,3.0142483595312033,49.33490062350203,historical_closing_late_benchmark_exact_horizon_opaque,2021,C0-MARKET-RESIDUAL-MARGIN-TOTAL-V1,5f148219527b07d85261d3f196ace97a5eb5646271d43596032a692389abc579,2c5cc1af74fc5f3955e44361b82b791710e4b63bbc69b0c15570617e2d86e543,True
2022_08_BAL_TB,2022,8,TB,BAL,0.651733790846443,5.283395709125813,47.598369834287155,13.760447360492725,0.4316744049715371,0.15936511630452377,2021,A0-DYNAMIC-OPPONENT-ADJUSTED-JOINT-SCORE-V1,5f148219527b07d85261d3f196ace97a5eb5646271d43596032a692389abc579,2c5cc1af74fc5f3955e44361b82b791710e4b63bbc69b0c15570617e2d86e543,0.5597,2.6834,52.3356,327.5279172317231,384.4892215621562,-20.0,26.0,29.0,78.0,2021,B0-POSSESSION-DRIVE-SCORE-PROCESS-V1,5f148219527b07d85261d3f196ace97a5eb5646271d43596032a692389abc579,2c5cc1af74fc5f3955e44361b82b791710e4b63bbc69b0c15570617e2d86e543,2.0,46.0,-0.28139790369278395,0.06226551775637265,1.7186020963072162,46.06226551775637,historical_closing_late_benchmark_exact_horizon_opaque,2021,C0-MARKET-RESIDUAL-MARGIN-TOTAL-V1,5f148219527b07d85261d3f196ace97a5eb5646271d43596032a692389abc579,2c5cc1af74fc5f3955e44361b82b791710e4b63bbc69b0c15570617e2d86e543,True
2022_08_CAR_ATL,2022,8,ATL,CAR,0.6389583762500226,4.818333228499107,41.36615918992113,13.760447360492725,0.07173587547855068,0.0701241988552328,2021,A0-DYNAMIC-OPPONENT-ADJUSTED-JOINT-SCORE-V1,5f148219527b07d85261d3f196ace97a5eb5646271d43596032a692389abc579,2c5cc1af74fc5f3955e44361b82b791710e4b63bbc69b0c15570617e2d86e543,0.5554,2.3652,49.4054,296.91092005200517,340.4358944294429,-19.0,24.0,27.0,74.0,2021,B0-POSSESSION-DRIVE-SCORE-PROCESS-V1,5f148219527b07d85261d3f196ace97a5eb5646271d43596032a692389abc579,2c5cc1af74fc5f3955e44361b82b791710e4b63bbc69b0c15570617e2d86e543,4.5,41.0,-0.3582460500187373,0.29451212763777884,4.141753949981263,41.29451212763778,historical_closing_late_benchmark_exact_horizon_opaque,2021,C0-MARKET-RESIDUAL-MARGIN-TOTAL-V1,5f148219527b07d85261d3f196ace97a5eb5646271d43596032a692389abc579,2c5cc1af74fc5f3955e44361b82b791710e4b63bbc69b0c15570617e2d86e543,True
2022_08_CHI_DAL,2022,8,DAL,CHI,0.7144240543297521,7.672408477408453,41.53063933547258,13.760447360492725,0.5700683076501236,0.08295020204261261,2021,A0-DYNAMIC-OPPONENT-ADJUSTED-JOINT-SCORE-V1,5f148219527b07d85261d3f196ace97a5eb5646271d43596032a692389abc579,2c5cc1af74fc5f3955e44361b82b791710e4b63bbc69b0c15570617e2d86e543,0.6497999999999999,6.693,46.9584,287.9309440944094,329.80765020502054,-14.0,28.0,24.0,71.0,2021,B0-POSSESSION-DRIVE-SCORE-PROCESS-V1,5f148219527b07d85261d3f196ace97a5eb5646271d43596032a692389abc579,2c5cc1af74fc5f3955e44361b82b791710e4b63bbc69b0c15570617e2d86e543,10.5,43.0,-0.4063968443281196,0.3273976971638433,10.09360315567188,43.327397697163846,historical_closing_late_benchmark_exact_horizon_opaque,2021,C0-MARKET-RESIDUAL-MARGIN-TOTAL-V1,5f148219527b07d85261d3f196ace97a5eb5646271d43596032a692389abc579,2c5cc1af74fc5f3955e44361b82b791710e4b63bbc69b0c15570617e2d86e543,True
2022_08_CIN_CLE,2022,8,CLE,CIN,0.47659907107381017,-0.7950869420904674,46.03501768529868,13.760447360492725,-0.4697393355530803,0.12272304529905834,2021,A0-DYNAMIC-OPPONENT-ADJUSTED-JOINT-SCORE-V1,5f148219527b07d85261d3f196ace97a5eb5646271d43596032a692389abc579,2c5cc1af74fc5f3955e44361b82b791710e4b63bbc69b0c15570617e2d86e543,0.47595,-1.0157,48.0813,303.1541689268927,353.7422645364536,-23.0,21.0,25.0,73.0,2021,B0-POSSESSION-DRIVE-SCORE-PROCESS-V1,5f148219527b07d85261d3f196ace97a5eb5646271d43596032a692389abc579,2c5cc1af74fc5f3955e44361b82b791710e4b63bbc69b0c15570617e2d86e543,-3.0,45.0,-0.6149912403266239,0.1359706647342805,-3.614991240326624,45.13597066473428,historical_closing_late_benchmark_exact_horizon_opaque,2021,C0-MARKET-RESIDUAL-MARGIN-TOTAL-V1,5f148219527b07d85261d3f196ace97a5eb5646271d43596032a692389abc579,2c5cc1af74fc5f3955e44361b82b791710e4b63bbc69b0c15570617e2d86e543,True
2022_08_DEN_JAX,2022,8,JAX,DEN,0.5737048474677311,2.517223059931961,40.36577625381618,13.760447360492725,-0.05486361050711605,-0.3120796457418283,2021,A0-DYNAMIC-OPPONENT-ADJUSTED-JOINT-SCORE-V1,5f148219527b07d85261d3f196ace97a5eb5646271d43596032a692389abc579,2c5cc1af74fc5f3955e44361b82b791710e4b63bbc69b0c15570617e2d86e543,0.5045499999999999,0.1667,38.7433,230.13032414241422,264.09741485148515,-19.0,19.0,19.0,61.0,2021,B0-POSSESSION-DRIVE-SCORE-PROCESS-V1,5f148219527b07d85261d3f196ace97a5eb5646271d43596032a692389abc579,2c5cc1af74fc5f3955e44361b82b791710e4b63bbc69b0c15570617e2d86e543,1.0,41.0,-0.42924834205214013,0.41329607449616446,0.5707516579478599,41.41329607449617,historical_closing_late_benchmark_exact_horizon_opaque,2021,C0-MARKET-RESIDUAL-MARGIN-TOTAL-V1,5f148219527b07d85261d3f196ace97a5eb5646271d43596032a692389abc579,2c5cc1af74fc5f3955e44361b82b791710e4b63bbc69b0c15570617e2d86e543,True
2022_08_GB_BUF,2022,8,BUF,GB,0.7284588584524669,8.23870920589691,50.00347105832414,13.760447360492725,-0.03510804659863982,0.24681051315987693,2021,A0-DYNAMIC-OPPONENT-ADJUSTED-JOINT-SCORE-V1,5f148219527b07d85261d3f196ace97a5eb5646271d43596032a692389abc579,2c5cc1af74fc5f3955e44361b82b791710e4b63bbc69b0c15570617e2d86e543,0.6162500000000001,5.523,51.412,321.74464546454647,375.8330393039304,-17.0,28.0,27.0,77.0,2021,B0-POSSESSION-DRIVE-SCORE-PROCESS-V1,5f148219527b07d85261d3f196ace97a5eb5646271d43596032a692389abc579,2c5cc1af74fc5f3955e44361b82b791710e4b63bbc69b0c15570617e2d86e543,10.5,47.0,-1.324076282245,0.7181633332315284,9.175923717755,47.71816333323153,historical_closing_late_benchmark_exact_horizon_opaque,2021,C0-MARKET-RESIDUAL-MARGIN-TOTAL-V1,5f148219527b07d85261d3f196ace97a5eb5646271d43596032a692389abc579,2c5cc1af74fc5f3955e44361b82b791710e4b63bbc69b0c15570617e2d86e543,True
2022_08_LV_NO,2022,8,NO,LV,0.5684635749610941,2.3363638842453014,44.934181278704365,13.760447360492725,-0.00029520323258153125,0.2384474271758478,2021,A0-DYNAMIC-OPPONENT-ADJUSTED-JOINT-SCORE-V1,5f148219527b07d85261d3f196ace97a5eb5646271d43596032a692389abc579,2c5cc1af74fc5f3955e44361b82b791710e4b63bbc69b0c15570617e2d86e543,0.61295,5.3008,53.4302,325.824101770177,385.55068302830284,-17.0,28.0,29.0,80.0,2021,B0-POSSESSION-DRIVE-SCORE-PROCESS-V1,5f148219527b07d85261d3f196ace97a5eb5646271d43596032a692389abc579,2c5cc1af74fc5f3955e44361b82b791710e4b63bbc69b0c15570617e2d86e543,-1.0,48.5,-0.8981622301017196,0.9023320488016167,-1.8981622301017196,49.40233204880162,historical_closing_late_benchmark_exact_horizon_opaque,2021,C0-MARKET-RESIDUAL-MARGIN-TOTAL-V1,5f148219527b07d85261d3f196ace97a5eb5646271d43596032a692389abc579,2c5cc1af74fc5f3955e44361b82b791710e4b63bbc69b0c15570617e2d86e543,True
2022_08_MIA_DET,2022,8,DET,MIA,0.4521116805166374,-1.6300797273264536,44.15542990986578,13.760447360492725,0.11357986287552191,-0.3248317418039184,2021,A0-DYNAMIC-OPPONENT-ADJUSTED-JOINT-SCORE-V1,5f148219527b07d85261d3f196ace97a5eb5646271d43596032a692389abc579,2c5cc1af74fc5f3955e44361b82b791710e4b63bbc69b0c15570617e2d86e543,0.45630000000000004,-2.0578,51.2584,319.5904182018202,376.7791073507351,-25.0,20.0,27.0,77.0,2021,B0-POSSESSION-DRIVE-SCORE-PROCESS-V1,5f148219527b07d85261d3f196ace97a5eb5646271d43596032a692389abc579,2c5cc1af74fc5f3955e44361b82b791710e4b63bbc69b0c15570617e2d86e543,-3.5,52.0,-0.6071649502797798,0.7749326448622437,-4.107164950279779,52.77493264486225,historical_closing_late_benchmark_exact_horizon_opaque,2021,C0-MARKET-RESIDUAL-MARGIN-TOTAL-V1,5f148219527b07d85261d3f196ace97a5eb5646271d43596032a692389abc579,2c5cc1af74fc5f3955e44361b82b791710e4b63bbc69b0c15570617e2d86e543,True
2022_08_NE_NYJ,2022,8,NYJ,NE,0.40232716567559246,-3.3505471623966905,42.647145751300656,13.760447360492725,-0.28052664686529966,-0.32568868885085345,2021,A0-DYNAMIC-OPPONENT-ADJUSTED-JOINT-SCORE-V1,5f148219527b07d85261d3f196ace97a5eb5646271d43596032a692389abc579,2c5cc1af74fc5f3955e44361b82b791710e4b63bbc69b0c15570617e2d86e543,0.2772,-9.9331,45.8799,286.9209164816482,317.3616121512151,-31.0,11.0,24.0,69.0,2021,B0-POSSESSION-DRIVE-SCORE-PROCESS-V1,5f148219527b07d85261d3f196ace97a5eb5646271d43596032a692389abc579,2c5cc1af74fc5f3955e44361b82b791710e4b63bbc69b0c15570617e2d86e543,-3.0,40.0,-0.8900348706627117,0.07393997585633336,-3.8900348706627117,40.073939975856334,historical_closing_late_benchmark_exact_horizon_opaque,2021,C0-MARKET-RESIDUAL-MARGIN-TOTAL-V1,5f148219527b07d85261d3f196ace97a5eb5646271d43596032a692389abc579,2c5cc1af74fc5f3955e44361b82b791710e4b63bbc69b0c15570617e2d86e543,True
2022_08_NYG_SEA,2022,8,SEA,NYG,0.7217008061593104,7.964287096309629,43.91607503954582,13.760447360492725,0.6751740473720719,0.06905290882391302,2021,A0-DYNAMIC-OPPONENT-ADJUSTED-JOINT-SCORE-V1,5f148219527b07d85261d3f196ace97a5eb5646271d43596032a692389abc579,2c5cc1af74fc5f3955e44361b82b791710e4b63bbc69b0c15570617e2d86e543,0.7033,8.8799,44.2667,279.90726671667164,310.74344545454545,-13.0,30.0,23.0,68.0,2021,B0-POSSESSION-DRIVE-SCORE-PROCESS-V1,5f148219527b07d85261d3f196ace97a5eb5646271d43596032a692389abc579,2c5cc1af74fc5f3955e44361b82b791710e4b63bbc69b0c15570617e2d86e543,3.0,44.5,-0.11637057985917892,0.3185325865608061,2.8836294201408212,44.818532586560806,historical_closing_late_benchmark_exact_horizon_opaque,2021,C0-MARKET-RESIDUAL-MARGIN-TOTAL-V1,5f148219527b07d85261d3f196ace97a5eb5646271d43596032a692389abc579,2c5cc1af74fc5f3955e44361b82b791710e4b63bbc69b0c15570617e2d86e543,True
2022_08_PIT_PHI,2022,8,PHI,PIT,0.7578851703674652,9.476324537841212,43.47295304466631,13.760447360492725,0.23900729155321213,-0.1674700638283749,2021,A0-DYNAMIC-OPPONENT-ADJUSTED-JOINT-SCORE-V1,5f148219527b07d85261d3f196ace97a5eb5646271d43596032a692389abc579,2c5cc1af74fc5f3955e44361b82b791710e4b63bbc69b0c15570617e2d86e543,0.6527000000000001,6.3827,43.7517,268.97753846384643,307.49859696969696,-14.0,28.0,22.0,67.0,2021,B0-POSSESSION-DRIVE-SCORE-PROCESS-V1,5f148219527b07d85261d3f196ace97a5eb5646271d43596032a692389abc579,2c5cc1af74fc5f3955e44361b82b791710e4b63bbc69b0c15570617e2d86e543,11.0,43.0,-1.2196570801413116,0.9754715141020169,9.780342919858688,43.97547151410202,historical_closing_late_benchmark_exact_horizon_opaque,2021,C0-MARKET-RESIDUAL-MARGIN-TOTAL-V1,5f148219527b07d85261d3f196ace97a5eb5646271d43596032a692389abc579,2c5cc1af74fc5f3955e44361b82b791710e4b63bbc69b0c15570617e2d86e543,True
2022_08_SF_LA,2022,8,LA,SF,0.6030981941521552,3.540835596556974,44.8415457811977,13.760447360492725,0.04352390799468188,-0.06743487274864608,2021,A0-DYNAMIC-OPPONENT-ADJUSTED-JOINT-SCORE-V1,5f148219527b07d85261d3f196ace97a5eb5646271d43596032a692389abc579,2c5cc1af74fc5f3955e44361b82b791710e4b63bbc69b0c15570617e2d86e543,0.5759,3.5943,49.7543,310.5699645064507,364.41957346734677,-19.0,26.0,27.0,75.0,2021,B0-POSSESSION-DRIVE-SCORE-PROCESS-V1,5f148219527b07d85261d3f196ace97a5eb5646271d43596032a692389abc579,2c5cc1af74fc5f3955e44361b82b791710e4b63bbc69b0c15570617e2d86e543,-1.0,42.0,-1.415581588065126,0.8115791362757866,-2.415581588065126,42.81157913627579,historical_closing_late_benchmark_exact_horizon_opaque,2021,C0-MARKET-RESIDUAL-MARGIN-TOTAL-V1,5f148219527b07d85261d3f196ace97a5eb5646271d43596032a692389abc579,2c5cc1af74fc5f3955e44361b82b791710e4b63bbc69b0c15570617e2d86e543,True
2022_08_TEN_HOU,2022,8,HOU,TEN,0.39574431877229577,-3.5815224671124746,43.44213686966252,13.760447360492725,-0.03348989680435672,-0.2589688088430499,2021,A0-DYNAMIC-OPPONENT-ADJUSTED-JOINT-SCORE-V1,5f148219527b07d85261d3f196ace97a5eb5646271d43596032a692389abc579,2c5cc1af74fc5f3955e44361b82b791710e4b63bbc69b0c15570617e2d86e543,0.39315,-4.6435,48.7415,298.1838261326132,358.4933270827083,-26.0,17.0,26.0,74.0,2021,B0-POSSESSION-DRIVE-SCORE-PROCESS-V1,5f148219527b07d85261d3f196ace97a5eb5646271d43596032a692389abc579,2c5cc1af74fc5f3955e44361b82b791710e4b63bbc69b0c15570617e2d86e543,-1.0,39.0,-0.77505423293437,-0.08487615843349533,-1.77505423293437,38.915123841566505,historical_closing_late_benchmark_exact_horizon_opaque,2021,C0-MARKET-RESIDUAL-MARGIN-TOTAL-V1,5f148219527b07d85261d3f196ace97a5eb5646271d43596032a692389abc579,2c5cc1af74fc5f3955e44361b82b791710e4b63bbc69b0c15570617e2d86e543,True
2022_08_WAS_IND,2022,8,IND,WAS,0.6253870259439551,4.330428334342393,40.69135944133654,13.760447360492725,0.08089811607602654,0.1186154429356243,2021,A0-DYNAMIC-OPPONENT-ADJUSTED-JOINT-SCORE-V1,5f148219527b07d85261d3f196ace97a5eb5646271d43596032a692389abc579,2c5cc1af74fc5f3955e44361b82b791710e4b63bbc69b0c15570617e2d86e543,0.59665,4.1327,47.3473,289.96408711871186,333.82726543654366,-17.0,26.0,25.0,72.0,2021,B0-POSSESSION-DRIVE-SCORE-PROCESS-V1,5f148219527b07d85261d3f196ace97a5eb5646271d43596032a692389abc579,2c5cc1af74fc5f3955e44361b82b791710e4b63bbc69b0c15570617e2d86e543,3.0,40.5,-0.36781386222030954,0.260158700970181,2.6321861377796907,40.76015870097018,historical_closing_late_benchmark_exact_horizon_opaque,2021,C0-MARKET-RESIDUAL-MARGIN-TOTAL-V1,5f148219527b07d85261d3f196ace97a5eb5646271d43596032a692389abc579,2c5cc1af74fc5f3955e44361b82b791710e4b63bbc69b0c15570617e2d86e543,True
2022_09_BAL_NO,2022,9,NO,BAL,0.5478910412709584,1.6301728232562915,44.261307260985035,13.760447360492725,0.0872254295446816,0.2109962138270049,2021,A0-DYNAMIC-OPPONENT-ADJUSTED-JOINT-SCORE-V1,5f148219527b07d85261d3f196ace97a5eb5646271d43596032a692389abc579,2c5cc1af74fc5f3955e44361b82b791710e4b63bbc69b0c15570617e2d86e543,0.55055,2.2346,49.918,305.30949378937896,349.4350195019502,-20.0,24.0,27.0,75.0,2021,B0-POSSESSION-DRIVE-SCORE-PROCESS-V1,5f148219527b07d85261d3f196ace97a5eb5646271d43596032a692389abc579,2c5cc1af74fc5f3955e44361b82b791710e4b63bbc69b0c15570617e2d86e543,-1.0,46.0,-0.01942853018979701,0.0807333133100723,-1.019428530189797,46.08073331331007,historical_closing_late_benchmark_exact_horizon_opaque,2021,C0-MARKET-RESIDUAL-MARGIN-TOTAL-V1,5f148219527b07d85261d3f196ace97a5eb5646271d43596032a692389abc579,2c5cc1af74fc5f3955e44361b82b791710e4b63bbc69b0c15570617e2d86e543,True
2022_09_BUF_NYJ,2022,9,NYJ,BUF,0.2902222589632787,-7.487894200192496,44.66753149374614,13.760447360492725,-0.092708966305395,-0.4205465056927682,2021,A0-DYNAMIC-OPPONENT-ADJUSTED-JOINT-SCORE-V1,5f148219527b07d85261d3f196ace97a5eb5646271d43596032a692389abc579,2c5cc1af74fc5f3955e44361b82b791710e4b63bbc69b0c15570617e2d86e543,0.26715,-10.8598,48.405,302.32517647764774,352.48382338233824,-33.0,11.0,26.0,73.0,2021,B0-POSSESSION-DRIVE-SCORE-PROCESS-V1,5f148219527b07d85261d3f196ace97a5eb5646271d43596032a692389abc579,2c5cc1af74fc5f3955e44361b82b791710e4b63bbc69b0c15570617e2d86e543,-11.0,46.0,-0.8557208443386835,0.29108804739559013,-11.855720844338684,46.29108804739559,historical_closing_late_benchmark_exact_horizon_opaque,2021,C0-MARKET-RESIDUAL-MARGIN-TOTAL-V1,5f148219527b07d85261d3f196ace97a5eb5646271d43596032a692389abc579,2c5cc1af74fc5f3955e44361b82b791710e4b63bbc69b0c15570617e2d86e543,True
2022_09_CAR_CIN,2022,9,CIN,CAR,0.728617426858722,8.245188467141674,41.991969283037044,13.760447360492725,0.42593601367774453,0.2794869265095422,2021,A0-DYNAMIC-OPPONENT-ADJUSTED-JOINT-SCORE-V1,5f148219527b07d85261d3f196ace97a5eb5646271d43596032a692389abc579,2c5cc1af74fc5f3955e44361b82b791710e4b63bbc69b0c15570617e2d86e543,0.5238499999999999,1.0446,46.106,285.83359419941996,315.6593299329933,-20.0,23.0,24.0,70.0,2021,B0-POSSESSION-DRIVE-SCORE-PROCESS-V1,5f148219527b07d85261d3f196ace97a5eb5646271d43596032a692389abc579,2c5cc1af74fc5f3955e44361b82b791710e4b63bbc69b0c15570617e2d86e543,7.0,43.0,-0.030267100344973874,0.18545770286144275,6.9697328996550265,43.18545770286144,historical_closing_late_benchmark_exact_horizon_opaque,2021,C0-MARKET-RESIDUAL-MARGIN-TOTAL-V1,5f148219527b07d85261d3f196ace97a5eb5646271d43596032a692389abc579,2c5cc1af74fc5f3955e44361b82b791710e4b63bbc69b0c15570617e2d86e543,True
2022_09_GB_DET,2022,9,DET,GB,0.4135606507147816,-2.958592540221961,48.67758766933913,13.760447360492725,-0.006418862052101709,-0.20717467468913991,2021,A0-DYNAMIC-OPPONENT-ADJUSTED-JOINT-SCORE-V1,5f148219527b07d85261d3f196ace97a5eb5646271d43596032a692389abc579,2c5cc1af74fc5f3955e44361b82b791710e4b63bbc69b0c15570617e2d86e543,0.3635,-6.5111,53.9711,345.08978576857686,389.4338081708171,-30.0,17.0,30.0,80.0,2021,B0-POSSESSION-DRIVE-SCORE-PROCESS-V1,5f148219527b07d85261d3f196ace97a5eb5646271d43596032a692389abc579,2c5cc1af74fc5f3955e44361b82b791710e4b63bbc69b0c15570617e2d86e543,-4.0,49.5,-0.6931187596841384,0.1683390955010797,-4.693118759684138,49.66833909550108,historical_closing_late_benchmark_exact_horizon_opaque,2021,C0-MARKET-RESIDUAL-MARGIN-TOTAL-V1,5f148219527b07d85261d3f196ace97a5eb5646271d43596032a692389abc579,2c5cc1af74fc5f3955e44361b82b791710e4b63bbc69b0c15570617e2d86e543,True
2022_09_IND_NE,2022,9,NE,IND,0.644525905768999,5.020277693709314,43.67355695035883,13.760447360492725,0.28602276572781743,0.04818012282149586,2021,A0-DYNAMIC-OPPONENT-ADJUSTED-JOINT-SCORE-V1,5f148219527b07d85261d3f196ace97a5eb5646271d43596032a692389abc579,2c5cc1af74fc5f3955e44361b82b791710e4b63bbc69b0c15570617e2d86e543,0.65935,7.0192,48.8392,290.94252561256127,339.37868122812284,-14.0,29.0,26.0,73.0,2021,B0-POSSESSION-DRIVE-SCORE-PROCESS-V1,5f148219527b07d85261d3f196ace97a5eb5646271d43596032a692389abc579,2c5cc1af74fc5f3955e44361b82b791710e4b63bbc69b0c15570617e2d86e543,5.0,40.0,-0.342913174771008,-0.12308633193362079,4.657086825228992,39.87691366806638,historical_closing_late_benchmark_exact_horizon_opaque,2021,C0-MARKET-RESIDUAL-MARGIN-TOTAL-V1,5f148219527b07d85261d3f196ace97a5eb5646271d43596032a692389abc579,2c5cc1af74fc5f3955e44361b82b791710e4b63bbc69b0c15570617e2d86e543,True
2022_09_LAC_ATL,2022,9,ATL,LAC,0.42127780485977184,-2.690776240674481,48.66470891759631,13.760447360492725,-0.4641188227312818,0.14813601260730289,2021,A0-DYNAMIC-OPPONENT-ADJUSTED-JOINT-SCORE-V1,5f148219527b07d85261d3f196ace97a5eb5646271d43596032a692389abc579,2c5cc1af74fc5f3955e44361b82b791710e4b63bbc69b0c15570617e2d86e543,0.50635,0.212,58.164,355.61401740174017,438.1671207120711,-24.0,24.0,33.0,86.0,2021,B0-POSSESSION-DRIVE-SCORE-PROCESS-V1,5f148219527b07d85261d3f196ace97a5eb5646271d43596032a692389abc579,2c5cc1af74fc5f3955e44361b82b791710e4b63bbc69b0c15570617e2d86e543,-2.5,49.5,0.3293327281226986,-0.655160805138677,-2.1706672718773015,48.84483919486132,historical_closing_late_benchmark_exact_horizon_opaque,2021,C0-MARKET-RESIDUAL-MARGIN-TOTAL-V1,5f148219527b07d85261d3f196ace97a5eb5646271d43596032a692389abc579,2c5cc1af74fc5f3955e44361b82b791710e4b63bbc69b0c15570617e2d86e543,True
2022_09_LA_TB,2022,9,TB,LA,0.6685388979860457,5.904884998642746,46.084081749100264,13.760447360492725,0.16141520164408762,0.02386858265389287,2021,A0-DYNAMIC-OPPONENT-ADJUSTED-JOINT-SCORE-V1,5f148219527b07d85261d3f196ace97a5eb5646271d43596032a692389abc579,2c5cc1af74fc5f3955e44361b82b791710e4b63bbc69b0c15570617e2d86e543,0.57105,3.4334,52.0324,319.2444888888889,375.9893491749175,-20.0,26.100000000000364,28.90000000000009,78.0,2021,B0-POSSESSION-DRIVE-SCORE-PROCESS-V1,5f148219527b07d85261d3f196ace97a5eb5646271d43596032a692389abc579,2c5cc1af74fc5f3955e44361b82b791710e4b63bbc69b0c15570617e2d86e543,3.0,43.0,-0.7205517404648588,0.25126300184338207,2.2794482595351413,43.251263001843384,historical_closing_late_benchmark_exact_horizon_opaque,2021,C0-MARKET-RESIDUAL-MARGIN-TOTAL-V1,5f148219527b07d85261d3f196ace97a5eb5646271d43596032a692389abc579,2c5cc1af74fc5f3955e44361b82b791710e4b63bbc69b0c15570617e2d86e543,True
2022_09_LV_JAX,2022,9,JAX,LV,0.5150388287818326,0.5107979686076476,45.382966718171076,13.760447360492725,-0.12045134838407648,-0.03755578408986325,2021,A0-DYNAMIC-OPPONENT-ADJUSTED-JOINT-SCORE-V1,5f148219527b07d85261d3f196ace97a5eb5646271d43596032a692389abc579,2c5cc1af74fc5f3955e44361b82b791710e4b63bbc69b0c15570617e2d86e543,0.47514999999999996,-0.9289,48.7169,294.6217069606961,340.9332477147715,-23.0,21.0,27.0,73.0,2021,B0-POSSESSION-DRIVE-SCORE-PROCESS-V1,5f148219527b07d85261d3f196ace97a5eb5646271d43596032a692389abc579,2c5cc1af74fc5f3955e44361b82b791710e4b63bbc69b0c15570617e2d86e543,-2.5,47.5,-0.5180173592464985,0.45693755159541344,-3.0180173592464987,47.956937551595416,historical_closing_late_benchmark_exact_horizon_opaque,2021,C0-MARKET-RESIDUAL-MARGIN-TOTAL-V1,5f148219527b07d85261d3f196ace97a5eb5646271d43596032a692389abc579,2c5cc1af74fc5f3955e44361b82b791710e4b63bbc69b0c15570617e2d86e543,True
2022_09_MIA_CHI,2022,9,CHI,MIA,0.4610837491228236,-1.323590887755234,42.329960134011216,13.760447360492725,-0.018231029426064745,-0.10624682694864743,2021,A0-DYNAMIC-OPPONENT-ADJUSTED-JOINT-SCORE-V1,5f148219527b07d85261d3f196ace97a5eb5646271d43596032a692389abc579,2c5cc1af74fc5f3955e44361b82b791710e4b63bbc69b0c15570617e2d86e543,0.5338999999999999,1.5139,46.2213,283.73197998799884,336.0441307230723,-20.0,23.0,24.0,70.0,2021,B0-POSSESSION-DRIVE-SCORE-PROCESS-V1,5f148219527b07d85261d3f196ace97a5eb5646271d43596032a692389abc579,2c5cc1af74fc5f3955e44361b82b791710e4b63bbc69b0c15570617e2d86e543,-4.0,46.0,-0.5992730172758064,0.5154893652016572,-4.599273017275807,46.51548936520166,historical_closing_late_benchmark_exact_horizon_opaque,2021,C0-MARKET-RESIDUAL-MARGIN-TOTAL-V1,5f148219527b07d85261d3f196ace97a5eb5646271d43596032a692389abc579,2c5cc1af74fc5f3955e44361b82b791710e4b63bbc69b0c15570617e2d86e543,True
2022_09_MIN_WAS,2022,9,WAS,MIN,0.49560208828785585,-0.14934392195810275,42.735034503169445,13.760447360492725,-0.16248972028086187,0.07071261159206259,2021,A0-DYNAMIC-OPPONENT-ADJUSTED-JOINT-SCORE-V1,5f148219527b07d85261d3f196ace97a5eb5646271d43596032a692389abc579,2c5cc1af74fc5f3955e44361b82b791710e4b63bbc69b0c15570617e2d86e543,0.44715,-2.2362,47.0114,284.30944050405043,318.55692573257323,-24.0,19.0,26.0,70.0,2021,B0-POSSESSION-DRIVE-SCORE-PROCESS-V1,5f148219527b07d85261d3f196ace97a5eb5646271d43596032a692389abc579,2c5cc1af74fc5f3955e44361b82b791710e4b63bbc69b0c15570617e2d86e543,-3.0,43.5,-0.5590623531932932,0.2880381410173556,-3.5590623531932932,43.78803814101735,historical_closing_late_benchmark_exact_horizon_opaque,2021,C0-MARKET-RESIDUAL-MARGIN-TOTAL-V1,5f148219527b07d85261d3f196ace97a5eb5646271d43596032a692389abc579,2c5cc1af74fc5f3955e44361b82b791710e4b63bbc69b0c15570617e2d86e543,True
2022_09_PHI_HOU,2022,9,HOU,PHI,0.3497512131836272,-5.2290268576973205,44.67537428220673,13.760447360492725,-0.26372708959272795,0.03564512656325808,2021,A0-DYNAMIC-OPPONENT-ADJUSTED-JOINT-SCORE-V1,5f148219527b07d85261d3f196ace97a5eb5646271d43596032a692389abc579,2c5cc1af74fc5f3955e44361b82b791710e4b63bbc69b0c15570617e2d86e543,0.32599999999999996,-7.5174,47.9386,291.43764100410044,346.51588162816284,-29.0,14.0,25.0,72.0,2021,B0-POSSESSION-DRIVE-SCORE-PROCESS-V1,5f148219527b07d85261d3f196ace97a5eb5646271d43596032a692389abc579,2c5cc1af74fc5f3955e44361b82b791710e4b63bbc69b0c15570617e2d86e543,-14.0,45.5,-0.7057132643435846,0.23438410082504496,-14.705713264343585,45.73438410082505,historical_closing_late_benchmark_exact_horizon_opaque,2021,C0-MARKET-RESIDUAL-MARGIN-TOTAL-V1,5f148219527b07d85261d3f196ace97a5eb5646271d43596032a692389abc579,2c5cc1af74fc5f3955e44361b82b791710e4b63bbc69b0c15570617e2d86e543,True
2022_09_SEA_ARI,2022,9,ARI,SEA,0.47657296300866453,-0.7959750296118244,46.98682095896965,13.760447360492725,-0.2159306564316755,-0.16252410385783375,2021,A0-DYNAMIC-OPPONENT-ADJUSTED-JOINT-SCORE-V1,5f148219527b07d85261d3f196ace97a5eb5646271d43596032a692389abc579,2c5cc1af74fc5f3955e44361b82b791710e4b63bbc69b0c15570617e2d86e543,0.44665,-2.4562,49.2302,311.0011816781678,366.0562135813581,-25.0,20.0,26.0,75.0,2021,B0-POSSESSION-DRIVE-SCORE-PROCESS-V1,5f148219527b07d85261d3f196ace97a5eb5646271d43596032a692389abc579,2c5cc1af74fc5f3955e44361b82b791710e4b63bbc69b0c15570617e2d86e543,1.5,49.5,-0.6557596768696363,0.31313058750557593,0.8442403231303637,49.813130587505576,historical_closing_late_benchmark_exact_horizon_opaque,2021,C0-MARKET-RESIDUAL-MARGIN-TOTAL-V1,5f148219527b07d85261d3f196ace97a5eb5646271d43596032a692389abc579,2c5cc1af74fc5f3955e44361b82b791710e4b63bbc69b0c15570617e2d86e543,True
2022_09_TEN_KC,2022,9,KC,TEN,0.7624074872611596,9.673463356338893,51.15146560025017,13.760447360492725,0.14448373592744876,0.0430314182322139,2021,A0-DYNAMIC-OPPONENT-ADJUSTED-JOINT-SCORE-V1,5f148219527b07d85261d3f196ace97a5eb5646271d43596032a692389abc579,2c5cc1af74fc5f3955e44361b82b791710e4b63bbc69b0c15570617e2d86e543,0.6372500000000001,6.5117,54.4843,335.9882619361936,413.44689819982,-17.0,30.0,30.0,82.0,2021,B0-POSSESSION-DRIVE-SCORE-PROCESS-V1,5f148219527b07d85261d3f196ace97a5eb5646271d43596032a692389abc579,2c5cc1af74fc5f3955e44361b82b791710e4b63bbc69b0c15570617e2d86e543,14.0,45.0,-1.269583111687659,0.5102109880874744,12.730416888312341,45.51021098808747,historical_closing_late_benchmark_exact_horizon_opaque,2021,C0-MARKET-RESIDUAL-MARGIN-TOTAL-V1,5f148219527b07d85261d3f196ace97a5eb5646271d43596032a692389abc579,2c5cc1af74fc5f3955e44361b82b791710e4b63bbc69b0c15570617e2d86e543,True
2022_10_ARI_LA,2022,10,LA,ARI,0.602805604595953,3.530555840112445,43.26912374897147,13.760447360492725,0.04734665185593765,0.22959852129205377,2021,A0-DYNAMIC-OPPONENT-ADJUSTED-JOINT-SCORE-V1,5f148219527b07d85261d3f196ace97a5eb5646271d43596032a692389abc579,2c5cc1af74fc5f3955e44361b82b791710e4b63bbc69b0c15570617e2d86e543,0.6015,4.6068,48.53,301.01269502950294,351.32983298329833,-17.0,27.0,26.0,73.0,2021,B0-POSSESSION-DRIVE-SCORE-PROCESS-V1,5f148219527b07d85261d3f196ace97a5eb5646271d43596032a692389abc579,2c5cc1af74fc5f3955e44361b82b791710e4b63bbc69b0c15570617e2d86e543,3.5,38.0,-0.43241948485062914,-0.19702922628741237,3.0675805151493707,37.80297077371259,historical_closing_late_benchmark_exact_horizon_opaque,2021,C0-MARKET-RESIDUAL-MARGIN-TOTAL-V1,5f148219527b07d85261d3f196ace97a5eb5646271d43596032a692389abc579,2c5cc1af74fc5f3955e44361b82b791710e4b63bbc69b0c15570617e2d86e543,True
2022_10_ATL_CAR,2022,10,CAR,ATL,0.473767990282999,-0.8914092279433454,42.096906409102886,13.760447360492725,-0.07173587547855068,-0.0701241988552328,2021,A0-DYNAMIC-OPPONENT-ADJUSTED-JOINT-SCORE-V1,5f148219527b07d85261d3f196ace97a5eb5646271d43596032a692389abc579,2c5cc1af74fc5f3955e44361b82b791710e4b63bbc69b0c15570617e2d86e543,0.4967,-0.2676,50.7754,311.106300870087,363.1278676267627,-23.0,22.0,27.0,76.0,2021,B0-POSSESSION-DRIVE-SCORE-PROCESS-V1,5f148219527b07d85261d3f196ace97a5eb5646271d43596032a692389abc579,2c5cc1af74fc5f3955e44361b82b791710e4b63bbc69b0c15570617e2d86e543,-2.5,41.5,-0.599996476877815,0.27060251082760206,-3.099996476877815,41.7706025108276,historical_closing_late_benchmark_exact_horizon_opaque,2021,C0-MARKET-RESIDUAL-MARGIN-TOTAL-V1,5f148219527b07d85261d3f196ace97a5eb5646271d43596032a692389abc579,2c5cc1af74fc5f3955e44361b82b791710e4b63bbc69b0c15570617e2d86e543,True
2022_10_CLE_MIA,2022,10,MIA,CLE,0.5262145196692366,0.8908140280773722,45.36944360618762,13.760447360492725,0.25553224056235074,-0.07271904562495973,2021,A0-DYNAMIC-OPPONENT-ADJUSTED-JOINT-SCORE-V1,5f148219527b07d85261d3f196ace97a5eb5646271d43596032a692389abc579,2c5cc1af74fc5f3955e44361b82b791710e4b63bbc69b0c15570617e2d86e543,0.5556,2.4861,48.9955,321.8337901690169,357.8102607760776,-20.0,25.0,26.0,75.0,2021,B0-POSSESSION-DRIVE-SCORE-PROCESS-V1,5f148219527b07d85261d3f196ace97a5eb5646271d43596032a692389abc579,2c5cc1af74fc5f3955e44361b82b791710e4b63bbc69b0c15570617e2d86e543,3.0,49.0,0.3566546008385783,-0.15967803660975394,3.3566546008385783,48.840321963390245,historical_closing_late_benchmark_exact_horizon_opaque,2021,C0-MARKET-RESIDUAL-MARGIN-TOTAL-V1,5f148219527b07d85261d3f196ace97a5eb5646271d43596032a692389abc579,2c5cc1af74fc5f3955e44361b82b791710e4b63bbc69b0c15570617e2d86e543,True
2022_10_DAL_GB,2022,10,GB,DAL,0.41718841962473924,-2.8325567213864673,47.279045930639626,13.760447360492725,-0.4318385532964352,-0.09436044220874361,2021,A0-DYNAMIC-OPPONENT-ADJUSTED-JOINT-SCORE-V1,5f148219527b07d85261d3f196ace97a5eb5646271d43596032a692389abc579,2c5cc1af74fc5f3955e44361b82b791710e4b63bbc69b0c15570617e2d86e543,0.4527,-2.2564,52.5766,322.93555259525954,385.0602384638464,-25.0,20.0,28.0,78.0,2021,B0-POSSESSION-DRIVE-SCORE-PROCESS-V1,5f148219527b07d85261d3f196ace97a5eb5646271d43596032a692389abc579,2c5cc1af74fc5f3955e44361b82b791710e4b63bbc69b0c15570617e2d86e543,-3.5,44.5,0.3514394681294984,-1.0328324913864309,-3.1485605318705017,43.46716750861357,historical_closing_late_benchmark_exact_horizon_opaque,2021,C0-MARKET-RESIDUAL-MARGIN-TOTAL-V1,5f148219527b07d85261d3f196ace97a5eb5646271d43596032a692389abc579,2c5cc1af74fc5f3955e44361b82b791710e4b63bbc69b0c15570617e2d86e543,True
2022_10_DEN_TEN,2022,10,TEN,DEN,0.5697266423692048,2.379908922943244,39.82346645030083,13.760447360492725,0.15346522182404626,-0.013559944118840955,2021,A0-DYNAMIC-OPPONENT-ADJUSTED-JOINT-SCORE-V1,5f148219527b07d85261d3f196ace97a5eb5646271d43596032a692389abc579,2c5cc1af74fc5f3955e44361b82b791710e4b63bbc69b0c15570617e2d86e543,0.59165,3.7958,42.681,268.41874423442346,301.0307420742074,-17.0,24.100000000000364,22.0,65.10000000000036,2021,B0-POSSESSION-DRIVE-SCORE-PROCESS-V1,5f148219527b07d85261d3f196ace97a5eb5646271d43596032a692389abc579,2c5cc1af74fc5f3955e44361b82b791710e4b63bbc69b0c15570617e2d86e543,2.5,40.0,0.6004730882270708,-0.49625779016618066,3.100473088227071,39.50374220983382,historical_closing_late_benchmark_exact_horizon_opaque,2021,C0-MARKET-RESIDUAL-MARGIN-TOTAL-V1,5f148219527b07d85261d3f196ace97a5eb5646271d43596032a692389abc579,2c5cc1af74fc5f3955e44361b82b791710e4b63bbc69b0c15570617e2d86e543,True
2022_10_DET_CHI,2022,10,CHI,DET,0.5622708608086489,2.123206393462425,43.64659936773261,13.760447360492725,-0.13181089230158666,0.21858491485527093,2021,A0-DYNAMIC-OPPONENT-ADJUSTED-JOINT-SCORE-V1,5f148219527b07d85261d3f196ace97a5eb5646271d43596032a692389abc579,2c5cc1af74fc5f3955e44361b82b791710e4b63bbc69b0c15570617e2d86e543,0.6056,4.6438,47.3586,291.2892504850485,345.03370941094107,-17.0,26.0,24.0,72.0,2021,B0-POSSESSION-DRIVE-SCORE-PROCESS-V1,5f148219527b07d85261d3f196ace97a5eb5646271d43596032a692389abc579,2c5cc1af74fc5f3955e44361b82b791710e4b63bbc69b0c15570617e2d86e543,3.0,48.5,-0.5182266626422756,0.5549745267273767,2.4817733373577244,49.05497452672738,historical_closing_late_benchmark_exact_horizon_opaque,2021,C0-MARKET-RESIDUAL-MARGIN-TOTAL-V1,5f148219527b07d85261d3f196ace97a5eb5646271d43596032a692389abc579,2c5cc1af74fc5f3955e44361b82b791710e4b63bbc69b0c15570617e2d86e543,True
2022_10_HOU_NYG,2022,10,NYG,HOU,0.6244364727032417,4.296471763538872,39.167415550038655,13.760447360492725,-0.3782390593888768,0.024825312051266604,2021,A0-DYNAMIC-OPPONENT-ADJUSTED-JOINT-SCORE-V1,5f148219527b07d85261d3f196ace97a5eb5646271d43596032a692389abc579,2c5cc1af74fc5f3955e44361b82b791710e4b63bbc69b0c15570617e2d86e543,0.5339,1.2654,42.535,261.8055433943394,290.19339433943395,-19.0,22.0,22.0,65.0,2021,B0-POSSESSION-DRIVE-SCORE-PROCESS-V1,5f148219527b07d85261d3f196ace97a5eb5646271d43596032a692389abc579,2c5cc1af74fc5f3955e44361b82b791710e4b63bbc69b0c15570617e2d86e543,5.5,41.5,-1.0333454428909175,1.0447071963071957,4.4666545571090825,42.54470719630719,historical_closing_late_benchmark_exact_horizon_opaque,2021,C0-MARKET-RESIDUAL-MARGIN-TOTAL-V1,5f148219527b07d85261d3f196ace97a5eb5646271d43596032a692389abc579,2c5cc1af74fc5f3955e44361b82b791710e4b63bbc69b0c15570617e2d86e543,True
2022_10_IND_LV,2022,10,LV,IND,0.6017129105107542,3.4921833587156925,43.45224478432432,13.760447360492725,-0.11056947817919674,-0.1583017415227519,2021,A0-DYNAMIC-OPPONENT-ADJUSTED-JOINT-SCORE-V1,5f148219527b07d85261d3f196ace97a5eb5646271d43596032a692389abc579,2c5cc1af74fc5f3955e44361b82b791710e4b63bbc69b0c15570617e2d86e543,0.5158,0.5876,51.8174,311.9107173117312,370.10166740674066,-22.0,23.0,28.0,77.0,2021,B0-POSSESSION-DRIVE-SCORE-PROCESS-V1,5f148219527b07d85261d3f196ace97a5eb5646271d43596032a692389abc579,2c5cc1af74fc5f3955e44361b82b791710e4b63bbc69b0c15570617e2d86e543,4.5,41.0,-0.4340715528306276,0.0714821308650631,4.065928447169372,41.071482130865064,historical_closing_late_benchmark_exact_horizon_opaque,2021,C0-MARKET-RESIDUAL-MARGIN-TOTAL-V1,5f148219527b07d85261d3f196ace97a5eb5646271d43596032a692389abc579,2c5cc1af74fc5f3955e44361b82b791710e4b63bbc69b0c15570617e2d86e543,True
2022_10_JAX_KC,2022,10,KC,JAX,0.7566447932098435,9.42260408096562,51.05786749602695,13.760447360492725,0.35281256825861107,0.3415511198552012,2021,A0-DYNAMIC-OPPONENT-ADJUSTED-JOINT-SCORE-V1,5f148219527b07d85261d3f196ace97a5eb5646271d43596032a692389abc579,2c5cc1af74fc5f3955e44361b82b791710e4b63bbc69b0c15570617e2d86e543,0.7158,10.1489,51.0117,322.93022181218123,372.21538464846486,-13.0,33.0,27.0,77.0,2021,B0-POSSESSION-DRIVE-SCORE-PROCESS-V1,5f148219527b07d85261d3f196ace97a5eb5646271d43596032a692389abc579,2c5cc1af74fc5f3955e44361b82b791710e4b63bbc69b0c15570617e2d86e543,10.0,51.5,-0.1632295142021719,0.22617397385516153,9.836770485797828,51.72617397385516,historical_closing_late_benchmark_exact_horizon_opaque,2021,C0-MARKET-RESIDUAL-MARGIN-TOTAL-V1,5f148219527b07d85261d3f196ace97a5eb5646271d43596032a692389abc579,2c5cc1af74fc5f3955e44361b82b791710e4b63bbc69b0c15570617e2d86e543,True
2022_10_LAC_SF,2022,10,SF,LAC,0.7059101511380628,7.335358400664372,48.93798165166341,13.760447360492725,-0.3087950019854388,0.46569912454276674,2021,A0-DYNAMIC-OPPONENT-ADJUSTED-JOINT-SCORE-V1,5f148219527b07d85261d3f196ace97a5eb5646271d43596032a692389abc579,2c5cc1af74fc5f3955e44361b82b791710e4b63bbc69b0c15570617e2d86e543,0.5732,3.3717,54.7511,340.1791570257026,411.8477335633563,-20.0,27.0,30.0,82.0,2021,B0-POSSESSION-DRIVE-SCORE-PROCESS-V1,5f148219527b07d85261d3f196ace97a5eb5646271d43596032a692389abc579,2c5cc1af74fc5f3955e44361b82b791710e4b63bbc69b0c15570617e2d86e543,8.5,45.5,-1.3737313155301967,0.6495767850623578,7.126268684469803,46.14957678506236,historical_closing_late_benchmark_exact_horizon_opaque,2021,C0-MARKET-RESIDUAL-MARGIN-TOTAL-V1,5f148219527b07d85261d3f196ace97a5eb5646271d43596032a692389abc579,2c5cc1af74fc5f3955e44361b82b791710e4b63bbc69b0c15570617e2d86e543,True
2022_10_MIN_BUF,2022,10,BUF,MIN,0.7060202761005441,7.33968874386218,47.92773605225963,13.760447360492725,0.016613480963077493,0.3323659941910975,2021,A0-DYNAMIC-OPPONENT-ADJUSTED-JOINT-SCORE-V1,5f148219527b07d85261d3f196ace97a5eb5646271d43596032a692389abc579,2c5cc1af74fc5f3955e44361b82b791710e4b63bbc69b0c15570617e2d86e543,0.64225,6.6016,49.3026,306.1776952095209,354.99133237323736,-15.0,29.0,26.0,74.0,2021,B0-POSSESSION-DRIVE-SCORE-PROCESS-V1,5f148219527b07d85261d3f196ace97a5eb5646271d43596032a692389abc579,2c5cc1af74fc5f3955e44361b82b791710e4b63bbc69b0c15570617e2d86e543,6.5,47.0,-0.2517644215828305,0.07324002516558076,6.2482355784171695,47.07324002516558,historical_closing_late_benchmark_exact_horizon_opaque,2021,C0-MARKET-RESIDUAL-MARGIN-TOTAL-V1,5f148219527b07d85261d3f196ace97a5eb5646271d43596032a692389abc579,2c5cc1af74fc5f3955e44361b82b791710e4b63bbc69b0c15570617e2d86e543,True
2022_10_NO_PIT,2022,10,PIT,NO,0.536683357808626,1.2474257786291574,39.906616066114005,13.760447360492725,0.0794025884148265,-0.10462738122065682,2021,A0-DYNAMIC-OPPONENT-ADJUSTED-JOINT-SCORE-V1,5f148219527b07d85261d3f196ace97a5eb5646271d43596032a692389abc579,2c5cc1af74fc5f3955e44361b82b791710e4b63bbc69b0c15570617e2d86e543,0.389,-4.6533,44.1001,268.6179609060906,296.82596258625864,-26.0,16.0,23.0,67.0,2021,B0-POSSESSION-DRIVE-SCORE-PROCESS-V1,5f148219527b07d85261d3f196ace97a5eb5646271d43596032a692389abc579,2c5cc1af74fc5f3955e44361b82b791710e4b63bbc69b0c15570617e2d86e543,1.0,39.5,-1.7356727603182585,1.2223896955900146,-0.7356727603182585,40.72238969559002,historical_closing_late_benchmark_exact_horizon_opaque,2021,C0-MARKET-RESIDUAL-MARGIN-TOTAL-V1,5f148219527b07d85261d3f196ace97a5eb5646271d43596032a692389abc579,2c5cc1af74fc5f3955e44361b82b791710e4b63bbc69b0c15570617e2d86e543,True
2022_10_SEA_TB,2022,10,TB,SEA,0.5883755812589917,3.0259653097300614,47.521673608520736,13.760447360492725,-0.007168802931650231,0.09094300008811289,2021,A0-DYNAMIC-OPPONENT-ADJUSTED-JOINT-SCORE-V1,5f148219527b07d85261d3f196ace97a5eb5646271d43596032a692389abc579,2c5cc1af74fc5f3955e44361b82b791710e4b63bbc69b0c15570617e2d86e543,0.5370499999999999,1.6589,51.5495,323.5335041404141,361.09785953595366,-21.0,25.0,28.0,77.0,2021,B0-POSSESSION-DRIVE-SCORE-PROCESS-V1,5f148219527b07d85261d3f196ace97a5eb5646271d43596032a692389abc579,2c5cc1af74fc5f3955e44361b82b791710e4b63bbc69b0c15570617e2d86e543,2.5,45.0,-0.4423980981947666,-0.12189259352564696,2.057601901805233,44.878107406474356,historical_closing_late_benchmark_exact_horizon_opaque,2021,C0-MARKET-RESIDUAL-MARGIN-TOTAL-V1,5f148219527b07d85261d3f196ace97a5eb5646271d43596032a692389abc579,2c5cc1af74fc5f3955e44361b82b791710e4b63bbc69b0c15570617e2d86e543,True
2022_10_WAS_PHI,2022,10,PHI,WAS,0.753641486485712,9.293140353815215,44.51620970419481,13.760447360492725,0.2884433146322869,-0.07333631646031151,2021,A0-DYNAMIC-OPPONENT-ADJUSTED-JOINT-SCORE-V1,5f148219527b07d85261d3f196ace97a5eb5646271d43596032a692389abc579,2c5cc1af74fc5f3955e44361b82b791710e4b63bbc69b0c15570617e2d86e543,0.67715,7.9319,46.9083,298.51491388138817,335.39103021302134,-14.0,30.0,24.0,71.0,2021,B0-POSSESSION-DRIVE-SCORE-PROCESS-V1,5f148219527b07d85261d3f196ace97a5eb5646271d43596032a692389abc579,2c5cc1af74fc5f3955e44361b82b791710e4b63bbc69b0c15570617e2d86e543,11.0,43.0,-0.6231688367941095,0.422585805376401,10.37683116320589,43.4225858053764,historical_closing_late_benchmark_exact_horizon_opaque,2021,C0-MARKET-RESIDUAL-MARGIN-TOTAL-V1,5f148219527b07d85261d3f196ace97a5eb5646271d43596032a692389abc579,2c5cc1af74fc5f3955e44361b82b791710e4b63bbc69b0c15570617e2d86e543,True
2022_11_CAR_BAL,2022,11,BAL,CAR,0.7447608659150162,8.91517134102213,42.38825586632903,13.760447360492725,0.00032440089162610874,0.18475590439141967,2021,A0-DYNAMIC-OPPONENT-ADJUSTED-JOINT-SCORE-V1,5f148219527b07d85261d3f196ace97a5eb5646271d43596032a692389abc579,2c5cc1af74fc5f3955e44361b82b791710e4b63bbc69b0c15570617e2d86e543,0.65515,6.7421,46.9813,291.4257301630163,332.59560987098706,-15.0,29.0,25.0,71.0,2021,B0-POSSESSION-DRIVE-SCORE-PROCESS-V1,5f148219527b07d85261d3f196ace97a5eb5646271d43596032a692389abc579,2c5cc1af74fc5f3955e44361b82b791710e4b63bbc69b0c15570617e2d86e543,13.0,42.0,-0.7043212730449808,0.6623288180667415,12.29567872695502,42.66232881806674,historical_closing_late_benchmark_exact_horizon_opaque,2021,C0-MARKET-RESIDUAL-MARGIN-TOTAL-V1,5f148219527b07d85261d3f196ace97a5eb5646271d43596032a692389abc579,2c5cc1af74fc5f3955e44361b82b791710e4b63bbc69b0c15570617e2d86e543,True
2022_11_CHI_ATL,2022,11,ATL,CHI,0.6174154109972925,4.046477373427297,43.88553499700521,13.760447360492725,-0.12176201378239958,-0.1531199003797606,2021,A0-DYNAMIC-OPPONENT-ADJUSTED-JOINT-SCORE-V1,5f148219527b07d85261d3f196ace97a5eb5646271d43596032a692389abc579,2c5cc1af74fc5f3955e44361b82b791710e4b63bbc69b0c15570617e2d86e543,0.55855,2.7902,50.0974,311.68395235523553,368.73618685868587,-20.0,26.0,27.0,75.0,2021,B0-POSSESSION-DRIVE-SCORE-PROCESS-V1,5f148219527b07d85261d3f196ace97a5eb5646271d43596032a692389abc579,2c5cc1af74fc5f3955e44361b82b791710e4b63bbc69b0c15570617e2d86e543,3.0,48.5,-0.8363925174328372,0.9604233182863829,2.163607482567163,49.46042331828638,historical_closing_late_benchmark_exact_horizon_opaque,2021,C0-MARKET-RESIDUAL-MARGIN-TOTAL-V1,5f148219527b07d85261d3f196ace97a5eb5646271d43596032a692389abc579,2c5cc1af74fc5f3955e44361b82b791710e4b63bbc69b0c15570617e2d86e543,True
2022_11_CIN_PIT,2022,11,PIT,CIN,0.33746736840510194,-5.681398808217114,44.23748050229561,13.760447360492725,-0.2589835948266103,0.011637810488225528,2021,A0-DYNAMIC-OPPONENT-ADJUSTED-JOINT-SCORE-V1,5f148219527b07d85261d3f196ace97a5eb5646271d43596032a692389abc579,2c5cc1af74fc5f3955e44361b82b791710e4b63bbc69b0c15570617e2d86e543,0.51635,0.8899,44.2919,275.62114010401046,303.9246868586859,-20.0,22.0,23.0,67.10000000000036,2021,B0-POSSESSION-DRIVE-SCORE-PROCESS-V1,5f148219527b07d85261d3f196ace97a5eb5646271d43596032a692389abc579,2c5cc1af74fc5f3955e44361b82b791710e4b63bbc69b0c15570617e2d86e543,-3.5,39.0,0.17799035514182476,-1.0573450808078344,-3.3220096448581753,37.942654919192165,historical_closing_late_benchmark_exact_horizon_opaque,2021,C0-MARKET-RESIDUAL-MARGIN-TOTAL-V1,5f148219527b07d85261d3f196ace97a5eb5646271d43596032a692389abc579,2c5cc1af74fc5f3955e44361b82b791710e4b63bbc69b0c15570617e2d86e543,True
2022_11_CLE_BUF,2022,11,BUF,CLE,0.7069828972885299,7.377573028678565,47.61256913851307,13.760447360492725,0.3404229188913346,0.05643440042013875,2021,A0-DYNAMIC-OPPONENT-ADJUSTED-JOINT-SCORE-V1,5f148219527b07d85261d3f196ace97a5eb5646271d43596032a692389abc579,2c5cc1af74fc5f3955e44361b82b791710e4b63bbc69b0c15570617e2d86e543,0.7201000000000001,10.4044,50.6856,320.32649328932894,375.1686695069507,-12.0,34.0,27.0,76.0,2021,B0-POSSESSION-DRIVE-SCORE-PROCESS-V1,5f148219527b07d85261d3f196ace97a5eb5646271d43596032a692389abc579,2c5cc1af74fc5f3955e44361b82b791710e4b63bbc69b0c15570617e2d86e543,7.5,50.5,-0.2344780202781288,0.45815567856667744,7.265521979721871,50.958155678566676,historical_closing_late_benchmark_exact_horizon_opaque,2021,C0-MARKET-RESIDUAL-MARGIN-TOTAL-V1,5f148219527b07d85261d3f196ace97a5eb5646271d43596032a692389abc579,2c5cc1af74fc5f3955e44361b82b791710e4b63bbc69b0c15570617e2d86e543,True
2022_11_DAL_MIN,2022,11,MIN,DAL,0.45274466740612873,-1.6084311466655166,46.53269573756734,13.760447360492725,-0.48356008085815255,-0.17991592323996422,2021,A0-DYNAMIC-OPPONENT-ADJUSTED-JOINT-SCORE-V1,5f148219527b07d85261d3f196ace97a5eb5646271d43596032a692389abc579,2c5cc1af74fc5f3955e44361b82b791710e4b63bbc69b0c15570617e2d86e543,0.4407,-2.9283,51.8879,313.9987589858986,366.41197478747875,-26.0,19.0,28.0,78.0,2021,B0-POSSESSION-DRIVE-SCORE-PROCESS-V1,5f148219527b07d85261d3f196ace97a5eb5646271d43596032a692389abc579,2c5cc1af74fc5f3955e44361b82b791710e4b63bbc69b0c15570617e2d86e543,-1.5,48.5,-0.6705363665221572,0.17673416326634867,-2.1705363665221573,48.676734163266346,historical_closing_late_benchmark_exact_horizon_opaque,2021,C0-MARKET-RESIDUAL-MARGIN-TOTAL-V1,5f148219527b07d85261d3f196ace97a5eb5646271d43596032a692389abc579,2c5cc1af74fc5f3955e44361b82b791710e4b63bbc69b0c15570617e2d86e543,True
2022_11_DET_NYG,2022,11,NYG,DET,0.524238391216093,0.8235756416875688,44.16832176276135,13.760447360492725,-0.5613152201397954,0.1794659274041951,2021,A0-DYNAMIC-OPPONENT-ADJUSTED-JOINT-SCORE-V1,5f148219527b07d85261d3f196ace97a5eb5646271d43596032a692389abc579,2c5cc1af74fc5f3955e44361b82b791710e4b63bbc69b0c15570617e2d86e543,0.5087,0.3662,46.1054,283.09620718071807,327.65725656565655,-21.0,21.0,24.0,70.0,2021,B0-POSSESSION-DRIVE-SCORE-PROCESS-V1,5f148219527b07d85261d3f196ace97a5eb5646271d43596032a692389abc579,2c5cc1af74fc5f3955e44361b82b791710e4b63bbc69b0c15570617e2d86e543,3.0,44.0,-0.614201621085321,0.28321146250910806,2.385798378914679,44.28321146250911,historical_closing_late_benchmark_exact_horizon_opaque,2021,C0-MARKET-RESIDUAL-MARGIN-TOTAL-V1,5f148219527b07d85261d3f196ace97a5eb5646271d43596032a692389abc579,2c5cc1af74fc5f3955e44361b82b791710e4b63bbc69b0c15570617e2d86e543,True
2022_11_KC_LAC,2022,11,LAC,KC,0.37021741174333106,-4.487808964236738,52.87534405685888,13.760447360492725,0.2156484446664086,-0.5393118405599848,2021,A0-DYNAMIC-OPPONENT-ADJUSTED-JOINT-SCORE-V1,5f148219527b07d85261d3f196ace97a5eb5646271d43596032a692389abc579,2c5cc1af74fc5f3955e44361b82b791710e4b63bbc69b0c15570617e2d86e543,0.38835,-5.3308,58.341,363.0336747274727,448.71099009900985,-30.0,19.0,33.0,86.0,2021,B0-POSSESSION-DRIVE-SCORE-PROCESS-V1,5f148219527b07d85261d3f196ace97a5eb5646271d43596032a692389abc579,2c5cc1af74fc5f3955e44361b82b791710e4b63bbc69b0c15570617e2d86e543,-5.5,52.5,-0.7350443558824121,-0.007949823045904997,-6.235044355882412,52.492050176954095,historical_closing_late_benchmark_exact_horizon_opaque,2021,C0-MARKET-RESIDUAL-MARGIN-TOTAL-V1,5f148219527b07d85261d3f196ace97a5eb5646271d43596032a692389abc579,2c5cc1af74fc5f3955e44361b82b791710e4b63bbc69b0c15570617e2d86e543,True
2022_11_LA_NO,2022,11,NO,LA,0.5828389625668795,2.8335071010882693,40.4916242658699,13.760447360492725,-0.18303377378276783,0.075499680176374,2021,A0-DYNAMIC-OPPONENT-ADJUSTED-JOINT-SCORE-V1,5f148219527b07d85261d3f196ace97a5eb5646271d43596032a692389abc579,2c5cc1af74fc5f3955e44361b82b791710e4b63bbc69b0c15570617e2d86e543,0.55355,2.4304,46.7444,284.3259884388439,321.32920156015604,-19.0,24.0,24.0,70.0,2021,B0-POSSESSION-DRIVE-SCORE-PROCESS-V1,5f148219527b07d85261d3f196ace97a5eb5646271d43596032a692389abc579,2c5cc1af74fc5f3955e44361b82b791710e4b63bbc69b0c15570617e2d86e543,2.5,39.5,-0.46089764805503497,0.19531930498119401,2.039102351944965,39.6953193049812,historical_closing_late_benchmark_exact_horizon_opaque,2021,C0-MARKET-RESIDUAL-MARGIN-TOTAL-V1,5f148219527b07d85261d3f196ace97a5eb5646271d43596032a692389abc579,2c5cc1af74fc5f3955e44361b82b791710e4b63bbc69b0c15570617e2d86e543,True
2022_11_LV_DEN,2022,11,DEN,LV,0.5225635374326772,0.7666041661784213,42.53729816390472,13.760447360492725,-0.06558773787696043,0.274523861651965,2021,A0-DYNAMIC-OPPONENT-ADJUSTED-JOINT-SCORE-V1,5f148219527b07d85261d3f196ace97a5eb5646271d43596032a692389abc579,2c5cc1af74fc5f3955e44361b82b791710e4b63bbc69b0c15570617e2d86e543,0.49885,-0.0898,45.3094,278.5049864586459,314.10248188818883,-21.0,21.0,23.0,69.0,2021,B0-POSSESSION-DRIVE-SCORE-PROCESS-V1,5f148219527b07d85261d3f196ace97a5eb5646271d43596032a692389abc579,2c5cc1af74fc5f3955e44361b82b791710e4b63bbc69b0c15570617e2d86e543,2.5,41.5,-0.5942380524016149,0.2365244279925372,1.9057619475983851,41.736524427992535,historical_closing_late_benchmark_exact_horizon_opaque,2021,C0-MARKET-RESIDUAL-MARGIN-TOTAL-V1,5f148219527b07d85261d3f196ace97a5eb5646271d43596032a692389abc579,2c5cc1af74fc5f3955e44361b82b791710e4b63bbc69b0c15570617e2d86e543,True
2022_11_NYJ_NE,2022,11,NE,NYJ,0.7006284031273424,7.1285361783247545,40.844587894589836,13.760447360492725,0.28052664686529966,0.32568868885085345,2021,A0-DYNAMIC-OPPONENT-ADJUSTED-JOINT-SCORE-V1,5f148219527b07d85261d3f196ace97a5eb5646271d43596032a692389abc579,2c5cc1af74fc5f3955e44361b82b791710e4b63bbc69b0c15570617e2d86e543,0.77125,12.5284,45.6762,283.9145848984898,326.48000156015604,-8.0,34.0,23.0,70.0,2021,B0-POSSESSION-DRIVE-SCORE-PROCESS-V1,5f148219527b07d85261d3f196ace97a5eb5646271d43596032a692389abc579,2c5cc1af74fc5f3955e44361b82b791710e4b63bbc69b0c15570617e2d86e543,3.5,38.5,-0.20731772975571477,-0.006127674898952551,3.2926822702442853,38.493872325101044,historical_closing_late_benchmark_exact_horizon_opaque,2021,C0-MARKET-RESIDUAL-MARGIN-TOTAL-V1,5f148219527b07d85261d3f196ace97a5eb5646271d43596032a692389abc579,2c5cc1af74fc5f3955e44361b82b791710e4b63bbc69b0c15570617e2d86e543,True
2022_11_PHI_IND,2022,11,IND,PHI,0.45169496595641856,-1.6443339169493036,44.79873333299132,13.760447360492725,-0.20754519855626036,0.1919517593959358,2021,A0-DYNAMIC-OPPONENT-ADJUSTED-JOINT-SCORE-V1,5f148219527b07d85261d3f196ace97a5eb5646271d43596032a692389abc579,2c5cc1af74fc5f3955e44361b82b791710e4b63bbc69b0c15570617e2d86e543,0.466,-1.4114,48.1328,297.32928296829687,344.55201936193623,-24.0,20.0,26.0,73.0,2021,B0-POSSESSION-DRIVE-SCORE-PROCESS-V1,5f148219527b07d85261d3f196ace97a5eb5646271d43596032a692389abc579,2c5cc1af74fc5f3955e44361b82b791710e4b63bbc69b0c15570617e2d86e543,-6.5,45.5,-0.7593738225911292,0.3318925076162903,-7.2593738225911295,45.83189250761629,historical_closing_late_benchmark_exact_horizon_opaque,2021,C0-MARKET-RESIDUAL-MARGIN-TOTAL-V1,5f148219527b07d85261d3f196ace97a5eb5646271d43596032a692389abc579,2c5cc1af74fc5f3955e44361b82b791710e4b63bbc69b0c15570617e2d86e543,True
2022_11_SF_ARI,2022,11,ARI,SF,0.4168070717545808,-2.8457937808447724,46.229218141502294,13.760447360492725,-0.003822743861255775,-0.29703339404069984,2021,A0-DYNAMIC-OPPONENT-ADJUSTED-JOINT-SCORE-V1,5f148219527b07d85261d3f196ace97a5eb5646271d43596032a692389abc579,2c5cc1af74fc5f3955e44361b82b791710e4b63bbc69b0c15570617e2d86e543,0.4697,-1.2718,50.079,315.765901350135,364.47480648064806,-24.0,21.0,27.0,75.0,2021,B0-POSSESSION-DRIVE-SCORE-PROCESS-V1,5f148219527b07d85261d3f196ace97a5eb5646271d43596032a692389abc579,2c5cc1af74fc5f3955e44361b82b791710e4b63bbc69b0c15570617e2d86e543,-10.0,43.5,-0.5896292548719246,-0.017410099454453293,-10.589629254871925,43.48258990054555,historical_closing_late_benchmark_exact_horizon_opaque,2021,C0-MARKET-RESIDUAL-MARGIN-TOTAL-V1,5f148219527b07d85261d3f196ace97a5eb5646271d43596032a692389abc579,2c5cc1af74fc5f3955e44361b82b791710e4b63bbc69b0c15570617e2d86e543,True
2022_11_TEN_GB,2022,11,GB,TEN,0.5845602252318347,2.89327679948644,45.447273234580734,13.760447360492725,0.15600512599866354,-0.20643474950683846,2021,A0-DYNAMIC-OPPONENT-ADJUSTED-JOINT-SCORE-V1,5f148219527b07d85261d3f196ace97a5eb5646271d43596032a692389abc579,2c5cc1af74fc5f3955e44361b82b791710e4b63bbc69b0c15570617e2d86e543,0.5536500000000001,2.442,50.887,321.52658865886593,381.59399039903985,-21.0,25.0,27.0,77.0,2021,B0-POSSESSION-DRIVE-SCORE-PROCESS-V1,5f148219527b07d85261d3f196ace97a5eb5646271d43596032a692389abc579,2c5cc1af74fc5f3955e44361b82b791710e4b63bbc69b0c15570617e2d86e543,3.0,40.5,-0.4336595311559746,-0.18981066458538925,2.5663404688440252,40.31018933541461,historical_closing_late_benchmark_exact_horizon_opaque,2021,C0-MARKET-RESIDUAL-MARGIN-TOTAL-V1,5f148219527b07d85261d3f196ace97a5eb5646271d43596032a692389abc579,2c5cc1af74fc5f3955e44361b82b791710e4b63bbc69b0c15570617e2d86e543,True
2022_11_WAS_HOU,2022,11,HOU,WAS,0.50243323206457,0.08262633175417378,40.172576008174914,13.760447360492725,0.02471622503955892,-0.03769118989705343,2021,A0-DYNAMIC-OPPONENT-ADJUSTED-JOINT-SCORE-V1,5f148219527b07d85261d3f196ace97a5eb5646271d43596032a692389abc579,2c5cc1af74fc5f3955e44361b82b791710e4b63bbc69b0c15570617e2d86e543,0.46125,-1.4609,45.8837,272.67853904390444,324.9992742374237,-23.0,20.0,24.0,70.0,2021,B0-POSSESSION-DRIVE-SCORE-PROCESS-V1,5f148219527b07d85261d3f196ace97a5eb5646271d43596032a692389abc579,2c5cc1af74fc5f3955e44361b82b791710e4b63bbc69b0c15570617e2d86e543,-3.0,41.0,-0.6831687315573235,0.4716534971848168,-3.6831687315573234,41.47165349718482,historical_closing_late_benchmark_exact_horizon_opaque,2021,C0-MARKET-RESIDUAL-MARGIN-TOTAL-V1,5f148219527b07d85261d3f196ace97a5eb5646271d43596032a692389abc579,2c5cc1af74fc5f3955e44361b82b791710e4b63bbc69b0c15570617e2d86e543,True
2022_12_ATL_WAS,2022,12,WAS,ATL,0.5738706898937004,2.5229528988305816,42.601198088423274,13.760447360492725,0.045780520293508764,0.12686679077447155,2021,A0-DYNAMIC-OPPONENT-ADJUSTED-JOINT-SCORE-V1,5f148219527b07d85261d3f196ace97a5eb5646271d43596032a692389abc579,2c5cc1af74fc5f3955e44361b82b791710e4b63bbc69b0c15570617e2d86e543,0.48855,-0.4932,49.65,302.50180394039404,348.8075807580758,-22.0,21.100000000000364,27.0,75.0,2021,B0-POSSESSION-DRIVE-SCORE-PROCESS-V1,5f148219527b07d85261d3f196ace97a5eb5646271d43596032a692389abc579,2c5cc1af74fc5f3955e44361b82b791710e4b63bbc69b0c15570617e2d86e543,3.5,40.5,-0.4882614497522502,0.12605598545625574,3.01173855024775,40.626055985456254,historical_closing_late_benchmark_exact_horizon_opaque,2021,C0-MARKET-RESIDUAL-MARGIN-TOTAL-V1,5f148219527b07d85261d3f196ace97a5eb5646271d43596032a692389abc579,2c5cc1af74fc5f3955e44361b82b791710e4b63bbc69b0c15570617e2d86e543,True
2022_12_BAL_JAX,2022,12,JAX,BAL,0.5616570331274079,2.1021074892319334,45.94963422021211,13.760447360492725,-0.03293071560681335,-0.06500699743870617,2021,A0-DYNAMIC-OPPONENT-ADJUSTED-JOINT-SCORE-V1,5f148219527b07d85261d3f196ace97a5eb5646271d43596032a692389abc579,2c5cc1af74fc5f3955e44361b82b791710e4b63bbc69b0c15570617e2d86e543,0.3619,-6.0594,45.8336,288.95096673667365,325.4328543254325,-28.0,15.0,24.0,70.0,2021,B0-POSSESSION-DRIVE-SCORE-PROCESS-V1,5f148219527b07d85261d3f196ace97a5eb5646271d43596032a692389abc579,2c5cc1af74fc5f3955e44361b82b791710e4b63bbc69b0c15570617e2d86e543,-3.5,43.0,-1.4692630727038314,0.9241343842623717,-4.969263072703831,43.92413438426237,historical_closing_late_benchmark_exact_horizon_opaque,2021,C0-MARKET-RESIDUAL-MARGIN-TOTAL-V1,5f148219527b07d85261d3f196ace97a5eb5646271d43596032a692389abc579,2c5cc1af74fc5f3955e44361b82b791710e4b63bbc69b0c15570617e2d86e543,True
2022_12_BUF_DET,2022,12,DET,BUF,0.375405676661933,-4.302108780111894,50.01484721937257,13.760447360492725,0.028689184546538113,-0.45398518784901687,2021,A0-DYNAMIC-OPPONENT-ADJUSTED-JOINT-SCORE-V1,5f148219527b07d85261d3f196ace97a5eb5646271d43596032a692389abc579,2c5cc1af74fc5f3955e44361b82b791710e4b63bbc69b0c15570617e2d86e543,0.31494999999999995,-8.6105,53.6427,331.6133510851085,388.39807651765176,-32.0,14.0,30.0,79.0,2021,B0-POSSESSION-DRIVE-SCORE-PROCESS-V1,5f148219527b07d85261d3f196ace97a5eb5646271d43596032a692389abc579,2c5cc1af74fc5f3955e44361b82b791710e4b63bbc69b0c15570617e2d86e543,-10.0,54.0,-0.668339707582066,0.4117954202686185,-10.668339707582065,54.41179542026862,historical_closing_late_benchmark_exact_horizon_opaque,2021,C0-MARKET-RESIDUAL-MARGIN-TOTAL-V1,5f148219527b07d85261d3f196ace97a5eb5646271d43596032a692389abc579,2c5cc1af74fc5f3955e44361b82b791710e4b63bbc69b0c15570617e2d86e543,True
2022_12_CHI_NYJ,2022,12,NYJ,CHI,0.5350325766247888,1.191142275056663,40.1232381494187,13.760447360492725,0.010412741449653545,-0.18514623269902228,2021,A0-DYNAMIC-OPPONENT-ADJUSTED-JOINT-SCORE-V1,5f148219527b07d85261d3f196ace97a5eb5646271d43596032a692389abc579,2c5cc1af74fc5f3955e44361b82b791710e4b63bbc69b0c15570617e2d86e543,0.44475,-2.5539,42.9757,255.19141393139313,302.6273722472247,-23.0,18.0,22.0,66.0,2021,B0-POSSESSION-DRIVE-SCORE-PROCESS-V1,5f148219527b07d85261d3f196ace97a5eb5646271d43596032a692389abc579,2c5cc1af74fc5f3955e44361b82b791710e4b63bbc69b0c15570617e2d86e543,8.5,36.5,-0.6291817456600646,-0.022894262341238647,7.870818254339936,36.47710573765876,historical_closing_late_benchmark_exact_horizon_opaque,2021,C0-MARKET-RESIDUAL-MARGIN-TOTAL-V1,5f148219527b07d85261d3f196ace97a5eb5646271d43596032a692389abc579,2c5cc1af74fc5f3955e44361b82b791710e4b63bbc69b0c15570617e2d86e543,True
2022_12_CIN_TEN,2022,12,TEN,CIN,0.552351554986759,1.7828468526788974,46.79495043608888,13.760447360492725,-0.25021349606176946,0.13878168206615862,2021,A0-DYNAMIC-OPPONENT-ADJUSTED-JOINT-SCORE-V1,5f148219527b07d85261d3f196ace97a5eb5646271d43596032a692389abc579,2c5cc1af74fc5f3955e44361b82b791710e4b63bbc69b0c15570617e2d86e543,0.5878500000000001,4.28,49.9404,315.67176717671765,354.6021080508051,-18.0,27.0,27.0,75.0,2021,B0-POSSESSION-DRIVE-SCORE-PROCESS-V1,5f148219527b07d85261d3f196ace97a5eb5646271d43596032a692389abc579,2c5cc1af74fc5f3955e44361b82b791710e4b63bbc69b0c15570617e2d86e543,-1.0,43.0,-0.937070827105814,0.21885275735663118,-1.937070827105814,43.21885275735663,historical_closing_late_benchmark_exact_horizon_opaque,2021,C0-MARKET-RESIDUAL-MARGIN-TOTAL-V1,5f148219527b07d85261d3f196ace97a5eb5646271d43596032a692389abc579,2c5cc1af74fc5f3955e44361b82b791710e4b63bbc69b0c15570617e2d86e543,True
2022_12_DEN_CAR,2022,12,CAR,DEN,0.4757172759934474,-0.8250838500557549,36.99659696257233,13.760447360492725,-0.02225729579192881,-0.4318285526945418,2021,A0-DYNAMIC-OPPONENT-ADJUSTED-JOINT-SCORE-V1,5f148219527b07d85261d3f196ace97a5eb5646271d43596032a692389abc579,2c5cc1af74fc5f3955e44361b82b791710e4b63bbc69b0c15570617e2d86e543,0.53015,1.3846,40.6746,246.09969280928092,276.6219770377038,-18.0,21.0,20.0,63.0,2021,B0-POSSESSION-DRIVE-SCORE-PROCESS-V1,5f148219527b07d85261d3f196ace97a5eb5646271d43596032a692389abc579,2c5cc1af74fc5f3955e44361b82b791710e4b63bbc69b0c15570617e2d86e543,-1.0,36.5,-0.5953977909092996,0.3455583156962657,-1.5953977909092996,36.845558315696266,historical_closing_late_benchmark_exact_horizon_opaque,2021,C0-MARKET-RESIDUAL-MARGIN-TOTAL-V1,5f148219527b07d85261d3f196ace97a5eb5646271d43596032a692389abc579,2c5cc1af74fc5f3955e44361b82b791710e4b63bbc69b0c15570617e2d86e543,True
2022_12_GB_PHI,2022,12,PHI,GB,0.566287781641374,2.2614083577893282,48.491788986923304,13.760447360492725,0.07423206678970772,-0.08817918589946953,2021,A0-DYNAMIC-OPPONENT-ADJUSTED-JOINT-SCORE-V1,5f148219527b07d85261d3f196ace97a5eb5646271d43596032a692389abc579,2c5cc1af74fc5f3955e44361b82b791710e4b63bbc69b0c15570617e2d86e543,0.55595,2.7035,49.4073,318.07919566956696,366.68647535753576,-20.0,25.0,26.0,75.0,2021,B0-POSSESSION-DRIVE-SCORE-PROCESS-V1,5f148219527b07d85261d3f196ace97a5eb5646271d43596032a692389abc579,2c5cc1af74fc5f3955e44361b82b791710e4b63bbc69b0c15570617e2d86e543,6.5,46.0,-0.07774449679168105,-0.45597539063005055,6.422255503208319,45.54402460936995,historical_closing_late_benchmark_exact_horizon_opaque,2021,C0-MARKET-RESIDUAL-MARGIN-TOTAL-V1,5f148219527b07d85261d3f196ace97a5eb5646271d43596032a692389abc579,2c5cc1af74fc5f3955e44361b82b791710e4b63bbc69b0c15570617e2d86e543,True
2022_12_HOU_MIA,2022,12,MIA,HOU,0.8144905696975644,12.118669749919698,43.72552993551168,13.760447360492725,0.06949629787539664,0.17019112645098988,2021,A0-DYNAMIC-OPPONENT-ADJUSTED-JOINT-SCORE-V1,5f148219527b07d85261d3f196ace97a5eb5646271d43596032a692389abc579,2c5cc1af74fc5f3955e44361b82b791710e4b63bbc69b0c15570617e2d86e543,0.65525,6.8853,48.2489,299.552699179918,349.9147402640264,-15.0,29.0,25.0,73.0,2021,B0-POSSESSION-DRIVE-SCORE-PROCESS-V1,5f148219527b07d85261d3f196ace97a5eb5646271d43596032a692389abc579,2c5cc1af74fc5f3955e44361b82b791710e4b63bbc69b0c15570617e2d86e543,14.0,47.0,-1.1303176219302957,1.3171873594462287,12.869682378069704,48.31718735944623,historical_closing_late_benchmark_exact_horizon_opaque,2021,C0-MARKET-RESIDUAL-MARGIN-TOTAL-V1,5f148219527b07d85261d3f196ace97a5eb5646271d43596032a692389abc579,2c5cc1af74fc5f3955e44361b82b791710e4b63bbc69b0c15570617e2d86e543,True
2022_12_LAC_ARI,2022,12,ARI,LAC,0.49677141439993744,-0.10963501870388015,46.65621901653755,13.760447360492725,-0.31261774584669455,0.1686657305020669,2021,A0-DYNAMIC-OPPONENT-ADJUSTED-JOINT-SCORE-V1,5f148219527b07d85261d3f196ace97a5eb5646271d43596032a692389abc579,2c5cc1af74fc5f3955e44361b82b791710e4b63bbc69b0c15570617e2d86e543,0.5107999999999999,0.526,52.6124,333.8153055305531,388.31359759975993,-23.0,24.0,29.0,79.0,2021,B0-POSSESSION-DRIVE-SCORE-PROCESS-V1,5f148219527b07d85261d3f196ace97a5eb5646271d43596032a692389abc579,2c5cc1af74fc5f3955e44361b82b791710e4b63bbc69b0c15570617e2d86e543,-2.5,48.5,-0.42367944418450143,0.11226489433741021,-2.9236794441845015,48.61226489433741,historical_closing_late_benchmark_exact_horizon_opaque,2021,C0-MARKET-RESIDUAL-MARGIN-TOTAL-V1,5f148219527b07d85261d3f196ace97a5eb5646271d43596032a692389abc579,2c5cc1af74fc5f3955e44361b82b791710e4b63bbc69b0c15570617e2d86e543,True
2022_12_LA_KC,2022,12,KC,LA,0.7577220721975035,9.469252296134066,49.74646376801565,13.760447360492725,0.0496226493243483,0.14104758876586415,2021,A0-DYNAMIC-OPPONENT-ADJUSTED-JOINT-SCORE-V1,5f148219527b07d85261d3f196ace97a5eb5646271d43596032a692389abc579,2c5cc1af74fc5f3955e44361b82b791710e4b63bbc69b0c15570617e2d86e543,0.62935,6.0291,53.9401,340.9831515051505,399.48586057605763,-17.0,30.0,30.0,80.0,2021,B0-POSSESSION-DRIVE-SCORE-PROCESS-V1,5f148219527b07d85261d3f196ace97a5eb5646271d43596032a692389abc579,2c5cc1af74fc5f3955e44361b82b791710e4b63bbc69b0c15570617e2d86e543,16.5,42.0,-0.26052137767874195,-0.4579256887834604,16.239478622321258,41.54207431121654,historical_closing_late_benchmark_exact_horizon_opaque,2021,C0-MARKET-RESIDUAL-MARGIN-TOTAL-V1,5f148219527b07d85261d3f196ace97a5eb5646271d43596032a692389abc579,2c5cc1af74fc5f3955e44361b82b791710e4b63bbc69b0c15570617e2d86e543,True
2022_12_LV_SEA,2022,12,SEA,LV,0.7079857795296702,7.417103268030033,48.36826641462757,13.760447360492725,0.35132257512592413,0.09587332956525378,2021,A0-DYNAMIC-OPPONENT-ADJUSTED-JOINT-SCORE-V1,5f148219527b07d85261d3f196ace97a5eb5646271d43596032a692389abc579,2c5cc1af74fc5f3955e44361b82b791710e4b63bbc69b0c15570617e2d86e543,0.63565,6.3923,51.6983,323.3043311431143,382.2811052205221,-16.0,30.0,28.0,78.0,2021,B0-POSSESSION-DRIVE-SCORE-PROCESS-V1,5f148219527b07d85261d3f196ace97a5eb5646271d43596032a692389abc579,2c5cc1af74fc5f3955e44361b82b791710e4b63bbc69b0c15570617e2d86e543,4.0,47.5,-1.2501221493506682,0.9145278391954395,2.749877850649332,48.414527839195436,historical_closing_late_benchmark_exact_horizon_opaque,2021,C0-MARKET-RESIDUAL-MARGIN-TOTAL-V1,5f148219527b07d85261d3f196ace97a5eb5646271d43596032a692389abc579,2c5cc1af74fc5f3955e44361b82b791710e4b63bbc69b0c15570617e2d86e543,True
2022_12_NE_MIN,2022,12,MIN,NE,0.4552950962689519,-1.5212457787304636,42.30497728329536,13.760447360492725,-0.20443116152298213,-0.23750817734918275,2021,A0-DYNAMIC-OPPONENT-ADJUSTED-JOINT-SCORE-V1,5f148219527b07d85261d3f196ace97a5eb5646271d43596032a692389abc579,2c5cc1af74fc5f3955e44361b82b791710e4b63bbc69b0c15570617e2d86e543,0.38170000000000004,-5.093,46.5706,279.76272727272726,320.1086265026502,-27.0,16.0,24.0,70.0,2021,B0-POSSESSION-DRIVE-SCORE-PROCESS-V1,5f148219527b07d85261d3f196ace97a5eb5646271d43596032a692389abc579,2c5cc1af74fc5f3955e44361b82b791710e4b63bbc69b0c15570617e2d86e543,2.5,42.5,-0.7105472223785355,0.15540515824529372,1.7894527776214644,42.655405158245294,historical_closing_late_benchmark_exact_horizon_opaque,2021,C0-MARKET-RESIDUAL-MARGIN-TOTAL-V1,5f148219527b07d85261d3f196ace97a5eb5646271d43596032a692389abc579,2c5cc1af74fc5f3955e44361b82b791710e4b63bbc69b0c15570617e2d86e543,True
2022_12_NO_SF,2022,12,SF,NO,0.67076588860589,5.988155572314927,45.54495557175045,13.760447360492725,0.13950986578808597,-0.008064807427727916,2021,A0-DYNAMIC-OPPONENT-ADJUSTED-JOINT-SCORE-V1,5f148219527b07d85261d3f196ace97a5eb5646271d43596032a692389abc579,2c5cc1af74fc5f3955e44361b82b791710e4b63bbc69b0c15570617e2d86e543,0.5199,0.729,49.6276,302.5620152015201,339.18003624362433,-21.0,23.0,27.0,74.0,2021,B0-POSSESSION-DRIVE-SCORE-PROCESS-V1,5f148219527b07d85261d3f196ace97a5eb5646271d43596032a692389abc579,2c5cc1af74fc5f3955e44361b82b791710e4b63bbc69b0c15570617e2d86e543,9.5,44.0,-0.20221507116083398,0.003378851402944777,9.297784928839166,44.00337885140294,historical_closing_late_benchmark_exact_horizon_opaque,2021,C0-MARKET-RESIDUAL-MARGIN-TOTAL-V1,5f148219527b07d85261d3f196ace97a5eb5646271d43596032a692389abc579,2c5cc1af74fc5f3955e44361b82b791710e4b63bbc69b0c15570617e2d86e543,True
2022_12_NYG_DAL,2022,12,DAL,NYG,0.7788612857081336,10.408860048998477,43.863222716585575,13.760447360492725,0.9995726354883323,0.12206918949368846,2021,A0-DYNAMIC-OPPONENT-ADJUSTED-JOINT-SCORE-V1,5f148219527b07d85261d3f196ace97a5eb5646271d43596032a692389abc579,2c5cc1af74fc5f3955e44361b82b791710e4b63bbc69b0c15570617e2d86e543,0.7693,12.5201,47.2297,294.10160615061505,335.44768267826777,-9.0,34.0,25.0,72.0,2021,B0-POSSESSION-DRIVE-SCORE-PROCESS-V1,5f148219527b07d85261d3f196ace97a5eb5646271d43596032a692389abc579,2c5cc1af74fc5f3955e44361b82b791710e4b63bbc69b0c15570617e2d86e543,10.5,45.5,-0.06953112864678812,0.31386594251459177,10.430468871353211,45.81386594251459,historical_closing_late_benchmark_exact_horizon_opaque,2021,C0-MARKET-RESIDUAL-MARGIN-TOTAL-V1,5f148219527b07d85261d3f196ace97a5eb5646271d43596032a692389abc579,2c5cc1af74fc5f3955e44361b82b791710e4b63bbc69b0c15570617e2d86e543,True
2022_12_PIT_IND,2022,12,IND,PIT,0.5939604775195322,3.220722567566039,39.39409833925582,13.760447360492725,0.031462092996951775,0.02448169556756092,2021,A0-DYNAMIC-OPPONENT-ADJUSTED-JOINT-SCORE-V1,5f148219527b07d85261d3f196ace97a5eb5646271d43596032a692389abc579,2c5cc1af74fc5f3955e44361b82b791710e4b63bbc69b0c15570617e2d86e543,0.5579500000000001,2.5676,45.4268,274.9109213321332,320.9935411141114,-18.0,24.0,23.0,69.0,2021,B0-POSSESSION-DRIVE-SCORE-PROCESS-V1,5f148219527b07d85261d3f196ace97a5eb5646271d43596032a692389abc579,2c5cc1af74fc5f3955e44361b82b791710e4b63bbc69b0c15570617e2d86e543,2.5,40.0,-0.4248907070998439,0.3212428041683622,2.075109292900156,40.321242804168364,historical_closing_late_benchmark_exact_horizon_opaque,2021,C0-MARKET-RESIDUAL-MARGIN-TOTAL-V1,5f148219527b07d85261d3f196ace97a5eb5646271d43596032a692389abc579,2c5cc1af74fc5f3955e44361b82b791710e4b63bbc69b0c15570617e2d86e543,True
2022_12_TB_CLE,2022,12,CLE,TB,0.40372423049181333,-3.301655021585603,47.50691315353707,13.760447360492725,-0.47580212773849895,0.058088951112657106,2021,A0-DYNAMIC-OPPONENT-ADJUSTED-JOINT-SCORE-V1,5f148219527b07d85261d3f196ace97a5eb5646271d43596032a692389abc579,2c5cc1af74fc5f3955e44361b82b791710e4b63bbc69b0c15570617e2d86e543,0.36124999999999996,-6.3873,52.4443,330.1037090809081,384.9029878087809,-30.0,17.0,28.0,78.0,2021,B0-POSSESSION-DRIVE-SCORE-PROCESS-V1,5f148219527b07d85261d3f196ace97a5eb5646271d43596032a692389abc579,2c5cc1af74fc5f3955e44361b82b791710e4b63bbc69b0c15570617e2d86e543,-3.0,42.0,0.30423971516054343,-1.0475962179527514,-2.6957602848394564,40.95240378204725,historical_closing_late_benchmark_exact_horizon_opaque,2021,C0-MARKET-RESIDUAL-MARGIN-TOTAL-V1,5f148219527b07d85261d3f196ace97a5eb5646271d43596032a692389abc579,2c5cc1af74fc5f3955e44361b82b791710e4b63bbc69b0c15570617e2d86e543,True
2022_13_BUF_NE,2022,13,NE,BUF,0.470860327641297,-0.9903840490557876,46.29898491398622,13.760447360492725,0.18781768055990464,-0.09485781684191477,2021,A0-DYNAMIC-OPPONENT-ADJUSTED-JOINT-SCORE-V1,5f148219527b07d85261d3f196ace97a5eb5646271d43596032a692389abc579,2c5cc1af74fc5f3955e44361b82b791710e4b63bbc69b0c15570617e2d86e543,0.5432499999999999,1.7544,49.3458,305.0345840984099,349.17373973397343,-21.0,24.0,27.0,74.0,2021,B0-POSSESSION-DRIVE-SCORE-PROCESS-V1,5f148219527b07d85261d3f196ace97a5eb5646271d43596032a692389abc579,2c5cc1af74fc5f3955e44361b82b791710e4b63bbc69b0c15570617e2d86e543,-3.5,43.5,-0.5781992225797401,-0.10238537648269636,-4.07819922257974,43.397614623517306,historical_closing_late_benchmark_exact_horizon_opaque,2021,C0-MARKET-RESIDUAL-MARGIN-TOTAL-V1,5f148219527b07d85261d3f196ace97a5eb5646271d43596032a692389abc579,2c5cc1af74fc5f3955e44361b82b791710e4b63bbc69b0c15570617e2d86e543,True
2022_13_CLE_HOU,2022,13,HOU,CLE,0.3996537909982974,-3.4442278420296404,41.20210743896004,13.760447360492725,0.18603594268695411,-0.24291017207594962,2021,A0-DYNAMIC-OPPONENT-ADJUSTED-JOINT-SCORE-V1,5f148219527b07d85261d3f196ace97a5eb5646271d43596032a692389abc579,2c5cc1af74fc5f3955e44361b82b791710e4b63bbc69b0c15570617e2d86e543,0.47025,-1.3047,46.9911,296.60691860186023,339.0907298629863,-24.0,21.0,24.0,71.0,2021,B0-POSSESSION-DRIVE-SCORE-PROCESS-V1,5f148219527b07d85261d3f196ace97a5eb5646271d43596032a692389abc579,2c5cc1af74fc5f3955e44361b82b791710e4b63bbc69b0c15570617e2d86e543,-7.5,47.0,-0.6592918527585214,0.7683664303814367,-8.159291852758521,47.768366430381434,historical_closing_late_benchmark_exact_horizon_opaque,2021,C0-MARKET-RESIDUAL-MARGIN-TOTAL-V1,5f148219527b07d85261d3f196ace97a5eb5646271d43596032a692389abc579,2c5cc1af74fc5f3955e44361b82b791710e4b63bbc69b0c15570617e2d86e543,True
2022_13_DEN_BAL,2022,13,BAL,DEN,0.6768559297817146,6.217043120128814,42.30012519608996,13.760447360492725,-0.021932894900302702,-0.24707264830312212,2021,A0-DYNAMIC-OPPONENT-ADJUSTED-JOINT-SCORE-V1,5f148219527b07d85261d3f196ace97a5eb5646271d43596032a692389abc579,2c5cc1af74fc5f3955e44361b82b791710e4b63bbc69b0c15570617e2d86e543,0.6745,7.5847,43.2729,260.1038362936294,296.88051364136413,-13.0,28.0,23.0,66.0,2021,B0-POSSESSION-DRIVE-SCORE-PROCESS-V1,5f148219527b07d85261d3f196ace97a5eb5646271d43596032a692389abc579,2c5cc1af74fc5f3955e44361b82b791710e4b63bbc69b0c15570617e2d86e543,9.5,40.5,-0.3339285511541951,0.20480889187009144,9.166071448845805,40.704808891870094,historical_closing_late_benchmark_exact_horizon_opaque,2021,C0-MARKET-RESIDUAL-MARGIN-TOTAL-V1,5f148219527b07d85261d3f196ace97a5eb5646271d43596032a692389abc579,2c5cc1af74fc5f3955e44361b82b791710e4b63bbc69b0c15570617e2d86e543,True
2022_13_GB_CHI,2022,13,CHI,GB,0.4226279295450891,-2.644032326143609,46.15557440600327,13.760447360492725,-0.13822975435368837,0.011410240166130996,2021,A0-DYNAMIC-OPPONENT-ADJUSTED-JOINT-SCORE-V1,5f148219527b07d85261d3f196ace97a5eb5646271d43596032a692389abc579,2c5cc1af74fc5f3955e44361b82b791710e4b63bbc69b0c15570617e2d86e543,0.44205,-2.4299,48.4891,310.08569455945593,351.62624381438144,-25.0,20.0,26.0,73.0,2021,B0-POSSESSION-DRIVE-SCORE-PROCESS-V1,5f148219527b07d85261d3f196ace97a5eb5646271d43596032a692389abc579,2c5cc1af74fc5f3955e44361b82b791710e4b63bbc69b0c15570617e2d86e543,-4.0,45.0,-0.6923314284687816,0.08139325205959672,-4.692331428468782,45.0813932520596,historical_closing_late_benchmark_exact_horizon_opaque,2021,C0-MARKET-RESIDUAL-MARGIN-TOTAL-V1,5f148219527b07d85261d3f196ace97a5eb5646271d43596032a692389abc579,2c5cc1af74fc5f3955e44361b82b791710e4b63bbc69b0c15570617e2d86e543,True
2022_13_IND_DAL,2022,13,DAL,IND,0.7812031700214007,10.516016357609633,43.554858564421394,13.760447360492725,0.5651516850629879,-0.00941213128772267,2021,A0-DYNAMIC-OPPONENT-ADJUSTED-JOINT-SCORE-V1,5f148219527b07d85261d3f196ace97a5eb5646271d43596032a692389abc579,2c5cc1af74fc5f3955e44361b82b791710e4b63bbc69b0c15570617e2d86e543,0.67855,8.1744,51.8312,316.31501614161414,371.5996665266527,-14.0,31.0,28.0,77.0,2021,B0-POSSESSION-DRIVE-SCORE-PROCESS-V1,5f148219527b07d85261d3f196ace97a5eb5646271d43596032a692389abc579,2c5cc1af74fc5f3955e44361b82b791710e4b63bbc69b0c15570617e2d86e543,11.0,44.5,-0.6927337881108431,0.627497753571501,10.307266211889157,45.127497753571504,historical_closing_late_benchmark_exact_horizon_opaque,2021,C0-MARKET-RESIDUAL-MARGIN-TOTAL-V1,5f148219527b07d85261d3f196ace97a5eb5646271d43596032a692389abc579,2c5cc1af74fc5f3955e44361b82b791710e4b63bbc69b0c15570617e2d86e543,True
2022_13_JAX_DET,2022,13,DET,JAX,0.5982863109708669,3.37203035316476,47.660063181395344,13.760447360492725,0.35791509627772417,-0.11508972257299106,2021,A0-DYNAMIC-OPPONENT-ADJUSTED-JOINT-SCORE-V1,5f148219527b07d85261d3f196ace97a5eb5646271d43596032a692389abc579,2c5cc1af74fc5f3955e44361b82b791710e4b63bbc69b0c15570617e2d86e543,0.53535,1.3605,48.2577,299.54449419941994,340.6247531853186,-21.0,23.0,26.0,73.0,2021,B0-POSSESSION-DRIVE-SCORE-PROCESS-V1,5f148219527b07d85261d3f196ace97a5eb5646271d43596032a692389abc579,2c5cc1af74fc5f3955e44361b82b791710e4b63bbc69b0c15570617e2d86e543,1.0,51.5,-0.8288506076051421,0.8568835734023499,0.17114939239485794,52.35688357340235,historical_closing_late_benchmark_exact_horizon_opaque,2021,C0-MARKET-RESIDUAL-MARGIN-TOTAL-V1,5f148219527b07d85261d3f196ace97a5eb5646271d43596032a692389abc579,2c5cc1af74fc5f3955e44361b82b791710e4b63bbc69b0c15570617e2d86e543,True
2022_13_KC_CIN,2022,13,CIN,KC,0.4590704677213376,-1.3923007519140072,54.178760314007626,13.760447360492725,0.10572976013432069,-0.18181310029837253,2021,A0-DYNAMIC-OPPONENT-ADJUSTED-JOINT-SCORE-V1,5f148219527b07d85261d3f196ace97a5eb5646271d43596032a692389abc579,2c5cc1af74fc5f3955e44361b82b791710e4b63bbc69b0c15570617e2d86e543,0.37725,-5.7562,54.6092,337.40170173017304,404.44511987198723,-29.0,18.0,30.0,81.0,2021,B0-POSSESSION-DRIVE-SCORE-PROCESS-V1,5f148219527b07d85261d3f196ace97a5eb5646271d43596032a692389abc579,2c5cc1af74fc5f3955e44361b82b791710e4b63bbc69b0c15570617e2d86e543,-2.5,53.0,-0.616500310895941,-0.04185565390220944,-3.1165003108959413,52.95814434609779,historical_closing_late_benchmark_exact_horizon_opaque,2021,C0-MARKET-RESIDUAL-MARGIN-TOTAL-V1,5f148219527b07d85261d3f196ace97a5eb5646271d43596032a692389abc579,2c5cc1af74fc5f3955e44361b82b791710e4b63bbc69b0c15570617e2d86e543,True
2022_13_LAC_LV,2022,13,LV,LAC,0.5632529210203361,2.1569731740316165,48.999636797748494,13.760447360492725,-0.4480096645409432,0.23531650479464686,2021,A0-DYNAMIC-OPPONENT-ADJUSTED-JOINT-SCORE-V1,5f148219527b07d85261d3f196ace97a5eb5646271d43596032a692389abc579,2c5cc1af74fc5f3955e44361b82b791710e4b63bbc69b0c15570617e2d86e543,0.5084,0.4277,57.5995,356.314004110411,428.3809378437844,-24.0,24.0,33.0,85.0,2021,B0-POSSESSION-DRIVE-SCORE-PROCESS-V1,5f148219527b07d85261d3f196ace97a5eb5646271d43596032a692389abc579,2c5cc1af74fc5f3955e44361b82b791710e4b63bbc69b0c15570617e2d86e543,2.5,49.0,-0.5232037202921876,0.1085745844121025,1.9767962797078122,49.1085745844121,historical_closing_late_benchmark_exact_horizon_opaque,2021,C0-MARKET-RESIDUAL-MARGIN-TOTAL-V1,5f148219527b07d85261d3f196ace97a5eb5646271d43596032a692389abc579,2c5cc1af74fc5f3955e44361b82b791710e4b63bbc69b0c15570617e2d86e543,True
2022_13_MIA_SF,2022,13,SF,MIA,0.6225557985747331,4.22936775657233,47.64676271626373,13.760447360492725,0.01533077753737867,0.05819638460705584,2021,A0-DYNAMIC-OPPONENT-ADJUSTED-JOINT-SCORE-V1,5f148219527b07d85261d3f196ace97a5eb5646271d43596032a692389abc579,2c5cc1af74fc5f3955e44361b82b791710e4b63bbc69b0c15570617e2d86e543,0.6023000000000001,4.4539,50.9627,324.22229701970195,366.3965483648365,-18.0,28.0,27.0,76.0,2021,B0-POSSESSION-DRIVE-SCORE-PROCESS-V1,5f148219527b07d85261d3f196ace97a5eb5646271d43596032a692389abc579,2c5cc1af74fc5f3955e44361b82b791710e4b63bbc69b0c15570617e2d86e543,4.5,46.0,-0.3961046148470024,0.061300177069942785,4.103895385152998,46.061300177069946,historical_closing_late_benchmark_exact_horizon_opaque,2021,C0-MARKET-RESIDUAL-MARGIN-TOTAL-V1,5f148219527b07d85261d3f196ace97a5eb5646271d43596032a692389abc579,2c5cc1af74fc5f3955e44361b82b791710e4b63bbc69b0c15570617e2d86e543,True
2022_13_NO_TB,2022,13,TB,NO,0.6398526853028255,4.850698189778107,43.665723092652435,13.760447360492725,0.3444489754268555,-0.05163109752248113,2021,A0-DYNAMIC-OPPONENT-ADJUSTED-JOINT-SCORE-V1,5f148219527b07d85261d3f196ace97a5eb5646271d43596032a692389abc579,2c5cc1af74fc5f3955e44361b82b791710e4b63bbc69b0c15570617e2d86e543,0.5457500000000001,2.1593,50.3437,310.3697604860486,359.0762779377938,-20.0,25.0,27.0,75.0,2021,B0-POSSESSION-DRIVE-SCORE-PROCESS-V1,5f148219527b07d85261d3f196ace97a5eb5646271d43596032a692389abc579,2c5cc1af74fc5f3955e44361b82b791710e4b63bbc69b0c15570617e2d86e543,3.5,41.0,-0.32214110221586223,-0.0017154116686290966,3.1778588977841378,40.99828458833137,historical_closing_late_benchmark_exact_horizon_opaque,2021,C0-MARKET-RESIDUAL-MARGIN-TOTAL-V1,5f148219527b07d85261d3f196ace97a5eb5646271d43596032a692389abc579,2c5cc1af74fc5f3955e44361b82b791710e4b63bbc69b0c15570617e2d86e543,True
2022_13_NYJ_MIN,2022,13,MIN,NYJ,0.6223446987834036,4.221842045750829,42.60635892013876,13.760447360492725,0.07609548534231751,0.08818051150167067,2021,A0-DYNAMIC-OPPONENT-ADJUSTED-JOINT-SCORE-V1,5f148219527b07d85261d3f196ace97a5eb5646271d43596032a692389abc579,2c5cc1af74fc5f3955e44361b82b791710e4b63bbc69b0c15570617e2d86e543,0.62995,5.644,46.7002,278.26409040904093,320.74599455945594,-15.0,27.0,25.0,70.0,2021,B0-POSSESSION-DRIVE-SCORE-PROCESS-V1,5f148219527b07d85261d3f196ace97a5eb5646271d43596032a692389abc579,2c5cc1af74fc5f3955e44361b82b791710e4b63bbc69b0c15570617e2d86e543,3.0,44.0,-0.8312230407591847,0.6662858438288838,2.168776959240815,44.66628584382888,historical_closing_late_benchmark_exact_horizon_opaque,2021,C0-MARKET-RESIDUAL-MARGIN-TOTAL-V1,5f148219527b07d85261d3f196ace97a5eb5646271d43596032a692389abc579,2c5cc1af74fc5f3955e44361b82b791710e4b63bbc69b0c15570617e2d86e543,True
2022_13_PIT_ATL,2022,13,ATL,PIT,0.5870866656599512,2.981108216917683,43.68864305825795,13.760447360492725,-0.09521654337258353,-0.22100053814253495,2021,A0-DYNAMIC-OPPONENT-ADJUSTED-JOINT-SCORE-V1,5f148219527b07d85261d3f196ace97a5eb5646271d43596032a692389abc579,2c5cc1af74fc5f3955e44361b82b791710e4b63bbc69b0c15570617e2d86e543,0.5585,2.531,48.8812,292.48408740874083,337.0767942394239,-19.0,24.0,26.0,73.0,2021,B0-POSSESSION-DRIVE-SCORE-PROCESS-V1,5f148219527b07d85261d3f196ace97a5eb5646271d43596032a692389abc579,2c5cc1af74fc5f3955e44361b82b791710e4b63bbc69b0c15570617e2d86e543,-1.0,43.0,-0.53025680881284,0.33160086511811987,-1.5302568088128399,43.33160086511812,historical_closing_late_benchmark_exact_horizon_opaque,2021,C0-MARKET-RESIDUAL-MARGIN-TOTAL-V1,5f148219527b07d85261d3f196ace97a5eb5646271d43596032a692389abc579,2c5cc1af74fc5f3955e44361b82b791710e4b63bbc69b0c15570617e2d86e543,True
2022_13_SEA_LA,2022,13,LA,SEA,0.4386061079229886,-2.0930641895966176,45.178807352592706,13.760447360492725,-0.16858400457573786,0.06707441743422002,2021,A0-DYNAMIC-OPPONENT-ADJUSTED-JOINT-SCORE-V1,5f148219527b07d85261d3f196ace97a5eb5646271d43596032a692389abc579,2c5cc1af74fc5f3955e44361b82b791710e4b63bbc69b0c15570617e2d86e543,0.4746,-1.1364,48.0608,295.38613365336533,340.10151351135113,-23.0,21.0,26.0,72.10000000000036,2021,B0-POSSESSION-DRIVE-SCORE-PROCESS-V1,5f148219527b07d85261d3f196ace97a5eb5646271d43596032a692389abc579,2c5cc1af74fc5f3955e44361b82b791710e4b63bbc69b0c15570617e2d86e543,-7.0,41.0,-0.6175179949413843,-0.18448207052421567,-7.617517994941384,40.81551792947578,historical_closing_late_benchmark_exact_horizon_opaque,2021,C0-MARKET-RESIDUAL-MARGIN-TOTAL-V1,5f148219527b07d85261d3f196ace97a5eb5646271d43596032a692389abc579,2c5cc1af74fc5f3955e44361b82b791710e4b63bbc69b0c15570617e2d86e543,True
2022_13_TEN_PHI,2022,13,PHI,TEN,0.5746587055704129,2.5501849467667626,46.100591648601274,13.760447360492725,0.23023719278837126,-0.294613935406308,2021,A0-DYNAMIC-OPPONENT-ADJUSTED-JOINT-SCORE-V1,5f148219527b07d85261d3f196ace97a5eb5646271d43596032a692389abc579,2c5cc1af74fc5f3955e44361b82b791710e4b63bbc69b0c15570617e2d86e543,0.55795,2.7071,48.8539,307.46305589558955,354.1897737673767,-20.0,25.0,26.0,74.0,2021,B0-POSSESSION-DRIVE-SCORE-PROCESS-V1,5f148219527b07d85261d3f196ace97a5eb5646271d43596032a692389abc579,2c5cc1af74fc5f3955e44361b82b791710e4b63bbc69b0c15570617e2d86e543,5.0,44.5,-0.47672387369984537,0.035912197273328145,4.523276126300154,44.535912197273326,historical_closing_late_benchmark_exact_horizon_opaque,2021,C0-MARKET-RESIDUAL-MARGIN-TOTAL-V1,5f148219527b07d85261d3f196ace97a5eb5646271d43596032a692389abc579,2c5cc1af74fc5f3955e44361b82b791710e4b63bbc69b0c15570617e2d86e543,True
2022_13_WAS_NYG,2022,13,NYG,WAS,0.5191001134829523,0.6488349159870559,40.3145452114189,13.760447360492725,-0.35352283434931786,-0.012865877845786827,2021,A0-DYNAMIC-OPPONENT-ADJUSTED-JOINT-SCORE-V1,5f148219527b07d85261d3f196ace97a5eb5646271d43596032a692389abc579,2c5cc1af74fc5f3955e44361b82b791710e4b63bbc69b0c15570617e2d86e543,0.44785,-2.2426,41.7418,251.88253349334937,283.2202547854785,-22.0,18.0,21.0,64.0,2021,B0-POSSESSION-DRIVE-SCORE-PROCESS-V1,5f148219527b07d85261d3f196ace97a5eb5646271d43596032a692389abc579,2c5cc1af74fc5f3955e44361b82b791710e4b63bbc69b0c15570617e2d86e543,-2.5,40.0,-0.9793981115828737,0.7228047395390211,-3.479398111582874,40.72280473953902,historical_closing_late_benchmark_exact_horizon_opaque,2021,C0-MARKET-RESIDUAL-MARGIN-TOTAL-V1,5f148219527b07d85261d3f196ace97a5eb5646271d43596032a692389abc579,2c5cc1af74fc5f3955e44361b82b791710e4b63bbc69b0c15570617e2d86e543,True
2022_14_BAL_PIT,2022,14,PIT,BAL,0.4888228718167753,-0.37959397337872147,43.983800754046754,13.760447360492725,0.1666280179595081,0.10636883260634807,2021,A0-DYNAMIC-OPPONENT-ADJUSTED-JOINT-SCORE-V1,5f148219527b07d85261d3f196ace97a5eb5646271d43596032a692389abc579,2c5cc1af74fc5f3955e44361b82b791710e4b63bbc69b0c15570617e2d86e543,0.4332,-2.8722,44.9606,272.37370453045304,312.2704746874688,-24.0,18.0,23.0,68.0,2021,B0-POSSESSION-DRIVE-SCORE-PROCESS-V1,5f148219527b07d85261d3f196ace97a5eb5646271d43596032a692389abc579,2c5cc1af74fc5f3955e44361b82b791710e4b63bbc69b0c15570617e2d86e543,1.5,37.0,-0.6294425921764077,-0.2447091727450027,0.8705574078235923,36.755290827254996,historical_closing_late_benchmark_exact_horizon_opaque,2021,C0-MARKET-RESIDUAL-MARGIN-TOTAL-V1,5f148219527b07d85261d3f196ace97a5eb5646271d43596032a692389abc579,2c5cc1af74fc5f3955e44361b82b791710e4b63bbc69b0c15570617e2d86e543,True
2022_14_CAR_SEA,2022,14,SEA,CAR,0.6870221665666287,6.6031630086877975,43.53039833111167,13.760447360492725,0.4391676087948134,0.25317802060783057,2021,A0-DYNAMIC-OPPONENT-ADJUSTED-JOINT-SCORE-V1,5f148219527b07d85261d3f196ace97a5eb5646271d43596032a692389abc579,2c5cc1af74fc5f3955e44361b82b791710e4b63bbc69b0c15570617e2d86e543,0.64415,6.2106,46.841,287.6868163216322,312.86920592059204,-15.0,28.0,26.0,70.0,2021,B0-POSSESSION-DRIVE-SCORE-PROCESS-V1,5f148219527b07d85261d3f196ace97a5eb5646271d43596032a692389abc579,2c5cc1af74fc5f3955e44361b82b791710e4b63bbc69b0c15570617e2d86e543,3.5,44.5,0.840994080436962,-0.5482993355806792,4.340994080436962,43.95170066441932,historical_closing_late_benchmark_exact_horizon_opaque,2021,C0-MARKET-RESIDUAL-MARGIN-TOTAL-V1,5f148219527b07d85261d3f196ace97a5eb5646271d43596032a692389abc579,2c5cc1af74fc5f3955e44361b82b791710e4b63bbc69b0c15570617e2d86e543,True
2022_14_CLE_CIN,2022,14,CIN,CLE,0.6759891604328184,6.184359542991984,47.98648440352501,13.760447360492725,0.4697393355530803,-0.12272304529905834,2021,A0-DYNAMIC-OPPONENT-ADJUSTED-JOINT-SCORE-V1,5f148219527b07d85261d3f196ace97a5eb5646271d43596032a692389abc579,2c5cc1af74fc5f3955e44361b82b791710e4b63bbc69b0c15570617e2d86e543,0.59255,4.2982,49.7358,322.9161683768377,363.8425826182618,-18.0,27.0,27.0,75.0,2021,B0-POSSESSION-DRIVE-SCORE-PROCESS-V1,5f148219527b07d85261d3f196ace97a5eb5646271d43596032a692389abc579,2c5cc1af74fc5f3955e44361b82b791710e4b63bbc69b0c15570617e2d86e543,4.5,47.0,-0.24597054808121335,0.12246750256358105,4.254029451918787,47.12246750256358,historical_closing_late_benchmark_exact_horizon_opaque,2021,C0-MARKET-RESIDUAL-MARGIN-TOTAL-V1,5f148219527b07d85261d3f196ace97a5eb5646271d43596032a692389abc579,2c5cc1af74fc5f3955e44361b82b791710e4b63bbc69b0c15570617e2d86e543,True
2022_14_HOU_DAL,2022,14,DAL,HOU,0.8391917672815132,13.426969381714953,41.493641399615775,13.760447360492725,0.6213335760994555,0.14689450154495506,2021,A0-DYNAMIC-OPPONENT-ADJUSTED-JOINT-SCORE-V1,5f148219527b07d85261d3f196ace97a5eb5646271d43596032a692389abc579,2c5cc1af74fc5f3955e44361b82b791710e4b63bbc69b0c15570617e2d86e543,0.7904,14.3449,50.6471,321.24626861686164,361.93415500550054,-8.0,37.0,27.0,76.0,2021,B0-POSSESSION-DRIVE-SCORE-PROCESS-V1,5f148219527b07d85261d3f196ace97a5eb5646271d43596032a692389abc579,2c5cc1af74fc5f3955e44361b82b791710e4b63bbc69b0c15570617e2d86e543,17.0,44.5,-0.0010381284886966657,0.3372669977820576,16.998961871511302,44.83726699778206,historical_closing_late_benchmark_exact_horizon_opaque,2021,C0-MARKET-RESIDUAL-MARGIN-TOTAL-V1,5f148219527b07d85261d3f196ace97a5eb5646271d43596032a692389abc579,2c5cc1af74fc5f3955e44361b82b791710e4b63bbc69b0c15570617e2d86e543,True
2022_14_JAX_TEN,2022,14,TEN,JAX,0.6332376128873183,4.6119396742213326,44.14048098752437,13.760447360492725,0.2083288323311623,0.2985197016229873,2021,A0-DYNAMIC-OPPONENT-ADJUSTED-JOINT-SCORE-V1,5f148219527b07d85261d3f196ace97a5eb5646271d43596032a692389abc579,2c5cc1af74fc5f3955e44361b82b791710e4b63bbc69b0c15570617e2d86e543,0.638,5.9014,46.4804,291.50622866286625,338.1274285828583,-16.0,28.0,24.0,71.0,2021,B0-POSSESSION-DRIVE-SCORE-PROCESS-V1,5f148219527b07d85261d3f196ace97a5eb5646271d43596032a692389abc579,2c5cc1af74fc5f3955e44361b82b791710e4b63bbc69b0c15570617e2d86e543,3.0,42.0,-0.35558179965305786,0.1287649718178832,2.644418200346942,42.12876497181788,historical_closing_late_benchmark_exact_horizon_opaque,2021,C0-MARKET-RESIDUAL-MARGIN-TOTAL-V1,5f148219527b07d85261d3f196ace97a5eb5646271d43596032a692389abc579,2c5cc1af74fc5f3955e44361b82b791710e4b63bbc69b0c15570617e2d86e543,True
2022_14_KC_DEN,2022,14,DEN,KC,0.307553269581067,-6.811387097347215,47.948273827526386,13.760447360492725,-0.29794895775149505,-0.029471474113372947,2021,A0-DYNAMIC-OPPONENT-ADJUSTED-JOINT-SCORE-V1,5f148219527b07d85261d3f196ace97a5eb5646271d43596032a692389abc579,2c5cc1af74fc5f3955e44361b82b791710e4b63bbc69b0c15570617e2d86e543,0.3295,-7.6093,46.9281,291.65001851185116,328.84101449144913,-29.0,14.0,25.0,71.0,2021,B0-POSSESSION-DRIVE-SCORE-PROCESS-V1,5f148219527b07d85261d3f196ace97a5eb5646271d43596032a692389abc579,2c5cc1af74fc5f3955e44361b82b791710e4b63bbc69b0c15570617e2d86e543,-8.5,44.5,-0.8840140403674663,-0.04766590513459193,-9.384014040367466,44.45233409486541,historical_closing_late_benchmark_exact_horizon_opaque,2021,C0-MARKET-RESIDUAL-MARGIN-TOTAL-V1,5f148219527b07d85261d3f196ace97a5eb5646271d43596032a692389abc579,2c5cc1af74fc5f3955e44361b82b791710e4b63bbc69b0c15570617e2d86e543,True
2022_14_LV_LA,2022,14,LA,LV,0.5139532282890913,0.4739096173685162,44.3646362610919,13.760447360492725,0.1827385705501863,0.16294774699947379,2021,A0-DYNAMIC-OPPONENT-ADJUSTED-JOINT-SCORE-V1,5f148219527b07d85261d3f196ace97a5eb5646271d43596032a692389abc579,2c5cc1af74fc5f3955e44361b82b791710e4b63bbc69b0c15570617e2d86e543,0.57955,3.6751,52.8275,329.38027801780174,379.84492824282427,-20.0,27.0,29.0,79.0,2021,B0-POSSESSION-DRIVE-SCORE-PROCESS-V1,5f148219527b07d85261d3f196ace97a5eb5646271d43596032a692389abc579,2c5cc1af74fc5f3955e44361b82b791710e4b63bbc69b0c15570617e2d86e543,-6.5,42.5,-0.45812492102800056,0.08888950342107918,-6.958124921028,42.58888950342108,historical_closing_late_benchmark_exact_horizon_opaque,2021,C0-MARKET-RESIDUAL-MARGIN-TOTAL-V1,5f148219527b07d85261d3f196ace97a5eb5646271d43596032a692389abc579,2c5cc1af74fc5f3955e44361b82b791710e4b63bbc69b0c15570617e2d86e543,True
2022_14_MIA_LAC,2022,14,LAC,MIA,0.5086869500314907,0.2950080702024849,46.317122129207114,13.760447360492725,0.32412577952281746,-0.4075027399357109,2021,A0-DYNAMIC-OPPONENT-ADJUSTED-JOINT-SCORE-V1,5f148219527b07d85261d3f196ace97a5eb5646271d43596032a692389abc579,2c5cc1af74fc5f3955e44361b82b791710e4b63bbc69b0c15570617e2d86e543,0.53335,1.5004,53.3648,344.7398738273827,406.3545564156416,-22.0,25.0,29.0,80.0,2021,B0-POSSESSION-DRIVE-SCORE-PROCESS-V1,5f148219527b07d85261d3f196ace97a5eb5646271d43596032a692389abc579,2c5cc1af74fc5f3955e44361b82b791710e4b63bbc69b0c15570617e2d86e543,-3.0,54.5,-0.4827610928839192,0.7234273719704307,-3.482761092883919,55.22342737197043,historical_closing_late_benchmark_exact_horizon_opaque,2021,C0-MARKET-RESIDUAL-MARGIN-TOTAL-V1,5f148219527b07d85261d3f196ace97a5eb5646271d43596032a692389abc579,2c5cc1af74fc5f3955e44361b82b791710e4b63bbc69b0c15570617e2d86e543,True
2022_14_MIN_DET,2022,14,DET,MIN,0.6115617694012707,3.8391024250281873,47.65033479656164,13.760447360492725,0.045302665509615606,-0.12161919365791932,2021,A0-DYNAMIC-OPPONENT-ADJUSTED-JOINT-SCORE-V1,5f148219527b07d85261d3f196ace97a5eb5646271d43596032a692389abc579,2c5cc1af74fc5f3955e44361b82b791710e4b63bbc69b0c15570617e2d86e543,0.4816,-0.7525,51.2419,314.71691544154413,377.177502140214,-23.0,21.0,27.0,77.0,2021,B0-POSSESSION-DRIVE-SCORE-PROCESS-V1,5f148219527b07d85261d3f196ace97a5eb5646271d43596032a692389abc579,2c5cc1af74fc5f3955e44361b82b791710e4b63bbc69b0c15570617e2d86e543,2.5,51.5,-0.3778095507401195,0.4182140705726529,2.1221904492598807,51.91821407057265,historical_closing_late_benchmark_exact_horizon_opaque,2021,C0-MARKET-RESIDUAL-MARGIN-TOTAL-V1,5f148219527b07d85261d3f196ace97a5eb5646271d43596032a692389abc579,2c5cc1af74fc5f3955e44361b82b791710e4b63bbc69b0c15570617e2d86e543,True
2022_14_NE_ARI,2022,14,ARI,NE,0.5117923821606638,0.40049495736103324,42.91481593619682,13.760447360492725,-0.26120032521276554,-0.2731326386368277,2021,A0-DYNAMIC-OPPONENT-ADJUSTED-JOINT-SCORE-V1,5f148219527b07d85261d3f196ace97a5eb5646271d43596032a692389abc579,2c5cc1af74fc5f3955e44361b82b791710e4b63bbc69b0c15570617e2d86e543,0.36705,-5.8462,46.2696,283.2674723072307,322.3367495149515,-27.0,15.0,24.0,70.0,2021,B0-POSSESSION-DRIVE-SCORE-PROCESS-V1,5f148219527b07d85261d3f196ace97a5eb5646271d43596032a692389abc579,2c5cc1af74fc5f3955e44361b82b791710e4b63bbc69b0c15570617e2d86e543,-2.0,44.0,-1.1357639031204338,0.7070383115180923,-3.135763903120434,44.70703831151809,historical_closing_late_benchmark_exact_horizon_opaque,2021,C0-MARKET-RESIDUAL-MARGIN-TOTAL-V1,5f148219527b07d85261d3f196ace97a5eb5646271d43596032a692389abc579,2c5cc1af74fc5f3955e44361b82b791710e4b63bbc69b0c15570617e2d86e543,True
2022_14_NYJ_BUF,2022,14,BUF,NYJ,0.7823462309313869,10.56855826762536,45.73296177147233,13.760447360492725,0.092708966305395,0.4205465056927682,2021,A0-DYNAMIC-OPPONENT-ADJUSTED-JOINT-SCORE-V1,5f148219527b07d85261d3f196ace97a5eb5646271d43596032a692389abc579,2c5cc1af74fc5f3955e44361b82b791710e4b63bbc69b0c15570617e2d86e543,0.7562500000000001,11.7216,48.7234,300.54174761476145,343.62665510551057,-10.0,34.0,26.0,73.0,2021,B0-POSSESSION-DRIVE-SCORE-PROCESS-V1,5f148219527b07d85261d3f196ace97a5eb5646271d43596032a692389abc579,2c5cc1af74fc5f3955e44361b82b791710e4b63bbc69b0c15570617e2d86e543,10.0,43.5,-0.5671479744946872,0.36821860185490496,9.432852025505312,43.868218601854906,historical_closing_late_benchmark_exact_horizon_opaque,2021,C0-MARKET-RESIDUAL-MARGIN-TOTAL-V1,5f148219527b07d85261d3f196ace97a5eb5646271d43596032a692389abc579,2c5cc1af74fc5f3955e44361b82b791710e4b63bbc69b0c15570617e2d86e543,True
2022_14_PHI_NYG,2022,14,NYG,PHI,0.3876113042834727,-3.8683420309871117,44.71782093631488,13.760447360492725,-0.6419661489816048,0.06047043861452468,2021,A0-DYNAMIC-OPPONENT-ADJUSTED-JOINT-SCORE-V1,5f148219527b07d85261d3f196ace97a5eb5646271d43596032a692389abc579,2c5cc1af74fc5f3955e44361b82b791710e4b63bbc69b0c15570617e2d86e543,0.33744999999999997,-7.0012,44.0486,265.2723257925793,308.0322412641264,-28.0,13.0,23.0,67.0,2021,B0-POSSESSION-DRIVE-SCORE-PROCESS-V1,5f148219527b07d85261d3f196ace97a5eb5646271d43596032a692389abc579,2c5cc1af74fc5f3955e44361b82b791710e4b63bbc69b0c15570617e2d86e543,-7.5,44.5,-0.7388647884573205,0.2562462668969371,-8.23886478845732,44.75624626689694,historical_closing_late_benchmark_exact_horizon_opaque,2021,C0-MARKET-RESIDUAL-MARGIN-TOTAL-V1,5f148219527b07d85261d3f196ace97a5eb5646271d43596032a692389abc579,2c5cc1af74fc5f3955e44361b82b791710e4b63bbc69b0c15570617e2d86e543,True
2022_14_TB_SF,2022,14,SF,TB,0.6344370389291549,4.6551223352712086,47.2806819673653,13.760447360492725,-0.2049391096387695,0.04356629009475321,2021,A0-DYNAMIC-OPPONENT-ADJUSTED-JOINT-SCORE-V1,5f148219527b07d85261d3f196ace97a5eb5646271d43596032a692389abc579,2c5cc1af74fc5f3955e44361b82b791710e4b63bbc69b0c15570617e2d86e543,0.53295,1.6706,52.6096,333.54785042504255,391.2437122112212,-21.0,25.0,28.0,79.0,2021,B0-POSSESSION-DRIVE-SCORE-PROCESS-V1,5f148219527b07d85261d3f196ace97a5eb5646271d43596032a692389abc579,2c5cc1af74fc5f3955e44361b82b791710e4b63bbc69b0c15570617e2d86e543,3.5,38.0,-0.5162340994160004,-0.452997340121425,2.9837659005839994,37.54700265987857,historical_closing_late_benchmark_exact_horizon_opaque,2021,C0-MARKET-RESIDUAL-MARGIN-TOTAL-V1,5f148219527b07d85261d3f196ace97a5eb5646271d43596032a692389abc579,2c5cc1af74fc5f3955e44361b82b791710e4b63bbc69b0c15570617e2d86e543,True
2022_15_ARI_DEN,2022,15,DEN,ARI,0.5541357304528663,1.84397780875398,40.0344245325026,13.760447360492725,-0.2009796565712091,0.341174635944545,2021,A0-DYNAMIC-OPPONENT-ADJUSTED-JOINT-SCORE-V1,5f148219527b07d85261d3f196ace97a5eb5646271d43596032a692389abc579,2c5cc1af74fc5f3955e44361b82b791710e4b63bbc69b0c15570617e2d86e543,0.4692,-1.1313,42.0405,248.53291360136012,290.2288826382638,-21.0,19.0,21.0,64.0,2021,B0-POSSESSION-DRIVE-SCORE-PROCESS-V1,5f148219527b07d85261d3f196ace97a5eb5646271d43596032a692389abc579,2c5cc1af74fc5f3955e44361b82b791710e4b63bbc69b0c15570617e2d86e543,1.5,37.5,-0.6754991464614469,0.22630947137755614,0.8245008535385531,37.726309471377554,historical_closing_late_benchmark_exact_horizon_opaque,2021,C0-MARKET-RESIDUAL-MARGIN-TOTAL-V1,5f148219527b07d85261d3f196ace97a5eb5646271d43596032a692389abc579,2c5cc1af74fc5f3955e44361b82b791710e4b63bbc69b0c15570617e2d86e543,True
2022_15_ATL_NO,2022,15,NO,ATL,0.6062403943295878,3.6513626727888173,43.63858271158013,13.760447360492725,0.01581395495775703,0.3256279193631918,2021,A0-DYNAMIC-OPPONENT-ADJUSTED-JOINT-SCORE-V1,5f148219527b07d85261d3f196ace97a5eb5646271d43596032a692389abc579,2c5cc1af74fc5f3955e44361b82b791710e4b63bbc69b0c15570617e2d86e543,0.59445,4.3816,51.5294,315.9399754375437,369.8439200320032,-18.0,27.0,28.0,77.0,2021,B0-POSSESSION-DRIVE-SCORE-PROCESS-V1,5f148219527b07d85261d3f196ace97a5eb5646271d43596032a692389abc579,2c5cc1af74fc5f3955e44361b82b791710e4b63bbc69b0c15570617e2d86e543,5.0,43.5,-0.3020234826794885,0.15980042073719658,4.6979765173205115,43.6598004207372,historical_closing_late_benchmark_exact_horizon_opaque,2021,C0-MARKET-RESIDUAL-MARGIN-TOTAL-V1,5f148219527b07d85261d3f196ace97a5eb5646271d43596032a692389abc579,2c5cc1af74fc5f3955e44361b82b791710e4b63bbc69b0c15570617e2d86e543,True
2022_15_BAL_CLE,2022,15,CLE,BAL,0.5221774235251787,0.7534721559069197,44.24775219698908,13.760447360492725,-0.04412772276696186,0.21745406741718087,2021,A0-DYNAMIC-OPPONENT-ADJUSTED-JOINT-SCORE-V1,5f148219527b07d85261d3f196ace97a5eb5646271d43596032a692389abc579,2c5cc1af74fc5f3955e44361b82b791710e4b63bbc69b0c15570617e2d86e543,0.3754,-5.5645,48.1963,295.0221419641964,351.55172148214825,-27.0,16.0,25.0,73.0,2021,B0-POSSESSION-DRIVE-SCORE-PROCESS-V1,5f148219527b07d85261d3f196ace97a5eb5646271d43596032a692389abc579,2c5cc1af74fc5f3955e44361b82b791710e4b63bbc69b0c15570617e2d86e543,2.5,39.5,-0.5907722512587662,-0.01878926911203871,1.909227748741234,39.48121073088796,historical_closing_late_benchmark_exact_horizon_opaque,2021,C0-MARKET-RESIDUAL-MARGIN-TOTAL-V1,5f148219527b07d85261d3f196ace97a5eb5646271d43596032a692389abc579,2c5cc1af74fc5f3955e44361b82b791710e4b63bbc69b0c15570617e2d86e543,True
2022_15_CIN_TB,2022,15,TB,CIN,0.5064068223021628,0.2175672873130381,49.09959803160186,13.760447360492725,0.006062792185418636,0.06463409418640123,2021,A0-DYNAMIC-OPPONENT-ADJUSTED-JOINT-SCORE-V1,5f148219527b07d85261d3f196ace97a5eb5646271d43596032a692389abc579,2c5cc1af74fc5f3955e44361b82b791710e4b63bbc69b0c15570617e2d86e543,0.59645,4.3738,52.0142,321.82185574557457,380.66326468646866,-18.0,27.0,28.0,78.0,2021,B0-POSSESSION-DRIVE-SCORE-PROCESS-V1,5f148219527b07d85261d3f196ace97a5eb5646271d43596032a692389abc579,2c5cc1af74fc5f3955e44361b82b791710e4b63bbc69b0c15570617e2d86e543,-3.5,47.0,-0.5213197292153572,-0.09962100504152355,-4.0213197292153575,46.90037899495848,historical_closing_late_benchmark_exact_horizon_opaque,2021,C0-MARKET-RESIDUAL-MARGIN-TOTAL-V1,5f148219527b07d85261d3f196ace97a5eb5646271d43596032a692389abc579,2c5cc1af74fc5f3955e44361b82b791710e4b63bbc69b0c15570617e2d86e543,True
2022_15_DAL_JAX,2022,15,JAX,DAL,0.3849243412032486,-3.963476707494305,47.24495767335402,13.760447360492725,-0.7961725116262611,-0.1864453943248925,2021,A0-DYNAMIC-OPPONENT-ADJUSTED-JOINT-SCORE-V1,5f148219527b07d85261d3f196ace97a5eb5646271d43596032a692389abc579,2c5cc1af74fc5f3955e44361b82b791710e4b63bbc69b0c15570617e2d86e543,0.3128,-8.5135,49.3087,304.7408918391839,347.6985741674168,-31.0,14.0,26.0,74.0,2021,B0-POSSESSION-DRIVE-SCORE-PROCESS-V1,5f148219527b07d85261d3f196ace97a5eb5646271d43596032a692389abc579,2c5cc1af74fc5f3955e44361b82b791710e4b63bbc69b0c15570617e2d86e543,-4.0,48.5,-0.7900954248367682,0.19945493671180634,-4.790095424836768,48.69945493671181,historical_closing_late_benchmark_exact_horizon_opaque,2021,C0-MARKET-RESIDUAL-MARGIN-TOTAL-V1,5f148219527b07d85261d3f196ace97a5eb5646271d43596032a692389abc579,2c5cc1af74fc5f3955e44361b82b791710e4b63bbc69b0c15570617e2d86e543,True
2022_15_DET_NYJ,2022,15,NYJ,DET,0.47113009302987335,-0.9811992780703882,44.87002923858536,13.760447360492725,-0.12139815085193312,0.03343868215624865,2021,A0-DYNAMIC-OPPONENT-ADJUSTED-JOINT-SCORE-V1,5f148219527b07d85261d3f196ace97a5eb5646271d43596032a692389abc579,2c5cc1af74fc5f3955e44361b82b791710e4b63bbc69b0c15570617e2d86e543,0.49425,-0.3189,48.0005,298.4928520752075,343.35983573357333,-22.0,22.0,25.0,72.0,2021,B0-POSSESSION-DRIVE-SCORE-PROCESS-V1,5f148219527b07d85261d3f196ace97a5eb5646271d43596032a692389abc579,2c5cc1af74fc5f3955e44361b82b791710e4b63bbc69b0c15570617e2d86e543,2.0,44.0,-0.6821134037570104,0.10318165517524157,1.3178865962429898,44.10318165517524,historical_closing_late_benchmark_exact_horizon_opaque,2021,C0-MARKET-RESIDUAL-MARGIN-TOTAL-V1,5f148219527b07d85261d3f196ace97a5eb5646271d43596032a692389abc579,2c5cc1af74fc5f3955e44361b82b791710e4b63bbc69b0c15570617e2d86e543,True
2022_15_IND_MIN,2022,15,MIN,IND,0.5358913250487195,1.2204187371738584,42.1655373828988,13.760447360492725,0.08159160420483533,-0.1893280545276869,2021,A0-DYNAMIC-OPPONENT-ADJUSTED-JOINT-SCORE-V1,5f148219527b07d85261d3f196ace97a5eb5646271d43596032a692389abc579,2c5cc1af74fc5f3955e44361b82b791710e4b63bbc69b0c15570617e2d86e543,0.5298,1.485,48.974,299.259300930093,342.1289368936894,-20.0,23.0,26.0,74.0,2021,B0-POSSESSION-DRIVE-SCORE-PROCESS-V1,5f148219527b07d85261d3f196ace97a5eb5646271d43596032a692389abc579,2c5cc1af74fc5f3955e44361b82b791710e4b63bbc69b0c15570617e2d86e543,3.5,46.5,0.5213572579346164,-0.2870104764855216,4.021357257934616,46.21298952351448,historical_closing_late_benchmark_exact_horizon_opaque,2021,C0-MARKET-RESIDUAL-MARGIN-TOTAL-V1,5f148219527b07d85261d3f196ace97a5eb5646271d43596032a692389abc579,2c5cc1af74fc5f3955e44361b82b791710e4b63bbc69b0c15570617e2d86e543,True
2022_15_KC_HOU,2022,15,HOU,KC,0.23857238263487052,-9.630575697156441,47.03251104059119,13.760447360492725,-0.1779736327318055,-0.3020002270752638,2021,A0-DYNAMIC-OPPONENT-ADJUSTED-JOINT-SCORE-V1,5f148219527b07d85261d3f196ace97a5eb5646271d43596032a692389abc579,2c5cc1af74fc5f3955e44361b82b791710e4b63bbc69b0c15570617e2d86e543,0.24935,-12.1582,52.4318,320.8120539653965,380.38578733873385,-36.0,10.0,28.0,78.0,2021,B0-POSSESSION-DRIVE-SCORE-PROCESS-V1,5f148219527b07d85261d3f196ace97a5eb5646271d43596032a692389abc579,2c5cc1af74fc5f3955e44361b82b791710e4b63bbc69b0c15570617e2d86e543,-14.5,48.5,-0.9445582168371709,0.29380812994416616,-15.444558216837171,48.79380812994417,historical_closing_late_benchmark_exact_horizon_opaque,2021,C0-MARKET-RESIDUAL-MARGIN-TOTAL-V1,5f148219527b07d85261d3f196ace97a5eb5646271d43596032a692389abc579,2c5cc1af74fc5f3955e44361b82b791710e4b63bbc69b0c15570617e2d86e543,True
2022_15_LA_GB,2022,15,GB,LA,0.7014006795594366,7.158672252257141,45.96958090279396,13.760447360492725,0.06114403939556308,-0.10841857897318818,2021,A0-DYNAMIC-OPPONENT-ADJUSTED-JOINT-SCORE-V1,5f148219527b07d85261d3f196ace97a5eb5646271d43596032a692389abc579,2c5cc1af74fc5f3955e44361b82b791710e4b63bbc69b0c15570617e2d86e543,0.56025,2.7525,51.1643,317.70741449144913,381.7464801580158,-20.0,25.0,27.0,77.0,2021,B0-POSSESSION-DRIVE-SCORE-PROCESS-V1,5f148219527b07d85261d3f196ace97a5eb5646271d43596032a692389abc579,2c5cc1af74fc5f3955e44361b82b791710e4b63bbc69b0c15570617e2d86e543,8.0,39.5,-0.8690157818848281,0.137958326803368,7.130984218115172,39.63795832680337,historical_closing_late_benchmark_exact_horizon_opaque,2021,C0-MARKET-RESIDUAL-MARGIN-TOTAL-V1,5f148219527b07d85261d3f196ace97a5eb5646271d43596032a692389abc579,2c5cc1af74fc5f3955e44361b82b791710e4b63bbc69b0c15570617e2d86e543,True
2022_15_MIA_BUF,2022,15,BUF,MIA,0.6639364058345869,5.73349109406163,47.17028196899548,13.760447360492725,0.0848906783289838,0.12915344604509849,2021,A0-DYNAMIC-OPPONENT-ADJUSTED-JOINT-SCORE-V1,5f148219527b07d85261d3f196ace97a5eb5646271d43596032a692389abc579,2c5cc1af74fc5f3955e44361b82b791710e4b63bbc69b0c15570617e2d86e543,0.6747500000000001,8.1719,50.4995,324.16136652665267,374.6952692769277,-14.0,31.0,27.0,76.0,2021,B0-POSSESSION-DRIVE-SCORE-PROCESS-V1,5f148219527b07d85261d3f196ace97a5eb5646271d43596032a692389abc579,2c5cc1af74fc5f3955e44361b82b791710e4b63bbc69b0c15570617e2d86e543,7.0,44.0,-0.3430100951664863,-0.06656257131037607,6.656989904833514,43.93343742868962,historical_closing_late_benchmark_exact_horizon_opaque,2021,C0-MARKET-RESIDUAL-MARGIN-TOTAL-V1,5f148219527b07d85261d3f196ace97a5eb5646271d43596032a692389abc579,2c5cc1af74fc5f3955e44361b82b791710e4b63bbc69b0c15570617e2d86e543,True
2022_15_NE_LV,2022,15,LV,NE,0.5627542610628538,2.1398257803146272,43.901326206663015,13.760447360492725,-0.3965922439070142,-0.20648186434424776,2021,A0-DYNAMIC-OPPONENT-ADJUSTED-JOINT-SCORE-V1,5f148219527b07d85261d3f196ace97a5eb5646271d43596032a692389abc579,2c5cc1af74fc5f3955e44361b82b791710e4b63bbc69b0c15570617e2d86e543,0.3697,-5.9464,51.1774,314.49877691769177,358.8086101010101,-28.0,17.0,27.0,76.0,2021,B0-POSSESSION-DRIVE-SCORE-PROCESS-V1,5f148219527b07d85261d3f196ace97a5eb5646271d43596032a692389abc579,2c5cc1af74fc5f3955e44361b82b791710e4b63bbc69b0c15570617e2d86e543,1.0,45.0,-1.0844508856838975,0.73708327842792,-0.08445088568389747,45.73708327842792,historical_closing_late_benchmark_exact_horizon_opaque,2021,C0-MARKET-RESIDUAL-MARGIN-TOTAL-V1,5f148219527b07d85261d3f196ace97a5eb5646271d43596032a692389abc579,2c5cc1af74fc5f3955e44361b82b791710e4b63bbc69b0c15570617e2d86e543,True
2022_15_NYG_WAS,2022,15,WAS,NYG,0.7023036927297397,7.193954985411988,40.73289104677873,13.760447360492725,0.35352283434931786,0.012865877845786827,2021,A0-DYNAMIC-OPPONENT-ADJUSTED-JOINT-SCORE-V1,5f148219527b07d85261d3f196ace97a5eb5646271d43596032a692389abc579,2c5cc1af74fc5f3955e44361b82b791710e4b63bbc69b0c15570617e2d86e543,0.6241,5.2284,43.1552,256.00283372337236,295.02801576157617,-15.0,26.0,22.0,66.0,2021,B0-POSSESSION-DRIVE-SCORE-PROCESS-V1,5f148219527b07d85261d3f196ace97a5eb5646271d43596032a692389abc579,2c5cc1af74fc5f3955e44361b82b791710e4b63bbc69b0c15570617e2d86e543,4.5,40.5,-1.266448418931667,1.2007124463882068,3.2335515810683333,41.70071244638821,historical_closing_late_benchmark_exact_horizon_opaque,2021,C0-MARKET-RESIDUAL-MARGIN-TOTAL-V1,5f148219527b07d85261d3f196ace97a5eb5646271d43596032a692389abc579,2c5cc1af74fc5f3955e44361b82b791710e4b63bbc69b0c15570617e2d86e543,True
2022_15_PHI_CHI,2022,15,CHI,PHI,0.4345279722492334,-2.233323801226909,46.19669692670447,13.760447360492725,-0.2124618211433961,0.09958942606560053,2021,A0-DYNAMIC-OPPONENT-ADJUSTED-JOINT-SCORE-V1,5f148219527b07d85261d3f196ace97a5eb5646271d43596032a692389abc579,2c5cc1af74fc5f3955e44361b82b791710e4b63bbc69b0c15570617e2d86e543,0.4141,-3.7939,46.3285,286.8331061006101,325.140301780178,-25.0,17.0,24.0,71.0,2021,B0-POSSESSION-DRIVE-SCORE-PROCESS-V1,5f148219527b07d85261d3f196ace97a5eb5646271d43596032a692389abc579,2c5cc1af74fc5f3955e44361b82b791710e4b63bbc69b0c15570617e2d86e543,-8.5,48.0,-1.6765484480952166,1.115093687524069,-10.176548448095216,49.115093687524066,historical_closing_late_benchmark_exact_horizon_opaque,2021,C0-MARKET-RESIDUAL-MARGIN-TOTAL-V1,5f148219527b07d85261d3f196ace97a5eb5646271d43596032a692389abc579,2c5cc1af74fc5f3955e44361b82b791710e4b63bbc69b0c15570617e2d86e543,True
2022_15_PIT_CAR,2022,15,CAR,PIT,0.5043773836182375,0.14864680260120622,40.21622220824247,13.760447360492725,-0.1669524188511342,-0.29112473699776775,2021,A0-DYNAMIC-OPPONENT-ADJUSTED-JOINT-SCORE-V1,5f148219527b07d85261d3f196ace97a5eb5646271d43596032a692389abc579,2c5cc1af74fc5f3955e44361b82b791710e4b63bbc69b0c15570617e2d86e543,0.51,0.5852,43.061,260.8222231823182,302.3467136713671,-20.0,21.0,22.0,66.0,2021,B0-POSSESSION-DRIVE-SCORE-PROCESS-V1,5f148219527b07d85261d3f196ace97a5eb5646271d43596032a692389abc579,2c5cc1af74fc5f3955e44361b82b791710e4b63bbc69b0c15570617e2d86e543,2.5,36.5,-0.6033768573081191,0.03127573221490118,1.896623142691881,36.5312757322149,historical_closing_late_benchmark_exact_horizon_opaque,2021,C0-MARKET-RESIDUAL-MARGIN-TOTAL-V1,5f148219527b07d85261d3f196ace97a5eb5646271d43596032a692389abc579,2c5cc1af74fc5f3955e44361b82b791710e4b63bbc69b0c15570617e2d86e543,True
2022_15_SF_SEA,2022,15,SEA,SF,0.4840866995348905,-0.540514973174691,49.37998929052935,13.760447360492725,0.21210791257041972,-0.1345092901828661,2021,A0-DYNAMIC-OPPONENT-ADJUSTED-JOINT-SCORE-V1,5f148219527b07d85261d3f196ace97a5eb5646271d43596032a692389abc579,2c5cc1af74fc5f3955e44361b82b791710e4b63bbc69b0c15570617e2d86e543,0.53125,1.3215,49.7547,308.19955770577064,366.0671346234623,-21.0,24.0,26.0,75.0,2021,B0-POSSESSION-DRIVE-SCORE-PROCESS-V1,5f148219527b07d85261d3f196ace97a5eb5646271d43596032a692389abc579,2c5cc1af74fc5f3955e44361b82b791710e4b63bbc69b0c15570617e2d86e543,-3.0,43.0,-0.5548368064207224,-0.3748772184296687,-3.5548368064207225,42.62512278157033,historical_closing_late_benchmark_exact_horizon_opaque,2021,C0-MARKET-RESIDUAL-MARGIN-TOTAL-V1,5f148219527b07d85261d3f196ace97a5eb5646271d43596032a692389abc579,2c5cc1af74fc5f3955e44361b82b791710e4b63bbc69b0c15570617e2d86e543,True
2022_15_TEN_LAC,2022,15,LAC,TEN,0.5564242311571537,1.9224435721030915,44.58157999373473,13.760447360492725,0.3601321805938574,-0.4962804223277709,2021,A0-DYNAMIC-OPPONENT-ADJUSTED-JOINT-SCORE-V1,5f148219527b07d85261d3f196ace97a5eb5646271d43596032a692389abc579,2c5cc1af74fc5f3955e44361b82b791710e4b63bbc69b0c15570617e2d86e543,0.5117499999999999,0.8408,53.89,334.1030656665667,398.1827182718272,-22.0,24.0,29.0,81.0,2021,B0-POSSESSION-DRIVE-SCORE-PROCESS-V1,5f148219527b07d85261d3f196ace97a5eb5646271d43596032a692389abc579,2c5cc1af74fc5f3955e44361b82b791710e4b63bbc69b0c15570617e2d86e543,3.0,46.5,-0.4673932452870097,0.27609325998475176,2.5326067547129902,46.776093259984755,historical_closing_late_benchmark_exact_horizon_opaque,2021,C0-MARKET-RESIDUAL-MARGIN-TOTAL-V1,5f148219527b07d85261d3f196ace97a5eb5646271d43596032a692389abc579,2c5cc1af74fc5f3955e44361b82b791710e4b63bbc69b0c15570617e2d86e543,True
2022_16_ATL_BAL,2022,16,BAL,ATL,0.6378329826505073,4.777644357142556,45.480368649004156,13.760447360492725,-0.07141147458692457,0.11463170553618687,2021,A0-DYNAMIC-OPPONENT-ADJUSTED-JOINT-SCORE-V1,5f148219527b07d85261d3f196ace97a5eb5646271d43596032a692389abc579,2c5cc1af74fc5f3955e44361b82b791710e4b63bbc69b0c15570617e2d86e543,0.5993499999999999,4.3643,51.2635,315.2137068806881,372.66893464346435,-18.0,27.0,27.0,77.0,2021,B0-POSSESSION-DRIVE-SCORE-PROCESS-V1,5f148219527b07d85261d3f196ace97a5eb5646271d43596032a692389abc579,2c5cc1af74fc5f3955e44361b82b791710e4b63bbc69b0c15570617e2d86e543,6.5,35.0,-0.5527097890035341,-0.38423484295000465,5.947290210996466,34.61576515704999,historical_closing_late_benchmark_exact_horizon_opaque,2021,C0-MARKET-RESIDUAL-MARGIN-TOTAL-V1,5f148219527b07d85261d3f196ace97a5eb5646271d43596032a692389abc579,2c5cc1af74fc5f3955e44361b82b791710e4b63bbc69b0c15570617e2d86e543,True
2022_16_BUF_CHI,2022,16,CHI,BUF,0.32883457429319835,-6.003118748395405,46.646489243749116,13.760447360492725,-0.10312170775504854,-0.2354002729937459,2021,A0-DYNAMIC-OPPONENT-ADJUSTED-JOINT-SCORE-V1,5f148219527b07d85261d3f196ace97a5eb5646271d43596032a692389abc579,2c5cc1af74fc5f3955e44361b82b791710e4b63bbc69b0c15570617e2d86e543,0.37455,-5.5705,48.0301,298.2418539353935,345.8185758475848,-28.0,17.0,25.0,73.0,2021,B0-POSSESSION-DRIVE-SCORE-PROCESS-V1,5f148219527b07d85261d3f196ace97a5eb5646271d43596032a692389abc579,2c5cc1af74fc5f3955e44361b82b791710e4b63bbc69b0c15570617e2d86e543,-8.0,40.0,-0.6687840494954381,-0.4419771194100378,-8.668784049495438,39.55802288058996,historical_closing_late_benchmark_exact_horizon_opaque,2021,C0-MARKET-RESIDUAL-MARGIN-TOTAL-V1,5f148219527b07d85261d3f196ace97a5eb5646271d43596032a692389abc579,2c5cc1af74fc5f3955e44361b82b791710e4b63bbc69b0c15570617e2d86e543,True
2022_16_CIN_NE,2022,16,NE,CIN,0.48286149697830977,-0.5821552057639394,45.38909706840934,13.760447360492725,0.058501263898158906,0.08429962887728232,2021,A0-DYNAMIC-OPPONENT-ADJUSTED-JOINT-SCORE-V1,5f148219527b07d85261d3f196ace97a5eb5646271d43596032a692389abc579,2c5cc1af74fc5f3955e44361b82b791710e4b63bbc69b0c15570617e2d86e543,0.6762,7.5891,47.2901,283.1097721672167,328.9020321932193,-14.0,29.0,25.0,72.0,2021,B0-POSSESSION-DRIVE-SCORE-PROCESS-V1,5f148219527b07d85261d3f196ace97a5eb5646271d43596032a692389abc579,2c5cc1af74fc5f3955e44361b82b791710e4b63bbc69b0c15570617e2d86e543,-3.0,42.0,-0.5768493165471512,-0.17805760647309277,-3.5768493165471513,41.82194239352691,historical_closing_late_benchmark_exact_horizon_opaque,2021,C0-MARKET-RESIDUAL-MARGIN-TOTAL-V1,5f148219527b07d85261d3f196ace97a5eb5646271d43596032a692389abc579,2c5cc1af74fc5f3955e44361b82b791710e4b63bbc69b0c15570617e2d86e543,True
2022_16_DEN_LA,2022,16,LA,DEN,0.5532990699111398,1.8153068252611817,39.19673314960534,13.760447360492725,0.24832630842714673,-0.11157611465249122,2021,A0-DYNAMIC-OPPONENT-ADJUSTED-JOINT-SCORE-V1,5f148219527b07d85261d3f196ace97a5eb5646271d43596032a692389abc579,2c5cc1af74fc5f3955e44361b82b791710e4b63bbc69b0c15570617e2d86e543,0.6083,4.6701,41.8845,259.339199909991,291.1984795979598,-16.0,25.0,20.0,65.0,2021,B0-POSSESSION-DRIVE-SCORE-PROCESS-V1,5f148219527b07d85261d3f196ace97a5eb5646271d43596032a692389abc579,2c5cc1af74fc5f3955e44361b82b791710e4b63bbc69b0c15570617e2d86e543,-3.0,36.5,-0.257364780188726,-0.022991914011141257,-3.257364780188726,36.47700808598886,historical_closing_late_benchmark_exact_horizon_opaque,2021,C0-MARKET-RESIDUAL-MARGIN-TOTAL-V1,5f148219527b07d85261d3f196ace97a5eb5646271d43596032a692389abc579,2c5cc1af74fc5f3955e44361b82b791710e4b63bbc69b0c15570617e2d86e543,True
2022_16_DET_CAR,2022,16,CAR,DET,0.43489445156704876,-2.220709880605149,44.724313513561185,13.760447360492725,-0.3253087815625369,-0.004659184379722459,2021,A0-DYNAMIC-OPPONENT-ADJUSTED-JOINT-SCORE-V1,5f148219527b07d85261d3f196ace97a5eb5646271d43596032a692389abc579,2c5cc1af74fc5f3955e44361b82b791710e4b63bbc69b0c15570617e2d86e543,0.5847,3.8487,48.9481,297.07431574157414,355.1481212021202,-17.0,26.0,26.0,74.0,2021,B0-POSSESSION-DRIVE-SCORE-PROCESS-V1,5f148219527b07d85261d3f196ace97a5eb5646271d43596032a692389abc579,2c5cc1af74fc5f3955e44361b82b791710e4b63bbc69b0c15570617e2d86e543,-2.5,43.5,-0.6963139357080588,0.1308587839606553,-3.1963139357080586,43.630858783960655,historical_closing_late_benchmark_exact_horizon_opaque,2021,C0-MARKET-RESIDUAL-MARGIN-TOTAL-V1,5f148219527b07d85261d3f196ace97a5eb5646271d43596032a692389abc579,2c5cc1af74fc5f3955e44361b82b791710e4b63bbc69b0c15570617e2d86e543,True
2022_16_GB_MIA,2022,16,MIA,GB,0.5494226012443542,1.6825705925299381,47.91824519085806,13.760447360492725,-0.11999872492762362,0.11765706711477843,2021,A0-DYNAMIC-OPPONENT-ADJUSTED-JOINT-SCORE-V1,5f148219527b07d85261d3f196ace97a5eb5646271d43596032a692389abc579,2c5cc1af74fc5f3955e44361b82b791710e4b63bbc69b0c15570617e2d86e543,0.4545,-1.8246,52.224,329.35497033703365,389.5731813181318,-25.0,21.0,28.0,78.0,2021,B0-POSSESSION-DRIVE-SCORE-PROCESS-V1,5f148219527b07d85261d3f196ace97a5eb5646271d43596032a692389abc579,2c5cc1af74fc5f3955e44361b82b791710e4b63bbc69b0c15570617e2d86e543,3.5,49.0,-0.8519756725307093,0.4709209514981878,2.6480243274692907,49.47092095149819,historical_closing_late_benchmark_exact_horizon_opaque,2021,C0-MARKET-RESIDUAL-MARGIN-TOTAL-V1,5f148219527b07d85261d3f196ace97a5eb5646271d43596032a692389abc579,2c5cc1af74fc5f3955e44361b82b791710e4b63bbc69b0c15570617e2d86e543,True
2022_16_HOU_TEN,2022,16,TEN,HOU,0.7019437842338492,7.17988672398041,39.471380940746066,13.760447360492725,0.03348989680435672,0.2589688088430499,2021,A0-DYNAMIC-OPPONENT-ADJUSTED-JOINT-SCORE-V1,5f148219527b07d85261d3f196ace97a5eb5646271d43596032a692389abc579,2c5cc1af74fc5f3955e44361b82b791710e4b63bbc69b0c15570617e2d86e543,0.6713,7.5738,48.1926,299.3938929492949,348.99940518051807,-14.0,30.0,26.0,73.0,2021,B0-POSSESSION-DRIVE-SCORE-PROCESS-V1,5f148219527b07d85261d3f196ace97a5eb5646271d43596032a692389abc579,2c5cc1af74fc5f3955e44361b82b791710e4b63bbc69b0c15570617e2d86e543,3.0,34.0,-0.20333780829662063,-0.12787567470436706,2.7966621917033794,33.87212432529563,historical_closing_late_benchmark_exact_horizon_opaque,2021,C0-MARKET-RESIDUAL-MARGIN-TOTAL-V1,5f148219527b07d85261d3f196ace97a5eb5646271d43596032a692389abc579,2c5cc1af74fc5f3955e44361b82b791710e4b63bbc69b0c15570617e2d86e543,True
2022_16_JAX_NYJ,2022,16,NYJ,JAX,0.5158889251901243,0.5396865982734127,43.708719455613604,13.760447360492725,0.23651694542579105,-0.08165104041674241,2021,A0-DYNAMIC-OPPONENT-ADJUSTED-JOINT-SCORE-V1,5f148219527b07d85261d3f196ace97a5eb5646271d43596032a692389abc579,2c5cc1af74fc5f3955e44361b82b791710e4b63bbc69b0c15570617e2d86e543,0.49979999999999997,0.0153,44.2743,274.2258884988499,309.3535948694869,-21.0,21.0,23.0,68.0,2021,B0-POSSESSION-DRIVE-SCORE-PROCESS-V1,5f148219527b07d85261d3f196ace97a5eb5646271d43596032a692389abc579,2c5cc1af74fc5f3955e44361b82b791710e4b63bbc69b0c15570617e2d86e543,2.5,36.5,-0.5742288214706098,-0.2685760872304321,1.92577117852939,36.23142391276957,historical_closing_late_benchmark_exact_horizon_opaque,2021,C0-MARKET-RESIDUAL-MARGIN-TOTAL-V1,5f148219527b07d85261d3f196ace97a5eb5646271d43596032a692389abc579,2c5cc1af74fc5f3955e44361b82b791710e4b63bbc69b0c15570617e2d86e543,True
2022_16_LAC_IND,2022,16,IND,LAC,0.5064652930782859,0.21955305129472436,42.15095374522764,13.760447360492725,-0.33744018636174644,0.3936182463173987,2021,A0-DYNAMIC-OPPONENT-ADJUSTED-JOINT-SCORE-V1,5f148219527b07d85261d3f196ace97a5eb5646271d43596032a692389abc579,2c5cc1af74fc5f3955e44361b82b791710e4b63bbc69b0c15570617e2d86e543,0.5148999999999999,0.5546,52.9956,323.91120996099613,373.5869393339334,-22.0,24.0,29.0,78.0,2021,B0-POSSESSION-DRIVE-SCORE-PROCESS-V1,5f148219527b07d85261d3f196ace97a5eb5646271d43596032a692389abc579,2c5cc1af74fc5f3955e44361b82b791710e4b63bbc69b0c15570617e2d86e543,-3.5,44.5,-0.7080947965898898,0.4402836365385774,-4.20809479658989,44.94028363653858,historical_closing_late_benchmark_exact_horizon_opaque,2021,C0-MARKET-RESIDUAL-MARGIN-TOTAL-V1,5f148219527b07d85261d3f196ace97a5eb5646271d43596032a692389abc579,2c5cc1af74fc5f3955e44361b82b791710e4b63bbc69b0c15570617e2d86e543,True
2022_16_LV_PIT,2022,16,PIT,LV,0.5561888888115103,1.9143714640909444,45.30544818343142,13.760447360492725,0.07910738518224497,0.13382004595519098,2021,A0-DYNAMIC-OPPONENT-ADJUSTED-JOINT-SCORE-V1,5f148219527b07d85261d3f196ace97a5eb5646271d43596032a692389abc579,2c5cc1af74fc5f3955e44361b82b791710e4b63bbc69b0c15570617e2d86e543,0.5678000000000001,2.7705,48.6655,290.6524949995,343.6057703270327,-19.0,24.0,26.0,73.0,2021,B0-POSSESSION-DRIVE-SCORE-PROCESS-V1,5f148219527b07d85261d3f196ace97a5eb5646271d43596032a692389abc579,2c5cc1af74fc5f3955e44361b82b791710e4b63bbc69b0c15570617e2d86e543,2.5,38.5,-0.509351480083641,-0.2668083819065502,1.990648519916359,38.23319161809345,historical_closing_late_benchmark_exact_horizon_opaque,2021,C0-MARKET-RESIDUAL-MARGIN-TOTAL-V1,5f148219527b07d85261d3f196ace97a5eb5646271d43596032a692389abc579,2c5cc1af74fc5f3955e44361b82b791710e4b63bbc69b0c15570617e2d86e543,True
2022_16_NO_CLE,2022,16,CLE,NO,0.541508599220372,1.4120698765061839,42.246571766272126,13.760447360492725,-0.13135315231164346,0.006457853590175977,2021,A0-DYNAMIC-OPPONENT-ADJUSTED-JOINT-SCORE-V1,5f148219527b07d85261d3f196ace97a5eb5646271d43596032a692389abc579,2c5cc1af74fc5f3955e44361b82b791710e4b63bbc69b0c15570617e2d86e543,0.37120000000000003,-5.6659,47.2869,296.9215693469347,332.054193809381,-27.0,16.0,25.0,71.0,2021,B0-POSSESSION-DRIVE-SCORE-PROCESS-V1,5f148219527b07d85261d3f196ace97a5eb5646271d43596032a692389abc579,2c5cc1af74fc5f3955e44361b82b791710e4b63bbc69b0c15570617e2d86e543,3.0,32.0,-0.70216577830696,-0.31655984737912246,2.29783422169304,31.68344015262088,historical_closing_late_benchmark_exact_horizon_opaque,2021,C0-MARKET-RESIDUAL-MARGIN-TOTAL-V1,5f148219527b07d85261d3f196ace97a5eb5646271d43596032a692389abc579,2c5cc1af74fc5f3955e44361b82b791710e4b63bbc69b0c15570617e2d86e543,True
2022_16_NYG_MIN,2022,16,MIN,NYG,0.6251323134927019,4.321326592858149,43.389221373060906,13.760447360492725,0.5160125546301797,-0.05784673374627576,2021,A0-DYNAMIC-OPPONENT-ADJUSTED-JOINT-SCORE-V1,5f148219527b07d85261d3f196ace97a5eb5646271d43596032a692389abc579,2c5cc1af74fc5f3955e44361b82b791710e4b63bbc69b0c15570617e2d86e543,0.64105,6.0441,45.7433,269.69892508250825,314.3594410541054,-14.0,27.0,24.0,69.0,2021,B0-POSSESSION-DRIVE-SCORE-PROCESS-V1,5f148219527b07d85261d3f196ace97a5eb5646271d43596032a692389abc579,2c5cc1af74fc5f3955e44361b82b791710e4b63bbc69b0c15570617e2d86e543,4.5,48.0,-0.5148003720708015,0.7860618002603081,3.9851996279291986,48.786061800260306,historical_closing_late_benchmark_exact_horizon_opaque,2021,C0-MARKET-RESIDUAL-MARGIN-TOTAL-V1,5f148219527b07d85261d3f196ace97a5eb5646271d43596032a692389abc579,2c5cc1af74fc5f3955e44361b82b791710e4b63bbc69b0c15570617e2d86e543,True
2022_16_PHI_DAL,2022,16,DAL,PHI,0.6113339234484614,3.831049079898687,48.93008356967445,13.760447360492725,0.35760648650672755,0.18253962810821314,2021,A0-DYNAMIC-OPPONENT-ADJUSTED-JOINT-SCORE-V1,5f148219527b07d85261d3f196ace97a5eb5646271d43596032a692389abc579,2c5cc1af74fc5f3955e44361b82b791710e4b63bbc69b0c15570617e2d86e543,0.5875,3.9645,52.3631,328.23126287628764,383.1101694069407,-19.0,27.0,28.0,78.0,2021,B0-POSSESSION-DRIVE-SCORE-PROCESS-V1,5f148219527b07d85261d3f196ace97a5eb5646271d43596032a692389abc579,2c5cc1af74fc5f3955e44361b82b791710e4b63bbc69b0c15570617e2d86e543,4.0,48.0,-0.40542323741925407,-0.0973690804734424,3.594576762580746,47.90263091952656,historical_closing_late_benchmark_exact_horizon_opaque,2021,C0-MARKET-RESIDUAL-MARGIN-TOTAL-V1,5f148219527b07d85261d3f196ace97a5eb5646271d43596032a692389abc579,2c5cc1af74fc5f3955e44361b82b791710e4b63bbc69b0c15570617e2d86e543,True
2022_16_SEA_KC,2022,16,KC,SEA,0.671782313232724,6.026236376259135,53.27925624025525,13.760447360492725,-0.11896135525138955,0.20812200620008417,2021,A0-DYNAMIC-OPPONENT-ADJUSTED-JOINT-SCORE-V1,5f148219527b07d85261d3f196ace97a5eb5646271d43596032a692389abc579,2c5cc1af74fc5f3955e44361b82b791710e4b63bbc69b0c15570617e2d86e543,0.6239,5.4864,53.374,338.05762080208024,400.5289768976898,-18.0,29.0,29.0,80.0,2021,B0-POSSESSION-DRIVE-SCORE-PROCESS-V1,5f148219527b07d85261d3f196ace97a5eb5646271d43596032a692389abc579,2c5cc1af74fc5f3955e44361b82b791710e4b63bbc69b0c15570617e2d86e543,10.5,50.5,0.06663357965368061,-0.515907247226303,10.566633579653681,49.9840927527737,historical_closing_late_benchmark_exact_horizon_opaque,2021,C0-MARKET-RESIDUAL-MARGIN-TOTAL-V1,5f148219527b07d85261d3f196ace97a5eb5646271d43596032a692389abc579,2c5cc1af74fc5f3955e44361b82b791710e4b63bbc69b0c15570617e2d86e543,True
2022_16_TB_ARI,2022,16,ARI,TB,0.4450771955105223,-1.8709570836571139,43.79735325522579,13.760447360492725,-0.20876185350002527,-0.2534671039459466,2021,A0-DYNAMIC-OPPONENT-ADJUSTED-JOINT-SCORE-V1,5f148219527b07d85261d3f196ace97a5eb5646271d43596032a692389abc579,2c5cc1af74fc5f3955e44361b82b791710e4b63bbc69b0c15570617e2d86e543,0.4527,-2.029,49.4314,306.15277427742774,354.3895329932993,-24.0,20.0,27.0,75.0,2021,B0-POSSESSION-DRIVE-SCORE-PROCESS-V1,5f148219527b07d85261d3f196ace97a5eb5646271d43596032a692389abc579,2c5cc1af74fc5f3955e44361b82b791710e4b63bbc69b0c15570617e2d86e543,-7.5,41.5,-0.5792542243247265,-0.018894963408995713,-8.079254224324727,41.481105036591,historical_closing_late_benchmark_exact_horizon_opaque,2021,C0-MARKET-RESIDUAL-MARGIN-TOTAL-V1,5f148219527b07d85261d3f196ace97a5eb5646271d43596032a692389abc579,2c5cc1af74fc5f3955e44361b82b791710e4b63bbc69b0c15570617e2d86e543,True
2022_16_WAS_SF,2022,16,SF,WAS,0.7550588570696759,9.354132567428092,44.092715601467646,13.760447360492725,0.10954330045233422,0.19069632116099228,2021,A0-DYNAMIC-OPPONENT-ADJUSTED-JOINT-SCORE-V1,5f148219527b07d85261d3f196ace97a5eb5646271d43596032a692389abc579,2c5cc1af74fc5f3955e44361b82b791710e4b63bbc69b0c15570617e2d86e543,0.6574,7.0371,47.5487,289.6318867786778,336.90651896189615,-14.0,29.0,25.0,71.0,2021,B0-POSSESSION-DRIVE-SCORE-PROCESS-V1,5f148219527b07d85261d3f196ace97a5eb5646271d43596032a692389abc579,2c5cc1af74fc5f3955e44361b82b791710e4b63bbc69b0c15570617e2d86e543,6.5,37.5,-0.5742336942709125,0.0961728656865043,5.925766305729088,37.596172865686505,historical_closing_late_benchmark_exact_horizon_opaque,2021,C0-MARKET-RESIDUAL-MARGIN-TOTAL-V1,5f148219527b07d85261d3f196ace97a5eb5646271d43596032a692389abc579,2c5cc1af74fc5f3955e44361b82b791710e4b63bbc69b0c15570617e2d86e543,True
2022_17_ARI_ATL,2022,17,ATL,ARI,0.6051826392127575,3.614129295585194,42.75499022722495,13.760447360492725,-0.15150107688458722,-0.020529717894764016,2021,A0-DYNAMIC-OPPONENT-ADJUSTED-JOINT-SCORE-V1,5f148219527b07d85261d3f196ace97a5eb5646271d43596032a692389abc579,2c5cc1af74fc5f3955e44361b82b791710e4b63bbc69b0c15570617e2d86e543,0.5674499999999999,2.9962,50.836,312.24180974097413,361.4546494649465,-20.0,25.0,27.0,76.0,2021,B0-POSSESSION-DRIVE-SCORE-PROCESS-V1,5f148219527b07d85261d3f196ace97a5eb5646271d43596032a692389abc579,2c5cc1af74fc5f3955e44361b82b791710e4b63bbc69b0c15570617e2d86e543,7.0,41.0,-0.6272070210824913,0.23893448858906335,6.372792978917508,41.23893448858907,historical_closing_late_benchmark_exact_horizon_opaque,2021,C0-MARKET-RESIDUAL-MARGIN-TOTAL-V1,5f148219527b07d85261d3f196ace97a5eb5646271d43596032a692389abc579,2c5cc1af74fc5f3955e44361b82b791710e4b63bbc69b0c15570617e2d86e543,True
2022_17_CAR_TB,2022,17,TB,CAR,0.6426971688535082,4.953825147086587,43.499568259747846,13.760447360492725,0.4319988058631632,0.3441210206959434,2021,A0-DYNAMIC-OPPONENT-ADJUSTED-JOINT-SCORE-V1,5f148219527b07d85261d3f196ace97a5eb5646271d43596032a692389abc579,2c5cc1af74fc5f3955e44361b82b791710e4b63bbc69b0c15570617e2d86e543,0.57335,3.147,49.4228,299.86717771777177,343.9656367236724,-19.0,25.0,27.0,74.0,2021,B0-POSSESSION-DRIVE-SCORE-PROCESS-V1,5f148219527b07d85261d3f196ace97a5eb5646271d43596032a692389abc579,2c5cc1af74fc5f3955e44361b82b791710e4b63bbc69b0c15570617e2d86e543,3.5,40.5,-0.18244338105801972,-0.13129727680012637,3.31755661894198,40.368702723199874,historical_closing_late_benchmark_exact_horizon_opaque,2021,C0-MARKET-RESIDUAL-MARGIN-TOTAL-V1,5f148219527b07d85261d3f196ace97a5eb5646271d43596032a692389abc579,2c5cc1af74fc5f3955e44361b82b791710e4b63bbc69b0c15570617e2d86e543,True
2022_17_CHI_DET,2022,17,DET,CHI,0.6915157402323545,6.775537447953891,46.294007811745175,13.760447360492725,0.13181089230158666,-0.21858491485527093,2021,A0-DYNAMIC-OPPONENT-ADJUSTED-JOINT-SCORE-V1,5f148219527b07d85261d3f196ace97a5eb5646271d43596032a692389abc579,2c5cc1af74fc5f3955e44361b82b791710e4b63bbc69b0c15570617e2d86e543,0.49710000000000004,-0.1799,49.4501,313.83831982198217,360.2513351235124,-23.0,22.0,26.0,75.0,2021,B0-POSSESSION-DRIVE-SCORE-PROCESS-V1,5f148219527b07d85261d3f196ace97a5eb5646271d43596032a692389abc579,2c5cc1af74fc5f3955e44361b82b791710e4b63bbc69b0c15570617e2d86e543,4.5,52.5,-0.21870564004211662,0.6341139319246948,4.281294359957883,53.134113931924695,historical_closing_late_benchmark_exact_horizon_opaque,2021,C0-MARKET-RESIDUAL-MARGIN-TOTAL-V1,5f148219527b07d85261d3f196ace97a5eb5646271d43596032a692389abc579,2c5cc1af74fc5f3955e44361b82b791710e4b63bbc69b0c15570617e2d86e543,True
2022_17_CLE_WAS,2022,17,WAS,CLE,0.5518838441034111,1.7668277942784947,40.265037518338204,13.760447360492725,0.1613197176473952,-0.20521898217889617,2021,A0-DYNAMIC-OPPONENT-ADJUSTED-JOINT-SCORE-V1,5f148219527b07d85261d3f196ace97a5eb5646271d43596032a692389abc579,2c5cc1af74fc5f3955e44361b82b791710e4b63bbc69b0c15570617e2d86e543,0.5506500000000001,2.2666,44.6764,279.89371381138113,314.2783108710871,-19.0,24.0,23.0,68.0,2021,B0-POSSESSION-DRIVE-SCORE-PROCESS-V1,5f148219527b07d85261d3f196ace97a5eb5646271d43596032a692389abc579,2c5cc1af74fc5f3955e44361b82b791710e4b63bbc69b0c15570617e2d86e543,1.0,41.5,-0.472184173075574,0.4385607562039433,0.527815826924426,41.93856075620394,historical_closing_late_benchmark_exact_horizon_opaque,2021,C0-MARKET-RESIDUAL-MARGIN-TOTAL-V1,5f148219527b07d85261d3f196ace97a5eb5646271d43596032a692389abc579,2c5cc1af74fc5f3955e44361b82b791710e4b63bbc69b0c15570617e2d86e543,True
2022_17_DAL_TEN,2022,17,TEN,DAL,0.3964216926430846,-3.5577081760619933,44.89198196059267,13.760447360492725,-0.5878436792950987,0.11207430729809484,2021,A0-DYNAMIC-OPPONENT-ADJUSTED-JOINT-SCORE-V1,5f148219527b07d85261d3f196ace97a5eb5646271d43596032a692389abc579,2c5cc1af74fc5f3955e44361b82b791710e4b63bbc69b0c15570617e2d86e543,0.38525000000000004,-5.1985,52.9085,336.2657243224322,390.771404890489,-28.09999999999991,18.0,29.0,79.0,2021,B0-POSSESSION-DRIVE-SCORE-PROCESS-V1,5f148219527b07d85261d3f196ace97a5eb5646271d43596032a692389abc579,2c5cc1af74fc5f3955e44361b82b791710e4b63bbc69b0c15570617e2d86e543,-14.0,41.0,-0.6217038745514726,-0.21736784937431441,-14.621703874551473,40.78263215062569,historical_closing_late_benchmark_exact_horizon_opaque,2021,C0-MARKET-RESIDUAL-MARGIN-TOTAL-V1,5f148219527b07d85261d3f196ace97a5eb5646271d43596032a692389abc579,2c5cc1af74fc5f3955e44361b82b791710e4b63bbc69b0c15570617e2d86e543,True
2022_17_DEN_KC,2022,17,KC,DEN,0.8248885776557437,12.655002890549206,46.55328452739838,13.760447360492725,0.29794895775149505,0.029471474113372947,2021,A0-DYNAMIC-OPPONENT-ADJUSTED-JOINT-SCORE-V1,5f148219527b07d85261d3f196ace97a5eb5646271d43596032a692389abc579,2c5cc1af74fc5f3955e44361b82b791710e4b63bbc69b0c15570617e2d86e543,0.74965,11.3555,47.2073,285.7526950195019,333.4836750775077,-10.0,33.0,25.0,71.0,2021,B0-POSSESSION-DRIVE-SCORE-PROCESS-V1,5f148219527b07d85261d3f196ace97a5eb5646271d43596032a692389abc579,2c5cc1af74fc5f3955e44361b82b791710e4b63bbc69b0c15570617e2d86e543,13.5,46.0,-0.15505664038445138,0.3027316695495491,13.344943359615549,46.30273166954955,historical_closing_late_benchmark_exact_horizon_opaque,2021,C0-MARKET-RESIDUAL-MARGIN-TOTAL-V1,5f148219527b07d85261d3f196ace97a5eb5646271d43596032a692389abc579,2c5cc1af74fc5f3955e44361b82b791710e4b63bbc69b0c15570617e2d86e543,True
2022_17_IND_NYG,2022,17,NYG,IND,0.6050774109476611,3.610426718429462,39.179336687833086,13.760447360492725,-0.43442095042534445,-0.13148132078141112,2021,A0-DYNAMIC-OPPONENT-ADJUSTED-JOINT-SCORE-V1,5f148219527b07d85261d3f196ace97a5eb5646271d43596032a692389abc579,2c5cc1af74fc5f3955e44361b82b791710e4b63bbc69b0c15570617e2d86e543,0.45705,-1.8314,44.8828,263.9585698969897,307.0027644364436,-23.0,19.0,23.0,68.0,2021,B0-POSSESSION-DRIVE-SCORE-PROCESS-V1,5f148219527b07d85261d3f196ace97a5eb5646271d43596032a692389abc579,2c5cc1af74fc5f3955e44361b82b791710e4b63bbc69b0c15570617e2d86e543,5.5,38.5,-0.7631388647623674,0.5678631321119734,4.736861135237633,39.067863132111974,historical_closing_late_benchmark_exact_horizon_opaque,2021,C0-MARKET-RESIDUAL-MARGIN-TOTAL-V1,5f148219527b07d85261d3f196ace97a5eb5646271d43596032a692389abc579,2c5cc1af74fc5f3955e44361b82b791710e4b63bbc69b0c15570617e2d86e543,True
2022_17_JAX_HOU,2022,17,HOU,JAX,0.4135848940840734,-2.957749439583022,42.385823023420684,13.760447360492725,0.1748389355268056,0.03955089277993741,2021,A0-DYNAMIC-OPPONENT-ADJUSTED-JOINT-SCORE-V1,5f148219527b07d85261d3f196ace97a5eb5646271d43596032a692389abc579,2c5cc1af74fc5f3955e44361b82b791710e4b63bbc69b0c15570617e2d86e543,0.46404999999999996,-1.5201,44.5231,265.6419601860186,313.0069670867087,-22.0,19.0,23.0,68.0,2021,B0-POSSESSION-DRIVE-SCORE-PROCESS-V1,5f148219527b07d85261d3f196ace97a5eb5646271d43596032a692389abc579,2c5cc1af74fc5f3955e44361b82b791710e4b63bbc69b0c15570617e2d86e543,-3.5,43.0,-0.4017367681760927,0.1173857387116524,-3.9017367681760926,43.117385738711654,historical_closing_late_benchmark_exact_horizon_opaque,2021,C0-MARKET-RESIDUAL-MARGIN-TOTAL-V1,5f148219527b07d85261d3f196ace97a5eb5646271d43596032a692389abc579,2c5cc1af74fc5f3955e44361b82b791710e4b63bbc69b0c15570617e2d86e543,True
2022_17_LA_LAC,2022,17,LAC,LA,0.5787667859746313,2.6923206047431734,44.03711017924173,13.760447360492725,0.2652710939907569,-0.39826425179412067,2021,A0-DYNAMIC-OPPONENT-ADJUSTED-JOINT-SCORE-V1,5f148219527b07d85261d3f196ace97a5eb5646271d43596032a692389abc579,2c5cc1af74fc5f3955e44361b82b791710e4b63bbc69b0c15570617e2d86e543,0.506,0.3573,51.0203,309.4445811681168,373.8196698769877,-22.0,23.0,27.0,77.0,2021,B0-POSSESSION-DRIVE-SCORE-PROCESS-V1,5f148219527b07d85261d3f196ace97a5eb5646271d43596032a692389abc579,2c5cc1af74fc5f3955e44361b82b791710e4b63bbc69b0c15570617e2d86e543,6.5,41.5,-0.3304438952621318,-0.20316579036702564,6.169556104737868,41.296834209632976,historical_closing_late_benchmark_exact_horizon_opaque,2021,C0-MARKET-RESIDUAL-MARGIN-TOTAL-V1,5f148219527b07d85261d3f196ace97a5eb5646271d43596032a692389abc579,2c5cc1af74fc5f3955e44361b82b791710e4b63bbc69b0c15570617e2d86e543,True
2022_17_MIA_NE,2022,17,NE,MIA,0.5602645450984711,2.054262755438849,41.88622831166449,13.760447360492725,0.27270835888888845,0.034295629203183714,2021,A0-DYNAMIC-OPPONENT-ADJUSTED-JOINT-SCORE-V1,5f148219527b07d85261d3f196ace97a5eb5646271d43596032a692389abc579,2c5cc1af74fc5f3955e44361b82b791710e4b63bbc69b0c15570617e2d86e543,0.6893,8.5466,47.7454,296.7663050705071,336.2778066206621,-13.0,30.100000000000364,25.0,72.0,2021,B0-POSSESSION-DRIVE-SCORE-PROCESS-V1,5f148219527b07d85261d3f196ace97a5eb5646271d43596032a692389abc579,2c5cc1af74fc5f3955e44361b82b791710e4b63bbc69b0c15570617e2d86e543,3.0,41.5,-0.6469481636028357,0.257298450918121,2.353051836397164,41.75729845091812,historical_closing_late_benchmark_exact_horizon_opaque,2021,C0-MARKET-RESIDUAL-MARGIN-TOTAL-V1,5f148219527b07d85261d3f196ace97a5eb5646271d43596032a692389abc579,2c5cc1af74fc5f3955e44361b82b791710e4b63bbc69b0c15570617e2d86e543,True
2022_17_MIN_GB,2022,17,GB,MIN,0.6410689691640541,4.8947599051477475,47.82454947753324,13.760447360492725,0.051721527561717315,0.08555548103122061,2021,A0-DYNAMIC-OPPONENT-ADJUSTED-JOINT-SCORE-V1,5f148219527b07d85261d3f196ace97a5eb5646271d43596032a692389abc579,2c5cc1af74fc5f3955e44361b82b791710e4b63bbc69b0c15570617e2d86e543,0.5930500000000001,4.2653,51.6393,315.5888747974797,366.50824633463344,-18.0,27.0,28.0,77.0,2021,B0-POSSESSION-DRIVE-SCORE-PROCESS-V1,5f148219527b07d85261d3f196ace97a5eb5646271d43596032a692389abc579,2c5cc1af74fc5f3955e44361b82b791710e4b63bbc69b0c15570617e2d86e543,3.0,47.5,-0.17975428592573334,-0.014701158550307292,2.8202457140742667,47.48529884144969,historical_closing_late_benchmark_exact_horizon_opaque,2021,C0-MARKET-RESIDUAL-MARGIN-TOTAL-V1,5f148219527b07d85261d3f196ace97a5eb5646271d43596032a692389abc579,2c5cc1af74fc5f3955e44361b82b791710e4b63bbc69b0c15570617e2d86e543,True
2022_17_NO_PHI,2022,17,PHI,NO,0.6425928885580464,4.950039420285645,45.33632984513767,13.760447360492725,0.3184098799680386,-0.2720974450490317,2021,A0-DYNAMIC-OPPONENT-ADJUSTED-JOINT-SCORE-V1,5f148219527b07d85261d3f196ace97a5eb5646271d43596032a692389abc579,2c5cc1af74fc5f3955e44361b82b791710e4b63bbc69b0c15570617e2d86e543,0.50885,0.5107,47.2839,294.15870138013804,337.4006408540854,-21.0,23.0,24.0,72.0,2021,B0-POSSESSION-DRIVE-SCORE-PROCESS-V1,5f148219527b07d85261d3f196ace97a5eb5646271d43596032a692389abc579,2c5cc1af74fc5f3955e44361b82b791710e4b63bbc69b0c15570617e2d86e543,5.5,41.5,-0.33465615121230874,-0.10383347064207082,5.165343848787691,41.39616652935793,historical_closing_late_benchmark_exact_horizon_opaque,2021,C0-MARKET-RESIDUAL-MARGIN-TOTAL-V1,5f148219527b07d85261d3f196ace97a5eb5646271d43596032a692389abc579,2c5cc1af74fc5f3955e44361b82b791710e4b63bbc69b0c15570617e2d86e543,True
2022_17_NYJ_SEA,2022,17,SEA,NYJ,0.6536661357720743,5.354270357492439,42.507392210174416,13.760447360492725,0.2352569780842096,0.21508015407185946,2021,A0-DYNAMIC-OPPONENT-ADJUSTED-JOINT-SCORE-V1,5f148219527b07d85261d3f196ace97a5eb5646271d43596032a692389abc579,2c5cc1af74fc5f3955e44361b82b791710e4b63bbc69b0c15570617e2d86e543,0.6842499999999999,8.1259,45.6467,282.17706689668967,319.4098200920092,-13.0,30.0,24.0,69.0,2021,B0-POSSESSION-DRIVE-SCORE-PROCESS-V1,5f148219527b07d85261d3f196ace97a5eb5646271d43596032a692389abc579,2c5cc1af74fc5f3955e44361b82b791710e4b63bbc69b0c15570617e2d86e543,-1.0,43.0,0.06234243327845462,-0.034391323057733986,-0.9376575667215454,42.96560867694227,historical_closing_late_benchmark_exact_horizon_opaque,2021,C0-MARKET-RESIDUAL-MARGIN-TOTAL-V1,5f148219527b07d85261d3f196ace97a5eb5646271d43596032a692389abc579,2c5cc1af74fc5f3955e44361b82b791710e4b63bbc69b0c15570617e2d86e543,True
2022_17_PIT_BAL,2022,17,BAL,PIT,0.572580534477497,2.4783899791700037,43.753994856251104,13.760447360492725,-0.1666280179595081,-0.10636883260634807,2021,A0-DYNAMIC-OPPONENT-ADJUSTED-JOINT-SCORE-V1,5f148219527b07d85261d3f196ace97a5eb5646271d43596032a692389abc579,2c5cc1af74fc5f3955e44361b82b791710e4b63bbc69b0c15570617e2d86e543,0.60885,4.7428,43.4322,269.8238305430543,306.26843000300033,-16.0,26.0,22.0,67.0,2021,B0-POSSESSION-DRIVE-SCORE-PROCESS-V1,5f148219527b07d85261d3f196ace97a5eb5646271d43596032a692389abc579,2c5cc1af74fc5f3955e44361b82b791710e4b63bbc69b0c15570617e2d86e543,1.0,35.5,-0.44851274923971063,-0.3388903413469523,0.5514872507602894,35.16110965865305,historical_closing_late_benchmark_exact_horizon_opaque,2021,C0-MARKET-RESIDUAL-MARGIN-TOTAL-V1,5f148219527b07d85261d3f196ace97a5eb5646271d43596032a692389abc579,2c5cc1af74fc5f3955e44361b82b791710e4b63bbc69b0c15570617e2d86e543,True
2022_17_SF_LV,2022,17,LV,SF,0.40186729014710215,-3.3666506388937485,46.595509155023635,13.760447360492725,-0.13921466255550444,-0.23038261974811988,2021,A0-DYNAMIC-OPPONENT-ADJUSTED-JOINT-SCORE-V1,5f148219527b07d85261d3f196ace97a5eb5646271d43596032a692389abc579,2c5cc1af74fc5f3955e44361b82b791710e4b63bbc69b0c15570617e2d86e543,0.39565,-4.7994,53.392,324.1171713571357,395.9905350535053,-28.0,18.0,29.0,79.10000000000036,2021,B0-POSSESSION-DRIVE-SCORE-PROCESS-V1,5f148219527b07d85261d3f196ace97a5eb5646271d43596032a692389abc579,2c5cc1af74fc5f3955e44361b82b791710e4b63bbc69b0c15570617e2d86e543,-10.0,41.5,-0.6313287325751042,-0.162149248480621,-10.631328732575104,41.337850751519376,historical_closing_late_benchmark_exact_horizon_opaque,2021,C0-MARKET-RESIDUAL-MARGIN-TOTAL-V1,5f148219527b07d85261d3f196ace97a5eb5646271d43596032a692389abc579,2c5cc1af74fc5f3955e44361b82b791710e4b63bbc69b0c15570617e2d86e543,True
2022_18_ARI_SF,2022,18,SF,ARI,0.7762971440769286,10.292275919520822,44.84791452752057,13.760447360492725,0.003822743861255775,0.29703339404069984,2021,A0-DYNAMIC-OPPONENT-ADJUSTED-JOINT-SCORE-V1,5f148219527b07d85261d3f196ace97a5eb5646271d43596032a692389abc579,2c5cc1af74fc5f3955e44361b82b791710e4b63bbc69b0c15570617e2d86e543,0.64485,6.884,49.9768,313.2648704870487,351.61122288228825,-15.0,29.0,27.0,75.0,2021,B0-POSSESSION-DRIVE-SCORE-PROCESS-V1,5f148219527b07d85261d3f196ace97a5eb5646271d43596032a692389abc579,2c5cc1af74fc5f3955e44361b82b791710e4b63bbc69b0c15570617e2d86e543,14.0,40.0,-0.1831684430414796,-0.1657198088316516,13.81683155695852,39.83428019116835,historical_closing_late_benchmark_exact_horizon_opaque,2021,C0-MARKET-RESIDUAL-MARGIN-TOTAL-V1,5f148219527b07d85261d3f196ace97a5eb5646271d43596032a692389abc579,2c5cc1af74fc5f3955e44361b82b791710e4b63bbc69b0c15570617e2d86e543,True
2022_18_BAL_CIN,2022,18,CIN,BAL,0.6558304395438069,5.433827286472397,47.7855181748357,13.760447360492725,0.4256116127861184,0.09473102211812254,2021,A0-DYNAMIC-OPPONENT-ADJUSTED-JOINT-SCORE-V1,5f148219527b07d85261d3f196ace97a5eb5646271d43596032a692389abc579,2c5cc1af74fc5f3955e44361b82b791710e4b63bbc69b0c15570617e2d86e543,0.4426,-2.3694,47.5252,285.57530117011703,330.38240320032,-24.0,19.0,25.0,71.10000000000036,2021,B0-POSSESSION-DRIVE-SCORE-PROCESS-V1,5f148219527b07d85261d3f196ace97a5eb5646271d43596032a692389abc579,2c5cc1af74fc5f3955e44361b82b791710e4b63bbc69b0c15570617e2d86e543,11.0,39.0,-0.2526652608913347,-0.6026374996100426,10.747334739108666,38.39736250038996,historical_closing_late_benchmark_exact_horizon_opaque,2021,C0-MARKET-RESIDUAL-MARGIN-TOTAL-V1,5f148219527b07d85261d3f196ace97a5eb5646271d43596032a692389abc579,2c5cc1af74fc5f3955e44361b82b791710e4b63bbc69b0c15570617e2d86e543,True
2022_18_CAR_NO,2022,18,NO,CAR,0.6373759830410863,4.761133745921935,41.373460560962954,13.760447360492725,0.08754983043630771,0.3957521182184246,2021,A0-DYNAMIC-OPPONENT-ADJUSTED-JOINT-SCORE-V1,5f148219527b07d85261d3f196ace97a5eb5646271d43596032a692389abc579,2c5cc1af74fc5f3955e44361b82b791710e4b63bbc69b0c15570617e2d86e543,0.62005,5.5502,46.5886,284.57493745374535,327.5955095909591,-16.0,27.0,24.0,71.0,2021,B0-POSSESSION-DRIVE-SCORE-PROCESS-V1,5f148219527b07d85261d3f196ace97a5eb5646271d43596032a692389abc579,2c5cc1af74fc5f3955e44361b82b791710e4b63bbc69b0c15570617e2d86e543,3.5,41.5,-0.36494887571569057,0.33593863085391484,3.1350511242843093,41.83593863085392,historical_closing_late_benchmark_exact_horizon_opaque,2021,C0-MARKET-RESIDUAL-MARGIN-TOTAL-V1,5f148219527b07d85261d3f196ace97a5eb5646271d43596032a692389abc579,2c5cc1af74fc5f3955e44361b82b791710e4b63bbc69b0c15570617e2d86e543,True
2022_18_CLE_PIT,2022,18,PIT,CLE,0.5739974839079858,2.5273339235045142,43.006967349560114,13.760447360492725,0.21075574072646996,-0.1110852348108328,2021,A0-DYNAMIC-OPPONENT-ADJUSTED-JOINT-SCORE-V1,5f148219527b07d85261d3f196ace97a5eb5646271d43596032a692389abc579,2c5cc1af74fc5f3955e44361b82b791710e4b63bbc69b0c15570617e2d86e543,0.60305,4.2235,42.8203,259.8427320232023,298.49325723572355,-17.0,25.0,22.0,66.0,2021,B0-POSSESSION-DRIVE-SCORE-PROCESS-V1,5f148219527b07d85261d3f196ace97a5eb5646271d43596032a692389abc579,2c5cc1af74fc5f3955e44361b82b791710e4b63bbc69b0c15570617e2d86e543,2.5,40.0,-0.45172180751531754,0.08242017493710371,2.0482781924846822,40.082420174937106,historical_closing_late_benchmark_exact_horizon_opaque,2021,C0-MARKET-RESIDUAL-MARGIN-TOTAL-V1,5f148219527b07d85261d3f196ace97a5eb5646271d43596032a692389abc579,2c5cc1af74fc5f3955e44361b82b791710e4b63bbc69b0c15570617e2d86e543,True
2022_18_DAL_WAS,2022,18,WAS,DAL,0.3335342238559782,-5.827567883910017,44.30922244099236,13.760447360492725,-0.6460498011390144,-0.10920331164790163,2021,A0-DYNAMIC-OPPONENT-ADJUSTED-JOINT-SCORE-V1,5f148219527b07d85261d3f196ace97a5eb5646271d43596032a692389abc579,2c5cc1af74fc5f3955e44361b82b791710e4b63bbc69b0c15570617e2d86e543,0.3328,-7.6609,50.0147,311.1310242924293,345.4720311131113,-30.0,14.0,27.0,74.0,2021,B0-POSSESSION-DRIVE-SCORE-PROCESS-V1,5f148219527b07d85261d3f196ace97a5eb5646271d43596032a692389abc579,2c5cc1af74fc5f3955e44361b82b791710e4b63bbc69b0c15570617e2d86e543,-7.5,40.5,-0.39092814371218243,-0.5527435641149874,-7.890928143712182,39.94725643588501,historical_closing_late_benchmark_exact_horizon_opaque,2021,C0-MARKET-RESIDUAL-MARGIN-TOTAL-V1,5f148219527b07d85261d3f196ace97a5eb5646271d43596032a692389abc579,2c5cc1af74fc5f3955e44361b82b791710e4b63bbc69b0c15570617e2d86e543,True
2022_18_DET_GB,2022,18,GB,DET,0.5797551176805621,2.7265596201325515,50.60484430026334,13.760447360492725,0.006418862052101709,0.20717467468913991,2021,A0-DYNAMIC-OPPONENT-ADJUSTED-JOINT-SCORE-V1,5f148219527b07d85261d3f196ace97a5eb5646271d43596032a692389abc579,2c5cc1af74fc5f3955e44361b82b791710e4b63bbc69b0c15570617e2d86e543,0.6504500000000001,7.5434,54.8796,354.8255989999,411.52605644564454,-16.0,32.0,30.0,82.0,2021,B0-POSSESSION-DRIVE-SCORE-PROCESS-V1,5f148219527b07d85261d3f196ace97a5eb5646271d43596032a692389abc579,2c5cc1af74fc5f3955e44361b82b791710e4b63bbc69b0c15570617e2d86e543,5.5,49.0,-0.512579650752117,-0.03246665336050866,4.987420349247883,48.96753334663949,historical_closing_late_benchmark_exact_horizon_opaque,2021,C0-MARKET-RESIDUAL-MARGIN-TOTAL-V1,5f148219527b07d85261d3f196ace97a5eb5646271d43596032a692389abc579,2c5cc1af74fc5f3955e44361b82b791710e4b63bbc69b0c15570617e2d86e543,True
2022_18_HOU_IND,2022,18,IND,HOU,0.6087292251586669,3.739079911479962,35.85976537963648,13.760447360492725,0.056181891036467625,0.15630663283267773,2021,A0-DYNAMIC-OPPONENT-ADJUSTED-JOINT-SCORE-V1,5f148219527b07d85261d3f196ace97a5eb5646271d43596032a692389abc579,2c5cc1af74fc5f3955e44361b82b791710e4b63bbc69b0c15570617e2d86e543,0.6161,4.8908,45.8836,281.91846720672066,310.97014805480546,-16.0,26.0,24.0,69.0,2021,B0-POSSESSION-DRIVE-SCORE-PROCESS-V1,5f148219527b07d85261d3f196ace97a5eb5646271d43596032a692389abc579,2c5cc1af74fc5f3955e44361b82b791710e4b63bbc69b0c15570617e2d86e543,3.0,38.0,-0.407355910850337,0.4717459743958451,2.592644089149663,38.471745974395844,historical_closing_late_benchmark_exact_horizon_opaque,2021,C0-MARKET-RESIDUAL-MARGIN-TOTAL-V1,5f148219527b07d85261d3f196ace97a5eb5646271d43596032a692389abc579,2c5cc1af74fc5f3955e44361b82b791710e4b63bbc69b0c15570617e2d86e543,True
2022_18_KC_LV,2022,18,LV,KC,0.3581583327540956,-4.922778949233141,51.078674328977236,13.760447360492725,-0.23236121987453462,-0.303995335765338,2021,A0-DYNAMIC-OPPONENT-ADJUSTED-JOINT-SCORE-V1,5f148219527b07d85261d3f196ace97a5eb5646271d43596032a692389abc579,2c5cc1af74fc5f3955e44361b82b791710e4b63bbc69b0c15570617e2d86e543,0.34485,-7.5354,57.4242,358.5712039603961,431.56241060106015,-31.0,16.0,32.0,85.0,2021,B0-POSSESSION-DRIVE-SCORE-PROCESS-V1,5f148219527b07d85261d3f196ace97a5eb5646271d43596032a692389abc579,2c5cc1af74fc5f3955e44361b82b791710e4b63bbc69b0c15570617e2d86e543,-9.0,51.5,-0.741673611872382,0.19336015117620706,-9.741673611872383,51.69336015117621,historical_closing_late_benchmark_exact_horizon_opaque,2021,C0-MARKET-RESIDUAL-MARGIN-TOTAL-V1,5f148219527b07d85261d3f196ace97a5eb5646271d43596032a692389abc579,2c5cc1af74fc5f3955e44361b82b791710e4b63bbc69b0c15570617e2d86e543,True
2022_18_LAC_DEN,2022,18,DEN,LAC,0.42260644633603833,-2.6447758682893756,41.4503426056944,13.760447360492725,-0.5135974024179036,0.5098403664466119,2021,A0-DYNAMIC-OPPONENT-ADJUSTED-JOINT-SCORE-V1,5f148219527b07d85261d3f196ace97a5eb5646271d43596032a692389abc579,2c5cc1af74fc5f3955e44361b82b791710e4b63bbc69b0c15570617e2d86e543,0.43084999999999996,-2.7976,45.1958,277.5611903590359,306.391901550155,-24.0,18.0,24.0,68.0,2021,B0-POSSESSION-DRIVE-SCORE-PROCESS-V1,5f148219527b07d85261d3f196ace97a5eb5646271d43596032a692389abc579,2c5cc1af74fc5f3955e44361b82b791710e4b63bbc69b0c15570617e2d86e543,6.0,38.5,-0.8897952876914899,-0.02395449350464965,5.11020471230851,38.47604550649535,historical_closing_late_benchmark_exact_horizon_opaque,2021,C0-MARKET-RESIDUAL-MARGIN-TOTAL-V1,5f148219527b07d85261d3f196ace97a5eb5646271d43596032a692389abc579,2c5cc1af74fc5f3955e44361b82b791710e4b63bbc69b0c15570617e2d86e543,True
2022_18_LA_SEA,2022,18,SEA,LA,0.638040757731204,4.785153259948597,44.40958616483486,13.760447360492725,0.16858400457573786,-0.06707441743422002,2021,A0-DYNAMIC-OPPONENT-ADJUSTED-JOINT-SCORE-V1,5f148219527b07d85261d3f196ace97a5eb5646271d43596032a692389abc579,2c5cc1af74fc5f3955e44361b82b791710e4b63bbc69b0c15570617e2d86e543,0.55055,2.1796,47.7832,300.7714209820982,336.40663842384237,-20.0,24.0,26.0,72.0,2021,B0-POSSESSION-DRIVE-SCORE-PROCESS-V1,5f148219527b07d85261d3f196ace97a5eb5646271d43596032a692389abc579,2c5cc1af74fc5f3955e44361b82b791710e4b63bbc69b0c15570617e2d86e543,5.5,41.5,-0.3632558412102237,-0.0815800015469208,5.136744158789776,41.41841999845308,historical_closing_late_benchmark_exact_horizon_opaque,2021,C0-MARKET-RESIDUAL-MARGIN-TOTAL-V1,5f148219527b07d85261d3f196ace97a5eb5646271d43596032a692389abc579,2c5cc1af74fc5f3955e44361b82b791710e4b63bbc69b0c15570617e2d86e543,True
2022_18_MIN_CHI,2022,18,CHI,MIN,0.4660002948997758,-1.1559369616184583,42.00218298845417,13.760447360492725,-0.08650822679197105,0.09696572119735161,2021,A0-DYNAMIC-OPPONENT-ADJUSTED-JOINT-SCORE-V1,5f148219527b07d85261d3f196ace97a5eb5646271d43596032a692389abc579,2c5cc1af74fc5f3955e44361b82b791710e4b63bbc69b0c15570617e2d86e543,0.4803,-0.8776,46.5806,283.18733697369737,322.45474911491146,-22.0,21.0,24.0,70.0,2021,B0-POSSESSION-DRIVE-SCORE-PROCESS-V1,5f148219527b07d85261d3f196ace97a5eb5646271d43596032a692389abc579,2c5cc1af74fc5f3955e44361b82b791710e4b63bbc69b0c15570617e2d86e543,-6.5,42.5,-0.5658502391309854,0.2547321795677492,-7.065850239130985,42.754732179567746,historical_closing_late_benchmark_exact_horizon_opaque,2021,C0-MARKET-RESIDUAL-MARGIN-TOTAL-V1,5f148219527b07d85261d3f196ace97a5eb5646271d43596032a692389abc579,2c5cc1af74fc5f3955e44361b82b791710e4b63bbc69b0c15570617e2d86e543,True
2022_18_NE_BUF,2022,18,BUF,NE,0.6924061466012184,6.809823342894401,44.31770325781747,13.760447360492725,-0.18781768055990464,0.09485781684191477,2021,A0-DYNAMIC-OPPONENT-ADJUSTED-JOINT-SCORE-V1,5f148219527b07d85261d3f196ace97a5eb5646271d43596032a692389abc579,2c5cc1af74fc5f3955e44361b82b791710e4b63bbc69b0c15570617e2d86e543,0.5209,0.9652,48.0002,300.78526748674864,343.1435143114311,-21.0,23.0,26.0,72.0,2021,B0-POSSESSION-DRIVE-SCORE-PROCESS-V1,5f148219527b07d85261d3f196ace97a5eb5646271d43596032a692389abc579,2c5cc1af74fc5f3955e44361b82b791710e4b63bbc69b0c15570617e2d86e543,8.0,44.0,-0.14920423427757146,-0.015863695895980023,7.850795765722428,43.98413630410402,historical_closing_late_benchmark_exact_horizon_opaque,2021,C0-MARKET-RESIDUAL-MARGIN-TOTAL-V1,5f148219527b07d85261d3f196ace97a5eb5646271d43596032a692389abc579,2c5cc1af74fc5f3955e44361b82b791710e4b63bbc69b0c15570617e2d86e543,True
2022_18_NYG_PHI,2022,18,PHI,NYG,0.6597827978412449,5.579598066753906,45.59430734885102,13.760447360492725,0.6419661489816048,-0.06047043861452468,2021,A0-DYNAMIC-OPPONENT-ADJUSTED-JOINT-SCORE-V1,5f148219527b07d85261d3f196ace97a5eb5646271d43596032a692389abc579,2c5cc1af74fc5f3955e44361b82b791710e4b63bbc69b0c15570617e2d86e543,0.67315,7.4387,45.1469,269.7832206320632,321.55967635763574,-13.0,28.0,23.0,69.0,2021,B0-POSSESSION-DRIVE-SCORE-PROCESS-V1,5f148219527b07d85261d3f196ace97a5eb5646271d43596032a692389abc579,2c5cc1af74fc5f3955e44361b82b791710e4b63bbc69b0c15570617e2d86e543,16.5,42.5,-0.46165184782778446,0.03066605759074162,16.038348152172215,42.53066605759074,historical_closing_late_benchmark_exact_horizon_opaque,2021,C0-MARKET-RESIDUAL-MARGIN-TOTAL-V1,5f148219527b07d85261d3f196ace97a5eb5646271d43596032a692389abc579,2c5cc1af74fc5f3955e44361b82b791710e4b63bbc69b0c15570617e2d86e543,True
2022_18_NYJ_MIA,2022,18,MIA,NYJ,0.6831297782219357,6.454710444665807,40.030012367640204,13.760447360492725,0.0078182879764112,0.2913930596476697,2021,A0-DYNAMIC-OPPONENT-ADJUSTED-JOINT-SCORE-V1,5f148219527b07d85261d3f196ace97a5eb5646271d43596032a692389abc579,2c5cc1af74fc5f3955e44361b82b791710e4b63bbc69b0c15570617e2d86e543,0.61645,5.2305,45.3685,283.05127487748774,319.56866461646166,-16.0,27.0,23.0,69.0,2021,B0-POSSESSION-DRIVE-SCORE-PROCESS-V1,5f148219527b07d85261d3f196ace97a5eb5646271d43596032a692389abc579,2c5cc1af74fc5f3955e44361b82b791710e4b63bbc69b0c15570617e2d86e543,3.5,37.5,-0.25841940186113654,0.05861406830263122,3.2415805981388637,37.55861406830263,historical_closing_late_benchmark_exact_horizon_opaque,2021,C0-MARKET-RESIDUAL-MARGIN-TOTAL-V1,5f148219527b07d85261d3f196ace97a5eb5646271d43596032a692389abc579,2c5cc1af74fc5f3955e44361b82b791710e4b63bbc69b0c15570617e2d86e543,True
2022_18_TB_ATL,2022,18,ATL,TB,0.4576683054728424,-1.4401752225924156,45.561388816932194,13.760447360492725,-0.3602629303846125,-0.2739968218407106,2021,A0-DYNAMIC-OPPONENT-ADJUSTED-JOINT-SCORE-V1,5f148219527b07d85261d3f196ace97a5eb5646271d43596032a692389abc579,2c5cc1af74fc5f3955e44361b82b791710e4b63bbc69b0c15570617e2d86e543,0.4907,-0.4235,54.2425,339.0156493149315,400.30512426242626,-24.0,23.0,30.0,81.0,2021,B0-POSSESSION-DRIVE-SCORE-PROCESS-V1,5f148219527b07d85261d3f196ace97a5eb5646271d43596032a692389abc579,2c5cc1af74fc5f3955e44361b82b791710e4b63bbc69b0c15570617e2d86e543,6.0,40.5,-0.7633703898406494,-0.2040242802995026,5.23662961015935,40.2959757197005,historical_closing_late_benchmark_exact_horizon_opaque,2021,C0-MARKET-RESIDUAL-MARGIN-TOTAL-V1,5f148219527b07d85261d3f196ace97a5eb5646271d43596032a692389abc579,2c5cc1af74fc5f3955e44361b82b791710e4b63bbc69b0c15570617e2d86e543,True
2022_18_TEN_JAX,2022,18,JAX,TEN,0.5891781528155734,3.0539133011216215,42.861102762776355,13.760447360492725,-0.2083288323311623,-0.2985197016229873,2021,A0-DYNAMIC-OPPONENT-ADJUSTED-JOINT-SCORE-V1,5f148219527b07d85261d3f196ace97a5eb5646271d43596032a692389abc579,2c5cc1af74fc5f3955e44361b82b791710e4b63bbc69b0c15570617e2d86e543,0.47859999999999997,-0.8736,46.3752,289.65138817881785,316.6404890089009,-22.0,21.0,24.0,70.0,2021,B0-POSSESSION-DRIVE-SCORE-PROCESS-V1,5f148219527b07d85261d3f196ace97a5eb5646271d43596032a692389abc579,2c5cc1af74fc5f3955e44361b82b791710e4b63bbc69b0c15570617e2d86e543,6.0,39.5,-0.0214330752685315,-0.3089765573668888,5.978566924731468,39.19102344263311,historical_closing_late_benchmark_exact_horizon_opaque,2021,C0-MARKET-RESIDUAL-MARGIN-TOTAL-V1,5f148219527b07d85261d3f196ace97a5eb5646271d43596032a692389abc579,2c5cc1af74fc5f3955e44361b82b791710e4b63bbc69b0c15570617e2d86e543,True
2023_01_ARI_WAS,2023,1,WAS,ARI,0.6192395222714199,4.079496778138061,37.92708144062867,13.668513425567635,0.06534320689386425,0.3332178758568839,2022,A0-DYNAMIC-OPPONENT-ADJUSTED-JOINT-SCORE-V1,5f148219527b07d85261d3f196ace97a5eb5646271d43596032a692389abc579,2c5cc1af74fc5f3955e44361b82b791710e4b63bbc69b0c15570617e2d86e543,0.5606500000000001,2.5115,43.5401,270.71153890389036,302.2552175117512,-18.0,23.0,23.0,67.0,2022,B0-POSSESSION-DRIVE-SCORE-PROCESS-V1,5f148219527b07d85261d3f196ace97a5eb5646271d43596032a692389abc579,2c5cc1af74fc5f3955e44361b82b791710e4b63bbc69b0c15570617e2d86e543,7.0,38.0,-0.49221511315697136,0.28168518106931806,6.507784886843028,38.28168518106932,historical_closing_late_benchmark_exact_horizon_opaque,2022,C0-MARKET-RESIDUAL-MARGIN-TOTAL-V1,5f148219527b07d85261d3f196ace97a5eb5646271d43596032a692389abc579,2c5cc1af74fc5f3955e44361b82b791710e4b63bbc69b0c15570617e2d86e543,True
2023_01_BUF_NYJ,2023,1,NYJ,BUF,0.3653051046122067,-4.628339752687275,42.35843315098384,13.668513425567635,-0.5802437899347139,0.23945649465743124,2022,A0-DYNAMIC-OPPONENT-ADJUSTED-JOINT-SCORE-V1,5f148219527b07d85261d3f196ace97a5eb5646271d43596032a692389abc579,2c5cc1af74fc5f3955e44361b82b791710e4b63bbc69b0c15570617e2d86e543,0.2914,-9.3421,46.1615,288.0112687168717,319.04232198219825,-31.0,12.0,24.0,70.0,2022,B0-POSSESSION-DRIVE-SCORE-PROCESS-V1,5f148219527b07d85261d3f196ace97a5eb5646271d43596032a692389abc579,2c5cc1af74fc5f3955e44361b82b791710e4b63bbc69b0c15570617e2d86e543,-2.5,44.5,-0.5773960328101782,0.32984839538626615,-3.077396032810178,44.829848395386264,historical_closing_late_benchmark_exact_horizon_opaque,2022,C0-MARKET-RESIDUAL-MARGIN-TOTAL-V1,5f148219527b07d85261d3f196ace97a5eb5646271d43596032a692389abc579,2c5cc1af74fc5f3955e44361b82b791710e4b63bbc69b0c15570617e2d86e543,True
2023_01_CAR_ATL,2023,1,ATL,CAR,0.5662363968053049,2.242164059194799,41.62427886147139,13.668513425567635,-0.17362093401492928,-0.06440676339874174,2022,A0-DYNAMIC-OPPONENT-ADJUSTED-JOINT-SCORE-V1,5f148219527b07d85261d3f196ace97a5eb5646271d43596032a692389abc579,2c5cc1af74fc5f3955e44361b82b791710e4b63bbc69b0c15570617e2d86e543,0.54365,2.0593,50.5907,312.6942529352935,356.39001251125114,-20.0,24.0,27.0,75.0,2022,B0-POSSESSION-DRIVE-SCORE-PROCESS-V1,5f148219527b07d85261d3f196ace97a5eb5646271d43596032a692389abc579,2c5cc1af74fc5f3955e44361b82b791710e4b63bbc69b0c15570617e2d86e543,3.5,40.5,-0.4325324598736222,0.0820799197084294,3.067467540126378,40.58207991970843,historical_closing_late_benchmark_exact_horizon_opaque,2022,C0-MARKET-RESIDUAL-MARGIN-TOTAL-V1,5f148219527b07d85261d3f196ace97a5eb5646271d43596032a692389abc579,2c5cc1af74fc5f3955e44361b82b791710e4b63bbc69b0c15570617e2d86e543,True
2023_01_CIN_CLE,2023,1,CLE,CIN,0.4546573493196474,-1.5311077213608648,44.092279094854504,13.668513425567635,-0.3424755859585092,0.04428722024271997,2022,A0-DYNAMIC-OPPONENT-ADJUSTED-JOINT-SCORE-V1,5f148219527b07d85261d3f196ace97a5eb5646271d43596032a692389abc579,2c5cc1af74fc5f3955e44361b82b791710e4b63bbc69b0c15570617e2d86e543,0.45680000000000004,-1.8618,47.0296,298.2109218521852,340.9394177817782,-24.0,20.0,24.0,72.0,2022,B0-POSSESSION-DRIVE-SCORE-PROCESS-V1,5f148219527b07d85261d3f196ace97a5eb5646271d43596032a692389abc579,2c5cc1af74fc5f3955e44361b82b791710e4b63bbc69b0c15570617e2d86e543,-1.0,46.5,-0.4450933814383044,0.2875760783975651,-1.4450933814383045,46.787576078397564,historical_closing_late_benchmark_exact_horizon_opaque,2022,C0-MARKET-RESIDUAL-MARGIN-TOTAL-V1,5f148219527b07d85261d3f196ace97a5eb5646271d43596032a692389abc579,2c5cc1af74fc5f3955e44361b82b791710e4b63bbc69b0c15570617e2d86e543,True
2023_01_DAL_NYG,2023,1,NYG,DAL,0.46007487968049926,-1.347515269005406,44.114632478679745,13.668513425567635,-0.13298879948046946,0.1337890888867594,2022,A0-DYNAMIC-OPPONENT-ADJUSTED-JOINT-SCORE-V1,5f148219527b07d85261d3f196ace97a5eb5646271d43596032a692389abc579,2c5cc1af74fc5f3955e44361b82b791710e4b63bbc69b0c15570617e2d86e543,0.3514,-6.627,47.7184,285.5250235023502,318.54615605560554,-28.0,14.0,26.0,71.0,2022,B0-POSSESSION-DRIVE-SCORE-PROCESS-V1,5f148219527b07d85261d3f196ace97a5eb5646271d43596032a692389abc579,2c5cc1af74fc5f3955e44361b82b791710e4b63bbc69b0c15570617e2d86e543,-3.5,44.5,-0.29350026335441615,0.050045050309102945,-3.7935002633544164,44.5500450503091,historical_closing_late_benchmark_exact_horizon_opaque,2022,C0-MARKET-RESIDUAL-MARGIN-TOTAL-V1,5f148219527b07d85261d3f196ace97a5eb5646271d43596032a692389abc579,2c5cc1af74fc5f3955e44361b82b791710e4b63bbc69b0c15570617e2d86e543,True
2023_01_DET_KC,2023,1,KC,DET,0.6464961687740091,5.052629380504204,51.12880470363072,13.668513425567635,-0.16726326954842563,0.14773847938929743,2022,A0-DYNAMIC-OPPONENT-ADJUSTED-JOINT-SCORE-V1,5f148219527b07d85261d3f196ace97a5eb5646271d43596032a692389abc579,2c5cc1af74fc5f3955e44361b82b791710e4b63bbc69b0c15570617e2d86e543,0.72675,11.3681,57.8165,366.92909529953,432.625690319032,-13.0,36.0,33.0,85.0,2022,B0-POSSESSION-DRIVE-SCORE-PROCESS-V1,5f148219527b07d85261d3f196ace97a5eb5646271d43596032a692389abc579,2c5cc1af74fc5f3955e44361b82b791710e4b63bbc69b0c15570617e2d86e543,4.0,53.0,-0.30080256096052005,0.06357789874939015,3.69919743903948,53.063577898749394,historical_closing_late_benchmark_exact_horizon_opaque,2022,C0-MARKET-RESIDUAL-MARGIN-TOTAL-V1,5f148219527b07d85261d3f196ace97a5eb5646271d43596032a692389abc579,2c5cc1af74fc5f3955e44361b82b791710e4b63bbc69b0c15570617e2d86e543,True
2023_01_GB_CHI,2023,1,CHI,GB,0.376477596468312,-4.230869458245632,42.63746799895111,13.668513425567635,-0.1828753116268259,-0.5181740047741287,2022,A0-DYNAMIC-OPPONENT-ADJUSTED-JOINT-SCORE-V1,5f148219527b07d85261d3f196ace97a5eb5646271d43596032a692389abc579,2c5cc1af74fc5f3955e44361b82b791710e4b63bbc69b0c15570617e2d86e543,0.3982,-4.38,47.7198,296.4066406640664,339.9512830883088,-26.0,17.0,25.0,72.0,2022,B0-POSSESSION-DRIVE-SCORE-PROCESS-V1,5f148219527b07d85261d3f196ace97a5eb5646271d43596032a692389abc579,2c5cc1af74fc5f3955e44361b82b791710e4b63bbc69b0c15570617e2d86e543,1.0,41.0,-0.6691647675757555,0.06584888431510644,0.3308352324242445,41.06584888431511,historical_closing_late_benchmark_exact_horizon_opaque,2022,C0-MARKET-RESIDUAL-MARGIN-TOTAL-V1,5f148219527b07d85261d3f196ace97a5eb5646271d43596032a692389abc579,2c5cc1af74fc5f3955e44361b82b791710e4b63bbc69b0c15570617e2d86e543,True
2023_01_HOU_BAL,2023,1,BAL,HOU,0.6760271952529693,6.1379550632589,38.86727425226185,13.668513425567635,-0.32573954371275105,0.4806376862214299,2022,A0-DYNAMIC-OPPONENT-ADJUSTED-JOINT-SCORE-V1,5f148219527b07d85261d3f196ace97a5eb5646271d43596032a692389abc579,2c5cc1af74fc5f3955e44361b82b791710e4b63bbc69b0c15570617e2d86e543,0.7090000000000001,9.3926,45.0294,275.9692621662166,307.1952551655165,-11.0,31.0,23.0,68.0,2022,B0-POSSESSION-DRIVE-SCORE-PROCESS-V1,5f148219527b07d85261d3f196ace97a5eb5646271d43596032a692389abc579,2c5cc1af74fc5f3955e44361b82b791710e4b63bbc69b0c15570617e2d86e543,9.5,43.5,-0.5377634493707698,0.5981266157176912,8.96223655062923,44.09812661571769,historical_closing_late_benchmark_exact_horizon_opaque,2022,C0-MARKET-RESIDUAL-MARGIN-TOTAL-V1,5f148219527b07d85261d3f196ace97a5eb5646271d43596032a692389abc579,2c5cc1af74fc5f3955e44361b82b791710e4b63bbc69b0c15570617e2d86e543,True
2023_01_JAX_IND,2023,1,IND,JAX,0.39331700740042935,-3.638592058601649,41.24905051336893,13.668513425567635,-0.24265218450944562,-0.6090767798191031,2022,A0-DYNAMIC-OPPONENT-ADJUSTED-JOINT-SCORE-V1,5f148219527b07d85261d3f196ace97a5eb5646271d43596032a692389abc579,2c5cc1af74fc5f3955e44361b82b791710e4b63bbc69b0c15570617e2d86e543,0.49670000000000003,0.018,46.1862,281.1569916991699,320.8154111011101,-21.0,21.0,24.0,70.0,2022,B0-POSSESSION-DRIVE-SCORE-PROCESS-V1,5f148219527b07d85261d3f196ace97a5eb5646271d43596032a692389abc579,2c5cc1af74fc5f3955e44361b82b791710e4b63bbc69b0c15570617e2d86e543,-4.0,45.5,-0.38734654200533697,0.4196915579635837,-4.387346542005337,45.91969155796358,historical_closing_late_benchmark_exact_horizon_opaque,2022,C0-MARKET-RESIDUAL-MARGIN-TOTAL-V1,5f148219527b07d85261d3f196ace97a5eb5646271d43596032a692389abc579,2c5cc1af74fc5f3955e44361b82b791710e4b63bbc69b0c15570617e2d86e543,True
2023_01_LA_SEA,2023,1,SEA,LA,0.6275857396102705,4.37497999050651,41.94236778831622,13.668513425567635,-0.00858734397695067,0.020622488567604135,2022,A0-DYNAMIC-OPPONENT-ADJUSTED-JOINT-SCORE-V1,5f148219527b07d85261d3f196ace97a5eb5646271d43596032a692389abc579,2c5cc1af74fc5f3955e44361b82b791710e4b63bbc69b0c15570617e2d86e543,0.5688,3.0704,48.326,301.2859724372437,351.5612801280128,-19.0,25.0,26.0,73.0,2022,B0-POSSESSION-DRIVE-SCORE-PROCESS-V1,5f148219527b07d85261d3f196ace97a5eb5646271d43596032a692389abc579,2c5cc1af74fc5f3955e44361b82b791710e4b63bbc69b0c15570617e2d86e543,4.5,45.0,-0.34671875521055173,0.4009956643686079,4.153281244789448,45.40099566436861,historical_closing_late_benchmark_exact_horizon_opaque,2022,C0-MARKET-RESIDUAL-MARGIN-TOTAL-V1,5f148219527b07d85261d3f196ace97a5eb5646271d43596032a692389abc579,2c5cc1af74fc5f3955e44361b82b791710e4b63bbc69b0c15570617e2d86e543,True
2023_01_LV_DEN,2023,1,DEN,LV,0.49346975221215733,-0.2200440493785507,41.81974539800172,13.668513425567635,0.018288015136653783,0.04745702917150933,2022,A0-DYNAMIC-OPPONENT-ADJUSTED-JOINT-SCORE-V1,5f148219527b07d85261d3f196ace97a5eb5646271d43596032a692389abc579,2c5cc1af74fc5f3955e44361b82b791710e4b63bbc69b0c15570617e2d86e543,0.50105,-0.0277,47.2929,282.4779805080508,328.06051564156417,-21.0,21.0,26.0,71.0,2022,B0-POSSESSION-DRIVE-SCORE-PROCESS-V1,5f148219527b07d85261d3f196ace97a5eb5646271d43596032a692389abc579,2c5cc1af74fc5f3955e44361b82b791710e4b63bbc69b0c15570617e2d86e543,3.0,43.0,-0.5366374243660822,0.23030176338847863,2.463362575633918,43.23030176338848,historical_closing_late_benchmark_exact_horizon_opaque,2022,C0-MARKET-RESIDUAL-MARGIN-TOTAL-V1,5f148219527b07d85261d3f196ace97a5eb5646271d43596032a692389abc579,2c5cc1af74fc5f3955e44361b82b791710e4b63bbc69b0c15570617e2d86e543,True
2023_01_MIA_LAC,2023,1,LAC,MIA,0.5706086438702125,2.391690708223379,43.568635269846325,13.668513425567635,0.13279713520851505,0.09699961182899415,2022,A0-DYNAMIC-OPPONENT-ADJUSTED-JOINT-SCORE-V1,5f148219527b07d85261d3f196ace97a5eb5646271d43596032a692389abc579,2c5cc1af74fc5f3955e44361b82b791710e4b63bbc69b0c15570617e2d86e543,0.5506,2.4834,52.002,327.28665310531056,368.9552915291529,-20.0,25.0,28.0,77.0,2022,B0-POSSESSION-DRIVE-SCORE-PROCESS-V1,5f148219527b07d85261d3f196ace97a5eb5646271d43596032a692389abc579,2c5cc1af74fc5f3955e44361b82b791710e4b63bbc69b0c15570617e2d86e543,3.0,50.5,-0.37647334231211216,0.5803079229414182,2.6235266576878877,51.080307922941415,historical_closing_late_benchmark_exact_horizon_opaque,2022,C0-MARKET-RESIDUAL-MARGIN-TOTAL-V1,5f148219527b07d85261d3f196ace97a5eb5646271d43596032a692389abc579,2c5cc1af74fc5f3955e44361b82b791710e4b63bbc69b0c15570617e2d86e543,True
2023_01_PHI_NE,2023,1,NE,PHI,0.47611769425827666,-0.8051864755377451,43.369796025781554,13.668513425567635,-0.16589406113679994,0.021811916471653543,2022,A0-DYNAMIC-OPPONENT-ADJUSTED-JOINT-SCORE-V1,5f148219527b07d85261d3f196ace97a5eb5646271d43596032a692389abc579,2c5cc1af74fc5f3955e44361b82b791710e4b63bbc69b0c15570617e2d86e543,0.5485,2.1931,46.7395,290.6552779177918,329.65280503050303,-19.0,24.0,24.0,71.0,2022,B0-POSSESSION-DRIVE-SCORE-PROCESS-V1,5f148219527b07d85261d3f196ace97a5eb5646271d43596032a692389abc579,2c5cc1af74fc5f3955e44361b82b791710e4b63bbc69b0c15570617e2d86e543,-3.5,44.5,-0.2614134906422878,0.15775640595773668,-3.761413490642288,44.657756405957734,historical_closing_late_benchmark_exact_horizon_opaque,2022,C0-MARKET-RESIDUAL-MARGIN-TOTAL-V1,5f148219527b07d85261d3f196ace97a5eb5646271d43596032a692389abc579,2c5cc1af74fc5f3955e44361b82b791710e4b63bbc69b0c15570617e2d86e543,True
2023_01_SF_PIT,2023,1,PIT,SF,0.4476584341320289,-1.7687196753999892,46.57287410022893,13.668513425567635,-0.3959285095620029,0.017665946302406588,2022,A0-DYNAMIC-OPPONENT-ADJUSTED-JOINT-SCORE-V1,5f148219527b07d85261d3f196ace97a5eb5646271d43596032a692389abc579,2c5cc1af74fc5f3955e44361b82b791710e4b63bbc69b0c15570617e2d86e543,0.45585,-1.7191,45.2721,276.21481667166717,316.95155674567457,-23.0,20.0,23.0,69.0,2022,B0-POSSESSION-DRIVE-SCORE-PROCESS-V1,5f148219527b07d85261d3f196ace97a5eb5646271d43596032a692389abc579,2c5cc1af74fc5f3955e44361b82b791710e4b63bbc69b0c15570617e2d86e543,-1.5,41.5,-0.43783485256140015,-0.30368147920481575,-1.9378348525614002,41.19631852079518,historical_closing_late_benchmark_exact_horizon_opaque,2022,C0-MARKET-RESIDUAL-MARGIN-TOTAL-V1,5f148219527b07d85261d3f196ace97a5eb5646271d43596032a692389abc579,2c5cc1af74fc5f3955e44361b82b791710e4b63bbc69b0c15570617e2d86e543,True
2023_01_TB_MIN,2023,1,MIN,TB,0.5468019992317046,1.580610424141522,44.54268160361457,13.668513425567635,0.4362999334844313,-0.17230447368475202,2022,A0-DYNAMIC-OPPONENT-ADJUSTED-JOINT-SCORE-V1,5f148219527b07d85261d3f196ace97a5eb5646271d43596032a692389abc579,2c5cc1af74fc5f3955e44361b82b791710e4b63bbc69b0c15570617e2d86e543,0.51605,0.6961,49.2397,302.19476426642666,335.68221213121313,-22.0,23.0,27.0,73.0,2022,B0-POSSESSION-DRIVE-SCORE-PROCESS-V1,5f148219527b07d85261d3f196ace97a5eb5646271d43596032a692389abc579,2c5cc1af74fc5f3955e44361b82b791710e4b63bbc69b0c15570617e2d86e543,4.0,45.0,-0.4375098730796665,0.1389742103824751,3.5624901269203333,45.13897421038247,historical_closing_late_benchmark_exact_horizon_opaque,2022,C0-MARKET-RESIDUAL-MARGIN-TOTAL-V1,5f148219527b07d85261d3f196ace97a5eb5646271d43596032a692389abc579,2c5cc1af74fc5f3955e44361b82b791710e4b63bbc69b0c15570617e2d86e543,True
2023_01_TEN_NO,2023,1,NO,TEN,0.58991874979979,3.0558976660018757,38.84845526450372,13.668513425567635,0.03154229247627294,0.3588595329499289,2022,A0-DYNAMIC-OPPONENT-ADJUSTED-JOINT-SCORE-V1,5f148219527b07d85261d3f196ace97a5eb5646271d43596032a692389abc579,2c5cc1af74fc5f3955e44361b82b791710e4b63bbc69b0c15570617e2d86e543,0.6328999999999999,5.6301,45.1105,277.8086548554856,318.3223219821982,-15.0,27.0,23.0,68.0,2022,B0-POSSESSION-DRIVE-SCORE-PROCESS-V1,5f148219527b07d85261d3f196ace97a5eb5646271d43596032a692389abc579,2c5cc1af74fc5f3955e44361b82b791710e4b63bbc69b0c15570617e2d86e543,3.0,41.0,-0.3554932450335271,0.49506772084926887,2.644506754966473,41.49506772084927,historical_closing_late_benchmark_exact_horizon_opaque,2022,C0-MARKET-RESIDUAL-MARGIN-TOTAL-V1,5f148219527b07d85261d3f196ace97a5eb5646271d43596032a692389abc579,2c5cc1af74fc5f3955e44361b82b791710e4b63bbc69b0c15570617e2d86e543,True
2023_02_BAL_CIN,2023,2,CIN,BAL,0.605562066965016,3.5994289568576825,42.244463354497086,13.668513425567635,0.5109438965777762,-0.12012312926435686,2022,A0-DYNAMIC-OPPONENT-ADJUSTED-JOINT-SCORE-V1,5f148219527b07d85261d3f196ace97a5eb5646271d43596032a692389abc579,2c5cc1af74fc5f3955e44361b82b791710e4b63bbc69b0c15570617e2d86e543,0.44145,-2.3988,46.0062,272.0331618761876,318.6080223622362,-23.0,18.0,24.0,70.0,2022,B0-POSSESSION-DRIVE-SCORE-PROCESS-V1,5f148219527b07d85261d3f196ace97a5eb5646271d43596032a692389abc579,2c5cc1af74fc5f3955e44361b82b791710e4b63bbc69b0c15570617e2d86e543,3.5,45.5,-0.2904081643177279,0.4157651227590163,3.209591835682272,45.91576512275902,historical_closing_late_benchmark_exact_horizon_opaque,2022,C0-MARKET-RESIDUAL-MARGIN-TOTAL-V1,5f148219527b07d85261d3f196ace97a5eb5646271d43596032a692389abc579,2c5cc1af74fc5f3955e44361b82b791710e4b63bbc69b0c15570617e2d86e543,True
2023_02_CHI_TB,2023,2,TB,CHI,0.6899895658211286,6.664926354075309,39.76096071110281,13.668513425567635,-0.058863471088757,0.32072055229054597,2022,A0-DYNAMIC-OPPONENT-ADJUSTED-JOINT-SCORE-V1,5f148219527b07d85261d3f196ace97a5eb5646271d43596032a692389abc579,2c5cc1af74fc5f3955e44361b82b791710e4b63bbc69b0c15570617e2d86e543,0.6229,5.3772,46.0414,286.66538669866986,318.4787339133913,-16.0,27.0,24.0,70.0,2022,B0-POSSESSION-DRIVE-SCORE-PROCESS-V1,5f148219527b07d85261d3f196ace97a5eb5646271d43596032a692389abc579,2c5cc1af74fc5f3955e44361b82b791710e4b63bbc69b0c15570617e2d86e543,2.5,41.0,-0.1281332653832873,0.3564728859977222,2.3718667346167126,41.356472885997725,historical_closing_late_benchmark_exact_horizon_opaque,2022,C0-MARKET-RESIDUAL-MARGIN-TOTAL-V1,5f148219527b07d85261d3f196ace97a5eb5646271d43596032a692389abc579,2c5cc1af74fc5f3955e44361b82b791710e4b63bbc69b0c15570617e2d86e543,True
2023_02_CLE_PIT,2023,2,PIT,CLE,0.5826309332653147,2.804430048770179,40.59476634349774,13.668513425567635,0.10158225967035472,0.07590450597356807,2022,A0-DYNAMIC-OPPONENT-ADJUSTED-JOINT-SCORE-V1,5f148219527b07d85261d3f196ace97a5eb5646271d43596032a692389abc579,2c5cc1af74fc5f3955e44361b82b791710e4b63bbc69b0c15570617e2d86e543,0.5972,4.0768,41.6782,258.6605678167817,300.72911767176714,-16.0,25.0,20.0,65.0,2022,B0-POSSESSION-DRIVE-SCORE-PROCESS-V1,5f148219527b07d85261d3f196ace97a5eb5646271d43596032a692389abc579,2c5cc1af74fc5f3955e44361b82b791710e4b63bbc69b0c15570617e2d86e543,-2.5,39.0,-0.07974633333623099,0.14152117506699852,-2.579746333336231,39.141521175067,historical_closing_late_benchmark_exact_horizon_opaque,2022,C0-MARKET-RESIDUAL-MARGIN-TOTAL-V1,5f148219527b07d85261d3f196ace97a5eb5646271d43596032a692389abc579,2c5cc1af74fc5f3955e44361b82b791710e4b63bbc69b0c15570617e2d86e543,True
2023_02_GB_ATL,2023,2,ATL,GB,0.47161098201298796,-0.9573659376228569,45.5878766328653,13.668513425567635,-0.095045055045068,-0.05686401238479473,2022,A0-DYNAMIC-OPPONENT-ADJUSTED-JOINT-SCORE-V1,5f148219527b07d85261d3f196ace97a5eb5646271d43596032a692389abc579,2c5cc1af74fc5f3955e44361b82b791710e4b63bbc69b0c15570617e2d86e543,0.4782,-0.613,51.733,317.4951805180518,376.57756875687573,-23.0,22.0,28.0,78.0,2022,B0-POSSESSION-DRIVE-SCORE-PROCESS-V1,5f148219527b07d85261d3f196ace97a5eb5646271d43596032a692389abc579,2c5cc1af74fc5f3955e44361b82b791710e4b63bbc69b0c15570617e2d86e543,3.0,40.5,-0.5862413432034438,-0.2196539956407737,2.4137586567965563,40.280346004359224,historical_closing_late_benchmark_exact_horizon_opaque,2022,C0-MARKET-RESIDUAL-MARGIN-TOTAL-V1,5f148219527b07d85261d3f196ace97a5eb5646271d43596032a692389abc579,2c5cc1af74fc5f3955e44361b82b791710e4b63bbc69b0c15570617e2d86e543,True
2023_02_IND_HOU,2023,2,HOU,IND,0.5573052142529893,1.9375658973716092,36.264959102183,13.668513425567635,0.06560329320581726,0.22519090378035675,2022,A0-DYNAMIC-OPPONENT-ADJUSTED-JOINT-SCORE-V1,5f148219527b07d85261d3f196ace97a5eb5646271d43596032a692389abc579,2c5cc1af74fc5f3955e44361b82b791710e4b63bbc69b0c15570617e2d86e543,0.4719,-1.1093,44.9675,260.22917642764276,305.1101547654765,-21.0,20.0,23.0,68.0,2022,B0-POSSESSION-DRIVE-SCORE-PROCESS-V1,5f148219527b07d85261d3f196ace97a5eb5646271d43596032a692389abc579,2c5cc1af74fc5f3955e44361b82b791710e4b63bbc69b0c15570617e2d86e543,-1.0,40.0,-0.2130327193358545,0.4998346749012968,-1.2130327193358545,40.499834674901294,historical_closing_late_benchmark_exact_horizon_opaque,2022,C0-MARKET-RESIDUAL-MARGIN-TOTAL-V1,5f148219527b07d85261d3f196ace97a5eb5646271d43596032a692389abc579,2c5cc1af74fc5f3955e44361b82b791710e4b63bbc69b0c15570617e2d86e543,True
2023_02_KC_JAX,2023,2,JAX,KC,0.4122298699679343,-2.981651815810711,47.80157786578491,13.668513425567635,0.0952532348594723,0.029808508828885055,2022,A0-DYNAMIC-OPPONENT-ADJUSTED-JOINT-SCORE-V1,5f148219527b07d85261d3f196ace97a5eb5646271d43596032a692389abc579,2c5cc1af74fc5f3955e44361b82b791710e4b63bbc69b0c15570617e2d86e543,0.33985,-7.2867,50.5977,306.53215632563257,350.3488895989599,-30.0,15.0,27.0,75.0,2022,B0-POSSESSION-DRIVE-SCORE-PROCESS-V1,5f148219527b07d85261d3f196ace97a5eb5646271d43596032a692389abc579,2c5cc1af74fc5f3955e44361b82b791710e4b63bbc69b0c15570617e2d86e543,-3.5,50.5,0.0885582405040568,-0.0737393436341899,-3.4114417594959434,50.42626065636581,historical_closing_late_benchmark_exact_horizon_opaque,2022,C0-MARKET-RESIDUAL-MARGIN-TOTAL-V1,5f148219527b07d85261d3f196ace97a5eb5646271d43596032a692389abc579,2c5cc1af74fc5f3955e44361b82b791710e4b63bbc69b0c15570617e2d86e543,True
2023_02_LAC_TEN,2023,2,TEN,LAC,0.45004998635203464,-1.687468457676971,41.716959336171925,13.668513425567635,-0.38276581238347424,-0.11565089545317223,2022,A0-DYNAMIC-OPPONENT-ADJUSTED-JOINT-SCORE-V1,5f148219527b07d85261d3f196ace97a5eb5646271d43596032a692389abc579,2c5cc1af74fc5f3955e44361b82b791710e4b63bbc69b0c15570617e2d86e543,0.50215,0.124,50.8232,317.41396539653965,360.7720189618962,-23.0,23.0,27.0,76.0,2022,B0-POSSESSION-DRIVE-SCORE-PROCESS-V1,5f148219527b07d85261d3f196ace97a5eb5646271d43596032a692389abc579,2c5cc1af74fc5f3955e44361b82b791710e4b63bbc69b0c15570617e2d86e543,-2.5,45.5,-0.3776650708983208,0.4647110303597165,-2.877665070898321,45.964711030359716,historical_closing_late_benchmark_exact_horizon_opaque,2022,C0-MARKET-RESIDUAL-MARGIN-TOTAL-V1,5f148219527b07d85261d3f196ace97a5eb5646271d43596032a692389abc579,2c5cc1af74fc5f3955e44361b82b791710e4b63bbc69b0c15570617e2d86e543,True
2023_02_LV_BUF,2023,2,BUF,LV,0.6498482838768949,5.174052655512039,47.516597608757735,13.668513425567635,0.23646447999710185,0.2400230585360497,2022,A0-DYNAMIC-OPPONENT-ADJUSTED-JOINT-SCORE-V1,5f148219527b07d85261d3f196ace97a5eb5646271d43596032a692389abc579,2c5cc1af74fc5f3955e44361b82b791710e4b63bbc69b0c15570617e2d86e543,0.6778500000000001,8.5805,55.1057,337.5728770377038,405.77050456045606,-14.0,32.0,30.0,81.0,2022,B0-POSSESSION-DRIVE-SCORE-PROCESS-V1,5f148219527b07d85261d3f196ace97a5eb5646271d43596032a692389abc579,2c5cc1af74fc5f3955e44361b82b791710e4b63bbc69b0c15570617e2d86e543,7.5,47.0,-0.2843598484696045,-0.10845765877383585,7.215640151530396,46.89154234122616,historical_closing_late_benchmark_exact_horizon_opaque,2022,C0-MARKET-RESIDUAL-MARGIN-TOTAL-V1,5f148219527b07d85261d3f196ace97a5eb5646271d43596032a692389abc579,2c5cc1af74fc5f3955e44361b82b791710e4b63bbc69b0c15570617e2d86e543,True
2023_02_MIA_NE,2023,2,NE,MIA,0.47828554597971246,-0.7320219408227935,41.83763045502337,13.668513425567635,0.06891875898426361,0.03022800281609963,2022,A0-DYNAMIC-OPPONENT-ADJUSTED-JOINT-SCORE-V1,5f148219527b07d85261d3f196ace97a5eb5646271d43596032a692389abc579,2c5cc1af74fc5f3955e44361b82b791710e4b63bbc69b0c15570617e2d86e543,0.6465,6.0673,46.8595,286.93946465646565,330.03756350635064,-15.0,28.0,24.0,71.0,2022,B0-POSSESSION-DRIVE-SCORE-PROCESS-V1,5f148219527b07d85261d3f196ace97a5eb5646271d43596032a692389abc579,2c5cc1af74fc5f3955e44361b82b791710e4b63bbc69b0c15570617e2d86e543,-2.0,46.5,-0.3112819585725744,0.47267331766966975,-2.3112819585725743,46.97267331766967,historical_closing_late_benchmark_exact_horizon_opaque,2022,C0-MARKET-RESIDUAL-MARGIN-TOTAL-V1,5f148219527b07d85261d3f196ace97a5eb5646271d43596032a692389abc579,2c5cc1af74fc5f3955e44361b82b791710e4b63bbc69b0c15570617e2d86e543,True
2023_02_MIN_PHI,2023,2,PHI,MIN,0.5865020885480465,2.9378772580008636,45.29089431933302,13.668513425567635,-0.03433587464622376,0.27140717384345986,2022,A0-DYNAMIC-OPPONENT-ADJUSTED-JOINT-SCORE-V1,5f148219527b07d85261d3f196ace97a5eb5646271d43596032a692389abc579,2c5cc1af74fc5f3955e44361b82b791710e4b63bbc69b0c15570617e2d86e543,0.6064999999999999,4.5042,48.7524,301.7809604560456,338.3595301930193,-18.0,27.0,26.0,74.0,2022,B0-POSSESSION-DRIVE-SCORE-PROCESS-V1,5f148219527b07d85261d3f196ace97a5eb5646271d43596032a692389abc579,2c5cc1af74fc5f3955e44361b82b791710e4b63bbc69b0c15570617e2d86e543,6.0,49.0,-0.5154146887472825,0.24145411201335626,5.484585311252718,49.24145411201336,historical_closing_late_benchmark_exact_horizon_opaque,2022,C0-MARKET-RESIDUAL-MARGIN-TOTAL-V1,5f148219527b07d85261d3f196ace97a5eb5646271d43596032a692389abc579,2c5cc1af74fc5f3955e44361b82b791710e4b63bbc69b0c15570617e2d86e543,True
2023_02_NO_CAR,2023,2,CAR,NO,0.5147321665456271,0.49650763879967386,38.88449888007443,13.668513425567635,0.37158980766698646,-0.22589865964248282,2022,A0-DYNAMIC-OPPONENT-ADJUSTED-JOINT-SCORE-V1,5f148219527b07d85261d3f196ace97a5eb5646271d43596032a692389abc579,2c5cc1af74fc5f3955e44361b82b791710e4b63bbc69b0c15570617e2d86e543,0.43925,-2.4689,45.0731,268.80731352135217,314.0637627662766,-23.0,18.0,23.0,68.0,2022,B0-POSSESSION-DRIVE-SCORE-PROCESS-V1,5f148219527b07d85261d3f196ace97a5eb5646271d43596032a692389abc579,2c5cc1af74fc5f3955e44361b82b791710e4b63bbc69b0c15570617e2d86e543,-3.0,39.5,-0.15457211297532597,0.294182690723507,-3.154572112975326,39.79418269072351,historical_closing_late_benchmark_exact_horizon_opaque,2022,C0-MARKET-RESIDUAL-MARGIN-TOTAL-V1,5f148219527b07d85261d3f196ace97a5eb5646271d43596032a692389abc579,2c5cc1af74fc5f3955e44361b82b791710e4b63bbc69b0c15570617e2d86e543,True
2023_02_NYG_ARI,2023,2,ARI,NYG,0.4884197937263531,-0.3902454690654089,38.714176712003635,13.668513425567635,-0.27313978235259484,-0.18678742396698955,2022,A0-DYNAMIC-OPPONENT-ADJUSTED-JOINT-SCORE-V1,5f148219527b07d85261d3f196ace97a5eb5646271d43596032a692389abc579,2c5cc1af74fc5f3955e44361b82b791710e4b63bbc69b0c15570617e2d86e543,0.5629000000000001,2.546,42.2452,259.11719571957195,286.87916487648766,-17.0,23.0,22.0,64.0,2022,B0-POSSESSION-DRIVE-SCORE-PROCESS-V1,5f148219527b07d85261d3f196ace97a5eb5646271d43596032a692389abc579,2c5cc1af74fc5f3955e44361b82b791710e4b63bbc69b0c15570617e2d86e543,-5.0,40.0,-0.16531966810170956,0.29394795131949836,-5.165319668101709,40.293947951319495,historical_closing_late_benchmark_exact_horizon_opaque,2022,C0-MARKET-RESIDUAL-MARGIN-TOTAL-V1,5f148219527b07d85261d3f196ace97a5eb5646271d43596032a692389abc579,2c5cc1af74fc5f3955e44361b82b791710e4b63bbc69b0c15570617e2d86e543,True
2023_02_NYJ_DAL,2023,2,DAL,NYJ,0.7061151034164166,7.286627726541589,40.34771083729004,13.668513425567635,0.6059913466699942,-0.48028780019067346,2022,A0-DYNAMIC-OPPONENT-ADJUSTED-JOINT-SCORE-V1,5f148219527b07d85261d3f196ace97a5eb5646271d43596032a692389abc579,2c5cc1af74fc5f3955e44361b82b791710e4b63bbc69b0c15570617e2d86e543,0.7363500000000001,10.6439,46.4909,286.7285656465646,320.7747946694669,-11.0,32.0,24.0,70.0,2022,B0-POSSESSION-DRIVE-SCORE-PROCESS-V1,5f148219527b07d85261d3f196ace97a5eb5646271d43596032a692389abc579,2c5cc1af74fc5f3955e44361b82b791710e4b63bbc69b0c15570617e2d86e543,8.5,38.5,-0.4573656751051518,0.17560865325085567,8.042634324894848,38.675608653250855,historical_closing_late_benchmark_exact_horizon_opaque,2022,C0-MARKET-RESIDUAL-MARGIN-TOTAL-V1,5f148219527b07d85261d3f196ace97a5eb5646271d43596032a692389abc579,2c5cc1af74fc5f3955e44361b82b791710e4b63bbc69b0c15570617e2d86e543,True
2023_02_SEA_DET,2023,2,DET,SEA,0.6156265673480246,3.9522035705922036,45.7615287759923,13.668513425567635,0.32400444605279366,-0.05246653310781625,2022,A0-DYNAMIC-OPPONENT-ADJUSTED-JOINT-SCORE-V1,5f148219527b07d85261d3f196ace97a5eb5646271d43596032a692389abc579,2c5cc1af74fc5f3955e44361b82b791710e4b63bbc69b0c15570617e2d86e543,0.45535000000000003,-2.2188,52.3522,322.9018167416742,383.48810397039705,-25.0,21.0,28.0,78.0,2022,B0-POSSESSION-DRIVE-SCORE-PROCESS-V1,5f148219527b07d85261d3f196ace97a5eb5646271d43596032a692389abc579,2c5cc1af74fc5f3955e44361b82b791710e4b63bbc69b0c15570617e2d86e543,4.5,47.5,-0.7918699551098045,0.43966828572562866,3.7081300448901953,47.93966828572563,historical_closing_late_benchmark_exact_horizon_opaque,2022,C0-MARKET-RESIDUAL-MARGIN-TOTAL-V1,5f148219527b07d85261d3f196ace97a5eb5646271d43596032a692389abc579,2c5cc1af74fc5f3955e44361b82b791710e4b63bbc69b0c15570617e2d86e543,True
2023_02_SF_LA,2023,2,LA,SF,0.3819490953409246,-4.037579049195891,46.37913169720006,13.668513425567635,-0.4065977122221349,-0.2248574045101784,2022,A0-DYNAMIC-OPPONENT-ADJUSTED-JOINT-SCORE-V1,5f148219527b07d85261d3f196ace97a5eb5646271d43596032a692389abc579,2c5cc1af74fc5f3955e44361b82b791710e4b63bbc69b0c15570617e2d86e543,0.46315,-1.478,50.6988,314.860402040204,365.14239279927995,-24.0,21.0,27.0,76.0,2022,B0-POSSESSION-DRIVE-SCORE-PROCESS-V1,5f148219527b07d85261d3f196ace97a5eb5646271d43596032a692389abc579,2c5cc1af74fc5f3955e44361b82b791710e4b63bbc69b0c15570617e2d86e543,-7.5,45.0,-0.26264458946835145,-0.05989253838003268,-7.762644589468351,44.94010746161997,historical_closing_late_benchmark_exact_horizon_opaque,2022,C0-MARKET-RESIDUAL-MARGIN-TOTAL-V1,5f148219527b07d85261d3f196ace97a5eb5646271d43596032a692389abc579,2c5cc1af74fc5f3955e44361b82b791710e4b63bbc69b0c15570617e2d86e543,True
2023_02_WAS_DEN,2023,2,DEN,WAS,0.5556448504202984,1.8810533252103205,37.7555428736036,13.668513425567635,0.09686135334347183,-0.23195426460795188,2022,A0-DYNAMIC-OPPONENT-ADJUSTED-JOINT-SCORE-V1,5f148219527b07d85261d3f196ace97a5eb5646271d43596032a692389abc579,2c5cc1af74fc5f3955e44361b82b791710e4b63bbc69b0c15570617e2d86e543,0.514,0.5082,38.0964,232.671199879988,252.96860390039,-19.0,20.0,19.0,59.0,2022,B0-POSSESSION-DRIVE-SCORE-PROCESS-V1,5f148219527b07d85261d3f196ace97a5eb5646271d43596032a692389abc579,2c5cc1af74fc5f3955e44361b82b791710e4b63bbc69b0c15570617e2d86e543,4.0,38.5,-0.44872782877398953,0.2893898919516036,3.5512721712260102,38.7893898919516,historical_closing_late_benchmark_exact_horizon_opaque,2022,C0-MARKET-RESIDUAL-MARGIN-TOTAL-V1,5f148219527b07d85261d3f196ace97a5eb5646271d43596032a692389abc579,2c5cc1af74fc5f3955e44361b82b791710e4b63bbc69b0c15570617e2d86e543,True
2023_03_ATL_DET,2023,3,DET,ATL,0.6385607963535979,4.76680224380976,45.78610513983945,13.668513425567635,0.3081173872055584,-0.030848619327416338,2022,A0-DYNAMIC-OPPONENT-ADJUSTED-JOINT-SCORE-V1,5f148219527b07d85261d3f196ace97a5eb5646271d43596032a692389abc579,2c5cc1af74fc5f3955e44361b82b791710e4b63bbc69b0c15570617e2d86e543,0.4733,-1.3055,54.9501,346.7470444544454,403.0827182618262,-25.0,22.0,30.0,81.0,2022,B0-POSSESSION-DRIVE-SCORE-PROCESS-V1,5f148219527b07d85261d3f196ace97a5eb5646271d43596032a692389abc579,2c5cc1af74fc5f3955e44361b82b791710e4b63bbc69b0c15570617e2d86e543,3.0,47.5,-0.2188518669902382,0.1687757337637535,2.781148133009762,47.66877573376375,historical_closing_late_benchmark_exact_horizon_opaque,2022,C0-MARKET-RESIDUAL-MARGIN-TOTAL-V1,5f148219527b07d85261d3f196ace97a5eb5646271d43596032a692389abc579,2c5cc1af74fc5f3955e44361b82b791710e4b63bbc69b0c15570617e2d86e543,True
2023_03_BUF_WAS,2023,3,WAS,BUF,0.39791548309084296,-3.478122273073435,44.1283625071264,13.668513425567635,-0.3150378182039199,0.03938823524341152,2022,A0-DYNAMIC-OPPONENT-ADJUSTED-JOINT-SCORE-V1,5f148219527b07d85261d3f196ace97a5eb5646271d43596032a692389abc579,2c5cc1af74fc5f3955e44361b82b791710e4b63bbc69b0c15570617e2d86e543,0.36195,-5.8792,47.531,294.8436917291729,338.38747774777477,-28.0,16.0,25.0,72.0,2022,B0-POSSESSION-DRIVE-SCORE-PROCESS-V1,5f148219527b07d85261d3f196ace97a5eb5646271d43596032a692389abc579,2c5cc1af74fc5f3955e44361b82b791710e4b63bbc69b0c15570617e2d86e543,-5.5,44.0,-0.33042997981383787,0.08254877259126553,-5.830429979813838,44.08254877259127,historical_closing_late_benchmark_exact_horizon_opaque,2022,C0-MARKET-RESIDUAL-MARGIN-TOTAL-V1,5f148219527b07d85261d3f196ace97a5eb5646271d43596032a692389abc579,2c5cc1af74fc5f3955e44361b82b791710e4b63bbc69b0c15570617e2d86e543,True
2023_03_CAR_SEA,2023,3,SEA,CAR,0.6314176081846818,4.511343241522233,41.807745233727864,13.668513425567635,-0.18950799286216452,-0.04278884961834182,2022,A0-DYNAMIC-OPPONENT-ADJUSTED-JOINT-SCORE-V1,5f148219527b07d85261d3f196ace97a5eb5646271d43596032a692389abc579,2c5cc1af74fc5f3955e44361b82b791710e4b63bbc69b0c15570617e2d86e543,0.58605,3.7714,47.1074,291.568898929893,325.4046057005701,-18.0,26.0,25.0,71.0,2022,B0-POSSESSION-DRIVE-SCORE-PROCESS-V1,5f148219527b07d85261d3f196ace97a5eb5646271d43596032a692389abc579,2c5cc1af74fc5f3955e44361b82b791710e4b63bbc69b0c15570617e2d86e543,5.0,42.5,-0.5290286755117228,0.29123434098976386,4.470971324488277,42.79123434098977,historical_closing_late_benchmark_exact_horizon_opaque,2022,C0-MARKET-RESIDUAL-MARGIN-TOTAL-V1,5f148219527b07d85261d3f196ace97a5eb5646271d43596032a692389abc579,2c5cc1af74fc5f3955e44361b82b791710e4b63bbc69b0c15570617e2d86e543,True
2023_03_CHI_KC,2023,3,KC,CHI,0.7981774009306493,11.225975597152512,43.6141787621505,13.668513425567635,0.22868437423889076,0.5781998524512151,2022,A0-DYNAMIC-OPPONENT-ADJUSTED-JOINT-SCORE-V1,5f148219527b07d85261d3f196ace97a5eb5646271d43596032a692389abc579,2c5cc1af74fc5f3955e44361b82b791710e4b63bbc69b0c15570617e2d86e543,0.73645,11.3855,50.7011,314.9055803080308,363.90574936493647,-11.0,34.0,27.0,76.0,2022,B0-POSSESSION-DRIVE-SCORE-PROCESS-V1,5f148219527b07d85261d3f196ace97a5eb5646271d43596032a692389abc579,2c5cc1af74fc5f3955e44361b82b791710e4b63bbc69b0c15570617e2d86e543,13.0,48.0,-0.37089826575184975,0.43626719923620266,12.62910173424815,48.436267199236205,historical_closing_late_benchmark_exact_horizon_opaque,2022,C0-MARKET-RESIDUAL-MARGIN-TOTAL-V1,5f148219527b07d85261d3f196ace97a5eb5646271d43596032a692389abc579,2c5cc1af74fc5f3955e44361b82b791710e4b63bbc69b0c15570617e2d86e543,True
2023_03_DAL_ARI,2023,3,ARI,DAL,0.3685429381541001,-4.512749657284882,42.610833404999894,13.668513425567635,-0.40612858183306433,-0.052998335080230136,2022,A0-DYNAMIC-OPPONENT-ADJUSTED-JOINT-SCORE-V1,5f148219527b07d85261d3f196ace97a5eb5646271d43596032a692389abc579,2c5cc1af74fc5f3955e44361b82b791710e4b63bbc69b0c15570617e2d86e543,0.32855,-7.8244,50.0568,310.8824528852885,360.265000260026,-30.0,14.0,27.0,75.0,2022,B0-POSSESSION-DRIVE-SCORE-PROCESS-V1,5f148219527b07d85261d3f196ace97a5eb5646271d43596032a692389abc579,2c5cc1af74fc5f3955e44361b82b791710e4b63bbc69b0c15570617e2d86e543,-11.5,43.5,-0.09573715345208372,0.17176030489795413,-11.595737153452085,43.67176030489795,historical_closing_late_benchmark_exact_horizon_opaque,2022,C0-MARKET-RESIDUAL-MARGIN-TOTAL-V1,5f148219527b07d85261d3f196ace97a5eb5646271d43596032a692389abc579,2c5cc1af74fc5f3955e44361b82b791710e4b63bbc69b0c15570617e2d86e543,True
2023_03_DEN_MIA,2023,3,MIA,DEN,0.6356535523895118,4.6626290239574075,42.922279506355814,13.668513425567635,-0.06302620034066743,0.06460148380645622,2022,A0-DYNAMIC-OPPONENT-ADJUSTED-JOINT-SCORE-V1,5f148219527b07d85261d3f196ace97a5eb5646271d43596032a692389abc579,2c5cc1af74fc5f3955e44361b82b791710e4b63bbc69b0c15570617e2d86e543,0.5932000000000001,3.9639,43.2087,270.8734841384139,310.7858228922893,-17.0,25.0,21.0,67.0,2022,B0-POSSESSION-DRIVE-SCORE-PROCESS-V1,5f148219527b07d85261d3f196ace97a5eb5646271d43596032a692389abc579,2c5cc1af74fc5f3955e44361b82b791710e4b63bbc69b0c15570617e2d86e543,6.0,47.5,-0.4113332370087165,0.4500997205825781,5.588666762991283,47.95009972058258,historical_closing_late_benchmark_exact_horizon_opaque,2022,C0-MARKET-RESIDUAL-MARGIN-TOTAL-V1,5f148219527b07d85261d3f196ace97a5eb5646271d43596032a692389abc579,2c5cc1af74fc5f3955e44361b82b791710e4b63bbc69b0c15570617e2d86e543,True
2023_03_HOU_JAX,2023,3,JAX,HOU,0.6971124914226743,6.937707803666264,39.95082066413506,13.668513425567635,0.17704889130362836,0.3838858760387464,2022,A0-DYNAMIC-OPPONENT-ADJUSTED-JOINT-SCORE-V1,5f148219527b07d85261d3f196ace97a5eb5646271d43596032a692389abc579,2c5cc1af74fc5f3955e44361b82b791710e4b63bbc69b0c15570617e2d86e543,0.6209,5.1974,43.5504,260.94812805280526,296.72053189318933,-15.0,26.0,23.0,66.0,2022,B0-POSSESSION-DRIVE-SCORE-PROCESS-V1,5f148219527b07d85261d3f196ace97a5eb5646271d43596032a692389abc579,2c5cc1af74fc5f3955e44361b82b791710e4b63bbc69b0c15570617e2d86e543,7.5,43.5,-0.34304019436083816,0.381267538674835,7.156959805639162,43.881267538674834,historical_closing_late_benchmark_exact_horizon_opaque,2022,C0-MARKET-RESIDUAL-MARGIN-TOTAL-V1,5f148219527b07d85261d3f196ace97a5eb5646271d43596032a692389abc579,2c5cc1af74fc5f3955e44361b82b791710e4b63bbc69b0c15570617e2d86e543,True
2023_03_IND_BAL,2023,3,BAL,IND,0.673219943315648,6.03315818790837,39.7477215913885,13.668513425567635,-0.2601362505069338,0.7058285900017867,2022,A0-DYNAMIC-OPPONENT-ADJUSTED-JOINT-SCORE-V1,5f148219527b07d85261d3f196ace97a5eb5646271d43596032a692389abc579,2c5cc1af74fc5f3955e44361b82b791710e4b63bbc69b0c15570617e2d86e543,0.67125,7.3078,46.5008,281.28078723872386,319.22372173217326,-14.0,29.0,24.0,71.0,2022,B0-POSSESSION-DRIVE-SCORE-PROCESS-V1,5f148219527b07d85261d3f196ace97a5eb5646271d43596032a692389abc579,2c5cc1af74fc5f3955e44361b82b791710e4b63bbc69b0c15570617e2d86e543,7.5,43.5,-0.44520282923017257,0.5389872894683146,7.054797170769827,44.03898728946832,historical_closing_late_benchmark_exact_horizon_opaque,2022,C0-MARKET-RESIDUAL-MARGIN-TOTAL-V1,5f148219527b07d85261d3f196ace97a5eb5646271d43596032a692389abc579,2c5cc1af74fc5f3955e44361b82b791710e4b63bbc69b0c15570617e2d86e543,True
2023_03_LAC_MIN,2023,3,MIN,LAC,0.5207793468268923,0.7004690921327317,45.96386720206888,13.668513425567635,0.13635155955877226,-0.3599906993280079,2022,A0-DYNAMIC-OPPONENT-ADJUSTED-JOINT-SCORE-V1,5f148219527b07d85261d3f196ace97a5eb5646271d43596032a692389abc579,2c5cc1af74fc5f3955e44361b82b791710e4b63bbc69b0c15570617e2d86e543,0.5378999999999999,1.747,52.44,316.73406440644067,372.74527452745275,-21.0,24.0,29.0,78.0,2022,B0-POSSESSION-DRIVE-SCORE-PROCESS-V1,5f148219527b07d85261d3f196ace97a5eb5646271d43596032a692389abc579,2c5cc1af74fc5f3955e44361b82b791710e4b63bbc69b0c15570617e2d86e543,1.0,54.0,-0.8124831061843427,0.8074514156687969,0.18751689381565728,54.807451415668794,historical_closing_late_benchmark_exact_horizon_opaque,2022,C0-MARKET-RESIDUAL-MARGIN-TOTAL-V1,5f148219527b07d85261d3f196ace97a5eb5646271d43596032a692389abc579,2c5cc1af74fc5f3955e44361b82b791710e4b63bbc69b0c15570617e2d86e543,True
2023_03_LA_CIN,2023,3,CIN,LA,0.618978307532219,4.070281404849151,44.01259757062455,13.668513425567635,0.2515625289482865,0.12233162459629694,2022,A0-DYNAMIC-OPPONENT-ADJUSTED-JOINT-SCORE-V1,5f148219527b07d85261d3f196ace97a5eb5646271d43596032a692389abc579,2c5cc1af74fc5f3955e44361b82b791710e4b63bbc69b0c15570617e2d86e543,0.4801,-0.6856,47.9018,285.5845110911091,341.1908758475847,-22.0,21.0,25.0,72.0,2022,B0-POSSESSION-DRIVE-SCORE-PROCESS-V1,5f148219527b07d85261d3f196ace97a5eb5646271d43596032a692389abc579,2c5cc1af74fc5f3955e44361b82b791710e4b63bbc69b0c15570617e2d86e543,3.0,45.5,-0.2692584471457725,0.20213220080014827,2.7307415528542274,45.70213220080015,historical_closing_late_benchmark_exact_horizon_opaque,2022,C0-MARKET-RESIDUAL-MARGIN-TOTAL-V1,5f148219527b07d85261d3f196ace97a5eb5646271d43596032a692389abc579,2c5cc1af74fc5f3955e44361b82b791710e4b63bbc69b0c15570617e2d86e543,True
2023_03_NE_NYJ,2023,3,NYJ,NE,0.49255986190522005,-0.2507071652114412,36.67812657980346,13.668513425567635,-0.3679598837178621,0.33719303739941575,2022,A0-DYNAMIC-OPPONENT-ADJUSTED-JOINT-SCORE-V1,5f148219527b07d85261d3f196ace97a5eb5646271d43596032a692389abc579,2c5cc1af74fc5f3955e44361b82b791710e4b63bbc69b0c15570617e2d86e543,0.3346,-6.8349,40.7301,247.3879807880788,277.3341874087409,-27.0,13.0,20.0,63.0,2022,B0-POSSESSION-DRIVE-SCORE-PROCESS-V1,5f148219527b07d85261d3f196ace97a5eb5646271d43596032a692389abc579,2c5cc1af74fc5f3955e44361b82b791710e4b63bbc69b0c15570617e2d86e543,-2.5,35.5,-0.30757913785552377,0.2508234252236927,-2.807579137855524,35.75082342522369,historical_closing_late_benchmark_exact_horizon_opaque,2022,C0-MARKET-RESIDUAL-MARGIN-TOTAL-V1,5f148219527b07d85261d3f196ace97a5eb5646271d43596032a692389abc579,2c5cc1af74fc5f3955e44361b82b791710e4b63bbc69b0c15570617e2d86e543,True
2023_03_NO_GB,2023,3,GB,NO,0.6126302106386059,3.846903299590963,43.87878183064585,13.668513425567635,0.29301392869712517,-0.23344141065642982,2022,A0-DYNAMIC-OPPONENT-ADJUSTED-JOINT-SCORE-V1,5f148219527b07d85261d3f196ace97a5eb5646271d43596032a692389abc579,2c5cc1af74fc5f3955e44361b82b791710e4b63bbc69b0c15570617e2d86e543,0.49735,-0.2087,47.4465,301.77192150215024,337.9935371037104,-22.0,21.0,25.0,72.0,2022,B0-POSSESSION-DRIVE-SCORE-PROCESS-V1,5f148219527b07d85261d3f196ace97a5eb5646271d43596032a692389abc579,2c5cc1af74fc5f3955e44361b82b791710e4b63bbc69b0c15570617e2d86e543,-1.5,41.5,-0.1930769850760072,0.12846030555880492,-1.6930769850760072,41.628460305558804,historical_closing_late_benchmark_exact_horizon_opaque,2022,C0-MARKET-RESIDUAL-MARGIN-TOTAL-V1,5f148219527b07d85261d3f196ace97a5eb5646271d43596032a692389abc579,2c5cc1af74fc5f3955e44361b82b791710e4b63bbc69b0c15570617e2d86e543,True
2023_03_NYG_SF,2023,3,SF,NYG,0.7096689061116566,7.425714451243156,45.321870854040085,13.668513425567635,0.20487906384929508,0.2548333270958991,2022,A0-DYNAMIC-OPPONENT-ADJUSTED-JOINT-SCORE-V1,5f148219527b07d85261d3f196ace97a5eb5646271d43596032a692389abc579,2c5cc1af74fc5f3955e44361b82b791710e4b63bbc69b0c15570617e2d86e543,0.7101,9.5767,46.8639,294.12592970297027,327.23089987998804,-12.0,32.0,24.0,71.0,2022,B0-POSSESSION-DRIVE-SCORE-PROCESS-V1,5f148219527b07d85261d3f196ace97a5eb5646271d43596032a692389abc579,2c5cc1af74fc5f3955e44361b82b791710e4b63bbc69b0c15570617e2d86e543,10.5,43.5,-0.45804574905474627,-0.12430880923535607,10.041954250945254,43.37569119076464,historical_closing_late_benchmark_exact_horizon_opaque,2022,C0-MARKET-RESIDUAL-MARGIN-TOTAL-V1,5f148219527b07d85261d3f196ace97a5eb5646271d43596032a692389abc579,2c5cc1af74fc5f3955e44361b82b791710e4b63bbc69b0c15570617e2d86e543,True
2023_03_PHI_TB,2023,3,TB,PHI,0.5249378392932786,0.8408190109021305,44.827387625993026,13.668513425567635,-0.4019640588382075,-0.09910270015870784,2022,A0-DYNAMIC-OPPONENT-ADJUSTED-JOINT-SCORE-V1,5f148219527b07d85261d3f196ace97a5eb5646271d43596032a692389abc579,2c5cc1af74fc5f3955e44361b82b791710e4b63bbc69b0c15570617e2d86e543,0.46554999999999996,-1.5541,49.6859,299.8270558955896,358.4250836983698,-24.0,20.0,27.0,75.0,2022,B0-POSSESSION-DRIVE-SCORE-PROCESS-V1,5f148219527b07d85261d3f196ace97a5eb5646271d43596032a692389abc579,2c5cc1af74fc5f3955e44361b82b791710e4b63bbc69b0c15570617e2d86e543,-6.0,44.0,0.3945635204653951,-0.20041859113129545,-5.605436479534605,43.799581408868704,historical_closing_late_benchmark_exact_horizon_opaque,2022,C0-MARKET-RESIDUAL-MARGIN-TOTAL-V1,5f148219527b07d85261d3f196ace97a5eb5646271d43596032a692389abc579,2c5cc1af74fc5f3955e44361b82b791710e4b63bbc69b0c15570617e2d86e543,True
2023_03_PIT_LV,2023,3,LV,PIT,0.5542699007266287,1.8342803780416084,42.75397568690248,13.668513425567635,0.061826208460795215,-0.40548011528787253,2022,A0-DYNAMIC-OPPONENT-ADJUSTED-JOINT-SCORE-V1,5f148219527b07d85261d3f196ace97a5eb5646271d43596032a692389abc579,2c5cc1af74fc5f3955e44361b82b791710e4b63bbc69b0c15570617e2d86e543,0.48105,-0.729,47.1848,283.83854285428544,324.3074797079708,-22.0,21.0,25.0,71.0,2022,B0-POSSESSION-DRIVE-SCORE-PROCESS-V1,5f148219527b07d85261d3f196ace97a5eb5646271d43596032a692389abc579,2c5cc1af74fc5f3955e44361b82b791710e4b63bbc69b0c15570617e2d86e543,3.0,43.5,-0.5500036889239959,0.30267590994383287,2.449996311076004,43.80267590994383,historical_closing_late_benchmark_exact_horizon_opaque,2022,C0-MARKET-RESIDUAL-MARGIN-TOTAL-V1,5f148219527b07d85261d3f196ace97a5eb5646271d43596032a692389abc579,2c5cc1af74fc5f3955e44361b82b791710e4b63bbc69b0c15570617e2d86e543,True
2023_03_TEN_CLE,2023,3,CLE,TEN,0.5738996730890583,2.504435275895961,38.2025131395924,13.668513425567635,0.13129839424782286,0.236168379960517,2022,A0-DYNAMIC-OPPONENT-ADJUSTED-JOINT-SCORE-V1,5f148219527b07d85261d3f196ace97a5eb5646271d43596032a692389abc579,2c5cc1af74fc5f3955e44361b82b791710e4b63bbc69b0c15570617e2d86e543,0.4826,-0.624,45.5148,284.3812621262126,323.93237419741973,-22.0,21.0,24.0,70.0,2022,B0-POSSESSION-DRIVE-SCORE-PROCESS-V1,5f148219527b07d85261d3f196ace97a5eb5646271d43596032a692389abc579,2c5cc1af74fc5f3955e44361b82b791710e4b63bbc69b0c15570617e2d86e543,3.5,38.0,-0.24856295712078655,0.23455335537133487,3.2514370428792136,38.23455335537133,historical_closing_late_benchmark_exact_horizon_opaque,2022,C0-MARKET-RESIDUAL-MARGIN-TOTAL-V1,5f148219527b07d85261d3f196ace97a5eb5646271d43596032a692389abc579,2c5cc1af74fc5f3955e44361b82b791710e4b63bbc69b0c15570617e2d86e543,True
2023_04_ARI_SF,2023,4,SF,ARI,0.7627275237168082,9.612573601050716,45.31188197640884,13.668513425567635,0.47801884620188995,0.4416207510628887,2022,A0-DYNAMIC-OPPONENT-ADJUSTED-JOINT-SCORE-V1,5f148219527b07d85261d3f196ace97a5eb5646271d43596032a692389abc579,2c5cc1af74fc5f3955e44361b82b791710e4b63bbc69b0c15570617e2d86e543,0.69375,8.9111,49.6633,310.5260493949395,359.72370548054806,-13.0,32.0,27.0,75.0,2022,B0-POSSESSION-DRIVE-SCORE-PROCESS-V1,5f148219527b07d85261d3f196ace97a5eb5646271d43596032a692389abc579,2c5cc1af74fc5f3955e44361b82b791710e4b63bbc69b0c15570617e2d86e543,15.0,44.0,-0.9905175126570274,0.2393077606389205,14.009482487342973,44.23930776063892,historical_closing_late_benchmark_exact_horizon_opaque,2022,C0-MARKET-RESIDUAL-MARGIN-TOTAL-V1,5f148219527b07d85261d3f196ace97a5eb5646271d43596032a692389abc579,2c5cc1af74fc5f3955e44361b82b791710e4b63bbc69b0c15570617e2d86e543,True
2023_04_ATL_JAX,2023,4,JAX,ATL,0.5982624046049737,3.345121855427564,41.95497093165345,13.668513425567635,0.23610735251660514,0.14669836889076615,2022,A0-DYNAMIC-OPPONENT-ADJUSTED-JOINT-SCORE-V1,5f148219527b07d85261d3f196ace97a5eb5646271d43596032a692389abc579,2c5cc1af74fc5f3955e44361b82b791710e4b63bbc69b0c15570617e2d86e543,0.47805,-0.9658,47.778,282.0010304630463,335.7346894689469,-23.0,21.0,26.0,72.0,2022,B0-POSSESSION-DRIVE-SCORE-PROCESS-V1,5f148219527b07d85261d3f196ace97a5eb5646271d43596032a692389abc579,2c5cc1af74fc5f3955e44361b82b791710e4b63bbc69b0c15570617e2d86e543,3.5,42.5,-0.3384768321588164,0.17248619158357836,3.1615231678411835,42.67248619158358,historical_closing_late_benchmark_exact_horizon_opaque,2022,C0-MARKET-RESIDUAL-MARGIN-TOTAL-V1,5f148219527b07d85261d3f196ace97a5eb5646271d43596032a692389abc579,2c5cc1af74fc5f3955e44361b82b791710e4b63bbc69b0c15570617e2d86e543,True
2023_04_BAL_CLE,2023,4,CLE,BAL,0.5585305674803714,1.9792942538944835,39.857085163906305,13.668513425567635,0.16846831061926704,-0.0758359090216369,2022,A0-DYNAMIC-OPPONENT-ADJUSTED-JOINT-SCORE-V1,5f148219527b07d85261d3f196ace97a5eb5646271d43596032a692389abc579,2c5cc1af74fc5f3955e44361b82b791710e4b63bbc69b0c15570617e2d86e543,0.4157,-3.5551,44.7843,275.91795578557856,311.60793430343034,-24.0,17.0,23.0,68.0,2022,B0-POSSESSION-DRIVE-SCORE-PROCESS-V1,5f148219527b07d85261d3f196ace97a5eb5646271d43596032a692389abc579,2c5cc1af74fc5f3955e44361b82b791710e4b63bbc69b0c15570617e2d86e543,-2.0,38.5,-0.14168650974665084,0.23676533459482568,-2.1416865097466506,38.73676533459483,historical_closing_late_benchmark_exact_horizon_opaque,2022,C0-MARKET-RESIDUAL-MARGIN-TOTAL-V1,5f148219527b07d85261d3f196ace97a5eb5646271d43596032a692389abc579,2c5cc1af74fc5f3955e44361b82b791710e4b63bbc69b0c15570617e2d86e543,True
2023_04_CIN_TEN,2023,4,TEN,CIN,0.45704107781267905,-1.4502933658703512,40.667016831811125,13.668513425567635,-0.47377398020633205,-0.19188115971779704,2022,A0-DYNAMIC-OPPONENT-ADJUSTED-JOINT-SCORE-V1,5f148219527b07d85261d3f196ace97a5eb5646271d43596032a692389abc579,2c5cc1af74fc5f3955e44361b82b791710e4b63bbc69b0c15570617e2d86e543,0.5326000000000001,1.4693,46.0197,278.87434494449445,320.7333852485248,-20.0,23.0,24.0,70.0,2022,B0-POSSESSION-DRIVE-SCORE-PROCESS-V1,5f148219527b07d85261d3f196ace97a5eb5646271d43596032a692389abc579,2c5cc1af74fc5f3955e44361b82b791710e4b63bbc69b0c15570617e2d86e543,-2.5,41.5,-0.5206293783537472,0.35357870999534813,-3.020629378353747,41.85357870999535,historical_closing_late_benchmark_exact_horizon_opaque,2022,C0-MARKET-RESIDUAL-MARGIN-TOTAL-V1,5f148219527b07d85261d3f196ace97a5eb5646271d43596032a692389abc579,2c5cc1af74fc5f3955e44361b82b791710e4b63bbc69b0c15570617e2d86e543,True
2023_04_DEN_CHI,2023,4,CHI,DEN,0.45274849095295144,-1.5958625779206699,37.55664231090594,13.668513425567635,-0.1713139679690544,-0.3468056822983515,2022,A0-DYNAMIC-OPPONENT-ADJUSTED-JOINT-SCORE-V1,5f148219527b07d85261d3f196ace97a5eb5646271d43596032a692389abc579,2c5cc1af74fc5f3955e44361b82b791710e4b63bbc69b0c15570617e2d86e543,0.5149,0.4259,40.8927,243.68887807780777,273.5591426242624,-20.0,20.0,20.0,63.0,2022,B0-POSSESSION-DRIVE-SCORE-PROCESS-V1,5f148219527b07d85261d3f196ace97a5eb5646271d43596032a692389abc579,2c5cc1af74fc5f3955e44361b82b791710e4b63bbc69b0c15570617e2d86e543,-3.0,47.0,-0.3208909866015183,0.8718894951811177,-3.320890986601518,47.871889495181115,historical_closing_late_benchmark_exact_horizon_opaque,2022,C0-MARKET-RESIDUAL-MARGIN-TOTAL-V1,5f148219527b07d85261d3f196ace97a5eb5646271d43596032a692389abc579,2c5cc1af74fc5f3955e44361b82b791710e4b63bbc69b0c15570617e2d86e543,True
2023_04_DET_GB,2023,4,GB,DET,0.5270815568827503,0.913204746068299,47.88067815030608,13.668513425567635,-0.21307233216049046,0.08771263171221107,2022,A0-DYNAMIC-OPPONENT-ADJUSTED-JOINT-SCORE-V1,5f148219527b07d85261d3f196ace97a5eb5646271d43596032a692389abc579,2c5cc1af74fc5f3955e44361b82b791710e4b63bbc69b0c15570617e2d86e543,0.6144,5.3093,53.3851,333.61799530953095,410.030201010101,-18.0,28.0,29.0,80.0,2022,B0-POSSESSION-DRIVE-SCORE-PROCESS-V1,5f148219527b07d85261d3f196ace97a5eb5646271d43596032a692389abc579,2c5cc1af74fc5f3955e44361b82b791710e4b63bbc69b0c15570617e2d86e543,-2.5,45.0,-0.21812063398004117,-0.18834690429826412,-2.7181206339800412,44.811653095701736,historical_closing_late_benchmark_exact_horizon_opaque,2022,C0-MARKET-RESIDUAL-MARGIN-TOTAL-V1,5f148219527b07d85261d3f196ace97a5eb5646271d43596032a692389abc579,2c5cc1af74fc5f3955e44361b82b791710e4b63bbc69b0c15570617e2d86e543,True
2023_04_KC_NYJ,2023,4,NYJ,KC,0.2964254414561376,-7.187674202822411,41.477130496785335,13.668513425567635,-0.4194377313441022,0.20062835386910804,2022,A0-DYNAMIC-OPPONENT-ADJUSTED-JOINT-SCORE-V1,5f148219527b07d85261d3f196ace97a5eb5646271d43596032a692389abc579,2c5cc1af74fc5f3955e44361b82b791710e4b63bbc69b0c15570617e2d86e543,0.27235,-10.3074,46.0646,291.29123436343633,323.726399479948,-32.0,11.0,24.0,70.0,2022,B0-POSSESSION-DRIVE-SCORE-PROCESS-V1,5f148219527b07d85261d3f196ace97a5eb5646271d43596032a692389abc579,2c5cc1af74fc5f3955e44361b82b791710e4b63bbc69b0c15570617e2d86e543,-9.5,41.5,-0.3601762175736515,0.24555742336420266,-9.86017621757365,41.745557423364204,historical_closing_late_benchmark_exact_horizon_opaque,2022,C0-MARKET-RESIDUAL-MARGIN-TOTAL-V1,5f148219527b07d85261d3f196ace97a5eb5646271d43596032a692389abc579,2c5cc1af74fc5f3955e44361b82b791710e4b63bbc69b0c15570617e2d86e543,True
2023_04_LA_IND,2023,4,IND,LA,0.46465936545808517,-1.1923510123753296,40.00979866618613,13.668513425567635,0.0007548828774440602,-0.4633738361411328,2022,A0-DYNAMIC-OPPONENT-ADJUSTED-JOINT-SCORE-V1,5f148219527b07d85261d3f196ace97a5eb5646271d43596032a692389abc579,2c5cc1af74fc5f3955e44361b82b791710e4b63bbc69b0c15570617e2d86e543,0.42855,-3.0068,48.8402,309.3490886688669,342.70213417341733,-25.0,19.0,26.0,73.0,2022,B0-POSSESSION-DRIVE-SCORE-PROCESS-V1,5f148219527b07d85261d3f196ace97a5eb5646271d43596032a692389abc579,2c5cc1af74fc5f3955e44361b82b791710e4b63bbc69b0c15570617e2d86e543,-1.0,44.5,-0.5292019214896506,0.6013779629739204,-1.5292019214896506,45.10137796297392,historical_closing_late_benchmark_exact_horizon_opaque,2022,C0-MARKET-RESIDUAL-MARGIN-TOTAL-V1,5f148219527b07d85261d3f196ace97a5eb5646271d43596032a692389abc579,2c5cc1af74fc5f3955e44361b82b791710e4b63bbc69b0c15570617e2d86e543,True
2023_04_LV_LAC,2023,4,LAC,LV,0.617385877269585,4.0141433702936915,45.70756774399568,13.668513425567635,0.08805895000450142,0.2090581248069597,2022,A0-DYNAMIC-OPPONENT-ADJUSTED-JOINT-SCORE-V1,5f148219527b07d85261d3f196ace97a5eb5646271d43596032a692389abc579,2c5cc1af74fc5f3955e44361b82b791710e4b63bbc69b0c15570617e2d86e543,0.588,4.2682,56.8608,340.7233410941094,402.12403576357633,-19.0,28.0,32.90000000000009,83.0,2022,B0-POSSESSION-DRIVE-SCORE-PROCESS-V1,5f148219527b07d85261d3f196ace97a5eb5646271d43596032a692389abc579,2c5cc1af74fc5f3955e44361b82b791710e4b63bbc69b0c15570617e2d86e543,7.0,49.0,-0.4899673961954051,0.2947896515528066,6.510032603804595,49.294789651552804,historical_closing_late_benchmark_exact_horizon_opaque,2022,C0-MARKET-RESIDUAL-MARGIN-TOTAL-V1,5f148219527b07d85261d3f196ace97a5eb5646271d43596032a692389abc579,2c5cc1af74fc5f3955e44361b82b791710e4b63bbc69b0c15570617e2d86e543,True
2023_04_MIA_BUF,2023,4,BUF,MIA,0.5736537841922982,2.4960055832411747,49.9401247646546,13.668513425567635,0.2812026652011155,0.12796454555808412,2022,A0-DYNAMIC-OPPONENT-ADJUSTED-JOINT-SCORE-V1,5f148219527b07d85261d3f196ace97a5eb5646271d43596032a692389abc579,2c5cc1af74fc5f3955e44361b82b791710e4b63bbc69b0c15570617e2d86e543,0.63605,6.5738,54.1698,354.53440700070007,402.4620141614161,-17.0,30.0,30.0,81.0,2022,B0-POSSESSION-DRIVE-SCORE-PROCESS-V1,5f148219527b07d85261d3f196ace97a5eb5646271d43596032a692389abc579,2c5cc1af74fc5f3955e44361b82b791710e4b63bbc69b0c15570617e2d86e543,2.5,53.0,-0.333066643106639,0.1909456329889661,2.166933356893361,53.190945632988964,historical_closing_late_benchmark_exact_horizon_opaque,2022,C0-MARKET-RESIDUAL-MARGIN-TOTAL-V1,5f148219527b07d85261d3f196ace97a5eb5646271d43596032a692389abc579,2c5cc1af74fc5f3955e44361b82b791710e4b63bbc69b0c15570617e2d86e543,True
2023_04_MIN_CAR,2023,4,CAR,MIN,0.4920139279788723,-0.26910564201038056,42.86702545943548,13.668513425567635,-0.11598527179898707,0.3773006771822818,2022,A0-DYNAMIC-OPPONENT-ADJUSTED-JOINT-SCORE-V1,5f148219527b07d85261d3f196ace97a5eb5646271d43596032a692389abc579,2c5cc1af74fc5f3955e44361b82b791710e4b63bbc69b0c15570617e2d86e543,0.50705,0.1811,48.3761,288.5687596659666,329.02055084508453,-21.0,22.0,26.0,72.0,2022,B0-POSSESSION-DRIVE-SCORE-PROCESS-V1,5f148219527b07d85261d3f196ace97a5eb5646271d43596032a692389abc579,2c5cc1af74fc5f3955e44361b82b791710e4b63bbc69b0c15570617e2d86e543,-4.5,46.5,-0.18727891813287229,0.2964028731044318,-4.687278918132872,46.796402873104434,historical_closing_late_benchmark_exact_horizon_opaque,2022,C0-MARKET-RESIDUAL-MARGIN-TOTAL-V1,5f148219527b07d85261d3f196ace97a5eb5646271d43596032a692389abc579,2c5cc1af74fc5f3955e44361b82b791710e4b63bbc69b0c15570617e2d86e543,True
2023_04_NE_DAL,2023,4,DAL,NE,0.6592369183371887,5.516432936851274,43.09756671348674,13.668513425567635,0.23803146295213207,-0.1430947627912577,2022,A0-DYNAMIC-OPPONENT-ADJUSTED-JOINT-SCORE-V1,5f148219527b07d85261d3f196ace97a5eb5646271d43596032a692389abc579,2c5cc1af74fc5f3955e44361b82b791710e4b63bbc69b0c15570617e2d86e543,0.5658000000000001,3.1028,48.1458,292.709703130313,336.52979533953396,-18.0,25.0,26.0,72.0,2022,B0-POSSESSION-DRIVE-SCORE-PROCESS-V1,5f148219527b07d85261d3f196ace97a5eb5646271d43596032a692389abc579,2c5cc1af74fc5f3955e44361b82b791710e4b63bbc69b0c15570617e2d86e543,6.5,43.0,-0.35303496350799823,0.06068396961454268,6.146965036492002,43.060683969614544,historical_closing_late_benchmark_exact_horizon_opaque,2022,C0-MARKET-RESIDUAL-MARGIN-TOTAL-V1,5f148219527b07d85261d3f196ace97a5eb5646271d43596032a692389abc579,2c5cc1af74fc5f3955e44361b82b791710e4b63bbc69b0c15570617e2d86e543,True
2023_04_PIT_HOU,2023,4,HOU,PIT,0.45235062550256555,-1.6093641191907686,39.752752883957655,13.668513425567635,0.05568897342312928,-0.48070628317336106,2022,A0-DYNAMIC-OPPONENT-ADJUSTED-JOINT-SCORE-V1,5f148219527b07d85261d3f196ace97a5eb5646271d43596032a692389abc579,2c5cc1af74fc5f3955e44361b82b791710e4b63bbc69b0c15570617e2d86e543,0.4098,-3.3705,40.9069,247.76600635063505,274.5312855185519,-23.0,17.0,21.0,63.0,2022,B0-POSSESSION-DRIVE-SCORE-PROCESS-V1,5f148219527b07d85261d3f196ace97a5eb5646271d43596032a692389abc579,2c5cc1af74fc5f3955e44361b82b791710e4b63bbc69b0c15570617e2d86e543,-3.0,41.5,-0.2969322897068161,0.32658775499925075,-3.2969322897068163,41.82658775499925,historical_closing_late_benchmark_exact_horizon_opaque,2022,C0-MARKET-RESIDUAL-MARGIN-TOTAL-V1,5f148219527b07d85261d3f196ace97a5eb5646271d43596032a692389abc579,2c5cc1af74fc5f3955e44361b82b791710e4b63bbc69b0c15570617e2d86e543,True
2023_04_SEA_NYG,2023,4,NYG,SEA,0.47212631511079517,-0.939958687761937,42.43156723164142,13.668513425567635,0.2103059923497905,-0.05059841115332484,2022,A0-DYNAMIC-OPPONENT-ADJUSTED-JOINT-SCORE-V1,5f148219527b07d85261d3f196ace97a5eb5646271d43596032a692389abc579,2c5cc1af74fc5f3955e44361b82b791710e4b63bbc69b0c15570617e2d86e543,0.38280000000000003,-4.8714,44.7122,272.358897929793,318.1547866386639,-26.0,16.0,23.0,69.0,2022,B0-POSSESSION-DRIVE-SCORE-PROCESS-V1,5f148219527b07d85261d3f196ace97a5eb5646271d43596032a692389abc579,2c5cc1af74fc5f3955e44361b82b791710e4b63bbc69b0c15570617e2d86e543,-2.5,46.5,-0.7359463422304614,0.6727954785888353,-3.2359463422304615,47.17279547858884,historical_closing_late_benchmark_exact_horizon_opaque,2022,C0-MARKET-RESIDUAL-MARGIN-TOTAL-V1,5f148219527b07d85261d3f196ace97a5eb5646271d43596032a692389abc579,2c5cc1af74fc5f3955e44361b82b791710e4b63bbc69b0c15570617e2d86e543,True
2023_04_TB_NO,2023,4,NO,TB,0.5450725395143888,1.5219475513751846,41.08813820554207,13.668513425567635,-0.05127514598154223,0.4308948631400126,2022,A0-DYNAMIC-OPPONENT-ADJUSTED-JOINT-SCORE-V1,5f148219527b07d85261d3f196ace97a5eb5646271d43596032a692389abc579,2c5cc1af74fc5f3955e44361b82b791710e4b63bbc69b0c15570617e2d86e543,0.6298,5.5066,46.8416,286.66722316231625,321.6418736273627,-16.0,27.0,25.0,71.0,2022,B0-POSSESSION-DRIVE-SCORE-PROCESS-V1,5f148219527b07d85261d3f196ace97a5eb5646271d43596032a692389abc579,2c5cc1af74fc5f3955e44361b82b791710e4b63bbc69b0c15570617e2d86e543,4.0,41.0,-0.6551775506052627,0.3792589772894154,3.344822449394737,41.37925897728942,historical_closing_late_benchmark_exact_horizon_opaque,2022,C0-MARKET-RESIDUAL-MARGIN-TOTAL-V1,5f148219527b07d85261d3f196ace97a5eb5646271d43596032a692389abc579,2c5cc1af74fc5f3955e44361b82b791710e4b63bbc69b0c15570617e2d86e543,True
2023_04_WAS_PHI,2023,4,PHI,WAS,0.664057677560449,5.693620437904691,40.760443907315256,13.668513425567635,0.26864797312386796,-0.15893669445704955,2022,A0-DYNAMIC-OPPONENT-ADJUSTED-JOINT-SCORE-V1,5f148219527b07d85261d3f196ace97a5eb5646271d43596032a692389abc579,2c5cc1af74fc5f3955e44361b82b791710e4b63bbc69b0c15570617e2d86e543,0.6662,7.4544,45.7122,286.4763682768277,326.4868198419842,-13.0,29.0,24.0,70.0,2022,B0-POSSESSION-DRIVE-SCORE-PROCESS-V1,5f148219527b07d85261d3f196ace97a5eb5646271d43596032a692389abc579,2c5cc1af74fc5f3955e44361b82b791710e4b63bbc69b0c15570617e2d86e543,9.5,43.0,-0.3384779658937123,0.2112507834762828,9.161522034106287,43.21125078347628,historical_closing_late_benchmark_exact_horizon_opaque,2022,C0-MARKET-RESIDUAL-MARGIN-TOTAL-V1,5f148219527b07d85261d3f196ace97a5eb5646271d43596032a692389abc579,2c5cc1af74fc5f3955e44361b82b791710e4b63bbc69b0c15570617e2d86e543,True
2023_05_BAL_PIT,2023,5,PIT,BAL,0.5231035245129314,0.7789001421808592,40.15813194820407,13.668513425567635,0.27005057028962176,6.859695193117687e-05,2022,A0-DYNAMIC-OPPONENT-ADJUSTED-JOINT-SCORE-V1,5f148219527b07d85261d3f196ace97a5eb5646271d43596032a692389abc579,2c5cc1af74fc5f3955e44361b82b791710e4b63bbc69b0c15570617e2d86e543,0.45715,-1.6075,41.6965,250.03644739473947,278.36482423242325,-21.0,18.0,21.0,64.0,2022,B0-POSSESSION-DRIVE-SCORE-PROCESS-V1,5f148219527b07d85261d3f196ace97a5eb5646271d43596032a692389abc579,2c5cc1af74fc5f3955e44361b82b791710e4b63bbc69b0c15570617e2d86e543,-4.5,38.5,-0.07962445821321268,0.18812197303695158,-4.579624458213213,38.68812197303695,historical_closing_late_benchmark_exact_horizon_opaque,2022,C0-MARKET-RESIDUAL-MARGIN-TOTAL-V1,5f148219527b07d85261d3f196ace97a5eb5646271d43596032a692389abc579,2c5cc1af74fc5f3955e44361b82b791710e4b63bbc69b0c15570617e2d86e543,True
2023_05_CAR_DET,2023,5,DET,CAR,0.6912335416055765,6.712365450158984,43.76679943900435,13.668513425567635,0.13449645319062914,-0.09525538272615808,2022,A0-DYNAMIC-OPPONENT-ADJUSTED-JOINT-SCORE-V1,5f148219527b07d85261d3f196ace97a5eb5646271d43596032a692389abc579,2c5cc1af74fc5f3955e44361b82b791710e4b63bbc69b0c15570617e2d86e543,0.5427000000000001,1.9246,51.175,306.9820130413042,368.7508500850085,-20.0,24.0,27.0,76.0,2022,B0-POSSESSION-DRIVE-SCORE-PROCESS-V1,5f148219527b07d85261d3f196ace97a5eb5646271d43596032a692389abc579,2c5cc1af74fc5f3955e44361b82b791710e4b63bbc69b0c15570617e2d86e543,9.5,43.5,-0.8974309813562505,0.29145804938831993,8.602569018643749,43.79145804938832,historical_closing_late_benchmark_exact_horizon_opaque,2022,C0-MARKET-RESIDUAL-MARGIN-TOTAL-V1,5f148219527b07d85261d3f196ace97a5eb5646271d43596032a692389abc579,2c5cc1af74fc5f3955e44361b82b791710e4b63bbc69b0c15570617e2d86e543,True
2023_05_CHI_WAS,2023,5,WAS,CHI,0.6314424748367641,4.512229664310814,36.37601360423028,13.668513425567635,0.07445261462558259,0.5787599469063034,2022,A0-DYNAMIC-OPPONENT-ADJUSTED-JOINT-SCORE-V1,5f148219527b07d85261d3f196ace97a5eb5646271d43596032a692389abc579,2c5cc1af74fc5f3955e44361b82b791710e4b63bbc69b0c15570617e2d86e543,0.5544,2.3637,42.6049,260.22664497449745,305.6751635063506,-18.0,23.0,21.0,66.0,2022,B0-POSSESSION-DRIVE-SCORE-PROCESS-V1,5f148219527b07d85261d3f196ace97a5eb5646271d43596032a692389abc579,2c5cc1af74fc5f3955e44361b82b791710e4b63bbc69b0c15570617e2d86e543,6.0,45.5,-0.42421102679433664,0.8979966622491784,5.575788973205663,46.39799666224918,historical_closing_late_benchmark_exact_horizon_opaque,2022,C0-MARKET-RESIDUAL-MARGIN-TOTAL-V1,5f148219527b07d85261d3f196ace97a5eb5646271d43596032a692389abc579,2c5cc1af74fc5f3955e44361b82b791710e4b63bbc69b0c15570617e2d86e543,True
2023_05_CIN_ARI,2023,5,ARI,CIN,0.46170325042997906,-1.2923827382647808,42.35892988770384,13.668513425567635,-0.32298366292804154,-0.3390949711490072,2022,A0-DYNAMIC-OPPONENT-ADJUSTED-JOINT-SCORE-V1,5f148219527b07d85261d3f196ace97a5eb5646271d43596032a692389abc579,2c5cc1af74fc5f3955e44361b82b791710e4b63bbc69b0c15570617e2d86e543,0.5265000000000001,1.1378,46.5644,285.4655577157716,326.8973423742374,-20.0,23.0,24.0,71.0,2022,B0-POSSESSION-DRIVE-SCORE-PROCESS-V1,5f148219527b07d85261d3f196ace97a5eb5646271d43596032a692389abc579,2c5cc1af74fc5f3955e44361b82b791710e4b63bbc69b0c15570617e2d86e543,-3.0,45.5,-0.3171949247193697,0.3501477281988499,-3.3171949247193697,45.85014772819885,historical_closing_late_benchmark_exact_horizon_opaque,2022,C0-MARKET-RESIDUAL-MARGIN-TOTAL-V1,5f148219527b07d85261d3f196ace97a5eb5646271d43596032a692389abc579,2c5cc1af74fc5f3955e44361b82b791710e4b63bbc69b0c15570617e2d86e543,True
2023_05_DAL_SF,2023,5,SF,DAL,0.6478580364918158,5.101909884545037,49.617931279837926,13.668513425567635,0.07189026436882562,0.3886224159826585,2022,A0-DYNAMIC-OPPONENT-ADJUSTED-JOINT-SCORE-V1,5f148219527b07d85261d3f196ace97a5eb5646271d43596032a692389abc579,2c5cc1af74fc5f3955e44361b82b791710e4b63bbc69b0c15570617e2d86e543,0.5299,1.434,53.424,327.8576297629763,382.85210921092107,-22.0,24.0,30.0,79.0,2022,B0-POSSESSION-DRIVE-SCORE-PROCESS-V1,5f148219527b07d85261d3f196ace97a5eb5646271d43596032a692389abc579,2c5cc1af74fc5f3955e44361b82b791710e4b63bbc69b0c15570617e2d86e543,3.5,45.0,-0.25916762802138393,-0.4103353665740028,3.240832371978616,44.589664633426,historical_closing_late_benchmark_exact_horizon_opaque,2022,C0-MARKET-RESIDUAL-MARGIN-TOTAL-V1,5f148219527b07d85261d3f196ace97a5eb5646271d43596032a692389abc579,2c5cc1af74fc5f3955e44361b82b791710e4b63bbc69b0c15570617e2d86e543,True
2023_05_GB_LV,2023,5,LV,GB,0.5145847458783561,0.491536999567721,45.205150231130844,13.668513425567635,-0.02984935879442529,-0.2188253516472865,2022,A0-DYNAMIC-OPPONENT-ADJUSTED-JOINT-SCORE-V1,5f148219527b07d85261d3f196ace97a5eb5646271d43596032a692389abc579,2c5cc1af74fc5f3955e44361b82b791710e4b63bbc69b0c15570617e2d86e543,0.4468,-2.4045,53.1465,331.81786153615366,379.4257803280328,-25.0,20.0,29.0,79.0,2022,B0-POSSESSION-DRIVE-SCORE-PROCESS-V1,5f148219527b07d85261d3f196ace97a5eb5646271d43596032a692389abc579,2c5cc1af74fc5f3955e44361b82b791710e4b63bbc69b0c15570617e2d86e543,1.0,45.0,0.06175433667488639,-0.176918668455189,1.0617543366748863,44.82308133154481,historical_closing_late_benchmark_exact_horizon_opaque,2022,C0-MARKET-RESIDUAL-MARGIN-TOTAL-V1,5f148219527b07d85261d3f196ace97a5eb5646271d43596032a692389abc579,2c5cc1af74fc5f3955e44361b82b791710e4b63bbc69b0c15570617e2d86e543,True
2023_05_HOU_ATL,2023,5,ATL,HOU,0.5848143893880349,2.879663739960577,39.77589088117766,13.668513425567635,-0.05905846121297676,0.23718750714798026,2022,A0-DYNAMIC-OPPONENT-ADJUSTED-JOINT-SCORE-V1,5f148219527b07d85261d3f196ace97a5eb5646271d43596032a692389abc579,2c5cc1af74fc5f3955e44361b82b791710e4b63bbc69b0c15570617e2d86e543,0.6265999999999999,5.5477,48.2291,293.47647235723576,335.5223654265427,-16.0,28.0,26.0,73.0,2022,B0-POSSESSION-DRIVE-SCORE-PROCESS-V1,5f148219527b07d85261d3f196ace97a5eb5646271d43596032a692389abc579,2c5cc1af74fc5f3955e44361b82b791710e4b63bbc69b0c15570617e2d86e543,2.5,42.0,-0.34496337974099067,0.3537528608490069,2.1550366202590094,42.353752860849006,historical_closing_late_benchmark_exact_horizon_opaque,2022,C0-MARKET-RESIDUAL-MARGIN-TOTAL-V1,5f148219527b07d85261d3f196ace97a5eb5646271d43596032a692389abc579,2c5cc1af74fc5f3955e44361b82b791710e4b63bbc69b0c15570617e2d86e543,True
2023_05_JAX_BUF,2023,5,BUF,JAX,0.6789056612811988,6.2457992618468126,48.33789158483495,13.668513425567635,0.06555282373113944,-0.06863664961720825,2022,A0-DYNAMIC-OPPONENT-ADJUSTED-JOINT-SCORE-V1,5f148219527b07d85261d3f196ace97a5eb5646271d43596032a692389abc579,2c5cc1af74fc5f3955e44361b82b791710e4b63bbc69b0c15570617e2d86e543,0.7127,9.9519,49.8657,314.37842423242324,359.8148449944995,-12.0,33.0,27.0,75.0,2022,B0-POSSESSION-DRIVE-SCORE-PROCESS-V1,5f148219527b07d85261d3f196ace97a5eb5646271d43596032a692389abc579,2c5cc1af74fc5f3955e44361b82b791710e4b63bbc69b0c15570617e2d86e543,5.5,48.5,-0.2786759913694242,-0.02561730829401908,5.221324008630575,48.47438269170598,historical_closing_late_benchmark_exact_horizon_opaque,2022,C0-MARKET-RESIDUAL-MARGIN-TOTAL-V1,5f148219527b07d85261d3f196ace97a5eb5646271d43596032a692389abc579,2c5cc1af74fc5f3955e44361b82b791710e4b63bbc69b0c15570617e2d86e543,True
2023_05_KC_MIN,2023,5,MIN,KC,0.393132002532699,-3.645058753515144,47.59289023221068,13.668513425567635,0.14875208815678354,-0.4297837738454211,2022,A0-DYNAMIC-OPPONENT-ADJUSTED-JOINT-SCORE-V1,5f148219527b07d85261d3f196ace97a5eb5646271d43596032a692389abc579,2c5cc1af74fc5f3955e44361b82b791710e4b63bbc69b0c15570617e2d86e543,0.3901,-5.0475,51.9213,316.6435081008101,367.3688431943194,-27.0,18.0,29.0,77.0,2022,B0-POSSESSION-DRIVE-SCORE-PROCESS-V1,5f148219527b07d85261d3f196ace97a5eb5646271d43596032a692389abc579,2c5cc1af74fc5f3955e44361b82b791710e4b63bbc69b0c15570617e2d86e543,-3.5,52.5,-0.38324373978535015,0.3167559201718054,-3.88324373978535,52.81675592017181,historical_closing_late_benchmark_exact_horizon_opaque,2022,C0-MARKET-RESIDUAL-MARGIN-TOTAL-V1,5f148219527b07d85261d3f196ace97a5eb5646271d43596032a692389abc579,2c5cc1af74fc5f3955e44361b82b791710e4b63bbc69b0c15570617e2d86e543,True
2023_05_NO_NE,2023,5,NE,NO,0.512452991042463,0.4196669745339996,37.4896627711494,13.668513425567635,0.28734514368294983,-0.30998024650965117,2022,A0-DYNAMIC-OPPONENT-ADJUSTED-JOINT-SCORE-V1,5f148219527b07d85261d3f196ace97a5eb5646271d43596032a692389abc579,2c5cc1af74fc5f3955e44361b82b791710e4b63bbc69b0c15570617e2d86e543,0.5277499999999999,1.1675,41.9991,249.81242499249925,290.32633182318233,-19.0,21.0,21.0,65.0,2022,B0-POSSESSION-DRIVE-SCORE-PROCESS-V1,5f148219527b07d85261d3f196ace97a5eb5646271d43596032a692389abc579,2c5cc1af74fc5f3955e44361b82b791710e4b63bbc69b0c15570617e2d86e543,2.5,38.5,-0.43883338868983834,0.3612710080895969,2.0611666113101617,38.861271008089595,historical_closing_late_benchmark_exact_horizon_opaque,2022,C0-MARKET-RESIDUAL-MARGIN-TOTAL-V1,5f148219527b07d85261d3f196ace97a5eb5646271d43596032a692389abc579,2c5cc1af74fc5f3955e44361b82b791710e4b63bbc69b0c15570617e2d86e543,True
2023_05_NYG_MIA,2023,5,MIA,NYG,0.7018527697057095,7.1208320848005044,43.15458815386122,13.668513425567635,-0.17396142245592622,-0.020922328911601305,2022,A0-DYNAMIC-OPPONENT-ADJUSTED-JOINT-SCORE-V1,5f148219527b07d85261d3f196ace97a5eb5646271d43596032a692389abc579,2c5cc1af74fc5f3955e44361b82b791710e4b63bbc69b0c15570617e2d86e543,0.6669,7.312,47.1042,296.86114211421136,332.88243060306036,-14.0,29.0,24.0,71.0,2022,B0-POSSESSION-DRIVE-SCORE-PROCESS-V1,5f148219527b07d85261d3f196ace97a5eb5646271d43596032a692389abc579,2c5cc1af74fc5f3955e44361b82b791710e4b63bbc69b0c15570617e2d86e543,12.5,47.5,-0.7519117527230158,0.493006826345364,11.748088247276984,47.993006826345365,historical_closing_late_benchmark_exact_horizon_opaque,2022,C0-MARKET-RESIDUAL-MARGIN-TOTAL-V1,5f148219527b07d85261d3f196ace97a5eb5646271d43596032a692389abc579,2c5cc1af74fc5f3955e44361b82b791710e4b63bbc69b0c15570617e2d86e543,True
2023_05_NYJ_DEN,2023,5,DEN,NYJ,0.6222067044012554,4.184311613731996,36.98430469267184,13.668513425567635,0.3620673250742659,-0.4320225240219716,2022,A0-DYNAMIC-OPPONENT-ADJUSTED-JOINT-SCORE-V1,5f148219527b07d85261d3f196ace97a5eb5646271d43596032a692389abc579,2c5cc1af74fc5f3955e44361b82b791710e4b63bbc69b0c15570617e2d86e543,0.56065,2.6187,38.1287,227.32504281428143,249.78071438143817,-16.0,22.0,19.0,59.0,2022,B0-POSSESSION-DRIVE-SCORE-PROCESS-V1,5f148219527b07d85261d3f196ace97a5eb5646271d43596032a692389abc579,2c5cc1af74fc5f3955e44361b82b791710e4b63bbc69b0c15570617e2d86e543,2.5,42.5,-0.20987915928455178,0.6857247212445166,2.2901208407154483,43.18572472124452,historical_closing_late_benchmark_exact_horizon_opaque,2022,C0-MARKET-RESIDUAL-MARGIN-TOTAL-V1,5f148219527b07d85261d3f196ace97a5eb5646271d43596032a692389abc579,2c5cc1af74fc5f3955e44361b82b791710e4b63bbc69b0c15570617e2d86e543,True
2023_05_PHI_LA,2023,5,LA,PHI,0.47109281238866896,-0.974870620419324,44.52344449662211,13.668513425567635,-0.2625700460379772,0.04248216515287592,2022,A0-DYNAMIC-OPPONENT-ADJUSTED-JOINT-SCORE-V1,5f148219527b07d85261d3f196ace97a5eb5646271d43596032a692389abc579,2c5cc1af74fc5f3955e44361b82b791710e4b63bbc69b0c15570617e2d86e543,0.48085,-0.8881,50.3117,320.6028386738674,359.1450576157616,-24.0,21.0,27.0,75.0,2022,B0-POSSESSION-DRIVE-SCORE-PROCESS-V1,5f148219527b07d85261d3f196ace97a5eb5646271d43596032a692389abc579,2c5cc1af74fc5f3955e44361b82b791710e4b63bbc69b0c15570617e2d86e543,-3.5,50.5,-0.280621014885973,0.48337234974584975,-3.780621014885973,50.98337234974585,historical_closing_late_benchmark_exact_horizon_opaque,2022,C0-MARKET-RESIDUAL-MARGIN-TOTAL-V1,5f148219527b07d85261d3f196ace97a5eb5646271d43596032a692389abc579,2c5cc1af74fc5f3955e44361b82b791710e4b63bbc69b0c15570617e2d86e543,True
2023_05_TEN_IND,2023,5,IND,TEN,0.49534987882685194,-0.15668761739112114,39.06054987949325,13.668513425567635,0.2229663341354896,-0.3938243010196327,2022,A0-DYNAMIC-OPPONENT-ADJUSTED-JOINT-SCORE-V1,5f148219527b07d85261d3f196ace97a5eb5646271d43596032a692389abc579,2c5cc1af74fc5f3955e44361b82b791710e4b63bbc69b0c15570617e2d86e543,0.4769,-0.9953,47.9117,293.97787569756974,336.5409572057206,-22.0,21.0,26.0,72.0,2022,B0-POSSESSION-DRIVE-SCORE-PROCESS-V1,5f148219527b07d85261d3f196ace97a5eb5646271d43596032a692389abc579,2c5cc1af74fc5f3955e44361b82b791710e4b63bbc69b0c15570617e2d86e543,-2.5,43.5,-0.2254226915669063,0.5793345739174351,-2.7254226915669064,44.079334573917436,historical_closing_late_benchmark_exact_horizon_opaque,2022,C0-MARKET-RESIDUAL-MARGIN-TOTAL-V1,5f148219527b07d85261d3f196ace97a5eb5646271d43596032a692389abc579,2c5cc1af74fc5f3955e44361b82b791710e4b63bbc69b0c15570617e2d86e543,True
2023_06_ARI_LA,2023,6,LA,ARI,0.6328116471716012,4.561067034281667,41.18397451857504,13.668513425567635,0.07142113397975504,0.21676334655271023,2022,A0-DYNAMIC-OPPONENT-ADJUSTED-JOINT-SCORE-V1,5f148219527b07d85261d3f196ace97a5eb5646271d43596032a692389abc579,2c5cc1af74fc5f3955e44361b82b791710e4b63bbc69b0c15570617e2d86e543,0.63175,5.6366,48.2812,296.93943438343837,347.98672523252327,-16.0,28.0,26.0,73.0,2022,B0-POSSESSION-DRIVE-SCORE-PROCESS-V1,5f148219527b07d85261d3f196ace97a5eb5646271d43596032a692389abc579,2c5cc1af74fc5f3955e44361b82b791710e4b63bbc69b0c15570617e2d86e543,7.0,48.0,-0.4599981476101199,0.6710052545668103,6.54000185238988,48.67100525456681,historical_closing_late_benchmark_exact_horizon_opaque,2022,C0-MARKET-RESIDUAL-MARGIN-TOTAL-V1,5f148219527b07d85261d3f196ace97a5eb5646271d43596032a692389abc579,2c5cc1af74fc5f3955e44361b82b791710e4b63bbc69b0c15570617e2d86e543,True
2023_06_BAL_TEN,2023,6,TEN,BAL,0.5244689697111512,0.8249902709539185,39.869788705209984,13.668513425567635,0.03716991637144418,-0.31200428898215393,2022,A0-DYNAMIC-OPPONENT-ADJUSTED-JOINT-SCORE-V1,5f148219527b07d85261d3f196ace97a5eb5646271d43596032a692389abc579,2c5cc1af74fc5f3955e44361b82b791710e4b63bbc69b0c15570617e2d86e543,0.45905,-1.822,45.6322,279.6388798879888,323.9161147714771,-23.0,20.0,24.0,69.0,2022,B0-POSSESSION-DRIVE-SCORE-PROCESS-V1,5f148219527b07d85261d3f196ace97a5eb5646271d43596032a692389abc579,2c5cc1af74fc5f3955e44361b82b791710e4b63bbc69b0c15570617e2d86e543,-5.5,42.5,-0.03789568601285942,0.5272944520481285,-5.53789568601286,43.02729445204813,historical_closing_late_benchmark_exact_horizon_opaque,2022,C0-MARKET-RESIDUAL-MARGIN-TOTAL-V1,5f148219527b07d85261d3f196ace97a5eb5646271d43596032a692389abc579,2c5cc1af74fc5f3955e44361b82b791710e4b63bbc69b0c15570617e2d86e543,True
2023_06_CAR_MIA,2023,6,MIA,CAR,0.6983744174446992,6.98633094054447,44.048900216996095,13.668513425567635,-0.15316342296830024,-0.11430958968326796,2022,A0-DYNAMIC-OPPONENT-ADJUSTED-JOINT-SCORE-V1,5f148219527b07d85261d3f196ace97a5eb5646271d43596032a692389abc579,2c5cc1af74fc5f3955e44361b82b791710e4b63bbc69b0c15570617e2d86e543,0.61475,5.0661,50.3613,310.671797969797,356.413603670367,-17.0,27.0,27.0,75.0,2022,B0-POSSESSION-DRIVE-SCORE-PROCESS-V1,5f148219527b07d85261d3f196ace97a5eb5646271d43596032a692389abc579,2c5cc1af74fc5f3955e44361b82b791710e4b63bbc69b0c15570617e2d86e543,14.0,47.5,-0.6788397117472239,0.3393704715842095,13.321160288252775,47.83937047158421,historical_closing_late_benchmark_exact_horizon_opaque,2022,C0-MARKET-RESIDUAL-MARGIN-TOTAL-V1,5f148219527b07d85261d3f196ace97a5eb5646271d43596032a692389abc579,2c5cc1af74fc5f3955e44361b82b791710e4b63bbc69b0c15570617e2d86e543,True
2023_06_DAL_LAC,2023,6,LAC,DAL,0.5602533334100785,2.0379939447016184,45.54631688787733,13.668513425567635,-0.1741530867278806,0.20986637180415224,2022,A0-DYNAMIC-OPPONENT-ADJUSTED-JOINT-SCORE-V1,5f148219527b07d85261d3f196ace97a5eb5646271d43596032a692389abc579,2c5cc1af74fc5f3955e44361b82b791710e4b63bbc69b0c15570617e2d86e543,0.45795,-2.097,55.1144,340.8286738673867,395.6864812881288,-26.0,21.0,30.90000000000009,81.0,2022,B0-POSSESSION-DRIVE-SCORE-PROCESS-V1,5f148219527b07d85261d3f196ace97a5eb5646271d43596032a692389abc579,2c5cc1af74fc5f3955e44361b82b791710e4b63bbc69b0c15570617e2d86e543,-1.5,49.5,-1.2601374661393436,0.8915072723771724,-2.7601374661393434,50.391507272377176,historical_closing_late_benchmark_exact_horizon_opaque,2022,C0-MARKET-RESIDUAL-MARGIN-TOTAL-V1,5f148219527b07d85261d3f196ace97a5eb5646271d43596032a692389abc579,2c5cc1af74fc5f3955e44361b82b791710e4b63bbc69b0c15570617e2d86e543,True
2023_06_DEN_KC,2023,6,KC,DEN,0.7408913270895268,8.68495403111599,45.73719375056241,13.668513425567635,0.05737040626983633,0.23139417015286357,2022,A0-DYNAMIC-OPPONENT-ADJUSTED-JOINT-SCORE-V1,5f148219527b07d85261d3f196ace97a5eb5646271d43596032a692389abc579,2c5cc1af74fc5f3955e44361b82b791710e4b63bbc69b0c15570617e2d86e543,0.7401,11.1004,46.922,294.2955493949395,331.857701770177,-10.0,33.0,24.0,71.0,2022,B0-POSSESSION-DRIVE-SCORE-PROCESS-V1,5f148219527b07d85261d3f196ace97a5eb5646271d43596032a692389abc579,2c5cc1af74fc5f3955e44361b82b791710e4b63bbc69b0c15570617e2d86e543,10.5,47.5,-0.39755115605154756,0.19456295908966145,10.102448843948453,47.69456295908966,historical_closing_late_benchmark_exact_horizon_opaque,2022,C0-MARKET-RESIDUAL-MARGIN-TOTAL-V1,5f148219527b07d85261d3f196ace97a5eb5646271d43596032a692389abc579,2c5cc1af74fc5f3955e44361b82b791710e4b63bbc69b0c15570617e2d86e543,True
2023_06_DET_TB,2023,6,TB,DET,0.49500200713072195,-0.16840987964427967,46.0791059581065,13.668513425567635,-0.4548111148760734,-0.10974082077137165,2022,A0-DYNAMIC-OPPONENT-ADJUSTED-JOINT-SCORE-V1,5f148219527b07d85261d3f196ace97a5eb5646271d43596032a692389abc579,2c5cc1af74fc5f3955e44361b82b791710e4b63bbc69b0c15570617e2d86e543,0.54695,2.3491,52.2969,323.85441463146316,388.500600450045,-20.0,25.0,28.0,78.0,2022,B0-POSSESSION-DRIVE-SCORE-PROCESS-V1,5f148219527b07d85261d3f196ace97a5eb5646271d43596032a692389abc579,2c5cc1af74fc5f3955e44361b82b791710e4b63bbc69b0c15570617e2d86e543,-3.0,43.5,-1.3280913128886849,0.533604122614562,-4.328091312888684,44.03360412261456,historical_closing_late_benchmark_exact_horizon_opaque,2022,C0-MARKET-RESIDUAL-MARGIN-TOTAL-V1,5f148219527b07d85261d3f196ace97a5eb5646271d43596032a692389abc579,2c5cc1af74fc5f3955e44361b82b791710e4b63bbc69b0c15570617e2d86e543,True
2023_06_IND_JAX,2023,6,JAX,IND,0.6610665404289815,5.583566415125411,42.038745628260166,13.668513425567635,0.24265218450944562,0.6090767798191031,2022,A0-DYNAMIC-OPPONENT-ADJUSTED-JOINT-SCORE-V1,5f148219527b07d85261d3f196ace97a5eb5646271d43596032a692389abc579,2c5cc1af74fc5f3955e44361b82b791710e4b63bbc69b0c15570617e2d86e543,0.55895,2.4569,47.5575,280.6522076107611,322.21131488148814,-19.0,24.0,26.0,72.0,2022,B0-POSSESSION-DRIVE-SCORE-PROCESS-V1,5f148219527b07d85261d3f196ace97a5eb5646271d43596032a692389abc579,2c5cc1af74fc5f3955e44361b82b791710e4b63bbc69b0c15570617e2d86e543,4.0,44.0,-0.2479466193939421,0.25706077672342104,3.752053380606058,44.25706077672342,historical_closing_late_benchmark_exact_horizon_opaque,2022,C0-MARKET-RESIDUAL-MARGIN-TOTAL-V1,5f148219527b07d85261d3f196ace97a5eb5646271d43596032a692389abc579,2c5cc1af74fc5f3955e44361b82b791710e4b63bbc69b0c15570617e2d86e543,True
2023_06_MIN_CHI,2023,6,CHI,MIN,0.4525054130529575,-1.6041112203256702,41.23120896399101,13.668513425567635,-0.3774364623956743,-0.14841607860579398,2022,A0-DYNAMIC-OPPONENT-ADJUSTED-JOINT-SCORE-V1,5f148219527b07d85261d3f196ace97a5eb5646271d43596032a692389abc579,2c5cc1af74fc5f3955e44361b82b791710e4b63bbc69b0c15570617e2d86e543,0.46515,-1.5241,46.4769,287.4665658465847,317.7574421342134,-23.0,20.0,24.0,70.0,2022,B0-POSSESSION-DRIVE-SCORE-PROCESS-V1,5f148219527b07d85261d3f196ace97a5eb5646271d43596032a692389abc579,2c5cc1af74fc5f3955e44361b82b791710e4b63bbc69b0c15570617e2d86e543,-3.0,44.5,-0.7992320582048793,0.6181118734940968,-3.799232058204879,45.118111873494094,historical_closing_late_benchmark_exact_horizon_opaque,2022,C0-MARKET-RESIDUAL-MARGIN-TOTAL-V1,5f148219527b07d85261d3f196ace97a5eb5646271d43596032a692389abc579,2c5cc1af74fc5f3955e44361b82b791710e4b63bbc69b0c15570617e2d86e543,True
2023_06_NE_LV,2023,6,LV,NE,0.640411247872895,4.833257182641063,38.99198792257358,13.668513425567635,-0.024180573780249966,-0.1422865157940652,2022,A0-DYNAMIC-OPPONENT-ADJUSTED-JOINT-SCORE-V1,5f148219527b07d85261d3f196ace97a5eb5646271d43596032a692389abc579,2c5cc1af74fc5f3955e44361b82b791710e4b63bbc69b0c15570617e2d86e543,0.44995,-2.0449,47.4373,278.0152855185519,321.356204330433,-23.0,19.0,26.0,71.0,2022,B0-POSSESSION-DRIVE-SCORE-PROCESS-V1,5f148219527b07d85261d3f196ace97a5eb5646271d43596032a692389abc579,2c5cc1af74fc5f3955e44361b82b791710e4b63bbc69b0c15570617e2d86e543,3.0,41.5,-0.09035439359712982,0.27322769635149907,2.9096456064028704,41.7732276963515,historical_closing_late_benchmark_exact_horizon_opaque,2022,C0-MARKET-RESIDUAL-MARGIN-TOTAL-V1,5f148219527b07d85261d3f196ace97a5eb5646271d43596032a692389abc579,2c5cc1af74fc5f3955e44361b82b791710e4b63bbc69b0c15570617e2d86e543,True
2023_06_NO_HOU,2023,6,HOU,NO,0.49544575481687425,-0.15345689729133483,38.566770394667856,13.668513425567635,0.25702733486503393,-0.5274929301892048,2022,A0-DYNAMIC-OPPONENT-ADJUSTED-JOINT-SCORE-V1,5f148219527b07d85261d3f196ace97a5eb5646271d43596032a692389abc579,2c5cc1af74fc5f3955e44361b82b791710e4b63bbc69b0c15570617e2d86e543,0.35200000000000004,-6.0699,43.3883,255.54416840684067,301.0610292129213,-26.0,14.0,23.0,66.0,2022,B0-POSSESSION-DRIVE-SCORE-PROCESS-V1,5f148219527b07d85261d3f196ace97a5eb5646271d43596032a692389abc579,2c5cc1af74fc5f3955e44361b82b791710e4b63bbc69b0c15570617e2d86e543,-2.0,42.5,-0.24286400118783796,0.5403006537657351,-2.242864001187838,43.04030065376573,historical_closing_late_benchmark_exact_horizon_opaque,2022,C0-MARKET-RESIDUAL-MARGIN-TOTAL-V1,5f148219527b07d85261d3f196ace97a5eb5646271d43596032a692389abc579,2c5cc1af74fc5f3955e44361b82b791710e4b63bbc69b0c15570617e2d86e543,True
2023_06_NYG_BUF,2023,6,BUF,NYG,0.762875185426668,9.618999679486535,46.096730753103756,13.668513425567635,0.10724124274518929,0.10704221664648282,2022,A0-DYNAMIC-OPPONENT-ADJUSTED-JOINT-SCORE-V1,5f148219527b07d85261d3f196ace97a5eb5646271d43596032a692389abc579,2c5cc1af74fc5f3955e44361b82b791710e4b63bbc69b0c15570617e2d86e543,0.7796000000000001,13.3097,48.6311,301.49693560356036,350.0720199919992,-8.0,36.0,26.0,73.0,2022,B0-POSSESSION-DRIVE-SCORE-PROCESS-V1,5f148219527b07d85261d3f196ace97a5eb5646271d43596032a692389abc579,2c5cc1af74fc5f3955e44361b82b791710e4b63bbc69b0c15570617e2d86e543,15.5,43.5,-0.5848316095738308,-0.16530025041753477,14.91516839042617,43.33469974958246,historical_closing_late_benchmark_exact_horizon_opaque,2022,C0-MARKET-RESIDUAL-MARGIN-TOTAL-V1,5f148219527b07d85261d3f196ace97a5eb5646271d43596032a692389abc579,2c5cc1af74fc5f3955e44361b82b791710e4b63bbc69b0c15570617e2d86e543,True
2023_06_PHI_NYJ,2023,6,NYJ,PHI,0.38594577016231413,-3.8969174464062277,40.09801577898013,13.668513425567635,-0.533853944854662,0.3590049538710693,2022,A0-DYNAMIC-OPPONENT-ADJUSTED-JOINT-SCORE-V1,5f148219527b07d85261d3f196ace97a5eb5646271d43596032a692389abc579,2c5cc1af74fc5f3955e44361b82b791710e4b63bbc69b0c15570617e2d86e543,0.3303,-7.5651,43.7845,276.6344254325433,303.0657663266326,-28.0,13.0,23.0,67.0,2022,B0-POSSESSION-DRIVE-SCORE-PROCESS-V1,5f148219527b07d85261d3f196ace97a5eb5646271d43596032a692389abc579,2c5cc1af74fc5f3955e44361b82b791710e4b63bbc69b0c15570617e2d86e543,-6.5,43.0,-0.3347049746910262,0.424023980055584,-6.834704974691026,43.42402398005559,historical_closing_late_benchmark_exact_horizon_opaque,2022,C0-MARKET-RESIDUAL-MARGIN-TOTAL-V1,5f148219527b07d85261d3f196ace97a5eb5646271d43596032a692389abc579,2c5cc1af74fc5f3955e44361b82b791710e4b63bbc69b0c15570617e2d86e543,True
2023_06_SEA_CIN,2023,6,CIN,SEA,0.5397153054356918,1.3404102129525661,43.7535005854468,13.668513425567635,0.26014987292523717,0.1017091360286928,2022,A0-DYNAMIC-OPPONENT-ADJUSTED-JOINT-SCORE-V1,5f148219527b07d85261d3f196ace97a5eb5646271d43596032a692389abc579,2c5cc1af74fc5f3955e44361b82b791710e4b63bbc69b0c15570617e2d86e543,0.43455,-2.8088,46.616,276.2404666066606,329.3396779677968,-24.0,18.0,24.0,71.0,2022,B0-POSSESSION-DRIVE-SCORE-PROCESS-V1,5f148219527b07d85261d3f196ace97a5eb5646271d43596032a692389abc579,2c5cc1af74fc5f3955e44361b82b791710e4b63bbc69b0c15570617e2d86e543,3.0,45.5,0.4797332917635383,-0.3032230829010628,3.479733291763538,45.19677691709894,historical_closing_late_benchmark_exact_horizon_opaque,2022,C0-MARKET-RESIDUAL-MARGIN-TOTAL-V1,5f148219527b07d85261d3f196ace97a5eb5646271d43596032a692389abc579,2c5cc1af74fc5f3955e44361b82b791710e4b63bbc69b0c15570617e2d86e543,True
2023_06_SF_CLE,2023,6,CLE,SF,0.335438123245539,-5.7122090707341115,45.54351598830958,13.668513425567635,-0.4975107692323576,-0.05823855967116148,2022,A0-DYNAMIC-OPPONENT-ADJUSTED-JOINT-SCORE-V1,5f148219527b07d85261d3f196ace97a5eb5646271d43596032a692389abc579,2c5cc1af74fc5f3955e44361b82b791710e4b63bbc69b0c15570617e2d86e543,0.33825,-7.3898,48.8664,308.1186678267827,359.482699309931,-29.0,14.0,26.0,74.0,2022,B0-POSSESSION-DRIVE-SCORE-PROCESS-V1,5f148219527b07d85261d3f196ace97a5eb5646271d43596032a692389abc579,2c5cc1af74fc5f3955e44361b82b791710e4b63bbc69b0c15570617e2d86e543,-9.5,36.0,-1.3301521317858604,0.05964326369885885,-10.83015213178586,36.05964326369886,historical_closing_late_benchmark_exact_horizon_opaque,2022,C0-MARKET-RESIDUAL-MARGIN-TOTAL-V1,5f148219527b07d85261d3f196ace97a5eb5646271d43596032a692389abc579,2c5cc1af74fc5f3955e44361b82b791710e4b63bbc69b0c15570617e2d86e543,True
2023_06_WAS_ATL,2023,6,ATL,WAS,0.5670094609377668,2.268581399927619,38.19577716950683,13.668513425567635,0.013377641956175343,-0.11744995451696942,2022,A0-DYNAMIC-OPPONENT-ADJUSTED-JOINT-SCORE-V1,5f148219527b07d85261d3f196ace97a5eb5646271d43596032a692389abc579,2c5cc1af74fc5f3955e44361b82b791710e4b63bbc69b0c15570617e2d86e543,0.59445,4.1328,47.5888,298.84304846484645,334.6507796379638,-18.0,26.0,25.90000000000009,72.0,2022,B0-POSSESSION-DRIVE-SCORE-PROCESS-V1,5f148219527b07d85261d3f196ace97a5eb5646271d43596032a692389abc579,2c5cc1af74fc5f3955e44361b82b791710e4b63bbc69b0c15570617e2d86e543,1.5,42.0,0.14043958060171396,0.24255418694678077,1.640439580601714,42.24255418694678,historical_closing_late_benchmark_exact_horizon_opaque,2022,C0-MARKET-RESIDUAL-MARGIN-TOTAL-V1,5f148219527b07d85261d3f196ace97a5eb5646271d43596032a692389abc579,2c5cc1af74fc5f3955e44361b82b791710e4b63bbc69b0c15570617e2d86e543,True
2023_07_ARI_SEA,2023,7,SEA,ARI,0.6871006062235999,6.5550738887529825,41.4773628356607,13.668513425567635,0.06283379000280437,0.2373858351203144,2022,A0-DYNAMIC-OPPONENT-ADJUSTED-JOINT-SCORE-V1,5f148219527b07d85261d3f196ace97a5eb5646271d43596032a692389abc579,2c5cc1af74fc5f3955e44361b82b791710e4b63bbc69b0c15570617e2d86e543,0.6588999999999999,7.0992,47.6716,294.18837819781976,336.1949729372937,-14.0,29.0,26.0,72.0,2022,B0-POSSESSION-DRIVE-SCORE-PROCESS-V1,5f148219527b07d85261d3f196ace97a5eb5646271d43596032a692389abc579,2c5cc1af74fc5f3955e44361b82b791710e4b63bbc69b0c15570617e2d86e543,9.5,43.5,-0.4707724281171718,0.35402327712425136,9.029227571882828,43.85402327712425,historical_closing_late_benchmark_exact_horizon_opaque,2022,C0-MARKET-RESIDUAL-MARGIN-TOTAL-V1,5f148219527b07d85261d3f196ace97a5eb5646271d43596032a692389abc579,2c5cc1af74fc5f3955e44361b82b791710e4b63bbc69b0c15570617e2d86e543,True
2023_07_ATL_TB,2023,7,TB,ATL,0.5832749639999952,2.8266116886693204,40.828645747079676,13.668513425567635,-0.14669372767051492,-0.140589440098788,2022,A0-DYNAMIC-OPPONENT-ADJUSTED-JOINT-SCORE-V1,5f148219527b07d85261d3f196ace97a5eb5646271d43596032a692389abc579,2c5cc1af74fc5f3955e44361b82b791710e4b63bbc69b0c15570617e2d86e543,0.5229999999999999,0.8827,50.0395,304.4971904290429,353.4648862386239,-21.0,23.100000000000364,27.0,75.0,2022,B0-POSSESSION-DRIVE-SCORE-PROCESS-V1,5f148219527b07d85261d3f196ace97a5eb5646271d43596032a692389abc579,2c5cc1af74fc5f3955e44361b82b791710e4b63bbc69b0c15570617e2d86e543,3.0,37.5,-0.36877469353502734,0.026493336025879485,2.6312253064649727,37.52649333602588,historical_closing_late_benchmark_exact_horizon_opaque,2022,C0-MARKET-RESIDUAL-MARGIN-TOTAL-V1,5f148219527b07d85261d3f196ace97a5eb5646271d43596032a692389abc579,2c5cc1af74fc5f3955e44361b82b791710e4b63bbc69b0c15570617e2d86e543,True
2023_07_BUF_NE,2023,7,NE,BUF,0.3314716684962978,-5.858827976872039,43.60353421887504,13.668513425567635,-0.2122839062168519,-0.0977365427419845,2022,A0-DYNAMIC-OPPONENT-ADJUSTED-JOINT-SCORE-V1,5f148219527b07d85261d3f196ace97a5eb5646271d43596032a692389abc579,2c5cc1af74fc5f3955e44361b82b791710e4b63bbc69b0c15570617e2d86e543,0.44694999999999996,-1.9788,46.985,286.475598119812,333.8261576157616,-23.0,20.0,24.0,71.0,2022,B0-POSSESSION-DRIVE-SCORE-PROCESS-V1,5f148219527b07d85261d3f196ace97a5eb5646271d43596032a692389abc579,2c5cc1af74fc5f3955e44361b82b791710e4b63bbc69b0c15570617e2d86e543,-7.5,41.0,-0.3548491003006638,-0.10066714832980968,-7.8548491003006635,40.89933285167019,historical_closing_late_benchmark_exact_horizon_opaque,2022,C0-MARKET-RESIDUAL-MARGIN-TOTAL-V1,5f148219527b07d85261d3f196ace97a5eb5646271d43596032a692389abc579,2c5cc1af74fc5f3955e44361b82b791710e4b63bbc69b0c15570617e2d86e543,True
2023_07_CLE_IND,2023,7,IND,CLE,0.505305666511121,0.17877769107103347,37.687193637053554,13.668513425567635,0.09166793988766675,-0.6299926809801497,2022,A0-DYNAMIC-OPPONENT-ADJUSTED-JOINT-SCORE-V1,5f148219527b07d85261d3f196ace97a5eb5646271d43596032a692389abc579,2c5cc1af74fc5f3955e44361b82b791710e4b63bbc69b0c15570617e2d86e543,0.5559000000000001,2.316,46.7684,286.0741514151415,326.18918035803586,-19.0,24.0,24.0,71.0,2022,B0-POSSESSION-DRIVE-SCORE-PROCESS-V1,5f148219527b07d85261d3f196ace97a5eb5646271d43596032a692389abc579,2c5cc1af74fc5f3955e44361b82b791710e4b63bbc69b0c15570617e2d86e543,-3.5,40.0,-0.16020951247549003,0.43201892466670744,-3.66020951247549,40.43201892466671,historical_closing_late_benchmark_exact_horizon_opaque,2022,C0-MARKET-RESIDUAL-MARGIN-TOTAL-V1,5f148219527b07d85261d3f196ace97a5eb5646271d43596032a692389abc579,2c5cc1af74fc5f3955e44361b82b791710e4b63bbc69b0c15570617e2d86e543,True
2023_07_DET_BAL,2023,7,BAL,DET,0.46765585991126907,-1.0910202095566355,45.095972463223674,13.668513425567635,-0.5747984697053328,0.2742987984008659,2022,A0-DYNAMIC-OPPONENT-ADJUSTED-JOINT-SCORE-V1,5f148219527b07d85261d3f196ace97a5eb5646271d43596032a692389abc579,2c5cc1af74fc5f3955e44361b82b791710e4b63bbc69b0c15570617e2d86e543,0.6127,5.0916,51.1138,310.1306225022502,372.38348790879087,-17.0,28.0,27.0,77.0,2022,B0-POSSESSION-DRIVE-SCORE-PROCESS-V1,5f148219527b07d85261d3f196ace97a5eb5646271d43596032a692389abc579,2c5cc1af74fc5f3955e44361b82b791710e4b63bbc69b0c15570617e2d86e543,3.0,43.5,-0.647830235891445,0.03395234876639715,2.352169764108555,43.5339523487664,historical_closing_late_benchmark_exact_horizon_opaque,2022,C0-MARKET-RESIDUAL-MARGIN-TOTAL-V1,5f148219527b07d85261d3f196ace97a5eb5646271d43596032a692389abc579,2c5cc1af74fc5f3955e44361b82b791710e4b63bbc69b0c15570617e2d86e543,True
2023_07_GB_DEN,2023,7,DEN,GB,0.4724150137992918,-0.9302075301397359,42.571916983471425,13.668513425567635,-0.011561343657771502,-0.17136832247577719,2022,A0-DYNAMIC-OPPONENT-ADJUSTED-JOINT-SCORE-V1,5f148219527b07d85261d3f196ace97a5eb5646271d43596032a692389abc579,2c5cc1af74fc5f3955e44361b82b791710e4b63bbc69b0c15570617e2d86e543,0.4245,-2.8429,43.7771,261.5497745674567,301.0153171217122,-23.0,18.0,23.0,67.0,2022,B0-POSSESSION-DRIVE-SCORE-PROCESS-V1,5f148219527b07d85261d3f196ace97a5eb5646271d43596032a692389abc579,2c5cc1af74fc5f3955e44361b82b791710e4b63bbc69b0c15570617e2d86e543,1.5,44.0,-0.04556214117110258,-0.03279445923828196,1.4544378588288973,43.96720554076172,historical_closing_late_benchmark_exact_horizon_opaque,2022,C0-MARKET-RESIDUAL-MARGIN-TOTAL-V1,5f148219527b07d85261d3f196ace97a5eb5646271d43596032a692389abc579,2c5cc1af74fc5f3955e44361b82b791710e4b63bbc69b0c15570617e2d86e543,True
2023_07_JAX_NO,2023,7,NO,JAX,0.5112286228273445,0.3783941550573111,40.849731302489005,13.668513425567635,-0.43407622616866226,0.1436070541504584,2022,A0-DYNAMIC-OPPONENT-ADJUSTED-JOINT-SCORE-V1,5f148219527b07d85261d3f196ace97a5eb5646271d43596032a692389abc579,2c5cc1af74fc5f3955e44361b82b791710e4b63bbc69b0c15570617e2d86e543,0.62945,5.2795,44.4595,272.25860561056106,305.0770674567457,-16.0,26.0,23.0,68.0,2022,B0-POSSESSION-DRIVE-SCORE-PROCESS-V1,5f148219527b07d85261d3f196ace97a5eb5646271d43596032a692389abc579,2c5cc1af74fc5f3955e44361b82b791710e4b63bbc69b0c15570617e2d86e543,2.5,41.0,-0.5207581149342322,0.21916261564994916,1.9792418850657678,41.21916261564995,historical_closing_late_benchmark_exact_horizon_opaque,2022,C0-MARKET-RESIDUAL-MARGIN-TOTAL-V1,5f148219527b07d85261d3f196ace97a5eb5646271d43596032a692389abc579,2c5cc1af74fc5f3955e44361b82b791710e4b63bbc69b0c15570617e2d86e543,True
2023_07_LAC_KC,2023,7,KC,LAC,0.6691774258457439,5.882887611134883,47.859803207903234,13.668513425567635,-0.012400528598011301,0.06979307451741318,2022,A0-DYNAMIC-OPPONENT-ADJUSTED-JOINT-SCORE-V1,5f148219527b07d85261d3f196ace97a5eb5646271d43596032a692389abc579,2c5cc1af74fc5f3955e44361b82b791710e4b63bbc69b0c15570617e2d86e543,0.6705,8.1209,54.7701,339.68045123512354,400.1796639563956,-15.0,31.100000000000364,30.0,81.0,2022,B0-POSSESSION-DRIVE-SCORE-PROCESS-V1,5f148219527b07d85261d3f196ace97a5eb5646271d43596032a692389abc579,2c5cc1af74fc5f3955e44361b82b791710e4b63bbc69b0c15570617e2d86e543,5.5,48.5,-0.915092400282563,0.4262210458034581,4.584907599717437,48.92622104580346,historical_closing_late_benchmark_exact_horizon_opaque,2022,C0-MARKET-RESIDUAL-MARGIN-TOTAL-V1,5f148219527b07d85261d3f196ace97a5eb5646271d43596032a692389abc579,2c5cc1af74fc5f3955e44361b82b791710e4b63bbc69b0c15570617e2d86e543,True
2023_07_LV_CHI,2023,7,CHI,LV,0.4389106334744865,-2.066493989062721,40.27439329195735,13.668513425567635,-0.15302595283240064,-0.2993486531268422,2022,A0-DYNAMIC-OPPONENT-ADJUSTED-JOINT-SCORE-V1,5f148219527b07d85261d3f196ace97a5eb5646271d43596032a692389abc579,2c5cc1af74fc5f3955e44361b82b791710e4b63bbc69b0c15570617e2d86e543,0.49235,-0.2041,49.9473,297.76701989198915,348.20134284428445,-22.0,22.0,27.0,75.0,2022,B0-POSSESSION-DRIVE-SCORE-PROCESS-V1,5f148219527b07d85261d3f196ace97a5eb5646271d43596032a692389abc579,2c5cc1af74fc5f3955e44361b82b791710e4b63bbc69b0c15570617e2d86e543,-2.5,38.5,-0.3730546183821559,0.09654028025387588,-2.873054618382156,38.596540280253876,historical_closing_late_benchmark_exact_horizon_opaque,2022,C0-MARKET-RESIDUAL-MARGIN-TOTAL-V1,5f148219527b07d85261d3f196ace97a5eb5646271d43596032a692389abc579,2c5cc1af74fc5f3955e44361b82b791710e4b63bbc69b0c15570617e2d86e543,True
2023_07_MIA_PHI,2023,7,PHI,MIA,0.5184127182753963,0.6206299867944125,47.21373887168333,13.668513425567635,0.23481282012106355,0.008416086344446086,2022,A0-DYNAMIC-OPPONENT-ADJUSTED-JOINT-SCORE-V1,5f148219527b07d85261d3f196ace97a5eb5646271d43596032a692389abc579,2c5cc1af74fc5f3955e44361b82b791710e4b63bbc69b0c15570617e2d86e543,0.5831999999999999,3.8968,51.705,320.1141611761176,382.248399839984,-19.0,27.0,27.0,78.0,2022,B0-POSSESSION-DRIVE-SCORE-PROCESS-V1,5f148219527b07d85261d3f196ace97a5eb5646271d43596032a692389abc579,2c5cc1af74fc5f3955e44361b82b791710e4b63bbc69b0c15570617e2d86e543,3.0,52.0,-0.4671406222568515,0.35577387075801686,2.5328593777431485,52.355773870758014,historical_closing_late_benchmark_exact_horizon_opaque,2022,C0-MARKET-RESIDUAL-MARGIN-TOTAL-V1,5f148219527b07d85261d3f196ace97a5eb5646271d43596032a692389abc579,2c5cc1af74fc5f3955e44361b82b791710e4b63bbc69b0c15570617e2d86e543,True
2023_07_PIT_LA,2023,7,LA,PIT,0.5616486014126446,2.0855632678177756,40.85328067452936,13.668513425567635,-0.010669202660132035,-0.242523350812585,2022,A0-DYNAMIC-OPPONENT-ADJUSTED-JOINT-SCORE-V1,5f148219527b07d85261d3f196ace97a5eb5646271d43596032a692389abc579,2c5cc1af74fc5f3955e44361b82b791710e4b63bbc69b0c15570617e2d86e543,0.5704,2.9159,44.2579,273.23555074507453,313.7691645064507,-18.0,24.0,23.0,68.0,2022,B0-POSSESSION-DRIVE-SCORE-PROCESS-V1,5f148219527b07d85261d3f196ace97a5eb5646271d43596032a692389abc579,2c5cc1af74fc5f3955e44361b82b791710e4b63bbc69b0c15570617e2d86e543,3.5,44.0,0.6356139910263935,-0.19410327648584252,4.135613991026394,43.80589672351416,historical_closing_late_benchmark_exact_horizon_opaque,2022,C0-MARKET-RESIDUAL-MARGIN-TOTAL-V1,5f148219527b07d85261d3f196ace97a5eb5646271d43596032a692389abc579,2c5cc1af74fc5f3955e44361b82b791710e4b63bbc69b0c15570617e2d86e543,True
2023_07_SF_MIN,2023,7,MIN,SF,0.3717314666963719,-4.399244965982266,48.00316029181684,13.668513425567635,-0.10969179153793399,-0.5387467435065142,2022,A0-DYNAMIC-OPPONENT-ADJUSTED-JOINT-SCORE-V1,5f148219527b07d85261d3f196ace97a5eb5646271d43596032a692389abc579,2c5cc1af74fc5f3955e44361b82b791710e4b63bbc69b0c15570617e2d86e543,0.42245,-3.3992,49.4082,298.4034797079708,343.92396515651564,-25.0,18.0,27.0,74.0,2022,B0-POSSESSION-DRIVE-SCORE-PROCESS-V1,5f148219527b07d85261d3f196ace97a5eb5646271d43596032a692389abc579,2c5cc1af74fc5f3955e44361b82b791710e4b63bbc69b0c15570617e2d86e543,-7.0,44.5,-0.27178766254703124,-0.3055579567606397,-7.271787662547031,44.19444204323936,historical_closing_late_benchmark_exact_horizon_opaque,2022,C0-MARKET-RESIDUAL-MARGIN-TOTAL-V1,5f148219527b07d85261d3f196ace97a5eb5646271d43596032a692389abc579,2c5cc1af74fc5f3955e44361b82b791710e4b63bbc69b0c15570617e2d86e543,True
2023_07_WAS_NYG,2023,7,NYG,WAS,0.5194848004517106,0.6567942011766768,37.80721526481307,13.668513425567635,0.20779657545873062,-0.14643045188989434,2022,A0-DYNAMIC-OPPONENT-ADJUSTED-JOINT-SCORE-V1,5f148219527b07d85261d3f196ace97a5eb5646271d43596032a692389abc579,2c5cc1af74fc5f3955e44361b82b791710e4b63bbc69b0c15570617e2d86e543,0.45745,-1.6618,40.8,246.2090416641664,277.0849084908491,-22.0,18.0,20.0,63.0,2022,B0-POSSESSION-DRIVE-SCORE-PROCESS-V1,5f148219527b07d85261d3f196ace97a5eb5646271d43596032a692389abc579,2c5cc1af74fc5f3955e44361b82b791710e4b63bbc69b0c15570617e2d86e543,-3.0,37.0,-0.16257832040606476,0.16020626984706987,-3.1625783204060647,37.16020626984707,historical_closing_late_benchmark_exact_horizon_opaque,2022,C0-MARKET-RESIDUAL-MARGIN-TOTAL-V1,5f148219527b07d85261d3f196ace97a5eb5646271d43596032a692389abc579,2c5cc1af74fc5f3955e44361b82b791710e4b63bbc69b0c15570617e2d86e543,True
2023_08_ATL_TEN,2023,8,TEN,ATL,0.538456591743089,1.297793614302666,39.86284941777336,13.668513425567635,-0.2295111661283301,-0.06855410990870431,2022,A0-DYNAMIC-OPPONENT-ADJUSTED-JOINT-SCORE-V1,5f148219527b07d85261d3f196ace97a5eb5646271d43596032a692389abc579,2c5cc1af74fc5f3955e44361b82b791710e4b63bbc69b0c15570617e2d86e543,0.52315,0.9955,49.7633,311.12039178917894,359.26379948994906,-21.0,23.0,27.0,75.0,2022,B0-POSSESSION-DRIVE-SCORE-PROCESS-V1,5f148219527b07d85261d3f196ace97a5eb5646271d43596032a692389abc579,2c5cc1af74fc5f3955e44361b82b791710e4b63bbc69b0c15570617e2d86e543,-2.5,35.0,-1.2491044677414327,0.579926416330451,-3.7491044677414327,35.57992641633045,historical_closing_late_benchmark_exact_horizon_opaque,2022,C0-MARKET-RESIDUAL-MARGIN-TOTAL-V1,5f148219527b07d85261d3f196ace97a5eb5646271d43596032a692389abc579,2c5cc1af74fc5f3955e44361b82b791710e4b63bbc69b0c15570617e2d86e543,True
2023_08_BAL_ARI,2023,8,ARI,BAL,0.3872436656004913,-3.8513308367206847,41.01697202363611,13.668513425567635,0.1879602336497347,-0.4592181004133641,2022,A0-DYNAMIC-OPPONENT-ADJUSTED-JOINT-SCORE-V1,5f148219527b07d85261d3f196ace97a5eb5646271d43596032a692389abc579,2c5cc1af74fc5f3955e44361b82b791710e4b63bbc69b0c15570617e2d86e543,0.36125,-6.209,47.6578,296.1611351135114,344.8657857385739,-28.0,15.0,25.0,72.0,2022,B0-POSSESSION-DRIVE-SCORE-PROCESS-V1,5f148219527b07d85261d3f196ace97a5eb5646271d43596032a692389abc579,2c5cc1af74fc5f3955e44361b82b791710e4b63bbc69b0c15570617e2d86e543,-9.5,44.5,-0.09081059033965594,0.5247517303755288,-9.590810590339656,45.02475173037553,historical_closing_late_benchmark_exact_horizon_opaque,2022,C0-MARKET-RESIDUAL-MARGIN-TOTAL-V1,5f148219527b07d85261d3f196ace97a5eb5646271d43596032a692389abc579,2c5cc1af74fc5f3955e44361b82b791710e4b63bbc69b0c15570617e2d86e543,True
2023_08_CHI_LAC,2023,8,LAC,CHI,0.6852698227561679,6.485684891229077,41.343490197931864,13.668513425567635,0.24108490283690204,0.508406777933802,2022,A0-DYNAMIC-OPPONENT-ADJUSTED-JOINT-SCORE-V1,5f148219527b07d85261d3f196ace97a5eb5646271d43596032a692389abc579,2c5cc1af74fc5f3955e44361b82b791710e4b63bbc69b0c15570617e2d86e543,0.59785,4.2307,49.7113,311.4708245924593,361.2960819181919,-18.0,27.0,26.0,75.0,2022,B0-POSSESSION-DRIVE-SCORE-PROCESS-V1,5f148219527b07d85261d3f196ace97a5eb5646271d43596032a692389abc579,2c5cc1af74fc5f3955e44361b82b791710e4b63bbc69b0c15570617e2d86e543,9.5,46.0,-0.4674638688784764,0.4845042034945941,9.032536131121523,46.484504203494595,historical_closing_late_benchmark_exact_horizon_opaque,2022,C0-MARKET-RESIDUAL-MARGIN-TOTAL-V1,5f148219527b07d85261d3f196ace97a5eb5646271d43596032a692389abc579,2c5cc1af74fc5f3955e44361b82b791710e4b63bbc69b0c15570617e2d86e543,True
2023_08_CIN_SF,2023,8,SF,CIN,0.6795223502528653,6.268956189029584,47.54351112292804,13.668513425567635,0.1550351832738484,0.10252577991388145,2022,A0-DYNAMIC-OPPONENT-ADJUSTED-JOINT-SCORE-V1,5f148219527b07d85261d3f196ace97a5eb5646271d43596032a692389abc579,2c5cc1af74fc5f3955e44361b82b791710e4b63bbc69b0c15570617e2d86e543,0.6756000000000001,7.7298,48.9292,294.77326928692867,342.9872860886088,-14.0,30.0,26.0,74.0,2022,B0-POSSESSION-DRIVE-SCORE-PROCESS-V1,5f148219527b07d85261d3f196ace97a5eb5646271d43596032a692389abc579,2c5cc1af74fc5f3955e44361b82b791710e4b63bbc69b0c15570617e2d86e543,4.0,44.0,1.008004141603538,-0.9865548229203903,5.0080041416035375,43.01344517707961,historical_closing_late_benchmark_exact_horizon_opaque,2022,C0-MARKET-RESIDUAL-MARGIN-TOTAL-V1,5f148219527b07d85261d3f196ace97a5eb5646271d43596032a692389abc579,2c5cc1af74fc5f3955e44361b82b791710e4b63bbc69b0c15570617e2d86e543,True
2023_08_CLE_SEA,2023,8,SEA,CLE,0.6399278122101312,4.815884306379463,39.88773316037714,13.668513425567635,0.08232571303327202,-0.14599635627141277,2022,A0-DYNAMIC-OPPONENT-ADJUSTED-JOINT-SCORE-V1,5f148219527b07d85261d3f196ace97a5eb5646271d43596032a692389abc579,2c5cc1af74fc5f3955e44361b82b791710e4b63bbc69b0c15570617e2d86e543,0.6879000000000001,8.1499,46.6003,294.705300520052,329.8245223622362,-13.0,30.0,24.0,71.0,2022,B0-POSSESSION-DRIVE-SCORE-PROCESS-V1,5f148219527b07d85261d3f196ace97a5eb5646271d43596032a692389abc579,2c5cc1af74fc5f3955e44361b82b791710e4b63bbc69b0c15570617e2d86e543,4.0,39.5,-0.28261637453871874,0.23233635725416169,3.7173836254612813,39.73233635725416,historical_closing_late_benchmark_exact_horizon_opaque,2022,C0-MARKET-RESIDUAL-MARGIN-TOTAL-V1,5f148219527b07d85261d3f196ace97a5eb5646271d43596032a692389abc579,2c5cc1af74fc5f3955e44361b82b791710e4b63bbc69b0c15570617e2d86e543,True
2023_08_HOU_CAR,2023,8,CAR,HOU,0.5474291872572274,1.601891878044981,40.15892404602546,13.668513425567635,0.11456247280195253,0.301594270546722,2022,A0-DYNAMIC-OPPONENT-ADJUSTED-JOINT-SCORE-V1,5f148219527b07d85261d3f196ace97a5eb5646271d43596032a692389abc579,2c5cc1af74fc5f3955e44361b82b791710e4b63bbc69b0c15570617e2d86e543,0.5703,2.9377,45.8163,282.6532840384038,314.9344477547755,-18.0,24.0,24.0,70.0,2022,B0-POSSESSION-DRIVE-SCORE-PROCESS-V1,5f148219527b07d85261d3f196ace97a5eb5646271d43596032a692389abc579,2c5cc1af74fc5f3955e44361b82b791710e4b63bbc69b0c15570617e2d86e543,-3.0,43.0,-0.13057417845304253,0.34574860009247155,-3.1305741784530428,43.34574860009247,historical_closing_late_benchmark_exact_horizon_opaque,2022,C0-MARKET-RESIDUAL-MARGIN-TOTAL-V1,5f148219527b07d85261d3f196ace97a5eb5646271d43596032a692389abc579,2c5cc1af74fc5f3955e44361b82b791710e4b63bbc69b0c15570617e2d86e543,True
2023_08_JAX_PIT,2023,8,PIT,JAX,0.49935008541716586,-0.021898635055904947,41.63918898403358,13.668513425567635,-0.23273786472675764,0.09682040713461462,2022,A0-DYNAMIC-OPPONENT-ADJUSTED-JOINT-SCORE-V1,5f148219527b07d85261d3f196ace97a5eb5646271d43596032a692389abc579,2c5cc1af74fc5f3955e44361b82b791710e4b63bbc69b0c15570617e2d86e543,0.55495,2.1537,41.8531,255.6190382138214,284.03152354235425,-18.0,23.0,21.0,64.0,2022,B0-POSSESSION-DRIVE-SCORE-PROCESS-V1,5f148219527b07d85261d3f196ace97a5eb5646271d43596032a692389abc579,2c5cc1af74fc5f3955e44361b82b791710e4b63bbc69b0c15570617e2d86e543,-2.5,41.0,0.17851884977550048,-0.16113579878702594,-2.3214811502244994,40.83886420121297,historical_closing_late_benchmark_exact_horizon_opaque,2022,C0-MARKET-RESIDUAL-MARGIN-TOTAL-V1,5f148219527b07d85261d3f196ace97a5eb5646271d43596032a692389abc579,2c5cc1af74fc5f3955e44361b82b791710e4b63bbc69b0c15570617e2d86e543,True
2023_08_KC_DEN,2023,8,DEN,KC,0.3330410159137931,-5.800735092469537,45.425258257669356,13.668513425567635,-0.05737040626983633,-0.23139417015286357,2022,A0-DYNAMIC-OPPONENT-ADJUSTED-JOINT-SCORE-V1,5f148219527b07d85261d3f196ace97a5eb5646271d43596032a692389abc579,2c5cc1af74fc5f3955e44361b82b791710e4b63bbc69b0c15570617e2d86e543,0.32095,-8.0666,45.989,287.5281172517252,322.39751875187517,-30.0,13.0,24.0,70.0,2022,B0-POSSESSION-DRIVE-SCORE-PROCESS-V1,5f148219527b07d85261d3f196ace97a5eb5646271d43596032a692389abc579,2c5cc1af74fc5f3955e44361b82b791710e4b63bbc69b0c15570617e2d86e543,-7.0,45.5,-0.3582296679965212,0.08841519234961182,-7.358229667996521,45.588415192349615,historical_closing_late_benchmark_exact_horizon_opaque,2022,C0-MARKET-RESIDUAL-MARGIN-TOTAL-V1,5f148219527b07d85261d3f196ace97a5eb5646271d43596032a692389abc579,2c5cc1af74fc5f3955e44361b82b791710e4b63bbc69b0c15570617e2d86e543,True
2023_08_LA_DAL,2023,8,DAL,LA,0.6257101034715344,4.3083970756163765,43.45364011718854,13.668513425567635,0.3347074478533093,-0.1637650114724801,2022,A0-DYNAMIC-OPPONENT-ADJUSTED-JOINT-SCORE-V1,5f148219527b07d85261d3f196ace97a5eb5646271d43596032a692389abc579,2c5cc1af74fc5f3955e44361b82b791710e4b63bbc69b0c15570617e2d86e543,0.6018,4.9147,52.2127,318.91191510151015,375.00335904590463,-17.0,28.0,28.0,78.0,2022,B0-POSSESSION-DRIVE-SCORE-PROCESS-V1,5f148219527b07d85261d3f196ace97a5eb5646271d43596032a692389abc579,2c5cc1af74fc5f3955e44361b82b791710e4b63bbc69b0c15570617e2d86e543,6.5,44.5,-1.319572670814035,0.6841660250704962,5.1804273291859655,45.184166025070496,historical_closing_late_benchmark_exact_horizon_opaque,2022,C0-MARKET-RESIDUAL-MARGIN-TOTAL-V1,5f148219527b07d85261d3f196ace97a5eb5646271d43596032a692389abc579,2c5cc1af74fc5f3955e44361b82b791710e4b63bbc69b0c15570617e2d86e543,True
2023_08_LV_DET,2023,8,DET,LV,0.6447773951155298,4.990530586702093,45.52583515502545,13.668513425567635,0.24292169095491573,0.13111271993507545,2022,A0-DYNAMIC-OPPONENT-ADJUSTED-JOINT-SCORE-V1,5f148219527b07d85261d3f196ace97a5eb5646271d43596032a692389abc579,2c5cc1af74fc5f3955e44361b82b791710e4b63bbc69b0c15570617e2d86e543,0.54825,2.1445,55.2481,336.85210496049604,396.1359599859986,-21.0,26.0,31.0,82.0,2022,B0-POSSESSION-DRIVE-SCORE-PROCESS-V1,5f148219527b07d85261d3f196ace97a5eb5646271d43596032a692389abc579,2c5cc1af74fc5f3955e44361b82b791710e4b63bbc69b0c15570617e2d86e543,7.0,46.0,-0.416901045392075,0.07170809512000059,6.583098954607925,46.07170809512,historical_closing_late_benchmark_exact_horizon_opaque,2022,C0-MARKET-RESIDUAL-MARGIN-TOTAL-V1,5f148219527b07d85261d3f196ace97a5eb5646271d43596032a692389abc579,2c5cc1af74fc5f3955e44361b82b791710e4b63bbc69b0c15570617e2d86e543,True
2023_08_MIN_GB,2023,8,GB,MIN,0.5826785622869188,2.8060702203956858,45.47434943289572,13.668513425567635,-0.1945611507688484,0.36975792616833475,2022,A0-DYNAMIC-OPPONENT-ADJUSTED-JOINT-SCORE-V1,5f148219527b07d85261d3f196ace97a5eb5646271d43596032a692389abc579,2c5cc1af74fc5f3955e44361b82b791710e4b63bbc69b0c15570617e2d86e543,0.551,1.8846,47.9756,288.59574241424144,330.79588422842284,-20.0,24.0,26.0,72.0,2022,B0-POSSESSION-DRIVE-SCORE-PROCESS-V1,5f148219527b07d85261d3f196ace97a5eb5646271d43596032a692389abc579,2c5cc1af74fc5f3955e44361b82b791710e4b63bbc69b0c15570617e2d86e543,-1.0,41.5,-0.3417158799772678,-0.1357944210735731,-1.3417158799772677,41.36420557892643,historical_closing_late_benchmark_exact_horizon_opaque,2022,C0-MARKET-RESIDUAL-MARGIN-TOTAL-V1,5f148219527b07d85261d3f196ace97a5eb5646271d43596032a692389abc579,2c5cc1af74fc5f3955e44361b82b791710e4b63bbc69b0c15570617e2d86e543,True
2023_08_NE_MIA,2023,8,MIA,NE,0.6980868670848482,6.9752433470150415,42.11322030744009,13.668513425567635,-0.06891875898426361,-0.03022800281609963,2022,A0-DYNAMIC-OPPONENT-ADJUSTED-JOINT-SCORE-V1,5f148219527b07d85261d3f196ace97a5eb5646271d43596032a692389abc579,2c5cc1af74fc5f3955e44361b82b791710e4b63bbc69b0c15570617e2d86e543,0.50325,0.1792,47.3088,295.78426578657866,335.3625788178818,-21.0,22.0,24.0,71.0,2022,B0-POSSESSION-DRIVE-SCORE-PROCESS-V1,5f148219527b07d85261d3f196ace97a5eb5646271d43596032a692389abc579,2c5cc1af74fc5f3955e44361b82b791710e4b63bbc69b0c15570617e2d86e543,7.5,46.5,-0.3496908263242435,0.45032238672813524,7.1503091736757565,46.95032238672813,historical_closing_late_benchmark_exact_horizon_opaque,2022,C0-MARKET-RESIDUAL-MARGIN-TOTAL-V1,5f148219527b07d85261d3f196ace97a5eb5646271d43596032a692389abc579,2c5cc1af74fc5f3955e44361b82b791710e4b63bbc69b0c15570617e2d86e543,True
2023_08_NO_IND,2023,8,IND,NO,0.48311735016501106,-0.5690243790385132,38.1158003532413,13.668513425567635,0.19142404165921667,-0.7526838339695616,2022,A0-DYNAMIC-OPPONENT-ADJUSTED-JOINT-SCORE-V1,5f148219527b07d85261d3f196ace97a5eb5646271d43596032a692389abc579,2c5cc1af74fc5f3955e44361b82b791710e4b63bbc69b0c15570617e2d86e543,0.42219999999999996,-3.4346,47.6086,290.0385266926693,324.6332693669367,-25.0,18.0,26.0,71.0,2022,B0-POSSESSION-DRIVE-SCORE-PROCESS-V1,5f148219527b07d85261d3f196ace97a5eb5646271d43596032a692389abc579,2c5cc1af74fc5f3955e44361b82b791710e4b63bbc69b0c15570617e2d86e543,-2.0,43.5,0.1873006068172275,0.3903976142429625,-1.8126993931827724,43.890397614242964,historical_closing_late_benchmark_exact_horizon_opaque,2022,C0-MARKET-RESIDUAL-MARGIN-TOTAL-V1,5f148219527b07d85261d3f196ace97a5eb5646271d43596032a692389abc579,2c5cc1af74fc5f3955e44361b82b791710e4b63bbc69b0c15570617e2d86e543,True
2023_08_NYJ_NYG,2023,8,NYG,NYJ,0.5663051182425712,2.2445120731686536,36.448401230553216,13.668513425567635,0.4730025471895247,-0.3464987113039141,2022,A0-DYNAMIC-OPPONENT-ADJUSTED-JOINT-SCORE-V1,5f148219527b07d85261d3f196ace97a5eb5646271d43596032a692389abc579,2c5cc1af74fc5f3955e44361b82b791710e4b63bbc69b0c15570617e2d86e543,0.51685,0.7952,39.7344,233.51600856085608,262.9163482748275,-18.0,20.0,20.0,61.0,2022,B0-POSSESSION-DRIVE-SCORE-PROCESS-V1,5f148219527b07d85261d3f196ace97a5eb5646271d43596032a692389abc579,2c5cc1af74fc5f3955e44361b82b791710e4b63bbc69b0c15570617e2d86e543,-3.0,35.0,1.0166284503052228,-0.4072358388682151,-1.9833715496947772,34.59276416113178,historical_closing_late_benchmark_exact_horizon_opaque,2022,C0-MARKET-RESIDUAL-MARGIN-TOTAL-V1,5f148219527b07d85261d3f196ace97a5eb5646271d43596032a692389abc579,2c5cc1af74fc5f3955e44361b82b791710e4b63bbc69b0c15570617e2d86e543,True
2023_08_PHI_WAS,2023,8,WAS,PHI,0.4337289487632513,-2.243348092948928,41.2124723497661,13.668513425567635,-0.26864797312386796,0.15893669445704955,2022,A0-DYNAMIC-OPPONENT-ADJUSTED-JOINT-SCORE-V1,5f148219527b07d85261d3f196ace97a5eb5646271d43596032a692389abc579,2c5cc1af74fc5f3955e44361b82b791710e4b63bbc69b0c15570617e2d86e543,0.372,-5.4355,45.4961,284.13525327532756,324.7400587958795,-27.0,16.0,23.0,69.0,2022,B0-POSSESSION-DRIVE-SCORE-PROCESS-V1,5f148219527b07d85261d3f196ace97a5eb5646271d43596032a692389abc579,2c5cc1af74fc5f3955e44361b82b791710e4b63bbc69b0c15570617e2d86e543,-7.0,42.5,-0.1835166269028181,0.22988461273112037,-7.183516626902818,42.72988461273112,historical_closing_late_benchmark_exact_horizon_opaque,2022,C0-MARKET-RESIDUAL-MARGIN-TOTAL-V1,5f148219527b07d85261d3f196ace97a5eb5646271d43596032a692389abc579,2c5cc1af74fc5f3955e44361b82b791710e4b63bbc69b0c15570617e2d86e543,True
2023_08_TB_BUF,2023,8,BUF,TB,0.6882615469714841,6.599165559067966,47.29281916567683,13.668513425567635,0.44835390391825947,0.2186511593723459,2022,A0-DYNAMIC-OPPONENT-ADJUSTED-JOINT-SCORE-V1,5f148219527b07d85261d3f196ace97a5eb5646271d43596032a692389abc579,2c5cc1af74fc5f3955e44361b82b791710e4b63bbc69b0c15570617e2d86e543,0.65885,7.1861,51.1893,317.1259793879388,369.1467801880188,-15.0,30.0,27.0,76.0,2022,B0-POSSESSION-DRIVE-SCORE-PROCESS-V1,5f148219527b07d85261d3f196ace97a5eb5646271d43596032a692389abc579,2c5cc1af74fc5f3955e44361b82b791710e4b63bbc69b0c15570617e2d86e543,10.0,43.0,-0.4578999029687948,-0.21106154009362732,9.542100097031206,42.788938459906376,historical_closing_late_benchmark_exact_horizon_opaque,2022,C0-MARKET-RESIDUAL-MARGIN-TOTAL-V1,5f148219527b07d85261d3f196ace97a5eb5646271d43596032a692389abc579,2c5cc1af74fc5f3955e44361b82b791710e4b63bbc69b0c15570617e2d86e543,True
2023_09_ARI_CLE,2023,9,CLE,ARI,0.627754369700046,4.380971401829367,37.40017866124187,13.668513425567635,-0.01949192303046765,0.38338219139172713,2022,A0-DYNAMIC-OPPONENT-ADJUSTED-JOINT-SCORE-V1,5f148219527b07d85261d3f196ace97a5eb5646271d43596032a692389abc579,2c5cc1af74fc5f3955e44361b82b791710e4b63bbc69b0c15570617e2d86e543,0.522,1.1284,46.4628,292.85759919992,328.52746890689065,-21.0,23.0,24.0,71.0,2022,B0-POSSESSION-DRIVE-SCORE-PROCESS-V1,5f148219527b07d85261d3f196ace97a5eb5646271d43596032a692389abc579,2c5cc1af74fc5f3955e44361b82b791710e4b63bbc69b0c15570617e2d86e543,13.0,38.0,-0.7839018481008294,0.34683023282438524,12.216098151899171,38.34683023282439,historical_closing_late_benchmark_exact_horizon_opaque,2022,C0-MARKET-RESIDUAL-MARGIN-TOTAL-V1,5f148219527b07d85261d3f196ace97a5eb5646271d43596032a692389abc579,2c5cc1af74fc5f3955e44361b82b791710e4b63bbc69b0c15570617e2d86e543,True
2023_09_BUF_CIN,2023,9,CIN,BUF,0.4560713183168851,-1.483164147414417,48.62983383200442,13.668513425567635,-0.057397362169742616,0.04526533053553483,2022,A0-DYNAMIC-OPPONENT-ADJUSTED-JOINT-SCORE-V1,5f148219527b07d85261d3f196ace97a5eb5646271d43596032a692389abc579,2c5cc1af74fc5f3955e44361b82b791710e4b63bbc69b0c15570617e2d86e543,0.37445,-5.6017,51.1079,313.66162327232723,362.79693728372837,-28.0,17.0,28.0,76.0,2022,B0-POSSESSION-DRIVE-SCORE-PROCESS-V1,5f148219527b07d85261d3f196ace97a5eb5646271d43596032a692389abc579,2c5cc1af74fc5f3955e44361b82b791710e4b63bbc69b0c15570617e2d86e543,1.5,51.0,-0.08871917673176866,-0.15196458340850166,1.4112808232682315,50.8480354165915,historical_closing_late_benchmark_exact_horizon_opaque,2022,C0-MARKET-RESIDUAL-MARGIN-TOTAL-V1,5f148219527b07d85261d3f196ace97a5eb5646271d43596032a692389abc579,2c5cc1af74fc5f3955e44361b82b791710e4b63bbc69b0c15570617e2d86e543,True
2023_09_CHI_NO,2023,9,NO,CHI,0.669899091667223,5.90965936060913,37.76266664894578,13.668513425567635,-0.11013861707029923,0.7516154154305585,2022,A0-DYNAMIC-OPPONENT-ADJUSTED-JOINT-SCORE-V1,5f148219527b07d85261d3f196ace97a5eb5646271d43596032a692389abc579,2c5cc1af74fc5f3955e44361b82b791710e4b63bbc69b0c15570617e2d86e543,0.6833999999999999,7.4252,43.8224,266.5442593859386,301.21217945794575,-13.0,28.0,23.0,67.0,2022,B0-POSSESSION-DRIVE-SCORE-PROCESS-V1,5f148219527b07d85261d3f196ace97a5eb5646271d43596032a692389abc579,2c5cc1af74fc5f3955e44361b82b791710e4b63bbc69b0c15570617e2d86e543,9.0,42.0,-0.5153125263388236,0.6054931405430803,8.484687473661177,42.60549314054308,historical_closing_late_benchmark_exact_horizon_opaque,2022,C0-MARKET-RESIDUAL-MARGIN-TOTAL-V1,5f148219527b07d85261d3f196ace97a5eb5646271d43596032a692389abc579,2c5cc1af74fc5f3955e44361b82b791710e4b63bbc69b0c15570617e2d86e543,True
2023_09_DAL_PHI,2023,9,PHI,DAL,0.5636336759938538,2.1532862461380162,46.69068502246635,13.668513425567635,-0.07213740181533213,0.12128284631960418,2022,A0-DYNAMIC-OPPONENT-ADJUSTED-JOINT-SCORE-V1,5f148219527b07d85261d3f196ace97a5eb5646271d43596032a692389abc579,2c5cc1af74fc5f3955e44361b82b791710e4b63bbc69b0c15570617e2d86e543,0.50915,0.4609,51.8047,326.331504340434,377.8957474847484,-22.0,23.0,27.0,77.0,2022,B0-POSSESSION-DRIVE-SCORE-PROCESS-V1,5f148219527b07d85261d3f196ace97a5eb5646271d43596032a692389abc579,2c5cc1af74fc5f3955e44361b82b791710e4b63bbc69b0c15570617e2d86e543,3.5,46.5,-0.4345211525498247,-0.04305754457831322,3.0654788474501755,46.45694245542169,historical_closing_late_benchmark_exact_horizon_opaque,2022,C0-MARKET-RESIDUAL-MARGIN-TOTAL-V1,5f148219527b07d85261d3f196ace97a5eb5646271d43596032a692389abc579,2c5cc1af74fc5f3955e44361b82b791710e4b63bbc69b0c15570617e2d86e543,True
2023_09_IND_CAR,2023,9,CAR,IND,0.5672486038725131,2.2767552220406806,39.60258559625434,13.668513425567635,0.1801657660077698,0.5267851743270787,2022,A0-DYNAMIC-OPPONENT-ADJUSTED-JOINT-SCORE-V1,5f148219527b07d85261d3f196ace97a5eb5646271d43596032a692389abc579,2c5cc1af74fc5f3955e44361b82b791710e4b63bbc69b0c15570617e2d86e543,0.53335,1.633,49.1234,301.22143314331436,341.1656890089009,-20.0,24.0,27.0,74.0,2022,B0-POSSESSION-DRIVE-SCORE-PROCESS-V1,5f148219527b07d85261d3f196ace97a5eb5646271d43596032a692389abc579,2c5cc1af74fc5f3955e44361b82b791710e4b63bbc69b0c15570617e2d86e543,-1.5,45.0,-0.16775514840986788,0.5345821051221598,-1.6677551484098678,45.53458210512216,historical_closing_late_benchmark_exact_horizon_opaque,2022,C0-MARKET-RESIDUAL-MARGIN-TOTAL-V1,5f148219527b07d85261d3f196ace97a5eb5646271d43596032a692389abc579,2c5cc1af74fc5f3955e44361b82b791710e4b63bbc69b0c15570617e2d86e543,True
2023_09_LAC_NYJ,2023,9,NYJ,LAC,0.40756640250546106,-3.1429173201082214,38.68916984623948,13.668513425567635,-0.43183825994211356,0.2704214283865212,2022,A0-DYNAMIC-OPPONENT-ADJUSTED-JOINT-SCORE-V1,5f148219527b07d85261d3f196ace97a5eb5646271d43596032a692389abc579,2c5cc1af74fc5f3955e44361b82b791710e4b63bbc69b0c15570617e2d86e543,0.3908,-4.726,46.3022,283.12023602360233,314.29150431043104,-26.0,17.0,24.0,70.0,2022,B0-POSSESSION-DRIVE-SCORE-PROCESS-V1,5f148219527b07d85261d3f196ace97a5eb5646271d43596032a692389abc579,2c5cc1af74fc5f3955e44361b82b791710e4b63bbc69b0c15570617e2d86e543,-3.0,41.0,-0.4539021062970193,0.4343311141603468,-3.4539021062970194,41.434331114160344,historical_closing_late_benchmark_exact_horizon_opaque,2022,C0-MARKET-RESIDUAL-MARGIN-TOTAL-V1,5f148219527b07d85261d3f196ace97a5eb5646271d43596032a692389abc579,2c5cc1af74fc5f3955e44361b82b791710e4b63bbc69b0c15570617e2d86e543,True
2023_09_LA_GB,2023,9,GB,LA,0.588714613047827,3.014277218217675,43.032567407821574,13.668513425567635,0.10234476991535255,0.05586858717199895,2022,A0-DYNAMIC-OPPONENT-ADJUSTED-JOINT-SCORE-V1,5f148219527b07d85261d3f196ace97a5eb5646271d43596032a692389abc579,2c5cc1af74fc5f3955e44361b82b791710e4b63bbc69b0c15570617e2d86e543,0.51785,0.8072,50.0622,310.8095091109111,354.2095521152115,-21.0,23.0,27.0,75.0,2022,B0-POSSESSION-DRIVE-SCORE-PROCESS-V1,5f148219527b07d85261d3f196ace97a5eb5646271d43596032a692389abc579,2c5cc1af74fc5f3955e44361b82b791710e4b63bbc69b0c15570617e2d86e543,3.5,38.0,-0.36678306563149093,-0.17485616402869075,3.1332169343685092,37.82514383597131,historical_closing_late_benchmark_exact_horizon_opaque,2022,C0-MARKET-RESIDUAL-MARGIN-TOTAL-V1,5f148219527b07d85261d3f196ace97a5eb5646271d43596032a692389abc579,2c5cc1af74fc5f3955e44361b82b791710e4b63bbc69b0c15570617e2d86e543,True
2023_09_MIA_KC,2023,9,KC,MIA,0.6026588123221122,3.498135525100931,48.21892947369152,13.668513425567635,0.12039660661050376,0.16679268634640732,2022,A0-DYNAMIC-OPPONENT-ADJUSTED-JOINT-SCORE-V1,5f148219527b07d85261d3f196ace97a5eb5646271d43596032a692389abc579,2c5cc1af74fc5f3955e44361b82b791710e4b63bbc69b0c15570617e2d86e543,0.6460999999999999,6.9503,53.7585,330.4562755375537,399.3331110611061,-16.0,30.0,29.0,80.0,2022,B0-POSSESSION-DRIVE-SCORE-PROCESS-V1,5f148219527b07d85261d3f196ace97a5eb5646271d43596032a692389abc579,2c5cc1af74fc5f3955e44361b82b791710e4b63bbc69b0c15570617e2d86e543,1.0,51.0,-0.21570103176681446,0.240494967546534,0.7842989682331856,51.24049496754653,historical_closing_late_benchmark_exact_horizon_opaque,2022,C0-MARKET-RESIDUAL-MARGIN-TOTAL-V1,5f148219527b07d85261d3f196ace97a5eb5646271d43596032a692389abc579,2c5cc1af74fc5f3955e44361b82b791710e4b63bbc69b0c15570617e2d86e543,True
2023_09_MIN_ATL,2023,9,ATL,MIN,0.5288691380473913,0.9735851832360503,42.84864587022972,13.668513425567635,-0.2896062058139164,0.31289391378354003,2022,A0-DYNAMIC-OPPONENT-ADJUSTED-JOINT-SCORE-V1,5f148219527b07d85261d3f196ace97a5eb5646271d43596032a692389abc579,2c5cc1af74fc5f3955e44361b82b791710e4b63bbc69b0c15570617e2d86e543,0.52285,0.8811,50.3249,298.8334461346135,350.28136812681265,-21.0,23.0,27.0,75.0,2022,B0-POSSESSION-DRIVE-SCORE-PROCESS-V1,5f148219527b07d85261d3f196ace97a5eb5646271d43596032a692389abc579,2c5cc1af74fc5f3955e44361b82b791710e4b63bbc69b0c15570617e2d86e543,3.5,38.5,-0.5286683015881743,-0.18522948304951775,2.9713316984118254,38.31477051695048,historical_closing_late_benchmark_exact_horizon_opaque,2022,C0-MARKET-RESIDUAL-MARGIN-TOTAL-V1,5f148219527b07d85261d3f196ace97a5eb5646271d43596032a692389abc579,2c5cc1af74fc5f3955e44361b82b791710e4b63bbc69b0c15570617e2d86e543,True
2023_09_NYG_LV,2023,9,LV,NYG,0.5932965845454424,3.1728089004392075,38.82977173103406,13.668513425567635,-0.12922323725191256,-0.13298084188956688,2022,A0-DYNAMIC-OPPONENT-ADJUSTED-JOINT-SCORE-V1,5f148219527b07d85261d3f196ace97a5eb5646271d43596032a692389abc579,2c5cc1af74fc5f3955e44361b82b791710e4b63bbc69b0c15570617e2d86e543,0.60275,4.1701,46.1145,263.46411240124013,309.6857583258326,-16.0,25.0,24.0,70.0,2022,B0-POSSESSION-DRIVE-SCORE-PROCESS-V1,5f148219527b07d85261d3f196ace97a5eb5646271d43596032a692389abc579,2c5cc1af74fc5f3955e44361b82b791710e4b63bbc69b0c15570617e2d86e543,1.0,38.5,-0.09642292263710628,0.062476668386648775,0.9035770773628937,38.56247666838665,historical_closing_late_benchmark_exact_horizon_opaque,2022,C0-MARKET-RESIDUAL-MARGIN-TOTAL-V1,5f148219527b07d85261d3f196ace97a5eb5646271d43596032a692389abc579,2c5cc1af74fc5f3955e44361b82b791710e4b63bbc69b0c15570617e2d86e543,True
2023_09_SEA_BAL,2023,9,BAL,SEA,0.5502599974938488,1.6979963894689156,43.83768133059992,13.668513425567635,-0.25079402365253906,0.22183226529304967,2022,A0-DYNAMIC-OPPONENT-ADJUSTED-JOINT-SCORE-V1,5f148219527b07d85261d3f196ace97a5eb5646271d43596032a692389abc579,2c5cc1af74fc5f3955e44361b82b791710e4b63bbc69b0c15570617e2d86e543,0.5687,2.8892,47.569,288.6029836583658,333.2083598359836,-19.0,24.0,25.0,72.0,2022,B0-POSSESSION-DRIVE-SCORE-PROCESS-V1,5f148219527b07d85261d3f196ace97a5eb5646271d43596032a692389abc579,2c5cc1af74fc5f3955e44361b82b791710e4b63bbc69b0c15570617e2d86e543,6.0,44.5,-0.6052050807438349,0.2846534763361554,5.3947949192561655,44.78465347633615,historical_closing_late_benchmark_exact_horizon_opaque,2022,C0-MARKET-RESIDUAL-MARGIN-TOTAL-V1,5f148219527b07d85261d3f196ace97a5eb5646271d43596032a692389abc579,2c5cc1af74fc5f3955e44361b82b791710e4b63bbc69b0c15570617e2d86e543,True
2023_09_TB_HOU,2023,9,HOU,TB,0.49846103130061153,-0.05185509523906617,41.371347710082475,13.668513425567635,0.2057521888834917,-0.09659806704919227,2022,A0-DYNAMIC-OPPONENT-ADJUSTED-JOINT-SCORE-V1,5f148219527b07d85261d3f196ace97a5eb5646271d43596032a692389abc579,2c5cc1af74fc5f3955e44361b82b791710e4b63bbc69b0c15570617e2d86e543,0.45425,-1.9843,45.6071,276.58911242124213,309.42627221722177,-23.0,19.0,24.0,69.0,2022,B0-POSSESSION-DRIVE-SCORE-PROCESS-V1,5f148219527b07d85261d3f196ace97a5eb5646271d43596032a692389abc579,2c5cc1af74fc5f3955e44361b82b791710e4b63bbc69b0c15570617e2d86e543,2.5,39.5,-0.027455474455995,-0.17002505348814811,2.472544525544005,39.329974946511854,historical_closing_late_benchmark_exact_horizon_opaque,2022,C0-MARKET-RESIDUAL-MARGIN-TOTAL-V1,5f148219527b07d85261d3f196ace97a5eb5646271d43596032a692389abc579,2c5cc1af74fc5f3955e44361b82b791710e4b63bbc69b0c15570617e2d86e543,True
2023_09_TEN_PIT,2023,9,PIT,TEN,0.553144170895363,1.7960019290910338,39.68532439987574,13.668513425567635,0.23288065391817758,0.3120728859340851,2022,A0-DYNAMIC-OPPONENT-ADJUSTED-JOINT-SCORE-V1,5f148219527b07d85261d3f196ace97a5eb5646271d43596032a692389abc579,2c5cc1af74fc5f3955e44361b82b791710e4b63bbc69b0c15570617e2d86e543,0.5361,1.4588,43.4126,275.2992324832484,307.5923204720472,-20.0,22.0,22.0,67.0,2022,B0-POSSESSION-DRIVE-SCORE-PROCESS-V1,5f148219527b07d85261d3f196ace97a5eb5646271d43596032a692389abc579,2c5cc1af74fc5f3955e44361b82b791710e4b63bbc69b0c15570617e2d86e543,3.5,37.0,-0.4339148948935824,0.11249905626658872,3.0660851051064175,37.112499056266586,historical_closing_late_benchmark_exact_horizon_opaque,2022,C0-MARKET-RESIDUAL-MARGIN-TOTAL-V1,5f148219527b07d85261d3f196ace97a5eb5646271d43596032a692389abc579,2c5cc1af74fc5f3955e44361b82b791710e4b63bbc69b0c15570617e2d86e543,True
2023_09_WAS_NE,2023,9,NE,WAS,0.5111590573675027,0.3760492501419428,36.46790351377773,13.668513425567635,0.10275391198706801,-0.13712477798539602,2022,A0-DYNAMIC-OPPONENT-ADJUSTED-JOINT-SCORE-V1,5f148219527b07d85261d3f196ace97a5eb5646271d43596032a692389abc579,2c5cc1af74fc5f3955e44361b82b791710e4b63bbc69b0c15570617e2d86e543,0.64415,5.7959,41.8863,251.16856004600461,281.9335656665667,-14.0,26.0,21.0,64.0,2022,B0-POSSESSION-DRIVE-SCORE-PROCESS-V1,5f148219527b07d85261d3f196ace97a5eb5646271d43596032a692389abc579,2c5cc1af74fc5f3955e44361b82b791710e4b63bbc69b0c15570617e2d86e543,2.5,40.5,-0.46353879236903983,0.5255960516886952,2.03646120763096,41.025596051688694,historical_closing_late_benchmark_exact_horizon_opaque,2022,C0-MARKET-RESIDUAL-MARGIN-TOTAL-V1,5f148219527b07d85261d3f196ace97a5eb5646271d43596032a692389abc579,2c5cc1af74fc5f3955e44361b82b791710e4b63bbc69b0c15570617e2d86e543,True
2023_10_ATL_ARI,2023,10,ARI,ATL,0.4106565270804353,-3.0360098478795763,37.10912020889005,13.668513425567635,-0.07872084885003959,-0.21576792133991446,2022,A0-DYNAMIC-OPPONENT-ADJUSTED-JOINT-SCORE-V1,5f148219527b07d85261d3f196ace97a5eb5646271d43596032a692389abc579,2c5cc1af74fc5f3955e44361b82b791710e4b63bbc69b0c15570617e2d86e543,0.43775,-2.7012,49.5426,299.4330618661867,355.08789402940295,-24.0,19.0,27.0,74.0,2022,B0-POSSESSION-DRIVE-SCORE-PROCESS-V1,5f148219527b07d85261d3f196ace97a5eb5646271d43596032a692389abc579,2c5cc1af74fc5f3955e44361b82b791710e4b63bbc69b0c15570617e2d86e543,-2.0,43.5,-0.4502660322541632,0.7038655478918494,-2.450266032254163,44.20386554789185,historical_closing_late_benchmark_exact_horizon_opaque,2022,C0-MARKET-RESIDUAL-MARGIN-TOTAL-V1,5f148219527b07d85261d3f196ace97a5eb5646271d43596032a692389abc579,2c5cc1af74fc5f3955e44361b82b791710e4b63bbc69b0c15570617e2d86e543,True
2023_10_CAR_CHI,2023,10,CHI,CAR,0.5118961898837215,0.4008970282626585,37.55014656545943,13.668513425567635,-0.2614511905966872,-0.5257167557880758,2022,A0-DYNAMIC-OPPONENT-ADJUSTED-JOINT-SCORE-V1,5f148219527b07d85261d3f196ace97a5eb5646271d43596032a692389abc579,2c5cc1af74fc5f3955e44361b82b791710e4b63bbc69b0c15570617e2d86e543,0.51805,0.5457,43.0091,257.9465061606161,294.8957067606761,-20.0,21.0,22.0,66.0,2022,B0-POSSESSION-DRIVE-SCORE-PROCESS-V1,5f148219527b07d85261d3f196ace97a5eb5646271d43596032a692389abc579,2c5cc1af74fc5f3955e44361b82b791710e4b63bbc69b0c15570617e2d86e543,3.0,38.0,-0.5073833571062977,0.26154959916721887,2.492616642893702,38.26154959916722,historical_closing_late_benchmark_exact_horizon_opaque,2022,C0-MARKET-RESIDUAL-MARGIN-TOTAL-V1,5f148219527b07d85261d3f196ace97a5eb5646271d43596032a692389abc579,2c5cc1af74fc5f3955e44361b82b791710e4b63bbc69b0c15570617e2d86e543,True
2023_10_CLE_BAL,2023,10,BAL,CLE,0.6447629744837992,4.990010025591488,39.70334033841018,13.668513425567635,-0.16846831061926704,0.0758359090216369,2022,A0-DYNAMIC-OPPONENT-ADJUSTED-JOINT-SCORE-V1,5f148219527b07d85261d3f196ace97a5eb5646271d43596032a692389abc579,2c5cc1af74fc5f3955e44361b82b791710e4b63bbc69b0c15570617e2d86e543,0.70795,9.4718,47.0244,292.8178865486549,327.17452209220926,-12.0,32.0,25.0,71.0,2022,B0-POSSESSION-DRIVE-SCORE-PROCESS-V1,5f148219527b07d85261d3f196ace97a5eb5646271d43596032a692389abc579,2c5cc1af74fc5f3955e44361b82b791710e4b63bbc69b0c15570617e2d86e543,6.0,38.5,-0.4022028631454757,0.24923437127069775,5.597797136854524,38.749234371270695,historical_closing_late_benchmark_exact_horizon_opaque,2022,C0-MARKET-RESIDUAL-MARGIN-TOTAL-V1,5f148219527b07d85261d3f196ace97a5eb5646271d43596032a692389abc579,2c5cc1af74fc5f3955e44361b82b791710e4b63bbc69b0c15570617e2d86e543,True
2023_10_DEN_BUF,2023,10,BUF,DEN,0.7164425222943512,7.693051410856697,45.91003750821072,13.668513425567635,0.2181764648604481,0.19256602936454037,2022,A0-DYNAMIC-OPPONENT-ADJUSTED-JOINT-SCORE-V1,5f148219527b07d85261d3f196ace97a5eb5646271d43596032a692389abc579,2c5cc1af74fc5f3955e44361b82b791710e4b63bbc69b0c15570617e2d86e543,0.6897,8.2369,45.6047,274.67024541454145,321.2967675867587,-13.0,29.0,23.0,69.0,2022,B0-POSSESSION-DRIVE-SCORE-PROCESS-V1,5f148219527b07d85261d3f196ace97a5eb5646271d43596032a692389abc579,2c5cc1af74fc5f3955e44361b82b791710e4b63bbc69b0c15570617e2d86e543,7.5,47.5,0.767445117314551,-0.4779495204054267,8.267445117314551,47.022050479594576,historical_closing_late_benchmark_exact_horizon_opaque,2022,C0-MARKET-RESIDUAL-MARGIN-TOTAL-V1,5f148219527b07d85261d3f196ace97a5eb5646271d43596032a692389abc579,2c5cc1af74fc5f3955e44361b82b791710e4b63bbc69b0c15570617e2d86e543,True
2023_10_DET_LAC,2023,10,LAC,DET,0.5230331128556115,0.776523674026155,45.91695570038941,13.668513425567635,-0.1548627409504143,0.07794540487188426,2022,A0-DYNAMIC-OPPONENT-ADJUSTED-JOINT-SCORE-V1,5f148219527b07d85261d3f196ace97a5eb5646271d43596032a692389abc579,2c5cc1af74fc5f3955e44361b82b791710e4b63bbc69b0c15570617e2d86e543,0.58425,4.1374,55.7918,353.03302454245426,405.506203380338,-20.0,28.0,31.0,82.0,2022,B0-POSSESSION-DRIVE-SCORE-PROCESS-V1,5f148219527b07d85261d3f196ace97a5eb5646271d43596032a692389abc579,2c5cc1af74fc5f3955e44361b82b791710e4b63bbc69b0c15570617e2d86e543,-2.5,48.5,0.8363381260812527,-0.43105003996356717,-1.6636618739187474,48.068949960036434,historical_closing_late_benchmark_exact_horizon_opaque,2022,C0-MARKET-RESIDUAL-MARGIN-TOTAL-V1,5f148219527b07d85261d3f196ace97a5eb5646271d43596032a692389abc579,2c5cc1af74fc5f3955e44361b82b791710e4b63bbc69b0c15570617e2d86e543,True
2023_10_GB_PIT,2023,10,PIT,GB,0.5206701501695419,0.696784779578369,42.129554607393885,13.668513425567635,-0.0916755672552205,0.18665476364058603,2022,A0-DYNAMIC-OPPONENT-ADJUSTED-JOINT-SCORE-V1,5f148219527b07d85261d3f196ace97a5eb5646271d43596032a692389abc579,2c5cc1af74fc5f3955e44361b82b791710e4b63bbc69b0c15570617e2d86e543,0.50435,0.0044,43.3684,264.3668173217322,303.4966311031103,-21.0,21.0,22.0,66.10000000000036,2022,B0-POSSESSION-DRIVE-SCORE-PROCESS-V1,5f148219527b07d85261d3f196ace97a5eb5646271d43596032a692389abc579,2c5cc1af74fc5f3955e44361b82b791710e4b63bbc69b0c15570617e2d86e543,3.0,38.5,-0.9507753298107364,0.1976646564493959,2.049224670189264,38.6976646564494,historical_closing_late_benchmark_exact_horizon_opaque,2022,C0-MARKET-RESIDUAL-MARGIN-TOTAL-V1,5f148219527b07d85261d3f196ace97a5eb5646271d43596032a692389abc579,2c5cc1af74fc5f3955e44361b82b791710e4b63bbc69b0c15570617e2d86e543,True
2023_10_HOU_CIN,2023,10,CIN,HOU,0.6369282843678586,4.708270756033791,43.81038386849429,13.668513425567635,0.18520435286502518,0.360514556957073,2022,A0-DYNAMIC-OPPONENT-ADJUSTED-JOINT-SCORE-V1,5f148219527b07d85261d3f196ace97a5eb5646271d43596032a692389abc579,2c5cc1af74fc5f3955e44361b82b791710e4b63bbc69b0c15570617e2d86e543,0.5649000000000001,2.6241,46.6705,279.44734392439244,324.36896664666466,-18.0,24.0,24.0,71.0,2022,B0-POSSESSION-DRIVE-SCORE-PROCESS-V1,5f148219527b07d85261d3f196ace97a5eb5646271d43596032a692389abc579,2c5cc1af74fc5f3955e44361b82b791710e4b63bbc69b0c15570617e2d86e543,5.5,46.0,-0.37086163831566893,0.23004625135840023,5.129138361684331,46.2300462513584,historical_closing_late_benchmark_exact_horizon_opaque,2022,C0-MARKET-RESIDUAL-MARGIN-TOTAL-V1,5f148219527b07d85261d3f196ace97a5eb5646271d43596032a692389abc579,2c5cc1af74fc5f3955e44361b82b791710e4b63bbc69b0c15570617e2d86e543,True
2023_10_IND_NE,2023,10,NE,IND,0.545945686746748,1.5515608101941822,37.964039743527884,13.668513425567635,0.09592110202373316,0.4427035874599104,2022,A0-DYNAMIC-OPPONENT-ADJUSTED-JOINT-SCORE-V1,5f148219527b07d85261d3f196ace97a5eb5646271d43596032a692389abc579,2c5cc1af74fc5f3955e44361b82b791710e4b63bbc69b0c15570617e2d86e543,0.6235999999999999,5.1035,45.9345,274.3874264926493,314.8152912791279,-16.0,26.0,24.0,69.0,2022,B0-POSSESSION-DRIVE-SCORE-PROCESS-V1,5f148219527b07d85261d3f196ace97a5eb5646271d43596032a692389abc579,2c5cc1af74fc5f3955e44361b82b791710e4b63bbc69b0c15570617e2d86e543,-1.0,42.0,-0.2396811274805126,0.4899894004668128,-1.2396811274805126,42.48998940046681,historical_closing_late_benchmark_exact_horizon_opaque,2022,C0-MARKET-RESIDUAL-MARGIN-TOTAL-V1,5f148219527b07d85261d3f196ace97a5eb5646271d43596032a692389abc579,2c5cc1af74fc5f3955e44361b82b791710e4b63bbc69b0c15570617e2d86e543,True
2023_10_NO_MIN,2023,10,MIN,NO,0.551040705389332,1.7245160772204144,41.93222407824674,13.668513425567635,0.48757507946597356,-0.6031993368247646,2022,A0-DYNAMIC-OPPONENT-ADJUSTED-JOINT-SCORE-V1,5f148219527b07d85261d3f196ace97a5eb5646271d43596032a692389abc579,2c5cc1af74fc5f3955e44361b82b791710e4b63bbc69b0c15570617e2d86e543,0.46575,-1.2572,45.9962,273.11375953595365,317.4919347534754,-22.0,20.0,24.0,70.0,2022,B0-POSSESSION-DRIVE-SCORE-PROCESS-V1,5f148219527b07d85261d3f196ace97a5eb5646271d43596032a692389abc579,2c5cc1af74fc5f3955e44361b82b791710e4b63bbc69b0c15570617e2d86e543,-3.0,41.0,-0.06078885693398245,0.10902622241106741,-3.0607888569339825,41.10902622241107,historical_closing_late_benchmark_exact_horizon_opaque,2022,C0-MARKET-RESIDUAL-MARGIN-TOTAL-V1,5f148219527b07d85261d3f196ace97a5eb5646271d43596032a692389abc579,2c5cc1af74fc5f3955e44361b82b791710e4b63bbc69b0c15570617e2d86e543,True
2023_10_NYG_DAL,2023,10,DAL,NYG,0.7340951411548209,8.404685203552798,41.097775762528286,13.668513425567635,0.13298879948046946,-0.1337890888867594,2022,A0-DYNAMIC-OPPONENT-ADJUSTED-JOINT-SCORE-V1,5f148219527b07d85261d3f196ace97a5eb5646271d43596032a692389abc579,2c5cc1af74fc5f3955e44361b82b791710e4b63bbc69b0c15570617e2d86e543,0.7608,11.8207,47.6033,286.57320883088306,321.18424753475347,-9.0,34.0,26.0,71.0,2022,B0-POSSESSION-DRIVE-SCORE-PROCESS-V1,5f148219527b07d85261d3f196ace97a5eb5646271d43596032a692389abc579,2c5cc1af74fc5f3955e44361b82b791710e4b63bbc69b0c15570617e2d86e543,17.5,38.5,-0.7451576403083877,-0.09962059087999116,16.75484235969161,38.400379409120006,historical_closing_late_benchmark_exact_horizon_opaque,2022,C0-MARKET-RESIDUAL-MARGIN-TOTAL-V1,5f148219527b07d85261d3f196ace97a5eb5646271d43596032a692389abc579,2c5cc1af74fc5f3955e44361b82b791710e4b63bbc69b0c15570617e2d86e543,True
2023_10_NYJ_LV,2023,10,LV,NYJ,0.6196814030856963,4.095090223636642,36.20128909569925,13.668513425567635,0.34377930993761213,-0.4794795531934809,2022,A0-DYNAMIC-OPPONENT-ADJUSTED-JOINT-SCORE-V1,5f148219527b07d85261d3f196ace97a5eb5646271d43596032a692389abc579,2c5cc1af74fc5f3955e44361b82b791710e4b63bbc69b0c15570617e2d86e543,0.5943999999999999,4.0018,44.9056,266.84828158815884,308.70715935593563,-17.0,25.0,23.0,69.0,2022,B0-POSSESSION-DRIVE-SCORE-PROCESS-V1,5f148219527b07d85261d3f196ace97a5eb5646271d43596032a692389abc579,2c5cc1af74fc5f3955e44361b82b791710e4b63bbc69b0c15570617e2d86e543,-1.0,35.5,-0.1911967374228249,0.38103593766350086,-1.191196737422825,35.8810359376635,historical_closing_late_benchmark_exact_horizon_opaque,2022,C0-MARKET-RESIDUAL-MARGIN-TOTAL-V1,5f148219527b07d85261d3f196ace97a5eb5646271d43596032a692389abc579,2c5cc1af74fc5f3955e44361b82b791710e4b63bbc69b0c15570617e2d86e543,True
2023_10_SF_JAX,2023,10,JAX,SF,0.43680695917880574,-2.1382488382310854,47.66937196292869,13.668513425567635,-0.16319064483524523,-0.07915446083220803,2022,A0-DYNAMIC-OPPONENT-ADJUSTED-JOINT-SCORE-V1,5f148219527b07d85261d3f196ace97a5eb5646271d43596032a692389abc579,2c5cc1af74fc5f3955e44361b82b791710e4b63bbc69b0c15570617e2d86e543,0.42595,-3.3319,48.6349,302.62780517051704,349.04130612061203,-25.0,18.100000000000364,26.0,74.0,2022,B0-POSSESSION-DRIVE-SCORE-PROCESS-V1,5f148219527b07d85261d3f196ace97a5eb5646271d43596032a692389abc579,2c5cc1af74fc5f3955e44361b82b791710e4b63bbc69b0c15570617e2d86e543,-3.0,44.5,-0.3602178695206909,-0.25614310766010434,-3.360217869520691,44.2438568923399,historical_closing_late_benchmark_exact_horizon_opaque,2022,C0-MARKET-RESIDUAL-MARGIN-TOTAL-V1,5f148219527b07d85261d3f196ace97a5eb5646271d43596032a692389abc579,2c5cc1af74fc5f3955e44361b82b791710e4b63bbc69b0c15570617e2d86e543,True
2023_10_TEN_TB,2023,10,TB,TEN,0.5864578904338459,2.9363520419969262,41.89765789056534,13.668513425567635,0.08281743845781517,-0.07203533019008368,2022,A0-DYNAMIC-OPPONENT-ADJUSTED-JOINT-SCORE-V1,5f148219527b07d85261d3f196ace97a5eb5646271d43596032a692389abc579,2c5cc1af74fc5f3955e44361b82b791710e4b63bbc69b0c15570617e2d86e543,0.5184000000000001,0.784,48.8348,299.2542694269427,354.2967386338634,-21.0,23.0,26.0,74.0,2022,B0-POSSESSION-DRIVE-SCORE-PROCESS-V1,5f148219527b07d85261d3f196ace97a5eb5646271d43596032a692389abc579,2c5cc1af74fc5f3955e44361b82b791710e4b63bbc69b0c15570617e2d86e543,2.5,39.5,0.1339666854650532,-0.13651282069019083,2.633966685465053,39.36348717930981,historical_closing_late_benchmark_exact_horizon_opaque,2022,C0-MARKET-RESIDUAL-MARGIN-TOTAL-V1,5f148219527b07d85261d3f196ace97a5eb5646271d43596032a692389abc579,2c5cc1af74fc5f3955e44361b82b791710e4b63bbc69b0c15570617e2d86e543,True
2023_10_WAS_SEA,2023,10,SEA,WAS,0.5837883582683248,2.844299472962973,39.77686017633573,13.668513425567635,-0.002509416891059879,-0.09583204073656951,2022,A0-DYNAMIC-OPPONENT-ADJUSTED-JOINT-SCORE-V1,5f148219527b07d85261d3f196ace97a5eb5646271d43596032a692389abc579,2c5cc1af74fc5f3955e44361b82b791710e4b63bbc69b0c15570617e2d86e543,0.6263,5.5154,45.3982,279.84594743474355,321.7740141614161,-15.0,27.0,24.0,69.0,2022,B0-POSSESSION-DRIVE-SCORE-PROCESS-V1,5f148219527b07d85261d3f196ace97a5eb5646271d43596032a692389abc579,2c5cc1af74fc5f3955e44361b82b791710e4b63bbc69b0c15570617e2d86e543,6.0,44.0,-0.5061670982272248,0.5146707111179171,5.493832901772775,44.514670711117915,historical_closing_late_benchmark_exact_horizon_opaque,2022,C0-MARKET-RESIDUAL-MARGIN-TOTAL-V1,5f148219527b07d85261d3f196ace97a5eb5646271d43596032a692389abc579,2c5cc1af74fc5f3955e44361b82b791710e4b63bbc69b0c15570617e2d86e543,True
2023_11_ARI_HOU,2023,11,HOU,ARI,0.6700755016588349,5.916207232448613,38.63867023956077,13.668513425567635,0.13777931006301636,-0.0214195858080658,2022,A0-DYNAMIC-OPPONENT-ADJUSTED-JOINT-SCORE-V1,5f148219527b07d85261d3f196ace97a5eb5646271d43596032a692389abc579,2c5cc1af74fc5f3955e44361b82b791710e4b63bbc69b0c15570617e2d86e543,0.5394500000000001,1.6127,45.6389,280.9175904690469,323.0250092909291,-20.0,23.0,24.0,70.0,2022,B0-POSSESSION-DRIVE-SCORE-PROCESS-V1,5f148219527b07d85261d3f196ace97a5eb5646271d43596032a692389abc579,2c5cc1af74fc5f3955e44361b82b791710e4b63bbc69b0c15570617e2d86e543,5.5,48.0,-0.29280435750489253,0.8560873985302954,5.207195642495107,48.85608739853029,historical_closing_late_benchmark_exact_horizon_opaque,2022,C0-MARKET-RESIDUAL-MARGIN-TOTAL-V1,5f148219527b07d85261d3f196ace97a5eb5646271d43596032a692389abc579,2c5cc1af74fc5f3955e44361b82b791710e4b63bbc69b0c15570617e2d86e543,True
2023_11_CHI_DET,2023,11,DET,CHI,0.7249339302388825,8.032554933446463,42.663885928824,13.668513425567635,0.3959476437873164,0.4304613730619177,2022,A0-DYNAMIC-OPPONENT-ADJUSTED-JOINT-SCORE-V1,5f148219527b07d85261d3f196ace97a5eb5646271d43596032a692389abc579,2c5cc1af74fc5f3955e44361b82b791710e4b63bbc69b0c15570617e2d86e543,0.58485,3.6991,48.8617,297.0664658365837,348.52122523252325,-18.0,25.0,26.0,74.0,2022,B0-POSSESSION-DRIVE-SCORE-PROCESS-V1,5f148219527b07d85261d3f196ace97a5eb5646271d43596032a692389abc579,2c5cc1af74fc5f3955e44361b82b791710e4b63bbc69b0c15570617e2d86e543,8.0,48.0,0.16659022794399325,0.2037450859475174,8.166590227943994,48.20374508594752,historical_closing_late_benchmark_exact_horizon_opaque,2022,C0-MARKET-RESIDUAL-MARGIN-TOTAL-V1,5f148219527b07d85261d3f196ace97a5eb5646271d43596032a692389abc579,2c5cc1af74fc5f3955e44361b82b791710e4b63bbc69b0c15570617e2d86e543,True
2023_11_CIN_BAL,2023,11,BAL,CIN,0.5504502024499739,1.7044568052259201,44.524449258366815,13.668513425567635,-0.5109438965777762,0.12012312926435686,2022,A0-DYNAMIC-OPPONENT-ADJUSTED-JOINT-SCORE-V1,5f148219527b07d85261d3f196ace97a5eb5646271d43596032a692389abc579,2c5cc1af74fc5f3955e44361b82b791710e4b63bbc69b0c15570617e2d86e543,0.6822,8.1138,49.3582,298.14086364636466,348.7245652165217,-14.0,30.0,27.0,74.0,2022,B0-POSSESSION-DRIVE-SCORE-PROCESS-V1,5f148219527b07d85261d3f196ace97a5eb5646271d43596032a692389abc579,2c5cc1af74fc5f3955e44361b82b791710e4b63bbc69b0c15570617e2d86e543,4.0,46.5,-0.525007249493993,0.2965765561918537,3.474992750506007,46.79657655619185,historical_closing_late_benchmark_exact_horizon_opaque,2022,C0-MARKET-RESIDUAL-MARGIN-TOTAL-V1,5f148219527b07d85261d3f196ace97a5eb5646271d43596032a692389abc579,2c5cc1af74fc5f3955e44361b82b791710e4b63bbc69b0c15570617e2d86e543,True
2023_11_DAL_CAR,2023,11,CAR,DAL,0.37561292628089077,-4.261494642809758,42.56810747942554,13.668513425567635,-0.15378679896809544,0.22717634965842606,2022,A0-DYNAMIC-OPPONENT-ADJUSTED-JOINT-SCORE-V1,5f148219527b07d85261d3f196ace97a5eb5646271d43596032a692389abc579,2c5cc1af74fc5f3955e44361b82b791710e4b63bbc69b0c15570617e2d86e543,0.351,-6.7033,49.9673,303.33720283028305,362.12464317431744,-29.0,15.0,27.0,75.0,2022,B0-POSSESSION-DRIVE-SCORE-PROCESS-V1,5f148219527b07d85261d3f196ace97a5eb5646271d43596032a692389abc579,2c5cc1af74fc5f3955e44361b82b791710e4b63bbc69b0c15570617e2d86e543,-11.0,43.0,-0.5453799126503992,0.34840468363201427,-11.545379912650398,43.34840468363201,historical_closing_late_benchmark_exact_horizon_opaque,2022,C0-MARKET-RESIDUAL-MARGIN-TOTAL-V1,5f148219527b07d85261d3f196ace97a5eb5646271d43596032a692389abc579,2c5cc1af74fc5f3955e44361b82b791710e4b63bbc69b0c15570617e2d86e543,True
2023_11_LAC_GB,2023,11,GB,LAC,0.5154681920813653,0.5213255235568397,45.202714358340494,13.668513425567635,-0.058209591210076135,0.009767226840326805,2022,A0-DYNAMIC-OPPONENT-ADJUSTED-JOINT-SCORE-V1,5f148219527b07d85261d3f196ace97a5eb5646271d43596032a692389abc579,2c5cc1af74fc5f3955e44361b82b791710e4b63bbc69b0c15570617e2d86e543,0.5465000000000001,2.2887,52.3849,330.74882719271926,380.497001690169,-21.0,25.0,29.0,78.0,2022,B0-POSSESSION-DRIVE-SCORE-PROCESS-V1,5f148219527b07d85261d3f196ace97a5eb5646271d43596032a692389abc579,2c5cc1af74fc5f3955e44361b82b791710e4b63bbc69b0c15570617e2d86e543,-3.0,44.0,-0.1994037009402207,0.003769376521692111,-3.1994037009402208,44.00376937652169,historical_closing_late_benchmark_exact_horizon_opaque,2022,C0-MARKET-RESIDUAL-MARGIN-TOTAL-V1,5f148219527b07d85261d3f196ace97a5eb5646271d43596032a692389abc579,2c5cc1af74fc5f3955e44361b82b791710e4b63bbc69b0c15570617e2d86e543,True
2023_11_LV_MIA,2023,11,MIA,LV,0.6775621299345482,6.195413096658019,43.74449652864213,13.668513425567635,-0.04473818520401364,0.11205851297796557,2022,A0-DYNAMIC-OPPONENT-ADJUSTED-JOINT-SCORE-V1,5f148219527b07d85261d3f196ace97a5eb5646271d43596032a692389abc579,2c5cc1af74fc5f3955e44361b82b791710e4b63bbc69b0c15570617e2d86e543,0.6183000000000001,5.2604,52.6138,320.43303514351436,380.34648420842086,-17.0,28.0,29.0,78.0,2022,B0-POSSESSION-DRIVE-SCORE-PROCESS-V1,5f148219527b07d85261d3f196ace97a5eb5646271d43596032a692389abc579,2c5cc1af74fc5f3955e44361b82b791710e4b63bbc69b0c15570617e2d86e543,14.0,44.5,-1.779051369672854,0.8070513987930025,12.220948630327147,45.307051398793,historical_closing_late_benchmark_exact_horizon_opaque,2022,C0-MARKET-RESIDUAL-MARGIN-TOTAL-V1,5f148219527b07d85261d3f196ace97a5eb5646271d43596032a692389abc579,2c5cc1af74fc5f3955e44361b82b791710e4b63bbc69b0c15570617e2d86e543,True
2023_11_MIN_DEN,2023,11,DEN,MIN,0.4738294060581615,-0.8824416467062761,42.96056498565047,13.668513425567635,-0.2061224944266199,0.19838960369255754,2022,A0-DYNAMIC-OPPONENT-ADJUSTED-JOINT-SCORE-V1,5f148219527b07d85261d3f196ace97a5eb5646271d43596032a692389abc579,2c5cc1af74fc5f3955e44361b82b791710e4b63bbc69b0c15570617e2d86e543,0.43839999999999996,-2.4789,42.2543,255.0536601560156,287.4415756675668,-23.0,17.0,22.0,65.0,2022,B0-POSSESSION-DRIVE-SCORE-PROCESS-V1,5f148219527b07d85261d3f196ace97a5eb5646271d43596032a692389abc579,2c5cc1af74fc5f3955e44361b82b791710e4b63bbc69b0c15570617e2d86e543,2.5,43.5,-0.424135311224193,0.02284897426301777,2.075864688775807,43.52284897426302,historical_closing_late_benchmark_exact_horizon_opaque,2022,C0-MARKET-RESIDUAL-MARGIN-TOTAL-V1,5f148219527b07d85261d3f196ace97a5eb5646271d43596032a692389abc579,2c5cc1af74fc5f3955e44361b82b791710e4b63bbc69b0c15570617e2d86e543,True
2023_11_NYG_WAS,2023,11,WAS,NYG,0.6682514428987765,5.848570407126235,36.995201482274126,13.668513425567635,-0.20779657545873062,0.14643045188989434,2022,A0-DYNAMIC-OPPONENT-ADJUSTED-JOINT-SCORE-V1,5f148219527b07d85261d3f196ace97a5eb5646271d43596032a692389abc579,2c5cc1af74fc5f3955e44361b82b791710e4b63bbc69b0c15570617e2d86e543,0.63515,5.5494,42.472,259.26928656865687,284.6500810081008,-14.0,26.0,22.0,65.0,2022,B0-POSSESSION-DRIVE-SCORE-PROCESS-V1,5f148219527b07d85261d3f196ace97a5eb5646271d43596032a692389abc579,2c5cc1af74fc5f3955e44361b82b791710e4b63bbc69b0c15570617e2d86e543,7.5,39.0,-0.43320702191994626,0.35750874499409935,7.066792978080054,39.3575087449941,historical_closing_late_benchmark_exact_horizon_opaque,2022,C0-MARKET-RESIDUAL-MARGIN-TOTAL-V1,5f148219527b07d85261d3f196ace97a5eb5646271d43596032a692389abc579,2c5cc1af74fc5f3955e44361b82b791710e4b63bbc69b0c15570617e2d86e543,True
2023_11_NYJ_BUF,2023,11,BUF,NYJ,0.756126581266046,9.327507685293103,40.58345262100781,13.668513425567635,0.5802437899347139,-0.23945649465743124,2022,A0-DYNAMIC-OPPONENT-ADJUSTED-JOINT-SCORE-V1,5f148219527b07d85261d3f196ace97a5eb5646271d43596032a692389abc579,2c5cc1af74fc5f3955e44361b82b791710e4b63bbc69b0c15570617e2d86e543,0.7441,10.8022,45.8342,280.9529704570457,318.2119315531553,-10.0,32.0,24.0,70.0,2022,B0-POSSESSION-DRIVE-SCORE-PROCESS-V1,5f148219527b07d85261d3f196ace97a5eb5646271d43596032a692389abc579,2c5cc1af74fc5f3955e44361b82b791710e4b63bbc69b0c15570617e2d86e543,8.0,39.5,-0.022137095443714894,0.05703121097046025,7.977862904556285,39.55703121097046,historical_closing_late_benchmark_exact_horizon_opaque,2022,C0-MARKET-RESIDUAL-MARGIN-TOTAL-V1,5f148219527b07d85261d3f196ace97a5eb5646271d43596032a692389abc579,2c5cc1af74fc5f3955e44361b82b791710e4b63bbc69b0c15570617e2d86e543,True
2023_11_PHI_KC,2023,11,KC,PHI,0.5890082938309862,3.0244254836298197,48.77317072691016,13.668513425567635,-0.11441621351055979,0.15837660000196124,2022,A0-DYNAMIC-OPPONENT-ADJUSTED-JOINT-SCORE-V1,5f148219527b07d85261d3f196ace97a5eb5646271d43596032a692389abc579,2c5cc1af74fc5f3955e44361b82b791710e4b63bbc69b0c15570617e2d86e543,0.5773,3.7045,52.0965,329.6387436243624,381.2863163816382,-19.0,26.0,28.0,78.0,2022,B0-POSSESSION-DRIVE-SCORE-PROCESS-V1,5f148219527b07d85261d3f196ace97a5eb5646271d43596032a692389abc579,2c5cc1af74fc5f3955e44361b82b791710e4b63bbc69b0c15570617e2d86e543,2.5,46.0,-0.3390183666881897,-0.19227978571137144,2.16098163331181,45.80772021428863,historical_closing_late_benchmark_exact_horizon_opaque,2022,C0-MARKET-RESIDUAL-MARGIN-TOTAL-V1,5f148219527b07d85261d3f196ace97a5eb5646271d43596032a692389abc579,2c5cc1af74fc5f3955e44361b82b791710e4b63bbc69b0c15570617e2d86e543,True
2023_11_PIT_CLE,2023,11,CLE,PIT,0.5315725922103345,1.0649394641367103,38.46181612858689,13.668513425567635,-0.10158225967035472,-0.07590450597356807,2022,A0-DYNAMIC-OPPONENT-ADJUSTED-JOINT-SCORE-V1,5f148219527b07d85261d3f196ace97a5eb5646271d43596032a692389abc579,2c5cc1af74fc5f3955e44361b82b791710e4b63bbc69b0c15570617e2d86e543,0.47735,-0.9379,42.6843,261.60000359035905,295.2739609060906,-21.0,19.0,21.0,65.0,2022,B0-POSSESSION-DRIVE-SCORE-PROCESS-V1,5f148219527b07d85261d3f196ace97a5eb5646271d43596032a692389abc579,2c5cc1af74fc5f3955e44361b82b791710e4b63bbc69b0c15570617e2d86e543,2.5,34.0,-0.44395561166915115,-0.014107984511941563,2.056044388330849,33.985892015488055,historical_closing_late_benchmark_exact_horizon_opaque,2022,C0-MARKET-RESIDUAL-MARGIN-TOTAL-V1,5f148219527b07d85261d3f196ace97a5eb5646271d43596032a692389abc579,2c5cc1af74fc5f3955e44361b82b791710e4b63bbc69b0c15570617e2d86e543,True
2023_11_SEA_LA,2023,11,LA,SEA,0.49107064724004024,-0.3008962806421849,41.076074413280104,13.668513425567635,0.00858734397695067,-0.020622488567604135,2022,A0-DYNAMIC-OPPONENT-ADJUSTED-JOINT-SCORE-V1,5f148219527b07d85261d3f196ace97a5eb5646271d43596032a692389abc579,2c5cc1af74fc5f3955e44361b82b791710e4b63bbc69b0c15570617e2d86e543,0.49285,-0.4195,48.6715,298.20274002400237,349.00408815881593,-22.0,21.0,26.0,73.0,2022,B0-POSSESSION-DRIVE-SCORE-PROCESS-V1,5f148219527b07d85261d3f196ace97a5eb5646271d43596032a692389abc579,2c5cc1af74fc5f3955e44361b82b791710e4b63bbc69b0c15570617e2d86e543,2.5,45.0,-1.5718470279799117,1.0883453076084215,0.9281529720200883,46.08834530760842,historical_closing_late_benchmark_exact_horizon_opaque,2022,C0-MARKET-RESIDUAL-MARGIN-TOTAL-V1,5f148219527b07d85261d3f196ace97a5eb5646271d43596032a692389abc579,2c5cc1af74fc5f3955e44361b82b791710e4b63bbc69b0c15570617e2d86e543,True
2023_11_TB_SF,2023,11,SF,TB,0.7061993473290207,7.2899157475627625,47.409097128707884,13.668513425567635,0.5459917250223653,0.3664422698217622,2022,A0-DYNAMIC-OPPONENT-ADJUSTED-JOINT-SCORE-V1,5f148219527b07d85261d3f196ace97a5eb5646271d43596032a692389abc579,2c5cc1af74fc5f3955e44361b82b791710e4b63bbc69b0c15570617e2d86e543,0.64095,6.4376,50.9452,317.76348258825885,368.49184614461444,-16.0,29.0,27.0,77.0,2022,B0-POSSESSION-DRIVE-SCORE-PROCESS-V1,5f148219527b07d85261d3f196ace97a5eb5646271d43596032a692389abc579,2c5cc1af74fc5f3955e44361b82b791710e4b63bbc69b0c15570617e2d86e543,13.5,41.5,-0.5887596188433867,-0.34092810556423725,12.911240381156613,41.15907189443576,historical_closing_late_benchmark_exact_horizon_opaque,2022,C0-MARKET-RESIDUAL-MARGIN-TOTAL-V1,5f148219527b07d85261d3f196ace97a5eb5646271d43596032a692389abc579,2c5cc1af74fc5f3955e44361b82b791710e4b63bbc69b0c15570617e2d86e543,True
2023_11_TEN_JAX,2023,11,JAX,TEN,0.5987127854286131,3.360776775294749,40.55760193938296,13.668513425567635,0.4656185186449352,0.21525247879947046,2022,A0-DYNAMIC-OPPONENT-ADJUSTED-JOINT-SCORE-V1,5f148219527b07d85261d3f196ace97a5eb5646271d43596032a692389abc579,2c5cc1af74fc5f3955e44361b82b791710e4b63bbc69b0c15570617e2d86e543,0.50105,0.0652,46.2016,291.2124702070207,322.30758819881993,-21.0,21.0,24.0,70.0,2022,B0-POSSESSION-DRIVE-SCORE-PROCESS-V1,5f148219527b07d85261d3f196ace97a5eb5646271d43596032a692389abc579,2c5cc1af74fc5f3955e44361b82b791710e4b63bbc69b0c15570617e2d86e543,6.5,40.0,-0.4690707494893731,0.1782221792287331,6.030929250510627,40.17822217922873,historical_closing_late_benchmark_exact_horizon_opaque,2022,C0-MARKET-RESIDUAL-MARGIN-TOTAL-V1,5f148219527b07d85261d3f196ace97a5eb5646271d43596032a692389abc579,2c5cc1af74fc5f3955e44361b82b791710e4b63bbc69b0c15570617e2d86e543,True
2023_12_BAL_LAC,2023,12,LAC,BAL,0.5416952078183818,1.4074717264129077,44.78495577143449,13.668513425567635,0.4199357287549184,-0.19635339352898168,2022,A0-DYNAMIC-OPPONENT-ADJUSTED-JOINT-SCORE-V1,5f148219527b07d85261d3f196ace97a5eb5646271d43596032a692389abc579,2c5cc1af74fc5f3955e44361b82b791710e4b63bbc69b0c15570617e2d86e543,0.43745,-3.2242,52.5804,322.632597619762,380.2989657365737,-26.0,19.0,29.0,79.0,2022,B0-POSSESSION-DRIVE-SCORE-PROCESS-V1,5f148219527b07d85261d3f196ace97a5eb5646271d43596032a692389abc579,2c5cc1af74fc5f3955e44361b82b791710e4b63bbc69b0c15570617e2d86e543,-3.0,49.0,0.3545821101115617,0.19683720724716125,-2.645417889888438,49.196837207247164,historical_closing_late_benchmark_exact_horizon_opaque,2022,C0-MARKET-RESIDUAL-MARGIN-TOTAL-V1,5f148219527b07d85261d3f196ace97a5eb5646271d43596032a692389abc579,2c5cc1af74fc5f3955e44361b82b791710e4b63bbc69b0c15570617e2d86e543,True
2023_12_BUF_PHI,2023,12,PHI,BUF,0.5124683876038536,0.42018600903156766,48.48336714549891,13.668513425567635,-0.04638984508005195,-0.11954845921363805,2022,A0-DYNAMIC-OPPONENT-ADJUSTED-JOINT-SCORE-V1,5f148219527b07d85261d3f196ace97a5eb5646271d43596032a692389abc579,2c5cc1af74fc5f3955e44361b82b791710e4b63bbc69b0c15570617e2d86e543,0.49855,-0.1801,50.3023,323.66403039303935,371.2018348934893,-23.0,23.0,27.0,75.0,2022,B0-POSSESSION-DRIVE-SCORE-PROCESS-V1,5f148219527b07d85261d3f196ace97a5eb5646271d43596032a692389abc579,2c5cc1af74fc5f3955e44361b82b791710e4b63bbc69b0c15570617e2d86e543,2.5,49.0,-0.3239955305329851,-0.10116548613146538,2.176004469467015,48.898834513868536,historical_closing_late_benchmark_exact_horizon_opaque,2022,C0-MARKET-RESIDUAL-MARGIN-TOTAL-V1,5f148219527b07d85261d3f196ace97a5eb5646271d43596032a692389abc579,2c5cc1af74fc5f3955e44361b82b791710e4b63bbc69b0c15570617e2d86e543,True
2023_12_CAR_TEN,2023,12,TEN,CAR,0.6163597035448224,3.978004730031696,38.263322246408165,13.668513425567635,-0.4031321001432594,-0.13296087330744605,2022,A0-DYNAMIC-OPPONENT-ADJUSTED-JOINT-SCORE-V1,5f148219527b07d85261d3f196ace97a5eb5646271d43596032a692389abc579,2c5cc1af74fc5f3955e44361b82b791710e4b63bbc69b0c15570617e2d86e543,0.5717,2.912,45.3064,278.8759435943594,320.65878491849185,-18.0,24.0,23.0,69.0,2022,B0-POSSESSION-DRIVE-SCORE-PROCESS-V1,5f148219527b07d85261d3f196ace97a5eb5646271d43596032a692389abc579,2c5cc1af74fc5f3955e44361b82b791710e4b63bbc69b0c15570617e2d86e543,3.5,36.0,-0.35033246832172454,0.11562068774508139,3.1496675316782756,36.11562068774508,historical_closing_late_benchmark_exact_horizon_opaque,2022,C0-MARKET-RESIDUAL-MARGIN-TOTAL-V1,5f148219527b07d85261d3f196ace97a5eb5646271d43596032a692389abc579,2c5cc1af74fc5f3955e44361b82b791710e4b63bbc69b0c15570617e2d86e543,True
2023_12_CHI_MIN,2023,12,MIN,CHI,0.6730351996334802,6.026274476384803,41.37928876243697,13.668513425567635,0.3774364623956743,0.14841607860579398,2022,A0-DYNAMIC-OPPONENT-ADJUSTED-JOINT-SCORE-V1,5f148219527b07d85261d3f196ace97a5eb5646271d43596032a692389abc579,2c5cc1af74fc5f3955e44361b82b791710e4b63bbc69b0c15570617e2d86e543,0.6081500000000001,4.4317,43.3697,258.3433694469447,301.98802071207126,-16.0,24.0,22.0,66.0,2022,B0-POSSESSION-DRIVE-SCORE-PROCESS-V1,5f148219527b07d85261d3f196ace97a5eb5646271d43596032a692389abc579,2c5cc1af74fc5f3955e44361b82b791710e4b63bbc69b0c15570617e2d86e543,3.0,43.5,-0.14534187868058973,0.27591134315913374,2.85465812131941,43.77591134315913,historical_closing_late_benchmark_exact_horizon_opaque,2022,C0-MARKET-RESIDUAL-MARGIN-TOTAL-V1,5f148219527b07d85261d3f196ace97a5eb5646271d43596032a692389abc579,2c5cc1af74fc5f3955e44361b82b791710e4b63bbc69b0c15570617e2d86e543,True
2023_12_CLE_DEN,2023,12,DEN,CLE,0.5353892121580938,1.193994277551326,38.44212044663342,13.668513425567635,0.18169648326780372,-0.2821185801427952,2022,A0-DYNAMIC-OPPONENT-ADJUSTED-JOINT-SCORE-V1,5f148219527b07d85261d3f196ace97a5eb5646271d43596032a692389abc579,2c5cc1af74fc5f3955e44361b82b791710e4b63bbc69b0c15570617e2d86e543,0.5382,1.4569,40.1675,246.47679006900688,276.91433518351835,-18.0,21.0,20.0,62.0,2022,B0-POSSESSION-DRIVE-SCORE-PROCESS-V1,5f148219527b07d85261d3f196ace97a5eb5646271d43596032a692389abc579,2c5cc1af74fc5f3955e44361b82b791710e4b63bbc69b0c15570617e2d86e543,1.5,37.5,-0.35435252098132447,0.1903958682866017,1.1456474790186755,37.6903958682866,historical_closing_late_benchmark_exact_horizon_opaque,2022,C0-MARKET-RESIDUAL-MARGIN-TOTAL-V1,5f148219527b07d85261d3f196ace97a5eb5646271d43596032a692389abc579,2c5cc1af74fc5f3955e44361b82b791710e4b63bbc69b0c15570617e2d86e543,True
2023_12_GB_DET,2023,12,DET,GB,0.6057158417364699,3.604799752228626,46.850291346588705,13.668513425567635,0.21307233216049046,-0.08771263171221107,2022,A0-DYNAMIC-OPPONENT-ADJUSTED-JOINT-SCORE-V1,5f148219527b07d85261d3f196ace97a5eb5646271d43596032a692389abc579,2c5cc1af74fc5f3955e44361b82b791710e4b63bbc69b0c15570617e2d86e543,0.48905000000000004,-0.4904,53.5006,330.7329811381138,386.84208384838485,-24.0,22.0,30.0,80.0,2022,B0-POSSESSION-DRIVE-SCORE-PROCESS-V1,5f148219527b07d85261d3f196ace97a5eb5646271d43596032a692389abc579,2c5cc1af74fc5f3955e44361b82b791710e4b63bbc69b0c15570617e2d86e543,8.5,47.0,-0.5678866649930139,0.026666093471612945,7.932113335006986,47.02666609347161,historical_closing_late_benchmark_exact_horizon_opaque,2022,C0-MARKET-RESIDUAL-MARGIN-TOTAL-V1,5f148219527b07d85261d3f196ace97a5eb5646271d43596032a692389abc579,2c5cc1af74fc5f3955e44361b82b791710e4b63bbc69b0c15570617e2d86e543,True
2023_12_JAX_HOU,2023,12,HOU,JAX,0.495966514853973,-0.1359090676859438,42.70317342349732,13.668513425567635,-0.17704889130362836,-0.3838858760387464,2022,A0-DYNAMIC-OPPONENT-ADJUSTED-JOINT-SCORE-V1,5f148219527b07d85261d3f196ace97a5eb5646271d43596032a692389abc579,2c5cc1af74fc5f3955e44361b82b791710e4b63bbc69b0c15570617e2d86e543,0.5191,0.6972,45.9568,277.00601276127617,319.30966472647265,-20.0,22.0,24.0,70.0,2022,B0-POSSESSION-DRIVE-SCORE-PROCESS-V1,5f148219527b07d85261d3f196ace97a5eb5646271d43596032a692389abc579,2c5cc1af74fc5f3955e44361b82b791710e4b63bbc69b0c15570617e2d86e543,-1.0,48.0,-0.3355283510293077,0.4538002151911594,-1.3355283510293077,48.45380021519116,historical_closing_late_benchmark_exact_horizon_opaque,2022,C0-MARKET-RESIDUAL-MARGIN-TOTAL-V1,5f148219527b07d85261d3f196ace97a5eb5646271d43596032a692389abc579,2c5cc1af74fc5f3955e44361b82b791710e4b63bbc69b0c15570617e2d86e543,True
2023_12_KC_LV,2023,12,LV,KC,0.3959992506560497,-3.544930154035818,43.35365981701326,13.668513425567635,-0.07565842140649012,-0.27885119932437286,2022,A0-DYNAMIC-OPPONENT-ADJUSTED-JOINT-SCORE-V1,5f148219527b07d85261d3f196ace97a5eb5646271d43596032a692389abc579,2c5cc1af74fc5f3955e44361b82b791710e4b63bbc69b0c15570617e2d86e543,0.3455,-7.0348,52.4964,322.3348224422442,368.2850155415542,-30.0,15.0,29.0,78.0,2022,B0-POSSESSION-DRIVE-SCORE-PROCESS-V1,5f148219527b07d85261d3f196ace97a5eb5646271d43596032a692389abc579,2c5cc1af74fc5f3955e44361b82b791710e4b63bbc69b0c15570617e2d86e543,-9.0,42.5,-0.2785441511281024,0.15112606925666075,-9.278544151128102,42.65112606925666,historical_closing_late_benchmark_exact_horizon_opaque,2022,C0-MARKET-RESIDUAL-MARGIN-TOTAL-V1,5f148219527b07d85261d3f196ace97a5eb5646271d43596032a692389abc579,2c5cc1af74fc5f3955e44361b82b791710e4b63bbc69b0c15570617e2d86e543,True
2023_12_LA_ARI,2023,12,ARI,LA,0.4579699444145179,-1.4188168139944217,37.23389449483487,13.668513425567635,-0.07142113397975504,-0.21676334655271023,2022,A0-DYNAMIC-OPPONENT-ADJUSTED-JOINT-SCORE-V1,5f148219527b07d85261d3f196ace97a5eb5646271d43596032a692389abc579,2c5cc1af74fc5f3955e44361b82b791710e4b63bbc69b0c15570617e2d86e543,0.44884999999999997,-2.3892,47.4318,294.28535189518954,340.00734949494944,-24.0,19.0,24.0,72.0,2022,B0-POSSESSION-DRIVE-SCORE-PROCESS-V1,5f148219527b07d85261d3f196ace97a5eb5646271d43596032a692389abc579,2c5cc1af74fc5f3955e44361b82b791710e4b63bbc69b0c15570617e2d86e543,-3.0,45.0,-0.30581322308720293,0.7941956459446302,-3.305813223087203,45.79419564594463,historical_closing_late_benchmark_exact_horizon_opaque,2022,C0-MARKET-RESIDUAL-MARGIN-TOTAL-V1,5f148219527b07d85261d3f196ace97a5eb5646271d43596032a692389abc579,2c5cc1af74fc5f3955e44361b82b791710e4b63bbc69b0c15570617e2d86e543,True
2023_12_MIA_NYJ,2023,12,NYJ,MIA,0.3656578985503258,-4.61572859774677,37.84671698672753,13.668513425567635,-0.29904112473359845,0.36742104021551536,2022,A0-DYNAMIC-OPPONENT-ADJUSTED-JOINT-SCORE-V1,5f148219527b07d85261d3f196ace97a5eb5646271d43596032a692389abc579,2c5cc1af74fc5f3955e44361b82b791710e4b63bbc69b0c15570617e2d86e543,0.3946,-4.5075,44.4609,271.84952870287026,313.82605379537955,-25.0,16.0,23.0,68.0,2022,B0-POSSESSION-DRIVE-SCORE-PROCESS-V1,5f148219527b07d85261d3f196ace97a5eb5646271d43596032a692389abc579,2c5cc1af74fc5f3955e44361b82b791710e4b63bbc69b0c15570617e2d86e543,-9.5,40.0,-0.20555963225130866,0.4686481271729738,-9.705559632251308,40.468648127172976,historical_closing_late_benchmark_exact_horizon_opaque,2022,C0-MARKET-RESIDUAL-MARGIN-TOTAL-V1,5f148219527b07d85261d3f196ace97a5eb5646271d43596032a692389abc579,2c5cc1af74fc5f3955e44361b82b791710e4b63bbc69b0c15570617e2d86e543,True
2023_12_NE_NYG,2023,12,NYG,NE,0.4928276732964235,-0.24168184818935856,36.503156103458316,13.668513425567635,0.1050426634716626,-0.009305673904498324,2022,A0-DYNAMIC-OPPONENT-ADJUSTED-JOINT-SCORE-V1,5f148219527b07d85261d3f196ace97a5eb5646271d43596032a692389abc579,2c5cc1af74fc5f3955e44361b82b791710e4b63bbc69b0c15570617e2d86e543,0.34964999999999996,-6.2087,41.9299,243.75111942194224,276.3542214121412,-26.0,14.0,22.0,64.0,2022,B0-POSSESSION-DRIVE-SCORE-PROCESS-V1,5f148219527b07d85261d3f196ace97a5eb5646271d43596032a692389abc579,2c5cc1af74fc5f3955e44361b82b791710e4b63bbc69b0c15570617e2d86e543,-4.5,36.5,0.9034711082802248,-0.41259572228521413,-3.596528891719775,36.08740427771479,historical_closing_late_benchmark_exact_horizon_opaque,2022,C0-MARKET-RESIDUAL-MARGIN-TOTAL-V1,5f148219527b07d85261d3f196ace97a5eb5646271d43596032a692389abc579,2c5cc1af74fc5f3955e44361b82b791710e4b63bbc69b0c15570617e2d86e543,True
2023_12_NO_ATL,2023,12,ATL,NO,0.5238602326771188,0.8044413977631386,38.8616362052108,13.668513425567635,0.19796887365205718,-0.29030542304122453,2022,A0-DYNAMIC-OPPONENT-ADJUSTED-JOINT-SCORE-V1,5f148219527b07d85261d3f196ace97a5eb5646271d43596032a692389abc579,2c5cc1af74fc5f3955e44361b82b791710e4b63bbc69b0c15570617e2d86e543,0.4581,-1.9504,49.6444,302.8790277427743,352.9200406440644,-24.0,21.0,27.0,75.0,2022,B0-POSSESSION-DRIVE-SCORE-PROCESS-V1,5f148219527b07d85261d3f196ace97a5eb5646271d43596032a692389abc579,2c5cc1af74fc5f3955e44361b82b791710e4b63bbc69b0c15570617e2d86e543,-2.0,42.0,-0.20026133335101914,0.5030075615952903,-2.200261333351019,42.50300756159529,historical_closing_late_benchmark_exact_horizon_opaque,2022,C0-MARKET-RESIDUAL-MARGIN-TOTAL-V1,5f148219527b07d85261d3f196ace97a5eb5646271d43596032a692389abc579,2c5cc1af74fc5f3955e44361b82b791710e4b63bbc69b0c15570617e2d86e543,True
2023_12_PIT_CIN,2023,12,CIN,PIT,0.624855988250153,4.278112063036286,42.24417015340215,13.668513425567635,0.24089332628815446,-0.12019172621628804,2022,A0-DYNAMIC-OPPONENT-ADJUSTED-JOINT-SCORE-V1,5f148219527b07d85261d3f196ace97a5eb5646271d43596032a692389abc579,2c5cc1af74fc5f3955e44361b82b791710e4b63bbc69b0c15570617e2d86e543,0.4853,-0.6249,44.5029,270.7272727172717,304.1634079307931,-21.0,20.0,23.0,68.0,2022,B0-POSSESSION-DRIVE-SCORE-PROCESS-V1,5f148219527b07d85261d3f196ace97a5eb5646271d43596032a692389abc579,2c5cc1af74fc5f3955e44361b82b791710e4b63bbc69b0c15570617e2d86e543,-2.0,36.0,-0.45336425336517083,-0.012392025540827148,-2.4533642533651707,35.98760797445917,historical_closing_late_benchmark_exact_horizon_opaque,2022,C0-MARKET-RESIDUAL-MARGIN-TOTAL-V1,5f148219527b07d85261d3f196ace97a5eb5646271d43596032a692389abc579,2c5cc1af74fc5f3955e44361b82b791710e4b63bbc69b0c15570617e2d86e543,True
2023_12_SF_SEA,2023,12,SEA,SF,0.3851058630742924,-3.9264417807113894,47.61766949072141,13.668513425567635,-0.4151850561990856,-0.20423491594257426,2022,A0-DYNAMIC-OPPONENT-ADJUSTED-JOINT-SCORE-V1,5f148219527b07d85261d3f196ace97a5eb5646271d43596032a692389abc579,2c5cc1af74fc5f3955e44361b82b791710e4b63bbc69b0c15570617e2d86e543,0.45235,-1.9969,49.8669,307.4530356935694,358.93647803780374,-24.0,20.0,27.0,75.0,2022,B0-POSSESSION-DRIVE-SCORE-PROCESS-V1,5f148219527b07d85261d3f196ace97a5eb5646271d43596032a692389abc579,2c5cc1af74fc5f3955e44361b82b791710e4b63bbc69b0c15570617e2d86e543,-7.0,43.5,-0.2826293834491367,-0.25635856403160145,-7.2826293834491365,43.2436414359684,historical_closing_late_benchmark_exact_horizon_opaque,2022,C0-MARKET-RESIDUAL-MARGIN-TOTAL-V1,5f148219527b07d85261d3f196ace97a5eb5646271d43596032a692389abc579,2c5cc1af74fc5f3955e44361b82b791710e4b63bbc69b0c15570617e2d86e543,True
2023_12_TB_IND,2023,12,IND,TB,0.4978192719666306,-0.07347916991006542,41.766807138614425,13.668513425567635,0.14014889567767444,-0.32178897082954905,2022,A0-DYNAMIC-OPPONENT-ADJUSTED-JOINT-SCORE-V1,5f148219527b07d85261d3f196ace97a5eb5646271d43596032a692389abc579,2c5cc1af74fc5f3955e44361b82b791710e4b63bbc69b0c15570617e2d86e543,0.50515,0.1794,49.2646,308.57327296729676,341.0314899889989,-22.0,22.0,27.0,74.0,2022,B0-POSSESSION-DRIVE-SCORE-PROCESS-V1,5f148219527b07d85261d3f196ace97a5eb5646271d43596032a692389abc579,2c5cc1af74fc5f3955e44361b82b791710e4b63bbc69b0c15570617e2d86e543,2.5,45.0,-1.5371316221078892,1.0532059249288532,0.9628683778921108,46.053205924928854,historical_closing_late_benchmark_exact_horizon_opaque,2022,C0-MARKET-RESIDUAL-MARGIN-TOTAL-V1,5f148219527b07d85261d3f196ace97a5eb5646271d43596032a692389abc579,2c5cc1af74fc5f3955e44361b82b791710e4b63bbc69b0c15570617e2d86e543,True
2023_12_WAS_DAL,2023,12,DAL,WAS,0.6666713837539944,5.790100695141142,42.81481498759248,13.668513425567635,0.3407853749392001,-0.28021954077665373,2022,A0-DYNAMIC-OPPONENT-ADJUSTED-JOINT-SCORE-V1,5f148219527b07d85261d3f196ace97a5eb5646271d43596032a692389abc579,2c5cc1af74fc5f3955e44361b82b791710e4b63bbc69b0c15570617e2d86e543,0.7342500000000001,11.0275,51.2029,315.67151090109013,369.53408499849985,-11.0,34.0,27.0,77.0,2022,B0-POSSESSION-DRIVE-SCORE-PROCESS-V1,5f148219527b07d85261d3f196ace97a5eb5646271d43596032a692389abc579,2c5cc1af74fc5f3955e44361b82b791710e4b63bbc69b0c15570617e2d86e543,13.0,48.0,-0.648417225023681,0.44084277751094647,12.351582774976318,48.440842777510944,historical_closing_late_benchmark_exact_horizon_opaque,2022,C0-MARKET-RESIDUAL-MARGIN-TOTAL-V1,5f148219527b07d85261d3f196ace97a5eb5646271d43596032a692389abc579,2c5cc1af74fc5f3955e44361b82b791710e4b63bbc69b0c15570617e2d86e543,True
2023_13_ARI_PIT,2023,13,PIT,ARI,0.6879008606732223,6.585459378378724,37.510404926136445,13.668513425567635,0.08209033663988707,0.45928669736529526,2022,A0-DYNAMIC-OPPONENT-ADJUSTED-JOINT-SCORE-V1,5f148219527b07d85261d3f196ace97a5eb5646271d43596032a692389abc579,2c5cc1af74fc5f3955e44361b82b791710e4b63bbc69b0c15570617e2d86e543,0.6222500000000001,4.9886,42.9268,259.291799219922,296.4254843084309,-15.0,25.0,22.0,65.0,2022,B0-POSSESSION-DRIVE-SCORE-PROCESS-V1,5f148219527b07d85261d3f196ace97a5eb5646271d43596032a692389abc579,2c5cc1af74fc5f3955e44361b82b791710e4b63bbc69b0c15570617e2d86e543,6.0,41.0,-0.2994599277686153,0.5108324377947605,5.700540072231385,41.51083243779476,historical_closing_late_benchmark_exact_horizon_opaque,2022,C0-MARKET-RESIDUAL-MARGIN-TOTAL-V1,5f148219527b07d85261d3f196ace97a5eb5646271d43596032a692389abc579,2c5cc1af74fc5f3955e44361b82b791710e4b63bbc69b0c15570617e2d86e543,True
2023_13_ATL_NYJ,2023,13,NYJ,ATL,0.4457264500467762,-1.8344044875502732,34.56739352395039,13.668513425567635,-0.27858361368696943,0.3175182139309891,2022,A0-DYNAMIC-OPPONENT-ADJUSTED-JOINT-SCORE-V1,5f148219527b07d85261d3f196ace97a5eb5646271d43596032a692389abc579,2c5cc1af74fc5f3955e44361b82b791710e4b63bbc69b0c15570617e2d86e543,0.39690000000000003,-4.4427,44.8911,268.66898360836086,310.71031182118213,-26.0,16.0,23.0,68.0,2022,B0-POSSESSION-DRIVE-SCORE-PROCESS-V1,5f148219527b07d85261d3f196ace97a5eb5646271d43596032a692389abc579,2c5cc1af74fc5f3955e44361b82b791710e4b63bbc69b0c15570617e2d86e543,-2.0,33.0,-0.7176799718271085,0.4569875820136234,-2.7176799718271085,33.456987582013625,historical_closing_late_benchmark_exact_horizon_opaque,2022,C0-MARKET-RESIDUAL-MARGIN-TOTAL-V1,5f148219527b07d85261d3f196ace97a5eb5646271d43596032a692389abc579,2c5cc1af74fc5f3955e44361b82b791710e4b63bbc69b0c15570617e2d86e543,True
2023_13_CAR_TB,2023,13,TB,CAR,0.6321038397273248,4.53581258732498,39.76393041422959,13.668513425567635,-0.3203146616854442,-0.20499620349752973,2022,A0-DYNAMIC-OPPONENT-ADJUSTED-JOINT-SCORE-V1,5f148219527b07d85261d3f196ace97a5eb5646271d43596032a692389abc579,2c5cc1af74fc5f3955e44361b82b791710e4b63bbc69b0c15570617e2d86e543,0.5695,2.8753,45.5191,277.52650256025606,319.2539605860586,-18.0,24.0,23.0,69.0,2022,B0-POSSESSION-DRIVE-SCORE-PROCESS-V1,5f148219527b07d85261d3f196ace97a5eb5646271d43596032a692389abc579,2c5cc1af74fc5f3955e44361b82b791710e4b63bbc69b0c15570617e2d86e543,4.0,37.0,-0.3332076791439785,0.037319792818110806,3.6667923208560214,37.03731979281811,historical_closing_late_benchmark_exact_horizon_opaque,2022,C0-MARKET-RESIDUAL-MARGIN-TOTAL-V1,5f148219527b07d85261d3f196ace97a5eb5646271d43596032a692389abc579,2c5cc1af74fc5f3955e44361b82b791710e4b63bbc69b0c15570617e2d86e543,True
2023_13_CIN_JAX,2023,13,JAX,CIN,0.5682567656668476,2.3112231343843206,44.38409508171691,13.668513425567635,-0.00815546156139682,0.02337131908167342,2022,A0-DYNAMIC-OPPONENT-ADJUSTED-JOINT-SCORE-V1,5f148219527b07d85261d3f196ace97a5eb5646271d43596032a692389abc579,2c5cc1af74fc5f3955e44361b82b791710e4b63bbc69b0c15570617e2d86e543,0.55735,2.5406,47.6254,289.8711387538754,337.07698253825384,-19.0,24.0,25.0,72.0,2022,B0-POSSESSION-DRIVE-SCORE-PROCESS-V1,5f148219527b07d85261d3f196ace97a5eb5646271d43596032a692389abc579,2c5cc1af74fc5f3955e44361b82b791710e4b63bbc69b0c15570617e2d86e543,10.0,41.0,-0.7413657545547662,-0.18249916604219762,9.258634245445235,40.8175008339578,historical_closing_late_benchmark_exact_horizon_opaque,2022,C0-MARKET-RESIDUAL-MARGIN-TOTAL-V1,5f148219527b07d85261d3f196ace97a5eb5646271d43596032a692389abc579,2c5cc1af74fc5f3955e44361b82b791710e4b63bbc69b0c15570617e2d86e543,True
2023_13_CLE_LA,2023,13,LA,CLE,0.581709058083715,2.772692187001425,38.02969771373665,13.668513425567635,0.09091305701022269,-0.16661884483901693,2022,A0-DYNAMIC-OPPONENT-ADJUSTED-JOINT-SCORE-V1,5f148219527b07d85261d3f196ace97a5eb5646271d43596032a692389abc579,2c5cc1af74fc5f3955e44361b82b791710e4b63bbc69b0c15570617e2d86e543,0.64565,6.4805,47.0503,294.5470744574458,339.1072806380638,-15.0,28.0,24.0,71.0,2022,B0-POSSESSION-DRIVE-SCORE-PROCESS-V1,5f148219527b07d85261d3f196ace97a5eb5646271d43596032a692389abc579,2c5cc1af74fc5f3955e44361b82b791710e4b63bbc69b0c15570617e2d86e543,3.5,39.5,-0.3746669648893702,0.380460172035292,3.12533303511063,39.88046017203529,historical_closing_late_benchmark_exact_horizon_opaque,2022,C0-MARKET-RESIDUAL-MARGIN-TOTAL-V1,5f148219527b07d85261d3f196ace97a5eb5646271d43596032a692389abc579,2c5cc1af74fc5f3955e44361b82b791710e4b63bbc69b0c15570617e2d86e543,True
2023_13_DEN_HOU,2023,13,HOU,DEN,0.5740120148497585,2.508286962909448,41.607603321568575,13.668513425567635,-0.02442525017431972,-0.1226831970569978,2022,A0-DYNAMIC-OPPONENT-ADJUSTED-JOINT-SCORE-V1,5f148219527b07d85261d3f196ace97a5eb5646271d43596032a692389abc579,2c5cc1af74fc5f3955e44361b82b791710e4b63bbc69b0c15570617e2d86e543,0.5169,0.8956,41.432,251.33023366336633,278.5600320032003,-19.0,21.0,21.0,64.0,2022,B0-POSSESSION-DRIVE-SCORE-PROCESS-V1,5f148219527b07d85261d3f196ace97a5eb5646271d43596032a692389abc579,2c5cc1af74fc5f3955e44361b82b791710e4b63bbc69b0c15570617e2d86e543,3.5,47.5,-0.4017953346266956,0.5433698870699524,3.0982046653733044,48.04336988706995,historical_closing_late_benchmark_exact_horizon_opaque,2022,C0-MARKET-RESIDUAL-MARGIN-TOTAL-V1,5f148219527b07d85261d3f196ace97a5eb5646271d43596032a692389abc579,2c5cc1af74fc5f3955e44361b82b791710e4b63bbc69b0c15570617e2d86e543,True
2023_13_DET_NO,2023,13,NO,DET,0.47786266753837214,-0.7462922280933455,43.169055117306804,13.668513425567635,-0.5060862608576155,0.32115404236864087,2022,A0-DYNAMIC-OPPONENT-ADJUSTED-JOINT-SCORE-V1,5f148219527b07d85261d3f196ace97a5eb5646271d43596032a692389abc579,2c5cc1af74fc5f3955e44361b82b791710e4b63bbc69b0c15570617e2d86e543,0.6085999999999999,5.2869,51.4069,330.2434127312731,358.91942433243327,-17.0,28.0,28.0,76.0,2022,B0-POSSESSION-DRIVE-SCORE-PROCESS-V1,5f148219527b07d85261d3f196ace97a5eb5646271d43596032a692389abc579,2c5cc1af74fc5f3955e44361b82b791710e4b63bbc69b0c15570617e2d86e543,-4.0,47.5,0.17967069396071,0.1721803085151401,-3.82032930603929,47.67218030851514,historical_closing_late_benchmark_exact_horizon_opaque,2022,C0-MARKET-RESIDUAL-MARGIN-TOTAL-V1,5f148219527b07d85261d3f196ace97a5eb5646271d43596032a692389abc579,2c5cc1af74fc5f3955e44361b82b791710e4b63bbc69b0c15570617e2d86e543,True
2023_13_IND_TEN,2023,13,TEN,IND,0.58837194688328,3.0024384128782735,40.50574697982316,13.668513425567635,-0.2229663341354896,0.3938243010196327,2022,A0-DYNAMIC-OPPONENT-ADJUSTED-JOINT-SCORE-V1,5f148219527b07d85261d3f196ace97a5eb5646271d43596032a692389abc579,2c5cc1af74fc5f3955e44361b82b791710e4b63bbc69b0c15570617e2d86e543,0.56275,2.7914,48.7814,297.2800140414041,349.0745214921492,-19.0,25.0,26.0,73.0,2022,B0-POSSESSION-DRIVE-SCORE-PROCESS-V1,5f148219527b07d85261d3f196ace97a5eb5646271d43596032a692389abc579,2c5cc1af74fc5f3955e44361b82b791710e4b63bbc69b0c15570617e2d86e543,-1.5,42.0,-0.15769106857864906,0.3635411690171505,-1.657691068578649,42.363541169017154,historical_closing_late_benchmark_exact_horizon_opaque,2022,C0-MARKET-RESIDUAL-MARGIN-TOTAL-V1,5f148219527b07d85261d3f196ace97a5eb5646271d43596032a692389abc579,2c5cc1af74fc5f3955e44361b82b791710e4b63bbc69b0c15570617e2d86e543,True
2023_13_KC_GB,2023,13,GB,KC,0.46777394433244374,-1.0870283208992468,46.33225178043503,13.668513425567635,-0.045809062612064834,-0.060025847677086366,2022,A0-DYNAMIC-OPPONENT-ADJUSTED-JOINT-SCORE-V1,5f148219527b07d85261d3f196ace97a5eb5646271d43596032a692389abc579,2c5cc1af74fc5f3955e44361b82b791710e4b63bbc69b0c15570617e2d86e543,0.451,-2.377,51.3008,307.7880498049805,377.99231859185915,-25.0,20.0,27.0,77.0,2022,B0-POSSESSION-DRIVE-SCORE-PROCESS-V1,5f148219527b07d85261d3f196ace97a5eb5646271d43596032a692389abc579,2c5cc1af74fc5f3955e44361b82b791710e4b63bbc69b0c15570617e2d86e543,-5.5,43.5,-0.6172691279107565,0.14824191565202222,-6.117269127910756,43.64824191565202,historical_closing_late_benchmark_exact_horizon_opaque,2022,C0-MARKET-RESIDUAL-MARGIN-TOTAL-V1,5f148219527b07d85261d3f196ace97a5eb5646271d43596032a692389abc579,2c5cc1af74fc5f3955e44361b82b791710e4b63bbc69b0c15570617e2d86e543,True
2023_13_LAC_NE,2023,13,NE,LAC,0.44794899740108424,-1.7588446131399564,39.94526149133479,13.668513425567635,-0.06387837622425147,-0.06677160901289453,2022,A0-DYNAMIC-OPPONENT-ADJUSTED-JOINT-SCORE-V1,5f148219527b07d85261d3f196ace97a5eb5646271d43596032a692389abc579,2c5cc1af74fc5f3955e44361b82b791710e4b63bbc69b0c15570617e2d86e543,0.5518,2.5154,47.5858,288.8124440844085,341.1093492949295,-18.0,24.0,26.0,72.0,2022,B0-POSSESSION-DRIVE-SCORE-PROCESS-V1,5f148219527b07d85261d3f196ace97a5eb5646271d43596032a692389abc579,2c5cc1af74fc5f3955e44361b82b791710e4b63bbc69b0c15570617e2d86e543,-4.5,38.5,-0.25469512297797925,0.06864741467323446,-4.75469512297798,38.56864741467324,historical_closing_late_benchmark_exact_horizon_opaque,2022,C0-MARKET-RESIDUAL-MARGIN-TOTAL-V1,5f148219527b07d85261d3f196ace97a5eb5646271d43596032a692389abc579,2c5cc1af74fc5f3955e44361b82b791710e4b63bbc69b0c15570617e2d86e543,True
2023_13_MIA_WAS,2023,13,WAS,MIA,0.45837770839169756,-1.405001361465498,41.95687008063021,13.668513425567635,-0.0338351530028044,0.16735278080149565,2022,A0-DYNAMIC-OPPONENT-ADJUSTED-JOINT-SCORE-V1,5f148219527b07d85261d3f196ace97a5eb5646271d43596032a692389abc579,2c5cc1af74fc5f3955e44361b82b791710e4b63bbc69b0c15570617e2d86e543,0.43205,-2.9404,48.7836,309.1981676567657,341.73854489448945,-25.0,20.0,26.0,73.0,2022,B0-POSSESSION-DRIVE-SCORE-PROCESS-V1,5f148219527b07d85261d3f196ace97a5eb5646271d43596032a692389abc579,2c5cc1af74fc5f3955e44361b82b791710e4b63bbc69b0c15570617e2d86e543,-8.5,50.0,-0.19003059525570473,0.8098008670039968,-8.690030595255704,50.809800867004,historical_closing_late_benchmark_exact_horizon_opaque,2022,C0-MARKET-RESIDUAL-MARGIN-TOTAL-V1,5f148219527b07d85261d3f196ace97a5eb5646271d43596032a692389abc579,2c5cc1af74fc5f3955e44361b82b791710e4b63bbc69b0c15570617e2d86e543,True
2023_13_SEA_DAL,2023,13,DAL,SEA,0.6726115139879111,6.010493540510886,45.53181389753009,13.668513425567635,0.34329479183025996,-0.18438750004008425,2022,A0-DYNAMIC-OPPONENT-ADJUSTED-JOINT-SCORE-V1,5f148219527b07d85261d3f196ace97a5eb5646271d43596032a692389abc579,2c5cc1af74fc5f3955e44361b82b791710e4b63bbc69b0c15570617e2d86e543,0.66425,7.4338,51.5382,321.0257201320132,365.9819389538954,-15.0,30.0,28.0,77.0,2022,B0-POSSESSION-DRIVE-SCORE-PROCESS-V1,5f148219527b07d85261d3f196ace97a5eb5646271d43596032a692389abc579,2c5cc1af74fc5f3955e44361b82b791710e4b63bbc69b0c15570617e2d86e543,9.5,47.5,-0.4635404930871335,0.18642265652144144,9.036459506912866,47.686422656521444,historical_closing_late_benchmark_exact_horizon_opaque,2022,C0-MARKET-RESIDUAL-MARGIN-TOTAL-V1,5f148219527b07d85261d3f196ace97a5eb5646271d43596032a692389abc579,2c5cc1af74fc5f3955e44361b82b791710e4b63bbc69b0c15570617e2d86e543,True
2023_13_SF_PHI,2023,13,PHI,SF,0.46218858245232525,-1.2759548653538033,50.14028498915237,13.668513425567635,-0.14402766618415774,-0.26733956966305433,2022,A0-DYNAMIC-OPPONENT-ADJUSTED-JOINT-SCORE-V1,5f148219527b07d85261d3f196ace97a5eb5646271d43596032a692389abc579,2c5cc1af74fc5f3955e44361b82b791710e4b63bbc69b0c15570617e2d86e543,0.495,-0.1973,52.1671,334.05697840784075,380.56503409340934,-24.0,23.0,28.0,78.0,2022,B0-POSSESSION-DRIVE-SCORE-PROCESS-V1,5f148219527b07d85261d3f196ace97a5eb5646271d43596032a692389abc579,2c5cc1af74fc5f3955e44361b82b791710e4b63bbc69b0c15570617e2d86e543,-3.0,46.5,0.15048812037807985,-0.5980162936960557,-2.8495118796219203,45.901983706303945,historical_closing_late_benchmark_exact_horizon_opaque,2022,C0-MARKET-RESIDUAL-MARGIN-TOTAL-V1,5f148219527b07d85261d3f196ace97a5eb5646271d43596032a692389abc579,2c5cc1af74fc5f3955e44361b82b791710e4b63bbc69b0c15570617e2d86e543,True
2023_14_BUF_KC,2023,14,KC,BUF,0.5472408435705403,1.5955006678037797,48.44420744117882,13.668513425567635,-0.16080605859061176,0.038828140788323195,2022,A0-DYNAMIC-OPPONENT-ADJUSTED-JOINT-SCORE-V1,5f148219527b07d85261d3f196ace97a5eb5646271d43596032a692389abc579,2c5cc1af74fc5f3955e44361b82b791710e4b63bbc69b0c15570617e2d86e543,0.5281,1.2081,51.8345,324.93508789878985,381.54286403640367,-22.0,24.0,28.0,78.0,2022,B0-POSSESSION-DRIVE-SCORE-PROCESS-V1,5f148219527b07d85261d3f196ace97a5eb5646271d43596032a692389abc579,2c5cc1af74fc5f3955e44361b82b791710e4b63bbc69b0c15570617e2d86e543,2.0,49.5,0.6596128467641337,-0.5620959949535986,2.6596128467641336,48.9379040050464,historical_closing_late_benchmark_exact_horizon_opaque,2022,C0-MARKET-RESIDUAL-MARGIN-TOTAL-V1,5f148219527b07d85261d3f196ace97a5eb5646271d43596032a692389abc579,2c5cc1af74fc5f3955e44361b82b791710e4b63bbc69b0c15570617e2d86e543,True
2023_14_CAR_NO,2023,14,NO,CAR,0.6408115189414647,4.847647543924317,37.612921792433866,13.668513425567635,-0.37158980766698646,0.22589865964248282,2022,A0-DYNAMIC-OPPONENT-ADJUSTED-JOINT-SCORE-V1,5f148219527b07d85261d3f196ace97a5eb5646271d43596032a692389abc579,2c5cc1af74fc5f3955e44361b82b791710e4b63bbc69b0c15570617e2d86e543,0.6477999999999999,6.2244,44.674,274.7529199319932,302.1141354135413,-14.0,27.0,23.0,67.0,2022,B0-POSSESSION-DRIVE-SCORE-PROCESS-V1,5f148219527b07d85261d3f196ace97a5eb5646271d43596032a692389abc579,2c5cc1af74fc5f3955e44361b82b791710e4b63bbc69b0c15570617e2d86e543,5.5,39.0,-0.4085763421718995,0.36444873098351194,5.0914236578281,39.36444873098351,historical_closing_late_benchmark_exact_horizon_opaque,2022,C0-MARKET-RESIDUAL-MARGIN-TOTAL-V1,5f148219527b07d85261d3f196ace97a5eb5646271d43596032a692389abc579,2c5cc1af74fc5f3955e44361b82b791710e4b63bbc69b0c15570617e2d86e543,True
2023_14_DEN_LAC,2023,14,LAC,DEN,0.6220454211502244,4.178607844896138,41.778311693834354,13.668513425567635,0.06977093486784763,0.1616010956354504,2022,A0-DYNAMIC-OPPONENT-ADJUSTED-JOINT-SCORE-V1,5f148219527b07d85261d3f196ace97a5eb5646271d43596032a692389abc579,2c5cc1af74fc5f3955e44361b82b791710e4b63bbc69b0c15570617e2d86e543,0.60085,4.1524,44.975,270.90726496649665,310.4718221822182,-17.0,25.0,23.0,68.0,2022,B0-POSSESSION-DRIVE-SCORE-PROCESS-V1,5f148219527b07d85261d3f196ace97a5eb5646271d43596032a692389abc579,2c5cc1af74fc5f3955e44361b82b791710e4b63bbc69b0c15570617e2d86e543,3.0,45.0,-0.2806053959070113,0.3468544918730537,2.719394604092989,45.34685449187305,historical_closing_late_benchmark_exact_horizon_opaque,2022,C0-MARKET-RESIDUAL-MARGIN-TOTAL-V1,5f148219527b07d85261d3f196ace97a5eb5646271d43596032a692389abc579,2c5cc1af74fc5f3955e44361b82b791710e4b63bbc69b0c15570617e2d86e543,True
2023_14_DET_CHI,2023,14,CHI,DET,0.387040350341735,-3.8584690384173754,42.52409220956266,13.668513425567635,-0.3959476437873164,-0.4304613730619177,2022,A0-DYNAMIC-OPPONENT-ADJUSTED-JOINT-SCORE-V1,5f148219527b07d85261d3f196ace97a5eb5646271d43596032a692389abc579,2c5cc1af74fc5f3955e44361b82b791710e4b63bbc69b0c15570617e2d86e543,0.5008,-0.0187,48.3047,302.2939797079708,346.73233114311427,-22.0,22.0,26.0,73.0,2022,B0-POSSESSION-DRIVE-SCORE-PROCESS-V1,5f148219527b07d85261d3f196ace97a5eb5646271d43596032a692389abc579,2c5cc1af74fc5f3955e44361b82b791710e4b63bbc69b0c15570617e2d86e543,-3.0,44.5,-1.3754814244768268,0.7784546523105967,-4.375481424476827,45.2784546523106,historical_closing_late_benchmark_exact_horizon_opaque,2022,C0-MARKET-RESIDUAL-MARGIN-TOTAL-V1,5f148219527b07d85261d3f196ace97a5eb5646271d43596032a692389abc579,2c5cc1af74fc5f3955e44361b82b791710e4b63bbc69b0c15570617e2d86e543,True
2023_14_GB_NYG,2023,14,NYG,GB,0.3910221664399307,-3.7188664576190646,41.39761657179861,13.668513425567635,0.0993738784574873,-0.08584450975771965,2022,A0-DYNAMIC-OPPONENT-ADJUSTED-JOINT-SCORE-V1,5f148219527b07d85261d3f196ace97a5eb5646271d43596032a692389abc579,2c5cc1af74fc5f3955e44361b82b791710e4b63bbc69b0c15570617e2d86e543,0.3855,-4.668,45.9624,279.3643124312431,315.17470371037103,-26.0,17.0,24.0,69.0,2022,B0-POSSESSION-DRIVE-SCORE-PROCESS-V1,5f148219527b07d85261d3f196ace97a5eb5646271d43596032a692389abc579,2c5cc1af74fc5f3955e44361b82b791710e4b63bbc69b0c15570617e2d86e543,-6.0,37.5,-1.3348927707804994,0.49039405583166884,-7.334892770780499,37.99039405583167,historical_closing_late_benchmark_exact_horizon_opaque,2022,C0-MARKET-RESIDUAL-MARGIN-TOTAL-V1,5f148219527b07d85261d3f196ace97a5eb5646271d43596032a692389abc579,2c5cc1af74fc5f3955e44361b82b791710e4b63bbc69b0c15570617e2d86e543,True
2023_14_HOU_NYJ,2023,14,NYJ,HOU,0.4333498670059627,-2.2563012720274287,35.27752247805482,13.668513425567635,-0.3376420748999462,0.5547057210789694,2022,A0-DYNAMIC-OPPONENT-ADJUSTED-JOINT-SCORE-V1,5f148219527b07d85261d3f196ace97a5eb5646271d43596032a692389abc579,2c5cc1af74fc5f3955e44361b82b791710e4b63bbc69b0c15570617e2d86e543,0.4552,-1.8088,41.121,246.9003325932593,278.24338333833384,-22.0,18.0,20.0,63.0,2022,B0-POSSESSION-DRIVE-SCORE-PROCESS-V1,5f148219527b07d85261d3f196ace97a5eb5646271d43596032a692389abc579,2c5cc1af74fc5f3955e44361b82b791710e4b63bbc69b0c15570617e2d86e543,-3.5,33.5,-0.37815739509168067,0.2364616090643752,-3.8781573950916806,33.73646160906438,historical_closing_late_benchmark_exact_horizon_opaque,2022,C0-MARKET-RESIDUAL-MARGIN-TOTAL-V1,5f148219527b07d85261d3f196ace97a5eb5646271d43596032a692389abc579,2c5cc1af74fc5f3955e44361b82b791710e4b63bbc69b0c15570617e2d86e543,True
2023_14_IND_CIN,2023,14,CIN,IND,0.6453276372449075,5.01039902380894,43.53585670006491,13.668513425567635,0.25080764607084244,0.5857054607374297,2022,A0-DYNAMIC-OPPONENT-ADJUSTED-JOINT-SCORE-V1,5f148219527b07d85261d3f196ace97a5eb5646271d43596032a692389abc579,2c5cc1af74fc5f3955e44361b82b791710e4b63bbc69b0c15570617e2d86e543,0.51675,0.6269,50.6579,298.6991663066307,352.1902866186619,-21.0,22.0,28.0,76.0,2022,B0-POSSESSION-DRIVE-SCORE-PROCESS-V1,5f148219527b07d85261d3f196ace97a5eb5646271d43596032a692389abc579,2c5cc1af74fc5f3955e44361b82b791710e4b63bbc69b0c15570617e2d86e543,3.0,45.0,-0.07873544903991148,0.11069873103150618,2.9212645509600885,45.110698731031505,historical_closing_late_benchmark_exact_horizon_opaque,2022,C0-MARKET-RESIDUAL-MARGIN-TOTAL-V1,5f148219527b07d85261d3f196ace97a5eb5646271d43596032a692389abc579,2c5cc1af74fc5f3955e44361b82b791710e4b63bbc69b0c15570617e2d86e543,True
2023_14_JAX_CLE,2023,14,CLE,JAX,0.4540452584370508,-1.5518679483687876,40.04887901229057,13.668513425567635,-0.33432012439711234,0.02091590116104655,2022,A0-DYNAMIC-OPPONENT-ADJUSTED-JOINT-SCORE-V1,5f148219527b07d85261d3f196ace97a5eb5646271d43596032a692389abc579,2c5cc1af74fc5f3955e44361b82b791710e4b63bbc69b0c15570617e2d86e543,0.47975,-0.9541,45.0569,279.2909222822282,314.65932832283227,-22.0,20.0,23.0,68.0,2022,B0-POSSESSION-DRIVE-SCORE-PROCESS-V1,5f148219527b07d85261d3f196ace97a5eb5646271d43596032a692389abc579,2c5cc1af74fc5f3955e44361b82b791710e4b63bbc69b0c15570617e2d86e543,2.5,37.5,-0.770739525129599,0.11466202044409732,1.729260474870401,37.6146620204441,historical_closing_late_benchmark_exact_horizon_opaque,2022,C0-MARKET-RESIDUAL-MARGIN-TOTAL-V1,5f148219527b07d85261d3f196ace97a5eb5646271d43596032a692389abc579,2c5cc1af74fc5f3955e44361b82b791710e4b63bbc69b0c15570617e2d86e543,True
2023_14_LA_BAL,2023,14,BAL,LA,0.6254432748583247,4.298933588866845,42.160908338944225,13.668513425567635,-0.2593813676294897,0.24245475386065382,2022,A0-DYNAMIC-OPPONENT-ADJUSTED-JOINT-SCORE-V1,5f148219527b07d85261d3f196ace97a5eb5646271d43596032a692389abc579,2c5cc1af74fc5f3955e44361b82b791710e4b63bbc69b0c15570617e2d86e543,0.6267999999999999,5.3803,49.3565,303.75964787478745,352.4440521552155,-17.0,27.0,27.0,74.0,2022,B0-POSSESSION-DRIVE-SCORE-PROCESS-V1,5f148219527b07d85261d3f196ace97a5eb5646271d43596032a692389abc579,2c5cc1af74fc5f3955e44361b82b791710e4b63bbc69b0c15570617e2d86e543,7.5,42.0,-1.587628691707414,0.8708598896911143,5.912371308292586,42.87085988969111,historical_closing_late_benchmark_exact_horizon_opaque,2022,C0-MARKET-RESIDUAL-MARGIN-TOTAL-V1,5f148219527b07d85261d3f196ace97a5eb5646271d43596032a692389abc579,2c5cc1af74fc5f3955e44361b82b791710e4b63bbc69b0c15570617e2d86e543,True
2023_14_MIN_LV,2023,14,LV,MIN,0.5048190852415801,0.16238119860108213,41.13312793613706,13.668513425567635,-0.22441050956327366,0.15093257452104822,2022,A0-DYNAMIC-OPPONENT-ADJUSTED-JOINT-SCORE-V1,5f148219527b07d85261d3f196ace97a5eb5646271d43596032a692389abc579,2c5cc1af74fc5f3955e44361b82b791710e4b63bbc69b0c15570617e2d86e543,0.4545,-1.837,48.5074,288.0964406440644,327.67191243124313,-24.0,20.0,26.0,72.0,2022,B0-POSSESSION-DRIVE-SCORE-PROCESS-V1,5f148219527b07d85261d3f196ace97a5eb5646271d43596032a692389abc579,2c5cc1af74fc5f3955e44361b82b791710e4b63bbc69b0c15570617e2d86e543,-3.0,40.5,-0.39069530045181744,0.1539137481131011,-3.390695300451817,40.6539137481131,historical_closing_late_benchmark_exact_horizon_opaque,2022,C0-MARKET-RESIDUAL-MARGIN-TOTAL-V1,5f148219527b07d85261d3f196ace97a5eb5646271d43596032a692389abc579,2c5cc1af74fc5f3955e44361b82b791710e4b63bbc69b0c15570617e2d86e543,True
2023_14_NE_PIT,2023,14,PIT,NE,0.6419864339560819,4.889919725229884,37.11982781366534,13.668513425567635,-0.08600678224104519,0.2631935994938074,2022,A0-DYNAMIC-OPPONENT-ADJUSTED-JOINT-SCORE-V1,5f148219527b07d85261d3f196ace97a5eb5646271d43596032a692389abc579,2c5cc1af74fc5f3955e44361b82b791710e4b63bbc69b0c15570617e2d86e543,0.4931,-0.3923,39.9481,235.33733444344435,267.902596649665,-20.0,19.0,20.0,62.0,2022,B0-POSSESSION-DRIVE-SCORE-PROCESS-V1,5f148219527b07d85261d3f196ace97a5eb5646271d43596032a692389abc579,2c5cc1af74fc5f3955e44361b82b791710e4b63bbc69b0c15570617e2d86e543,6.0,30.0,-0.4066078389712799,-0.21918577081673668,5.59339216102872,29.780814229183264,historical_closing_late_benchmark_exact_horizon_opaque,2022,C0-MARKET-RESIDUAL-MARGIN-TOTAL-V1,5f148219527b07d85261d3f196ace97a5eb5646271d43596032a692389abc579,2c5cc1af74fc5f3955e44361b82b791710e4b63bbc69b0c15570617e2d86e543,True
2023_14_PHI_DAL,2023,14,DAL,PHI,0.6146363863899771,3.9173793502678507,48.94799850136685,13.668513425567635,0.07213740181533213,-0.12128284631960418,2022,A0-DYNAMIC-OPPONENT-ADJUSTED-JOINT-SCORE-V1,5f148219527b07d85261d3f196ace97a5eb5646271d43596032a692389abc579,2c5cc1af74fc5f3955e44361b82b791710e4b63bbc69b0c15570617e2d86e543,0.6246999999999999,6.0623,53.6909,342.3388525952595,394.8280399939994,-17.0,30.0,30.0,80.0,2022,B0-POSSESSION-DRIVE-SCORE-PROCESS-V1,5f148219527b07d85261d3f196ace97a5eb5646271d43596032a692389abc579,2c5cc1af74fc5f3955e44361b82b791710e4b63bbc69b0c15570617e2d86e543,3.5,52.5,-0.7643645126834447,0.4326764258430197,2.7356354873165554,52.93267642584302,historical_closing_late_benchmark_exact_horizon_opaque,2022,C0-MARKET-RESIDUAL-MARGIN-TOTAL-V1,5f148219527b07d85261d3f196ace97a5eb5646271d43596032a692389abc579,2c5cc1af74fc5f3955e44361b82b791710e4b63bbc69b0c15570617e2d86e543,True
2023_14_SEA_SF,2023,14,SF,SEA,0.7352389474536575,8.45159651281676,48.570780146095515,13.668513425567635,0.4151850561990856,0.20423491594257426,2022,A0-DYNAMIC-OPPONENT-ADJUSTED-JOINT-SCORE-V1,5f148219527b07d85261d3f196ace97a5eb5646271d43596032a692389abc579,2c5cc1af74fc5f3955e44361b82b791710e4b63bbc69b0c15570617e2d86e543,0.63255,6.1436,50.8462,322.36661570157014,372.20376593659364,-16.0,29.0,27.0,77.0,2022,B0-POSSESSION-DRIVE-SCORE-PROCESS-V1,5f148219527b07d85261d3f196ace97a5eb5646271d43596032a692389abc579,2c5cc1af74fc5f3955e44361b82b791710e4b63bbc69b0c15570617e2d86e543,14.5,44.5,-0.12501561826044466,-0.5324024242960471,14.374984381739555,43.967597575703955,historical_closing_late_benchmark_exact_horizon_opaque,2022,C0-MARKET-RESIDUAL-MARGIN-TOTAL-V1,5f148219527b07d85261d3f196ace97a5eb5646271d43596032a692389abc579,2c5cc1af74fc5f3955e44361b82b791710e4b63bbc69b0c15570617e2d86e543,True
2023_14_TB_ATL,2023,14,ATL,TB,0.5500662724531119,1.6914168152342484,40.5620274453047,13.668513425567635,0.14669372767051492,0.140589440098788,2022,A0-DYNAMIC-OPPONENT-ADJUSTED-JOINT-SCORE-V1,5f148219527b07d85261d3f196ace97a5eb5646271d43596032a692389abc579,2c5cc1af74fc5f3955e44361b82b791710e4b63bbc69b0c15570617e2d86e543,0.5394,1.7689,51.1119,317.076200410041,365.7201504050405,-21.0,24.0,27.0,77.0,2022,B0-POSSESSION-DRIVE-SCORE-PROCESS-V1,5f148219527b07d85261d3f196ace97a5eb5646271d43596032a692389abc579,2c5cc1af74fc5f3955e44361b82b791710e4b63bbc69b0c15570617e2d86e543,1.5,41.5,-0.3422516649293964,0.3110094697781495,1.1577483350706035,41.81100946977815,historical_closing_late_benchmark_exact_horizon_opaque,2022,C0-MARKET-RESIDUAL-MARGIN-TOTAL-V1,5f148219527b07d85261d3f196ace97a5eb5646271d43596032a692389abc579,2c5cc1af74fc5f3955e44361b82b791710e4b63bbc69b0c15570617e2d86e543,True
2023_14_TEN_MIA,2023,14,MIA,TEN,0.683789173097296,6.429692621888144,43.88164640929132,13.668513425567635,0.24996867717495916,0.018651283624178082,2022,A0-DYNAMIC-OPPONENT-ADJUSTED-JOINT-SCORE-V1,5f148219527b07d85261d3f196ace97a5eb5646271d43596032a692389abc579,2c5cc1af74fc5f3955e44361b82b791710e4b63bbc69b0c15570617e2d86e543,0.5795,3.554,50.8834,319.8374677467747,379.0463090709071,-19.09999999999991,26.0,27.0,77.0,2022,B0-POSSESSION-DRIVE-SCORE-PROCESS-V1,5f148219527b07d85261d3f196ace97a5eb5646271d43596032a692389abc579,2c5cc1af74fc5f3955e44361b82b791710e4b63bbc69b0c15570617e2d86e543,14.0,45.0,-0.6791012711089395,0.28800411615492594,13.320898728891061,45.28800411615492,historical_closing_late_benchmark_exact_horizon_opaque,2022,C0-MARKET-RESIDUAL-MARGIN-TOTAL-V1,5f148219527b07d85261d3f196ace97a5eb5646271d43596032a692389abc579,2c5cc1af74fc5f3955e44361b82b791710e4b63bbc69b0c15570617e2d86e543,True
2023_15_ATL_CAR,2023,15,CAR,ATL,0.46753928867011985,-1.094961038964673,36.86118924356229,13.668513425567635,0.17362093401492928,0.06440676339874174,2022,A0-DYNAMIC-OPPONENT-ADJUSTED-JOINT-SCORE-V1,5f148219527b07d85261d3f196ace97a5eb5646271d43596032a692389abc579,2c5cc1af74fc5f3955e44361b82b791710e4b63bbc69b0c15570617e2d86e543,0.4733,-0.8559,47.9023,285.4006752575258,325.92254696469644,-22.0,21.0,26.0,72.0,2022,B0-POSSESSION-DRIVE-SCORE-PROCESS-V1,5f148219527b07d85261d3f196ace97a5eb5646271d43596032a692389abc579,2c5cc1af74fc5f3955e44361b82b791710e4b63bbc69b0c15570617e2d86e543,-3.0,32.0,-0.27401479574847765,-0.09027047923864322,-3.2740147957484775,31.909729520761356,historical_closing_late_benchmark_exact_horizon_opaque,2022,C0-MARKET-RESIDUAL-MARGIN-TOTAL-V1,5f148219527b07d85261d3f196ace97a5eb5646271d43596032a692389abc579,2c5cc1af74fc5f3955e44361b82b791710e4b63bbc69b0c15570617e2d86e543,True
2023_15_BAL_JAX,2023,15,JAX,BAL,0.5260283941630922,0.8776399998697535,43.73867989626744,13.668513425567635,0.5027884350163794,-0.09675181018268345,2022,A0-DYNAMIC-OPPONENT-ADJUSTED-JOINT-SCORE-V1,5f148219527b07d85261d3f196ace97a5eb5646271d43596032a692389abc579,2c5cc1af74fc5f3955e44361b82b791710e4b63bbc69b0c15570617e2d86e543,0.36815,-5.952,48.4756,293.3706330633064,343.8461892589259,-28.0,15.0,26.0,73.0,2022,B0-POSSESSION-DRIVE-SCORE-PROCESS-V1,5f148219527b07d85261d3f196ace97a5eb5646271d43596032a692389abc579,2c5cc1af74fc5f3955e44361b82b791710e4b63bbc69b0c15570617e2d86e543,-4.0,42.5,-0.07482637093332006,0.09992173312636805,-4.07482637093332,42.599921733126365,historical_closing_late_benchmark_exact_horizon_opaque,2022,C0-MARKET-RESIDUAL-MARGIN-TOTAL-V1,5f148219527b07d85261d3f196ace97a5eb5646271d43596032a692389abc579,2c5cc1af74fc5f3955e44361b82b791710e4b63bbc69b0c15570617e2d86e543,True
2023_15_CHI_CLE,2023,15,CLE,CHI,0.5994397765870373,3.386056105795941,36.24510507554879,13.668513425567635,-0.010382515298749312,0.6289242624411466,2022,A0-DYNAMIC-OPPONENT-ADJUSTED-JOINT-SCORE-V1,5f148219527b07d85261d3f196ace97a5eb5646271d43596032a692389abc579,2c5cc1af74fc5f3955e44361b82b791710e4b63bbc69b0c15570617e2d86e543,0.4886,-0.4401,42.1623,260.85409739974,298.7344321532153,-21.0,20.0,21.0,65.0,2022,B0-POSSESSION-DRIVE-SCORE-PROCESS-V1,5f148219527b07d85261d3f196ace97a5eb5646271d43596032a692389abc579,2c5cc1af74fc5f3955e44361b82b791710e4b63bbc69b0c15570617e2d86e543,3.0,38.0,-0.34880648116207136,0.4381016989425932,2.6511935188379288,38.438101698942596,historical_closing_late_benchmark_exact_horizon_opaque,2022,C0-MARKET-RESIDUAL-MARGIN-TOTAL-V1,5f148219527b07d85261d3f196ace97a5eb5646271d43596032a692389abc579,2c5cc1af74fc5f3955e44361b82b791710e4b63bbc69b0c15570617e2d86e543,True
2023_15_DAL_BUF,2023,15,BUF,DAL,0.5298492509154621,1.0066994347743048,49.39961693569895,13.668513425567635,-0.025747556735280175,0.24083130553324222,2022,A0-DYNAMIC-OPPONENT-ADJUSTED-JOINT-SCORE-V1,5f148219527b07d85261d3f196ace97a5eb5646271d43596032a692389abc579,2c5cc1af74fc5f3955e44361b82b791710e4b63bbc69b0c15570617e2d86e543,0.48165,-0.7607,53.9841,334.5300885188518,389.6844156315631,-24.0,22.0,30.0,81.0,2022,B0-POSSESSION-DRIVE-SCORE-PROCESS-V1,5f148219527b07d85261d3f196ace97a5eb5646271d43596032a692389abc579,2c5cc1af74fc5f3955e44361b82b791710e4b63bbc69b0c15570617e2d86e543,2.0,49.5,-0.4256974060440711,-0.07502381952534916,1.574302593955929,49.42497618047465,historical_closing_late_benchmark_exact_horizon_opaque,2022,C0-MARKET-RESIDUAL-MARGIN-TOTAL-V1,5f148219527b07d85261d3f196ace97a5eb5646271d43596032a692389abc579,2c5cc1af74fc5f3955e44361b82b791710e4b63bbc69b0c15570617e2d86e543,True
2023_15_DEN_DET,2023,15,DET,DEN,0.661680683758519,5.60613206491027,42.86394553331127,13.668513425567635,0.22463367581826196,0.08365569076356612,2022,A0-DYNAMIC-OPPONENT-ADJUSTED-JOINT-SCORE-V1,5f148219527b07d85261d3f196ace97a5eb5646271d43596032a692389abc579,2c5cc1af74fc5f3955e44361b82b791710e4b63bbc69b0c15570617e2d86e543,0.5631,2.7991,45.6581,279.571296319632,318.1496193519352,-18.0,24.0,24.0,69.0,2022,B0-POSSESSION-DRIVE-SCORE-PROCESS-V1,5f148219527b07d85261d3f196ace97a5eb5646271d43596032a692389abc579,2c5cc1af74fc5f3955e44361b82b791710e4b63bbc69b0c15570617e2d86e543,5.5,49.0,-0.30634456965772616,0.4810492129306737,5.1936554303422735,49.48104921293067,historical_closing_late_benchmark_exact_horizon_opaque,2022,C0-MARKET-RESIDUAL-MARGIN-TOTAL-V1,5f148219527b07d85261d3f196ace97a5eb5646271d43596032a692389abc579,2c5cc1af74fc5f3955e44361b82b791710e4b63bbc69b0c15570617e2d86e543,True
2023_15_HOU_TEN,2023,15,TEN,HOU,0.5779521663849692,2.643509523220988,40.378100755906615,13.668513425567635,-0.28856962734130687,0.16863339723927595,2022,A0-DYNAMIC-OPPONENT-ADJUSTED-JOINT-SCORE-V1,5f148219527b07d85261d3f196ace97a5eb5646271d43596032a692389abc579,2c5cc1af74fc5f3955e44361b82b791710e4b63bbc69b0c15570617e2d86e543,0.6063999999999999,4.8008,48.5518,304.76379573957394,337.57947470747075,-17.0,27.0,26.0,73.0,2022,B0-POSSESSION-DRIVE-SCORE-PROCESS-V1,5f148219527b07d85261d3f196ace97a5eb5646271d43596032a692389abc579,2c5cc1af74fc5f3955e44361b82b791710e4b63bbc69b0c15570617e2d86e543,3.0,38.0,-0.25113224545154433,0.010577975650021401,2.7488677545484554,38.01057797565002,historical_closing_late_benchmark_exact_horizon_opaque,2022,C0-MARKET-RESIDUAL-MARGIN-TOTAL-V1,5f148219527b07d85261d3f196ace97a5eb5646271d43596032a692389abc579,2c5cc1af74fc5f3955e44361b82b791710e4b63bbc69b0c15570617e2d86e543,True
2023_15_KC_NE,2023,15,NE,KC,0.35206648008788044,-5.1046433258918,40.79190540798639,13.668513425567635,-0.05147784762624016,-0.1365646835303077,2022,A0-DYNAMIC-OPPONENT-ADJUSTED-JOINT-SCORE-V1,5f148219527b07d85261d3f196ace97a5eb5646271d43596032a692389abc579,2c5cc1af74fc5f3955e44361b82b791710e4b63bbc69b0c15570617e2d86e543,0.444,-2.2738,45.8902,270.5718907490749,323.0936533253325,-23.0,18.0,24.0,70.0,2022,B0-POSSESSION-DRIVE-SCORE-PROCESS-V1,5f148219527b07d85261d3f196ace97a5eb5646271d43596032a692389abc579,2c5cc1af74fc5f3955e44361b82b791710e4b63bbc69b0c15570617e2d86e543,-10.0,39.5,-0.6233518553321996,0.3346480323335075,-10.6233518553322,39.834648032333504,historical_closing_late_benchmark_exact_horizon_opaque,2022,C0-MARKET-RESIDUAL-MARGIN-TOTAL-V1,5f148219527b07d85261d3f196ace97a5eb5646271d43596032a692389abc579,2c5cc1af74fc5f3955e44361b82b791710e4b63bbc69b0c15570617e2d86e543,True
2023_15_LAC_LV,2023,15,LV,LAC,0.4686320533184457,-1.0580224781490415,39.42218552095731,13.668513425567635,-0.08805895000450142,-0.2090581248069597,2022,A0-DYNAMIC-OPPONENT-ADJUSTED-JOINT-SCORE-V1,5f148219527b07d85261d3f196ace97a5eb5646271d43596032a692389abc579,2c5cc1af74fc5f3955e44361b82b791710e4b63bbc69b0c15570617e2d86e543,0.46094999999999997,-1.7469,51.6985,320.92113250325036,358.5068484348435,-24.0,21.0,28.0,77.0,2022,B0-POSSESSION-DRIVE-SCORE-PROCESS-V1,5f148219527b07d85261d3f196ace97a5eb5646271d43596032a692389abc579,2c5cc1af74fc5f3955e44361b82b791710e4b63bbc69b0c15570617e2d86e543,3.0,36.0,-0.5865553769052981,-0.049853953262821424,2.4134446230947018,35.95014604673718,historical_closing_late_benchmark_exact_horizon_opaque,2022,C0-MARKET-RESIDUAL-MARGIN-TOTAL-V1,5f148219527b07d85261d3f196ace97a5eb5646271d43596032a692389abc579,2c5cc1af74fc5f3955e44361b82b791710e4b63bbc69b0c15570617e2d86e543,True
2023_15_MIN_CIN,2023,15,CIN,MIN,0.6205424473357363,4.1254913048479125,43.66403100139217,13.668513425567635,-0.04534339173591442,0.43622096359263274,2022,A0-DYNAMIC-OPPONENT-ADJUSTED-JOINT-SCORE-V1,5f148219527b07d85261d3f196ace97a5eb5646271d43596032a692389abc579,2c5cc1af74fc5f3955e44361b82b791710e4b63bbc69b0c15570617e2d86e543,0.47719999999999996,-0.9146,46.4736,286.85819265926597,310.1931223522352,-23.0,21.0,25.0,70.0,2022,B0-POSSESSION-DRIVE-SCORE-PROCESS-V1,5f148219527b07d85261d3f196ace97a5eb5646271d43596032a692389abc579,2c5cc1af74fc5f3955e44361b82b791710e4b63bbc69b0c15570617e2d86e543,3.0,41.5,-0.30287923126412575,-0.1135827117857914,2.697120768735874,41.38641728821421,historical_closing_late_benchmark_exact_horizon_opaque,2022,C0-MARKET-RESIDUAL-MARGIN-TOTAL-V1,5f148219527b07d85261d3f196ace97a5eb5646271d43596032a692389abc579,2c5cc1af74fc5f3955e44361b82b791710e4b63bbc69b0c15570617e2d86e543,True
2023_15_NYG_NO,2023,15,NO,NYG,0.6486799017322402,5.131683044255617,37.66544646278148,13.668513425567635,-0.3923878071546124,0.3192859204141495,2022,A0-DYNAMIC-OPPONENT-ADJUSTED-JOINT-SCORE-V1,5f148219527b07d85261d3f196ace97a5eb5646271d43596032a692389abc579,2c5cc1af74fc5f3955e44361b82b791710e4b63bbc69b0c15570617e2d86e543,0.7167,9.2445,44.2821,266.0189216421642,299.07982757275727,-11.0,30.0,23.0,68.0,2022,B0-POSSESSION-DRIVE-SCORE-PROCESS-V1,5f148219527b07d85261d3f196ace97a5eb5646271d43596032a692389abc579,2c5cc1af74fc5f3955e44361b82b791710e4b63bbc69b0c15570617e2d86e543,6.0,39.5,-0.5729499636078069,0.4741561880393208,5.427050036392193,39.97415618803932,historical_closing_late_benchmark_exact_horizon_opaque,2022,C0-MARKET-RESIDUAL-MARGIN-TOTAL-V1,5f148219527b07d85261d3f196ace97a5eb5646271d43596032a692389abc579,2c5cc1af74fc5f3955e44361b82b791710e4b63bbc69b0c15570617e2d86e543,True
2023_15_NYJ_MIA,2023,15,MIA,NYJ,0.7523747659421092,9.167341583381674,38.477422643540905,13.668513425567635,0.29904112473359845,-0.36742104021551536,2022,A0-DYNAMIC-OPPONENT-ADJUSTED-JOINT-SCORE-V1,5f148219527b07d85261d3f196ace97a5eb5646271d43596032a692389abc579,2c5cc1af74fc5f3955e44361b82b791710e4b63bbc69b0c15570617e2d86e543,0.6819999999999999,7.7119,44.6039,275.17961635163516,313.09051384138417,-13.0,29.0,23.0,68.0,2022,B0-POSSESSION-DRIVE-SCORE-PROCESS-V1,5f148219527b07d85261d3f196ace97a5eb5646271d43596032a692389abc579,2c5cc1af74fc5f3955e44361b82b791710e4b63bbc69b0c15570617e2d86e543,7.5,36.0,-0.027632123104584294,0.06644781235453837,7.472367876895416,36.06644781235454,historical_closing_late_benchmark_exact_horizon_opaque,2022,C0-MARKET-RESIDUAL-MARGIN-TOTAL-V1,5f148219527b07d85261d3f196ace97a5eb5646271d43596032a692389abc579,2c5cc1af74fc5f3955e44361b82b791710e4b63bbc69b0c15570617e2d86e543,True
2023_15_PHI_SEA,2023,15,SEA,PHI,0.49954271219396645,-0.015408142558705151,44.61217318243668,13.668513425567635,-0.27115739001492783,0.06310465372048006,2022,A0-DYNAMIC-OPPONENT-ADJUSTED-JOINT-SCORE-V1,5f148219527b07d85261d3f196ace97a5eb5646271d43596032a692389abc579,2c5cc1af74fc5f3955e44361b82b791710e4b63bbc69b0c15570617e2d86e543,0.49350000000000005,-0.1757,49.3749,313.2823577457746,356.7492249124913,-23.0,22.0,26.0,74.10000000000036,2022,B0-POSSESSION-DRIVE-SCORE-PROCESS-V1,5f148219527b07d85261d3f196ace97a5eb5646271d43596032a692389abc579,2c5cc1af74fc5f3955e44361b82b791710e4b63bbc69b0c15570617e2d86e543,-5.0,46.0,-0.1514406641954906,0.1829887094515807,-5.151440664195491,46.18298870945158,historical_closing_late_benchmark_exact_horizon_opaque,2022,C0-MARKET-RESIDUAL-MARGIN-TOTAL-V1,5f148219527b07d85261d3f196ace97a5eb5646271d43596032a692389abc579,2c5cc1af74fc5f3955e44361b82b791710e4b63bbc69b0c15570617e2d86e543,True
2023_15_PIT_IND,2023,15,IND,PIT,0.5127418106325091,0.42940349587076554,39.67502595636234,13.668513425567635,-0.009914319782687975,-0.7058971869537178,2022,A0-DYNAMIC-OPPONENT-ADJUSTED-JOINT-SCORE-V1,5f148219527b07d85261d3f196ace97a5eb5646271d43596032a692389abc579,2c5cc1af74fc5f3955e44361b82b791710e4b63bbc69b0c15570617e2d86e543,0.4844,-0.7109,44.6915,269.13163435343535,308.40076782678267,-22.0,20.0,23.0,68.0,2022,B0-POSSESSION-DRIVE-SCORE-PROCESS-V1,5f148219527b07d85261d3f196ace97a5eb5646271d43596032a692389abc579,2c5cc1af74fc5f3955e44361b82b791710e4b63bbc69b0c15570617e2d86e543,1.5,41.5,0.050614878556430876,0.08069069086085674,1.5506148785564309,41.580690690860855,historical_closing_late_benchmark_exact_horizon_opaque,2022,C0-MARKET-RESIDUAL-MARGIN-TOTAL-V1,5f148219527b07d85261d3f196ace97a5eb5646271d43596032a692389abc579,2c5cc1af74fc5f3955e44361b82b791710e4b63bbc69b0c15570617e2d86e543,True
2023_15_SF_ARI,2023,15,ARI,SF,0.23820587165125978,-9.572003934124194,45.09573231787792,13.668513425567635,-0.47801884620188995,-0.4416207510628887,2022,A0-DYNAMIC-OPPONENT-ADJUSTED-JOINT-SCORE-V1,5f148219527b07d85261d3f196ace97a5eb5646271d43596032a692389abc579,2c5cc1af74fc5f3955e44361b82b791710e4b63bbc69b0c15570617e2d86e543,0.31134999999999996,-8.8927,51.9615,328.0793946494649,387.5991776677668,-32.0,14.0,28.0,78.0,2022,B0-POSSESSION-DRIVE-SCORE-PROCESS-V1,5f148219527b07d85261d3f196ace97a5eb5646271d43596032a692389abc579,2c5cc1af74fc5f3955e44361b82b791710e4b63bbc69b0c15570617e2d86e543,-12.5,48.0,-1.3899309792518832,0.8723544264426046,-13.889930979251883,48.872354426442605,historical_closing_late_benchmark_exact_horizon_opaque,2022,C0-MARKET-RESIDUAL-MARGIN-TOTAL-V1,5f148219527b07d85261d3f196ace97a5eb5646271d43596032a692389abc579,2c5cc1af74fc5f3955e44361b82b791710e4b63bbc69b0c15570617e2d86e543,True
2023_15_TB_GB,2023,15,GB,TB,0.6182401933148844,4.0442518550174995,44.411407202959005,13.668513425567635,0.2417387827155829,0.1974534524835827,2022,A0-DYNAMIC-OPPONENT-ADJUSTED-JOINT-SCORE-V1,5f148219527b07d85261d3f196ace97a5eb5646271d43596032a692389abc579,2c5cc1af74fc5f3955e44361b82b791710e4b63bbc69b0c15570617e2d86e543,0.5790500000000001,3.6186,50.0404,310.12674671467147,364.31039887988794,-19.0,27.0,27.0,75.0,2022,B0-POSSESSION-DRIVE-SCORE-PROCESS-V1,5f148219527b07d85261d3f196ace97a5eb5646271d43596032a692389abc579,2c5cc1af74fc5f3955e44361b82b791710e4b63bbc69b0c15570617e2d86e543,4.0,41.5,-0.17307843169263873,-0.11227967981261848,3.826921568307361,41.387720320187384,historical_closing_late_benchmark_exact_horizon_opaque,2022,C0-MARKET-RESIDUAL-MARGIN-TOTAL-V1,5f148219527b07d85261d3f196ace97a5eb5646271d43596032a692389abc579,2c5cc1af74fc5f3955e44361b82b791710e4b63bbc69b0c15570617e2d86e543,True
2023_15_WAS_LA,2023,15,LA,WAS,0.5952436207046142,3.2403069772020743,38.838801507231295,13.668513425567635,0.006077927085890791,-0.11645452930417363,2022,A0-DYNAMIC-OPPONENT-ADJUSTED-JOINT-SCORE-V1,5f148219527b07d85261d3f196ace97a5eb5646271d43596032a692389abc579,2c5cc1af74fc5f3955e44361b82b791710e4b63bbc69b0c15570617e2d86e543,0.6444500000000001,6.4692,48.2282,305.22717407740765,341.9761223722373,-15.0,29.0,26.0,72.0,2022,B0-POSSESSION-DRIVE-SCORE-PROCESS-V1,5f148219527b07d85261d3f196ace97a5eb5646271d43596032a692389abc579,2c5cc1af74fc5f3955e44361b82b791710e4b63bbc69b0c15570617e2d86e543,6.5,48.5,0.5500696610277834,0.26684545979063423,7.050069661027783,48.76684545979064,historical_closing_late_benchmark_exact_horizon_opaque,2022,C0-MARKET-RESIDUAL-MARGIN-TOTAL-V1,5f148219527b07d85261d3f196ace97a5eb5646271d43596032a692389abc579,2c5cc1af74fc5f3955e44361b82b791710e4b63bbc69b0c15570617e2d86e543,True
2023_16_ARI_CHI,2023,16,CHI,ARI,0.5795740191978196,2.6992471265987312,36.351545364478355,13.668513425567635,-0.009109407731718339,-0.24554207104941952,2022,A0-DYNAMIC-OPPONENT-ADJUSTED-JOINT-SCORE-V1,5f148219527b07d85261d3f196ace97a5eb5646271d43596032a692389abc579,2c5cc1af74fc5f3955e44361b82b791710e4b63bbc69b0c15570617e2d86e543,0.5769,3.3321,43.4551,274.44385397539753,305.2221062006201,-17.0,24.0,23.0,66.0,2022,B0-POSSESSION-DRIVE-SCORE-PROCESS-V1,5f148219527b07d85261d3f196ace97a5eb5646271d43596032a692389abc579,2c5cc1af74fc5f3955e44361b82b791710e4b63bbc69b0c15570617e2d86e543,4.5,42.0,-0.43537896080768845,0.6800784743966558,4.064621039192311,42.68007847439666,historical_closing_late_benchmark_exact_horizon_opaque,2022,C0-MARKET-RESIDUAL-MARGIN-TOTAL-V1,5f148219527b07d85261d3f196ace97a5eb5646271d43596032a692389abc579,2c5cc1af74fc5f3955e44361b82b791710e4b63bbc69b0c15570617e2d86e543,True
2023_16_BAL_SF,2023,16,SF,BAL,0.7054540917650319,7.260843694080741,49.45485135871723,13.668513425567635,0.6659790798516246,-0.01759734935047541,2022,A0-DYNAMIC-OPPONENT-ADJUSTED-JOINT-SCORE-V1,5f148219527b07d85261d3f196ace97a5eb5646271d43596032a692389abc579,2c5cc1af74fc5f3955e44361b82b791710e4b63bbc69b0c15570617e2d86e543,0.56235,2.8389,53.3959,328.8818349734973,393.23028621862187,-20.0,26.0,30.0,79.0,2022,B0-POSSESSION-DRIVE-SCORE-PROCESS-V1,5f148219527b07d85261d3f196ace97a5eb5646271d43596032a692389abc579,2c5cc1af74fc5f3955e44361b82b791710e4b63bbc69b0c15570617e2d86e543,6.5,47.5,-0.21739000601657912,-0.074798595342758,6.282609993983421,47.425201404657244,historical_closing_late_benchmark_exact_horizon_opaque,2022,C0-MARKET-RESIDUAL-MARGIN-TOTAL-V1,5f148219527b07d85261d3f196ace97a5eb5646271d43596032a692389abc579,2c5cc1af74fc5f3955e44361b82b791710e4b63bbc69b0c15570617e2d86e543,True
2023_16_BUF_LAC,2023,16,LAC,BUF,0.4236649450443358,-2.587980080636477,44.90415372152794,13.668513425567635,-0.14840552999260043,-0.030964933729089976,2022,A0-DYNAMIC-OPPONENT-ADJUSTED-JOINT-SCORE-V1,5f148219527b07d85261d3f196ace97a5eb5646271d43596032a692389abc579,2c5cc1af74fc5f3955e44361b82b791710e4b63bbc69b0c15570617e2d86e543,0.3821,-5.4671,52.0507,320.4215597459746,382.60398990899085,-28.0,17.0,28.0,78.0,2022,B0-POSSESSION-DRIVE-SCORE-PROCESS-V1,5f148219527b07d85261d3f196ace97a5eb5646271d43596032a692389abc579,2c5cc1af74fc5f3955e44361b82b791710e4b63bbc69b0c15570617e2d86e543,-13.0,44.5,-0.3395788328574173,0.27347876723483766,-13.339578832857418,44.773478767234835,historical_closing_late_benchmark_exact_horizon_opaque,2022,C0-MARKET-RESIDUAL-MARGIN-TOTAL-V1,5f148219527b07d85261d3f196ace97a5eb5646271d43596032a692389abc579,2c5cc1af74fc5f3955e44361b82b791710e4b63bbc69b0c15570617e2d86e543,True
2023_16_CIN_PIT,2023,16,PIT,CIN,0.45903060159395337,-1.3828837689242768,41.991158633993805,13.668513425567635,-0.24089332628815446,0.12019172621628804,2022,A0-DYNAMIC-OPPONENT-ADJUSTED-JOINT-SCORE-V1,5f148219527b07d85261d3f196ace97a5eb5646271d43596032a692389abc579,2c5cc1af74fc5f3955e44361b82b791710e4b63bbc69b0c15570617e2d86e543,0.55655,2.3412,43.7628,263.3469172517252,304.59039519952,-18.0,23.0,23.0,67.0,2022,B0-POSSESSION-DRIVE-SCORE-PROCESS-V1,5f148219527b07d85261d3f196ace97a5eb5646271d43596032a692389abc579,2c5cc1af74fc5f3955e44361b82b791710e4b63bbc69b0c15570617e2d86e543,-3.0,39.5,-0.3298212758699732,-0.026308768860364054,-3.329821275869973,39.47369123113963,historical_closing_late_benchmark_exact_horizon_opaque,2022,C0-MARKET-RESIDUAL-MARGIN-TOTAL-V1,5f148219527b07d85261d3f196ace97a5eb5646271d43596032a692389abc579,2c5cc1af74fc5f3955e44361b82b791710e4b63bbc69b0c15570617e2d86e543,True
2023_16_CLE_HOU,2023,16,HOU,CLE,0.5666712008808382,2.2570212205899516,36.440675897220785,13.668513425567635,0.157271233093484,-0.40480177719979293,2022,A0-DYNAMIC-OPPONENT-ADJUSTED-JOINT-SCORE-V1,5f148219527b07d85261d3f196ace97a5eb5646271d43596032a692389abc579,2c5cc1af74fc5f3955e44361b82b791710e4b63bbc69b0c15570617e2d86e543,0.5343500000000001,1.4231,45.2369,278.46413280328034,316.8164600360036,-20.0,23.0,23.0,69.0,2022,B0-POSSESSION-DRIVE-SCORE-PROCESS-V1,5f148219527b07d85261d3f196ace97a5eb5646271d43596032a692389abc579,2c5cc1af74fc5f3955e44361b82b791710e4b63bbc69b0c15570617e2d86e543,-3.0,40.0,-0.06602535138090304,0.520847349314201,-3.066025351380903,40.5208473493142,historical_closing_late_benchmark_exact_horizon_opaque,2022,C0-MARKET-RESIDUAL-MARGIN-TOTAL-V1,5f148219527b07d85261d3f196ace97a5eb5646271d43596032a692389abc579,2c5cc1af74fc5f3955e44361b82b791710e4b63bbc69b0c15570617e2d86e543,True
2023_16_DAL_MIA,2023,16,MIA,DAL,0.55609402983411,1.8963383897688253,47.909112163002774,13.668513425567635,-0.30695022193639565,0.1128667599751581,2022,A0-DYNAMIC-OPPONENT-ADJUSTED-JOINT-SCORE-V1,5f148219527b07d85261d3f196ace97a5eb5646271d43596032a692389abc579,2c5cc1af74fc5f3955e44361b82b791710e4b63bbc69b0c15570617e2d86e543,0.42595,-3.4254,53.6236,339.62479731973195,391.3088539253925,-27.0,20.0,30.0,80.0,2022,B0-POSSESSION-DRIVE-SCORE-PROCESS-V1,5f148219527b07d85261d3f196ace97a5eb5646271d43596032a692389abc579,2c5cc1af74fc5f3955e44361b82b791710e4b63bbc69b0c15570617e2d86e543,1.5,48.5,-0.3703166707993744,0.04878037057654245,1.1296833292006256,48.548780370576544,historical_closing_late_benchmark_exact_horizon_opaque,2022,C0-MARKET-RESIDUAL-MARGIN-TOTAL-V1,5f148219527b07d85261d3f196ace97a5eb5646271d43596032a692389abc579,2c5cc1af74fc5f3955e44361b82b791710e4b63bbc69b0c15570617e2d86e543,True
2023_16_DET_MIN,2023,16,MIN,DET,0.4703710522508021,-0.9992557113055724,44.77646264645856,13.668513425567635,-0.018511181391642068,-0.2820452944561237,2022,A0-DYNAMIC-OPPONENT-ADJUSTED-JOINT-SCORE-V1,5f148219527b07d85261d3f196ace97a5eb5646271d43596032a692389abc579,2c5cc1af74fc5f3955e44361b82b791710e4b63bbc69b0c15570617e2d86e543,0.5657,2.8869,50.2183,309.58546693669365,355.6458096909691,-20.0,25.0,27.0,75.0,2022,B0-POSSESSION-DRIVE-SCORE-PROCESS-V1,5f148219527b07d85261d3f196ace97a5eb5646271d43596032a692389abc579,2c5cc1af74fc5f3955e44361b82b791710e4b63bbc69b0c15570617e2d86e543,-2.5,47.5,-0.29961462768810515,0.17143307413116116,-2.799614627688105,47.67143307413116,historical_closing_late_benchmark_exact_horizon_opaque,2022,C0-MARKET-RESIDUAL-MARGIN-TOTAL-V1,5f148219527b07d85261d3f196ace97a5eb5646271d43596032a692389abc579,2c5cc1af74fc5f3955e44361b82b791710e4b63bbc69b0c15570617e2d86e543,True
2023_16_GB_CAR,2023,16,CAR,GB,0.3991941487364831,-3.4335904832485085,40.57405101001216,13.668513425567635,0.07857587896986132,0.0075427510139470105,2022,A0-DYNAMIC-OPPONENT-ADJUSTED-JOINT-SCORE-V1,5f148219527b07d85261d3f196ace97a5eb5646271d43596032a692389abc579,2c5cc1af74fc5f3955e44361b82b791710e4b63bbc69b0c15570617e2d86e543,0.46115,-1.3285,46.6565,280.85007275727577,337.71287903790375,-22.0,20.0,24.0,71.0,2022,B0-POSSESSION-DRIVE-SCORE-PROCESS-V1,5f148219527b07d85261d3f196ace97a5eb5646271d43596032a692389abc579,2c5cc1af74fc5f3955e44361b82b791710e4b63bbc69b0c15570617e2d86e543,-3.5,39.5,-0.3913612706377657,0.07859221434708394,-3.891361270637766,39.57859221434708,historical_closing_late_benchmark_exact_horizon_opaque,2022,C0-MARKET-RESIDUAL-MARGIN-TOTAL-V1,5f148219527b07d85261d3f196ace97a5eb5646271d43596032a692389abc579,2c5cc1af74fc5f3955e44361b82b791710e4b63bbc69b0c15570617e2d86e543,True
2023_16_IND_ATL,2023,16,ATL,IND,0.5655409652567576,2.218406998134821,39.70567352439164,13.668513425567635,0.006544831992840491,0.46237841092833704,2022,A0-DYNAMIC-OPPONENT-ADJUSTED-JOINT-SCORE-V1,5f148219527b07d85261d3f196ace97a5eb5646271d43596032a692389abc579,2c5cc1af74fc5f3955e44361b82b791710e4b63bbc69b0c15570617e2d86e543,0.5544,2.2931,51.6131,321.079700360036,363.2585342434243,-21.0,25.0,28.0,77.0,2022,B0-POSSESSION-DRIVE-SCORE-PROCESS-V1,5f148219527b07d85261d3f196ace97a5eb5646271d43596032a692389abc579,2c5cc1af74fc5f3955e44361b82b791710e4b63bbc69b0c15570617e2d86e543,3.0,44.0,-0.2586607520166352,0.41500498567596744,2.741339247983365,44.41500498567597,historical_closing_late_benchmark_exact_horizon_opaque,2022,C0-MARKET-RESIDUAL-MARGIN-TOTAL-V1,5f148219527b07d85261d3f196ace97a5eb5646271d43596032a692389abc579,2c5cc1af74fc5f3955e44361b82b791710e4b63bbc69b0c15570617e2d86e543,True
2023_16_JAX_TB,2023,16,TB,JAX,0.554082117618031,1.8278941207084571,43.65969332173918,13.668513425567635,-0.38280108018712006,-0.28728780898955414,2022,A0-DYNAMIC-OPPONENT-ADJUSTED-JOINT-SCORE-V1,5f148219527b07d85261d3f196ace97a5eb5646271d43596032a692389abc579,2c5cc1af74fc5f3955e44361b82b791710e4b63bbc69b0c15570617e2d86e543,0.6018,4.6184,48.7588,304.17579901990194,343.37035959595954,-17.0,27.0,26.0,73.0,2022,B0-POSSESSION-DRIVE-SCORE-PROCESS-V1,5f148219527b07d85261d3f196ace97a5eb5646271d43596032a692389abc579,2c5cc1af74fc5f3955e44361b82b791710e4b63bbc69b0c15570617e2d86e543,-2.0,43.0,-0.19329462372933334,0.10148395177391435,-2.1932946237293334,43.101483951773915,historical_closing_late_benchmark_exact_horizon_opaque,2022,C0-MARKET-RESIDUAL-MARGIN-TOTAL-V1,5f148219527b07d85261d3f196ace97a5eb5646271d43596032a692389abc579,2c5cc1af74fc5f3955e44361b82b791710e4b63bbc69b0c15570617e2d86e543,True
2023_16_LV_KC,2023,16,KC,LV,0.7044220646814107,7.220640793221044,42.675655411534,13.668513425567635,0.07565842140649012,0.27885119932437286,2022,A0-DYNAMIC-OPPONENT-ADJUSTED-JOINT-SCORE-V1,5f148219527b07d85261d3f196ace97a5eb5646271d43596032a692389abc579,2c5cc1af74fc5f3955e44361b82b791710e4b63bbc69b0c15570617e2d86e543,0.6941999999999999,8.9784,52.3298,324.73540698069803,373.03193515351535,-13.0,32.0,29.0,78.0,2022,B0-POSSESSION-DRIVE-SCORE-PROCESS-V1,5f148219527b07d85261d3f196ace97a5eb5646271d43596032a692389abc579,2c5cc1af74fc5f3955e44361b82b791710e4b63bbc69b0c15570617e2d86e543,11.0,40.5,-0.05440887440504971,-0.27795636755607567,10.94559112559495,40.22204363244393,historical_closing_late_benchmark_exact_horizon_opaque,2022,C0-MARKET-RESIDUAL-MARGIN-TOTAL-V1,5f148219527b07d85261d3f196ace97a5eb5646271d43596032a692389abc579,2c5cc1af74fc5f3955e44361b82b791710e4b63bbc69b0c15570617e2d86e543,True
2023_16_NE_DEN,2023,16,DEN,NE,0.6093371332432925,3.7314468391991724,36.74245095712478,13.668513425567635,-0.005892558643596179,-0.09482948662255586,2022,A0-DYNAMIC-OPPONENT-ADJUSTED-JOINT-SCORE-V1,5f148219527b07d85261d3f196ace97a5eb5646271d43596032a692389abc579,2c5cc1af74fc5f3955e44361b82b791710e4b63bbc69b0c15570617e2d86e543,0.43065,-2.7513,38.8957,229.49119742974295,252.8833098409841,-22.0,16.0,20.0,60.0,2022,B0-POSSESSION-DRIVE-SCORE-PROCESS-V1,5f148219527b07d85261d3f196ace97a5eb5646271d43596032a692389abc579,2c5cc1af74fc5f3955e44361b82b791710e4b63bbc69b0c15570617e2d86e543,7.0,37.5,-0.6560223892044559,0.36537552290965786,6.343977610795545,37.86537552290966,historical_closing_late_benchmark_exact_horizon_opaque,2022,C0-MARKET-RESIDUAL-MARGIN-TOTAL-V1,5f148219527b07d85261d3f196ace97a5eb5646271d43596032a692389abc579,2c5cc1af74fc5f3955e44361b82b791710e4b63bbc69b0c15570617e2d86e543,True
2023_16_NO_LA,2023,16,LA,NO,0.5411337123919847,1.3884497605339519,39.786014718051106,13.668513425567635,0.1906691587817726,-0.28930999782842876,2022,A0-DYNAMIC-OPPONENT-ADJUSTED-JOINT-SCORE-V1,5f148219527b07d85261d3f196ace97a5eb5646271d43596032a692389abc579,2c5cc1af74fc5f3955e44361b82b791710e4b63bbc69b0c15570617e2d86e543,0.48965,-0.3776,48.1996,288.9145096909691,345.460905930593,-22.0,21.0,25.0,73.0,2022,B0-POSSESSION-DRIVE-SCORE-PROCESS-V1,5f148219527b07d85261d3f196ace97a5eb5646271d43596032a692389abc579,2c5cc1af74fc5f3955e44361b82b791710e4b63bbc69b0c15570617e2d86e543,4.0,45.5,-0.4670034018602444,0.6599344411089083,3.5329965981397558,46.15993444110891,historical_closing_late_benchmark_exact_horizon_opaque,2022,C0-MARKET-RESIDUAL-MARGIN-TOTAL-V1,5f148219527b07d85261d3f196ace97a5eb5646271d43596032a692389abc579,2c5cc1af74fc5f3955e44361b82b791710e4b63bbc69b0c15570617e2d86e543,True
2023_16_NYG_PHI,2023,16,PHI,NYG,0.7148025947875629,7.6280520790927575,41.55791899069207,13.668513425567635,0.060851397665137336,-0.01250624256715522,2022,A0-DYNAMIC-OPPONENT-ADJUSTED-JOINT-SCORE-V1,5f148219527b07d85261d3f196ace97a5eb5646271d43596032a692389abc579,2c5cc1af74fc5f3955e44361b82b791710e4b63bbc69b0c15570617e2d86e543,0.68735,8.2802,44.7544,273.9992878887889,318.49312995299533,-13.0,30.0,23.0,68.0,2022,B0-POSSESSION-DRIVE-SCORE-PROCESS-V1,5f148219527b07d85261d3f196ace97a5eb5646271d43596032a692389abc579,2c5cc1af74fc5f3955e44361b82b791710e4b63bbc69b0c15570617e2d86e543,14.0,41.0,-0.4746588700694472,-0.04022108629786571,13.525341129930553,40.95977891370213,historical_closing_late_benchmark_exact_horizon_opaque,2022,C0-MARKET-RESIDUAL-MARGIN-TOTAL-V1,5f148219527b07d85261d3f196ace97a5eb5646271d43596032a692389abc579,2c5cc1af74fc5f3955e44361b82b791710e4b63bbc69b0c15570617e2d86e543,True
2023_16_SEA_TEN,2023,16,TEN,SEA,0.5044012254848367,0.1483006317701232,41.68328378525126,13.668513425567635,-0.21362410728109488,-0.09017202368910424,2022,A0-DYNAMIC-OPPONENT-ADJUSTED-JOINT-SCORE-V1,5f148219527b07d85261d3f196ace97a5eb5646271d43596032a692389abc579,2c5cc1af74fc5f3955e44361b82b791710e4b63bbc69b0c15570617e2d86e543,0.48535,-0.6083,49.1719,313.247595869587,350.14316470647066,-23.0,22.0,27.0,74.0,2022,B0-POSSESSION-DRIVE-SCORE-PROCESS-V1,5f148219527b07d85261d3f196ace97a5eb5646271d43596032a692389abc579,2c5cc1af74fc5f3955e44361b82b791710e4b63bbc69b0c15570617e2d86e543,-3.0,42.0,-0.38278790886745684,0.3678438404582749,-3.382787908867457,42.36784384045828,historical_closing_late_benchmark_exact_horizon_opaque,2022,C0-MARKET-RESIDUAL-MARGIN-TOTAL-V1,5f148219527b07d85261d3f196ace97a5eb5646271d43596032a692389abc579,2c5cc1af74fc5f3955e44361b82b791710e4b63bbc69b0c15570617e2d86e543,True
2023_16_WAS_NYJ,2023,16,NYJ,WAS,0.46814445744976685,-1.0745036050309622,31.993743093451116,13.668513425567635,-0.2652059717307941,0.20006825941401973,2022,A0-DYNAMIC-OPPONENT-ADJUSTED-JOINT-SCORE-V1,5f148219527b07d85261d3f196ace97a5eb5646271d43596032a692389abc579,2c5cc1af74fc5f3955e44361b82b791710e4b63bbc69b0c15570617e2d86e543,0.4677,-1.1496,39.145,240.7054903890389,259.3643114311431,-21.0,18.0,20.0,61.0,2022,B0-POSSESSION-DRIVE-SCORE-PROCESS-V1,5f148219527b07d85261d3f196ace97a5eb5646271d43596032a692389abc579,2c5cc1af74fc5f3955e44361b82b791710e4b63bbc69b0c15570617e2d86e543,3.0,36.5,-0.6166144397986295,0.7250712397378518,2.3833855602013703,37.22507123973785,historical_closing_late_benchmark_exact_horizon_opaque,2022,C0-MARKET-RESIDUAL-MARGIN-TOTAL-V1,5f148219527b07d85261d3f196ace97a5eb5646271d43596032a692389abc579,2c5cc1af74fc5f3955e44361b82b791710e4b63bbc69b0c15570617e2d86e543,True
2023_17_ARI_PHI,2023,17,PHI,ARI,0.7427766598469053,8.763371917050101,41.73878962196388,13.668513425567635,0.3339911800177322,0.1742811813998343,2022,A0-DYNAMIC-OPPONENT-ADJUSTED-JOINT-SCORE-V1,5f148219527b07d85261d3f196ace97a5eb5646271d43596032a692389abc579,2c5cc1af74fc5f3955e44361b82b791710e4b63bbc69b0c15570617e2d86e543,0.6763,8.2285,48.3031,303.17140489048904,355.0797383638363,-14.0,30.0,26.0,73.0,2022,B0-POSSESSION-DRIVE-SCORE-PROCESS-V1,5f148219527b07d85261d3f196ace97a5eb5646271d43596032a692389abc579,2c5cc1af74fc5f3955e44361b82b791710e4b63bbc69b0c15570617e2d86e543,12.0,48.0,-0.29026836500970377,0.4706494544720054,11.709731634990296,48.470649454472,historical_closing_late_benchmark_exact_horizon_opaque,2022,C0-MARKET-RESIDUAL-MARGIN-TOTAL-V1,5f148219527b07d85261d3f196ace97a5eb5646271d43596032a692389abc579,2c5cc1af74fc5f3955e44361b82b791710e4b63bbc69b0c15570617e2d86e543,True
2023_17_ATL_CHI,2023,17,CHI,ATL,0.4691053247028512,-1.0420270513557206,37.97736952761336,13.668513425567635,-0.08783025658175793,-0.461309992389334,2022,A0-DYNAMIC-OPPONENT-ADJUSTED-JOINT-SCORE-V1,5f148219527b07d85261d3f196ace97a5eb5646271d43596032a692389abc579,2c5cc1af74fc5f3955e44361b82b791710e4b63bbc69b0c15570617e2d86e543,0.48015,-0.8037,46.6051,281.94336064606466,332.88464245424547,-22.0,21.0,24.0,71.0,2022,B0-POSSESSION-DRIVE-SCORE-PROCESS-V1,5f148219527b07d85261d3f196ace97a5eb5646271d43596032a692389abc579,2c5cc1af74fc5f3955e44361b82b791710e4b63bbc69b0c15570617e2d86e543,3.0,39.0,-0.5774959613638391,0.33528674933057284,2.422504038636161,39.33528674933057,historical_closing_late_benchmark_exact_horizon_opaque,2022,C0-MARKET-RESIDUAL-MARGIN-TOTAL-V1,5f148219527b07d85261d3f196ace97a5eb5646271d43596032a692389abc579,2c5cc1af74fc5f3955e44361b82b791710e4b63bbc69b0c15570617e2d86e543,True
2023_17_CAR_JAX,2023,17,JAX,CAR,0.6391432880059443,4.7877085250778215,39.30516130238664,13.668513425567635,0.06248641850167583,0.08229160549202441,2022,A0-DYNAMIC-OPPONENT-ADJUSTED-JOINT-SCORE-V1,5f148219527b07d85261d3f196ace97a5eb5646271d43596032a692389abc579,2c5cc1af74fc5f3955e44361b82b791710e4b63bbc69b0c15570617e2d86e543,0.49785,-0.0461,43.4785,259.73014780478053,291.62870062006203,-20.0,20.0,23.0,66.0,2022,B0-POSSESSION-DRIVE-SCORE-PROCESS-V1,5f148219527b07d85261d3f196ace97a5eb5646271d43596032a692389abc579,2c5cc1af74fc5f3955e44361b82b791710e4b63bbc69b0c15570617e2d86e543,3.5,38.0,-0.26838379352356484,0.048974396874337245,3.2316162064764353,38.048974396874335,historical_closing_late_benchmark_exact_horizon_opaque,2022,C0-MARKET-RESIDUAL-MARGIN-TOTAL-V1,5f148219527b07d85261d3f196ace97a5eb5646271d43596032a692389abc579,2c5cc1af74fc5f3955e44361b82b791710e4b63bbc69b0c15570617e2d86e543,True
2023_17_CIN_KC,2023,17,KC,CIN,0.5879227391144095,2.9869222170189147,45.23451233005229,13.668513425567635,-0.10340869642086913,-0.006437189747211636,2022,A0-DYNAMIC-OPPONENT-ADJUSTED-JOINT-SCORE-V1,5f148219527b07d85261d3f196ace97a5eb5646271d43596032a692389abc579,2c5cc1af74fc5f3955e44361b82b791710e4b63bbc69b0c15570617e2d86e543,0.66075,7.3496,50.0566,300.61364120412037,357.4099374337434,-14.0,30.0,27.0,75.0,2022,B0-POSSESSION-DRIVE-SCORE-PROCESS-V1,5f148219527b07d85261d3f196ace97a5eb5646271d43596032a692389abc579,2c5cc1af74fc5f3955e44361b82b791710e4b63bbc69b0c15570617e2d86e543,7.5,46.0,-0.2828828159113895,-0.0756537045414075,7.21711718408861,45.92434629545859,historical_closing_late_benchmark_exact_horizon_opaque,2022,C0-MARKET-RESIDUAL-MARGIN-TOTAL-V1,5f148219527b07d85261d3f196ace97a5eb5646271d43596032a692389abc579,2c5cc1af74fc5f3955e44361b82b791710e4b63bbc69b0c15570617e2d86e543,True
2023_17_DET_DAL,2023,17,DAL,DET,0.5649486074748076,2.19817656912144,48.61373601362264,13.668513425567635,0.0192903457774663,-0.13192096693226799,2022,A0-DYNAMIC-OPPONENT-ADJUSTED-JOINT-SCORE-V1,5f148219527b07d85261d3f196ace97a5eb5646271d43596032a692389abc579,2c5cc1af74fc5f3955e44361b82b791710e4b63bbc69b0c15570617e2d86e543,0.6948,9.5654,57.2372,355.86850969096906,427.35467162716265,-14.0,34.0,32.0,85.0,2022,B0-POSSESSION-DRIVE-SCORE-PROCESS-V1,5f148219527b07d85261d3f196ace97a5eb5646271d43596032a692389abc579,2c5cc1af74fc5f3955e44361b82b791710e4b63bbc69b0c15570617e2d86e543,5.5,53.0,-0.5155181002409611,0.2150219503879157,4.9844818997590385,53.215021950387914,historical_closing_late_benchmark_exact_horizon_opaque,2022,C0-MARKET-RESIDUAL-MARGIN-TOTAL-V1,5f148219527b07d85261d3f196ace97a5eb5646271d43596032a692389abc579,2c5cc1af74fc5f3955e44361b82b791710e4b63bbc69b0c15570617e2d86e543,True
2023_17_GB_MIN,2023,17,MIN,GB,0.4940144581230919,-0.2016881305275291,45.066897314281,13.668513425567635,0.1945611507688484,-0.36975792616833475,2022,A0-DYNAMIC-OPPONENT-ADJUSTED-JOINT-SCORE-V1,5f148219527b07d85261d3f196ace97a5eb5646271d43596032a692389abc579,2c5cc1af74fc5f3955e44361b82b791710e4b63bbc69b0c15570617e2d86e543,0.54055,1.7915,49.1495,312.25205295529554,354.3511848684868,-20.0,24.0,26.0,74.0,2022,B0-POSSESSION-DRIVE-SCORE-PROCESS-V1,5f148219527b07d85261d3f196ace97a5eb5646271d43596032a692389abc579,2c5cc1af74fc5f3955e44361b82b791710e4b63bbc69b0c15570617e2d86e543,1.0,42.5,-0.40631549486281715,-0.12518188439308592,0.5936845051371828,42.374818115606914,historical_closing_late_benchmark_exact_horizon_opaque,2022,C0-MARKET-RESIDUAL-MARGIN-TOTAL-V1,5f148219527b07d85261d3f196ace97a5eb5646271d43596032a692389abc579,2c5cc1af74fc5f3955e44361b82b791710e4b63bbc69b0c15570617e2d86e543,True
2023_17_LAC_DEN,2023,17,DEN,LAC,0.5216307308376336,0.7291967500266239,39.67413353371703,13.668513425567635,-0.06977093486784763,-0.1616010956354504,2022,A0-DYNAMIC-OPPONENT-ADJUSTED-JOINT-SCORE-V1,5f148219527b07d85261d3f196ace97a5eb5646271d43596032a692389abc579,2c5cc1af74fc5f3955e44361b82b791710e4b63bbc69b0c15570617e2d86e543,0.4772,-1.0421,44.5699,264.6227898689869,306.9942134113411,-22.0,20.0,23.0,68.0,2022,B0-POSSESSION-DRIVE-SCORE-PROCESS-V1,5f148219527b07d85261d3f196ace97a5eb5646271d43596032a692389abc579,2c5cc1af74fc5f3955e44361b82b791710e4b63bbc69b0c15570617e2d86e543,3.5,39.5,-0.35681574135230376,0.06787434283706587,3.1431842586476963,39.567874342837065,historical_closing_late_benchmark_exact_horizon_opaque,2022,C0-MARKET-RESIDUAL-MARGIN-TOTAL-V1,5f148219527b07d85261d3f196ace97a5eb5646271d43596032a692389abc579,2c5cc1af74fc5f3955e44361b82b791710e4b63bbc69b0c15570617e2d86e543,True
2023_17_LA_NYG,2023,17,NYG,LA,0.4012053645225416,-3.363622314196707,39.17571901901307,13.668513425567635,0.20171864837283981,-0.029975922585720707,2022,A0-DYNAMIC-OPPONENT-ADJUSTED-JOINT-SCORE-V1,5f148219527b07d85261d3f196ace97a5eb5646271d43596032a692389abc579,2c5cc1af74fc5f3955e44361b82b791710e4b63bbc69b0c15570617e2d86e543,0.36035,-5.9506,46.0904,283.7751371537154,322.04643248324834,-27.0,15.0,24.0,70.0,2022,B0-POSSESSION-DRIVE-SCORE-PROCESS-V1,5f148219527b07d85261d3f196ace97a5eb5646271d43596032a692389abc579,2c5cc1af74fc5f3955e44361b82b791710e4b63bbc69b0c15570617e2d86e543,-6.0,43.5,0.35385727609201456,0.12002392625783402,-5.646142723907985,43.620023926257836,historical_closing_late_benchmark_exact_horizon_opaque,2022,C0-MARKET-RESIDUAL-MARGIN-TOTAL-V1,5f148219527b07d85261d3f196ace97a5eb5646271d43596032a692389abc579,2c5cc1af74fc5f3955e44361b82b791710e4b63bbc69b0c15570617e2d86e543,True
2023_17_LV_IND,2023,17,IND,LV,0.581885373417392,2.7787610831934444,39.33175294929485,13.668513425567635,-0.07174052824348319,-0.3004170716658452,2022,A0-DYNAMIC-OPPONENT-ADJUSTED-JOINT-SCORE-V1,5f148219527b07d85261d3f196ace97a5eb5646271d43596032a692389abc579,2c5cc1af74fc5f3955e44361b82b791710e4b63bbc69b0c15570617e2d86e543,0.5425,2.0553,50.9413,306.2422661366137,357.2911834283429,-20.0,24.0,27.0,76.0,2022,B0-POSSESSION-DRIVE-SCORE-PROCESS-V1,5f148219527b07d85261d3f196ace97a5eb5646271d43596032a692389abc579,2c5cc1af74fc5f3955e44361b82b791710e4b63bbc69b0c15570617e2d86e543,3.5,42.5,-0.5356313478283131,0.5034664787176475,2.9643686521716868,43.00346647871765,historical_closing_late_benchmark_exact_horizon_opaque,2022,C0-MARKET-RESIDUAL-MARGIN-TOTAL-V1,5f148219527b07d85261d3f196ace97a5eb5646271d43596032a692389abc579,2c5cc1af74fc5f3955e44361b82b791710e4b63bbc69b0c15570617e2d86e543,True
2023_17_MIA_BAL,2023,17,BAL,MIA,0.5062818492585235,0.21167327580197437,45.70981773045072,13.668513425567635,-0.28713859354640336,0.2933530053579758,2022,A0-DYNAMIC-OPPONENT-ADJUSTED-JOINT-SCORE-V1,5f148219527b07d85261d3f196ace97a5eb5646271d43596032a692389abc579,2c5cc1af74fc5f3955e44361b82b791710e4b63bbc69b0c15570617e2d86e543,0.6142,5.1659,50.8871,310.08818600860087,363.88994258425845,-17.0,27.0,27.0,76.0,2022,B0-POSSESSION-DRIVE-SCORE-PROCESS-V1,5f148219527b07d85261d3f196ace97a5eb5646271d43596032a692389abc579,2c5cc1af74fc5f3955e44361b82b791710e4b63bbc69b0c15570617e2d86e543,3.0,47.0,-0.39603038963796533,0.1984097999863796,2.603969610362035,47.19840979998638,historical_closing_late_benchmark_exact_horizon_opaque,2022,C0-MARKET-RESIDUAL-MARGIN-TOTAL-V1,5f148219527b07d85261d3f196ace97a5eb5646271d43596032a692389abc579,2c5cc1af74fc5f3955e44361b82b791710e4b63bbc69b0c15570617e2d86e543,True
2023_17_NE_BUF,2023,17,BUF,NE,0.7593549748237679,9.466395945952591,41.5791681429669,13.668513425567635,0.2122839062168519,0.0977365427419845,2022,A0-DYNAMIC-OPPONENT-ADJUSTED-JOINT-SCORE-V1,5f148219527b07d85261d3f196ace97a5eb5646271d43596032a692389abc579,2c5cc1af74fc5f3955e44361b82b791710e4b63bbc69b0c15570617e2d86e543,0.6282,5.5533,45.6419,282.0367627862786,319.41140553055305,-15.0,27.0,23.0,69.0,2022,B0-POSSESSION-DRIVE-SCORE-PROCESS-V1,5f148219527b07d85261d3f196ace97a5eb5646271d43596032a692389abc579,2c5cc1af74fc5f3955e44361b82b791710e4b63bbc69b0c15570617e2d86e543,15.0,40.0,-0.709907592129672,0.08594601126084372,14.290092407870327,40.085946011260845,historical_closing_late_benchmark_exact_horizon_opaque,2022,C0-MARKET-RESIDUAL-MARGIN-TOTAL-V1,5f148219527b07d85261d3f196ace97a5eb5646271d43596032a692389abc579,2c5cc1af74fc5f3955e44361b82b791710e4b63bbc69b0c15570617e2d86e543,True
2023_17_NO_TB,2023,17,TB,NO,0.5549348679202449,1.856898379771014,41.75011172954852,13.668513425567635,0.05127514598154223,-0.4308948631400126,2022,A0-DYNAMIC-OPPONENT-ADJUSTED-JOINT-SCORE-V1,5f148219527b07d85261d3f196ace97a5eb5646271d43596032a692389abc579,2c5cc1af74fc5f3955e44361b82b791710e4b63bbc69b0c15570617e2d86e543,0.46515,-1.7125,47.8297,300.34587833783377,342.8829862086209,-24.0,20.0,25.0,72.0,2022,B0-POSSESSION-DRIVE-SCORE-PROCESS-V1,5f148219527b07d85261d3f196ace97a5eb5646271d43596032a692389abc579,2c5cc1af74fc5f3955e44361b82b791710e4b63bbc69b0c15570617e2d86e543,2.5,42.5,0.08007138303584688,0.07153265571209923,2.580071383035847,42.5715326557121,historical_closing_late_benchmark_exact_horizon_opaque,2022,C0-MARKET-RESIDUAL-MARGIN-TOTAL-V1,5f148219527b07d85261d3f196ace97a5eb5646271d43596032a692389abc579,2c5cc1af74fc5f3955e44361b82b791710e4b63bbc69b0c15570617e2d86e543,True
2023_17_NYJ_CLE,2023,17,CLE,NYJ,0.6487502852078098,5.1342339477286,31.702435508599233,13.668513425567635,0.18037084180646218,-0.14990394387917644,2022,A0-DYNAMIC-OPPONENT-ADJUSTED-JOINT-SCORE-V1,5f148219527b07d85261d3f196ace97a5eb5646271d43596032a692389abc579,2c5cc1af74fc5f3955e44361b82b791710e4b63bbc69b0c15570617e2d86e543,0.61305,4.3579,39.6799,242.30263785378534,265.76501249124914,-16.0,24.0,20.0,61.0,2022,B0-POSSESSION-DRIVE-SCORE-PROCESS-V1,5f148219527b07d85261d3f196ace97a5eb5646271d43596032a692389abc579,2c5cc1af74fc5f3955e44361b82b791710e4b63bbc69b0c15570617e2d86e543,6.5,33.5,-0.38016975139856657,0.5739394023197208,6.119830248601433,34.07393940231972,historical_closing_late_benchmark_exact_horizon_opaque,2022,C0-MARKET-RESIDUAL-MARGIN-TOTAL-V1,5f148219527b07d85261d3f196ace97a5eb5646271d43596032a692389abc579,2c5cc1af74fc5f3955e44361b82b791710e4b63bbc69b0c15570617e2d86e543,True
2023_17_PIT_SEA,2023,17,SEA,PIT,0.5865090575397001,2.9381177517492425,41.33409293293512,13.668513425567635,-0.019256546637082705,-0.22190086224498085,2022,A0-DYNAMIC-OPPONENT-ADJUSTED-JOINT-SCORE-V1,5f148219527b07d85261d3f196ace97a5eb5646271d43596032a692389abc579,2c5cc1af74fc5f3955e44361b82b791710e4b63bbc69b0c15570617e2d86e543,0.5791,3.2797,43.2781,271.8002479347935,303.57591798179817,-17.0,24.0,22.0,67.0,2022,B0-POSSESSION-DRIVE-SCORE-PROCESS-V1,5f148219527b07d85261d3f196ace97a5eb5646271d43596032a692389abc579,2c5cc1af74fc5f3955e44361b82b791710e4b63bbc69b0c15570617e2d86e543,4.5,40.5,-0.2722253597841494,0.06837293591923875,4.22777464021585,40.568372935919236,historical_closing_late_benchmark_exact_horizon_opaque,2022,C0-MARKET-RESIDUAL-MARGIN-TOTAL-V1,5f148219527b07d85261d3f196ace97a5eb5646271d43596032a692389abc579,2c5cc1af74fc5f3955e44361b82b791710e4b63bbc69b0c15570617e2d86e543,True
2023_17_SF_WAS,2023,17,WAS,SF,0.29842822511709255,-7.109940230814999,44.56695107727221,13.668513425567635,-0.4126756393080257,-0.10840287520600476,2022,A0-DYNAMIC-OPPONENT-ADJUSTED-JOINT-SCORE-V1,5f148219527b07d85261d3f196ace97a5eb5646271d43596032a692389abc579,2c5cc1af74fc5f3955e44361b82b791710e4b63bbc69b0c15570617e2d86e543,0.31605,-8.8053,51.2819,328.17460937093705,362.651697559756,-32.0,14.0,28.0,76.0,2022,B0-POSSESSION-DRIVE-SCORE-PROCESS-V1,5f148219527b07d85261d3f196ace97a5eb5646271d43596032a692389abc579,2c5cc1af74fc5f3955e44361b82b791710e4b63bbc69b0c15570617e2d86e543,-14.0,49.0,-0.27115988139471725,0.4418988584483635,-14.271159881394718,49.44189885844836,historical_closing_late_benchmark_exact_horizon_opaque,2022,C0-MARKET-RESIDUAL-MARGIN-TOTAL-V1,5f148219527b07d85261d3f196ace97a5eb5646271d43596032a692389abc579,2c5cc1af74fc5f3955e44361b82b791710e4b63bbc69b0c15570617e2d86e543,True
2023_17_TEN_HOU,2023,17,HOU,TEN,0.5421901519700154,1.424241449018968,39.739306524907235,13.668513425567635,0.28856962734130687,-0.16863339723927595,2022,A0-DYNAMIC-OPPONENT-ADJUSTED-JOINT-SCORE-V1,5f148219527b07d85261d3f196ace97a5eb5646271d43596032a692389abc579,2c5cc1af74fc5f3955e44361b82b791710e4b63bbc69b0c15570617e2d86e543,0.4541,-2.1077,47.7811,294.6477654865487,337.5577385638564,-24.0,20.0,26.0,72.0,2022,B0-POSSESSION-DRIVE-SCORE-PROCESS-V1,5f148219527b07d85261d3f196ace97a5eb5646271d43596032a692389abc579,2c5cc1af74fc5f3955e44361b82b791710e4b63bbc69b0c15570617e2d86e543,5.0,44.0,-0.509981203505161,0.5448806987172126,4.490018796494839,44.544880698717215,historical_closing_late_benchmark_exact_horizon_opaque,2022,C0-MARKET-RESIDUAL-MARGIN-TOTAL-V1,5f148219527b07d85261d3f196ace97a5eb5646271d43596032a692389abc579,2c5cc1af74fc5f3955e44361b82b791710e4b63bbc69b0c15570617e2d86e543,True
2023_18_ATL_NO,2023,18,NO,ATL,0.5979946237043116,3.3358161317603283,38.6084978729249,13.668513425567635,-0.19796887365205718,0.29030542304122453,2022,A0-DYNAMIC-OPPONENT-ADJUSTED-JOINT-SCORE-V1,5f148219527b07d85261d3f196ace97a5eb5646271d43596032a692389abc579,2c5cc1af74fc5f3955e44361b82b791710e4b63bbc69b0c15570617e2d86e543,0.60815,4.9779,49.9823,309.73538512851286,354.67105381538147,-17.0,28.0,27.0,75.0,2022,B0-POSSESSION-DRIVE-SCORE-PROCESS-V1,5f148219527b07d85261d3f196ace97a5eb5646271d43596032a692389abc579,2c5cc1af74fc5f3955e44361b82b791710e4b63bbc69b0c15570617e2d86e543,3.5,41.5,-0.382711991683514,0.4906760240072734,3.117288008316486,41.99067602400727,historical_closing_late_benchmark_exact_horizon_opaque,2022,C0-MARKET-RESIDUAL-MARGIN-TOTAL-V1,5f148219527b07d85261d3f196ace97a5eb5646271d43596032a692389abc579,2c5cc1af74fc5f3955e44361b82b791710e4b63bbc69b0c15570617e2d86e543,True
2023_18_BUF_MIA,2023,18,MIA,BUF,0.545982101176526,1.552795987785892,47.260507163656456,13.668513425567635,-0.2812026652011155,-0.12796454555808412,2022,A0-DYNAMIC-OPPONENT-ADJUSTED-JOINT-SCORE-V1,5f148219527b07d85261d3f196ace97a5eb5646271d43596032a692389abc579,2c5cc1af74fc5f3955e44361b82b791710e4b63bbc69b0c15570617e2d86e543,0.42805,-3.3958,51.2892,316.75621798179816,392.02316567656766,-26.0,20.0,27.0,78.0,2022,B0-POSSESSION-DRIVE-SCORE-PROCESS-V1,5f148219527b07d85261d3f196ace97a5eb5646271d43596032a692389abc579,2c5cc1af74fc5f3955e44361b82b791710e4b63bbc69b0c15570617e2d86e543,-2.5,47.5,-0.18023045258321896,0.046790774655757796,-2.680230452583219,47.546790774655754,historical_closing_late_benchmark_exact_horizon_opaque,2022,C0-MARKET-RESIDUAL-MARGIN-TOTAL-V1,5f148219527b07d85261d3f196ace97a5eb5646271d43596032a692389abc579,2c5cc1af74fc5f3955e44361b82b791710e4b63bbc69b0c15570617e2d86e543,True
2023_18_CHI_GB,2023,18,GB,CHI,0.7048996208097924,7.239236074383523,42.82334881254849,13.668513425567635,0.1828753116268259,0.5181740047741287,2022,A0-DYNAMIC-OPPONENT-ADJUSTED-JOINT-SCORE-V1,5f148219527b07d85261d3f196ace97a5eb5646271d43596032a692389abc579,2c5cc1af74fc5f3955e44361b82b791710e4b63bbc69b0c15570617e2d86e543,0.6113000000000001,4.7113,47.5795,294.9396462746275,352.1076905190519,-17.0,27.0,24.0,72.0,2022,B0-POSSESSION-DRIVE-SCORE-PROCESS-V1,5f148219527b07d85261d3f196ace97a5eb5646271d43596032a692389abc579,2c5cc1af74fc5f3955e44361b82b791710e4b63bbc69b0c15570617e2d86e543,2.5,45.5,-0.07941702029837855,0.34652796651417245,2.4205829797016216,45.846527966514174,historical_closing_late_benchmark_exact_horizon_opaque,2022,C0-MARKET-RESIDUAL-MARGIN-TOTAL-V1,5f148219527b07d85261d3f196ace97a5eb5646271d43596032a692389abc579,2c5cc1af74fc5f3955e44361b82b791710e4b63bbc69b0c15570617e2d86e543,True
2023_18_CLE_CIN,2023,18,CIN,CLE,0.6180526131434726,4.037639272255259,40.4736157593302,13.668513425567635,0.3424755859585092,-0.04428722024271997,2022,A0-DYNAMIC-OPPONENT-ADJUSTED-JOINT-SCORE-V1,5f148219527b07d85261d3f196ace97a5eb5646271d43596032a692389abc579,2c5cc1af74fc5f3955e44361b82b791710e4b63bbc69b0c15570617e2d86e543,0.5383,1.7863,47.6961,296.5940917191719,331.7493197219722,-20.0,24.0,26.0,72.0,2022,B0-POSSESSION-DRIVE-SCORE-PROCESS-V1,5f148219527b07d85261d3f196ace97a5eb5646271d43596032a692389abc579,2c5cc1af74fc5f3955e44361b82b791710e4b63bbc69b0c15570617e2d86e543,7.5,37.0,-0.029620535850698015,-0.30778069791066814,7.4703794641493015,36.692219302089335,historical_closing_late_benchmark_exact_horizon_opaque,2022,C0-MARKET-RESIDUAL-MARGIN-TOTAL-V1,5f148219527b07d85261d3f196ace97a5eb5646271d43596032a692389abc579,2c5cc1af74fc5f3955e44361b82b791710e4b63bbc69b0c15570617e2d86e543,True
2023_18_DAL_WAS,2023,18,WAS,DAL,0.36221453937347015,-4.738992439008317,42.66780815848011,13.668513425567635,-0.3407853749392001,0.28021954077665373,2022,A0-DYNAMIC-OPPONENT-ADJUSTED-JOINT-SCORE-V1,5f148219527b07d85261d3f196ace97a5eb5646271d43596032a692389abc579,2c5cc1af74fc5f3955e44361b82b791710e4b63bbc69b0c15570617e2d86e543,0.30525,-9.287,50.0482,316.15064606460646,361.3812148814881,-32.0,13.0,27.0,75.0,2022,B0-POSSESSION-DRIVE-SCORE-PROCESS-V1,5f148219527b07d85261d3f196ace97a5eb5646271d43596032a692389abc579,2c5cc1af74fc5f3955e44361b82b791710e4b63bbc69b0c15570617e2d86e543,-13.0,47.5,0.11226657958817599,0.3317478343513504,-12.887733420411823,47.83174783435135,historical_closing_late_benchmark_exact_horizon_opaque,2022,C0-MARKET-RESIDUAL-MARGIN-TOTAL-V1,5f148219527b07d85261d3f196ace97a5eb5646271d43596032a692389abc579,2c5cc1af74fc5f3955e44361b82b791710e4b63bbc69b0c15570617e2d86e543,True
2023_18_DEN_LV,2023,18,LV,DEN,0.5285072714694077,0.9613606045507908,39.12603253289186,13.668513425567635,-0.018288015136653783,-0.04745702917150933,2022,A0-DYNAMIC-OPPONENT-ADJUSTED-JOINT-SCORE-V1,5f148219527b07d85261d3f196ace97a5eb5646271d43596032a692389abc579,2c5cc1af74fc5f3955e44361b82b791710e4b63bbc69b0c15570617e2d86e543,0.5419,1.7916,44.0892,258.35360480048,295.61160452045203,-18.0,22.0,23.0,67.0,2022,B0-POSSESSION-DRIVE-SCORE-PROCESS-V1,5f148219527b07d85261d3f196ace97a5eb5646271d43596032a692389abc579,2c5cc1af74fc5f3955e44361b82b791710e4b63bbc69b0c15570617e2d86e543,3.5,37.5,-0.493364440863114,0.08729006135076155,3.006635559136886,37.587290061350764,historical_closing_late_benchmark_exact_horizon_opaque,2022,C0-MARKET-RESIDUAL-MARGIN-TOTAL-V1,5f148219527b07d85261d3f196ace97a5eb5646271d43596032a692389abc579,2c5cc1af74fc5f3955e44361b82b791710e4b63bbc69b0c15570617e2d86e543,True
2023_18_HOU_IND,2023,18,IND,HOU,0.5469200589640333,1.5846160680702397,40.31489699472344,13.668513425567635,-0.06560329320581726,-0.22519090378035675,2022,A0-DYNAMIC-OPPONENT-ADJUSTED-JOINT-SCORE-V1,5f148219527b07d85261d3f196ace97a5eb5646271d43596032a692389abc579,2c5cc1af74fc5f3955e44361b82b791710e4b63bbc69b0c15570617e2d86e543,0.5856,3.7921,47.5387,289.9680743974397,327.6778700970097,-17.0,25.0,26.0,71.0,2022,B0-POSSESSION-DRIVE-SCORE-PROCESS-V1,5f148219527b07d85261d3f196ace97a5eb5646271d43596032a692389abc579,2c5cc1af74fc5f3955e44361b82b791710e4b63bbc69b0c15570617e2d86e543,-1.5,47.5,-0.2058359129994362,0.6643000119295314,-1.7058359129994363,48.164300011929534,historical_closing_late_benchmark_exact_horizon_opaque,2022,C0-MARKET-RESIDUAL-MARGIN-TOTAL-V1,5f148219527b07d85261d3f196ace97a5eb5646271d43596032a692389abc579,2c5cc1af74fc5f3955e44361b82b791710e4b63bbc69b0c15570617e2d86e543,True
2023_18_JAX_TEN,2023,18,TEN,JAX,0.4775371383058474,-0.7572779798946456,40.877709863370214,13.668513425567635,-0.4656185186449352,-0.21525247879947046,2022,A0-DYNAMIC-OPPONENT-ADJUSTED-JOINT-SCORE-V1,5f148219527b07d85261d3f196ace97a5eb5646271d43596032a692389abc579,2c5cc1af74fc5f3955e44361b82b791710e4b63bbc69b0c15570617e2d86e543,0.5600999999999999,2.5739,45.5529,288.91102989298935,318.8774893389339,-19.0,24.0,24.0,69.0,2022,B0-POSSESSION-DRIVE-SCORE-PROCESS-V1,5f148219527b07d85261d3f196ace97a5eb5646271d43596032a692389abc579,2c5cc1af74fc5f3955e44361b82b791710e4b63bbc69b0c15570617e2d86e543,-3.5,41.5,-0.27799520242502035,0.2508455423322846,-3.7779952024250205,41.750845542332286,historical_closing_late_benchmark_exact_horizon_opaque,2022,C0-MARKET-RESIDUAL-MARGIN-TOTAL-V1,5f148219527b07d85261d3f196ace97a5eb5646271d43596032a692389abc579,2c5cc1af74fc5f3955e44361b82b791710e4b63bbc69b0c15570617e2d86e543,True
2023_18_KC_LAC,2023,18,LAC,KC,0.44121286170524165,-1.9880339556907636,42.14213507403218,13.668513425567635,0.012400528598011301,-0.06979307451741318,2022,A0-DYNAMIC-OPPONENT-ADJUSTED-JOINT-SCORE-V1,5f148219527b07d85261d3f196ace97a5eb5646271d43596032a692389abc579,2c5cc1af74fc5f3955e44361b82b791710e4b63bbc69b0c15570617e2d86e543,0.40314999999999995,-4.5824,51.6426,327.6719774377438,370.0416694069407,-28.0,18.0,28.0,77.0,2022,B0-POSSESSION-DRIVE-SCORE-PROCESS-V1,5f148219527b07d85261d3f196ace97a5eb5646271d43596032a692389abc579,2c5cc1af74fc5f3955e44361b82b791710e4b63bbc69b0c15570617e2d86e543,3.5,35.0,-0.6609120295516228,-0.34995064474099363,2.8390879704483774,34.65004935525901,historical_closing_late_benchmark_exact_horizon_opaque,2022,C0-MARKET-RESIDUAL-MARGIN-TOTAL-V1,5f148219527b07d85261d3f196ace97a5eb5646271d43596032a692389abc579,2c5cc1af74fc5f3955e44361b82b791710e4b63bbc69b0c15570617e2d86e543,True
2023_18_LA_SF,2023,18,SF,LA,0.7172101211012027,7.7235373859458285,48.00143434204567,13.668513425567635,0.4065977122221349,0.2248574045101784,2022,A0-DYNAMIC-OPPONENT-ADJUSTED-JOINT-SCORE-V1,5f148219527b07d85261d3f196ace97a5eb5646271d43596032a692389abc579,2c5cc1af74fc5f3955e44361b82b791710e4b63bbc69b0c15570617e2d86e543,0.6153,5.3995,55.1115,352.25992574257424,402.4593136813681,-18.0,29.0,30.0,82.0,2022,B0-POSSESSION-DRIVE-SCORE-PROCESS-V1,5f148219527b07d85261d3f196ace97a5eb5646271d43596032a692389abc579,2c5cc1af74fc5f3955e44361b82b791710e4b63bbc69b0c15570617e2d86e543,5.5,40.0,-0.17172021338259963,-0.5200807976514464,5.328279786617401,39.479919202348555,historical_closing_late_benchmark_exact_horizon_opaque,2022,C0-MARKET-RESIDUAL-MARGIN-TOTAL-V1,5f148219527b07d85261d3f196ace97a5eb5646271d43596032a692389abc579,2c5cc1af74fc5f3955e44361b82b791710e4b63bbc69b0c15570617e2d86e543,True
2023_18_MIN_DET,2023,18,DET,MIN,0.6565188043246893,5.416951295051511,44.29764036811659,13.668513425567635,0.018511181391642068,0.2820452944561237,2022,A0-DYNAMIC-OPPONENT-ADJUSTED-JOINT-SCORE-V1,5f148219527b07d85261d3f196ace97a5eb5646271d43596032a692389abc579,2c5cc1af74fc5f3955e44361b82b791710e4b63bbc69b0c15570617e2d86e543,0.4756,-0.9776,51.0574,306.57035527552756,371.75968120812075,-23.0,21.0,27.0,76.0,2022,B0-POSSESSION-DRIVE-SCORE-PROCESS-V1,5f148219527b07d85261d3f196ace97a5eb5646271d43596032a692389abc579,2c5cc1af74fc5f3955e44361b82b791710e4b63bbc69b0c15570617e2d86e543,3.5,47.5,-0.3932532646490076,0.29842250473700405,3.1067467353509923,47.798422504737005,historical_closing_late_benchmark_exact_horizon_opaque,2022,C0-MARKET-RESIDUAL-MARGIN-TOTAL-V1,5f148219527b07d85261d3f196ace97a5eb5646271d43596032a692389abc579,2c5cc1af74fc5f3955e44361b82b791710e4b63bbc69b0c15570617e2d86e543,True
2023_18_NYJ_NE,2023,18,NE,NYJ,0.5611641647214441,2.0690442814147723,31.0524932176106,13.668513425567635,0.3679598837178621,-0.33719303739941575,2022,A0-DYNAMIC-OPPONENT-ADJUSTED-JOINT-SCORE-V1,5f148219527b07d85261d3f196ace97a5eb5646271d43596032a692389abc579,2c5cc1af74fc5f3955e44361b82b791710e4b63bbc69b0c15570617e2d86e543,0.68625,7.3644,38.672,229.01591423142318,249.6223782378238,-11.0,27.0,19.0,60.0,2022,B0-POSSESSION-DRIVE-SCORE-PROCESS-V1,5f148219527b07d85261d3f196ace97a5eb5646271d43596032a692389abc579,2c5cc1af74fc5f3955e44361b82b791710e4b63bbc69b0c15570617e2d86e543,2.5,28.5,0.11786979655281421,-0.017455747482681985,2.617869796552814,28.482544252517318,historical_closing_late_benchmark_exact_horizon_opaque,2022,C0-MARKET-RESIDUAL-MARGIN-TOTAL-V1,5f148219527b07d85261d3f196ace97a5eb5646271d43596032a692389abc579,2c5cc1af74fc5f3955e44361b82b791710e4b63bbc69b0c15570617e2d86e543,True
2023_18_PHI_NYG,2023,18,NYG,PHI,0.35546724146049824,-4.981700620943979,42.75850046226989,13.668513425567635,-0.060851397665137336,0.01250624256715522,2022,A0-DYNAMIC-OPPONENT-ADJUSTED-JOINT-SCORE-V1,5f148219527b07d85261d3f196ace97a5eb5646271d43596032a692389abc579,2c5cc1af74fc5f3955e44361b82b791710e4b63bbc69b0c15570617e2d86e543,0.3528,-6.4475,44.9327,277.2523689868987,310.8088515951595,-28.0,14.0,23.0,68.0,2022,B0-POSSESSION-DRIVE-SCORE-PROCESS-V1,5f148219527b07d85261d3f196ace97a5eb5646271d43596032a692389abc579,2c5cc1af74fc5f3955e44361b82b791710e4b63bbc69b0c15570617e2d86e543,-4.5,43.0,-0.4438577918788412,0.08201148843757788,-4.943857791878841,43.08201148843758,historical_closing_late_benchmark_exact_horizon_opaque,2022,C0-MARKET-RESIDUAL-MARGIN-TOTAL-V1,5f148219527b07d85261d3f196ace97a5eb5646271d43596032a692389abc579,2c5cc1af74fc5f3955e44361b82b791710e4b63bbc69b0c15570617e2d86e543,True
2023_18_PIT_BAL,2023,18,BAL,PIT,0.6589089566778227,5.504413768326675,44.06063967722278,13.668513425567635,-0.27005057028962176,-6.859695193117687e-05,2022,A0-DYNAMIC-OPPONENT-ADJUSTED-JOINT-SCORE-V1,5f148219527b07d85261d3f196ace97a5eb5646271d43596032a692389abc579,2c5cc1af74fc5f3955e44361b82b791710e4b63bbc69b0c15570617e2d86e543,0.65335,6.8672,45.9174,279.7619403540354,312.3656138013801,-14.0,28.0,24.0,70.0,2022,B0-POSSESSION-DRIVE-SCORE-PROCESS-V1,5f148219527b07d85261d3f196ace97a5eb5646271d43596032a692389abc579,2c5cc1af74fc5f3955e44361b82b791710e4b63bbc69b0c15570617e2d86e543,-3.0,34.0,0.07079929823508618,-0.42413423065931555,-2.929200701764914,33.57586576934069,historical_closing_late_benchmark_exact_horizon_opaque,2022,C0-MARKET-RESIDUAL-MARGIN-TOTAL-V1,5f148219527b07d85261d3f196ace97a5eb5646271d43596032a692389abc579,2c5cc1af74fc5f3955e44361b82b791710e4b63bbc69b0c15570617e2d86e543,True
2023_18_SEA_ARI,2023,18,ARI,SEA,0.4295246938667919,-2.3871264021873024,41.91378955809675,13.668513425567635,-0.06283379000280437,-0.2373858351203144,2022,A0-DYNAMIC-OPPONENT-ADJUSTED-JOINT-SCORE-V1,5f148219527b07d85261d3f196ace97a5eb5646271d43596032a692389abc579,2c5cc1af74fc5f3955e44361b82b791710e4b63bbc69b0c15570617e2d86e543,0.4246,-3.4111,48.5559,308.06770356035605,354.1628914791479,-26.0,18.0,26.0,73.0,2022,B0-POSSESSION-DRIVE-SCORE-PROCESS-V1,5f148219527b07d85261d3f196ace97a5eb5646271d43596032a692389abc579,2c5cc1af74fc5f3955e44361b82b791710e4b63bbc69b0c15570617e2d86e543,-2.5,48.0,-0.385520231554805,0.6143825461769695,-2.885520231554805,48.61438254617697,historical_closing_late_benchmark_exact_horizon_opaque,2022,C0-MARKET-RESIDUAL-MARGIN-TOTAL-V1,5f148219527b07d85261d3f196ace97a5eb5646271d43596032a692389abc579,2c5cc1af74fc5f3955e44361b82b791710e4b63bbc69b0c15570617e2d86e543,True
2023_18_TB_CAR,2023,18,CAR,TB,0.4357746381952695,-2.17348275115965,39.35265371388515,13.668513425567635,0.3203146616854442,0.20499620349752973,2022,A0-DYNAMIC-OPPONENT-ADJUSTED-JOINT-SCORE-V1,5f148219527b07d85261d3f196ace97a5eb5646271d43596032a692389abc579,2c5cc1af74fc5f3955e44361b82b791710e4b63bbc69b0c15570617e2d86e543,0.46275,-1.6504,45.4934,280.162996139614,323.18327476747675,-23.0,19.0,23.0,70.0,2022,B0-POSSESSION-DRIVE-SCORE-PROCESS-V1,5f148219527b07d85261d3f196ace97a5eb5646271d43596032a692389abc579,2c5cc1af74fc5f3955e44361b82b791710e4b63bbc69b0c15570617e2d86e543,-5.0,36.5,-0.22789763932935359,0.03781361767609204,-5.2278976393293535,36.53781361767609,historical_closing_late_benchmark_exact_horizon_opaque,2022,C0-MARKET-RESIDUAL-MARGIN-TOTAL-V1,5f148219527b07d85261d3f196ace97a5eb5646271d43596032a692389abc579,2c5cc1af74fc5f3955e44361b82b791710e4b63bbc69b0c15570617e2d86e543,True
2024_01_ARI_BUF,2024,1,BUF,ARI,0.7451490650402921,8.822214458741282,45.403796771088,13.564518459577533,0.10023204881005467,0.7195108885101302,2023,A0-DYNAMIC-OPPONENT-ADJUSTED-JOINT-SCORE-V1,5f148219527b07d85261d3f196ace97a5eb5646271d43596032a692389abc579,2c5cc1af74fc5f3955e44361b82b791710e4b63bbc69b0c15570617e2d86e543,0.72745,10.8408,50.9074,321.12916827682767,377.99042428242825,-11.0,34.0,27.0,77.0,2023,B0-POSSESSION-DRIVE-SCORE-PROCESS-V1,5f148219527b07d85261d3f196ace97a5eb5646271d43596032a692389abc579,2c5cc1af74fc5f3955e44361b82b791710e4b63bbc69b0c15570617e2d86e543,6.5,46.0,-0.05101765701797384,0.15168935227982439,6.448982342982026,46.151689352279824,historical_closing_late_benchmark_exact_horizon_opaque,2023,C0-MARKET-RESIDUAL-MARGIN-TOTAL-V1,5f148219527b07d85261d3f196ace97a5eb5646271d43596032a692389abc579,2c5cc1af74fc5f3955e44361b82b791710e4b63bbc69b0c15570617e2d86e543,True
2024_01_BAL_KC,2024,1,KC,BAL,0.496958320234344,-0.10202365077045172,44.841240625212876,13.564518459577533,-0.6831773908789442,-0.038736334583580445,2023,A0-DYNAMIC-OPPONENT-ADJUSTED-JOINT-SCORE-V1,5f148219527b07d85261d3f196ace97a5eb5646271d43596032a692389abc579,2c5cc1af74fc5f3955e44361b82b791710e4b63bbc69b0c15570617e2d86e543,0.4835,-0.5043,49.1447,304.82226373637366,343.6925311631163,-23.0,21.0,26.0,74.0,2023,B0-POSSESSION-DRIVE-SCORE-PROCESS-V1,5f148219527b07d85261d3f196ace97a5eb5646271d43596032a692389abc579,2c5cc1af74fc5f3955e44361b82b791710e4b63bbc69b0c15570617e2d86e543,3.0,46.0,-0.31846831459170843,0.224083566848943,2.6815316854082916,46.22408356684894,historical_closing_late_benchmark_exact_horizon_opaque,2023,C0-MARKET-RESIDUAL-MARGIN-TOTAL-V1,5f148219527b07d85261d3f196ace97a5eb5646271d43596032a692389abc579,2c5cc1af74fc5f3955e44361b82b791710e4b63bbc69b0c15570617e2d86e543,True
2024_01_CAR_NO,2024,1,NO,CAR,0.7327944066232017,8.31352277517725,38.73362708441094,13.564518459577533,0.8866437019877508,0.20054026458744764,2023,A0-DYNAMIC-OPPONENT-ADJUSTED-JOINT-SCORE-V1,5f148219527b07d85261d3f196ace97a5eb5646271d43596032a692389abc579,2c5cc1af74fc5f3955e44361b82b791710e4b63bbc69b0c15570617e2d86e543,0.7018500000000001,8.5176,43.2166,260.0106913091309,293.91507594759474,-12.0,29.0,22.0,66.0,2023,B0-POSSESSION-DRIVE-SCORE-PROCESS-V1,5f148219527b07d85261d3f196ace97a5eb5646271d43596032a692389abc579,2c5cc1af74fc5f3955e44361b82b791710e4b63bbc69b0c15570617e2d86e543,3.5,41.5,0.10844025753854275,0.8007959079164964,3.608440257538543,42.300795907916495,historical_closing_late_benchmark_exact_horizon_opaque,2023,C0-MARKET-RESIDUAL-MARGIN-TOTAL-V1,5f148219527b07d85261d3f196ace97a5eb5646271d43596032a692389abc579,2c5cc1af74fc5f3955e44361b82b791710e4b63bbc69b0c15570617e2d86e543,True
2024_01_DAL_CLE,2024,1,CLE,DAL,0.407502826769887,-3.130831232181368,44.202043866098066,13.564518459577533,-0.30186433846071387,-0.3167848643694081,2023,A0-DYNAMIC-OPPONENT-ADJUSTED-JOINT-SCORE-V1,5f148219527b07d85261d3f196ace97a5eb5646271d43596032a692389abc579,2c5cc1af74fc5f3955e44361b82b791710e4b63bbc69b0c15570617e2d86e543,0.3189,-8.4241,51.8569,323.0693461246125,377.8706094509451,-31.0,14.0,28.0,78.0,2023,B0-POSSESSION-DRIVE-SCORE-PROCESS-V1,5f148219527b07d85261d3f196ace97a5eb5646271d43596032a692389abc579,2c5cc1af74fc5f3955e44361b82b791710e4b63bbc69b0c15570617e2d86e543,2.5,42.0,-0.3700709803996603,-0.051777920785248094,2.1299290196003398,41.94822207921475,historical_closing_late_benchmark_exact_horizon_opaque,2023,C0-MARKET-RESIDUAL-MARGIN-TOTAL-V1,5f148219527b07d85261d3f196ace97a5eb5646271d43596032a692389abc579,2c5cc1af74fc5f3955e44361b82b791710e4b63bbc69b0c15570617e2d86e543,True
2024_01_DEN_SEA,2024,1,SEA,DEN,0.6217110521664435,4.147856430072849,44.26708560191327,13.564518459577533,-0.03859620968120779,-0.07616555103808538,2023,A0-DYNAMIC-OPPONENT-ADJUSTED-JOINT-SCORE-V1,5f148219527b07d85261d3f196ace97a5eb5646271d43596032a692389abc579,2c5cc1af74fc5f3955e44361b82b791710e4b63bbc69b0c15570617e2d86e543,0.6304000000000001,5.6953,44.0361,267.9728551955195,306.27022381238123,-15.0,27.0,23.0,67.0,2023,B0-POSSESSION-DRIVE-SCORE-PROCESS-V1,5f148219527b07d85261d3f196ace97a5eb5646271d43596032a692389abc579,2c5cc1af74fc5f3955e44361b82b791710e4b63bbc69b0c15570617e2d86e543,6.5,42.0,-0.21335650501606795,0.13292250155058172,6.286643494983932,42.13292250155058,historical_closing_late_benchmark_exact_horizon_opaque,2023,C0-MARKET-RESIDUAL-MARGIN-TOTAL-V1,5f148219527b07d85261d3f196ace97a5eb5646271d43596032a692389abc579,2c5cc1af74fc5f3955e44361b82b791710e4b63bbc69b0c15570617e2d86e543,True
2024_01_GB_PHI,2024,1,PHI,GB,0.518868460500375,0.633113598732745,49.21515349419815,13.564518459577533,0.1495076563581557,-0.493360879265756,2023,A0-DYNAMIC-OPPONENT-ADJUSTED-JOINT-SCORE-V1,5f148219527b07d85261d3f196ace97a5eb5646271d43596032a692389abc579,2c5cc1af74fc5f3955e44361b82b791710e4b63bbc69b0c15570617e2d86e543,0.5099,0.6874,52.7368,342.12749398939894,401.1202377837784,-22.0,24.0,28.0,79.0,2023,B0-POSSESSION-DRIVE-SCORE-PROCESS-V1,5f148219527b07d85261d3f196ace97a5eb5646271d43596032a692389abc579,2c5cc1af74fc5f3955e44361b82b791710e4b63bbc69b0c15570617e2d86e543,2.0,49.5,-0.17336858802499786,-0.0906614263464732,1.8266314119750022,49.40933857365353,historical_closing_late_benchmark_exact_horizon_opaque,2023,C0-MARKET-RESIDUAL-MARGIN-TOTAL-V1,5f148219527b07d85261d3f196ace97a5eb5646271d43596032a692389abc579,2c5cc1af74fc5f3955e44361b82b791710e4b63bbc69b0c15570617e2d86e543,True
2024_01_HOU_IND,2024,1,IND,HOU,0.5504466392572581,1.6965933167889666,42.78979394870201,13.564518459577533,0.05742129645076445,-0.3251043745429874,2023,A0-DYNAMIC-OPPONENT-ADJUSTED-JOINT-SCORE-V1,5f148219527b07d85261d3f196ace97a5eb5646271d43596032a692389abc579,2c5cc1af74fc5f3955e44361b82b791710e4b63bbc69b0c15570617e2d86e543,0.5586,2.7119,48.2543,292.9307914691469,338.53908541854184,-19.0,24.0,26.0,72.0,2023,B0-POSSESSION-DRIVE-SCORE-PROCESS-V1,5f148219527b07d85261d3f196ace97a5eb5646271d43596032a692389abc579,2c5cc1af74fc5f3955e44361b82b791710e4b63bbc69b0c15570617e2d86e543,-3.0,49.0,0.007048370651177471,0.65819277721435,-2.9929516293488225,49.65819277721435,historical_closing_late_benchmark_exact_horizon_opaque,2023,C0-MARKET-RESIDUAL-MARGIN-TOTAL-V1,5f148219527b07d85261d3f196ace97a5eb5646271d43596032a692389abc579,2c5cc1af74fc5f3955e44361b82b791710e4b63bbc69b0c15570617e2d86e543,True
2024_01_JAX_MIA,2024,1,MIA,JAX,0.6249867205201264,4.263290460092492,46.20997113188257,13.564518459577533,0.2759842713261921,-0.1430097876421596,2023,A0-DYNAMIC-OPPONENT-ADJUSTED-JOINT-SCORE-V1,5f148219527b07d85261d3f196ace97a5eb5646271d43596032a692389abc579,2c5cc1af74fc5f3955e44361b82b791710e4b63bbc69b0c15570617e2d86e543,0.61655,5.5389,49.7077,315.4362304130413,361.98285899589956,-17.0,28.0,27.0,75.0,2023,B0-POSSESSION-DRIVE-SCORE-PROCESS-V1,5f148219527b07d85261d3f196ace97a5eb5646271d43596032a692389abc579,2c5cc1af74fc5f3955e44361b82b791710e4b63bbc69b0c15570617e2d86e543,3.5,49.5,-0.08571840054848008,0.2585031732467541,3.41428159945152,49.75850317324675,historical_closing_late_benchmark_exact_horizon_opaque,2023,C0-MARKET-RESIDUAL-MARGIN-TOTAL-V1,5f148219527b07d85261d3f196ace97a5eb5646271d43596032a692389abc579,2c5cc1af74fc5f3955e44361b82b791710e4b63bbc69b0c15570617e2d86e543,True
2024_01_LA_DET,2024,1,DET,LA,0.6088418390769905,3.6972332045605505,47.18770830017455,13.564518459577533,0.13410980165217956,-0.18476067384176859,2023,A0-DYNAMIC-OPPONENT-ADJUSTED-JOINT-SCORE-V1,5f148219527b07d85261d3f196ace97a5eb5646271d43596032a692389abc579,2c5cc1af74fc5f3955e44361b82b791710e4b63bbc69b0c15570617e2d86e543,0.4806,-0.9257,55.4743,339.24030354035403,409.56589609961,-24.0,22.0,31.0,82.0,2023,B0-POSSESSION-DRIVE-SCORE-PROCESS-V1,5f148219527b07d85261d3f196ace97a5eb5646271d43596032a692389abc579,2c5cc1af74fc5f3955e44361b82b791710e4b63bbc69b0c15570617e2d86e543,5.0,54.0,-0.16462982889921648,0.32579566746223243,4.8353701711007835,54.32579566746223,historical_closing_late_benchmark_exact_horizon_opaque,2023,C0-MARKET-RESIDUAL-MARGIN-TOTAL-V1,5f148219527b07d85261d3f196ace97a5eb5646271d43596032a692389abc579,2c5cc1af74fc5f3955e44361b82b791710e4b63bbc69b0c15570617e2d86e543,True
2024_01_LV_LAC,2024,1,LAC,LV,0.5462193441398973,1.5537529888993333,40.50271345562183,13.564518459577533,-0.31225772187019807,-0.31348572968905647,2023,A0-DYNAMIC-OPPONENT-ADJUSTED-JOINT-SCORE-V1,5f148219527b07d85261d3f196ace97a5eb5646271d43596032a692389abc579,2c5cc1af74fc5f3955e44361b82b791710e4b63bbc69b0c15570617e2d86e543,0.5659500000000001,3.2888,49.9476,311.7917737373738,351.6260168416842,-19.0,26.0,27.0,75.0,2023,B0-POSSESSION-DRIVE-SCORE-PROCESS-V1,5f148219527b07d85261d3f196ace97a5eb5646271d43596032a692389abc579,2c5cc1af74fc5f3955e44361b82b791710e4b63bbc69b0c15570617e2d86e543,3.0,41.0,-0.21817732961021558,0.5433614921107358,2.7818226703897846,41.54336149211073,historical_closing_late_benchmark_exact_horizon_opaque,2023,C0-MARKET-RESIDUAL-MARGIN-TOTAL-V1,5f148219527b07d85261d3f196ace97a5eb5646271d43596032a692389abc579,2c5cc1af74fc5f3955e44361b82b791710e4b63bbc69b0c15570617e2d86e543,True
2024_01_MIN_NYG,2024,1,NYG,MIN,0.5306910619298664,1.0304434056738252,39.89193476446404,13.564518459577533,-0.013276606716527362,0.008519585772609105,2023,A0-DYNAMIC-OPPONENT-ADJUSTED-JOINT-SCORE-V1,5f148219527b07d85261d3f196ace97a5eb5646271d43596032a692389abc579,2c5cc1af74fc5f3955e44361b82b791710e4b63bbc69b0c15570617e2d86e543,0.39805,-4.0979,42.4707,254.39915550555057,284.4277842884288,-24.0,16.0,22.0,65.0,2023,B0-POSSESSION-DRIVE-SCORE-PROCESS-V1,5f148219527b07d85261d3f196ace97a5eb5646271d43596032a692389abc579,2c5cc1af74fc5f3955e44361b82b791710e4b63bbc69b0c15570617e2d86e543,-1.0,42.5,-0.09308393012733558,0.7155330922334489,-1.0930839301273356,43.21553309223345,historical_closing_late_benchmark_exact_horizon_opaque,2023,C0-MARKET-RESIDUAL-MARGIN-TOTAL-V1,5f148219527b07d85261d3f196ace97a5eb5646271d43596032a692389abc579,2c5cc1af74fc5f3955e44361b82b791710e4b63bbc69b0c15570617e2d86e543,True
2024_01_NE_CIN,2024,1,CIN,NE,0.7169976706646466,7.680047580541167,39.2564689477276,13.564518459577533,0.4743216793514653,-0.056719299265794665,2023,A0-DYNAMIC-OPPONENT-ADJUSTED-JOINT-SCORE-V1,5f148219527b07d85261d3f196ace97a5eb5646271d43596032a692389abc579,2c5cc1af74fc5f3955e44361b82b791710e4b63bbc69b0c15570617e2d86e543,0.5222,0.764,43.1532,256.7355775577558,290.6139911591159,-20.0,21.0,23.0,66.0,2023,B0-POSSESSION-DRIVE-SCORE-PROCESS-V1,5f148219527b07d85261d3f196ace97a5eb5646271d43596032a692389abc579,2c5cc1af74fc5f3955e44361b82b791710e4b63bbc69b0c15570617e2d86e543,8.0,40.5,-0.08571079184078764,0.6811071087349249,7.914289208159213,41.18110710873493,historical_closing_late_benchmark_exact_horizon_opaque,2023,C0-MARKET-RESIDUAL-MARGIN-TOTAL-V1,5f148219527b07d85261d3f196ace97a5eb5646271d43596032a692389abc579,2c5cc1af74fc5f3955e44361b82b791710e4b63bbc69b0c15570617e2d86e543,True
2024_01_NYJ_SF,2024,1,SF,NYJ,0.8238595270724405,12.446793247453577,41.78244106969553,13.564518459577533,0.5216578432076635,0.16998211196374158,2023,A0-DYNAMIC-OPPONENT-ADJUSTED-JOINT-SCORE-V1,5f148219527b07d85261d3f196ace97a5eb5646271d43596032a692389abc579,2c5cc1af74fc5f3955e44361b82b791710e4b63bbc69b0c15570617e2d86e543,0.79015,13.4941,45.9097,282.5638215721572,316.6730132113211,-8.0,35.0,24.0,70.0,2023,B0-POSSESSION-DRIVE-SCORE-PROCESS-V1,5f148219527b07d85261d3f196ace97a5eb5646271d43596032a692389abc579,2c5cc1af74fc5f3955e44361b82b791710e4b63bbc69b0c15570617e2d86e543,3.5,43.0,0.22391806649858104,0.44713095516596546,3.723918066498581,43.44713095516597,historical_closing_late_benchmark_exact_horizon_opaque,2023,C0-MARKET-RESIDUAL-MARGIN-TOTAL-V1,5f148219527b07d85261d3f196ace97a5eb5646271d43596032a692389abc579,2c5cc1af74fc5f3955e44361b82b791710e4b63bbc69b0c15570617e2d86e543,True
2024_01_PIT_ATL,2024,1,ATL,PIT,0.5095232477557057,0.31945485960240205,41.191962342412424,13.564518459577533,0.05107652638373836,-0.621275422062572,2023,A0-DYNAMIC-OPPONENT-ADJUSTED-JOINT-SCORE-V1,5f148219527b07d85261d3f196ace97a5eb5646271d43596032a692389abc579,2c5cc1af74fc5f3955e44361b82b791710e4b63bbc69b0c15570617e2d86e543,0.5026499999999999,0.1995,45.0995,269.23162291229124,315.97039678967894,-21.0,21.0,23.0,68.0,2023,B0-POSSESSION-DRIVE-SCORE-PROCESS-V1,5f148219527b07d85261d3f196ace97a5eb5646271d43596032a692389abc579,2c5cc1af74fc5f3955e44361b82b791710e4b63bbc69b0c15570617e2d86e543,4.0,43.0,-0.25263730958413544,0.6021262916719374,3.747362690415865,43.60212629167194,historical_closing_late_benchmark_exact_horizon_opaque,2023,C0-MARKET-RESIDUAL-MARGIN-TOTAL-V1,5f148219527b07d85261d3f196ace97a5eb5646271d43596032a692389abc579,2c5cc1af74fc5f3955e44361b82b791710e4b63bbc69b0c15570617e2d86e543,True
2024_01_TEN_CHI,2024,1,CHI,TEN,0.584844025123174,2.8675991091799204,40.72078138503245,13.564518459577533,0.45859300328272257,0.136883974636091,2023,A0-DYNAMIC-OPPONENT-ADJUSTED-JOINT-SCORE-V1,5f148219527b07d85261d3f196ace97a5eb5646271d43596032a692389abc579,2c5cc1af74fc5f3955e44361b82b791710e4b63bbc69b0c15570617e2d86e543,0.5423,2.0907,44.5281,273.256199129913,315.3105414441444,-18.0,24.0,23.0,68.0,2023,B0-POSSESSION-DRIVE-SCORE-PROCESS-V1,5f148219527b07d85261d3f196ace97a5eb5646271d43596032a692389abc579,2c5cc1af74fc5f3955e44361b82b791710e4b63bbc69b0c15570617e2d86e543,4.0,43.0,-0.14096238427050517,0.6366590580056142,3.8590376157294948,43.63665905800561,historical_closing_late_benchmark_exact_horizon_opaque,2023,C0-MARKET-RESIDUAL-MARGIN-TOTAL-V1,5f148219527b07d85261d3f196ace97a5eb5646271d43596032a692389abc579,2c5cc1af74fc5f3955e44361b82b791710e4b63bbc69b0c15570617e2d86e543,True
2024_01_WAS_TB,2024,1,TB,WAS,0.7091929030410138,7.373390356382444,41.64538136410444,13.564518459577533,0.022976547464169772,0.9574838308892581,2023,A0-DYNAMIC-OPPONENT-ADJUSTED-JOINT-SCORE-V1,5f148219527b07d85261d3f196ace97a5eb5646271d43596032a692389abc579,2c5cc1af74fc5f3955e44361b82b791710e4b63bbc69b0c15570617e2d86e543,0.6765,7.6151,45.7421,281.30248223822383,316.2796155515552,-14.0,29.0,24.0,69.0,2023,B0-POSSESSION-DRIVE-SCORE-PROCESS-V1,5f148219527b07d85261d3f196ace97a5eb5646271d43596032a692389abc579,2c5cc1af74fc5f3955e44361b82b791710e4b63bbc69b0c15570617e2d86e543,4.0,42.0,-0.03848385527134596,0.4866039924002499,3.961516144728654,42.48660399240025,historical_closing_late_benchmark_exact_horizon_opaque,2023,C0-MARKET-RESIDUAL-MARGIN-TOTAL-V1,5f148219527b07d85261d3f196ace97a5eb5646271d43596032a692389abc579,2c5cc1af74fc5f3955e44361b82b791710e4b63bbc69b0c15570617e2d86e543,True
2024_02_ATL_PHI,2024,2,PHI,ATL,0.6830645270979807,6.373245550217533,45.199719156054385,13.564518459577533,0.31614549411150505,-0.11934328006528172,2023,A0-DYNAMIC-OPPONENT-ADJUSTED-JOINT-SCORE-V1,5f148219527b07d85261d3f196ace97a5eb5646271d43596032a692389abc579,2c5cc1af74fc5f3955e44361b82b791710e4b63bbc69b0c15570617e2d86e543,0.6369,6.1889,52.5657,315.91380817081705,378.12929643964395,-16.0,29.0,29.0,78.0,2023,B0-POSSESSION-DRIVE-SCORE-PROCESS-V1,5f148219527b07d85261d3f196ace97a5eb5646271d43596032a692389abc579,2c5cc1af74fc5f3955e44361b82b791710e4b63bbc69b0c15570617e2d86e543,5.5,46.5,-0.22324973053761876,0.4869825729534306,5.276750269462381,46.98698257295343,historical_closing_late_benchmark_exact_horizon_opaque,2023,C0-MARKET-RESIDUAL-MARGIN-TOTAL-V1,5f148219527b07d85261d3f196ace97a5eb5646271d43596032a692389abc579,2c5cc1af74fc5f3955e44361b82b791710e4b63bbc69b0c15570617e2d86e543,True
2024_02_BUF_MIA,2024,2,MIA,BUF,0.508147920587684,0.27331291089881304,48.71754520653364,13.564518459577533,0.09129275339616538,-0.4350301498409318,2023,A0-DYNAMIC-OPPONENT-ADJUSTED-JOINT-SCORE-V1,5f148219527b07d85261d3f196ace97a5eb5646271d43596032a692389abc579,2c5cc1af74fc5f3955e44361b82b791710e4b63bbc69b0c15570617e2d86e543,0.4289,-3.2292,53.4798,340.6489322532253,393.6673586958696,-27.0,20.0,29.0,79.0,2023,B0-POSSESSION-DRIVE-SCORE-PROCESS-V1,5f148219527b07d85261d3f196ace97a5eb5646271d43596032a692389abc579,2c5cc1af74fc5f3955e44361b82b791710e4b63bbc69b0c15570617e2d86e543,2.5,48.5,-0.20852013166502475,-0.14437986827405638,2.2914798683349753,48.35562013172594,historical_closing_late_benchmark_exact_horizon_opaque,2023,C0-MARKET-RESIDUAL-MARGIN-TOTAL-V1,5f148219527b07d85261d3f196ace97a5eb5646271d43596032a692389abc579,2c5cc1af74fc5f3955e44361b82b791710e4b63bbc69b0c15570617e2d86e543,True
2024_02_CHI_HOU,2024,2,HOU,CHI,0.6143452652222998,3.889396371691305,40.932635459211724,13.564518459577533,-0.037782520005778655,-0.12199996681933192,2023,A0-DYNAMIC-OPPONENT-ADJUSTED-JOINT-SCORE-V1,5f148219527b07d85261d3f196ace97a5eb5646271d43596032a692389abc579,2c5cc1af74fc5f3955e44361b82b791710e4b63bbc69b0c15570617e2d86e543,0.49650000000000005,-0.1987,44.7619,277.4017584858486,316.27063545354537,-21.0,20.0,23.0,68.0,2023,B0-POSSESSION-DRIVE-SCORE-PROCESS-V1,5f148219527b07d85261d3f196ace97a5eb5646271d43596032a692389abc579,2c5cc1af74fc5f3955e44361b82b791710e4b63bbc69b0c15570617e2d86e543,6.0,45.5,-0.20603904958006392,0.6771781434897757,5.793960950419936,46.177178143489776,historical_closing_late_benchmark_exact_horizon_opaque,2023,C0-MARKET-RESIDUAL-MARGIN-TOTAL-V1,5f148219527b07d85261d3f196ace97a5eb5646271d43596032a692389abc579,2c5cc1af74fc5f3955e44361b82b791710e4b63bbc69b0c15570617e2d86e543,True
2024_02_CIN_KC,2024,2,KC,CIN,0.6328209466425121,4.540677415047806,44.87756237666444,13.564518459577533,-0.3387510228896505,0.4216405296020276,2023,A0-DYNAMIC-OPPONENT-ADJUSTED-JOINT-SCORE-V1,5f148219527b07d85261d3f196ace97a5eb5646271d43596032a692389abc579,2c5cc1af74fc5f3955e44361b82b791710e4b63bbc69b0c15570617e2d86e543,0.6768,7.9684,49.2466,305.64236567656764,347.54114255425543,-14.0,30.0,26.0,74.0,2023,B0-POSSESSION-DRIVE-SCORE-PROCESS-V1,5f148219527b07d85261d3f196ace97a5eb5646271d43596032a692389abc579,2c5cc1af74fc5f3955e44361b82b791710e4b63bbc69b0c15570617e2d86e543,6.5,47.5,-0.4706865317949308,0.7231942835252282,6.0293134682050695,48.22319428352523,historical_closing_late_benchmark_exact_horizon_opaque,2023,C0-MARKET-RESIDUAL-MARGIN-TOTAL-V1,5f148219527b07d85261d3f196ace97a5eb5646271d43596032a692389abc579,2c5cc1af74fc5f3955e44361b82b791710e4b63bbc69b0c15570617e2d86e543,True
2024_02_CLE_JAX,2024,2,JAX,CLE,0.6160470505094646,3.948978496358503,40.57830343632533,13.564518459577533,-0.2752934906265749,0.12714578860365922,2023,A0-DYNAMIC-OPPONENT-ADJUSTED-JOINT-SCORE-V1,5f148219527b07d85261d3f196ace97a5eb5646271d43596032a692389abc579,2c5cc1af74fc5f3955e44361b82b791710e4b63bbc69b0c15570617e2d86e543,0.55615,2.3085,44.9221,285.5274804980498,310.5732889188919,-19.0,24.0,23.0,68.0,2023,B0-POSSESSION-DRIVE-SCORE-PROCESS-V1,5f148219527b07d85261d3f196ace97a5eb5646271d43596032a692389abc579,2c5cc1af74fc5f3955e44361b82b791710e4b63bbc69b0c15570617e2d86e543,3.0,41.5,-0.13892545719452468,0.4729557959592786,2.861074542805475,41.97295579595928,historical_closing_late_benchmark_exact_horizon_opaque,2023,C0-MARKET-RESIDUAL-MARGIN-TOTAL-V1,5f148219527b07d85261d3f196ace97a5eb5646271d43596032a692389abc579,2c5cc1af74fc5f3955e44361b82b791710e4b63bbc69b0c15570617e2d86e543,True
2024_02_IND_GB,2024,2,GB,IND,0.6846412680165791,6.43254662852155,46.94933803748647,13.564518459577533,-0.12016152629747563,0.5130660348952402,2023,A0-DYNAMIC-OPPONENT-ADJUSTED-JOINT-SCORE-V1,5f148219527b07d85261d3f196ace97a5eb5646271d43596032a692389abc579,2c5cc1af74fc5f3955e44361b82b791710e4b63bbc69b0c15570617e2d86e543,0.6195499999999999,5.7047,53.5107,336.8611840284029,397.56264177417745,-17.0,30.0,29.0,80.0,2023,B0-POSSESSION-DRIVE-SCORE-PROCESS-V1,5f148219527b07d85261d3f196ace97a5eb5646271d43596032a692389abc579,2c5cc1af74fc5f3955e44361b82b791710e4b63bbc69b0c15570617e2d86e543,-3.0,41.5,-0.013393719898678075,-0.050836221860793895,-3.013393719898678,41.44916377813921,historical_closing_late_benchmark_exact_horizon_opaque,2023,C0-MARKET-RESIDUAL-MARGIN-TOTAL-V1,5f148219527b07d85261d3f196ace97a5eb5646271d43596032a692389abc579,2c5cc1af74fc5f3955e44361b82b791710e4b63bbc69b0c15570617e2d86e543,True
2024_02_LAC_CAR,2024,2,CAR,LAC,0.46432555259010894,-1.1981755549826083,37.288635616997595,13.564518459577533,-0.3201069950177513,0.06231087172626496,2023,A0-DYNAMIC-OPPONENT-ADJUSTED-JOINT-SCORE-V1,5f148219527b07d85261d3f196ace97a5eb5646271d43596032a692389abc579,2c5cc1af74fc5f3955e44361b82b791710e4b63bbc69b0c15570617e2d86e543,0.4547,-1.6812,43.3378,270.07777433743377,302.8577769376938,-22.0,19.0,23.0,67.0,2023,B0-POSSESSION-DRIVE-SCORE-PROCESS-V1,5f148219527b07d85261d3f196ace97a5eb5646271d43596032a692389abc579,2c5cc1af74fc5f3955e44361b82b791710e4b63bbc69b0c15570617e2d86e543,-5.0,39.0,-0.07916325317782164,0.9410756906455399,-5.079163253177821,39.94107569064554,historical_closing_late_benchmark_exact_horizon_opaque,2023,C0-MARKET-RESIDUAL-MARGIN-TOTAL-V1,5f148219527b07d85261d3f196ace97a5eb5646271d43596032a692389abc579,2c5cc1af74fc5f3955e44361b82b791710e4b63bbc69b0c15570617e2d86e543,True
2024_02_LA_ARI,2024,2,ARI,LA,0.4622451295890186,-1.268253225943596,44.958518432768976,13.564518459577533,-0.19249347655900706,-0.43139282744409435,2023,A0-DYNAMIC-OPPONENT-ADJUSTED-JOINT-SCORE-V1,5f148219527b07d85261d3f196ace97a5eb5646271d43596032a692389abc579,2c5cc1af74fc5f3955e44361b82b791710e4b63bbc69b0c15570617e2d86e543,0.42415,-3.3947,52.0859,328.0627181818182,382.05952714271433,-26.0,20.0,28.0,78.0,2023,B0-POSSESSION-DRIVE-SCORE-PROCESS-V1,5f148219527b07d85261d3f196ace97a5eb5646271d43596032a692389abc579,2c5cc1af74fc5f3955e44361b82b791710e4b63bbc69b0c15570617e2d86e543,-1.0,47.5,-0.18206168033683728,0.2796337926558685,-1.1820616803368373,47.77963379265587,historical_closing_late_benchmark_exact_horizon_opaque,2023,C0-MARKET-RESIDUAL-MARGIN-TOTAL-V1,5f148219527b07d85261d3f196ace97a5eb5646271d43596032a692389abc579,2c5cc1af74fc5f3955e44361b82b791710e4b63bbc69b0c15570617e2d86e543,True
2024_02_LV_BAL,2024,2,BAL,LV,0.7301985058788518,8.208173560311991,43.45486674989609,13.564518459577533,0.38545006738442167,0.2724286405202697,2023,A0-DYNAMIC-OPPONENT-ADJUSTED-JOINT-SCORE-V1,5f148219527b07d85261d3f196ace97a5eb5646271d43596032a692389abc579,2c5cc1af74fc5f3955e44361b82b791710e4b63bbc69b0c15570617e2d86e543,0.73345,10.873,50.9826,309.9326642664267,354.3905362936294,-11.0,34.0,28.0,76.0,2023,B0-POSSESSION-DRIVE-SCORE-PROCESS-V1,5f148219527b07d85261d3f196ace97a5eb5646271d43596032a692389abc579,2c5cc1af74fc5f3955e44361b82b791710e4b63bbc69b0c15570617e2d86e543,9.0,41.0,-0.3455984013720673,0.3877203152530868,8.654401598627933,41.387720315253084,historical_closing_late_benchmark_exact_horizon_opaque,2023,C0-MARKET-RESIDUAL-MARGIN-TOTAL-V1,5f148219527b07d85261d3f196ace97a5eb5646271d43596032a692389abc579,2c5cc1af74fc5f3955e44361b82b791710e4b63bbc69b0c15570617e2d86e543,True
2024_02_NO_DAL,2024,2,DAL,NO,0.633702358291062,4.572005859437311,45.878763482671886,13.564518459577533,0.27135660403832995,0.033765789957909215,2023,A0-DYNAMIC-OPPONENT-ADJUSTED-JOINT-SCORE-V1,5f148219527b07d85261d3f196ace97a5eb5646271d43596032a692389abc579,2c5cc1af74fc5f3955e44361b82b791710e4b63bbc69b0c15570617e2d86e543,0.608,4.9321,51.1131,316.26671626162613,380.4593543254325,-17.0,28.0,27.0,77.0,2023,B0-POSSESSION-DRIVE-SCORE-PROCESS-V1,5f148219527b07d85261d3f196ace97a5eb5646271d43596032a692389abc579,2c5cc1af74fc5f3955e44361b82b791710e4b63bbc69b0c15570617e2d86e543,6.5,47.0,-0.1719571209166632,0.029772016925193157,6.328042879083337,47.02977201692519,historical_closing_late_benchmark_exact_horizon_opaque,2023,C0-MARKET-RESIDUAL-MARGIN-TOTAL-V1,5f148219527b07d85261d3f196ace97a5eb5646271d43596032a692389abc579,2c5cc1af74fc5f3955e44361b82b791710e4b63bbc69b0c15570617e2d86e543,True
2024_02_NYG_WAS,2024,2,WAS,NYG,0.5255047084233966,0.8560510953894607,39.76088579422824,13.564518459577533,-0.033238337018923536,-0.6328189122484079,2023,A0-DYNAMIC-OPPONENT-ADJUSTED-JOINT-SCORE-V1,5f148219527b07d85261d3f196ace97a5eb5646271d43596032a692389abc579,2c5cc1af74fc5f3955e44361b82b791710e4b63bbc69b0c15570617e2d86e543,0.5269499999999999,1.0425,41.7013,247.83227697769777,282.7325515651565,-19.0,21.0,22.0,64.0,2023,B0-POSSESSION-DRIVE-SCORE-PROCESS-V1,5f148219527b07d85261d3f196ace97a5eb5646271d43596032a692389abc579,2c5cc1af74fc5f3955e44361b82b791710e4b63bbc69b0c15570617e2d86e543,1.5,42.5,-0.16356913990978278,0.7470423515463287,1.3364308600902173,43.24704235154633,historical_closing_late_benchmark_exact_horizon_opaque,2023,C0-MARKET-RESIDUAL-MARGIN-TOTAL-V1,5f148219527b07d85261d3f196ace97a5eb5646271d43596032a692389abc579,2c5cc1af74fc5f3955e44361b82b791710e4b63bbc69b0c15570617e2d86e543,True
2024_02_NYJ_TEN,2024,2,TEN,NYJ,0.6153434914990534,3.924336384923116,36.34864377499243,13.564518459577533,-0.10916332875168805,-0.27519219380003335,2023,A0-DYNAMIC-OPPONENT-ADJUSTED-JOINT-SCORE-V1,5f148219527b07d85261d3f196ace97a5eb5646271d43596032a692389abc579,2c5cc1af74fc5f3955e44361b82b791710e4b63bbc69b0c15570617e2d86e543,0.6336499999999999,5.6218,40.994,251.84034879487947,283.1644804480448,-14.0,26.0,20.0,63.0,2023,B0-POSSESSION-DRIVE-SCORE-PROCESS-V1,5f148219527b07d85261d3f196ace97a5eb5646271d43596032a692389abc579,2c5cc1af74fc5f3955e44361b82b791710e4b63bbc69b0c15570617e2d86e543,-3.5,41.5,0.008651527962431516,1.2611052079069047,-3.4913484720375685,42.76110520790691,historical_closing_late_benchmark_exact_horizon_opaque,2023,C0-MARKET-RESIDUAL-MARGIN-TOTAL-V1,5f148219527b07d85261d3f196ace97a5eb5646271d43596032a692389abc579,2c5cc1af74fc5f3955e44361b82b791710e4b63bbc69b0c15570617e2d86e543,True
2024_02_PIT_DEN,2024,2,DEN,PIT,0.5118173618427249,0.39643064941934725,40.616248655044444,13.564518459577533,0.1435525051030807,-0.3741508873278468,2023,A0-DYNAMIC-OPPONENT-ADJUSTED-JOINT-SCORE-V1,5f148219527b07d85261d3f196ace97a5eb5646271d43596032a692389abc579,2c5cc1af74fc5f3955e44361b82b791710e4b63bbc69b0c15570617e2d86e543,0.45835000000000004,-1.5657,38.1087,222.4429278027803,247.74665897589762,-20.0,17.0,19.0,59.0,2023,B0-POSSESSION-DRIVE-SCORE-PROCESS-V1,5f148219527b07d85261d3f196ace97a5eb5646271d43596032a692389abc579,2c5cc1af74fc5f3955e44361b82b791710e4b63bbc69b0c15570617e2d86e543,-3.0,36.5,-0.030565552010834177,0.2688643764743092,-3.030565552010834,36.76886437647431,historical_closing_late_benchmark_exact_horizon_opaque,2023,C0-MARKET-RESIDUAL-MARGIN-TOTAL-V1,5f148219527b07d85261d3f196ace97a5eb5646271d43596032a692389abc579,2c5cc1af74fc5f3955e44361b82b791710e4b63bbc69b0c15570617e2d86e543,True
2024_02_SEA_NE,2024,2,NE,SEA,0.4444968365680307,-1.8677090324546093,39.83832576189026,13.564518459577533,-0.29190583755513955,0.16586804554669465,2023,A0-DYNAMIC-OPPONENT-ADJUSTED-JOINT-SCORE-V1,5f148219527b07d85261d3f196ace97a5eb5646271d43596032a692389abc579,2c5cc1af74fc5f3955e44361b82b791710e4b63bbc69b0c15570617e2d86e543,0.48714999999999997,-0.6818,43.3012,259.9833470947094,304.25510407040707,-21.0,20.0,22.0,66.0,2023,B0-POSSESSION-DRIVE-SCORE-PROCESS-V1,5f148219527b07d85261d3f196ace97a5eb5646271d43596032a692389abc579,2c5cc1af74fc5f3955e44361b82b791710e4b63bbc69b0c15570617e2d86e543,-3.5,39.0,-0.14942583793686676,0.5580548762973805,-3.649425837936867,39.55805487629738,historical_closing_late_benchmark_exact_horizon_opaque,2023,C0-MARKET-RESIDUAL-MARGIN-TOTAL-V1,5f148219527b07d85261d3f196ace97a5eb5646271d43596032a692389abc579,2c5cc1af74fc5f3955e44361b82b791710e4b63bbc69b0c15570617e2d86e543,True
2024_02_SF_MIN,2024,2,MIN,SF,0.3853960322911119,-3.8984489463080223,47.50280249250898,13.564518459577533,-0.41322513609809886,-0.3973701184970966,2023,A0-DYNAMIC-OPPONENT-ADJUSTED-JOINT-SCORE-V1,5f148219527b07d85261d3f196ace97a5eb5646271d43596032a692389abc579,2c5cc1af74fc5f3955e44361b82b791710e4b63bbc69b0c15570617e2d86e543,0.43655,-2.9802,50.7378,320.37464542454245,371.2417753375338,-26.0,20.0,27.0,76.0,2023,B0-POSSESSION-DRIVE-SCORE-PROCESS-V1,5f148219527b07d85261d3f196ace97a5eb5646271d43596032a692389abc579,2c5cc1af74fc5f3955e44361b82b791710e4b63bbc69b0c15570617e2d86e543,-4.5,46.5,-0.26694833271340024,0.052977406153736306,-4.7669483327134,46.55297740615374,historical_closing_late_benchmark_exact_horizon_opaque,2023,C0-MARKET-RESIDUAL-MARGIN-TOTAL-V1,5f148219527b07d85261d3f196ace97a5eb5646271d43596032a692389abc579,2c5cc1af74fc5f3955e44361b82b791710e4b63bbc69b0c15570617e2d86e543,True
2024_02_TB_DET,2024,2,DET,TB,0.5954145154275434,3.231488274894563,46.851477653285414,13.564518459577533,0.5521871949082455,-0.4714709209609379,2023,A0-DYNAMIC-OPPONENT-ADJUSTED-JOINT-SCORE-V1,5f148219527b07d85261d3f196ace97a5eb5646271d43596032a692389abc579,2c5cc1af74fc5f3955e44361b82b791710e4b63bbc69b0c15570617e2d86e543,0.5019,0.0972,53.5264,343.1592680868087,401.3594389838984,-23.0,24.0,29.0,80.0,2023,B0-POSSESSION-DRIVE-SCORE-PROCESS-V1,5f148219527b07d85261d3f196ace97a5eb5646271d43596032a692389abc579,2c5cc1af74fc5f3955e44361b82b791710e4b63bbc69b0c15570617e2d86e543,7.5,51.5,-0.2132750347860922,0.2967036574424147,7.2867249652139074,51.796703657442414,historical_closing_late_benchmark_exact_horizon_opaque,2023,C0-MARKET-RESIDUAL-MARGIN-TOTAL-V1,5f148219527b07d85261d3f196ace97a5eb5646271d43596032a692389abc579,2c5cc1af74fc5f3955e44361b82b791710e4b63bbc69b0c15570617e2d86e543,True
2024_03_BAL_DAL,2024,3,DAL,BAL,0.5603003340486945,2.03033045465779,47.98319449385731,13.564518459577533,0.14018552175370969,-0.2892974439377044,2023,A0-DYNAMIC-OPPONENT-ADJUSTED-JOINT-SCORE-V1,5f148219527b07d85261d3f196ace97a5eb5646271d43596032a692389abc579,2c5cc1af74fc5f3955e44361b82b791710e4b63bbc69b0c15570617e2d86e543,0.56555,2.9549,53.0461,326.319697959796,371.4829230823082,-20.0,26.0,30.0,78.0,2023,B0-POSSESSION-DRIVE-SCORE-PROCESS-V1,5f148219527b07d85261d3f196ace97a5eb5646271d43596032a692389abc579,2c5cc1af74fc5f3955e44361b82b791710e4b63bbc69b0c15570617e2d86e543,-1.5,47.5,-0.020514660808444884,-0.22567838288299377,-1.5205146608084448,47.274321617117,historical_closing_late_benchmark_exact_horizon_opaque,2023,C0-MARKET-RESIDUAL-MARGIN-TOTAL-V1,5f148219527b07d85261d3f196ace97a5eb5646271d43596032a692389abc579,2c5cc1af74fc5f3955e44361b82b791710e4b63bbc69b0c15570617e2d86e543,True
2024_03_CAR_LV,2024,3,LV,CAR,0.712677319850526,7.5098087652499785,36.703743101750526,13.564518459577533,0.6323647168879494,0.2511748579627915,2023,A0-DYNAMIC-OPPONENT-ADJUSTED-JOINT-SCORE-V1,5f148219527b07d85261d3f196ace97a5eb5646271d43596032a692389abc579,2c5cc1af74fc5f3955e44361b82b791710e4b63bbc69b0c15570617e2d86e543,0.5924999999999999,3.8532,43.9758,263.6742171817181,302.1698313431343,-17.0,24.0,23.0,67.0,2023,B0-POSSESSION-DRIVE-SCORE-PROCESS-V1,5f148219527b07d85261d3f196ace97a5eb5646271d43596032a692389abc579,2c5cc1af74fc5f3955e44361b82b791710e4b63bbc69b0c15570617e2d86e543,5.5,40.0,-0.007046466765764342,1.0079317351504653,5.492953533234235,41.007931735150464,historical_closing_late_benchmark_exact_horizon_opaque,2023,C0-MARKET-RESIDUAL-MARGIN-TOTAL-V1,5f148219527b07d85261d3f196ace97a5eb5646271d43596032a692389abc579,2c5cc1af74fc5f3955e44361b82b791710e4b63bbc69b0c15570617e2d86e543,True
2024_03_CHI_IND,2024,3,IND,CHI,0.5894442284202552,3.0256847599917656,41.31937028703477,13.564518459577533,0.019638776444985795,-0.4471043413623193,2023,A0-DYNAMIC-OPPONENT-ADJUSTED-JOINT-SCORE-V1,5f148219527b07d85261d3f196ace97a5eb5646271d43596032a692389abc579,2c5cc1af74fc5f3955e44361b82b791710e4b63bbc69b0c15570617e2d86e543,0.5491499999999999,2.0853,46.1865,282.70889479947994,317.5808758375838,-19.0,24.0,24.0,69.0,2023,B0-POSSESSION-DRIVE-SCORE-PROCESS-V1,5f148219527b07d85261d3f196ace97a5eb5646271d43596032a692389abc579,2c5cc1af74fc5f3955e44361b82b791710e4b63bbc69b0c15570617e2d86e543,1.5,43.0,-0.08500841774414744,0.47518779703090874,1.4149915822558525,43.475187797030905,historical_closing_late_benchmark_exact_horizon_opaque,2023,C0-MARKET-RESIDUAL-MARGIN-TOTAL-V1,5f148219527b07d85261d3f196ace97a5eb5646271d43596032a692389abc579,2c5cc1af74fc5f3955e44361b82b791710e4b63bbc69b0c15570617e2d86e543,True
2024_03_DEN_TB,2024,3,TB,DEN,0.6566039010029225,5.395439006644164,42.16362274257655,13.564518459577533,-0.0898507548062541,0.3050360879768749,2023,A0-DYNAMIC-OPPONENT-ADJUSTED-JOINT-SCORE-V1,5f148219527b07d85261d3f196ace97a5eb5646271d43596032a692389abc579,2c5cc1af74fc5f3955e44361b82b791710e4b63bbc69b0c15570617e2d86e543,0.63595,5.7314,42.9442,269.448998939894,298.9041767776778,-15.0,27.0,22.0,66.0,2023,B0-POSSESSION-DRIVE-SCORE-PROCESS-V1,5f148219527b07d85261d3f196ace97a5eb5646271d43596032a692389abc579,2c5cc1af74fc5f3955e44361b82b791710e4b63bbc69b0c15570617e2d86e543,6.0,40.5,-0.16668225851482205,0.3065204963899254,5.833317741485178,40.80652049638992,historical_closing_late_benchmark_exact_horizon_opaque,2023,C0-MARKET-RESIDUAL-MARGIN-TOTAL-V1,5f148219527b07d85261d3f196ace97a5eb5646271d43596032a692389abc579,2c5cc1af74fc5f3955e44361b82b791710e4b63bbc69b0c15570617e2d86e543,True
2024_03_DET_ARI,2024,3,ARI,DET,0.47775375331940706,-0.7465607849353404,47.44610710487688,13.564518459577533,-0.3266032782111866,-0.24663215360232577,2023,A0-DYNAMIC-OPPONENT-ADJUSTED-JOINT-SCORE-V1,5f148219527b07d85261d3f196ace97a5eb5646271d43596032a692389abc579,2c5cc1af74fc5f3955e44361b82b791710e4b63bbc69b0c15570617e2d86e543,0.4983,-0.0001,57.1751,359.6100609960996,424.30127011701177,-24.0,24.0,32.0,84.0,2023,B0-POSSESSION-DRIVE-SCORE-PROCESS-V1,5f148219527b07d85261d3f196ace97a5eb5646271d43596032a692389abc579,2c5cc1af74fc5f3955e44361b82b791710e4b63bbc69b0c15570617e2d86e543,-3.0,51.5,-0.11818407941525035,0.18856415108517408,-3.11818407941525,51.688564151085174,historical_closing_late_benchmark_exact_horizon_opaque,2023,C0-MARKET-RESIDUAL-MARGIN-TOTAL-V1,5f148219527b07d85261d3f196ace97a5eb5646271d43596032a692389abc579,2c5cc1af74fc5f3955e44361b82b791710e4b63bbc69b0c15570617e2d86e543,True
2024_03_GB_TEN,2024,3,TEN,GB,0.4152669383106145,-2.8637908865528203,45.022672224395095,13.564518459577533,-0.35807025343023274,-0.20284566816901184,2023,A0-DYNAMIC-OPPONENT-ADJUSTED-JOINT-SCORE-V1,5f148219527b07d85261d3f196ace97a5eb5646271d43596032a692389abc579,2c5cc1af74fc5f3955e44361b82b791710e4b63bbc69b0c15570617e2d86e543,0.45875,-2.1093,50.4053,317.2648799979998,377.0809400040004,-25.0,20.0,27.0,76.0,2023,B0-POSSESSION-DRIVE-SCORE-PROCESS-V1,5f148219527b07d85261d3f196ace97a5eb5646271d43596032a692389abc579,2c5cc1af74fc5f3955e44361b82b791710e4b63bbc69b0c15570617e2d86e543,3.0,37.0,-0.3837998577961005,-0.22218344524222625,2.6162001422038994,36.77781655475778,historical_closing_late_benchmark_exact_horizon_opaque,2023,C0-MARKET-RESIDUAL-MARGIN-TOTAL-V1,5f148219527b07d85261d3f196ace97a5eb5646271d43596032a692389abc579,2c5cc1af74fc5f3955e44361b82b791710e4b63bbc69b0c15570617e2d86e543,True
2024_03_HOU_MIN,2024,3,MIN,HOU,0.5565208583258218,1.9021844689150136,42.50495991114063,13.564518459577533,-0.20321444741569117,0.03292017944991925,2023,A0-DYNAMIC-OPPONENT-ADJUSTED-JOINT-SCORE-V1,5f148219527b07d85261d3f196ace97a5eb5646271d43596032a692389abc579,2c5cc1af74fc5f3955e44361b82b791710e4b63bbc69b0c15570617e2d86e543,0.62525,5.3267,46.4531,272.77724483448344,316.5108514751475,-16.0,26.0,24.0,70.0,2023,B0-POSSESSION-DRIVE-SCORE-PROCESS-V1,5f148219527b07d85261d3f196ace97a5eb5646271d43596032a692389abc579,2c5cc1af74fc5f3955e44361b82b791710e4b63bbc69b0c15570617e2d86e543,-2.0,46.0,-0.04898459681704509,0.5623835290878872,-2.048984596817045,46.56238352908789,historical_closing_late_benchmark_exact_horizon_opaque,2023,C0-MARKET-RESIDUAL-MARGIN-TOTAL-V1,5f148219527b07d85261d3f196ace97a5eb5646271d43596032a692389abc579,2c5cc1af74fc5f3955e44361b82b791710e4b63bbc69b0c15570617e2d86e543,True
2024_03_JAX_BUF,2024,3,BUF,JAX,0.7146472899545933,7.587280950192742,46.21066703234991,13.564518459577533,0.18469151793002672,0.2920203621987722,2023,A0-DYNAMIC-OPPONENT-ADJUSTED-JOINT-SCORE-V1,5f148219527b07d85261d3f196ace97a5eb5646271d43596032a692389abc579,2c5cc1af74fc5f3955e44361b82b791710e4b63bbc69b0c15570617e2d86e543,0.70285,9.4374,47.8242,300.5841396539654,339.2688212421242,-12.0,32.0,25.0,72.0,2023,B0-POSSESSION-DRIVE-SCORE-PROCESS-V1,5f148219527b07d85261d3f196ace97a5eb5646271d43596032a692389abc579,2c5cc1af74fc5f3955e44361b82b791710e4b63bbc69b0c15570617e2d86e543,4.0,46.5,-0.2323314352273848,0.43869339260939433,3.7676685647726154,46.938693392609395,historical_closing_late_benchmark_exact_horizon_opaque,2023,C0-MARKET-RESIDUAL-MARGIN-TOTAL-V1,5f148219527b07d85261d3f196ace97a5eb5646271d43596032a692389abc579,2c5cc1af74fc5f3955e44361b82b791710e4b63bbc69b0c15570617e2d86e543,True
2024_03_KC_ATL,2024,3,ATL,KC,0.45620130398076153,-1.4720399654180731,42.84912843926625,13.564518459577533,0.10245541205519018,-0.7017482595795674,2023,A0-DYNAMIC-OPPONENT-ADJUSTED-JOINT-SCORE-V1,5f148219527b07d85261d3f196ace97a5eb5646271d43596032a692389abc579,2c5cc1af74fc5f3955e44361b82b791710e4b63bbc69b0c15570617e2d86e543,0.4041,-4.2488,50.5852,308.4523437943795,368.13015397539755,-27.0,18.0,27.0,76.0,2023,B0-POSSESSION-DRIVE-SCORE-PROCESS-V1,5f148219527b07d85261d3f196ace97a5eb5646271d43596032a692389abc579,2c5cc1af74fc5f3955e44361b82b791710e4b63bbc69b0c15570617e2d86e543,-3.0,46.0,-0.01655548740495183,0.47138189300204014,-3.016555487404952,46.47138189300204,historical_closing_late_benchmark_exact_horizon_opaque,2023,C0-MARKET-RESIDUAL-MARGIN-TOTAL-V1,5f148219527b07d85261d3f196ace97a5eb5646271d43596032a692389abc579,2c5cc1af74fc5f3955e44361b82b791710e4b63bbc69b0c15570617e2d86e543,True
2024_03_LAC_PIT,2024,3,PIT,LAC,0.6050722579550504,3.566051734843999,40.4529201347944,13.564518459577533,0.06590928404712726,0.46670519810875033,2023,A0-DYNAMIC-OPPONENT-ADJUSTED-JOINT-SCORE-V1,5f148219527b07d85261d3f196ace97a5eb5646271d43596032a692389abc579,2c5cc1af74fc5f3955e44361b82b791710e4b63bbc69b0c15570617e2d86e543,0.54245,1.5944,43.3548,258.0230909490949,292.3223491949195,-19.0,21.0,23.0,66.0,2023,B0-POSSESSION-DRIVE-SCORE-PROCESS-V1,5f148219527b07d85261d3f196ace97a5eb5646271d43596032a692389abc579,2c5cc1af74fc5f3955e44361b82b791710e4b63bbc69b0c15570617e2d86e543,3.0,36.0,-0.12899736556615252,0.30050802883175665,2.8710026344338475,36.30050802883176,historical_closing_late_benchmark_exact_horizon_opaque,2023,C0-MARKET-RESIDUAL-MARGIN-TOTAL-V1,5f148219527b07d85261d3f196ace97a5eb5646271d43596032a692389abc579,2c5cc1af74fc5f3955e44361b82b791710e4b63bbc69b0c15570617e2d86e543,True
2024_03_MIA_SEA,2024,3,SEA,MIA,0.5299406881682939,1.0052017858521793,47.58028080410949,13.564518459577533,-0.3658541737782326,0.05242069687910492,2023,A0-DYNAMIC-OPPONENT-ADJUSTED-JOINT-SCORE-V1,5f148219527b07d85261d3f196ace97a5eb5646271d43596032a692389abc579,2c5cc1af74fc5f3955e44361b82b791710e4b63bbc69b0c15570617e2d86e543,0.5721999999999999,3.2934,52.8206,329.78209464946497,386.2732429642964,-20.0,26.0,29.0,79.0,2023,B0-POSSESSION-DRIVE-SCORE-PROCESS-V1,5f148219527b07d85261d3f196ace97a5eb5646271d43596032a692389abc579,2c5cc1af74fc5f3955e44361b82b791710e4b63bbc69b0c15570617e2d86e543,4.0,41.5,-0.05028680096694646,-0.7056576257746298,3.9497131990330536,40.79434237422537,historical_closing_late_benchmark_exact_horizon_opaque,2023,C0-MARKET-RESIDUAL-MARGIN-TOTAL-V1,5f148219527b07d85261d3f196ace97a5eb5646271d43596032a692389abc579,2c5cc1af74fc5f3955e44361b82b791710e4b63bbc69b0c15570617e2d86e543,True
2024_03_NE_NYJ,2024,3,NYJ,NE,0.5785736327594034,2.652755862441637,33.992986104035175,13.564518459577533,0.15575698159180967,0.10953709558816133,2023,A0-DYNAMIC-OPPONENT-ADJUSTED-JOINT-SCORE-V1,5f148219527b07d85261d3f196ace97a5eb5646271d43596032a692389abc579,2c5cc1af74fc5f3955e44361b82b791710e4b63bbc69b0c15570617e2d86e543,0.42105000000000004,-2.9433,36.7287,216.15950106010598,242.54175048504854,-21.0,16.0,17.0,57.0,2023,B0-POSSESSION-DRIVE-SCORE-PROCESS-V1,5f148219527b07d85261d3f196ace97a5eb5646271d43596032a692389abc579,2c5cc1af74fc5f3955e44361b82b791710e4b63bbc69b0c15570617e2d86e543,6.5,39.0,-0.2534253630406581,1.2931780753736382,6.246574636959342,40.29317807537364,historical_closing_late_benchmark_exact_horizon_opaque,2023,C0-MARKET-RESIDUAL-MARGIN-TOTAL-V1,5f148219527b07d85261d3f196ace97a5eb5646271d43596032a692389abc579,2c5cc1af74fc5f3955e44361b82b791710e4b63bbc69b0c15570617e2d86e543,True
2024_03_NYG_CLE,2024,3,CLE,NYG,0.609440059800066,3.7180836757712896,38.46223380202938,13.564518459577533,0.4061561486489079,-0.09309341821471459,2023,A0-DYNAMIC-OPPONENT-ADJUSTED-JOINT-SCORE-V1,5f148219527b07d85261d3f196ace97a5eb5646271d43596032a692389abc579,2c5cc1af74fc5f3955e44361b82b791710e4b63bbc69b0c15570617e2d86e543,0.5879,3.5452,42.4212,257.6597229322932,293.96598715871585,-17.0,24.0,21.0,65.0,2023,B0-POSSESSION-DRIVE-SCORE-PROCESS-V1,5f148219527b07d85261d3f196ace97a5eb5646271d43596032a692389abc579,2c5cc1af74fc5f3955e44361b82b791710e4b63bbc69b0c15570617e2d86e543,6.5,38.0,-0.1872066588030203,0.5499349223842714,6.31279334119698,38.549934922384274,historical_closing_late_benchmark_exact_horizon_opaque,2023,C0-MARKET-RESIDUAL-MARGIN-TOTAL-V1,5f148219527b07d85261d3f196ace97a5eb5646271d43596032a692389abc579,2c5cc1af74fc5f3955e44361b82b791710e4b63bbc69b0c15570617e2d86e543,True
2024_03_PHI_NO,2024,3,NO,PHI,0.6331796086073497,4.553422499405791,47.694601067129184,13.564518459577533,0.13340540242762883,0.5367646403328159,2023,A0-DYNAMIC-OPPONENT-ADJUSTED-JOINT-SCORE-V1,5f148219527b07d85261d3f196ace97a5eb5646271d43596032a692389abc579,2c5cc1af74fc5f3955e44361b82b791710e4b63bbc69b0c15570617e2d86e543,0.6172,5.2071,50.5057,310.2636359535954,363.57272478247825,-17.0,28.0,27.0,76.0,2023,B0-POSSESSION-DRIVE-SCORE-PROCESS-V1,5f148219527b07d85261d3f196ace97a5eb5646271d43596032a692389abc579,2c5cc1af74fc5f3955e44361b82b791710e4b63bbc69b0c15570617e2d86e543,2.5,49.0,-0.15076540555511864,0.12496625930987107,2.3492345944448814,49.12496625930987,historical_closing_late_benchmark_exact_horizon_opaque,2023,C0-MARKET-RESIDUAL-MARGIN-TOTAL-V1,5f148219527b07d85261d3f196ace97a5eb5646271d43596032a692389abc579,2c5cc1af74fc5f3955e44361b82b791710e4b63bbc69b0c15570617e2d86e543,True
2024_03_SF_LA,2024,3,LA,SF,0.41371610903682215,-2.9170359384279223,48.90579008078513,13.564518459577533,-0.01868613911331407,-0.3508958612028066,2023,A0-DYNAMIC-OPPONENT-ADJUSTED-JOINT-SCORE-V1,5f148219527b07d85261d3f196ace97a5eb5646271d43596032a692389abc579,2c5cc1af74fc5f3955e44361b82b791710e4b63bbc69b0c15570617e2d86e543,0.44234999999999997,-2.7672,55.0944,339.45214937493745,404.09629826982695,-26.0,20.0,30.0,81.0,2023,B0-POSSESSION-DRIVE-SCORE-PROCESS-V1,5f148219527b07d85261d3f196ace97a5eb5646271d43596032a692389abc579,2c5cc1af74fc5f3955e44361b82b791710e4b63bbc69b0c15570617e2d86e543,-6.0,44.5,-0.07246283464488268,-0.4267138015627149,-6.072462834644883,44.07328619843729,historical_closing_late_benchmark_exact_horizon_opaque,2023,C0-MARKET-RESIDUAL-MARGIN-TOTAL-V1,5f148219527b07d85261d3f196ace97a5eb5646271d43596032a692389abc579,2c5cc1af74fc5f3955e44361b82b791710e4b63bbc69b0c15570617e2d86e543,True
2024_03_WAS_CIN,2024,3,CIN,WAS,0.7092363742624321,7.375087556698272,44.710338835023606,13.564518459577533,0.2566469343855418,0.6854309381551978,2023,A0-DYNAMIC-OPPONENT-ADJUSTED-JOINT-SCORE-V1,5f148219527b07d85261d3f196ace97a5eb5646271d43596032a692389abc579,2c5cc1af74fc5f3955e44361b82b791710e4b63bbc69b0c15570617e2d86e543,0.61545,4.9171,46.6527,286.678295419542,328.44152686268626,-17.0,27.0,24.0,71.0,2023,B0-POSSESSION-DRIVE-SCORE-PROCESS-V1,5f148219527b07d85261d3f196ace97a5eb5646271d43596032a692389abc579,2c5cc1af74fc5f3955e44361b82b791710e4b63bbc69b0c15570617e2d86e543,7.5,46.0,-0.11868055610227586,0.30701953975338714,7.381319443897724,46.307019539753384,historical_closing_late_benchmark_exact_horizon_opaque,2023,C0-MARKET-RESIDUAL-MARGIN-TOTAL-V1,5f148219527b07d85261d3f196ace97a5eb5646271d43596032a692389abc579,2c5cc1af74fc5f3955e44361b82b791710e4b63bbc69b0c15570617e2d86e543,True
2024_04_BUF_BAL,2024,4,BAL,BUF,0.5460987081877317,1.5496793738524701,49.0706402434321,13.564518459577533,0.25228078940355236,0.1869161575046811,2023,A0-DYNAMIC-OPPONENT-ADJUSTED-JOINT-SCORE-V1,5f148219527b07d85261d3f196ace97a5eb5646271d43596032a692389abc579,2c5cc1af74fc5f3955e44361b82b791710e4b63bbc69b0c15570617e2d86e543,0.5208499999999999,0.5331,51.2175,322.49315370537056,367.051098859886,-22.0,23.0,27.0,77.0,2023,B0-POSSESSION-DRIVE-SCORE-PROCESS-V1,5f148219527b07d85261d3f196ace97a5eb5646271d43596032a692389abc579,2c5cc1af74fc5f3955e44361b82b791710e4b63bbc69b0c15570617e2d86e543,2.5,46.5,-0.2395707839747045,-0.22803376847457094,2.2604292160252957,46.27196623152543,historical_closing_late_benchmark_exact_horizon_opaque,2023,C0-MARKET-RESIDUAL-MARGIN-TOTAL-V1,5f148219527b07d85261d3f196ace97a5eb5646271d43596032a692389abc579,2c5cc1af74fc5f3955e44361b82b791710e4b63bbc69b0c15570617e2d86e543,True
2024_04_CIN_CAR,2024,4,CAR,CIN,0.39161874352115356,-3.6811861091360036,41.78950649292682,13.564518459577533,-0.6733884162830772,-0.06322663429745322,2023,A0-DYNAMIC-OPPONENT-ADJUSTED-JOINT-SCORE-V1,5f148219527b07d85261d3f196ace97a5eb5646271d43596032a692389abc579,2c5cc1af74fc5f3955e44361b82b791710e4b63bbc69b0c15570617e2d86e543,0.4583,-1.639,44.2624,269.7912581258126,306.99724596459646,-22.0,19.0,23.0,68.0,2023,B0-POSSESSION-DRIVE-SCORE-PROCESS-V1,5f148219527b07d85261d3f196ace97a5eb5646271d43596032a692389abc579,2c5cc1af74fc5f3955e44361b82b791710e4b63bbc69b0c15570617e2d86e543,-4.5,47.0,-0.2910326189364369,0.9098227640646592,-4.791032618936437,47.90982276406466,historical_closing_late_benchmark_exact_horizon_opaque,2023,C0-MARKET-RESIDUAL-MARGIN-TOTAL-V1,5f148219527b07d85261d3f196ace97a5eb5646271d43596032a692389abc579,2c5cc1af74fc5f3955e44361b82b791710e4b63bbc69b0c15570617e2d86e543,True
2024_04_CLE_LV,2024,4,LV,CLE,0.5942613461553322,3.1916789413120092,39.42867592395322,13.564518459577533,-0.2237712506774175,0.3336536677868428,2023,A0-DYNAMIC-OPPONENT-ADJUSTED-JOINT-SCORE-V1,5f148219527b07d85261d3f196ace97a5eb5646271d43596032a692389abc579,2c5cc1af74fc5f3955e44361b82b791710e4b63bbc69b0c15570617e2d86e543,0.5536000000000001,2.2606,48.8506,296.163303970397,336.9613757775778,-20.0,24.0,26.0,73.0,2023,B0-POSSESSION-DRIVE-SCORE-PROCESS-V1,5f148219527b07d85261d3f196ace97a5eb5646271d43596032a692389abc579,2c5cc1af74fc5f3955e44361b82b791710e4b63bbc69b0c15570617e2d86e543,-2.5,36.5,0.003916575404223077,0.30626977052350046,-2.496083424595777,36.8062697705235,historical_closing_late_benchmark_exact_horizon_opaque,2023,C0-MARKET-RESIDUAL-MARGIN-TOTAL-V1,5f148219527b07d85261d3f196ace97a5eb5646271d43596032a692389abc579,2c5cc1af74fc5f3955e44361b82b791710e4b63bbc69b0c15570617e2d86e543,True
2024_04_DAL_NYG,2024,4,NYG,DAL,0.4148375016439103,-2.87853027993717,43.92663783808982,13.564518459577533,-0.7080204871096218,-0.22369144615469355,2023,A0-DYNAMIC-OPPONENT-ADJUSTED-JOINT-SCORE-V1,5f148219527b07d85261d3f196ace97a5eb5646271d43596032a692389abc579,2c5cc1af74fc5f3955e44361b82b791710e4b63bbc69b0c15570617e2d86e543,0.2823,-9.7261,48.0147,290.3367124612461,344.42572648264826,-32.0,11.0,26.0,73.0,2023,B0-POSSESSION-DRIVE-SCORE-PROCESS-V1,5f148219527b07d85261d3f196ace97a5eb5646271d43596032a692389abc579,2c5cc1af74fc5f3955e44361b82b791710e4b63bbc69b0c15570617e2d86e543,-5.5,45.0,-0.1533726485275152,0.23555741514918935,-5.653372648527515,45.23555741514919,historical_closing_late_benchmark_exact_horizon_opaque,2023,C0-MARKET-RESIDUAL-MARGIN-TOTAL-V1,5f148219527b07d85261d3f196ace97a5eb5646271d43596032a692389abc579,2c5cc1af74fc5f3955e44361b82b791710e4b63bbc69b0c15570617e2d86e543,True
2024_04_DEN_NYJ,2024,4,NYJ,DEN,0.5635116370009541,2.139358162712618,37.97439463805364,13.564518459577533,-0.17474506564453768,0.1992395900967706,2023,A0-DYNAMIC-OPPONENT-ADJUSTED-JOINT-SCORE-V1,5f148219527b07d85261d3f196ace97a5eb5646271d43596032a692389abc579,2c5cc1af74fc5f3955e44361b82b791710e4b63bbc69b0c15570617e2d86e543,0.47165,-0.8577,37.2793,213.45419612961297,237.00359186918695,-19.0,17.100000000000364,19.0,57.0,2023,B0-POSSESSION-DRIVE-SCORE-PROCESS-V1,5f148219527b07d85261d3f196ace97a5eb5646271d43596032a692389abc579,2c5cc1af74fc5f3955e44361b82b791710e4b63bbc69b0c15570617e2d86e543,7.5,39.5,-0.5675555556017222,1.1193377799014017,6.932444444398278,40.6193377799014,historical_closing_late_benchmark_exact_horizon_opaque,2023,C0-MARKET-RESIDUAL-MARGIN-TOTAL-V1,5f148219527b07d85261d3f196ace97a5eb5646271d43596032a692389abc579,2c5cc1af74fc5f3955e44361b82b791710e4b63bbc69b0c15570617e2d86e543,True
2024_04_JAX_HOU,2024,4,HOU,JAX,0.5841927364442886,2.8452504389558584,42.758986797507035,13.564518459577533,0.0856283961098855,-0.07549213561147299,2023,A0-DYNAMIC-OPPONENT-ADJUSTED-JOINT-SCORE-V1,5f148219527b07d85261d3f196ace97a5eb5646271d43596032a692389abc579,2c5cc1af74fc5f3955e44361b82b791710e4b63bbc69b0c15570617e2d86e543,0.5219999999999999,0.9214,45.1958,276.42926496649665,313.414803840384,-20.0,22.0,23.0,69.0,2023,B0-POSSESSION-DRIVE-SCORE-PROCESS-V1,5f148219527b07d85261d3f196ace97a5eb5646271d43596032a692389abc579,2c5cc1af74fc5f3955e44361b82b791710e4b63bbc69b0c15570617e2d86e543,5.5,44.5,-0.2951050340320716,0.5347313145318414,5.204894965967928,45.03473131453184,historical_closing_late_benchmark_exact_horizon_opaque,2023,C0-MARKET-RESIDUAL-MARGIN-TOTAL-V1,5f148219527b07d85261d3f196ace97a5eb5646271d43596032a692389abc579,2c5cc1af74fc5f3955e44361b82b791710e4b63bbc69b0c15570617e2d86e543,True
2024_04_KC_LAC,2024,4,LAC,KC,0.4726496867019202,-0.9180917797510091,42.39333808754482,13.564518459577533,-0.014530398375675435,-0.5471780356257457,2023,A0-DYNAMIC-OPPONENT-ADJUSTED-JOINT-SCORE-V1,5f148219527b07d85261d3f196ace97a5eb5646271d43596032a692389abc579,2c5cc1af74fc5f3955e44361b82b791710e4b63bbc69b0c15570617e2d86e543,0.42915000000000003,-3.3778,49.0516,307.9658637463746,359.588296269627,-26.0,18.0,26.0,74.0,2023,B0-POSSESSION-DRIVE-SCORE-PROCESS-V1,5f148219527b07d85261d3f196ace97a5eb5646271d43596032a692389abc579,2c5cc1af74fc5f3955e44361b82b791710e4b63bbc69b0c15570617e2d86e543,-7.5,41.5,0.05074817437745208,0.3972785823065177,-7.4492518256225475,41.89727858230652,historical_closing_late_benchmark_exact_horizon_opaque,2023,C0-MARKET-RESIDUAL-MARGIN-TOTAL-V1,5f148219527b07d85261d3f196ace97a5eb5646271d43596032a692389abc579,2c5cc1af74fc5f3955e44361b82b791710e4b63bbc69b0c15570617e2d86e543,True
2024_04_LA_CHI,2024,4,CHI,LA,0.49896999510409684,-0.03454800193014407,42.427436767131425,13.564518459577533,-0.15354202956331497,0.04260553007512263,2023,A0-DYNAMIC-OPPONENT-ADJUSTED-JOINT-SCORE-V1,5f148219527b07d85261d3f196ace97a5eb5646271d43596032a692389abc579,2c5cc1af74fc5f3955e44361b82b791710e4b63bbc69b0c15570617e2d86e543,0.45625,-1.7642,47.7824,297.66596495649566,336.500100250025,-24.0,20.0,25.0,72.0,2023,B0-POSSESSION-DRIVE-SCORE-PROCESS-V1,5f148219527b07d85261d3f196ace97a5eb5646271d43596032a692389abc579,2c5cc1af74fc5f3955e44361b82b791710e4b63bbc69b0c15570617e2d86e543,3.0,40.0,-0.2688711467847741,0.1334661305842762,2.731128853215226,40.133466130584274,historical_closing_late_benchmark_exact_horizon_opaque,2023,C0-MARKET-RESIDUAL-MARGIN-TOTAL-V1,5f148219527b07d85261d3f196ace97a5eb5646271d43596032a692389abc579,2c5cc1af74fc5f3955e44361b82b791710e4b63bbc69b0c15570617e2d86e543,True
2024_04_MIN_GB,2024,4,GB,MIN,0.6508974779724929,5.188466200847952,45.882613201999405,13.564518459577533,0.14047421756897996,0.1550414809023335,2023,A0-DYNAMIC-OPPONENT-ADJUSTED-JOINT-SCORE-V1,5f148219527b07d85261d3f196ace97a5eb5646271d43596032a692389abc579,2c5cc1af74fc5f3955e44361b82b791710e4b63bbc69b0c15570617e2d86e543,0.5444,2.0775,50.2131,310.7459683468347,364.2851169016902,-20.0,25.0,27.0,76.0,2023,B0-POSSESSION-DRIVE-SCORE-PROCESS-V1,5f148219527b07d85261d3f196ace97a5eb5646271d43596032a692389abc579,2c5cc1af74fc5f3955e44361b82b791710e4b63bbc69b0c15570617e2d86e543,2.5,44.0,-0.041036567702014595,0.04324168933842387,2.458963432297985,44.04324168933842,historical_closing_late_benchmark_exact_horizon_opaque,2023,C0-MARKET-RESIDUAL-MARGIN-TOTAL-V1,5f148219527b07d85261d3f196ace97a5eb5646271d43596032a692389abc579,2c5cc1af74fc5f3955e44361b82b791710e4b63bbc69b0c15570617e2d86e543,True
2024_04_NE_SF,2024,4,SF,NE,0.7966488365255606,11.102479001246703,43.535438754276356,13.564518459577533,0.6774148247994732,0.2795192075519029,2023,A0-DYNAMIC-OPPONENT-ADJUSTED-JOINT-SCORE-V1,5f148219527b07d85261d3f196ace97a5eb5646271d43596032a692389abc579,2c5cc1af74fc5f3955e44361b82b791710e4b63bbc69b0c15570617e2d86e543,0.6714,7.6614,46.8558,289.5417042104211,328.57826418641866,-14.0,30.0,25.0,71.0,2023,B0-POSSESSION-DRIVE-SCORE-PROCESS-V1,5f148219527b07d85261d3f196ace97a5eb5646271d43596032a692389abc579,2c5cc1af74fc5f3955e44361b82b791710e4b63bbc69b0c15570617e2d86e543,10.5,41.5,0.20300561702222253,-0.1677845133104723,10.703005617022223,41.33221548668953,historical_closing_late_benchmark_exact_horizon_opaque,2023,C0-MARKET-RESIDUAL-MARGIN-TOTAL-V1,5f148219527b07d85261d3f196ace97a5eb5646271d43596032a692389abc579,2c5cc1af74fc5f3955e44361b82b791710e4b63bbc69b0c15570617e2d86e543,True
2024_04_NO_ATL,2024,4,ATL,NO,0.4440034738158557,-1.8844206286810845,43.5061778702275,13.564518459577533,-0.4495508965391338,-0.4174213602675342,2023,A0-DYNAMIC-OPPONENT-ADJUSTED-JOINT-SCORE-V1,5f148219527b07d85261d3f196ace97a5eb5646271d43596032a692389abc579,2c5cc1af74fc5f3955e44361b82b791710e4b63bbc69b0c15570617e2d86e543,0.41145,-3.9072,49.5472,298.7478629462946,344.55402756275623,-26.0,18.0,27.0,74.0,2023,B0-POSSESSION-DRIVE-SCORE-PROCESS-V1,5f148219527b07d85261d3f196ace97a5eb5646271d43596032a692389abc579,2c5cc1af74fc5f3955e44361b82b791710e4b63bbc69b0c15570617e2d86e543,2.5,41.5,-0.3366019016306611,0.13790058241501643,2.163398098369339,41.637900582415014,historical_closing_late_benchmark_exact_horizon_opaque,2023,C0-MARKET-RESIDUAL-MARGIN-TOTAL-V1,5f148219527b07d85261d3f196ace97a5eb5646271d43596032a692389abc579,2c5cc1af74fc5f3955e44361b82b791710e4b63bbc69b0c15570617e2d86e543,True
2024_04_PHI_TB,2024,4,TB,PHI,0.5588598831195775,1.981469551290278,46.115719736767886,13.564518459577533,-0.3135202701984168,0.6715039027768819,2023,A0-DYNAMIC-OPPONENT-ADJUSTED-JOINT-SCORE-V1,5f148219527b07d85261d3f196ace97a5eb5646271d43596032a692389abc579,2c5cc1af74fc5f3955e44361b82b791710e4b63bbc69b0c15570617e2d86e543,0.51045,0.2961,49.6593,314.98252304230425,368.88031154115413,-22.0,22.0,27.0,75.0,2023,B0-POSSESSION-DRIVE-SCORE-PROCESS-V1,5f148219527b07d85261d3f196ace97a5eb5646271d43596032a692389abc579,2c5cc1af74fc5f3955e44361b82b791710e4b63bbc69b0c15570617e2d86e543,-1.0,42.0,-0.10217243843057415,-0.12549137830687077,-1.1021724384305742,41.87450862169313,historical_closing_late_benchmark_exact_horizon_opaque,2023,C0-MARKET-RESIDUAL-MARGIN-TOTAL-V1,5f148219527b07d85261d3f196ace97a5eb5646271d43596032a692389abc579,2c5cc1af74fc5f3955e44361b82b791710e4b63bbc69b0c15570617e2d86e543,True
2024_04_PIT_IND,2024,4,IND,PIT,0.5049330962892994,0.16546792630928664,42.41502258125345,13.564518459577533,0.33787589043456334,-0.7603238577573379,2023,A0-DYNAMIC-OPPONENT-ADJUSTED-JOINT-SCORE-V1,5f148219527b07d85261d3f196ace97a5eb5646271d43596032a692389abc579,2c5cc1af74fc5f3955e44361b82b791710e4b63bbc69b0c15570617e2d86e543,0.5175,0.7715,43.6989,262.74576232623264,299.5271915091509,-20.0,21.0,23.0,67.0,2023,B0-POSSESSION-DRIVE-SCORE-PROCESS-V1,5f148219527b07d85261d3f196ace97a5eb5646271d43596032a692389abc579,2c5cc1af74fc5f3955e44361b82b791710e4b63bbc69b0c15570617e2d86e543,-2.5,40.0,-0.02732456268652808,0.22279101129285836,-2.527324562686528,40.222791011292856,historical_closing_late_benchmark_exact_horizon_opaque,2023,C0-MARKET-RESIDUAL-MARGIN-TOTAL-V1,5f148219527b07d85261d3f196ace97a5eb5646271d43596032a692389abc579,2c5cc1af74fc5f3955e44361b82b791710e4b63bbc69b0c15570617e2d86e543,True
2024_04_SEA_DET,2024,4,DET,SEA,0.6087464803361962,3.6939103879512523,47.47535462324467,13.564518459577533,0.5009326497831992,-0.09026928194597761,2023,A0-DYNAMIC-OPPONENT-ADJUSTED-JOINT-SCORE-V1,5f148219527b07d85261d3f196ace97a5eb5646271d43596032a692389abc579,2c5cc1af74fc5f3955e44361b82b791710e4b63bbc69b0c15570617e2d86e543,0.49474999999999997,-0.2277,53.7915,343.6256152715271,402.6326910191019,-24.0,23.0,29.0,81.0,2023,B0-POSSESSION-DRIVE-SCORE-PROCESS-V1,5f148219527b07d85261d3f196ace97a5eb5646271d43596032a692389abc579,2c5cc1af74fc5f3955e44361b82b791710e4b63bbc69b0c15570617e2d86e543,3.5,46.5,-0.08657536014306642,-0.0796948997581721,3.4134246398569337,46.420305100241826,historical_closing_late_benchmark_exact_horizon_opaque,2023,C0-MARKET-RESIDUAL-MARGIN-TOTAL-V1,5f148219527b07d85261d3f196ace97a5eb5646271d43596032a692389abc579,2c5cc1af74fc5f3955e44361b82b791710e4b63bbc69b0c15570617e2d86e543,True
2024_04_TEN_MIA,2024,4,MIA,TEN,0.6565252117677576,5.3925762557606625,43.18057475185499,13.564518459577533,0.6111663584932505,-0.052633644213927536,2023,A0-DYNAMIC-OPPONENT-ADJUSTED-JOINT-SCORE-V1,5f148219527b07d85261d3f196ace97a5eb5646271d43596032a692389abc579,2c5cc1af74fc5f3955e44361b82b791710e4b63bbc69b0c15570617e2d86e543,0.56165,2.914,49.3504,309.41034503450345,359.9272125612561,-19.0,25.0,26.0,75.0,2023,B0-POSSESSION-DRIVE-SCORE-PROCESS-V1,5f148219527b07d85261d3f196ace97a5eb5646271d43596032a692389abc579,2c5cc1af74fc5f3955e44361b82b791710e4b63bbc69b0c15570617e2d86e543,2.5,37.0,0.014750521424881785,-0.04374584598543366,2.5147505214248818,36.956254154014566,historical_closing_late_benchmark_exact_horizon_opaque,2023,C0-MARKET-RESIDUAL-MARGIN-TOTAL-V1,5f148219527b07d85261d3f196ace97a5eb5646271d43596032a692389abc579,2c5cc1af74fc5f3955e44361b82b791710e4b63bbc69b0c15570617e2d86e543,True
2024_04_WAS_ARI,2024,4,ARI,WAS,0.6176751455782518,4.006053973247777,46.110271423155524,13.564518459577533,0.24856046416122862,0.23938075632599454,2023,A0-DYNAMIC-OPPONENT-ADJUSTED-JOINT-SCORE-V1,5f148219527b07d85261d3f196ace97a5eb5646271d43596032a692389abc579,2c5cc1af74fc5f3955e44361b82b791710e4b63bbc69b0c15570617e2d86e543,0.58175,3.7367,50.3457,310.6628393939394,363.6963611461146,-18.0,26.0,27.0,76.0,2023,B0-POSSESSION-DRIVE-SCORE-PROCESS-V1,5f148219527b07d85261d3f196ace97a5eb5646271d43596032a692389abc579,2c5cc1af74fc5f3955e44361b82b791710e4b63bbc69b0c15570617e2d86e543,3.5,49.0,-0.18376748170955065,0.43427707355425005,3.3162325182904495,49.43427707355425,historical_closing_late_benchmark_exact_horizon_opaque,2023,C0-MARKET-RESIDUAL-MARGIN-TOTAL-V1,5f148219527b07d85261d3f196ace97a5eb5646271d43596032a692389abc579,2c5cc1af74fc5f3955e44361b82b791710e4b63bbc69b0c15570617e2d86e543,True
2024_05_ARI_SF,2024,5,SF,ARI,0.7630227445184423,9.581697101082447,49.04239287481531,13.564518459577533,0.21117961567232113,0.7822886886469009,2023,A0-DYNAMIC-OPPONENT-ADJUSTED-JOINT-SCORE-V1,5f148219527b07d85261d3f196ace97a5eb5646271d43596032a692389abc579,2c5cc1af74fc5f3955e44361b82b791710e4b63bbc69b0c15570617e2d86e543,0.70545,10.2537,55.4281,364.4733836483648,422.6220925992599,-14.0,35.0,30.0,83.0,2023,B0-POSSESSION-DRIVE-SCORE-PROCESS-V1,5f148219527b07d85261d3f196ace97a5eb5646271d43596032a692389abc579,2c5cc1af74fc5f3955e44361b82b791710e4b63bbc69b0c15570617e2d86e543,7.0,48.5,-0.03036565671877997,-0.16611623478882456,6.9696343432812204,48.333883765211176,historical_closing_late_benchmark_exact_horizon_opaque,2023,C0-MARKET-RESIDUAL-MARGIN-TOTAL-V1,5f148219527b07d85261d3f196ace97a5eb5646271d43596032a692389abc579,2c5cc1af74fc5f3955e44361b82b791710e4b63bbc69b0c15570617e2d86e543,True
2024_05_BAL_CIN,2024,5,CIN,BAL,0.48265815674315427,-0.5818556598440132,49.082070704185725,13.564518459577533,-0.3444263679892938,-0.460376864185608,2023,A0-DYNAMIC-OPPONENT-ADJUSTED-JOINT-SCORE-V1,5f148219527b07d85261d3f196ace97a5eb5646271d43596032a692389abc579,2c5cc1af74fc5f3955e44361b82b791710e4b63bbc69b0c15570617e2d86e543,0.37995,-5.3482,50.7594,311.3030870687068,357.7970913491349,-28.0,17.0,27.0,76.0,2023,B0-POSSESSION-DRIVE-SCORE-PROCESS-V1,5f148219527b07d85261d3f196ace97a5eb5646271d43596032a692389abc579,2c5cc1af74fc5f3955e44361b82b791710e4b63bbc69b0c15570617e2d86e543,-2.5,48.5,-0.12439490473513393,-0.20568995246947755,-2.624394904735134,48.29431004753052,historical_closing_late_benchmark_exact_horizon_opaque,2023,C0-MARKET-RESIDUAL-MARGIN-TOTAL-V1,5f148219527b07d85261d3f196ace97a5eb5646271d43596032a692389abc579,2c5cc1af74fc5f3955e44361b82b791710e4b63bbc69b0c15570617e2d86e543,True
2024_05_BUF_HOU,2024,5,HOU,BUF,0.4364184352637279,-2.1417338502975163,46.157331198087505,13.564518459577533,-0.09906312182014122,-0.3675124978102452,2023,A0-DYNAMIC-OPPONENT-ADJUSTED-JOINT-SCORE-V1,5f148219527b07d85261d3f196ace97a5eb5646271d43596032a692389abc579,2c5cc1af74fc5f3955e44361b82b791710e4b63bbc69b0c15570617e2d86e543,0.33615,-7.2183,48.9289,305.2377688868887,352.0498497749775,-30.0,15.0,26.0,74.0,2023,B0-POSSESSION-DRIVE-SCORE-PROCESS-V1,5f148219527b07d85261d3f196ace97a5eb5646271d43596032a692389abc579,2c5cc1af74fc5f3955e44361b82b791710e4b63bbc69b0c15570617e2d86e543,1.0,48.0,-0.26815150149983247,0.17380898378674758,0.7318484985001675,48.17380898378675,historical_closing_late_benchmark_exact_horizon_opaque,2023,C0-MARKET-RESIDUAL-MARGIN-TOTAL-V1,5f148219527b07d85261d3f196ace97a5eb5646271d43596032a692389abc579,2c5cc1af74fc5f3955e44361b82b791710e4b63bbc69b0c15570617e2d86e543,True
2024_05_CAR_CHI,2024,5,CHI,CAR,0.6589804748762533,5.4820170344030785,37.76771695363643,13.564518459577533,0.7042533930544561,0.09117480998746685,2023,A0-DYNAMIC-OPPONENT-ADJUSTED-JOINT-SCORE-V1,5f148219527b07d85261d3f196ace97a5eb5646271d43596032a692389abc579,2c5cc1af74fc5f3955e44361b82b791710e4b63bbc69b0c15570617e2d86e543,0.6058,4.3168,41.6816,251.17455521552154,280.1240338433843,-16.0,25.0,21.0,64.0,2023,B0-POSSESSION-DRIVE-SCORE-PROCESS-V1,5f148219527b07d85261d3f196ace97a5eb5646271d43596032a692389abc579,2c5cc1af74fc5f3955e44361b82b791710e4b63bbc69b0c15570617e2d86e543,4.0,40.0,-0.023156232326261572,0.8662399492835144,3.9768437676737385,40.86623994928352,historical_closing_late_benchmark_exact_horizon_opaque,2023,C0-MARKET-RESIDUAL-MARGIN-TOTAL-V1,5f148219527b07d85261d3f196ace97a5eb5646271d43596032a692389abc579,2c5cc1af74fc5f3955e44361b82b791710e4b63bbc69b0c15570617e2d86e543,True
2024_05_CLE_WAS,2024,5,WAS,CLE,0.5726195218927479,2.449381331608219,42.823438586636144,13.564518459577533,-0.43939448566783146,-0.5397254940336934,2023,A0-DYNAMIC-OPPONENT-ADJUSTED-JOINT-SCORE-V1,5f148219527b07d85261d3f196ace97a5eb5646271d43596032a692389abc579,2c5cc1af74fc5f3955e44361b82b791710e4b63bbc69b0c15570617e2d86e543,0.54835,2.2083,46.2317,294.6835794679468,326.26804191419143,-20.0,24.0,24.0,70.0,2023,B0-POSSESSION-DRIVE-SCORE-PROCESS-V1,5f148219527b07d85261d3f196ace97a5eb5646271d43596032a692389abc579,2c5cc1af74fc5f3955e44361b82b791710e4b63bbc69b0c15570617e2d86e543,3.0,44.0,-0.19248531278657874,0.38541795394358935,2.807514687213421,44.38541795394359,historical_closing_late_benchmark_exact_horizon_opaque,2023,C0-MARKET-RESIDUAL-MARGIN-TOTAL-V1,5f148219527b07d85261d3f196ace97a5eb5646271d43596032a692389abc579,2c5cc1af74fc5f3955e44361b82b791710e4b63bbc69b0c15570617e2d86e543,True
2024_05_DAL_PIT,2024,5,PIT,DAL,0.46358384031231364,-1.2231557728448372,45.94232274348441,13.564518459577533,-0.7719840269612022,0.17008827183712855,2023,A0-DYNAMIC-OPPONENT-ADJUSTED-JOINT-SCORE-V1,5f148219527b07d85261d3f196ace97a5eb5646271d43596032a692389abc579,2c5cc1af74fc5f3955e44361b82b791710e4b63bbc69b0c15570617e2d86e543,0.4052,-4.0921,46.9305,285.816199209921,335.37220697069705,-25.0,17.0,24.0,71.0,2023,B0-POSSESSION-DRIVE-SCORE-PROCESS-V1,5f148219527b07d85261d3f196ace97a5eb5646271d43596032a692389abc579,2c5cc1af74fc5f3955e44361b82b791710e4b63bbc69b0c15570617e2d86e543,2.5,43.5,-0.1243670474199634,-0.4343143420214345,2.3756329525800366,43.06568565797856,historical_closing_late_benchmark_exact_horizon_opaque,2023,C0-MARKET-RESIDUAL-MARGIN-TOTAL-V1,5f148219527b07d85261d3f196ace97a5eb5646271d43596032a692389abc579,2c5cc1af74fc5f3955e44361b82b791710e4b63bbc69b0c15570617e2d86e543,True
2024_05_GB_LA,2024,5,LA,GB,0.514400370918724,0.4831157383322342,47.84542534342512,13.564518459577533,0.2540647794158048,-0.10856722360804348,2023,A0-DYNAMIC-OPPONENT-ADJUSTED-JOINT-SCORE-V1,5f148219527b07d85261d3f196ace97a5eb5646271d43596032a692389abc579,2c5cc1af74fc5f3955e44361b82b791710e4b63bbc69b0c15570617e2d86e543,0.5117,0.6965,54.9987,347.74036178617865,401.000998409841,-23.0,24.0,30.0,81.0,2023,B0-POSSESSION-DRIVE-SCORE-PROCESS-V1,5f148219527b07d85261d3f196ace97a5eb5646271d43596032a692389abc579,2c5cc1af74fc5f3955e44361b82b791710e4b63bbc69b0c15570617e2d86e543,-3.0,49.5,-0.023403721298288035,0.051994478385518114,-3.023403721298288,49.55199447838552,historical_closing_late_benchmark_exact_horizon_opaque,2023,C0-MARKET-RESIDUAL-MARGIN-TOTAL-V1,5f148219527b07d85261d3f196ace97a5eb5646271d43596032a692389abc579,2c5cc1af74fc5f3955e44361b82b791710e4b63bbc69b0c15570617e2d86e543,True
2024_05_IND_JAX,2024,5,JAX,IND,0.579981276401486,2.700924678472937,44.0913407849208,13.564518459577533,-0.14304969256064995,0.4005965101544604,2023,A0-DYNAMIC-OPPONENT-ADJUSTED-JOINT-SCORE-V1,5f148219527b07d85261d3f196ace97a5eb5646271d43596032a692389abc579,2c5cc1af74fc5f3955e44361b82b791710e4b63bbc69b0c15570617e2d86e543,0.50125,-0.4299,48.1431,299.2792139113911,336.91771416141614,-23.0,21.0,26.0,73.0,2023,B0-POSSESSION-DRIVE-SCORE-PROCESS-V1,5f148219527b07d85261d3f196ace97a5eb5646271d43596032a692389abc579,2c5cc1af74fc5f3955e44361b82b791710e4b63bbc69b0c15570617e2d86e543,3.5,45.0,-0.19337812881577837,0.2796381147625173,3.3066218711842215,45.27963811476252,historical_closing_late_benchmark_exact_horizon_opaque,2023,C0-MARKET-RESIDUAL-MARGIN-TOTAL-V1,5f148219527b07d85261d3f196ace97a5eb5646271d43596032a692389abc579,2c5cc1af74fc5f3955e44361b82b791710e4b63bbc69b0c15570617e2d86e543,True
2024_05_LV_DEN,2024,5,DEN,LV,0.5447445599643922,1.5039624821227733,40.10173813630857,13.564518459577533,-0.1027959327199901,-0.2209314189081529,2023,A0-DYNAMIC-OPPONENT-ADJUSTED-JOINT-SCORE-V1,5f148219527b07d85261d3f196ace97a5eb5646271d43596032a692389abc579,2c5cc1af74fc5f3955e44361b82b791710e4b63bbc69b0c15570617e2d86e543,0.54165,1.714,44.1932,255.92359635963598,295.9840721672167,-18.0,22.0,23.0,67.0,2023,B0-POSSESSION-DRIVE-SCORE-PROCESS-V1,5f148219527b07d85261d3f196ace97a5eb5646271d43596032a692389abc579,2c5cc1af74fc5f3955e44361b82b791710e4b63bbc69b0c15570617e2d86e543,3.0,36.0,-0.20271960892082802,0.25636967358759366,2.797280391079172,36.25636967358759,historical_closing_late_benchmark_exact_horizon_opaque,2023,C0-MARKET-RESIDUAL-MARGIN-TOTAL-V1,5f148219527b07d85261d3f196ace97a5eb5646271d43596032a692389abc579,2c5cc1af74fc5f3955e44361b82b791710e4b63bbc69b0c15570617e2d86e543,True
2024_05_MIA_NE,2024,5,NE,MIA,0.4631248427142657,-1.2386165385956467,39.5400993672134,13.564518459577533,-0.6577600113333721,0.21828874242579957,2023,A0-DYNAMIC-OPPONENT-ADJUSTED-JOINT-SCORE-V1,5f148219527b07d85261d3f196ace97a5eb5646271d43596032a692389abc579,2c5cc1af74fc5f3955e44361b82b791710e4b63bbc69b0c15570617e2d86e543,0.5257,1.1074,43.6414,260.91375661566155,292.73747978797877,-20.0,21.0,23.0,66.0,2023,B0-POSSESSION-DRIVE-SCORE-PROCESS-V1,5f148219527b07d85261d3f196ace97a5eb5646271d43596032a692389abc579,2c5cc1af74fc5f3955e44361b82b791710e4b63bbc69b0c15570617e2d86e543,-2.0,37.0,-0.2856666107157173,0.5215189010435337,-2.285666610715717,37.521518901043535,historical_closing_late_benchmark_exact_horizon_opaque,2023,C0-MARKET-RESIDUAL-MARGIN-TOTAL-V1,5f148219527b07d85261d3f196ace97a5eb5646271d43596032a692389abc579,2c5cc1af74fc5f3955e44361b82b791710e4b63bbc69b0c15570617e2d86e543,True
2024_05_NO_KC,2024,5,KC,NO,0.5490185086270669,1.6483159592289809,44.531605691667174,13.564518459577533,-0.5520063085943241,0.28432689931203314,2023,A0-DYNAMIC-OPPONENT-ADJUSTED-JOINT-SCORE-V1,5f148219527b07d85261d3f196ace97a5eb5646271d43596032a692389abc579,2c5cc1af74fc5f3955e44361b82b791710e4b63bbc69b0c15570617e2d86e543,0.53955,1.7213,47.9321,290.55648195819583,340.8101706070607,-20.0,23.0,25.0,72.0,2023,B0-POSSESSION-DRIVE-SCORE-PROCESS-V1,5f148219527b07d85261d3f196ace97a5eb5646271d43596032a692389abc579,2c5cc1af74fc5f3955e44361b82b791710e4b63bbc69b0c15570617e2d86e543,5.5,43.0,-0.3282503293959552,0.11364389960561559,5.1717496706040444,43.11364389960561,historical_closing_late_benchmark_exact_horizon_opaque,2023,C0-MARKET-RESIDUAL-MARGIN-TOTAL-V1,5f148219527b07d85261d3f196ace97a5eb5646271d43596032a692389abc579,2c5cc1af74fc5f3955e44361b82b791710e4b63bbc69b0c15570617e2d86e543,True
2024_05_NYG_SEA,2024,5,SEA,NYG,0.6149423224954388,3.910291425917002,43.42519617442306,13.564518459577533,0.04099275557029254,-0.056536720374110054,2023,A0-DYNAMIC-OPPONENT-ADJUSTED-JOINT-SCORE-V1,5f148219527b07d85261d3f196ace97a5eb5646271d43596032a692389abc579,2c5cc1af74fc5f3955e44361b82b791710e4b63bbc69b0c15570617e2d86e543,0.6760499999999999,7.4671,45.2509,270.2397415641564,313.496498839884,-13.0,28.0,23.0,68.0,2023,B0-POSSESSION-DRIVE-SCORE-PROCESS-V1,5f148219527b07d85261d3f196ace97a5eb5646271d43596032a692389abc579,2c5cc1af74fc5f3955e44361b82b791710e4b63bbc69b0c15570617e2d86e543,7.0,42.5,0.07893577649019029,-0.1784111026563018,7.07893577649019,42.321588897343695,historical_closing_late_benchmark_exact_horizon_opaque,2023,C0-MARKET-RESIDUAL-MARGIN-TOTAL-V1,5f148219527b07d85261d3f196ace97a5eb5646271d43596032a692389abc579,2c5cc1af74fc5f3955e44361b82b791710e4b63bbc69b0c15570617e2d86e543,True
2024_05_NYJ_MIN,2024,5,MIN,NYJ,0.6448436521150755,4.97024059639369,38.783423660010854,13.564518459577533,0.10843270710956471,-0.22738800653335503,2023,A0-DYNAMIC-OPPONENT-ADJUSTED-JOINT-SCORE-V1,5f148219527b07d85261d3f196ace97a5eb5646271d43596032a692389abc579,2c5cc1af74fc5f3955e44361b82b791710e4b63bbc69b0c15570617e2d86e543,0.67875,7.4827,42.6283,256.40914162416243,285.57849695969594,-13.0,28.0,22.0,65.0,2023,B0-POSSESSION-DRIVE-SCORE-PROCESS-V1,5f148219527b07d85261d3f196ace97a5eb5646271d43596032a692389abc579,2c5cc1af74fc5f3955e44361b82b791710e4b63bbc69b0c15570617e2d86e543,2.5,42.0,-0.04293242016570596,0.8370331588293698,2.4570675798342942,42.83703315882937,historical_closing_late_benchmark_exact_horizon_opaque,2023,C0-MARKET-RESIDUAL-MARGIN-TOTAL-V1,5f148219527b07d85261d3f196ace97a5eb5646271d43596032a692389abc579,2c5cc1af74fc5f3955e44361b82b791710e4b63bbc69b0c15570617e2d86e543,True
2024_05_TB_ATL,2024,5,ATL,TB,0.49746363046735415,-0.08507434560383587,43.32580183615761,13.564518459577533,-0.0026252239130882538,-0.5521606227116,2023,A0-DYNAMIC-OPPONENT-ADJUSTED-JOINT-SCORE-V1,5f148219527b07d85261d3f196ace97a5eb5646271d43596032a692389abc579,2c5cc1af74fc5f3955e44361b82b791710e4b63bbc69b0c15570617e2d86e543,0.48524999999999996,-0.6841,50.1307,298.5483620262026,348.22143965396543,-23.0,21.0,27.0,75.0,2023,B0-POSSESSION-DRIVE-SCORE-PROCESS-V1,5f148219527b07d85261d3f196ace97a5eb5646271d43596032a692389abc579,2c5cc1af74fc5f3955e44361b82b791710e4b63bbc69b0c15570617e2d86e543,2.5,44.0,-0.2273730487164049,0.39159086613087635,2.2726269512835953,44.391590866130876,historical_closing_late_benchmark_exact_horizon_opaque,2023,C0-MARKET-RESIDUAL-MARGIN-TOTAL-V1,5f148219527b07d85261d3f196ace97a5eb5646271d43596032a692389abc579,2c5cc1af74fc5f3955e44361b82b791710e4b63bbc69b0c15570617e2d86e543,True
2024_06_ARI_GB,2024,6,GB,ARI,0.6759759275036337,6.108163068301707,47.23073319825863,13.564518459577533,-0.06157130285679774,0.5399600510521378,2023,A0-DYNAMIC-OPPONENT-ADJUSTED-JOINT-SCORE-V1,5f148219527b07d85261d3f196ace97a5eb5646271d43596032a692389abc579,2c5cc1af74fc5f3955e44361b82b791710e4b63bbc69b0c15570617e2d86e543,0.64295,6.6137,54.5139,345.7770500150015,411.99660645064506,-17.0,30.0,30.0,81.10000000000036,2023,B0-POSSESSION-DRIVE-SCORE-PROCESS-V1,5f148219527b07d85261d3f196ace97a5eb5646271d43596032a692389abc579,2c5cc1af74fc5f3955e44361b82b791710e4b63bbc69b0c15570617e2d86e543,5.5,47.0,-0.1284554132663127,0.02109464744996417,5.3715445867336875,47.021094647449964,historical_closing_late_benchmark_exact_horizon_opaque,2023,C0-MARKET-RESIDUAL-MARGIN-TOTAL-V1,5f148219527b07d85261d3f196ace97a5eb5646271d43596032a692389abc579,2c5cc1af74fc5f3955e44361b82b791710e4b63bbc69b0c15570617e2d86e543,True
2024_06_ATL_CAR,2024,6,CAR,ATL,0.4302278136575874,-2.352327408596416,40.36981979375175,13.564518459577533,-0.43709280544861695,0.21688109568008657,2023,A0-DYNAMIC-OPPONENT-ADJUSTED-JOINT-SCORE-V1,5f148219527b07d85261d3f196ace97a5eb5646271d43596032a692389abc579,2c5cc1af74fc5f3955e44361b82b791710e4b63bbc69b0c15570617e2d86e543,0.45925,-1.8289,47.7267,286.74429921992197,330.49965707570755,-24.0,20.0,26.0,72.0,2023,B0-POSSESSION-DRIVE-SCORE-PROCESS-V1,5f148219527b07d85261d3f196ace97a5eb5646271d43596032a692389abc579,2c5cc1af74fc5f3955e44361b82b791710e4b63bbc69b0c15570617e2d86e543,-6.0,45.5,0.12786969566763134,0.583872484633275,-5.8721303043323685,46.083872484633275,historical_closing_late_benchmark_exact_horizon_opaque,2023,C0-MARKET-RESIDUAL-MARGIN-TOTAL-V1,5f148219527b07d85261d3f196ace97a5eb5646271d43596032a692389abc579,2c5cc1af74fc5f3955e44361b82b791710e4b63bbc69b0c15570617e2d86e543,True
2024_06_BUF_NYJ,2024,6,NYJ,BUF,0.3950381135327015,-3.562216026613495,41.26616536409827,13.564518459577533,-0.4107102763453971,-0.10720431182697093,2023,A0-DYNAMIC-OPPONENT-ADJUSTED-JOINT-SCORE-V1,5f148219527b07d85261d3f196ace97a5eb5646271d43596032a692389abc579,2c5cc1af74fc5f3955e44361b82b791710e4b63bbc69b0c15570617e2d86e543,0.30260000000000004,-8.6417,43.8027,271.40246135613563,297.18669137913787,-30.0,12.0,23.0,67.0,2023,B0-POSSESSION-DRIVE-SCORE-PROCESS-V1,5f148219527b07d85261d3f196ace97a5eb5646271d43596032a692389abc579,2c5cc1af74fc5f3955e44361b82b791710e4b63bbc69b0c15570617e2d86e543,-1.0,42.0,-0.29229924688979136,0.47306016678753926,-1.2922992468897914,42.47306016678754,historical_closing_late_benchmark_exact_horizon_opaque,2023,C0-MARKET-RESIDUAL-MARGIN-TOTAL-V1,5f148219527b07d85261d3f196ace97a5eb5646271d43596032a692389abc579,2c5cc1af74fc5f3955e44361b82b791710e4b63bbc69b0c15570617e2d86e543,True
2024_06_CIN_NYG,2024,6,NYG,CIN,0.4658093482632975,-1.1482150620407516,45.419844900309144,13.564518459577533,-0.22340859736661828,-0.05261202590678993,2023,A0-DYNAMIC-OPPONENT-ADJUSTED-JOINT-SCORE-V1,5f148219527b07d85261d3f196ace97a5eb5646271d43596032a692389abc579,2c5cc1af74fc5f3955e44361b82b791710e4b63bbc69b0c15570617e2d86e543,0.4484,-2.0887,45.9157,272.4888811981199,320.6396574757476,-23.0,19.0,24.0,69.10000000000036,2023,B0-POSSESSION-DRIVE-SCORE-PROCESS-V1,5f148219527b07d85261d3f196ace97a5eb5646271d43596032a692389abc579,2c5cc1af74fc5f3955e44361b82b791710e4b63bbc69b0c15570617e2d86e543,-4.5,46.0,-0.08119320200698898,0.2075212221148906,-4.581193202006989,46.20752122211489,historical_closing_late_benchmark_exact_horizon_opaque,2023,C0-MARKET-RESIDUAL-MARGIN-TOTAL-V1,5f148219527b07d85261d3f196ace97a5eb5646271d43596032a692389abc579,2c5cc1af74fc5f3955e44361b82b791710e4b63bbc69b0c15570617e2d86e543,True
2024_06_CLE_PHI,2024,6,PHI,CLE,0.6959423181954365,6.861388795882615,43.13386117210237,13.564518459577533,-0.10289766800524491,-0.25374556592131703,2023,A0-DYNAMIC-OPPONENT-ADJUSTED-JOINT-SCORE-V1,5f148219527b07d85261d3f196ace97a5eb5646271d43596032a692389abc579,2c5cc1af74fc5f3955e44361b82b791710e4b63bbc69b0c15570617e2d86e543,0.6820999999999999,8.606,48.7696,313.7519391939194,352.79239507950797,-13.0,31.0,26.0,73.10000000000036,2023,B0-POSSESSION-DRIVE-SCORE-PROCESS-V1,5f148219527b07d85261d3f196ace97a5eb5646271d43596032a692389abc579,2c5cc1af74fc5f3955e44361b82b791710e4b63bbc69b0c15570617e2d86e543,8.0,42.0,-0.7054377044223282,0.9650420902842651,7.294562295577672,42.965042090284264,historical_closing_late_benchmark_exact_horizon_opaque,2023,C0-MARKET-RESIDUAL-MARGIN-TOTAL-V1,5f148219527b07d85261d3f196ace97a5eb5646271d43596032a692389abc579,2c5cc1af74fc5f3955e44361b82b791710e4b63bbc69b0c15570617e2d86e543,True
2024_06_DET_DAL,2024,6,DAL,DET,0.53416435619915,1.1473298183115297,50.536207369933194,13.564518459577533,0.16609508175613008,0.3704974484747812,2023,A0-DYNAMIC-OPPONENT-ADJUSTED-JOINT-SCORE-V1,5f148219527b07d85261d3f196ace97a5eb5646271d43596032a692389abc579,2c5cc1af74fc5f3955e44361b82b791710e4b63bbc69b0c15570617e2d86e543,0.64185,6.827,58.8384,367.84065506550655,442.9195773977397,-18.0,31.0,33.0,87.0,2023,B0-POSSESSION-DRIVE-SCORE-PROCESS-V1,5f148219527b07d85261d3f196ace97a5eb5646271d43596032a692389abc579,2c5cc1af74fc5f3955e44361b82b791710e4b63bbc69b0c15570617e2d86e543,-3.5,52.5,0.46068736490061135,-0.9182568558126932,-3.039312635099389,51.58174314418731,historical_closing_late_benchmark_exact_horizon_opaque,2023,C0-MARKET-RESIDUAL-MARGIN-TOTAL-V1,5f148219527b07d85261d3f196ace97a5eb5646271d43596032a692389abc579,2c5cc1af74fc5f3955e44361b82b791710e4b63bbc69b0c15570617e2d86e543,True
2024_06_HOU_NE,2024,6,NE,HOU,0.4494674254908823,-1.6994990202243088,38.916045674222715,13.564518459577533,-0.46740413611706555,0.15077109039511294,2023,A0-DYNAMIC-OPPONENT-ADJUSTED-JOINT-SCORE-V1,5f148219527b07d85261d3f196ace97a5eb5646271d43596032a692389abc579,2c5cc1af74fc5f3955e44361b82b791710e4b63bbc69b0c15570617e2d86e543,0.58795,3.4416,41.9438,254.2126107010701,281.44238579857983,-17.0,24.0,22.0,64.0,2023,B0-POSSESSION-DRIVE-SCORE-PROCESS-V1,5f148219527b07d85261d3f196ace97a5eb5646271d43596032a692389abc579,2c5cc1af74fc5f3955e44361b82b791710e4b63bbc69b0c15570617e2d86e543,-6.5,38.5,-0.0665007432232198,0.6070467949733421,-6.566500743223219,39.10704679497334,historical_closing_late_benchmark_exact_horizon_opaque,2023,C0-MARKET-RESIDUAL-MARGIN-TOTAL-V1,5f148219527b07d85261d3f196ace97a5eb5646271d43596032a692389abc579,2c5cc1af74fc5f3955e44361b82b791710e4b63bbc69b0c15570617e2d86e543,True
2024_06_IND_TEN,2024,6,TEN,IND,0.5694112970322645,2.3400351183325796,42.61495974712628,13.564518459577533,-0.47823177972770836,0.3102203667262283,2023,A0-DYNAMIC-OPPONENT-ADJUSTED-JOINT-SCORE-V1,5f148219527b07d85261d3f196ace97a5eb5646271d43596032a692389abc579,2c5cc1af74fc5f3955e44361b82b791710e4b63bbc69b0c15570617e2d86e543,0.51375,0.6638,50.3608,309.86515607560756,360.72989634963494,-22.0,23.0,27.0,75.0,2023,B0-POSSESSION-DRIVE-SCORE-PROCESS-V1,5f148219527b07d85261d3f196ace97a5eb5646271d43596032a692389abc579,2c5cc1af74fc5f3955e44361b82b791710e4b63bbc69b0c15570617e2d86e543,2.5,42.0,-0.668439054930874,1.0362467866924543,1.8315609450691261,43.03624678669245,historical_closing_late_benchmark_exact_horizon_opaque,2023,C0-MARKET-RESIDUAL-MARGIN-TOTAL-V1,5f148219527b07d85261d3f196ace97a5eb5646271d43596032a692389abc579,2c5cc1af74fc5f3955e44361b82b791710e4b63bbc69b0c15570617e2d86e543,True
2024_06_JAX_CHI,2024,6,CHI,JAX,0.5573290357410802,1.9295712769841415,42.8168412122711,13.564518459577533,0.12341091611566415,0.04650783120785893,2023,A0-DYNAMIC-OPPONENT-ADJUSTED-JOINT-SCORE-V1,5f148219527b07d85261d3f196ace97a5eb5646271d43596032a692389abc579,2c5cc1af74fc5f3955e44361b82b791710e4b63bbc69b0c15570617e2d86e543,0.56595,2.7624,45.9754,281.65291153115305,325.5715519951995,-19.0,24.0,24.0,70.0,2023,B0-POSSESSION-DRIVE-SCORE-PROCESS-V1,5f148219527b07d85261d3f196ace97a5eb5646271d43596032a692389abc579,2c5cc1af74fc5f3955e44361b82b791710e4b63bbc69b0c15570617e2d86e543,-1.5,44.5,-0.03352085623506659,0.4044301354593477,-1.5335208562350666,44.90443013545935,historical_closing_late_benchmark_exact_horizon_opaque,2023,C0-MARKET-RESIDUAL-MARGIN-TOTAL-V1,5f148219527b07d85261d3f196ace97a5eb5646271d43596032a692389abc579,2c5cc1af74fc5f3955e44361b82b791710e4b63bbc69b0c15570617e2d86e543,True
2024_06_LAC_DEN,2024,6,DEN,LAC,0.5255973916675027,0.8591662266633335,39.66143691001962,13.564518459577533,0.20946178915020797,0.09255431078090358,2023,A0-DYNAMIC-OPPONENT-ADJUSTED-JOINT-SCORE-V1,5f148219527b07d85261d3f196ace97a5eb5646271d43596032a692389abc579,2c5cc1af74fc5f3955e44361b82b791710e4b63bbc69b0c15570617e2d86e543,0.5059,0.239,42.8464,254.198098809881,279.8573927792779,-20.0,21.0,23.0,65.0,2023,B0-POSSESSION-DRIVE-SCORE-PROCESS-V1,5f148219527b07d85261d3f196ace97a5eb5646271d43596032a692389abc579,2c5cc1af74fc5f3955e44361b82b791710e4b63bbc69b0c15570617e2d86e543,-3.0,37.0,0.5227081829538864,-0.3707236303575344,-2.4772918170461136,36.62927636964247,historical_closing_late_benchmark_exact_horizon_opaque,2023,C0-MARKET-RESIDUAL-MARGIN-TOTAL-V1,5f148219527b07d85261d3f196ace97a5eb5646271d43596032a692389abc579,2c5cc1af74fc5f3955e44361b82b791710e4b63bbc69b0c15570617e2d86e543,True
2024_06_PIT_LV,2024,6,LV,PIT,0.5197259368711278,0.6619083860207517,41.447521259312325,13.564518459577533,0.2463484378230708,-0.1532194684196939,2023,A0-DYNAMIC-OPPONENT-ADJUSTED-JOINT-SCORE-V1,5f148219527b07d85261d3f196ace97a5eb5646271d43596032a692389abc579,2c5cc1af74fc5f3955e44361b82b791710e4b63bbc69b0c15570617e2d86e543,0.44630000000000003,-2.1581,44.7079,264.2623306230623,308.3682144114411,-23.0,18.0,23.0,68.0,2023,B0-POSSESSION-DRIVE-SCORE-PROCESS-V1,5f148219527b07d85261d3f196ace97a5eb5646271d43596032a692389abc579,2c5cc1af74fc5f3955e44361b82b791710e4b63bbc69b0c15570617e2d86e543,-3.5,36.5,-0.0011860848076624408,0.14554005404577602,-3.5011860848076624,36.645540054045775,historical_closing_late_benchmark_exact_horizon_opaque,2023,C0-MARKET-RESIDUAL-MARGIN-TOTAL-V1,5f148219527b07d85261d3f196ace97a5eb5646271d43596032a692389abc579,2c5cc1af74fc5f3955e44361b82b791710e4b63bbc69b0c15570617e2d86e543,True
2024_06_SF_SEA,2024,6,SEA,SF,0.424081675291619,-2.561985608614986,48.96388837665303,13.564518459577533,-0.3855089872443337,-0.44538725309859756,2023,A0-DYNAMIC-OPPONENT-ADJUSTED-JOINT-SCORE-V1,5f148219527b07d85261d3f196ace97a5eb5646271d43596032a692389abc579,2c5cc1af74fc5f3955e44361b82b791710e4b63bbc69b0c15570617e2d86e543,0.4386,-2.7854,54.4414,333.0978566256626,405.91795783578357,-26.0,20.0,30.0,81.0,2023,B0-POSSESSION-DRIVE-SCORE-PROCESS-V1,5f148219527b07d85261d3f196ace97a5eb5646271d43596032a692389abc579,2c5cc1af74fc5f3955e44361b82b791710e4b63bbc69b0c15570617e2d86e543,-3.5,49.0,-0.16880218252570334,-0.09717902345771637,-3.6688021825257033,48.90282097654228,historical_closing_late_benchmark_exact_horizon_opaque,2023,C0-MARKET-RESIDUAL-MARGIN-TOTAL-V1,5f148219527b07d85261d3f196ace97a5eb5646271d43596032a692389abc579,2c5cc1af74fc5f3955e44361b82b791710e4b63bbc69b0c15570617e2d86e543,True
2024_06_TB_NO,2024,6,NO,TB,0.5600268489669659,2.0210516250058888,45.037998719643284,13.564518459577533,0.4469256726260456,-0.1347392624440659,2023,A0-DYNAMIC-OPPONENT-ADJUSTED-JOINT-SCORE-V1,5f148219527b07d85261d3f196ace97a5eb5646271d43596032a692389abc579,2c5cc1af74fc5f3955e44361b82b791710e4b63bbc69b0c15570617e2d86e543,0.57345,3.4676,48.3812,294.92064230423046,349.53423998399836,-18.0,25.0,26.0,73.0,2023,B0-POSSESSION-DRIVE-SCORE-PROCESS-V1,5f148219527b07d85261d3f196ace97a5eb5646271d43596032a692389abc579,2c5cc1af74fc5f3955e44361b82b791710e4b63bbc69b0c15570617e2d86e543,-3.5,42.5,0.375203442924142,-0.4549101403679592,-3.1247965570758582,42.04508985963204,historical_closing_late_benchmark_exact_horizon_opaque,2023,C0-MARKET-RESIDUAL-MARGIN-TOTAL-V1,5f148219527b07d85261d3f196ace97a5eb5646271d43596032a692389abc579,2c5cc1af74fc5f3955e44361b82b791710e4b63bbc69b0c15570617e2d86e543,True
2024_06_WAS_BAL,2024,6,BAL,WAS,0.7400752969560668,8.611803698402078,48.97100751301231,13.564518459577533,0.6010733023748356,1.1458078023408058,2023,A0-DYNAMIC-OPPONENT-ADJUSTED-JOINT-SCORE-V1,5f148219527b07d85261d3f196ace97a5eb5646271d43596032a692389abc579,2c5cc1af74fc5f3955e44361b82b791710e4b63bbc69b0c15570617e2d86e543,0.7189,10.329,51.3356,308.6700260026003,368.31600424042404,-11.0,33.0,28.0,77.0,2023,B0-POSSESSION-DRIVE-SCORE-PROCESS-V1,5f148219527b07d85261d3f196ace97a5eb5646271d43596032a692389abc579,2c5cc1af74fc5f3955e44361b82b791710e4b63bbc69b0c15570617e2d86e543,6.5,51.5,-0.022120814544289255,0.04116186647871467,6.477879185455711,51.54116186647872,historical_closing_late_benchmark_exact_horizon_opaque,2023,C0-MARKET-RESIDUAL-MARGIN-TOTAL-V1,5f148219527b07d85261d3f196ace97a5eb5646271d43596032a692389abc579,2c5cc1af74fc5f3955e44361b82b791710e4b63bbc69b0c15570617e2d86e543,True
2024_07_BAL_TB,2024,7,TB,BAL,0.47566561977647953,-0.8167197003813769,48.50633011922681,13.564518459577533,-0.5780967549106659,-0.18832397145154772,2023,A0-DYNAMIC-OPPONENT-ADJUSTED-JOINT-SCORE-V1,5f148219527b07d85261d3f196ace97a5eb5646271d43596032a692389abc579,2c5cc1af74fc5f3955e44361b82b791710e4b63bbc69b0c15570617e2d86e543,0.42245,-3.3529,53.3839,325.7187334633463,376.6057813681368,-26.0,20.0,30.0,79.0,2023,B0-POSSESSION-DRIVE-SCORE-PROCESS-V1,5f148219527b07d85261d3f196ace97a5eb5646271d43596032a692389abc579,2c5cc1af74fc5f3955e44361b82b791710e4b63bbc69b0c15570617e2d86e543,-4.5,51.0,-0.09897265334911799,0.05373448717501525,-4.598972653349118,51.053734487175014,historical_closing_late_benchmark_exact_horizon_opaque,2023,C0-MARKET-RESIDUAL-MARGIN-TOTAL-V1,5f148219527b07d85261d3f196ace97a5eb5646271d43596032a692389abc579,2c5cc1af74fc5f3955e44361b82b791710e4b63bbc69b0c15570617e2d86e543,True
2024_07_CAR_WAS,2024,7,WAS,CAR,0.6760511050292249,6.110961655563681,42.730674990082306,13.564518459577533,0.4167414818975354,-0.6222043038577447,2023,A0-DYNAMIC-OPPONENT-ADJUSTED-JOINT-SCORE-V1,5f148219527b07d85261d3f196ace97a5eb5646271d43596032a692389abc579,2c5cc1af74fc5f3955e44361b82b791710e4b63bbc69b0c15570617e2d86e543,0.5919,3.82,45.394,281.63496349634966,327.1214761476147,-17.0,25.0,23.0,70.0,2023,B0-POSSESSION-DRIVE-SCORE-PROCESS-V1,5f148219527b07d85261d3f196ace97a5eb5646271d43596032a692389abc579,2c5cc1af74fc5f3955e44361b82b791710e4b63bbc69b0c15570617e2d86e543,10.0,51.0,-0.19612097548974514,0.9727427693617269,9.803879024510255,51.97274276936173,historical_closing_late_benchmark_exact_horizon_opaque,2023,C0-MARKET-RESIDUAL-MARGIN-TOTAL-V1,5f148219527b07d85261d3f196ace97a5eb5646271d43596032a692389abc579,2c5cc1af74fc5f3955e44361b82b791710e4b63bbc69b0c15570617e2d86e543,True
2024_07_CIN_CLE,2024,7,CLE,CIN,0.4506231763760166,-1.6604266068225932,43.979411932577435,13.564518459577533,0.18274755128228964,-0.14570544412150452,2023,A0-DYNAMIC-OPPONENT-ADJUSTED-JOINT-SCORE-V1,5f148219527b07d85261d3f196ace97a5eb5646271d43596032a692389abc579,2c5cc1af74fc5f3955e44361b82b791710e4b63bbc69b0c15570617e2d86e543,0.4416,-2.6063,47.9857,298.25592590259026,341.77407291729173,-24.0,19.0,25.0,72.0,2023,B0-POSSESSION-DRIVE-SCORE-PROCESS-V1,5f148219527b07d85261d3f196ace97a5eb5646271d43596032a692389abc579,2c5cc1af74fc5f3955e44361b82b791710e4b63bbc69b0c15570617e2d86e543,-5.5,42.0,-0.028878080377524304,0.07023143033691896,-5.528878080377524,42.07023143033692,historical_closing_late_benchmark_exact_horizon_opaque,2023,C0-MARKET-RESIDUAL-MARGIN-TOTAL-V1,5f148219527b07d85261d3f196ace97a5eb5646271d43596032a692389abc579,2c5cc1af74fc5f3955e44361b82b791710e4b63bbc69b0c15570617e2d86e543,True
2024_07_DEN_NO,2024,7,NO,DEN,0.6444890221590968,4.957498510704902,42.07401128910549,13.564518459577533,0.3570749178197915,0.17029682553280903,2023,A0-DYNAMIC-OPPONENT-ADJUSTED-JOINT-SCORE-V1,5f148219527b07d85261d3f196ace97a5eb5646271d43596032a692389abc579,2c5cc1af74fc5f3955e44361b82b791710e4b63bbc69b0c15570617e2d86e543,0.63115,5.548,43.366,266.41633763376336,296.20326432643265,-15.0,27.0,22.0,66.10000000000036,2023,B0-POSSESSION-DRIVE-SCORE-PROCESS-V1,5f148219527b07d85261d3f196ace97a5eb5646271d43596032a692389abc579,2c5cc1af74fc5f3955e44361b82b791710e4b63bbc69b0c15570617e2d86e543,-2.5,37.0,0.12501464213899416,0.02678891526145885,-2.374985357861006,37.026788915261456,historical_closing_late_benchmark_exact_horizon_opaque,2023,C0-MARKET-RESIDUAL-MARGIN-TOTAL-V1,5f148219527b07d85261d3f196ace97a5eb5646271d43596032a692389abc579,2c5cc1af74fc5f3955e44361b82b791710e4b63bbc69b0c15570617e2d86e543,True
2024_07_DET_MIN,2024,7,MIN,DET,0.5202560700807988,0.6797122358895251,47.03920846982638,13.564518459577533,-0.5286487986369643,0.13828641654747856,2023,A0-DYNAMIC-OPPONENT-ADJUSTED-JOINT-SCORE-V1,5f148219527b07d85261d3f196ace97a5eb5646271d43596032a692389abc579,2c5cc1af74fc5f3955e44361b82b791710e4b63bbc69b0c15570617e2d86e543,0.5599,2.724,54.7428,345.744198419842,391.3763857985798,-21.0,26.0,30.0,81.0,2023,B0-POSSESSION-DRIVE-SCORE-PROCESS-V1,5f148219527b07d85261d3f196ace97a5eb5646271d43596032a692389abc579,2c5cc1af74fc5f3955e44361b82b791710e4b63bbc69b0c15570617e2d86e543,1.0,50.5,-0.7597372528358005,1.0168649947070978,0.24026274716419949,51.5168649947071,historical_closing_late_benchmark_exact_horizon_opaque,2023,C0-MARKET-RESIDUAL-MARGIN-TOTAL-V1,5f148219527b07d85261d3f196ace97a5eb5646271d43596032a692389abc579,2c5cc1af74fc5f3955e44361b82b791710e4b63bbc69b0c15570617e2d86e543,True
2024_07_HOU_GB,2024,7,GB,HOU,0.6446556764278384,4.963485946730209,46.10014914931096,13.564518459577533,-0.06274022984671118,0.18796166035225276,2023,A0-DYNAMIC-OPPONENT-ADJUSTED-JOINT-SCORE-V1,5f148219527b07d85261d3f196ace97a5eb5646271d43596032a692389abc579,2c5cc1af74fc5f3955e44361b82b791710e4b63bbc69b0c15570617e2d86e543,0.6599499999999999,7.502,51.9882,328.9368896889689,376.1630770677068,-15.0,31.0,28.0,78.0,2023,B0-POSSESSION-DRIVE-SCORE-PROCESS-V1,5f148219527b07d85261d3f196ace97a5eb5646271d43596032a692389abc579,2c5cc1af74fc5f3955e44361b82b791710e4b63bbc69b0c15570617e2d86e543,3.0,48.0,-0.08418272802616118,0.21375418370470164,2.9158172719738387,48.2137541837047,historical_closing_late_benchmark_exact_horizon_opaque,2023,C0-MARKET-RESIDUAL-MARGIN-TOTAL-V1,5f148219527b07d85261d3f196ace97a5eb5646271d43596032a692389abc579,2c5cc1af74fc5f3955e44361b82b791710e4b63bbc69b0c15570617e2d86e543,True
2024_07_KC_SF,2024,7,SF,KC,0.6394564195310896,4.777151266943989,48.29593849342763,13.564518459577533,0.5418441683376585,-0.08540202278433001,2023,A0-DYNAMIC-OPPONENT-ADJUSTED-JOINT-SCORE-V1,5f148219527b07d85261d3f196ace97a5eb5646271d43596032a692389abc579,2c5cc1af74fc5f3955e44361b82b791710e4b63bbc69b0c15570617e2d86e543,0.55825,2.9395,53.0453,334.1620559555956,392.3470826182618,-20.0,26.0,29.0,79.0,2023,B0-POSSESSION-DRIVE-SCORE-PROCESS-V1,5f148219527b07d85261d3f196ace97a5eb5646271d43596032a692389abc579,2c5cc1af74fc5f3955e44361b82b791710e4b63bbc69b0c15570617e2d86e543,2.5,47.5,0.21900475398033864,-0.4239264110844758,2.7190047539803386,47.07607358891553,historical_closing_late_benchmark_exact_horizon_opaque,2023,C0-MARKET-RESIDUAL-MARGIN-TOTAL-V1,5f148219527b07d85261d3f196ace97a5eb5646271d43596032a692389abc579,2c5cc1af74fc5f3955e44361b82b791710e4b63bbc69b0c15570617e2d86e543,True
2024_07_LAC_ARI,2024,7,ARI,LAC,0.5575840944729621,1.938216156593377,43.55584877607987,13.564518459577533,0.3451949510410127,-0.32051267580548515,2023,A0-DYNAMIC-OPPONENT-ADJUSTED-JOINT-SCORE-V1,5f148219527b07d85261d3f196ace97a5eb5646271d43596032a692389abc579,2c5cc1af74fc5f3955e44361b82b791710e4b63bbc69b0c15570617e2d86e543,0.5115000000000001,0.6645,51.4003,327.8813278827883,373.2281827282728,-22.0,24.0,27.0,77.0,2023,B0-POSSESSION-DRIVE-SCORE-PROCESS-V1,5f148219527b07d85261d3f196ace97a5eb5646271d43596032a692389abc579,2c5cc1af74fc5f3955e44361b82b791710e4b63bbc69b0c15570617e2d86e543,-1.0,44.0,-0.01956912421349033,0.34868558726441357,-1.0195691242134903,44.34868558726441,historical_closing_late_benchmark_exact_horizon_opaque,2023,C0-MARKET-RESIDUAL-MARGIN-TOTAL-V1,5f148219527b07d85261d3f196ace97a5eb5646271d43596032a692389abc579,2c5cc1af74fc5f3955e44361b82b791710e4b63bbc69b0c15570617e2d86e543,True
2024_07_LV_LA,2024,7,LA,LV,0.6767533847372116,6.137117924230473,43.64222130315145,13.564518459577533,0.2254307057298217,-0.2026055780504473,2023,A0-DYNAMIC-OPPONENT-ADJUSTED-JOINT-SCORE-V1,5f148219527b07d85261d3f196ace97a5eb5646271d43596032a692389abc579,2c5cc1af74fc5f3955e44361b82b791710e4b63bbc69b0c15570617e2d86e543,0.6715,7.9454,51.9794,317.88340718071805,367.8961652565257,-14.0,31.0,29.0,77.0,2023,B0-POSSESSION-DRIVE-SCORE-PROCESS-V1,5f148219527b07d85261d3f196ace97a5eb5646271d43596032a692389abc579,2c5cc1af74fc5f3955e44361b82b791710e4b63bbc69b0c15570617e2d86e543,7.0,43.0,-0.6713190526485942,0.9773386776777016,6.328680947351406,43.9773386776777,historical_closing_late_benchmark_exact_horizon_opaque,2023,C0-MARKET-RESIDUAL-MARGIN-TOTAL-V1,5f148219527b07d85261d3f196ace97a5eb5646271d43596032a692389abc579,2c5cc1af74fc5f3955e44361b82b791710e4b63bbc69b0c15570617e2d86e543,True
2024_07_MIA_IND,2024,7,IND,MIA,0.5013253594962614,0.04445469722938,44.84877757970982,13.564518459577533,-0.13293457876554216,-0.25758672251230075,2023,A0-DYNAMIC-OPPONENT-ADJUSTED-JOINT-SCORE-V1,5f148219527b07d85261d3f196ace97a5eb5646271d43596032a692389abc579,2c5cc1af74fc5f3955e44361b82b791710e4b63bbc69b0c15570617e2d86e543,0.55735,2.6261,52.6521,318.93979276927695,380.30149573957397,-20.0,25.0,29.0,79.0,2023,B0-POSSESSION-DRIVE-SCORE-PROCESS-V1,5f148219527b07d85261d3f196ace97a5eb5646271d43596032a692389abc579,2c5cc1af74fc5f3955e44361b82b791710e4b63bbc69b0c15570617e2d86e543,3.0,44.0,0.2842934827972602,-0.7259638659929671,3.2842934827972603,43.274036134007034,historical_closing_late_benchmark_exact_horizon_opaque,2023,C0-MARKET-RESIDUAL-MARGIN-TOTAL-V1,5f148219527b07d85261d3f196ace97a5eb5646271d43596032a692389abc579,2c5cc1af74fc5f3955e44361b82b791710e4b63bbc69b0c15570617e2d86e543,True
2024_07_NE_JAX,2024,7,JAX,NE,0.6792337504114482,6.229687450977487,40.31307115858696,13.564518459577533,0.38177574000718006,-0.07527895478363997,2023,A0-DYNAMIC-OPPONENT-ADJUSTED-JOINT-SCORE-V1,5f148219527b07d85261d3f196ace97a5eb5646271d43596032a692389abc579,2c5cc1af74fc5f3955e44361b82b791710e4b63bbc69b0c15570617e2d86e543,0.5123,0.395,42.5864,260.0623812381238,298.2871637563756,-20.0,21.0,22.0,66.0,2023,B0-POSSESSION-DRIVE-SCORE-PROCESS-V1,5f148219527b07d85261d3f196ace97a5eb5646271d43596032a692389abc579,2c5cc1af74fc5f3955e44361b82b791710e4b63bbc69b0c15570617e2d86e543,6.5,42.0,-0.09959563230102064,0.658782284041785,6.40040436769898,42.658782284041784,historical_closing_late_benchmark_exact_horizon_opaque,2023,C0-MARKET-RESIDUAL-MARGIN-TOTAL-V1,5f148219527b07d85261d3f196ace97a5eb5646271d43596032a692389abc579,2c5cc1af74fc5f3955e44361b82b791710e4b63bbc69b0c15570617e2d86e543,True
2024_07_NYJ_PIT,2024,7,PIT,NYJ,0.6555016719918427,5.355361823718809,39.21371930800492,13.564518459577533,0.03119256054145697,0.17491129723107618,2023,A0-DYNAMIC-OPPONENT-ADJUSTED-JOINT-SCORE-V1,5f148219527b07d85261d3f196ace97a5eb5646271d43596032a692389abc579,2c5cc1af74fc5f3955e44361b82b791710e4b63bbc69b0c15570617e2d86e543,0.6502,6.0147,38.8593,233.3514190519052,251.31623513351335,-13.0,25.0,20.0,60.0,2023,B0-POSSESSION-DRIVE-SCORE-PROCESS-V1,5f148219527b07d85261d3f196ace97a5eb5646271d43596032a692389abc579,2c5cc1af74fc5f3955e44361b82b791710e4b63bbc69b0c15570617e2d86e543,-3.0,40.0,0.047136749214710005,0.7920626105990861,-2.95286325078529,40.79206261059909,historical_closing_late_benchmark_exact_horizon_opaque,2023,C0-MARKET-RESIDUAL-MARGIN-TOTAL-V1,5f148219527b07d85261d3f196ace97a5eb5646271d43596032a692389abc579,2c5cc1af74fc5f3955e44361b82b791710e4b63bbc69b0c15570617e2d86e543,True
2024_07_PHI_NYG,2024,7,NYG,PHI,0.498802134720675,-0.040178321825131036,44.541776193487266,13.564518459577533,-0.303258480643663,0.3468389841360316,2023,A0-DYNAMIC-OPPONENT-ADJUSTED-JOINT-SCORE-V1,5f148219527b07d85261d3f196ace97a5eb5646271d43596032a692389abc579,2c5cc1af74fc5f3955e44361b82b791710e4b63bbc69b0c15570617e2d86e543,0.38294999999999996,-5.0912,45.7978,285.188201380138,314.3661517751775,-27.0,17.0,24.0,70.0,2023,B0-POSSESSION-DRIVE-SCORE-PROCESS-V1,5f148219527b07d85261d3f196ace97a5eb5646271d43596032a692389abc579,2c5cc1af74fc5f3955e44361b82b791710e4b63bbc69b0c15570617e2d86e543,-3.0,42.0,-0.10446699595670661,0.06766436468097493,-3.104466995956707,42.06766436468097,historical_closing_late_benchmark_exact_horizon_opaque,2023,C0-MARKET-RESIDUAL-MARGIN-TOTAL-V1,5f148219527b07d85261d3f196ace97a5eb5646271d43596032a692389abc579,2c5cc1af74fc5f3955e44361b82b791710e4b63bbc69b0c15570617e2d86e543,True
2024_07_SEA_ATL,2024,7,ATL,SEA,0.5285320830614476,0.9578276864455759,46.255691877016,13.564518459577533,-0.05387976903813456,-0.1709589836966398,2023,A0-DYNAMIC-OPPONENT-ADJUSTED-JOINT-SCORE-V1,5f148219527b07d85261d3f196ace97a5eb5646271d43596032a692389abc579,2c5cc1af74fc5f3955e44361b82b791710e4b63bbc69b0c15570617e2d86e543,0.5189,1.1486,52.7972,321.39925796579655,363.54082624262423,-21.0,24.0,30.0,78.0,2023,B0-POSSESSION-DRIVE-SCORE-PROCESS-V1,5f148219527b07d85261d3f196ace97a5eb5646271d43596032a692389abc579,2c5cc1af74fc5f3955e44361b82b791710e4b63bbc69b0c15570617e2d86e543,3.0,51.5,0.013050355575095762,0.1267625624310644,3.013050355575096,51.62676256243106,historical_closing_late_benchmark_exact_horizon_opaque,2023,C0-MARKET-RESIDUAL-MARGIN-TOTAL-V1,5f148219527b07d85261d3f196ace97a5eb5646271d43596032a692389abc579,2c5cc1af74fc5f3955e44361b82b791710e4b63bbc69b0c15570617e2d86e543,True
2024_07_TEN_BUF,2024,7,BUF,TEN,0.7349553943631492,8.40161642720366,44.45408375891053,13.564518459577533,0.5198736050970851,0.3823965056270043,2023,A0-DYNAMIC-OPPONENT-ADJUSTED-JOINT-SCORE-V1,5f148219527b07d85261d3f196ace97a5eb5646271d43596032a692389abc579,2c5cc1af74fc5f3955e44361b82b791710e4b63bbc69b0c15570617e2d86e543,0.6749499999999999,7.9666,48.9784,304.9859830383038,345.0606395039504,-14.0,30.0,27.0,73.0,2023,B0-POSSESSION-DRIVE-SCORE-PROCESS-V1,5f148219527b07d85261d3f196ace97a5eb5646271d43596032a692389abc579,2c5cc1af74fc5f3955e44361b82b791710e4b63bbc69b0c15570617e2d86e543,9.5,41.0,-0.03483888668361132,-0.06493322401135973,9.46516111331639,40.93506677598864,historical_closing_late_benchmark_exact_horizon_opaque,2023,C0-MARKET-RESIDUAL-MARGIN-TOTAL-V1,5f148219527b07d85261d3f196ace97a5eb5646271d43596032a692389abc579,2c5cc1af74fc5f3955e44361b82b791710e4b63bbc69b0c15570617e2d86e543,True
2024_08_ARI_MIA,2024,8,MIA,ARI,0.6039145108025733,3.525831400778742,45.39917039745196,13.564518459577533,0.19152480220622004,0.28448073866919843,2023,A0-DYNAMIC-OPPONENT-ADJUSTED-JOINT-SCORE-V1,5f148219527b07d85261d3f196ace97a5eb5646271d43596032a692389abc579,2c5cc1af74fc5f3955e44361b82b791710e4b63bbc69b0c15570617e2d86e543,0.55235,2.3156,51.357,321.3439310331033,374.7898299829983,-21.0,25.0,27.0,77.0,2023,B0-POSSESSION-DRIVE-SCORE-PROCESS-V1,5f148219527b07d85261d3f196ace97a5eb5646271d43596032a692389abc579,2c5cc1af74fc5f3955e44361b82b791710e4b63bbc69b0c15570617e2d86e543,4.0,46.5,-0.2228300985834199,0.28349347257088464,3.7771699014165803,46.78349347257088,historical_closing_late_benchmark_exact_horizon_opaque,2023,C0-MARKET-RESIDUAL-MARGIN-TOTAL-V1,5f148219527b07d85261d3f196ace97a5eb5646271d43596032a692389abc579,2c5cc1af74fc5f3955e44361b82b791710e4b63bbc69b0c15570617e2d86e543,True
2024_08_ATL_TB,2024,8,TB,ATL,0.6326440220225276,4.534391900742676,46.02397242404994,13.564518459577533,0.0026252239130882538,0.5521606227116,2023,A0-DYNAMIC-OPPONENT-ADJUSTED-JOINT-SCORE-V1,5f148219527b07d85261d3f196ace97a5eb5646271d43596032a692389abc579,2c5cc1af74fc5f3955e44361b82b791710e4b63bbc69b0c15570617e2d86e543,0.5822999999999999,3.8723,53.7069,330.45223793379336,381.45333772377234,-19.0,27.0,30.0,80.0,2023,B0-POSSESSION-DRIVE-SCORE-PROCESS-V1,5f148219527b07d85261d3f196ace97a5eb5646271d43596032a692389abc579,2c5cc1af74fc5f3955e44361b82b791710e4b63bbc69b0c15570617e2d86e543,-1.5,47.0,0.11447956265725168,0.12504891209188085,-1.3855204373427483,47.125048912091884,historical_closing_late_benchmark_exact_horizon_opaque,2023,C0-MARKET-RESIDUAL-MARGIN-TOTAL-V1,5f148219527b07d85261d3f196ace97a5eb5646271d43596032a692389abc579,2c5cc1af74fc5f3955e44361b82b791710e4b63bbc69b0c15570617e2d86e543,True
2024_08_BAL_CLE,2024,8,CLE,BAL,0.3469674992435177,-5.2657558827499535,45.524392715852954,13.564518459577533,-0.16167881670700418,-0.6060823083071125,2023,A0-DYNAMIC-OPPONENT-ADJUSTED-JOINT-SCORE-V1,5f148219527b07d85261d3f196ace97a5eb5646271d43596032a692389abc579,2c5cc1af74fc5f3955e44361b82b791710e4b63bbc69b0c15570617e2d86e543,0.27740000000000004,-10.3724,50.7832,319.50526876687667,355.2841261726172,-33.0,12.0,27.0,75.0,2023,B0-POSSESSION-DRIVE-SCORE-PROCESS-V1,5f148219527b07d85261d3f196ace97a5eb5646271d43596032a692389abc579,2c5cc1af74fc5f3955e44361b82b791710e4b63bbc69b0c15570617e2d86e543,-7.5,44.5,-0.19514246649541364,0.07304910254108855,-7.695142466495414,44.57304910254109,historical_closing_late_benchmark_exact_horizon_opaque,2023,C0-MARKET-RESIDUAL-MARGIN-TOTAL-V1,5f148219527b07d85261d3f196ace97a5eb5646271d43596032a692389abc579,2c5cc1af74fc5f3955e44361b82b791710e4b63bbc69b0c15570617e2d86e543,True
2024_08_BUF_SEA,2024,8,SEA,BUF,0.4668876069698023,-1.1119193766417652,48.60137308236634,13.564518459577533,-0.2745614203820672,-0.3826094529618269,2023,A0-DYNAMIC-OPPONENT-ADJUSTED-JOINT-SCORE-V1,5f148219527b07d85261d3f196ace97a5eb5646271d43596032a692389abc579,2c5cc1af74fc5f3955e44361b82b791710e4b63bbc69b0c15570617e2d86e543,0.42955,-3.3301,52.6957,329.4048744774477,391.945096019602,-27.0,20.0,28.0,79.0,2023,B0-POSSESSION-DRIVE-SCORE-PROCESS-V1,5f148219527b07d85261d3f196ace97a5eb5646271d43596032a692389abc579,2c5cc1af74fc5f3955e44361b82b791710e4b63bbc69b0c15570617e2d86e543,-3.0,45.5,-0.12332562961771346,-0.23728201952418557,-3.1233256296177134,45.26271798047581,historical_closing_late_benchmark_exact_horizon_opaque,2023,C0-MARKET-RESIDUAL-MARGIN-TOTAL-V1,5f148219527b07d85261d3f196ace97a5eb5646271d43596032a692389abc579,2c5cc1af74fc5f3955e44361b82b791710e4b63bbc69b0c15570617e2d86e543,True
2024_08_CAR_DEN,2024,8,DEN,CAR,0.7301296119434827,8.205384591174473,38.575863559807445,13.564518459577533,0.5295687841679593,0.030243439054638614,2023,A0-DYNAMIC-OPPONENT-ADJUSTED-JOINT-SCORE-V1,5f148219527b07d85261d3f196ace97a5eb5646271d43596032a692389abc579,2c5cc1af74fc5f3955e44361b82b791710e4b63bbc69b0c15570617e2d86e543,0.6191,4.6838,40.998,240.32124968496848,272.9608920892089,-15.0,24.0,20.0,63.0,2023,B0-POSSESSION-DRIVE-SCORE-PROCESS-V1,5f148219527b07d85261d3f196ace97a5eb5646271d43596032a692389abc579,2c5cc1af74fc5f3955e44361b82b791710e4b63bbc69b0c15570617e2d86e543,13.0,40.5,-0.45041360516323126,1.1755937273152077,12.54958639483677,41.67559372731521,historical_closing_late_benchmark_exact_horizon_opaque,2023,C0-MARKET-RESIDUAL-MARGIN-TOTAL-V1,5f148219527b07d85261d3f196ace97a5eb5646271d43596032a692389abc579,2c5cc1af74fc5f3955e44361b82b791710e4b63bbc69b0c15570617e2d86e543,True
2024_08_CHI_WAS,2024,8,WAS,CHI,0.5109021250607145,0.3657197287293563,45.34198024829473,13.564518459577533,-0.2875119111569207,-0.7133791138452116,2023,A0-DYNAMIC-OPPONENT-ADJUSTED-JOINT-SCORE-V1,5f148219527b07d85261d3f196ace97a5eb5646271d43596032a692389abc579,2c5cc1af74fc5f3955e44361b82b791710e4b63bbc69b0c15570617e2d86e543,0.492,-0.4554,47.0778,286.6130721472147,336.14976213621367,-21.0,21.0,24.0,71.0,2023,B0-POSSESSION-DRIVE-SCORE-PROCESS-V1,5f148219527b07d85261d3f196ace97a5eb5646271d43596032a692389abc579,2c5cc1af74fc5f3955e44361b82b791710e4b63bbc69b0c15570617e2d86e543,1.5,46.5,0.338541813557511,-0.549607993703035,1.838541813557511,45.950392006296966,historical_closing_late_benchmark_exact_horizon_opaque,2023,C0-MARKET-RESIDUAL-MARGIN-TOTAL-V1,5f148219527b07d85261d3f196ace97a5eb5646271d43596032a692389abc579,2c5cc1af74fc5f3955e44361b82b791710e4b63bbc69b0c15570617e2d86e543,True
2024_08_DAL_SF,2024,8,SF,DAL,0.5908120536177707,3.0727705412701667,49.97128672322097,13.564518459577533,-0.28151874429499557,0.16515908656979394,2023,A0-DYNAMIC-OPPONENT-ADJUSTED-JOINT-SCORE-V1,5f148219527b07d85261d3f196ace97a5eb5646271d43596032a692389abc579,2c5cc1af74fc5f3955e44361b82b791710e4b63bbc69b0c15570617e2d86e543,0.5243500000000001,1.067,55.9664,350.5313641364137,415.0331743574357,-23.0,25.0,31.0,82.0,2023,B0-POSSESSION-DRIVE-SCORE-PROCESS-V1,5f148219527b07d85261d3f196ace97a5eb5646271d43596032a692389abc579,2c5cc1af74fc5f3955e44361b82b791710e4b63bbc69b0c15570617e2d86e543,5.5,48.0,0.2922087725468135,-1.2128181055872702,5.792208772546814,46.78718189441273,historical_closing_late_benchmark_exact_horizon_opaque,2023,C0-MARKET-RESIDUAL-MARGIN-TOTAL-V1,5f148219527b07d85261d3f196ace97a5eb5646271d43596032a692389abc579,2c5cc1af74fc5f3955e44361b82b791710e4b63bbc69b0c15570617e2d86e543,True
2024_08_GB_JAX,2024,8,JAX,GB,0.4950213169138653,-0.16699709625335757,48.025246995279005,13.564518459577533,-0.02288816626317431,-0.11246952474077977,2023,A0-DYNAMIC-OPPONENT-ADJUSTED-JOINT-SCORE-V1,5f148219527b07d85261d3f196ace97a5eb5646271d43596032a692389abc579,2c5cc1af74fc5f3955e44361b82b791710e4b63bbc69b0c15570617e2d86e543,0.4423,-2.8062,51.573,328.4696885288529,377.4818191819182,-26.0,20.0,28.0,77.0,2023,B0-POSSESSION-DRIVE-SCORE-PROCESS-V1,5f148219527b07d85261d3f196ace97a5eb5646271d43596032a692389abc579,2c5cc1af74fc5f3955e44361b82b791710e4b63bbc69b0c15570617e2d86e543,-3.5,49.0,-0.05687663988965777,0.053870896398807114,-3.5568766398896576,49.053870896398806,historical_closing_late_benchmark_exact_horizon_opaque,2023,C0-MARKET-RESIDUAL-MARGIN-TOTAL-V1,5f148219527b07d85261d3f196ace97a5eb5646271d43596032a692389abc579,2c5cc1af74fc5f3955e44361b82b791710e4b63bbc69b0c15570617e2d86e543,True
2024_08_IND_HOU,2024,8,HOU,IND,0.5980109028915072,3.3212252882402993,43.91719688267992,13.564518459577533,-0.05742129645076445,0.3251043745429874,2023,A0-DYNAMIC-OPPONENT-ADJUSTED-JOINT-SCORE-V1,5f148219527b07d85261d3f196ace97a5eb5646271d43596032a692389abc579,2c5cc1af74fc5f3955e44361b82b791710e4b63bbc69b0c15570617e2d86e543,0.4762,-1.1581,50.2391,316.0613105210521,348.9686280528053,-24.0,21.0,27.0,75.0,2023,B0-POSSESSION-DRIVE-SCORE-PROCESS-V1,5f148219527b07d85261d3f196ace97a5eb5646271d43596032a692389abc579,2c5cc1af74fc5f3955e44361b82b791710e4b63bbc69b0c15570617e2d86e543,5.0,45.0,-0.20777945009203397,0.2851992913019828,4.792220549907966,45.285199291301986,historical_closing_late_benchmark_exact_horizon_opaque,2023,C0-MARKET-RESIDUAL-MARGIN-TOTAL-V1,5f148219527b07d85261d3f196ace97a5eb5646271d43596032a692389abc579,2c5cc1af74fc5f3955e44361b82b791710e4b63bbc69b0c15570617e2d86e543,True
2024_08_KC_LV,2024,8,LV,KC,0.45299861690626136,-1.5801642618068925,41.64239575537343,13.564518459577533,0.29772732349452263,-0.2336923059366893,2023,A0-DYNAMIC-OPPONENT-ADJUSTED-JOINT-SCORE-V1,5f148219527b07d85261d3f196ace97a5eb5646271d43596032a692389abc579,2c5cc1af74fc5f3955e44361b82b791710e4b63bbc69b0c15570617e2d86e543,0.34054999999999996,-7.0029,49.8141,294.4885404440444,348.38157934793486,-29.0,15.0,27.0,75.0,2023,B0-POSSESSION-DRIVE-SCORE-PROCESS-V1,5f148219527b07d85261d3f196ace97a5eb5646271d43596032a692389abc579,2c5cc1af74fc5f3955e44361b82b791710e4b63bbc69b0c15570617e2d86e543,-9.0,42.0,0.09496085202309604,0.45489622393203744,-8.905039147976904,42.45489622393204,historical_closing_late_benchmark_exact_horizon_opaque,2023,C0-MARKET-RESIDUAL-MARGIN-TOTAL-V1,5f148219527b07d85261d3f196ace97a5eb5646271d43596032a692389abc579,2c5cc1af74fc5f3955e44361b82b791710e4b63bbc69b0c15570617e2d86e543,True
2024_08_MIN_LA,2024,8,LA,MIN,0.5800232183069586,2.702360442139188,44.20451398544499,13.564518459577533,0.3945389969847848,0.046474257294290035,2023,A0-DYNAMIC-OPPONENT-ADJUSTED-JOINT-SCORE-V1,5f148219527b07d85261d3f196ace97a5eb5646271d43596032a692389abc579,2c5cc1af74fc5f3955e44361b82b791710e4b63bbc69b0c15570617e2d86e543,0.5165,0.8068,49.966,307.64063782378236,351.6220062006201,-21.0,23.0,27.0,75.0,2023,B0-POSSESSION-DRIVE-SCORE-PROCESS-V1,5f148219527b07d85261d3f196ace97a5eb5646271d43596032a692389abc579,2c5cc1af74fc5f3955e44361b82b791710e4b63bbc69b0c15570617e2d86e543,-3.0,47.5,0.06577106438559874,0.4061922127917089,-2.934228935614401,47.90619221279171,historical_closing_late_benchmark_exact_horizon_opaque,2023,C0-MARKET-RESIDUAL-MARGIN-TOTAL-V1,5f148219527b07d85261d3f196ace97a5eb5646271d43596032a692389abc579,2c5cc1af74fc5f3955e44361b82b791710e4b63bbc69b0c15570617e2d86e543,True
2024_08_NO_LAC,2024,8,LAC,NO,0.49133017209093394,-0.2908223837869137,42.030480916584864,13.564518459577533,-0.5665367069699995,-0.2628511363137126,2023,A0-DYNAMIC-OPPONENT-ADJUSTED-JOINT-SCORE-V1,5f148219527b07d85261d3f196ace97a5eb5646271d43596032a692389abc579,2c5cc1af74fc5f3955e44361b82b791710e4b63bbc69b0c15570617e2d86e543,0.4897,-0.5794,49.136,296.17591323132314,350.1633203320332,-23.0,21.0,26.0,74.0,2023,B0-POSSESSION-DRIVE-SCORE-PROCESS-V1,5f148219527b07d85261d3f196ace97a5eb5646271d43596032a692389abc579,2c5cc1af74fc5f3955e44361b82b791710e4b63bbc69b0c15570617e2d86e543,7.0,41.5,-0.1235566463984254,-0.12036693234073684,6.876443353601575,41.37963306765926,historical_closing_late_benchmark_exact_horizon_opaque,2023,C0-MARKET-RESIDUAL-MARGIN-TOTAL-V1,5f148219527b07d85261d3f196ace97a5eb5646271d43596032a692389abc579,2c5cc1af74fc5f3955e44361b82b791710e4b63bbc69b0c15570617e2d86e543,True
2024_08_NYG_PIT,2024,8,PIT,NYG,0.6673441543682825,5.788566643451237,41.207942943174146,13.564518459577533,-0.06396353985158038,0.3937797179918221,2023,A0-DYNAMIC-OPPONENT-ADJUSTED-JOINT-SCORE-V1,5f148219527b07d85261d3f196ace97a5eb5646271d43596032a692389abc579,2c5cc1af74fc5f3955e44361b82b791710e4b63bbc69b0c15570617e2d86e543,0.69315,7.877,40.7064,242.36850785078508,271.7183708770877,-11.0,28.0,20.0,62.0,2023,B0-POSSESSION-DRIVE-SCORE-PROCESS-V1,5f148219527b07d85261d3f196ace97a5eb5646271d43596032a692389abc579,2c5cc1af74fc5f3955e44361b82b791710e4b63bbc69b0c15570617e2d86e543,6.0,37.5,-0.15222135316677252,0.27122096106108046,5.847778646833228,37.77122096106108,historical_closing_late_benchmark_exact_horizon_opaque,2023,C0-MARKET-RESIDUAL-MARGIN-TOTAL-V1,5f148219527b07d85261d3f196ace97a5eb5646271d43596032a692389abc579,2c5cc1af74fc5f3955e44361b82b791710e4b63bbc69b0c15570617e2d86e543,True
2024_08_NYJ_NE,2024,8,NE,NYJ,0.5072361173910499,0.24272392318818703,36.253610940779915,13.564518459577533,-0.15575698159180967,-0.10953709558816133,2023,A0-DYNAMIC-OPPONENT-ADJUSTED-JOINT-SCORE-V1,5f148219527b07d85261d3f196ace97a5eb5646271d43596032a692389abc579,2c5cc1af74fc5f3955e44361b82b791710e4b63bbc69b0c15570617e2d86e543,0.6162000000000001,4.5114,38.6158,231.21859189918987,248.53584394439443,-14.0,24.0,19.0,60.0,2023,B0-POSSESSION-DRIVE-SCORE-PROCESS-V1,5f148219527b07d85261d3f196ace97a5eb5646271d43596032a692389abc579,2c5cc1af74fc5f3955e44361b82b791710e4b63bbc69b0c15570617e2d86e543,-7.0,41.0,0.05372338040758576,1.1357067859525534,-6.946276619592414,42.13570678595255,historical_closing_late_benchmark_exact_horizon_opaque,2023,C0-MARKET-RESIDUAL-MARGIN-TOTAL-V1,5f148219527b07d85261d3f196ace97a5eb5646271d43596032a692389abc579,2c5cc1af74fc5f3955e44361b82b791710e4b63bbc69b0c15570617e2d86e543,True
2024_08_PHI_CIN,2024,8,CIN,PHI,0.5936057554032796,3.1690594624274766,48.49789153149962,13.564518459577533,-0.07984988327704473,0.3994510100428215,2023,A0-DYNAMIC-OPPONENT-ADJUSTED-JOINT-SCORE-V1,5f148219527b07d85261d3f196ace97a5eb5646271d43596032a692389abc579,2c5cc1af74fc5f3955e44361b82b791710e4b63bbc69b0c15570617e2d86e543,0.47765,-0.9721,50.8247,306.21774336433646,373.1480847184718,-23.0,21.0,27.0,77.0,2023,B0-POSSESSION-DRIVE-SCORE-PROCESS-V1,5f148219527b07d85261d3f196ace97a5eb5646271d43596032a692389abc579,2c5cc1af74fc5f3955e44361b82b791710e4b63bbc69b0c15570617e2d86e543,2.5,47.5,-0.13973960616782286,-0.13353732135741533,2.3602603938321773,47.366462678642584,historical_closing_late_benchmark_exact_horizon_opaque,2023,C0-MARKET-RESIDUAL-MARGIN-TOTAL-V1,5f148219527b07d85261d3f196ace97a5eb5646271d43596032a692389abc579,2c5cc1af74fc5f3955e44361b82b791710e4b63bbc69b0c15570617e2d86e543,True
2024_08_TEN_DET,2024,8,DET,TEN,0.7500285235569804,9.026645289897104,45.89041587363154,13.564518459577533,0.7462448344982171,-0.09048222928080023,2023,A0-DYNAMIC-OPPONENT-ADJUSTED-JOINT-SCORE-V1,5f148219527b07d85261d3f196ace97a5eb5646271d43596032a692389abc579,2c5cc1af74fc5f3955e44361b82b791710e4b63bbc69b0c15570617e2d86e543,0.6133,5.3326,54.1914,342.62403964396435,397.96756279627965,-18.0,29.0,30.0,81.0,2023,B0-POSSESSION-DRIVE-SCORE-PROCESS-V1,5f148219527b07d85261d3f196ace97a5eb5646271d43596032a692389abc579,2c5cc1af74fc5f3955e44361b82b791710e4b63bbc69b0c15570617e2d86e543,12.5,45.0,-0.1505029251556054,0.07206401397192105,12.349497074844395,45.07206401397192,historical_closing_late_benchmark_exact_horizon_opaque,2023,C0-MARKET-RESIDUAL-MARGIN-TOTAL-V1,5f148219527b07d85261d3f196ace97a5eb5646271d43596032a692389abc579,2c5cc1af74fc5f3955e44361b82b791710e4b63bbc69b0c15570617e2d86e543,True
2024_09_CHI_ARI,2024,9,ARI,CHI,0.5554598484496995,1.8662419705836975,45.22529221426049,13.564518459577533,-0.0389514469956921,-0.473998357519217,2023,A0-DYNAMIC-OPPONENT-ADJUSTED-JOINT-SCORE-V1,5f148219527b07d85261d3f196ace97a5eb5646271d43596032a692389abc579,2c5cc1af74fc5f3955e44361b82b791710e4b63bbc69b0c15570617e2d86e543,0.5038,-0.0617,48.9235,308.68276138613857,353.2685746074608,-23.0,22.0,26.0,74.0,2023,B0-POSSESSION-DRIVE-SCORE-PROCESS-V1,5f148219527b07d85261d3f196ace97a5eb5646271d43596032a692389abc579,2c5cc1af74fc5f3955e44361b82b791710e4b63bbc69b0c15570617e2d86e543,1.5,44.5,-0.13148816759845713,0.0994172379231396,1.3685118324015428,44.59941723792314,historical_closing_late_benchmark_exact_horizon_opaque,2023,C0-MARKET-RESIDUAL-MARGIN-TOTAL-V1,5f148219527b07d85261d3f196ace97a5eb5646271d43596032a692389abc579,2c5cc1af74fc5f3955e44361b82b791710e4b63bbc69b0c15570617e2d86e543,True
2024_09_DAL_ATL,2024,9,ATL,DAL,0.5048770997795213,0.16358957444108668,47.93999036044866,13.564518459577533,-0.7209075005774638,-0.4511871502254434,2023,A0-DYNAMIC-OPPONENT-ADJUSTED-JOINT-SCORE-V1,5f148219527b07d85261d3f196ace97a5eb5646271d43596032a692389abc579,2c5cc1af74fc5f3955e44361b82b791710e4b63bbc69b0c15570617e2d86e543,0.43105,-3.1541,56.0567,331.84733792379234,408.03568867886787,-26.0,20.0,31.0,83.0,2023,B0-POSSESSION-DRIVE-SCORE-PROCESS-V1,5f148219527b07d85261d3f196ace97a5eb5646271d43596032a692389abc579,2c5cc1af74fc5f3955e44361b82b791710e4b63bbc69b0c15570617e2d86e543,3.0,52.0,-0.30279851588390316,0.16412343196774692,2.6972014841160967,52.164123431967745,historical_closing_late_benchmark_exact_horizon_opaque,2023,C0-MARKET-RESIDUAL-MARGIN-TOTAL-V1,5f148219527b07d85261d3f196ace97a5eb5646271d43596032a692389abc579,2c5cc1af74fc5f3955e44361b82b791710e4b63bbc69b0c15570617e2d86e543,True
2024_09_DEN_BAL,2024,9,BAL,DEN,0.7228924975796642,7.914356103095763,47.34312848340483,13.564518459577533,0.48824600010441177,0.49336005942842265,2023,A0-DYNAMIC-OPPONENT-ADJUSTED-JOINT-SCORE-V1,5f148219527b07d85261d3f196ace97a5eb5646271d43596032a692389abc579,2c5cc1af74fc5f3955e44361b82b791710e4b63bbc69b0c15570617e2d86e543,0.7024,8.9778,48.5908,292.21552871287133,336.13496885688573,-12.0,31.0,26.0,73.0,2023,B0-POSSESSION-DRIVE-SCORE-PROCESS-V1,5f148219527b07d85261d3f196ace97a5eb5646271d43596032a692389abc579,2c5cc1af74fc5f3955e44361b82b791710e4b63bbc69b0c15570617e2d86e543,9.0,46.5,-0.11975293250981674,-0.08377921826704351,8.880247067490183,46.41622078173295,historical_closing_late_benchmark_exact_horizon_opaque,2023,C0-MARKET-RESIDUAL-MARGIN-TOTAL-V1,5f148219527b07d85261d3f196ace97a5eb5646271d43596032a692389abc579,2c5cc1af74fc5f3955e44361b82b791710e4b63bbc69b0c15570617e2d86e543,True
2024_09_DET_GB,2024,9,GB,DET,0.5309117675240698,1.0378683552765189,50.16240810720197,13.564518459577533,-0.38817458106798436,0.2933278974498121,2023,A0-DYNAMIC-OPPONENT-ADJUSTED-JOINT-SCORE-V1,5f148219527b07d85261d3f196ace97a5eb5646271d43596032a692389abc579,2c5cc1af74fc5f3955e44361b82b791710e4b63bbc69b0c15570617e2d86e543,0.5564,2.8787,60.6061,391.72755906590663,466.45938872887285,-22.0,28.0,34.0,89.0,2023,B0-POSSESSION-DRIVE-SCORE-PROCESS-V1,5f148219527b07d85261d3f196ace97a5eb5646271d43596032a692389abc579,2c5cc1af74fc5f3955e44361b82b791710e4b63bbc69b0c15570617e2d86e543,-2.5,47.5,-0.08779782685200235,-0.3718320889296771,-2.5877978268520025,47.12816791107032,historical_closing_late_benchmark_exact_horizon_opaque,2023,C0-MARKET-RESIDUAL-MARGIN-TOTAL-V1,5f148219527b07d85261d3f196ace97a5eb5646271d43596032a692389abc579,2c5cc1af74fc5f3955e44361b82b791710e4b63bbc69b0c15570617e2d86e543,True
2024_09_HOU_NYJ,2024,9,NYJ,HOU,0.5127375359531303,0.4273093485155677,40.61900203775899,13.564518459577533,-0.3116471545252559,0.26030818598327427,2023,A0-DYNAMIC-OPPONENT-ADJUSTED-JOINT-SCORE-V1,5f148219527b07d85261d3f196ace97a5eb5646271d43596032a692389abc579,2c5cc1af74fc5f3955e44361b82b791710e4b63bbc69b0c15570617e2d86e543,0.48045,-0.6699,43.2171,260.4211761076108,289.0158691769177,-21.0,20.0,23.0,66.0,2023,B0-POSSESSION-DRIVE-SCORE-PROCESS-V1,5f148219527b07d85261d3f196ace97a5eb5646271d43596032a692389abc579,2c5cc1af74fc5f3955e44361b82b791710e4b63bbc69b0c15570617e2d86e543,2.5,43.5,-0.25652837941944284,0.6631819955266461,2.243471620580557,44.16318199552665,historical_closing_late_benchmark_exact_horizon_opaque,2023,C0-MARKET-RESIDUAL-MARGIN-TOTAL-V1,5f148219527b07d85261d3f196ace97a5eb5646271d43596032a692389abc579,2c5cc1af74fc5f3955e44361b82b791710e4b63bbc69b0c15570617e2d86e543,True
2024_09_IND_MIN,2024,9,MIN,IND,0.6311652519930049,4.481895320951708,44.1404339265833,13.564518459577533,-0.2606357438664556,0.35802455399290667,2023,A0-DYNAMIC-OPPONENT-ADJUSTED-JOINT-SCORE-V1,5f148219527b07d85261d3f196ace97a5eb5646271d43596032a692389abc579,2c5cc1af74fc5f3955e44361b82b791710e4b63bbc69b0c15570617e2d86e543,0.5942,4.3038,50.817,300.7037759375938,362.75718671867185,-17.0,26.0,27.0,76.0,2023,B0-POSSESSION-DRIVE-SCORE-PROCESS-V1,5f148219527b07d85261d3f196ace97a5eb5646271d43596032a692389abc579,2c5cc1af74fc5f3955e44361b82b791710e4b63bbc69b0c15570617e2d86e543,6.5,47.0,-0.4640792051763511,0.7586570216311604,6.035920794823649,47.75865702163116,historical_closing_late_benchmark_exact_horizon_opaque,2023,C0-MARKET-RESIDUAL-MARGIN-TOTAL-V1,5f148219527b07d85261d3f196ace97a5eb5646271d43596032a692389abc579,2c5cc1af74fc5f3955e44361b82b791710e4b63bbc69b0c15570617e2d86e543,True
2024_09_JAX_PHI,2024,9,PHI,JAX,0.6056566454025614,3.5863656738656147,49.04877541970279,13.564518459577533,0.17239582262133,-0.38089135452497624,2023,A0-DYNAMIC-OPPONENT-ADJUSTED-JOINT-SCORE-V1,5f148219527b07d85261d3f196ace97a5eb5646271d43596032a692389abc579,2c5cc1af74fc5f3955e44361b82b791710e4b63bbc69b0c15570617e2d86e543,0.6274500000000001,5.9713,51.1417,326.217698079808,376.53887499749976,-17.0,29.0,27.0,77.0,2023,B0-POSSESSION-DRIVE-SCORE-PROCESS-V1,5f148219527b07d85261d3f196ace97a5eb5646271d43596032a692389abc579,2c5cc1af74fc5f3955e44361b82b791710e4b63bbc69b0c15570617e2d86e543,7.5,46.0,-0.23781618641296626,-0.271039213783113,7.262183813587034,45.72896078621689,historical_closing_late_benchmark_exact_horizon_opaque,2023,C0-MARKET-RESIDUAL-MARGIN-TOTAL-V1,5f148219527b07d85261d3f196ace97a5eb5646271d43596032a692389abc579,2c5cc1af74fc5f3955e44361b82b791710e4b63bbc69b0c15570617e2d86e543,True
2024_09_LAC_CLE,2024,9,CLE,LAC,0.5396543672396514,1.332266862245966,40.28657785316904,13.564518459577533,0.5360289725476155,-0.02016793809778633,2023,A0-DYNAMIC-OPPONENT-ADJUSTED-JOINT-SCORE-V1,5f148219527b07d85261d3f196ace97a5eb5646271d43596032a692389abc579,2c5cc1af74fc5f3955e44361b82b791710e4b63bbc69b0c15570617e2d86e543,0.43955,-2.6128,48.481,304.14669082908296,340.10124912491244,-25.0,20.0,26.0,73.0,2023,B0-POSSESSION-DRIVE-SCORE-PROCESS-V1,5f148219527b07d85261d3f196ace97a5eb5646271d43596032a692389abc579,2c5cc1af74fc5f3955e44361b82b791710e4b63bbc69b0c15570617e2d86e543,-2.0,42.5,0.000253839581628279,0.618621606670642,-1.9997461604183717,43.118621606670644,historical_closing_late_benchmark_exact_horizon_opaque,2023,C0-MARKET-RESIDUAL-MARGIN-TOTAL-V1,5f148219527b07d85261d3f196ace97a5eb5646271d43596032a692389abc579,2c5cc1af74fc5f3955e44361b82b791710e4b63bbc69b0c15570617e2d86e543,True
2024_09_LA_SEA,2024,9,SEA,LA,0.5359847802836221,1.2086267804569673,47.25084990610956,13.564518459577533,-0.3668228481310196,-0.09449139189579098,2023,A0-DYNAMIC-OPPONENT-ADJUSTED-JOINT-SCORE-V1,5f148219527b07d85261d3f196ace97a5eb5646271d43596032a692389abc579,2c5cc1af74fc5f3955e44361b82b791710e4b63bbc69b0c15570617e2d86e543,0.4963,-0.1657,51.5771,316.56329983998404,367.18937452745274,-23.0,22.0,28.0,77.0,2023,B0-POSSESSION-DRIVE-SCORE-PROCESS-V1,5f148219527b07d85261d3f196ace97a5eb5646271d43596032a692389abc579,2c5cc1af74fc5f3955e44361b82b791710e4b63bbc69b0c15570617e2d86e543,-1.5,48.5,0.1304683778087241,-0.2548226035805825,-1.3695316221912759,48.245177396419415,historical_closing_late_benchmark_exact_horizon_opaque,2023,C0-MARKET-RESIDUAL-MARGIN-TOTAL-V1,5f148219527b07d85261d3f196ace97a5eb5646271d43596032a692389abc579,2c5cc1af74fc5f3955e44361b82b791710e4b63bbc69b0c15570617e2d86e543,True
2024_09_LV_CIN,2024,9,CIN,LV,0.6464393938918429,5.027632638936165,44.49061778986437,13.564518459577533,0.041023699395127844,-0.18794822366533828,2023,A0-DYNAMIC-OPPONENT-ADJUSTED-JOINT-SCORE-V1,5f148219527b07d85261d3f196ace97a5eb5646271d43596032a692389abc579,2c5cc1af74fc5f3955e44361b82b791710e4b63bbc69b0c15570617e2d86e543,0.6096,4.8385,50.0589,298.93491124112415,348.62789357935793,-17.0,27.0,27.0,75.0,2023,B0-POSSESSION-DRIVE-SCORE-PROCESS-V1,5f148219527b07d85261d3f196ace97a5eb5646271d43596032a692389abc579,2c5cc1af74fc5f3955e44361b82b791710e4b63bbc69b0c15570617e2d86e543,8.0,45.0,-0.21814086176384048,0.22418636848659565,7.781859138236159,45.2241863684866,historical_closing_late_benchmark_exact_horizon_opaque,2023,C0-MARKET-RESIDUAL-MARGIN-TOTAL-V1,5f148219527b07d85261d3f196ace97a5eb5646271d43596032a692389abc579,2c5cc1af74fc5f3955e44361b82b791710e4b63bbc69b0c15570617e2d86e543,True
2024_09_MIA_BUF,2024,9,BUF,MIA,0.6945744550610674,6.809114757266357,47.710545211727464,13.564518459577533,-0.09129275339616538,0.4350301498409318,2023,A0-DYNAMIC-OPPONENT-ADJUSTED-JOINT-SCORE-V1,5f148219527b07d85261d3f196ace97a5eb5646271d43596032a692389abc579,2c5cc1af74fc5f3955e44361b82b791710e4b63bbc69b0c15570617e2d86e543,0.7055,9.5612,52.5828,327.5760121612161,383.0520493649365,-14.0,32.0,29.0,79.0,2023,B0-POSSESSION-DRIVE-SCORE-PROCESS-V1,5f148219527b07d85261d3f196ace97a5eb5646271d43596032a692389abc579,2c5cc1af74fc5f3955e44361b82b791710e4b63bbc69b0c15570617e2d86e543,6.5,49.0,-0.13449352513862947,0.007721501638606215,6.365506474861371,49.007721501638606,historical_closing_late_benchmark_exact_horizon_opaque,2023,C0-MARKET-RESIDUAL-MARGIN-TOTAL-V1,5f148219527b07d85261d3f196ace97a5eb5646271d43596032a692389abc579,2c5cc1af74fc5f3955e44361b82b791710e4b63bbc69b0c15570617e2d86e543,True
2024_09_NE_TEN,2024,9,TEN,NE,0.5892270431631974,3.0182118721525626,38.01901646826528,13.564518459577533,0.046593652840121624,-0.16565509821187202,2023,A0-DYNAMIC-OPPONENT-ADJUSTED-JOINT-SCORE-V1,5f148219527b07d85261d3f196ace97a5eb5646271d43596032a692389abc579,2c5cc1af74fc5f3955e44361b82b791710e4b63bbc69b0c15570617e2d86e543,0.50565,0.2202,43.3262,255.9991118711871,292.6816617261726,-20.0,21.0,23.0,66.0,2023,B0-POSSESSION-DRIVE-SCORE-PROCESS-V1,5f148219527b07d85261d3f196ace97a5eb5646271d43596032a692389abc579,2c5cc1af74fc5f3955e44361b82b791710e4b63bbc69b0c15570617e2d86e543,3.0,38.5,-0.13573520858511826,0.7972796613278601,2.8642647914148816,39.29727966132786,historical_closing_late_benchmark_exact_horizon_opaque,2023,C0-MARKET-RESIDUAL-MARGIN-TOTAL-V1,5f148219527b07d85261d3f196ace97a5eb5646271d43596032a692389abc579,2c5cc1af74fc5f3955e44361b82b791710e4b63bbc69b0c15570617e2d86e543,True
2024_09_NO_CAR,2024,9,CAR,NO,0.4053479750748651,-3.2051626450116544,39.43331593070462,13.564518459577533,-0.8866437019877508,-0.20054026458744764,2023,A0-DYNAMIC-OPPONENT-ADJUSTED-JOINT-SCORE-V1,5f148219527b07d85261d3f196ace97a5eb5646271d43596032a692389abc579,2c5cc1af74fc5f3955e44361b82b791710e4b63bbc69b0c15570617e2d86e543,0.3989,-4.3072,45.2388,272.727700930093,314.4504196019602,-26.0,17.0,23.0,69.0,2023,B0-POSSESSION-DRIVE-SCORE-PROCESS-V1,5f148219527b07d85261d3f196ace97a5eb5646271d43596032a692389abc579,2c5cc1af74fc5f3955e44361b82b791710e4b63bbc69b0c15570617e2d86e543,-7.0,43.5,-0.13580986336916084,0.833427327446756,-7.135809863369161,44.333427327446756,historical_closing_late_benchmark_exact_horizon_opaque,2023,C0-MARKET-RESIDUAL-MARGIN-TOTAL-V1,5f148219527b07d85261d3f196ace97a5eb5646271d43596032a692389abc579,2c5cc1af74fc5f3955e44361b82b791710e4b63bbc69b0c15570617e2d86e543,True
2024_09_TB_KC,2024,9,KC,TB,0.5945489610542383,3.2016052314602987,46.373681463505015,13.564518459577533,-0.10508063596827844,0.14958763686796728,2023,A0-DYNAMIC-OPPONENT-ADJUSTED-JOINT-SCORE-V1,5f148219527b07d85261d3f196ace97a5eb5646271d43596032a692389abc579,2c5cc1af74fc5f3955e44361b82b791710e4b63bbc69b0c15570617e2d86e543,0.6096,4.9617,51.4301,316.7597090809081,367.9717111611161,-17.0,27.0,28.0,77.0,2023,B0-POSSESSION-DRIVE-SCORE-PROCESS-V1,5f148219527b07d85261d3f196ace97a5eb5646271d43596032a692389abc579,2c5cc1af74fc5f3955e44361b82b791710e4b63bbc69b0c15570617e2d86e543,9.0,45.5,-0.33611629466938603,0.1210245528314387,8.663883705330614,45.621024552831436,historical_closing_late_benchmark_exact_horizon_opaque,2023,C0-MARKET-RESIDUAL-MARGIN-TOTAL-V1,5f148219527b07d85261d3f196ace97a5eb5646271d43596032a692389abc579,2c5cc1af74fc5f3955e44361b82b791710e4b63bbc69b0c15570617e2d86e543,True
2024_09_WAS_NYG,2024,9,NYG,WAS,0.492185814037262,-0.2621166924874174,44.051565570941726,13.564518459577533,0.033238337018923536,0.6328189122484079,2023,A0-DYNAMIC-OPPONENT-ADJUSTED-JOINT-SCORE-V1,5f148219527b07d85261d3f196ace97a5eb5646271d43596032a692389abc579,2c5cc1af74fc5f3955e44361b82b791710e4b63bbc69b0c15570617e2d86e543,0.42605,-3.1785,45.4557,274.8971274627463,311.4353810481048,-24.0,18.0,24.0,69.0,2023,B0-POSSESSION-DRIVE-SCORE-PROCESS-V1,5f148219527b07d85261d3f196ace97a5eb5646271d43596032a692389abc579,2c5cc1af74fc5f3955e44361b82b791710e4b63bbc69b0c15570617e2d86e543,-4.5,44.5,0.03579939618327038,0.22763002718251787,-4.46420060381673,44.72763002718252,historical_closing_late_benchmark_exact_horizon_opaque,2023,C0-MARKET-RESIDUAL-MARGIN-TOTAL-V1,5f148219527b07d85261d3f196ace97a5eb5646271d43596032a692389abc579,2c5cc1af74fc5f3955e44361b82b791710e4b63bbc69b0c15570617e2d86e543,True
2024_10_ATL_NO,2024,10,NO,ATL,0.5746124301467024,2.517387785895398,44.74285005138246,13.564518459577533,0.4495508965391338,0.4174213602675342,2023,A0-DYNAMIC-OPPONENT-ADJUSTED-JOINT-SCORE-V1,5f148219527b07d85261d3f196ace97a5eb5646271d43596032a692389abc579,2c5cc1af74fc5f3955e44361b82b791710e4b63bbc69b0c15570617e2d86e543,0.5672,3.0914,52.15,317.11975801580155,374.008500850085,-19.0,26.0,28.0,78.0,2023,B0-POSSESSION-DRIVE-SCORE-PROCESS-V1,5f148219527b07d85261d3f196ace97a5eb5646271d43596032a692389abc579,2c5cc1af74fc5f3955e44361b82b791710e4b63bbc69b0c15570617e2d86e543,-3.5,46.5,0.07103315551468073,0.2819013776571849,-3.4289668444853194,46.781901377657185,historical_closing_late_benchmark_exact_horizon_opaque,2023,C0-MARKET-RESIDUAL-MARGIN-TOTAL-V1,5f148219527b07d85261d3f196ace97a5eb5646271d43596032a692389abc579,2c5cc1af74fc5f3955e44361b82b791710e4b63bbc69b0c15570617e2d86e543,True
2024_10_BUF_IND,2024,10,IND,BUF,0.39332749996082333,-3.6216975896550565,47.22508662256924,13.564518459577533,-0.04164182536937677,-0.6926168723532327,2023,A0-DYNAMIC-OPPONENT-ADJUSTED-JOINT-SCORE-V1,5f148219527b07d85261d3f196ace97a5eb5646271d43596032a692389abc579,2c5cc1af74fc5f3955e44361b82b791710e4b63bbc69b0c15570617e2d86e543,0.3856,-5.2337,52.4455,331.5426385738574,378.1456443144315,-28.0,18.0,29.0,78.0,2023,B0-POSSESSION-DRIVE-SCORE-PROCESS-V1,5f148219527b07d85261d3f196ace97a5eb5646271d43596032a692389abc579,2c5cc1af74fc5f3955e44361b82b791710e4b63bbc69b0c15570617e2d86e543,-4.5,46.5,-0.13834491213314337,-0.05219881718142619,-4.638344912133143,46.44780118281857,historical_closing_late_benchmark_exact_horizon_opaque,2023,C0-MARKET-RESIDUAL-MARGIN-TOTAL-V1,5f148219527b07d85261d3f196ace97a5eb5646271d43596032a692389abc579,2c5cc1af74fc5f3955e44361b82b791710e4b63bbc69b0c15570617e2d86e543,True
2024_10_CIN_BAL,2024,10,BAL,CIN,0.6967566135379464,6.892557520266234,52.20248742071166,13.564518459577533,0.3444263679892938,0.460376864185608,2023,A0-DYNAMIC-OPPONENT-ADJUSTED-JOINT-SCORE-V1,5f148219527b07d85261d3f196ace97a5eb5646271d43596032a692389abc579,2c5cc1af74fc5f3955e44361b82b791710e4b63bbc69b0c15570617e2d86e543,0.71185,10.2373,54.7219,328.48443715371536,389.2628866786679,-13.0,33.0,30.0,81.0,2023,B0-POSSESSION-DRIVE-SCORE-PROCESS-V1,5f148219527b07d85261d3f196ace97a5eb5646271d43596032a692389abc579,2c5cc1af74fc5f3955e44361b82b791710e4b63bbc69b0c15570617e2d86e543,6.0,53.0,-0.07625338246259618,-0.3205671747663156,5.923746617537404,52.67943282523368,historical_closing_late_benchmark_exact_horizon_opaque,2023,C0-MARKET-RESIDUAL-MARGIN-TOTAL-V1,5f148219527b07d85261d3f196ace97a5eb5646271d43596032a692389abc579,2c5cc1af74fc5f3955e44361b82b791710e4b63bbc69b0c15570617e2d86e543,True
2024_10_DEN_KC,2024,10,KC,DEN,0.6643130846334305,5.677127573019334,43.94651745205893,13.564518459577533,-0.19493139077453253,0.4546237248448422,2023,A0-DYNAMIC-OPPONENT-ADJUSTED-JOINT-SCORE-V1,5f148219527b07d85261d3f196ace97a5eb5646271d43596032a692389abc579,2c5cc1af74fc5f3955e44361b82b791710e4b63bbc69b0c15570617e2d86e543,0.67855,7.6623,44.7869,270.06586529652964,304.8293713271327,-13.0,28.0,23.0,68.0,2023,B0-POSSESSION-DRIVE-SCORE-PROCESS-V1,5f148219527b07d85261d3f196ace97a5eb5646271d43596032a692389abc579,2c5cc1af74fc5f3955e44361b82b791710e4b63bbc69b0c15570617e2d86e543,7.5,42.5,-0.13882720310673005,0.11112405836217182,7.36117279689327,42.61112405836217,historical_closing_late_benchmark_exact_horizon_opaque,2023,C0-MARKET-RESIDUAL-MARGIN-TOTAL-V1,5f148219527b07d85261d3f196ace97a5eb5646271d43596032a692389abc579,2c5cc1af74fc5f3955e44361b82b791710e4b63bbc69b0c15570617e2d86e543,True
2024_10_DET_HOU,2024,10,HOU,DET,0.4612814594855331,-1.3007254900938143,47.47975828757731,13.564518459577533,-0.3254343512212732,0.10536623709755931,2023,A0-DYNAMIC-OPPONENT-ADJUSTED-JOINT-SCORE-V1,5f148219527b07d85261d3f196ace97a5eb5646271d43596032a692389abc579,2c5cc1af74fc5f3955e44361b82b791710e4b63bbc69b0c15570617e2d86e543,0.4641,-1.8257,54.6413,342.6971892289229,392.3412684368437,-25.0,22.0,30.0,81.0,2023,B0-POSSESSION-DRIVE-SCORE-PROCESS-V1,5f148219527b07d85261d3f196ace97a5eb5646271d43596032a692389abc579,2c5cc1af74fc5f3955e44361b82b791710e4b63bbc69b0c15570617e2d86e543,-4.5,49.0,-0.3318467342784943,0.3773220110165513,-4.8318467342784945,49.37732201101655,historical_closing_late_benchmark_exact_horizon_opaque,2023,C0-MARKET-RESIDUAL-MARGIN-TOTAL-V1,5f148219527b07d85261d3f196ace97a5eb5646271d43596032a692389abc579,2c5cc1af74fc5f3955e44361b82b791710e4b63bbc69b0c15570617e2d86e543,True
2024_10_MIA_LA,2024,10,LA,MIA,0.574195649082718,2.5031601344751735,46.774766644739934,13.564518459577533,0.0009686743527870245,0.1469120887748959,2023,A0-DYNAMIC-OPPONENT-ADJUSTED-JOINT-SCORE-V1,5f148219527b07d85261d3f196ace97a5eb5646271d43596032a692389abc579,2c5cc1af74fc5f3955e44361b82b791710e4b63bbc69b0c15570617e2d86e543,0.5912999999999999,4.2015,52.9829,332.009298679868,383.8577933693369,-19.0,27.0,29.0,79.0,2023,B0-POSSESSION-DRIVE-SCORE-PROCESS-V1,5f148219527b07d85261d3f196ace97a5eb5646271d43596032a692389abc579,2c5cc1af74fc5f3955e44361b82b791710e4b63bbc69b0c15570617e2d86e543,2.5,49.5,-0.15030081807862058,0.136480370719629,2.3496991819213795,49.63648037071963,historical_closing_late_benchmark_exact_horizon_opaque,2023,C0-MARKET-RESIDUAL-MARGIN-TOTAL-V1,5f148219527b07d85261d3f196ace97a5eb5646271d43596032a692389abc579,2c5cc1af74fc5f3955e44361b82b791710e4b63bbc69b0c15570617e2d86e543,True
2024_10_MIN_JAX,2024,10,JAX,MIN,0.5650809055576614,2.1926880268708047,45.63677879185961,13.564518459577533,0.11758605130580566,0.04257195616155374,2023,A0-DYNAMIC-OPPONENT-ADJUSTED-JOINT-SCORE-V1,5f148219527b07d85261d3f196ace97a5eb5646271d43596032a692389abc579,2c5cc1af74fc5f3955e44361b82b791710e4b63bbc69b0c15570617e2d86e543,0.43245,-2.9266,48.8804,298.861898629863,344.070702910291,-25.0,19.0,26.0,73.0,2023,B0-POSSESSION-DRIVE-SCORE-PROCESS-V1,5f148219527b07d85261d3f196ace97a5eb5646271d43596032a692389abc579,2c5cc1af74fc5f3955e44361b82b791710e4b63bbc69b0c15570617e2d86e543,-7.0,42.5,0.14559634229537488,-0.00961442639943269,-6.8544036577046255,42.49038557360057,historical_closing_late_benchmark_exact_horizon_opaque,2023,C0-MARKET-RESIDUAL-MARGIN-TOTAL-V1,5f148219527b07d85261d3f196ace97a5eb5646271d43596032a692389abc579,2c5cc1af74fc5f3955e44361b82b791710e4b63bbc69b0c15570617e2d86e543,True
2024_10_NE_CHI,2024,10,CHI,NE,0.65787471117198,5.441705992797431,38.87171457482969,13.564518459577533,0.5051866561228442,-0.028771123575781037,2023,A0-DYNAMIC-OPPONENT-ADJUSTED-JOINT-SCORE-V1,5f148219527b07d85261d3f196ace97a5eb5646271d43596032a692389abc579,2c5cc1af74fc5f3955e44361b82b791710e4b63bbc69b0c15570617e2d86e543,0.5312,1.2756,41.9158,256.0664512851285,282.95240560056004,-19.0,21.0,21.0,64.0,2023,B0-POSSESSION-DRIVE-SCORE-PROCESS-V1,5f148219527b07d85261d3f196ace97a5eb5646271d43596032a692389abc579,2c5cc1af74fc5f3955e44361b82b791710e4b63bbc69b0c15570617e2d86e543,6.5,37.5,-0.11757235174671969,0.5449735490317132,6.38242764825328,38.04497354903172,historical_closing_late_benchmark_exact_horizon_opaque,2023,C0-MARKET-RESIDUAL-MARGIN-TOTAL-V1,5f148219527b07d85261d3f196ace97a5eb5646271d43596032a692389abc579,2c5cc1af74fc5f3955e44361b82b791710e4b63bbc69b0c15570617e2d86e543,True
2024_10_NYG_CAR,2024,10,CAR,NYG,0.4834367532116737,-0.5557167178392852,39.13630683883933,13.564518459577533,-0.44997981891645894,-0.010614608390663291,2023,A0-DYNAMIC-OPPONENT-ADJUSTED-JOINT-SCORE-V1,5f148219527b07d85261d3f196ace97a5eb5646271d43596032a692389abc579,2c5cc1af74fc5f3955e44361b82b791710e4b63bbc69b0c15570617e2d86e543,0.5768,3.1294,42.4096,251.11756739673967,286.2896568056805,-17.0,23.0,22.0,65.0,2023,B0-POSSESSION-DRIVE-SCORE-PROCESS-V1,5f148219527b07d85261d3f196ace97a5eb5646271d43596032a692389abc579,2c5cc1af74fc5f3955e44361b82b791710e4b63bbc69b0c15570617e2d86e543,-6.5,40.5,-0.020007589623317154,0.7787175523113038,-6.520007589623317,41.278717552311306,historical_closing_late_benchmark_exact_horizon_opaque,2023,C0-MARKET-RESIDUAL-MARGIN-TOTAL-V1,5f148219527b07d85261d3f196ace97a5eb5646271d43596032a692389abc579,2c5cc1af74fc5f3955e44361b82b791710e4b63bbc69b0c15570617e2d86e543,True
2024_10_NYJ_ARI,2024,10,ARI,NYJ,0.5644971119314588,2.1728444199789116,43.45803558198202,13.564518459577533,0.31047822753534243,-0.6123065766831594,2023,A0-DYNAMIC-OPPONENT-ADJUSTED-JOINT-SCORE-V1,5f148219527b07d85261d3f196ace97a5eb5646271d43596032a692389abc579,2c5cc1af74fc5f3955e44361b82b791710e4b63bbc69b0c15570617e2d86e543,0.5943499999999999,4.3865,45.9095,286.0485226022602,319.44745449544956,-17.0,26.0,24.0,70.0,2023,B0-POSSESSION-DRIVE-SCORE-PROCESS-V1,5f148219527b07d85261d3f196ace97a5eb5646271d43596032a692389abc579,2c5cc1af74fc5f3955e44361b82b791710e4b63bbc69b0c15570617e2d86e543,-2.0,45.5,0.25541648190737815,0.09510542698688515,-1.744583518092622,45.59510542698688,historical_closing_late_benchmark_exact_horizon_opaque,2023,C0-MARKET-RESIDUAL-MARGIN-TOTAL-V1,5f148219527b07d85261d3f196ace97a5eb5646271d43596032a692389abc579,2c5cc1af74fc5f3955e44361b82b791710e4b63bbc69b0c15570617e2d86e543,True
2024_10_PHI_DAL,2024,10,DAL,PHI,0.5727948801774735,2.4553627341758,49.20357913689773,13.564518459577533,0.4047620064659588,0.5705304302907251,2023,A0-DYNAMIC-OPPONENT-ADJUSTED-JOINT-SCORE-V1,5f148219527b07d85261d3f196ace97a5eb5646271d43596032a692389abc579,2c5cc1af74fc5f3955e44361b82b791710e4b63bbc69b0c15570617e2d86e543,0.5532499999999999,2.5777,54.3751,341.38370108010804,401.05630562056206,-21.0,26.0,30.0,81.0,2023,B0-POSSESSION-DRIVE-SCORE-PROCESS-V1,5f148219527b07d85261d3f196ace97a5eb5646271d43596032a692389abc579,2c5cc1af74fc5f3955e44361b82b791710e4b63bbc69b0c15570617e2d86e543,-7.5,44.5,0.18479794916678943,-0.4911441905389826,-7.315202050833211,44.00885580946102,historical_closing_late_benchmark_exact_horizon_opaque,2023,C0-MARKET-RESIDUAL-MARGIN-TOTAL-V1,5f148219527b07d85261d3f196ace97a5eb5646271d43596032a692389abc579,2c5cc1af74fc5f3955e44361b82b791710e4b63bbc69b0c15570617e2d86e543,True
2024_10_PIT_WAS,2024,10,WAS,PIT,0.5048488604059518,0.16264231162570653,46.816121509413136,13.564518459577533,0.03072520283265684,-1.0265986302402301,2023,A0-DYNAMIC-OPPONENT-ADJUSTED-JOINT-SCORE-V1,5f148219527b07d85261d3f196ace97a5eb5646271d43596032a692389abc579,2c5cc1af74fc5f3955e44361b82b791710e4b63bbc69b0c15570617e2d86e543,0.47395,-1.3461,45.3479,281.78849363936394,324.06507209720974,-23.0,20.0,23.0,69.0,2023,B0-POSSESSION-DRIVE-SCORE-PROCESS-V1,5f148219527b07d85261d3f196ace97a5eb5646271d43596032a692389abc579,2c5cc1af74fc5f3955e44361b82b791710e4b63bbc69b0c15570617e2d86e543,1.5,45.0,0.2906832904381899,-0.6450109662807781,1.79068329043819,44.35498903371922,historical_closing_late_benchmark_exact_horizon_opaque,2023,C0-MARKET-RESIDUAL-MARGIN-TOTAL-V1,5f148219527b07d85261d3f196ace97a5eb5646271d43596032a692389abc579,2c5cc1af74fc5f3955e44361b82b791710e4b63bbc69b0c15570617e2d86e543,True
2024_10_SF_TB,2024,10,TB,SF,0.40924387878710333,-3.070844391395539,49.64344266770912,13.564518459577533,-0.43676353236938,-0.06418561408363727,2023,A0-DYNAMIC-OPPONENT-ADJUSTED-JOINT-SCORE-V1,5f148219527b07d85261d3f196ace97a5eb5646271d43596032a692389abc579,2c5cc1af74fc5f3955e44361b82b791710e4b63bbc69b0c15570617e2d86e543,0.43420000000000003,-3.1152,55.2936,348.8180107610761,411.5873577757776,-27.0,21.0,30.0,82.0,2023,B0-POSSESSION-DRIVE-SCORE-PROCESS-V1,5f148219527b07d85261d3f196ace97a5eb5646271d43596032a692389abc579,2c5cc1af74fc5f3955e44361b82b791710e4b63bbc69b0c15570617e2d86e543,-6.5,50.5,0.5108150962802399,-1.0033943021272458,-5.98918490371976,49.49660569787275,historical_closing_late_benchmark_exact_horizon_opaque,2023,C0-MARKET-RESIDUAL-MARGIN-TOTAL-V1,5f148219527b07d85261d3f196ace97a5eb5646271d43596032a692389abc579,2c5cc1af74fc5f3955e44361b82b791710e4b63bbc69b0c15570617e2d86e543,True
2024_10_TEN_LAC,2024,10,LAC,TEN,0.6329952256227512,4.546869918673494,40.08418755743077,13.564518459577533,0.07444660524601776,-0.016601707077640818,2023,A0-DYNAMIC-OPPONENT-ADJUSTED-JOINT-SCORE-V1,5f148219527b07d85261d3f196ace97a5eb5646271d43596032a692389abc579,2c5cc1af74fc5f3955e44361b82b791710e4b63bbc69b0c15570617e2d86e543,0.5863,4.0255,49.7355,303.9860483548355,355.601099859986,-18.0,26.0,27.0,75.0,2023,B0-POSSESSION-DRIVE-SCORE-PROCESS-V1,5f148219527b07d85261d3f196ace97a5eb5646271d43596032a692389abc579,2c5cc1af74fc5f3955e44361b82b791710e4b63bbc69b0c15570617e2d86e543,8.0,40.0,-0.23632181015605774,0.6128330015846654,7.763678189843942,40.61283300158467,historical_closing_late_benchmark_exact_horizon_opaque,2023,C0-MARKET-RESIDUAL-MARGIN-TOTAL-V1,5f148219527b07d85261d3f196ace97a5eb5646271d43596032a692389abc579,2c5cc1af74fc5f3955e44361b82b791710e4b63bbc69b0c15570617e2d86e543,True
2024_11_ATL_DEN,2024,11,DEN,ATL,0.5420123039224911,1.411772668059026,44.625245671729886,13.564518459577533,0.09247597871934235,0.24712453473472518,2023,A0-DYNAMIC-OPPONENT-ADJUSTED-JOINT-SCORE-V1,5f148219527b07d85261d3f196ace97a5eb5646271d43596032a692389abc579,2c5cc1af74fc5f3955e44361b82b791710e4b63bbc69b0c15570617e2d86e543,0.49435,-0.343,47.6184,277.1490659065907,327.54973641364137,-21.0,20.0,26.0,71.0,2023,B0-POSSESSION-DRIVE-SCORE-PROCESS-V1,5f148219527b07d85261d3f196ace97a5eb5646271d43596032a692389abc579,2c5cc1af74fc5f3955e44361b82b791710e4b63bbc69b0c15570617e2d86e543,2.0,44.5,-0.1679278591611321,0.24876956340097817,1.8320721408388678,44.74876956340098,historical_closing_late_benchmark_exact_horizon_opaque,2023,C0-MARKET-RESIDUAL-MARGIN-TOTAL-V1,5f148219527b07d85261d3f196ace97a5eb5646271d43596032a692389abc579,2c5cc1af74fc5f3955e44361b82b791710e4b63bbc69b0c15570617e2d86e543,True
2024_11_BAL_PIT,2024,11,PIT,BAL,0.39454748066760753,-3.5792690941905185,49.760848786314966,13.564518459577533,-0.6317985052074925,-0.11920917210057586,2023,A0-DYNAMIC-OPPONENT-ADJUSTED-JOINT-SCORE-V1,5f148219527b07d85261d3f196ace97a5eb5646271d43596032a692389abc579,2c5cc1af74fc5f3955e44361b82b791710e4b63bbc69b0c15570617e2d86e543,0.39894999999999997,-4.4534,50.1218,307.27695613561355,348.32459721972197,-27.0,17.100000000000364,27.0,75.0,2023,B0-POSSESSION-DRIVE-SCORE-PROCESS-V1,5f148219527b07d85261d3f196ace97a5eb5646271d43596032a692389abc579,2c5cc1af74fc5f3955e44361b82b791710e4b63bbc69b0c15570617e2d86e543,-3.0,48.0,-0.019222787949199738,-0.6103514101674631,-3.0192227879491997,47.38964858983254,historical_closing_late_benchmark_exact_horizon_opaque,2023,C0-MARKET-RESIDUAL-MARGIN-TOTAL-V1,5f148219527b07d85261d3f196ace97a5eb5646271d43596032a692389abc579,2c5cc1af74fc5f3955e44361b82b791710e4b63bbc69b0c15570617e2d86e543,True
2024_11_CIN_LAC,2024,11,LAC,CIN,0.49190413634172087,-0.2715664787186043,46.418602291943884,13.564518459577533,-0.3532814212653259,-0.1255375060237182,2023,A0-DYNAMIC-OPPONENT-ADJUSTED-JOINT-SCORE-V1,5f148219527b07d85261d3f196ace97a5eb5646271d43596032a692389abc579,2c5cc1af74fc5f3955e44361b82b791710e4b63bbc69b0c15570617e2d86e543,0.5479,2.2609,51.3135,312.1102422142214,370.0036181118112,-20.0,25.0,27.0,76.0,2023,B0-POSSESSION-DRIVE-SCORE-PROCESS-V1,5f148219527b07d85261d3f196ace97a5eb5646271d43596032a692389abc579,2c5cc1af74fc5f3955e44361b82b791710e4b63bbc69b0c15570617e2d86e543,1.0,48.0,0.0019167721319959252,-0.11466824386142363,1.001916772131996,47.88533175613858,historical_closing_late_benchmark_exact_horizon_opaque,2023,C0-MARKET-RESIDUAL-MARGIN-TOTAL-V1,5f148219527b07d85261d3f196ace97a5eb5646271d43596032a692389abc579,2c5cc1af74fc5f3955e44361b82b791710e4b63bbc69b0c15570617e2d86e543,True
2024_11_CLE_NO,2024,11,NO,CLE,0.5866256999339742,2.928777545438493,40.84206978610147,13.564518459577533,0.030507734422383914,0.2830190744114989,2023,A0-DYNAMIC-OPPONENT-ADJUSTED-JOINT-SCORE-V1,5f148219527b07d85261d3f196ace97a5eb5646271d43596032a692389abc579,2c5cc1af74fc5f3955e44361b82b791710e4b63bbc69b0c15570617e2d86e543,0.6861,8.1693,48.5795,301.653002810281,344.08568831883184,-14.0,30.0,26.0,73.0,2023,B0-POSSESSION-DRIVE-SCORE-PROCESS-V1,5f148219527b07d85261d3f196ace97a5eb5646271d43596032a692389abc579,2c5cc1af74fc5f3955e44361b82b791710e4b63bbc69b0c15570617e2d86e543,-1.0,44.0,0.5142275225827126,-0.2751886208678729,-0.48577247741728735,43.72481137913213,historical_closing_late_benchmark_exact_horizon_opaque,2023,C0-MARKET-RESIDUAL-MARGIN-TOTAL-V1,5f148219527b07d85261d3f196ace97a5eb5646271d43596032a692389abc579,2c5cc1af74fc5f3955e44361b82b791710e4b63bbc69b0c15570617e2d86e543,True
2024_11_GB_CHI,2024,11,CHI,GB,0.3997056486459529,-3.400269926639332,44.1232756190475,13.564518459577533,0.10052274985248984,-0.06596169353292083,2023,A0-DYNAMIC-OPPONENT-ADJUSTED-JOINT-SCORE-V1,5f148219527b07d85261d3f196ace97a5eb5646271d43596032a692389abc579,2c5cc1af74fc5f3955e44361b82b791710e4b63bbc69b0c15570617e2d86e543,0.4219,-3.3634,49.4654,314.3443748774878,348.89569240924095,-26.0,19.0,27.0,74.0,2023,B0-POSSESSION-DRIVE-SCORE-PROCESS-V1,5f148219527b07d85261d3f196ace97a5eb5646271d43596032a692389abc579,2c5cc1af74fc5f3955e44361b82b791710e4b63bbc69b0c15570617e2d86e543,-6.0,41.0,0.45598231972744674,-0.7694319557268897,-5.544017680272553,40.23056804427311,historical_closing_late_benchmark_exact_horizon_opaque,2023,C0-MARKET-RESIDUAL-MARGIN-TOTAL-V1,5f148219527b07d85261d3f196ace97a5eb5646271d43596032a692389abc579,2c5cc1af74fc5f3955e44361b82b791710e4b63bbc69b0c15570617e2d86e543,True
2024_11_HOU_DAL,2024,11,DAL,HOU,0.6039442605432159,3.5268645116521533,44.691971549017424,13.564518459577533,0.49152943297740326,0.2651312113772219,2023,A0-DYNAMIC-OPPONENT-ADJUSTED-JOINT-SCORE-V1,5f148219527b07d85261d3f196ace97a5eb5646271d43596032a692389abc579,2c5cc1af74fc5f3955e44361b82b791710e4b63bbc69b0c15570617e2d86e543,0.66535,7.7163,51.6803,315.5245667666767,356.50374228422845,-15.0,30.0,29.0,77.0,2023,B0-POSSESSION-DRIVE-SCORE-PROCESS-V1,5f148219527b07d85261d3f196ace97a5eb5646271d43596032a692389abc579,2c5cc1af74fc5f3955e44361b82b791710e4b63bbc69b0c15570617e2d86e543,-7.5,41.5,0.23847515607876413,-0.10502322299550546,-7.261524843921236,41.394976777004494,historical_closing_late_benchmark_exact_horizon_opaque,2023,C0-MARKET-RESIDUAL-MARGIN-TOTAL-V1,5f148219527b07d85261d3f196ace97a5eb5646271d43596032a692389abc579,2c5cc1af74fc5f3955e44361b82b791710e4b63bbc69b0c15570617e2d86e543,True
2024_11_IND_NYJ,2024,11,NYJ,IND,0.5748732143267105,2.5262916197846685,41.11052508403341,13.564518459577533,-0.3690684509760203,0.5854125605262617,2023,A0-DYNAMIC-OPPONENT-ADJUSTED-JOINT-SCORE-V1,5f148219527b07d85261d3f196ace97a5eb5646271d43596032a692389abc579,2c5cc1af74fc5f3955e44361b82b791710e4b63bbc69b0c15570617e2d86e543,0.4621,-1.5945,45.5471,280.65693544354434,306.6016417541754,-22.0,19.0,24.0,69.0,2023,B0-POSSESSION-DRIVE-SCORE-PROCESS-V1,5f148219527b07d85261d3f196ace97a5eb5646271d43596032a692389abc579,2c5cc1af74fc5f3955e44361b82b791710e4b63bbc69b0c15570617e2d86e543,4.0,43.0,-0.24036897409095317,0.5662746115194104,3.7596310259090466,43.56627461151941,historical_closing_late_benchmark_exact_horizon_opaque,2023,C0-MARKET-RESIDUAL-MARGIN-TOTAL-V1,5f148219527b07d85261d3f196ace97a5eb5646271d43596032a692389abc579,2c5cc1af74fc5f3955e44361b82b791710e4b63bbc69b0c15570617e2d86e543,True
2024_11_JAX_DET,2024,11,DET,JAX,0.6888971643228483,6.59324741706039,48.548683037868834,13.564518459577533,0.41106274733115866,-0.1808583727090323,2023,A0-DYNAMIC-OPPONENT-ADJUSTED-JOINT-SCORE-V1,5f148219527b07d85261d3f196ace97a5eb5646271d43596032a692389abc579,2c5cc1af74fc5f3955e44361b82b791710e4b63bbc69b0c15570617e2d86e543,0.62245,5.7847,54.6845,347.2650724172417,398.1855783078308,-18.0,30.0,30.0,81.0,2023,B0-POSSESSION-DRIVE-SCORE-PROCESS-V1,5f148219527b07d85261d3f196ace97a5eb5646271d43596032a692389abc579,2c5cc1af74fc5f3955e44361b82b791710e4b63bbc69b0c15570617e2d86e543,14.0,47.5,-0.31331528726062413,-0.16971237670439857,13.686684712739376,47.330287623295604,historical_closing_late_benchmark_exact_horizon_opaque,2023,C0-MARKET-RESIDUAL-MARGIN-TOTAL-V1,5f148219527b07d85261d3f196ace97a5eb5646271d43596032a692389abc579,2c5cc1af74fc5f3955e44361b82b791710e4b63bbc69b0c15570617e2d86e543,True
2024_11_KC_BUF,2024,11,BUF,KC,0.6214106649992832,4.13728639900377,48.41874433194512,13.564518459577533,0.43089660147539194,-0.14817982292110066,2023,A0-DYNAMIC-OPPONENT-ADJUSTED-JOINT-SCORE-V1,5f148219527b07d85261d3f196ace97a5eb5646271d43596032a692389abc579,2c5cc1af74fc5f3955e44361b82b791710e4b63bbc69b0c15570617e2d86e543,0.57335,3.0152,50.9428,315.26169512951293,372.2687550355036,-20.0,25.0,27.0,76.0,2023,B0-POSSESSION-DRIVE-SCORE-PROCESS-V1,5f148219527b07d85261d3f196ace97a5eb5646271d43596032a692389abc579,2c5cc1af74fc5f3955e44361b82b791710e4b63bbc69b0c15570617e2d86e543,2.5,46.5,-0.044846925596587844,-0.13171312174865477,2.455153074403412,46.36828687825135,historical_closing_late_benchmark_exact_horizon_opaque,2023,C0-MARKET-RESIDUAL-MARGIN-TOTAL-V1,5f148219527b07d85261d3f196ace97a5eb5646271d43596032a692389abc579,2c5cc1af74fc5f3955e44361b82b791710e4b63bbc69b0c15570617e2d86e543,True
2024_11_LA_NE,2024,11,NE,LA,0.4667985574036857,-1.1149165951527458,41.43782681980801,13.564518459577533,-0.6587286856861592,0.07137665365090368,2023,A0-DYNAMIC-OPPONENT-ADJUSTED-JOINT-SCORE-V1,5f148219527b07d85261d3f196ace97a5eb5646271d43596032a692389abc579,2c5cc1af74fc5f3955e44361b82b791710e4b63bbc69b0c15570617e2d86e543,0.50835,0.3162,45.5584,275.89640720072003,309.66235567556754,-21.0,21.0,24.0,69.0,2023,B0-POSSESSION-DRIVE-SCORE-PROCESS-V1,5f148219527b07d85261d3f196ace97a5eb5646271d43596032a692389abc579,2c5cc1af74fc5f3955e44361b82b791710e4b63bbc69b0c15570617e2d86e543,-4.0,42.5,-0.21602708041433144,0.6127299118453905,-4.216027080414332,43.11272991184539,historical_closing_late_benchmark_exact_horizon_opaque,2023,C0-MARKET-RESIDUAL-MARGIN-TOTAL-V1,5f148219527b07d85261d3f196ace97a5eb5646271d43596032a692389abc579,2c5cc1af74fc5f3955e44361b82b791710e4b63bbc69b0c15570617e2d86e543,True
2024_11_LV_MIA,2024,11,MIA,LV,0.5688193008074188,2.3198753408475277,43.31767122575282,13.564518459577533,0.2244620313770347,-0.3495176668253432,2023,A0-DYNAMIC-OPPONENT-ADJUSTED-JOINT-SCORE-V1,5f148219527b07d85261d3f196ace97a5eb5646271d43596032a692389abc579,2c5cc1af74fc5f3955e44361b82b791710e4b63bbc69b0c15570617e2d86e543,0.60515,4.7428,51.1646,317.542602420242,361.3428411241124,-17.0,28.0,28.0,76.0,2023,B0-POSSESSION-DRIVE-SCORE-PROCESS-V1,5f148219527b07d85261d3f196ace97a5eb5646271d43596032a692389abc579,2c5cc1af74fc5f3955e44361b82b791710e4b63bbc69b0c15570617e2d86e543,8.0,43.5,0.32404585666487506,-0.6725128254903362,8.324045856664876,42.82748717450966,historical_closing_late_benchmark_exact_horizon_opaque,2023,C0-MARKET-RESIDUAL-MARGIN-TOTAL-V1,5f148219527b07d85261d3f196ace97a5eb5646271d43596032a692389abc579,2c5cc1af74fc5f3955e44361b82b791710e4b63bbc69b0c15570617e2d86e543,True
2024_11_MIN_TEN,2024,11,TEN,MIN,0.4774441881484284,-0.7569604808335448,42.11833599941818,13.564518459577533,-0.21759603586125276,-0.04780418726667833,2023,A0-DYNAMIC-OPPONENT-ADJUSTED-JOINT-SCORE-V1,5f148219527b07d85261d3f196ace97a5eb5646271d43596032a692389abc579,2c5cc1af74fc5f3955e44361b82b791710e4b63bbc69b0c15570617e2d86e543,0.4231,-3.5143,47.2443,284.26842235223523,329.7577932893289,-25.0,17.0,25.0,71.0,2023,B0-POSSESSION-DRIVE-SCORE-PROCESS-V1,5f148219527b07d85261d3f196ace97a5eb5646271d43596032a692389abc579,2c5cc1af74fc5f3955e44361b82b791710e4b63bbc69b0c15570617e2d86e543,-6.0,40.0,-0.020309538491488283,0.336920723185559,-6.020309538491488,40.33692072318556,historical_closing_late_benchmark_exact_horizon_opaque,2023,C0-MARKET-RESIDUAL-MARGIN-TOTAL-V1,5f148219527b07d85261d3f196ace97a5eb5646271d43596032a692389abc579,2c5cc1af74fc5f3955e44361b82b791710e4b63bbc69b0c15570617e2d86e543,True
2024_11_SEA_SF,2024,11,SF,SEA,0.6602119496377117,5.526969571981425,49.55986043934585,13.564518459577533,0.3855089872443337,0.44538725309859756,2023,A0-DYNAMIC-OPPONENT-ADJUSTED-JOINT-SCORE-V1,5f148219527b07d85261d3f196ace97a5eb5646271d43596032a692389abc579,2c5cc1af74fc5f3955e44361b82b791710e4b63bbc69b0c15570617e2d86e543,0.6384,6.3599,54.8807,329.4825202420242,389.9152590359036,-16.0,29.0,30.0,81.0,2023,B0-POSSESSION-DRIVE-SCORE-PROCESS-V1,5f148219527b07d85261d3f196ace97a5eb5646271d43596032a692389abc579,2c5cc1af74fc5f3955e44361b82b791710e4b63bbc69b0c15570617e2d86e543,6.0,49.0,0.42022900162426735,-0.9726991108431803,6.420229001624268,48.02730088915682,historical_closing_late_benchmark_exact_horizon_opaque,2023,C0-MARKET-RESIDUAL-MARGIN-TOTAL-V1,5f148219527b07d85261d3f196ace97a5eb5646271d43596032a692389abc579,2c5cc1af74fc5f3955e44361b82b791710e4b63bbc69b0c15570617e2d86e543,True
2024_11_WAS_PHI,2024,11,PHI,WAS,0.6081502126212481,3.6731383365933503,49.02669889249091,13.564518459577533,0.33649681766258654,0.2859799281123764,2023,A0-DYNAMIC-OPPONENT-ADJUSTED-JOINT-SCORE-V1,5f148219527b07d85261d3f196ace97a5eb5646271d43596032a692389abc579,2c5cc1af74fc5f3955e44361b82b791710e4b63bbc69b0c15570617e2d86e543,0.6258,5.8116,51.4854,323.69927536753676,377.7633631763176,-17.0,29.0,27.0,78.0,2023,B0-POSSESSION-DRIVE-SCORE-PROCESS-V1,5f148219527b07d85261d3f196ace97a5eb5646271d43596032a692389abc579,2c5cc1af74fc5f3955e44361b82b791710e4b63bbc69b0c15570617e2d86e543,4.5,49.5,-0.14225792380669075,-0.023536262328504837,4.357742076193309,49.476463737671494,historical_closing_late_benchmark_exact_horizon_opaque,2023,C0-MARKET-RESIDUAL-MARGIN-TOTAL-V1,5f148219527b07d85261d3f196ace97a5eb5646271d43596032a692389abc579,2c5cc1af74fc5f3955e44361b82b791710e4b63bbc69b0c15570617e2d86e543,True
2024_12_ARI_SEA,2024,12,SEA,ARI,0.5024515709686782,0.08223001451268885,48.563435552156996,13.564518459577533,-0.17432937157201253,0.3369014355483034,2023,A0-DYNAMIC-OPPONENT-ADJUSTED-JOINT-SCORE-V1,5f148219527b07d85261d3f196ace97a5eb5646271d43596032a692389abc579,2c5cc1af74fc5f3955e44361b82b791710e4b63bbc69b0c15570617e2d86e543,0.5354,1.7192,51.6144,324.0673580958096,383.97070971097116,-21.0,24.0,27.0,78.0,2023,B0-POSSESSION-DRIVE-SCORE-PROCESS-V1,5f148219527b07d85261d3f196ace97a5eb5646271d43596032a692389abc579,2c5cc1af74fc5f3955e44361b82b791710e4b63bbc69b0c15570617e2d86e543,-1.0,46.5,0.391668471598542,-0.9498015752407966,-0.608331528401458,45.5501984247592,historical_closing_late_benchmark_exact_horizon_opaque,2023,C0-MARKET-RESIDUAL-MARGIN-TOTAL-V1,5f148219527b07d85261d3f196ace97a5eb5646271d43596032a692389abc579,2c5cc1af74fc5f3955e44361b82b791710e4b63bbc69b0c15570617e2d86e543,True
2024_12_BAL_LAC,2024,12,LAC,BAL,0.4013757258281131,-3.3424464635560867,48.45114588144521,13.564518459577533,-0.6977077892546197,-0.5859143702093262,2023,A0-DYNAMIC-OPPONENT-ADJUSTED-JOINT-SCORE-V1,5f148219527b07d85261d3f196ace97a5eb5646271d43596032a692389abc579,2c5cc1af74fc5f3955e44361b82b791710e4b63bbc69b0c15570617e2d86e543,0.3981,-4.7109,56.2373,343.1070318931893,408.9538840984099,-28.0,18.0,32.0,83.0,2023,B0-POSSESSION-DRIVE-SCORE-PROCESS-V1,5f148219527b07d85261d3f196ace97a5eb5646271d43596032a692389abc579,2c5cc1af74fc5f3955e44361b82b791710e4b63bbc69b0c15570617e2d86e543,-3.0,51.0,-0.23796888630836288,0.08764239675055625,-3.237968886308363,51.08764239675055,historical_closing_late_benchmark_exact_horizon_opaque,2023,C0-MARKET-RESIDUAL-MARGIN-TOTAL-V1,5f148219527b07d85261d3f196ace97a5eb5646271d43596032a692389abc579,2c5cc1af74fc5f3955e44361b82b791710e4b63bbc69b0c15570617e2d86e543,True
2024_12_DAL_WAS,2024,12,WAS,DAL,0.6102110801023436,3.7449702579764335,47.749558374146766,13.564518459577533,-0.7412588241285454,-0.8565103584031015,2023,A0-DYNAMIC-OPPONENT-ADJUSTED-JOINT-SCORE-V1,5f148219527b07d85261d3f196ace97a5eb5646271d43596032a692389abc579,2c5cc1af74fc5f3955e44361b82b791710e4b63bbc69b0c15570617e2d86e543,0.46805,-1.2607,51.7693,311.4520807180718,371.04698220822087,-24.0,21.0,28.0,77.0,2023,B0-POSSESSION-DRIVE-SCORE-PROCESS-V1,5f148219527b07d85261d3f196ace97a5eb5646271d43596032a692389abc579,2c5cc1af74fc5f3955e44361b82b791710e4b63bbc69b0c15570617e2d86e543,10.5,45.0,-0.7078364968188944,0.24188394476582484,9.792163503181106,45.241883944765824,historical_closing_late_benchmark_exact_horizon_opaque,2023,C0-MARKET-RESIDUAL-MARGIN-TOTAL-V1,5f148219527b07d85261d3f196ace97a5eb5646271d43596032a692389abc579,2c5cc1af74fc5f3955e44361b82b791710e4b63bbc69b0c15570617e2d86e543,True
2024_12_DEN_LV,2024,12,LV,DEN,0.520544734920092,0.6894071815227498,42.757228931318394,13.564518459577533,0.1027959327199901,0.2209314189081529,2023,A0-DYNAMIC-OPPONENT-ADJUSTED-JOINT-SCORE-V1,5f148219527b07d85261d3f196ace97a5eb5646271d43596032a692389abc579,2c5cc1af74fc5f3955e44361b82b791710e4b63bbc69b0c15570617e2d86e543,0.47265,-0.9984,45.7672,263.80217765776575,308.6112652865287,-21.0,19.0,24.0,69.0,2023,B0-POSSESSION-DRIVE-SCORE-PROCESS-V1,5f148219527b07d85261d3f196ace97a5eb5646271d43596032a692389abc579,2c5cc1af74fc5f3955e44361b82b791710e4b63bbc69b0c15570617e2d86e543,-6.5,41.5,0.07056423164026612,0.2570371176826657,-6.429435768359734,41.757037117682664,historical_closing_late_benchmark_exact_horizon_opaque,2023,C0-MARKET-RESIDUAL-MARGIN-TOTAL-V1,5f148219527b07d85261d3f196ace97a5eb5646271d43596032a692389abc579,2c5cc1af74fc5f3955e44361b82b791710e4b63bbc69b0c15570617e2d86e543,True
2024_12_DET_IND,2024,12,IND,DET,0.37148198879034555,-4.388089242313683,48.09634850109421,13.564518459577533,-0.26801305477050874,-0.21973813744542808,2023,A0-DYNAMIC-OPPONENT-ADJUSTED-JOINT-SCORE-V1,5f148219527b07d85261d3f196ace97a5eb5646271d43596032a692389abc579,2c5cc1af74fc5f3955e44361b82b791710e4b63bbc69b0c15570617e2d86e543,0.44805,-2.5914,58.4462,368.2090669466947,441.04180974097414,-27.0,21.0,33.0,87.0,2023,B0-POSSESSION-DRIVE-SCORE-PROCESS-V1,5f148219527b07d85261d3f196ace97a5eb5646271d43596032a692389abc579,2c5cc1af74fc5f3955e44361b82b791710e4b63bbc69b0c15570617e2d86e543,-7.0,50.5,-0.12057184006404269,0.03891155404715552,-7.120571840064042,50.538911554047154,historical_closing_late_benchmark_exact_horizon_opaque,2023,C0-MARKET-RESIDUAL-MARGIN-TOTAL-V1,5f148219527b07d85261d3f196ace97a5eb5646271d43596032a692389abc579,2c5cc1af74fc5f3955e44361b82b791710e4b63bbc69b0c15570617e2d86e543,True
2024_12_KC_CAR,2024,12,CAR,KC,0.41262929153085015,-2.9543774396194564,42.160521666274725,13.564518459577533,-0.33463739339342674,-0.4848671638994808,2023,A0-DYNAMIC-OPPONENT-ADJUSTED-JOINT-SCORE-V1,5f148219527b07d85261d3f196ace97a5eb5646271d43596032a692389abc579,2c5cc1af74fc5f3955e44361b82b791710e4b63bbc69b0c15570617e2d86e543,0.3791,-5.1095,46.1887,275.7410838583859,321.4354358535854,-26.0,16.0,24.0,70.0,2023,B0-POSSESSION-DRIVE-SCORE-PROCESS-V1,5f148219527b07d85261d3f196ace97a5eb5646271d43596032a692389abc579,2c5cc1af74fc5f3955e44361b82b791710e4b63bbc69b0c15570617e2d86e543,-11.0,43.0,-0.48672605018906456,1.3777795046450219,-11.486726050189064,44.37777950464502,historical_closing_late_benchmark_exact_horizon_opaque,2023,C0-MARKET-RESIDUAL-MARGIN-TOTAL-V1,5f148219527b07d85261d3f196ace97a5eb5646271d43596032a692389abc579,2c5cc1af74fc5f3955e44361b82b791710e4b63bbc69b0c15570617e2d86e543,True
2024_12_MIN_CHI,2024,12,CHI,MIN,0.515584840270119,0.5228727724127076,42.48597999663086,13.564518459577533,0.2409969674214698,0.08907978736941266,2023,A0-DYNAMIC-OPPONENT-ADJUSTED-JOINT-SCORE-V1,5f148219527b07d85261d3f196ace97a5eb5646271d43596032a692389abc579,2c5cc1af74fc5f3955e44361b82b791710e4b63bbc69b0c15570617e2d86e543,0.42265,-2.999,45.3548,270.0968086808681,321.838900850085,-24.0,18.0,23.0,70.0,2023,B0-POSSESSION-DRIVE-SCORE-PROCESS-V1,5f148219527b07d85261d3f196ace97a5eb5646271d43596032a692389abc579,2c5cc1af74fc5f3955e44361b82b791710e4b63bbc69b0c15570617e2d86e543,-3.0,39.5,-0.027793847074586306,0.1731494237120386,-3.0277938470745864,39.67314942371204,historical_closing_late_benchmark_exact_horizon_opaque,2023,C0-MARKET-RESIDUAL-MARGIN-TOTAL-V1,5f148219527b07d85261d3f196ace97a5eb5646271d43596032a692389abc579,2c5cc1af74fc5f3955e44361b82b791710e4b63bbc69b0c15570617e2d86e543,True
2024_12_NE_MIA,2024,12,MIA,NE,0.6889442366864684,6.595030133859964,43.69674085222472,13.564518459577533,0.6577600113333721,-0.21828874242579957,2023,A0-DYNAMIC-OPPONENT-ADJUSTED-JOINT-SCORE-V1,5f148219527b07d85261d3f196ace97a5eb5646271d43596032a692389abc579,2c5cc1af74fc5f3955e44361b82b791710e4b63bbc69b0c15570617e2d86e543,0.5365,1.463,45.9504,285.686799679968,314.73921376137616,-20.0,23.0,24.0,69.0,2023,B0-POSSESSION-DRIVE-SCORE-PROCESS-V1,5f148219527b07d85261d3f196ace97a5eb5646271d43596032a692389abc579,2c5cc1af74fc5f3955e44361b82b791710e4b63bbc69b0c15570617e2d86e543,7.5,46.0,-0.08848779713416415,0.4308878363773403,7.411512202865836,46.43088783637734,historical_closing_late_benchmark_exact_horizon_opaque,2023,C0-MARKET-RESIDUAL-MARGIN-TOTAL-V1,5f148219527b07d85261d3f196ace97a5eb5646271d43596032a692389abc579,2c5cc1af74fc5f3955e44361b82b791710e4b63bbc69b0c15570617e2d86e543,True
2024_12_PHI_LA,2024,12,LA,PHI,0.5250872620998465,0.8420210833766113,47.8657937761716,13.564518459577533,0.10455712305764914,0.3847936556577125,2023,A0-DYNAMIC-OPPONENT-ADJUSTED-JOINT-SCORE-V1,5f148219527b07d85261d3f196ace97a5eb5646271d43596032a692389abc579,2c5cc1af74fc5f3955e44361b82b791710e4b63bbc69b0c15570617e2d86e543,0.49985,-0.1694,52.9682,327.1656202020202,377.2871174717472,-24.0,23.0,29.0,79.0,2023,B0-POSSESSION-DRIVE-SCORE-PROCESS-V1,5f148219527b07d85261d3f196ace97a5eb5646271d43596032a692389abc579,2c5cc1af74fc5f3955e44361b82b791710e4b63bbc69b0c15570617e2d86e543,-3.0,49.0,0.19617820439046718,-0.3475533647424065,-2.803821795609533,48.65244663525759,historical_closing_late_benchmark_exact_horizon_opaque,2023,C0-MARKET-RESIDUAL-MARGIN-TOTAL-V1,5f148219527b07d85261d3f196ace97a5eb5646271d43596032a692389abc579,2c5cc1af74fc5f3955e44361b82b791710e4b63bbc69b0c15570617e2d86e543,True
2024_12_PIT_CLE,2024,12,CLE,PIT,0.477528133227331,-0.7541403405849962,41.23386594252345,13.564518459577533,0.4701196885004883,-0.4868731362065367,2023,A0-DYNAMIC-OPPONENT-ADJUSTED-JOINT-SCORE-V1,5f148219527b07d85261d3f196ace97a5eb5646271d43596032a692389abc579,2c5cc1af74fc5f3955e44361b82b791710e4b63bbc69b0c15570617e2d86e543,0.38070000000000004,-4.9386,44.084,274.75310535053507,303.537097709771,-26.0,16.0,23.0,67.0,2023,B0-POSSESSION-DRIVE-SCORE-PROCESS-V1,5f148219527b07d85261d3f196ace97a5eb5646271d43596032a692389abc579,2c5cc1af74fc5f3955e44361b82b791710e4b63bbc69b0c15570617e2d86e543,-3.5,36.5,-0.023577781136292067,0.13211444633945343,-3.523577781136292,36.63211444633945,historical_closing_late_benchmark_exact_horizon_opaque,2023,C0-MARKET-RESIDUAL-MARGIN-TOTAL-V1,5f148219527b07d85261d3f196ace97a5eb5646271d43596032a692389abc579,2c5cc1af74fc5f3955e44361b82b791710e4b63bbc69b0c15570617e2d86e543,True
2024_12_SF_GB,2024,12,GB,SF,0.5167873297876476,0.5632393821944213,50.9764959681426,13.564518459577533,-0.27275091852911887,-0.24232863759476309,2023,A0-DYNAMIC-OPPONENT-ADJUSTED-JOINT-SCORE-V1,5f148219527b07d85261d3f196ace97a5eb5646271d43596032a692389abc579,2c5cc1af74fc5f3955e44361b82b791710e4b63bbc69b0c15570617e2d86e543,0.5074,0.5742,56.4018,357.92368672867286,421.53190995099516,-23.0,25.0,31.0,83.0,2023,B0-POSSESSION-DRIVE-SCORE-PROCESS-V1,5f148219527b07d85261d3f196ace97a5eb5646271d43596032a692389abc579,2c5cc1af74fc5f3955e44361b82b791710e4b63bbc69b0c15570617e2d86e543,6.5,44.5,-0.360032356537087,-0.6312504382139559,6.139967643462913,43.868749561786046,historical_closing_late_benchmark_exact_horizon_opaque,2023,C0-MARKET-RESIDUAL-MARGIN-TOTAL-V1,5f148219527b07d85261d3f196ace97a5eb5646271d43596032a692389abc579,2c5cc1af74fc5f3955e44361b82b791710e4b63bbc69b0c15570617e2d86e543,True
2024_12_TB_NYG,2024,12,NYG,TB,0.4685829032669083,-1.054869783643472,44.62823928205286,13.564518459577533,0.010261789554753764,-0.32466491864085023,2023,A0-DYNAMIC-OPPONENT-ADJUSTED-JOINT-SCORE-V1,5f148219527b07d85261d3f196ace97a5eb5646271d43596032a692389abc579,2c5cc1af74fc5f3955e44361b82b791710e4b63bbc69b0c15570617e2d86e543,0.39740000000000003,-4.6629,47.6795,289.80624421442144,326.8046602160216,-27.0,17.0,26.0,72.0,2023,B0-POSSESSION-DRIVE-SCORE-PROCESS-V1,5f148219527b07d85261d3f196ace97a5eb5646271d43596032a692389abc579,2c5cc1af74fc5f3955e44361b82b791710e4b63bbc69b0c15570617e2d86e543,-6.5,40.5,0.012011348262275928,0.02185586581421045,-6.487988651737724,40.52185586581421,historical_closing_late_benchmark_exact_horizon_opaque,2023,C0-MARKET-RESIDUAL-MARGIN-TOTAL-V1,5f148219527b07d85261d3f196ace97a5eb5646271d43596032a692389abc579,2c5cc1af74fc5f3955e44361b82b791710e4b63bbc69b0c15570617e2d86e543,True
2024_12_TEN_HOU,2024,12,HOU,TEN,0.6460964074177488,5.015289105307307,41.92995964422505,13.564518459577533,0.4208104832769439,0.014884007816759082,2023,A0-DYNAMIC-OPPONENT-ADJUSTED-JOINT-SCORE-V1,5f148219527b07d85261d3f196ace97a5eb5646271d43596032a692389abc579,2c5cc1af74fc5f3955e44361b82b791710e4b63bbc69b0c15570617e2d86e543,0.5462,1.9509,47.8391,296.0054897389739,331.03911510151016,-20.0,24.0,26.0,72.0,2023,B0-POSSESSION-DRIVE-SCORE-PROCESS-V1,5f148219527b07d85261d3f196ace97a5eb5646271d43596032a692389abc579,2c5cc1af74fc5f3955e44361b82b791710e4b63bbc69b0c15570617e2d86e543,8.0,40.5,-0.11078347076885792,0.23593435551433167,7.889216529231142,40.73593435551433,historical_closing_late_benchmark_exact_horizon_opaque,2023,C0-MARKET-RESIDUAL-MARGIN-TOTAL-V1,5f148219527b07d85261d3f196ace97a5eb5646271d43596032a692389abc579,2c5cc1af74fc5f3955e44361b82b791710e4b63bbc69b0c15570617e2d86e543,True
2024_13_ARI_MIN,2024,13,MIN,ARI,0.5918242409627416,3.1076383843257602,46.92381061637783,13.564518459577533,-0.20204552042577772,0.38491857014980435,2023,A0-DYNAMIC-OPPONENT-ADJUSTED-JOINT-SCORE-V1,5f148219527b07d85261d3f196ace97a5eb5646271d43596032a692389abc579,2c5cc1af74fc5f3955e44361b82b791710e4b63bbc69b0c15570617e2d86e543,0.61595,5.2299,50.6933,308.93413940394043,357.2645615661566,-17.0,28.0,27.0,76.0,2023,B0-POSSESSION-DRIVE-SCORE-PROCESS-V1,5f148219527b07d85261d3f196ace97a5eb5646271d43596032a692389abc579,2c5cc1af74fc5f3955e44361b82b791710e4b63bbc69b0c15570617e2d86e543,3.5,45.5,-0.18385803057692846,-0.0012850216881516996,3.3161419694230716,45.498714978311845,historical_closing_late_benchmark_exact_horizon_opaque,2023,C0-MARKET-RESIDUAL-MARGIN-TOTAL-V1,5f148219527b07d85261d3f196ace97a5eb5646271d43596032a692389abc579,2c5cc1af74fc5f3955e44361b82b791710e4b63bbc69b0c15570617e2d86e543,True
2024_13_CHI_DET,2024,13,DET,CHI,0.7458341579706742,8.850792210985027,47.54397793266457,13.564518459577533,0.28765183121549454,-0.22736620391689122,2023,A0-DYNAMIC-OPPONENT-ADJUSTED-JOINT-SCORE-V1,5f148219527b07d85261d3f196ace97a5eb5646271d43596032a692389abc579,2c5cc1af74fc5f3955e44361b82b791710e4b63bbc69b0c15570617e2d86e543,0.6408499999999999,6.601,54.3684,339.8875877587759,392.3767191119112,-17.0,30.0,30.0,81.0,2023,B0-POSSESSION-DRIVE-SCORE-PROCESS-V1,5f148219527b07d85261d3f196ace97a5eb5646271d43596032a692389abc579,2c5cc1af74fc5f3955e44361b82b791710e4b63bbc69b0c15570617e2d86e543,9.5,47.5,-0.1033336105453175,-0.07154890197234476,9.396666389454683,47.42845109802766,historical_closing_late_benchmark_exact_horizon_opaque,2023,C0-MARKET-RESIDUAL-MARGIN-TOTAL-V1,5f148219527b07d85261d3f196ace97a5eb5646271d43596032a692389abc579,2c5cc1af74fc5f3955e44361b82b791710e4b63bbc69b0c15570617e2d86e543,True
2024_13_CLE_DEN,2024,13,DEN,CLE,0.6219749307879363,4.157143933222315,42.05705692897142,13.564518459577533,-0.3265671833974076,0.11272224887868991,2023,A0-DYNAMIC-OPPONENT-ADJUSTED-JOINT-SCORE-V1,5f148219527b07d85261d3f196ace97a5eb5646271d43596032a692389abc579,2c5cc1af74fc5f3955e44361b82b791710e4b63bbc69b0c15570617e2d86e543,0.62225,5.2342,43.5386,269.2086712271227,287.37124716471646,-15.0,27.0,23.0,66.0,2023,B0-POSSESSION-DRIVE-SCORE-PROCESS-V1,5f148219527b07d85261d3f196ace97a5eb5646271d43596032a692389abc579,2c5cc1af74fc5f3955e44361b82b791710e4b63bbc69b0c15570617e2d86e543,6.5,41.5,-0.012070845779821232,-0.04125308166020608,6.487929154220179,41.45874691833979,historical_closing_late_benchmark_exact_horizon_opaque,2023,C0-MARKET-RESIDUAL-MARGIN-TOTAL-V1,5f148219527b07d85261d3f196ace97a5eb5646271d43596032a692389abc579,2c5cc1af74fc5f3955e44361b82b791710e4b63bbc69b0c15570617e2d86e543,True
2024_13_HOU_JAX,2024,13,JAX,HOU,0.595339023096578,3.2288812820039503,44.59744611616175,13.564518459577533,-0.0856283961098855,0.07549213561147299,2023,A0-DYNAMIC-OPPONENT-ADJUSTED-JOINT-SCORE-V1,5f148219527b07d85261d3f196ace97a5eb5646271d43596032a692389abc579,2c5cc1af74fc5f3955e44361b82b791710e4b63bbc69b0c15570617e2d86e543,0.51875,0.8277,48.6597,306.49526223622365,343.9376896789679,-21.0,23.0,26.0,73.0,2023,B0-POSSESSION-DRIVE-SCORE-PROCESS-V1,5f148219527b07d85261d3f196ace97a5eb5646271d43596032a692389abc579,2c5cc1af74fc5f3955e44361b82b791710e4b63bbc69b0c15570617e2d86e543,-3.5,44.5,-0.4864154801295273,0.9990623149003899,-3.9864154801295273,45.49906231490039,historical_closing_late_benchmark_exact_horizon_opaque,2023,C0-MARKET-RESIDUAL-MARGIN-TOTAL-V1,5f148219527b07d85261d3f196ace97a5eb5646271d43596032a692389abc579,2c5cc1af74fc5f3955e44361b82b791710e4b63bbc69b0c15570617e2d86e543,True
2024_13_IND_NE,2024,13,NE,IND,0.5297250766691726,0.9979495544443289,40.75205288322272,13.564518459577533,-0.52482543256783,0.47587546493810035,2023,A0-DYNAMIC-OPPONENT-ADJUSTED-JOINT-SCORE-V1,5f148219527b07d85261d3f196ace97a5eb5646271d43596032a692389abc579,2c5cc1af74fc5f3955e44361b82b791710e4b63bbc69b0c15570617e2d86e543,0.55025,2.0902,46.4892,276.0266666266627,314.30691405140516,-19.0,23.0,24.0,70.0,2023,B0-POSSESSION-DRIVE-SCORE-PROCESS-V1,5f148219527b07d85261d3f196ace97a5eb5646271d43596032a692389abc579,2c5cc1af74fc5f3955e44361b82b791710e4b63bbc69b0c15570617e2d86e543,-2.5,41.5,-0.10614939848109703,0.5526263853827208,-2.606149398481097,42.05262638538272,historical_closing_late_benchmark_exact_horizon_opaque,2023,C0-MARKET-RESIDUAL-MARGIN-TOTAL-V1,5f148219527b07d85261d3f196ace97a5eb5646271d43596032a692389abc579,2c5cc1af74fc5f3955e44361b82b791710e4b63bbc69b0c15570617e2d86e543,True
2024_13_LAC_ATL,2024,13,ATL,LAC,0.6182687465652656,4.026881694822965,45.41546989848513,13.564518459577533,0.11698581043086562,-0.1545702239538216,2023,A0-DYNAMIC-OPPONENT-ADJUSTED-JOINT-SCORE-V1,5f148219527b07d85261d3f196ace97a5eb5646271d43596032a692389abc579,2c5cc1af74fc5f3955e44361b82b791710e4b63bbc69b0c15570617e2d86e543,0.51715,0.9333,55.0853,336.0256536753675,401.34695860586055,-22.0,24.0,30.0,81.0,2023,B0-POSSESSION-DRIVE-SCORE-PROCESS-V1,5f148219527b07d85261d3f196ace97a5eb5646271d43596032a692389abc579,2c5cc1af74fc5f3955e44361b82b791710e4b63bbc69b0c15570617e2d86e543,-1.0,47.0,-0.5882602404038388,1.2586930799233642,-1.5882602404038388,48.25869307992336,historical_closing_late_benchmark_exact_horizon_opaque,2023,C0-MARKET-RESIDUAL-MARGIN-TOTAL-V1,5f148219527b07d85261d3f196ace97a5eb5646271d43596032a692389abc579,2c5cc1af74fc5f3955e44361b82b791710e4b63bbc69b0c15570617e2d86e543,True
2024_13_LA_NO,2024,13,NO,LA,0.6190529430102775,4.0544118275225,46.049949047560034,13.564518459577533,0.02884827936997969,0.15197098467510342,2023,A0-DYNAMIC-OPPONENT-ADJUSTED-JOINT-SCORE-V1,5f148219527b07d85261d3f196ace97a5eb5646271d43596032a692389abc579,2c5cc1af74fc5f3955e44361b82b791710e4b63bbc69b0c15570617e2d86e543,0.5598,2.7648,53.051,330.13229418941893,382.1502140214022,-20.0,26.0,29.0,79.0,2023,B0-POSSESSION-DRIVE-SCORE-PROCESS-V1,5f148219527b07d85261d3f196ace97a5eb5646271d43596032a692389abc579,2c5cc1af74fc5f3955e44361b82b791710e4b63bbc69b0c15570617e2d86e543,-2.5,48.5,-0.4788460094666564,0.9598758951284625,-2.9788460094666562,49.45987589512846,historical_closing_late_benchmark_exact_horizon_opaque,2023,C0-MARKET-RESIDUAL-MARGIN-TOTAL-V1,5f148219527b07d85261d3f196ace97a5eb5646271d43596032a692389abc579,2c5cc1af74fc5f3955e44361b82b791710e4b63bbc69b0c15570617e2d86e543,True
2024_13_LV_KC,2024,13,KC,LV,0.6896972999281655,6.6235659697171165,44.96791695893977,13.564518459577533,-0.29772732349452263,0.2336923059366893,2023,A0-DYNAMIC-OPPONENT-ADJUSTED-JOINT-SCORE-V1,5f148219527b07d85261d3f196ace97a5eb5646271d43596032a692389abc579,2c5cc1af74fc5f3955e44361b82b791710e4b63bbc69b0c15570617e2d86e543,0.7035,9.6662,50.9044,313.39171673167317,366.07686832683265,-12.0,32.0,27.0,76.0,2023,B0-POSSESSION-DRIVE-SCORE-PROCESS-V1,5f148219527b07d85261d3f196ace97a5eb5646271d43596032a692389abc579,2c5cc1af74fc5f3955e44361b82b791710e4b63bbc69b0c15570617e2d86e543,13.5,42.0,-0.37209354417562573,0.04988884801112241,13.127906455824375,42.04988884801112,historical_closing_late_benchmark_exact_horizon_opaque,2023,C0-MARKET-RESIDUAL-MARGIN-TOTAL-V1,5f148219527b07d85261d3f196ace97a5eb5646271d43596032a692389abc579,2c5cc1af74fc5f3955e44361b82b791710e4b63bbc69b0c15570617e2d86e543,True
2024_13_MIA_GB,2024,13,GB,MIA,0.6204489221963105,4.103461890590577,49.50490552309424,13.564518459577533,-0.2530961050630178,0.25547931238293936,2023,A0-DYNAMIC-OPPONENT-ADJUSTED-JOINT-SCORE-V1,5f148219527b07d85261d3f196ace97a5eb5646271d43596032a692389abc579,2c5cc1af74fc5f3955e44361b82b791710e4b63bbc69b0c15570617e2d86e543,0.6127,5.5131,55.5377,353.3023586258626,421.2965083608361,-18.0,29.0,30.0,83.0,2023,B0-POSSESSION-DRIVE-SCORE-PROCESS-V1,5f148219527b07d85261d3f196ace97a5eb5646271d43596032a692389abc579,2c5cc1af74fc5f3955e44361b82b791710e4b63bbc69b0c15570617e2d86e543,3.5,47.5,-0.14977237481251945,-0.26621192517729697,3.3502276251874807,47.233788074822705,historical_closing_late_benchmark_exact_horizon_opaque,2023,C0-MARKET-RESIDUAL-MARGIN-TOTAL-V1,5f148219527b07d85261d3f196ace97a5eb5646271d43596032a692389abc579,2c5cc1af74fc5f3955e44361b82b791710e4b63bbc69b0c15570617e2d86e543,True
2024_13_NYG_DAL,2024,13,DAL,NYG,0.6529822415237705,5.263934444391154,43.589309477451856,13.564518459577533,0.7080204871096218,0.22369144615469355,2023,A0-DYNAMIC-OPPONENT-ADJUSTED-JOINT-SCORE-V1,5f148219527b07d85261d3f196ace97a5eb5646271d43596032a692389abc579,2c5cc1af74fc5f3955e44361b82b791710e4b63bbc69b0c15570617e2d86e543,0.7253,10.3243,48.6715,292.5773872487249,342.8498727372737,-11.0,32.0,26.0,73.0,2023,B0-POSSESSION-DRIVE-SCORE-PROCESS-V1,5f148219527b07d85261d3f196ace97a5eb5646271d43596032a692389abc579,2c5cc1af74fc5f3955e44361b82b791710e4b63bbc69b0c15570617e2d86e543,4.5,39.0,-0.049200878279820726,-0.07689477675584394,4.45079912172018,38.92310522324416,historical_closing_late_benchmark_exact_horizon_opaque,2023,C0-MARKET-RESIDUAL-MARGIN-TOTAL-V1,5f148219527b07d85261d3f196ace97a5eb5646271d43596032a692389abc579,2c5cc1af74fc5f3955e44361b82b791710e4b63bbc69b0c15570617e2d86e543,True
2024_13_PHI_BAL,2024,13,BAL,PHI,0.6629161641378878,5.625901680199743,51.804980870965636,13.564518459577533,0.2645764847122491,0.8598278742284295,2023,A0-DYNAMIC-OPPONENT-ADJUSTED-JOINT-SCORE-V1,5f148219527b07d85261d3f196ace97a5eb5646271d43596032a692389abc579,2c5cc1af74fc5f3955e44361b82b791710e4b63bbc69b0c15570617e2d86e543,0.60685,5.1096,55.7304,340.48963680368036,410.5327691169117,-18.0,28.0,31.0,82.0,2023,B0-POSSESSION-DRIVE-SCORE-PROCESS-V1,5f148219527b07d85261d3f196ace97a5eb5646271d43596032a692389abc579,2c5cc1af74fc5f3955e44361b82b791710e4b63bbc69b0c15570617e2d86e543,3.0,50.0,0.031632627983740225,-0.5747335633356281,3.0316326279837402,49.42526643666437,historical_closing_late_benchmark_exact_horizon_opaque,2023,C0-MARKET-RESIDUAL-MARGIN-TOTAL-V1,5f148219527b07d85261d3f196ace97a5eb5646271d43596032a692389abc579,2c5cc1af74fc5f3955e44361b82b791710e4b63bbc69b0c15570617e2d86e543,True
2024_13_PIT_CIN,2024,13,CIN,PIT,0.6197346297241948,4.078357183328965,46.52764366039315,13.564518459577533,0.28737213721819865,-0.34116769208503217,2023,A0-DYNAMIC-OPPONENT-ADJUSTED-JOINT-SCORE-V1,5f148219527b07d85261d3f196ace97a5eb5646271d43596032a692389abc579,2c5cc1af74fc5f3955e44361b82b791710e4b63bbc69b0c15570617e2d86e543,0.47995,-0.7963,47.2241,292.0494112511251,334.7613553255326,-23.0,21.0,25.0,71.0,2023,B0-POSSESSION-DRIVE-SCORE-PROCESS-V1,5f148219527b07d85261d3f196ace97a5eb5646271d43596032a692389abc579,2c5cc1af74fc5f3955e44361b82b791710e4b63bbc69b0c15570617e2d86e543,3.0,46.0,-0.380606902857345,0.5395404861625336,2.619393097142655,46.53954048616254,historical_closing_late_benchmark_exact_horizon_opaque,2023,C0-MARKET-RESIDUAL-MARGIN-TOTAL-V1,5f148219527b07d85261d3f196ace97a5eb5646271d43596032a692389abc579,2c5cc1af74fc5f3955e44361b82b791710e4b63bbc69b0c15570617e2d86e543,True
2024_13_SEA_NYJ,2024,13,NYJ,SEA,0.5752225764620761,2.538221483835134,43.41950064303933,13.564518459577533,-0.13614885596332987,0.275405141134856,2023,A0-DYNAMIC-OPPONENT-ADJUSTED-JOINT-SCORE-V1,5f148219527b07d85261d3f196ace97a5eb5646271d43596032a692389abc579,2c5cc1af74fc5f3955e44361b82b791710e4b63bbc69b0c15570617e2d86e543,0.43829999999999997,-2.5921,44.1935,264.6223798279828,302.323690119012,-23.0,18.0,23.0,67.0,2023,B0-POSSESSION-DRIVE-SCORE-PROCESS-V1,5f148219527b07d85261d3f196ace97a5eb5646271d43596032a692389abc579,2c5cc1af74fc5f3955e44361b82b791710e4b63bbc69b0c15570617e2d86e543,1.0,41.5,-0.6597629622394288,1.041078244736146,0.34023703776057124,42.54107824473615,historical_closing_late_benchmark_exact_horizon_opaque,2023,C0-MARKET-RESIDUAL-MARGIN-TOTAL-V1,5f148219527b07d85261d3f196ace97a5eb5646271d43596032a692389abc579,2c5cc1af74fc5f3955e44361b82b791710e4b63bbc69b0c15570617e2d86e543,True
2024_13_SF_BUF,2024,13,BUF,SF,0.637225312949854,4.697476548702294,50.36744512652615,13.564518459577533,-0.11094756686226648,-0.06277780013677065,2023,A0-DYNAMIC-OPPONENT-ADJUSTED-JOINT-SCORE-V1,5f148219527b07d85261d3f196ace97a5eb5646271d43596032a692389abc579,2c5cc1af74fc5f3955e44361b82b791710e4b63bbc69b0c15570617e2d86e543,0.59705,4.6533,54.4447,340.0751066206621,403.8949314031403,-18.0,28.0,30.0,81.0,2023,B0-POSSESSION-DRIVE-SCORE-PROCESS-V1,5f148219527b07d85261d3f196ace97a5eb5646271d43596032a692389abc579,2c5cc1af74fc5f3955e44361b82b791710e4b63bbc69b0c15570617e2d86e543,6.5,45.0,-0.7420302090338662,0.24234256761903547,5.757969790966134,45.24234256761903,historical_closing_late_benchmark_exact_horizon_opaque,2023,C0-MARKET-RESIDUAL-MARGIN-TOTAL-V1,5f148219527b07d85261d3f196ace97a5eb5646271d43596032a692389abc579,2c5cc1af74fc5f3955e44361b82b791710e4b63bbc69b0c15570617e2d86e543,True
2024_13_TB_CAR,2024,13,CAR,TB,0.3816321866875684,-4.030358605861533,43.99007522092563,13.564518459577533,-0.4397180293617052,-0.33527952703151354,2023,A0-DYNAMIC-OPPONENT-ADJUSTED-JOINT-SCORE-V1,5f148219527b07d85261d3f196ace97a5eb5646271d43596032a692389abc579,2c5cc1af74fc5f3955e44361b82b791710e4b63bbc69b0c15570617e2d86e543,0.43284999999999996,-2.8272,48.72,298.87522768276824,346.5146514651465,-25.0,19.0,26.0,73.0,2023,B0-POSSESSION-DRIVE-SCORE-PROCESS-V1,5f148219527b07d85261d3f196ace97a5eb5646271d43596032a692389abc579,2c5cc1af74fc5f3955e44361b82b791710e4b63bbc69b0c15570617e2d86e543,-6.5,46.0,-0.1363902297233124,0.510193084259638,-6.636390229723313,46.51019308425964,historical_closing_late_benchmark_exact_horizon_opaque,2023,C0-MARKET-RESIDUAL-MARGIN-TOTAL-V1,5f148219527b07d85261d3f196ace97a5eb5646271d43596032a692389abc579,2c5cc1af74fc5f3955e44361b82b791710e4b63bbc69b0c15570617e2d86e543,True
2024_13_TEN_WAS,2024,13,WAS,TEN,0.647495878807361,5.065680790707745,44.950173413337026,13.564518459577533,0.17108109212580186,-0.5764951392091205,2023,A0-DYNAMIC-OPPONENT-ADJUSTED-JOINT-SCORE-V1,5f148219527b07d85261d3f196ace97a5eb5646271d43596032a692389abc579,2c5cc1af74fc5f3955e44361b82b791710e4b63bbc69b0c15570617e2d86e543,0.5497000000000001,2.4636,49.3354,300.02627766776675,343.6158684268427,-20.0,24.100000000000364,27.0,74.0,2023,B0-POSSESSION-DRIVE-SCORE-PROCESS-V1,5f148219527b07d85261d3f196ace97a5eb5646271d43596032a692389abc579,2c5cc1af74fc5f3955e44361b82b791710e4b63bbc69b0c15570617e2d86e543,6.0,45.0,-0.1338070234487148,0.3021992255001457,5.866192976551285,45.302199225500146,historical_closing_late_benchmark_exact_horizon_opaque,2023,C0-MARKET-RESIDUAL-MARGIN-TOTAL-V1,5f148219527b07d85261d3f196ace97a5eb5646271d43596032a692389abc579,2c5cc1af74fc5f3955e44361b82b791710e4b63bbc69b0c15570617e2d86e543,True
2024_14_ATL_MIN,2024,14,MIN,ATL,0.6185735412753267,4.037579838015841,45.745167258382054,13.564518459577533,0.02616362018436938,0.21897611829814076,2023,A0-DYNAMIC-OPPONENT-ADJUSTED-JOINT-SCORE-V1,5f148219527b07d85261d3f196ace97a5eb5646271d43596032a692389abc579,2c5cc1af74fc5f3955e44361b82b791710e4b63bbc69b0c15570617e2d86e543,0.62515,5.6122,52.1932,315.2161327732773,365.07818157815785,-17.0,28.0,29.0,77.0,2023,B0-POSSESSION-DRIVE-SCORE-PROCESS-V1,5f148219527b07d85261d3f196ace97a5eb5646271d43596032a692389abc579,2c5cc1af74fc5f3955e44361b82b791710e4b63bbc69b0c15570617e2d86e543,6.0,46.5,-0.20273861494070983,0.24325716295813848,5.79726138505929,46.74325716295814,historical_closing_late_benchmark_exact_horizon_opaque,2023,C0-MARKET-RESIDUAL-MARGIN-TOTAL-V1,5f148219527b07d85261d3f196ace97a5eb5646271d43596032a692389abc579,2c5cc1af74fc5f3955e44361b82b791710e4b63bbc69b0c15570617e2d86e543,True
2024_14_BUF_LA,2024,14,LA,BUF,0.47198454313893967,-0.9404555935645611,49.56482089784764,13.564518459577533,0.09226142774895241,-0.28811806106603594,2023,A0-DYNAMIC-OPPONENT-ADJUSTED-JOINT-SCORE-V1,5f148219527b07d85261d3f196ace97a5eb5646271d43596032a692389abc579,2c5cc1af74fc5f3955e44361b82b791710e4b63bbc69b0c15570617e2d86e543,0.44715,-2.7107,52.6379,327.6887743874388,392.7258561756176,-25.0,20.0,28.0,79.0,2023,B0-POSSESSION-DRIVE-SCORE-PROCESS-V1,5f148219527b07d85261d3f196ace97a5eb5646271d43596032a692389abc579,2c5cc1af74fc5f3955e44361b82b791710e4b63bbc69b0c15570617e2d86e543,-3.5,49.5,-0.0699165719800436,-0.19038777994602266,-3.5699165719800434,49.30961222005398,historical_closing_late_benchmark_exact_horizon_opaque,2023,C0-MARKET-RESIDUAL-MARGIN-TOTAL-V1,5f148219527b07d85261d3f196ace97a5eb5646271d43596032a692389abc579,2c5cc1af74fc5f3955e44361b82b791710e4b63bbc69b0c15570617e2d86e543,True
2024_14_CAR_PHI,2024,14,PHI,CAR,0.7328686281307114,8.31654245937742,44.36913564890504,13.564518459577533,0.7532382995601219,-0.3362243757453683,2023,A0-DYNAMIC-OPPONENT-ADJUSTED-JOINT-SCORE-V1,5f148219527b07d85261d3f196ace97a5eb5646271d43596032a692389abc579,2c5cc1af74fc5f3955e44361b82b791710e4b63bbc69b0c15570617e2d86e543,0.7003,9.1434,50.1122,308.8709235323533,356.46725788578857,-13.0,31.0,27.0,75.0,2023,B0-POSSESSION-DRIVE-SCORE-PROCESS-V1,5f148219527b07d85261d3f196ace97a5eb5646271d43596032a692389abc579,2c5cc1af74fc5f3955e44361b82b791710e4b63bbc69b0c15570617e2d86e543,14.0,44.5,-0.21604392066791048,0.322539264872022,13.78395607933209,44.82253926487202,historical_closing_late_benchmark_exact_horizon_opaque,2023,C0-MARKET-RESIDUAL-MARGIN-TOTAL-V1,5f148219527b07d85261d3f196ace97a5eb5646271d43596032a692389abc579,2c5cc1af74fc5f3955e44361b82b791710e4b63bbc69b0c15570617e2d86e543,True
2024_14_CHI_SF,2024,14,SF,CHI,0.6524863546045939,5.245968291918537,45.53973869855898,13.564518459577533,0.17222816867662905,0.30829033112768395,2023,A0-DYNAMIC-OPPONENT-ADJUSTED-JOINT-SCORE-V1,5f148219527b07d85261d3f196ace97a5eb5646271d43596032a692389abc579,2c5cc1af74fc5f3955e44361b82b791710e4b63bbc69b0c15570617e2d86e543,0.6403500000000001,6.2822,49.2692,301.389502110211,343.9485262126213,-15.0,28.0,27.0,74.0,2023,B0-POSSESSION-DRIVE-SCORE-PROCESS-V1,5f148219527b07d85261d3f196ace97a5eb5646271d43596032a692389abc579,2c5cc1af74fc5f3955e44361b82b791710e4b63bbc69b0c15570617e2d86e543,3.0,43.5,0.17697007331862902,-0.3907685945473902,3.1769700733186292,43.10923140545261,historical_closing_late_benchmark_exact_horizon_opaque,2023,C0-MARKET-RESIDUAL-MARGIN-TOTAL-V1,5f148219527b07d85261d3f196ace97a5eb5646271d43596032a692389abc579,2c5cc1af74fc5f3955e44361b82b791710e4b63bbc69b0c15570617e2d86e543,True
2024_14_CIN_DAL,2024,14,DAL,CIN,0.5653280435690657,2.2010898936906678,48.0317674067183,13.564518459577533,0.4846118897430035,0.17107942024790362,2023,A0-DYNAMIC-OPPONENT-ADJUSTED-JOINT-SCORE-V1,5f148219527b07d85261d3f196ace97a5eb5646271d43596032a692389abc579,2c5cc1af74fc5f3955e44361b82b791710e4b63bbc69b0c15570617e2d86e543,0.6232500000000001,5.9058,54.6452,340.08053441344134,373.85410237023706,-17.0,30.0,31.0,80.0,2023,B0-POSSESSION-DRIVE-SCORE-PROCESS-V1,5f148219527b07d85261d3f196ace97a5eb5646271d43596032a692389abc579,2c5cc1af74fc5f3955e44361b82b791710e4b63bbc69b0c15570617e2d86e543,-5.0,51.0,-0.11698718737828767,0.38978516594468954,-5.116987187378288,51.38978516594469,historical_closing_late_benchmark_exact_horizon_opaque,2023,C0-MARKET-RESIDUAL-MARGIN-TOTAL-V1,5f148219527b07d85261d3f196ace97a5eb5646271d43596032a692389abc579,2c5cc1af74fc5f3955e44361b82b791710e4b63bbc69b0c15570617e2d86e543,True
2024_14_CLE_PIT,2024,14,PIT,CLE,0.6785173621702455,6.202920745858858,42.46190346647755,13.564518459577533,-0.4701196885004883,0.4868731362065367,2023,A0-DYNAMIC-OPPONENT-ADJUSTED-JOINT-SCORE-V1,5f148219527b07d85261d3f196ace97a5eb5646271d43596032a692389abc579,2c5cc1af74fc5f3955e44361b82b791710e4b63bbc69b0c15570617e2d86e543,0.704,8.9615,46.6153,288.75829357935794,325.66427233723374,-13.0,31.0,24.0,70.0,2023,B0-POSSESSION-DRIVE-SCORE-PROCESS-V1,5f148219527b07d85261d3f196ace97a5eb5646271d43596032a692389abc579,2c5cc1af74fc5f3955e44361b82b791710e4b63bbc69b0c15570617e2d86e543,6.0,43.0,-0.25447079306365555,0.4802559269332204,5.745529206936345,43.48025592693322,historical_closing_late_benchmark_exact_horizon_opaque,2023,C0-MARKET-RESIDUAL-MARGIN-TOTAL-V1,5f148219527b07d85261d3f196ace97a5eb5646271d43596032a692389abc579,2c5cc1af74fc5f3955e44361b82b791710e4b63bbc69b0c15570617e2d86e543,True
2024_14_GB_DET,2024,14,DET,GB,0.6071374116034803,3.637875849959425,52.099507507434154,13.564518459577533,0.38817458106798436,-0.2933278974498121,2023,A0-DYNAMIC-OPPONENT-ADJUSTED-JOINT-SCORE-V1,5f148219527b07d85261d3f196ace97a5eb5646271d43596032a692389abc579,2c5cc1af74fc5f3955e44361b82b791710e4b63bbc69b0c15570617e2d86e543,0.50255,0.0124,60.022,389.88263450345033,468.16293229322935,-25.0,25.0,33.0,88.0,2023,B0-POSSESSION-DRIVE-SCORE-PROCESS-V1,5f148219527b07d85261d3f196ace97a5eb5646271d43596032a692389abc579,2c5cc1af74fc5f3955e44361b82b791710e4b63bbc69b0c15570617e2d86e543,3.0,53.0,-0.07883712020778233,-0.2836734529663846,2.9211628797922176,52.71632654703362,historical_closing_late_benchmark_exact_horizon_opaque,2023,C0-MARKET-RESIDUAL-MARGIN-TOTAL-V1,5f148219527b07d85261d3f196ace97a5eb5646271d43596032a692389abc579,2c5cc1af74fc5f3955e44361b82b791710e4b63bbc69b0c15570617e2d86e543,True
2024_14_JAX_TEN,2024,14,TEN,JAX,0.5190471693646136,0.6391145484345877,43.68861482669867,13.564518459577533,-0.33518208716705844,-0.09037614342823207,2023,A0-DYNAMIC-OPPONENT-ADJUSTED-JOINT-SCORE-V1,5f148219527b07d85261d3f196ace97a5eb5646271d43596032a692389abc579,2c5cc1af74fc5f3955e44361b82b791710e4b63bbc69b0c15570617e2d86e543,0.56935,2.9912,48.4586,302.2511476747675,337.53043908390833,-19.0,25.0,26.0,73.0,2023,B0-POSSESSION-DRIVE-SCORE-PROCESS-V1,5f148219527b07d85261d3f196ace97a5eb5646271d43596032a692389abc579,2c5cc1af74fc5f3955e44361b82b791710e4b63bbc69b0c15570617e2d86e543,3.0,40.0,-0.2583821935099236,0.12264350980408388,2.7416178064900762,40.122643509804085,historical_closing_late_benchmark_exact_horizon_opaque,2023,C0-MARKET-RESIDUAL-MARGIN-TOTAL-V1,5f148219527b07d85261d3f196ace97a5eb5646271d43596032a692389abc579,2c5cc1af74fc5f3955e44361b82b791710e4b63bbc69b0c15570617e2d86e543,True
2024_14_LAC_KC,2024,14,KC,LAC,0.6609092891087753,5.552452218243992,45.16695797517663,13.564518459577533,0.014530398375675435,0.5471780356257457,2023,A0-DYNAMIC-OPPONENT-ADJUSTED-JOINT-SCORE-V1,5f148219527b07d85261d3f196ace97a5eb5646271d43596032a692389abc579,2c5cc1af74fc5f3955e44361b82b791710e4b63bbc69b0c15570617e2d86e543,0.5987,4.7961,51.4719,319.783503140314,370.4198523752375,-17.0,28.0,28.0,77.0,2023,B0-POSSESSION-DRIVE-SCORE-PROCESS-V1,5f148219527b07d85261d3f196ace97a5eb5646271d43596032a692389abc579,2c5cc1af74fc5f3955e44361b82b791710e4b63bbc69b0c15570617e2d86e543,5.0,43.5,-0.28077548347949455,0.4067417102170554,4.719224516520505,43.906741710217055,historical_closing_late_benchmark_exact_horizon_opaque,2023,C0-MARKET-RESIDUAL-MARGIN-TOTAL-V1,5f148219527b07d85261d3f196ace97a5eb5646271d43596032a692389abc579,2c5cc1af74fc5f3955e44361b82b791710e4b63bbc69b0c15570617e2d86e543,True
2024_14_LV_TB,2024,14,TB,LV,0.6458739144764689,5.007284223024172,45.323883854760226,13.564518459577533,-0.1926466875262442,0.08410466906872202,2023,A0-DYNAMIC-OPPONENT-ADJUSTED-JOINT-SCORE-V1,5f148219527b07d85261d3f196ace97a5eb5646271d43596032a692389abc579,2c5cc1af74fc5f3955e44361b82b791710e4b63bbc69b0c15570617e2d86e543,0.65315,7.0976,53.7368,330.7399482348235,375.91111687168717,-16.0,31.0,30.0,79.0,2023,B0-POSSESSION-DRIVE-SCORE-PROCESS-V1,5f148219527b07d85261d3f196ace97a5eb5646271d43596032a692389abc579,2c5cc1af74fc5f3955e44361b82b791710e4b63bbc69b0c15570617e2d86e543,7.0,47.0,-0.061245638174983075,0.053139123414026976,6.938754361825017,47.05313912341403,historical_closing_late_benchmark_exact_horizon_opaque,2023,C0-MARKET-RESIDUAL-MARGIN-TOTAL-V1,5f148219527b07d85261d3f196ace97a5eb5646271d43596032a692389abc579,2c5cc1af74fc5f3955e44361b82b791710e4b63bbc69b0c15570617e2d86e543,True
2024_14_NO_NYG,2024,14,NYG,NO,0.49967226113412166,-0.010992871694327278,42.32232946036861,13.564518459577533,-0.43666388307129184,-0.18992565619678434,2023,A0-DYNAMIC-OPPONENT-ADJUSTED-JOINT-SCORE-V1,5f148219527b07d85261d3f196ace97a5eb5646271d43596032a692389abc579,2c5cc1af74fc5f3955e44361b82b791710e4b63bbc69b0c15570617e2d86e543,0.35264999999999996,-6.6879,46.3395,284.6411577057706,318.4184815981598,-29.0,14.0,24.0,70.0,2023,B0-POSSESSION-DRIVE-SCORE-PROCESS-V1,5f148219527b07d85261d3f196ace97a5eb5646271d43596032a692389abc579,2c5cc1af74fc5f3955e44361b82b791710e4b63bbc69b0c15570617e2d86e543,-5.5,41.0,-0.2579754214899793,0.5918480848008763,-5.757975421489979,41.59184808480087,historical_closing_late_benchmark_exact_horizon_opaque,2023,C0-MARKET-RESIDUAL-MARGIN-TOTAL-V1,5f148219527b07d85261d3f196ace97a5eb5646271d43596032a692389abc579,2c5cc1af74fc5f3955e44361b82b791710e4b63bbc69b0c15570617e2d86e543,True
2024_14_NYJ_MIA,2024,14,MIA,NYJ,0.6916624452868545,6.69817375507602,44.64065873392056,13.564518459577533,0.5020030297415625,-0.3278258380139609,2023,A0-DYNAMIC-OPPONENT-ADJUSTED-JOINT-SCORE-V1,5f148219527b07d85261d3f196ace97a5eb5646271d43596032a692389abc579,2c5cc1af74fc5f3955e44361b82b791710e4b63bbc69b0c15570617e2d86e543,0.6426,6.1476,45.5598,287.98441268126817,316.8749114511451,-15.0,28.0,24.0,69.0,2023,B0-POSSESSION-DRIVE-SCORE-PROCESS-V1,5f148219527b07d85261d3f196ace97a5eb5646271d43596032a692389abc579,2c5cc1af74fc5f3955e44361b82b791710e4b63bbc69b0c15570617e2d86e543,6.5,45.0,-0.2977629767406238,0.570046235159748,6.202237023259376,45.57004623515975,historical_closing_late_benchmark_exact_horizon_opaque,2023,C0-MARKET-RESIDUAL-MARGIN-TOTAL-V1,5f148219527b07d85261d3f196ace97a5eb5646271d43596032a692389abc579,2c5cc1af74fc5f3955e44361b82b791710e4b63bbc69b0c15570617e2d86e543,True
2024_14_SEA_ARI,2024,14,ARI,SEA,0.5738151176693166,2.490172408387039,47.42182723607148,13.564518459577533,0.17432937157201253,-0.3369014355483034,2023,A0-DYNAMIC-OPPONENT-ADJUSTED-JOINT-SCORE-V1,5f148219527b07d85261d3f196ace97a5eb5646271d43596032a692389abc579,2c5cc1af74fc5f3955e44361b82b791710e4b63bbc69b0c15570617e2d86e543,0.5039,0.1114,50.8038,319.5591459545954,381.73727928792886,-23.0,22.0,27.0,76.0,2023,B0-POSSESSION-DRIVE-SCORE-PROCESS-V1,5f148219527b07d85261d3f196ace97a5eb5646271d43596032a692389abc579,2c5cc1af74fc5f3955e44361b82b791710e4b63bbc69b0c15570617e2d86e543,3.0,45.5,-0.13888961240207562,-0.06675217287378829,2.8611103875979245,45.43324782712621,historical_closing_late_benchmark_exact_horizon_opaque,2023,C0-MARKET-RESIDUAL-MARGIN-TOTAL-V1,5f148219527b07d85261d3f196ace97a5eb5646271d43596032a692389abc579,2c5cc1af74fc5f3955e44361b82b791710e4b63bbc69b0c15570617e2d86e543,True
2024_15_ATL_LV,2024,15,LV,ATL,0.5495577156670889,1.666541072346412,44.589296897656986,13.564518459577533,0.19527191143933245,0.4680559536428781,2023,A0-DYNAMIC-OPPONENT-ADJUSTED-JOINT-SCORE-V1,5f148219527b07d85261d3f196ace97a5eb5646271d43596032a692389abc579,2c5cc1af74fc5f3955e44361b82b791710e4b63bbc69b0c15570617e2d86e543,0.47085,-1.2011,54.1315,323.1577745674567,375.0307108210821,-24.0,22.0,30.0,80.0,2023,B0-POSSESSION-DRIVE-SCORE-PROCESS-V1,5f148219527b07d85261d3f196ace97a5eb5646271d43596032a692389abc579,2c5cc1af74fc5f3955e44361b82b791710e4b63bbc69b0c15570617e2d86e543,-6.5,44.5,0.10849464977804085,0.23106208515544194,-6.391505350221959,44.73106208515544,historical_closing_late_benchmark_exact_horizon_opaque,2023,C0-MARKET-RESIDUAL-MARGIN-TOTAL-V1,5f148219527b07d85261d3f196ace97a5eb5646271d43596032a692389abc579,2c5cc1af74fc5f3955e44361b82b791710e4b63bbc69b0c15570617e2d86e543,True
2024_15_BAL_NYG,2024,15,NYG,BAL,0.28502028290006465,-7.600379217674568,46.54547646122576,13.564518459577533,-0.567834965355912,-0.512988890092398,2023,A0-DYNAMIC-OPPONENT-ADJUSTED-JOINT-SCORE-V1,5f148219527b07d85261d3f196ace97a5eb5646271d43596032a692389abc579,2c5cc1af74fc5f3955e44361b82b791710e4b63bbc69b0c15570617e2d86e543,0.23575,-12.2898,49.4816,294.885504510451,340.3320946494649,-34.0,9.0,27.0,74.0,2023,B0-POSSESSION-DRIVE-SCORE-PROCESS-V1,5f148219527b07d85261d3f196ace97a5eb5646271d43596032a692389abc579,2c5cc1af74fc5f3955e44361b82b791710e4b63bbc69b0c15570617e2d86e543,-16.5,43.5,0.5782526020136806,-0.9508452280479679,-15.92174739798632,42.54915477195203,historical_closing_late_benchmark_exact_horizon_opaque,2023,C0-MARKET-RESIDUAL-MARGIN-TOTAL-V1,5f148219527b07d85261d3f196ace97a5eb5646271d43596032a692389abc579,2c5cc1af74fc5f3955e44361b82b791710e4b63bbc69b0c15570617e2d86e543,True
2024_15_BUF_DET,2024,15,DET,BUF,0.6065965511002628,3.6190551783688854,52.88877544976613,13.564518459577533,0.22637122940113197,-0.4728787349078045,2023,A0-DYNAMIC-OPPONENT-ADJUSTED-JOINT-SCORE-V1,5f148219527b07d85261d3f196ace97a5eb5646271d43596032a692389abc579,2c5cc1af74fc5f3955e44361b82b791710e4b63bbc69b0c15570617e2d86e543,0.42995,-3.4262,58.338,368.8166352235224,441.12606860686066,-27.0,21.0,33.0,86.0,2023,B0-POSSESSION-DRIVE-SCORE-PROCESS-V1,5f148219527b07d85261d3f196ace97a5eb5646271d43596032a692389abc579,2c5cc1af74fc5f3955e44361b82b791710e4b63bbc69b0c15570617e2d86e543,2.5,55.5,-0.30688845899006334,0.07864473491067311,2.1931115410099364,55.578644734910675,historical_closing_late_benchmark_exact_horizon_opaque,2023,C0-MARKET-RESIDUAL-MARGIN-TOTAL-V1,5f148219527b07d85261d3f196ace97a5eb5646271d43596032a692389abc579,2c5cc1af74fc5f3955e44361b82b791710e4b63bbc69b0c15570617e2d86e543,True
2024_15_CHI_MIN,2024,15,MIN,CHI,0.6623255922519504,5.604269878520082,45.06718831785301,13.564518459577533,-0.2409969674214698,-0.08907978736941266,2023,A0-DYNAMIC-OPPONENT-ADJUSTED-JOINT-SCORE-V1,5f148219527b07d85261d3f196ace97a5eb5646271d43596032a692389abc579,2c5cc1af74fc5f3955e44361b82b791710e4b63bbc69b0c15570617e2d86e543,0.6755,7.8274,48.386,299.9278020202021,338.5384578457846,-14.0,30.0,26.0,72.0,2023,B0-POSSESSION-DRIVE-SCORE-PROCESS-V1,5f148219527b07d85261d3f196ace97a5eb5646271d43596032a692389abc579,2c5cc1af74fc5f3955e44361b82b791710e4b63bbc69b0c15570617e2d86e543,7.0,43.5,-0.19491713215671969,0.09447990077978882,6.80508286784328,43.59447990077979,historical_closing_late_benchmark_exact_horizon_opaque,2023,C0-MARKET-RESIDUAL-MARGIN-TOTAL-V1,5f148219527b07d85261d3f196ace97a5eb5646271d43596032a692389abc579,2c5cc1af74fc5f3955e44361b82b791710e4b63bbc69b0c15570617e2d86e543,True
2024_15_CIN_TEN,2024,15,TEN,CIN,0.430598150009533,-2.3397133681749835,45.79117371021707,13.564518459577533,-0.4277280265113437,-0.10893579894607737,2023,A0-DYNAMIC-OPPONENT-ADJUSTED-JOINT-SCORE-V1,5f148219527b07d85261d3f196ace97a5eb5646271d43596032a692389abc579,2c5cc1af74fc5f3955e44361b82b791710e4b63bbc69b0c15570617e2d86e543,0.50975,0.3225,50.9945,310.40713446344637,365.68483823382337,-22.0,23.0,27.0,76.0,2023,B0-POSSESSION-DRIVE-SCORE-PROCESS-V1,5f148219527b07d85261d3f196ace97a5eb5646271d43596032a692389abc579,2c5cc1af74fc5f3955e44361b82b791710e4b63bbc69b0c15570617e2d86e543,-6.0,46.5,-0.17259254122589146,0.34630648890828486,-6.1725925412258915,46.84630648890828,historical_closing_late_benchmark_exact_horizon_opaque,2023,C0-MARKET-RESIDUAL-MARGIN-TOTAL-V1,5f148219527b07d85261d3f196ace97a5eb5646271d43596032a692389abc579,2c5cc1af74fc5f3955e44361b82b791710e4b63bbc69b0c15570617e2d86e543,True
2024_15_DAL_CAR,2024,15,CAR,DAL,0.454283183588631,-1.5367846600666297,42.73328969016692,13.564518459577533,-1.1580003060260808,-0.23430605454535686,2023,A0-DYNAMIC-OPPONENT-ADJUSTED-JOINT-SCORE-V1,5f148219527b07d85261d3f196ace97a5eb5646271d43596032a692389abc579,2c5cc1af74fc5f3955e44361b82b791710e4b63bbc69b0c15570617e2d86e543,0.39744999999999997,-4.4402,50.1944,301.91321528152815,354.1248211221122,-26.09999999999991,17.0,27.0,75.0,2023,B0-POSSESSION-DRIVE-SCORE-PROCESS-V1,5f148219527b07d85261d3f196ace97a5eb5646271d43596032a692389abc579,2c5cc1af74fc5f3955e44361b82b791710e4b63bbc69b0c15570617e2d86e543,2.5,42.0,-0.4713548280668063,0.4053739227148022,2.028645171933194,42.4053739227148,historical_closing_late_benchmark_exact_horizon_opaque,2023,C0-MARKET-RESIDUAL-MARGIN-TOTAL-V1,5f148219527b07d85261d3f196ace97a5eb5646271d43596032a692389abc579,2c5cc1af74fc5f3955e44361b82b791710e4b63bbc69b0c15570617e2d86e543,True
2024_15_GB_SEA,2024,15,SEA,GB,0.45288863127698487,-1.5838792235607997,48.97082093111238,13.564518459577533,-0.1127580687152148,-0.20305861550383447,2023,A0-DYNAMIC-OPPONENT-ADJUSTED-JOINT-SCORE-V1,5f148219527b07d85261d3f196ace97a5eb5646271d43596032a692389abc579,2c5cc1af74fc5f3955e44361b82b791710e4b63bbc69b0c15570617e2d86e543,0.4618,-1.8349,54.0351,349.9704390339034,404.2354915391539,-25.0,22.0,30.0,80.0,2023,B0-POSSESSION-DRIVE-SCORE-PROCESS-V1,5f148219527b07d85261d3f196ace97a5eb5646271d43596032a692389abc579,2c5cc1af74fc5f3955e44361b82b791710e4b63bbc69b0c15570617e2d86e543,-3.0,48.0,0.10254777007797486,-0.44610528746443445,-2.8974522299220253,47.553894712535566,historical_closing_late_benchmark_exact_horizon_opaque,2023,C0-MARKET-RESIDUAL-MARGIN-TOTAL-V1,5f148219527b07d85261d3f196ace97a5eb5646271d43596032a692389abc579,2c5cc1af74fc5f3955e44361b82b791710e4b63bbc69b0c15570617e2d86e543,True
2024_15_IND_DEN,2024,15,DEN,IND,0.6274790599552207,4.351332672406301,44.41910532900369,13.564518459577533,-0.19432338533148263,0.38617297042949106,2023,A0-DYNAMIC-OPPONENT-ADJUSTED-JOINT-SCORE-V1,5f148219527b07d85261d3f196ace97a5eb5646271d43596032a692389abc579,2c5cc1af74fc5f3955e44361b82b791710e4b63bbc69b0c15570617e2d86e543,0.5388,1.4419,47.1529,284.3368580758076,324.11673326332635,-20.0,23.0,25.0,71.0,2023,B0-POSSESSION-DRIVE-SCORE-PROCESS-V1,5f148219527b07d85261d3f196ace97a5eb5646271d43596032a692389abc579,2c5cc1af74fc5f3955e44361b82b791710e4b63bbc69b0c15570617e2d86e543,4.5,43.5,-0.09204790471703246,0.04663268301747728,4.407952095282967,43.54663268301748,historical_closing_late_benchmark_exact_horizon_opaque,2023,C0-MARKET-RESIDUAL-MARGIN-TOTAL-V1,5f148219527b07d85261d3f196ace97a5eb5646271d43596032a692389abc579,2c5cc1af74fc5f3955e44361b82b791710e4b63bbc69b0c15570617e2d86e543,True
2024_15_KC_CLE,2024,15,CLE,KC,0.43588125071512906,-2.1599861288040003,44.053017718132935,13.564518459577533,0.5214985741719401,-0.5673459737235321,2023,A0-DYNAMIC-OPPONENT-ADJUSTED-JOINT-SCORE-V1,5f148219527b07d85261d3f196ace97a5eb5646271d43596032a692389abc579,2c5cc1af74fc5f3955e44361b82b791710e4b63bbc69b0c15570617e2d86e543,0.32715,-7.5545,49.6241,305.710200770077,348.1232115111511,-30.0,14.0,27.0,74.0,2023,B0-POSSESSION-DRIVE-SCORE-PROCESS-V1,5f148219527b07d85261d3f196ace97a5eb5646271d43596032a692389abc579,2c5cc1af74fc5f3955e44361b82b791710e4b63bbc69b0c15570617e2d86e543,-4.5,41.5,-0.03654907957832999,0.09240486415019017,-4.53654907957833,41.59240486415019,historical_closing_late_benchmark_exact_horizon_opaque,2023,C0-MARKET-RESIDUAL-MARGIN-TOTAL-V1,5f148219527b07d85261d3f196ace97a5eb5646271d43596032a692389abc579,2c5cc1af74fc5f3955e44361b82b791710e4b63bbc69b0c15570617e2d86e543,True
2024_15_LA_SF,2024,15,SF,LA,0.6164760578149031,3.9640110211919364,50.22088318327118,13.564518459577533,0.01868613911331407,0.3508958612028066,2023,A0-DYNAMIC-OPPONENT-ADJUSTED-JOINT-SCORE-V1,5f148219527b07d85261d3f196ace97a5eb5646271d43596032a692389abc579,2c5cc1af74fc5f3955e44361b82b791710e4b63bbc69b0c15570617e2d86e543,0.5938,4.309,55.2016,338.00531953195326,407.3046879087909,-19.0,28.0,30.0,82.0,2023,B0-POSSESSION-DRIVE-SCORE-PROCESS-V1,5f148219527b07d85261d3f196ace97a5eb5646271d43596032a692389abc579,2c5cc1af74fc5f3955e44361b82b791710e4b63bbc69b0c15570617e2d86e543,3.0,48.5,-0.11636647896984344,-0.3511861412672873,2.8836335210301565,48.148813858732716,historical_closing_late_benchmark_exact_horizon_opaque,2023,C0-MARKET-RESIDUAL-MARGIN-TOTAL-V1,5f148219527b07d85261d3f196ace97a5eb5646271d43596032a692389abc579,2c5cc1af74fc5f3955e44361b82b791710e4b63bbc69b0c15570617e2d86e543,True
2024_15_MIA_HOU,2024,15,HOU,MIA,0.5569749198973473,1.9175703214420068,47.38967865251399,13.564518459577533,-0.1903558752163066,0.06751765203068662,2023,A0-DYNAMIC-OPPONENT-ADJUSTED-JOINT-SCORE-V1,5f148219527b07d85261d3f196ace97a5eb5646271d43596032a692389abc579,2c5cc1af74fc5f3955e44361b82b791710e4b63bbc69b0c15570617e2d86e543,0.5225000000000001,0.7641,51.7277,314.5693081208121,374.9266453745375,-21.0,23.0,28.0,78.0,2023,B0-POSSESSION-DRIVE-SCORE-PROCESS-V1,5f148219527b07d85261d3f196ace97a5eb5646271d43596032a692389abc579,2c5cc1af74fc5f3955e44361b82b791710e4b63bbc69b0c15570617e2d86e543,2.5,46.5,-0.7286410346672929,0.7253527300805548,1.771358965332707,47.22535273008055,historical_closing_late_benchmark_exact_horizon_opaque,2023,C0-MARKET-RESIDUAL-MARGIN-TOTAL-V1,5f148219527b07d85261d3f196ace97a5eb5646271d43596032a692389abc579,2c5cc1af74fc5f3955e44361b82b791710e4b63bbc69b0c15570617e2d86e543,True
2024_15_NE_ARI,2024,15,ARI,NE,0.5916391476724586,3.101260718509103,44.27377415098814,13.564518459577533,0.4662352091271521,-0.5027694810949981,2023,A0-DYNAMIC-OPPONENT-ADJUSTED-JOINT-SCORE-V1,5f148219527b07d85261d3f196ace97a5eb5646271d43596032a692389abc579,2c5cc1af74fc5f3955e44361b82b791710e4b63bbc69b0c15570617e2d86e543,0.4993,-0.1071,46.4935,286.8331129012901,330.55461321132117,-21.0,21.0,24.0,70.0,2023,B0-POSSESSION-DRIVE-SCORE-PROCESS-V1,5f148219527b07d85261d3f196ace97a5eb5646271d43596032a692389abc579,2c5cc1af74fc5f3955e44361b82b791710e4b63bbc69b0c15570617e2d86e543,6.0,46.5,0.36261896859558207,-0.37306281313362544,6.362618968595582,46.12693718686637,historical_closing_late_benchmark_exact_horizon_opaque,2023,C0-MARKET-RESIDUAL-MARGIN-TOTAL-V1,5f148219527b07d85261d3f196ace97a5eb5646271d43596032a692389abc579,2c5cc1af74fc5f3955e44361b82b791710e4b63bbc69b0c15570617e2d86e543,True
2024_15_NYJ_JAX,2024,15,JAX,NYJ,0.5804915855727374,2.7183958014490095,43.99751266100992,13.564518459577533,0.22601875841537036,-0.1848160503718013,2023,A0-DYNAMIC-OPPONENT-ADJUSTED-JOINT-SCORE-V1,5f148219527b07d85261d3f196ace97a5eb5646271d43596032a692389abc579,2c5cc1af74fc5f3955e44361b82b791710e4b63bbc69b0c15570617e2d86e543,0.55825,2.5586,43.498,260.6332293629363,293.8317791779178,-17.0,23.0,23.0,66.0,2023,B0-POSSESSION-DRIVE-SCORE-PROCESS-V1,5f148219527b07d85261d3f196ace97a5eb5646271d43596032a692389abc579,2c5cc1af74fc5f3955e44361b82b791710e4b63bbc69b0c15570617e2d86e543,-3.5,41.5,0.07159219562596855,0.14952368927968604,-3.4284078043740314,41.64952368927968,historical_closing_late_benchmark_exact_horizon_opaque,2023,C0-MARKET-RESIDUAL-MARGIN-TOTAL-V1,5f148219527b07d85261d3f196ace97a5eb5646271d43596032a692389abc579,2c5cc1af74fc5f3955e44361b82b791710e4b63bbc69b0c15570617e2d86e543,True
2024_15_PIT_PHI,2024,15,PHI,PIT,0.5810854994578496,2.7387350835134647,46.51703650406219,13.564518459577533,0.3672220204952434,-0.7406187021278536,2023,A0-DYNAMIC-OPPONENT-ADJUSTED-JOINT-SCORE-V1,5f148219527b07d85261d3f196ace97a5eb5646271d43596032a692389abc579,2c5cc1af74fc5f3955e44361b82b791710e4b63bbc69b0c15570617e2d86e543,0.5588,2.77,48.0142,295.24502450245024,342.6472630863086,-18.09999999999991,25.0,26.0,72.0,2023,B0-POSSESSION-DRIVE-SCORE-PROCESS-V1,5f148219527b07d85261d3f196ace97a5eb5646271d43596032a692389abc579,2c5cc1af74fc5f3955e44361b82b791710e4b63bbc69b0c15570617e2d86e543,5.5,43.0,-0.1799914908760048,-0.10586177619083045,5.320008509123995,42.89413822380917,historical_closing_late_benchmark_exact_horizon_opaque,2023,C0-MARKET-RESIDUAL-MARGIN-TOTAL-V1,5f148219527b07d85261d3f196ace97a5eb5646271d43596032a692389abc579,2c5cc1af74fc5f3955e44361b82b791710e4b63bbc69b0c15570617e2d86e543,True
2024_15_TB_LAC,2024,15,LAC,TB,0.5029026287289838,0.09735953362680405,45.856974837559406,13.564518459577533,-0.11961103434395387,-0.39759039875777846,2023,A0-DYNAMIC-OPPONENT-ADJUSTED-JOINT-SCORE-V1,5f148219527b07d85261d3f196ace97a5eb5646271d43596032a692389abc579,2c5cc1af74fc5f3955e44361b82b791710e4b63bbc69b0c15570617e2d86e543,0.5167999999999999,0.9005,53.3933,335.32113186318634,387.822797389739,-22.0,24.0,30.0,79.0,2023,B0-POSSESSION-DRIVE-SCORE-PROCESS-V1,5f148219527b07d85261d3f196ace97a5eb5646271d43596032a692389abc579,2c5cc1af74fc5f3955e44361b82b791710e4b63bbc69b0c15570617e2d86e543,3.0,46.0,-0.25072167917771915,0.22200273865634257,2.749278320822281,46.22200273865634,historical_closing_late_benchmark_exact_horizon_opaque,2023,C0-MARKET-RESIDUAL-MARGIN-TOTAL-V1,5f148219527b07d85261d3f196ace97a5eb5646271d43596032a692389abc579,2c5cc1af74fc5f3955e44361b82b791710e4b63bbc69b0c15570617e2d86e543,True
2024_15_WAS_NO,2024,15,NO,WAS,0.5119189313198008,0.3998389556967439,46.79559176202056,13.564518459577533,0.4699022200902154,0.8227445684451923,2023,A0-DYNAMIC-OPPONENT-ADJUSTED-JOINT-SCORE-V1,5f148219527b07d85261d3f196ace97a5eb5646271d43596032a692389abc579,2c5cc1af74fc5f3955e44361b82b791710e4b63bbc69b0c15570617e2d86e543,0.58755,3.8544,50.445,314.92469310931097,366.1329882988299,-18.0,27.0,27.0,75.0,2023,B0-POSSESSION-DRIVE-SCORE-PROCESS-V1,5f148219527b07d85261d3f196ace97a5eb5646271d43596032a692389abc579,2c5cc1af74fc5f3955e44361b82b791710e4b63bbc69b0c15570617e2d86e543,-7.5,44.5,0.6524774042202233,-0.8806765613564448,-6.847522595779777,43.619323438643555,historical_closing_late_benchmark_exact_horizon_opaque,2023,C0-MARKET-RESIDUAL-MARGIN-TOTAL-V1,5f148219527b07d85261d3f196ace97a5eb5646271d43596032a692389abc579,2c5cc1af74fc5f3955e44361b82b791710e4b63bbc69b0c15570617e2d86e543,True
2024_16_ARI_CAR,2024,16,CAR,ARI,0.4473459205642475,-1.7712586080982327,44.77113077986992,13.564518459577533,-0.665301946058764,0.38282354753175013,2023,A0-DYNAMIC-OPPONENT-ADJUSTED-JOINT-SCORE-V1,5f148219527b07d85261d3f196ace97a5eb5646271d43596032a692389abc579,2c5cc1af74fc5f3955e44361b82b791710e4b63bbc69b0c15570617e2d86e543,0.47685,-0.9747,48.9975,302.9091508250825,349.39043279327933,-23.0,21.0,26.0,74.0,2023,B0-POSSESSION-DRIVE-SCORE-PROCESS-V1,5f148219527b07d85261d3f196ace97a5eb5646271d43596032a692389abc579,2c5cc1af74fc5f3955e44361b82b791710e4b63bbc69b0c15570617e2d86e543,-5.5,47.0,-0.12375397687109821,0.43827161852206287,-5.6237539768710985,47.438271618522066,historical_closing_late_benchmark_exact_horizon_opaque,2023,C0-MARKET-RESIDUAL-MARGIN-TOTAL-V1,5f148219527b07d85261d3f196ace97a5eb5646271d43596032a692389abc579,2c5cc1af74fc5f3955e44361b82b791710e4b63bbc69b0c15570617e2d86e543,True
2024_16_CLE_CIN,2024,16,CIN,CLE,0.7024562702728134,7.1117857866559575,45.041511733302386,13.564518459577533,-0.18274755128228964,0.14570544412150452,2023,A0-DYNAMIC-OPPONENT-ADJUSTED-JOINT-SCORE-V1,5f148219527b07d85261d3f196ace97a5eb5646271d43596032a692389abc579,2c5cc1af74fc5f3955e44361b82b791710e4b63bbc69b0c15570617e2d86e543,0.6465,6.809,51.1674,312.3181508150815,361.1422914691469,-16.0,29.0,27.90000000000009,76.0,2023,B0-POSSESSION-DRIVE-SCORE-PROCESS-V1,5f148219527b07d85261d3f196ace97a5eb5646271d43596032a692389abc579,2c5cc1af74fc5f3955e44361b82b791710e4b63bbc69b0c15570617e2d86e543,10.0,46.5,-0.23358967928029709,0.2060317655875076,9.766410320719704,46.70603176558751,historical_closing_late_benchmark_exact_horizon_opaque,2023,C0-MARKET-RESIDUAL-MARGIN-TOTAL-V1,5f148219527b07d85261d3f196ace97a5eb5646271d43596032a692389abc579,2c5cc1af74fc5f3955e44361b82b791710e4b63bbc69b0c15570617e2d86e543,True
2024_16_DEN_LAC,2024,16,LAC,DEN,0.530835896718992,1.0353158833479235,43.164821748575235,13.564518459577533,-0.20946178915020797,-0.09255431078090358,2023,A0-DYNAMIC-OPPONENT-ADJUSTED-JOINT-SCORE-V1,5f148219527b07d85261d3f196ace97a5eb5646271d43596032a692389abc579,2c5cc1af74fc5f3955e44361b82b791710e4b63bbc69b0c15570617e2d86e543,0.5633,2.7524,47.0618,281.8922834683468,318.9170724672467,-19.0,24.0,25.0,71.0,2023,B0-POSSESSION-DRIVE-SCORE-PROCESS-V1,5f148219527b07d85261d3f196ace97a5eb5646271d43596032a692389abc579,2c5cc1af74fc5f3955e44361b82b791710e4b63bbc69b0c15570617e2d86e543,3.0,41.5,-0.23244166382519085,0.27069642088380486,2.767558336174809,41.7706964208838,historical_closing_late_benchmark_exact_horizon_opaque,2023,C0-MARKET-RESIDUAL-MARGIN-TOTAL-V1,5f148219527b07d85261d3f196ace97a5eb5646271d43596032a692389abc579,2c5cc1af74fc5f3955e44361b82b791710e4b63bbc69b0c15570617e2d86e543,True
2024_16_DET_CHI,2024,16,CHI,DET,0.3696337518718975,-4.453559282902422,48.585225315405665,13.564518459577533,-0.28765183121549454,0.22736620391689122,2023,A0-DYNAMIC-OPPONENT-ADJUSTED-JOINT-SCORE-V1,5f148219527b07d85261d3f196ace97a5eb5646271d43596032a692389abc579,2c5cc1af74fc5f3955e44361b82b791710e4b63bbc69b0c15570617e2d86e543,0.45854999999999996,-2.1112,54.1642,337.1781523752375,389.04474283428345,-26.0,21.0,30.0,80.0,2023,B0-POSSESSION-DRIVE-SCORE-PROCESS-V1,5f148219527b07d85261d3f196ace97a5eb5646271d43596032a692389abc579,2c5cc1af74fc5f3955e44361b82b791710e4b63bbc69b0c15570617e2d86e543,-7.0,47.5,-0.05782492480107382,-0.3130653990669684,-7.057824924801074,47.18693460093303,historical_closing_late_benchmark_exact_horizon_opaque,2023,C0-MARKET-RESIDUAL-MARGIN-TOTAL-V1,5f148219527b07d85261d3f196ace97a5eb5646271d43596032a692389abc579,2c5cc1af74fc5f3955e44361b82b791710e4b63bbc69b0c15570617e2d86e543,True
2024_16_HOU_KC,2024,16,KC,HOU,0.6429428726584521,4.901996663950268,44.795972032831955,13.564518459577533,-0.33183347965525073,0.5156923207313459,2023,A0-DYNAMIC-OPPONENT-ADJUSTED-JOINT-SCORE-V1,5f148219527b07d85261d3f196ace97a5eb5646271d43596032a692389abc579,2c5cc1af74fc5f3955e44361b82b791710e4b63bbc69b0c15570617e2d86e543,0.6478,6.6575,49.6515,304.8120749574957,342.72912066206624,-16.0,29.0,27.0,74.0,2023,B0-POSSESSION-DRIVE-SCORE-PROCESS-V1,5f148219527b07d85261d3f196ace97a5eb5646271d43596032a692389abc579,2c5cc1af74fc5f3955e44361b82b791710e4b63bbc69b0c15570617e2d86e543,3.5,42.5,-0.1344294162617194,0.09672769997530818,3.3655705837382808,42.59672769997531,historical_closing_late_benchmark_exact_horizon_opaque,2023,C0-MARKET-RESIDUAL-MARGIN-TOTAL-V1,5f148219527b07d85261d3f196ace97a5eb5646271d43596032a692389abc579,2c5cc1af74fc5f3955e44361b82b791710e4b63bbc69b0c15570617e2d86e543,True
2024_16_JAX_LV,2024,16,LV,JAX,0.531761439914126,1.0664559298390834,44.269100523940224,13.564518459577533,0.05152223994915742,0.20650787918318358,2023,A0-DYNAMIC-OPPONENT-ADJUSTED-JOINT-SCORE-V1,5f148219527b07d85261d3f196ace97a5eb5646271d43596032a692389abc579,2c5cc1af74fc5f3955e44361b82b791710e4b63bbc69b0c15570617e2d86e543,0.5206000000000001,0.8327,49.3461,296.6429750075007,336.23033782378235,-21.0,23.0,27.0,73.0,2023,B0-POSSESSION-DRIVE-SCORE-PROCESS-V1,5f148219527b07d85261d3f196ace97a5eb5646271d43596032a692389abc579,2c5cc1af74fc5f3955e44361b82b791710e4b63bbc69b0c15570617e2d86e543,2.5,41.5,-0.12130726750162069,-0.05179691987618554,2.3786927324983793,41.44820308012381,historical_closing_late_benchmark_exact_horizon_opaque,2023,C0-MARKET-RESIDUAL-MARGIN-TOTAL-V1,5f148219527b07d85261d3f196ace97a5eb5646271d43596032a692389abc579,2c5cc1af74fc5f3955e44361b82b791710e4b63bbc69b0c15570617e2d86e543,True
2024_16_LA_NYJ,2024,16,NYJ,LA,0.4763074705931408,-0.7951519413336854,46.32554028784265,13.564518459577533,-0.5029717040943495,0.180913749239065,2023,A0-DYNAMIC-OPPONENT-ADJUSTED-JOINT-SCORE-V1,5f148219527b07d85261d3f196ace97a5eb5646271d43596032a692389abc579,2c5cc1af74fc5f3955e44361b82b791710e4b63bbc69b0c15570617e2d86e543,0.40425,-4.2925,47.4343,286.4215859085909,339.3620197119712,-26.0,17.0,25.0,72.0,2023,B0-POSSESSION-DRIVE-SCORE-PROCESS-V1,5f148219527b07d85261d3f196ace97a5eb5646271d43596032a692389abc579,2c5cc1af74fc5f3955e44361b82b791710e4b63bbc69b0c15570617e2d86e543,-3.0,47.0,0.08579558921039948,-0.20728190110521652,-2.9142044107896004,46.79271809889478,historical_closing_late_benchmark_exact_horizon_opaque,2023,C0-MARKET-RESIDUAL-MARGIN-TOTAL-V1,5f148219527b07d85261d3f196ace97a5eb5646271d43596032a692389abc579,2c5cc1af74fc5f3955e44361b82b791710e4b63bbc69b0c15570617e2d86e543,True
2024_16_MIN_SEA,2024,16,SEA,MIN,0.5141433049880373,0.4744878261491827,46.356064706434196,13.564518459577533,0.02771614885376518,-0.04801713460150095,2023,A0-DYNAMIC-OPPONENT-ADJUSTED-JOINT-SCORE-V1,5f148219527b07d85261d3f196ace97a5eb5646271d43596032a692389abc579,2c5cc1af74fc5f3955e44361b82b791710e4b63bbc69b0c15570617e2d86e543,0.4651,-1.4693,50.1147,298.36409391939196,352.76522043204324,-23.0,21.0,27.0,75.0,2023,B0-POSSESSION-DRIVE-SCORE-PROCESS-V1,5f148219527b07d85261d3f196ace97a5eb5646271d43596032a692389abc579,2c5cc1af74fc5f3955e44361b82b791710e4b63bbc69b0c15570617e2d86e543,-2.5,43.0,-0.1389052691794427,0.06517387454265496,-2.6389052691794426,43.06517387454266,historical_closing_late_benchmark_exact_horizon_opaque,2023,C0-MARKET-RESIDUAL-MARGIN-TOTAL-V1,5f148219527b07d85261d3f196ace97a5eb5646271d43596032a692389abc579,2c5cc1af74fc5f3955e44361b82b791710e4b63bbc69b0c15570617e2d86e543,True
2024_16_NE_BUF,2024,16,BUF,NE,0.7646483104960864,9.652288239273016,47.71371238608681,13.564518459577533,0.5664672579372068,0.21674140741513226,2023,A0-DYNAMIC-OPPONENT-ADJUSTED-JOINT-SCORE-V1,5f148219527b07d85261d3f196ace97a5eb5646271d43596032a692389abc579,2c5cc1af74fc5f3955e44361b82b791710e4b63bbc69b0c15570617e2d86e543,0.68995,8.7776,49.3638,311.81591983198314,356.3906886288629,-13.0,31.0,26.0,74.0,2023,B0-POSSESSION-DRIVE-SCORE-PROCESS-V1,5f148219527b07d85261d3f196ace97a5eb5646271d43596032a692389abc579,2c5cc1af74fc5f3955e44361b82b791710e4b63bbc69b0c15570617e2d86e543,14.0,48.0,-0.19822477220245155,0.07244119898038924,13.801775227797549,48.07244119898039,historical_closing_late_benchmark_exact_horizon_opaque,2023,C0-MARKET-RESIDUAL-MARGIN-TOTAL-V1,5f148219527b07d85261d3f196ace97a5eb5646271d43596032a692389abc579,2c5cc1af74fc5f3955e44361b82b791710e4b63bbc69b0c15570617e2d86e543,True
2024_16_NO_GB,2024,16,GB,NO,0.6719312199169618,5.957982619912691,47.57614373495195,13.564518459577533,-0.2829130587857845,-0.04340376106705994,2023,A0-DYNAMIC-OPPONENT-ADJUSTED-JOINT-SCORE-V1,5f148219527b07d85261d3f196ace97a5eb5646271d43596032a692389abc579,2c5cc1af74fc5f3955e44361b82b791710e4b63bbc69b0c15570617e2d86e543,0.5777,3.8342,54.7206,338.36474683468344,403.00303594359434,-20.0,27.0,30.0,81.0,2023,B0-POSSESSION-DRIVE-SCORE-PROCESS-V1,5f148219527b07d85261d3f196ace97a5eb5646271d43596032a692389abc579,2c5cc1af74fc5f3955e44361b82b791710e4b63bbc69b0c15570617e2d86e543,14.0,44.0,-0.40365003509433545,-0.24643502739109494,13.596349964905665,43.753564972608906,historical_closing_late_benchmark_exact_horizon_opaque,2023,C0-MARKET-RESIDUAL-MARGIN-TOTAL-V1,5f148219527b07d85261d3f196ace97a5eb5646271d43596032a692389abc579,2c5cc1af74fc5f3955e44361b82b791710e4b63bbc69b0c15570617e2d86e543,True
2024_16_NYG_ATL,2024,16,ATL,NYG,0.620122360660788,4.091982687817161,42.89342927490573,13.564518459577533,-0.012887013467842018,-0.22749570407074987,2023,A0-DYNAMIC-OPPONENT-ADJUSTED-JOINT-SCORE-V1,5f148219527b07d85261d3f196ace97a5eb5646271d43596032a692389abc579,2c5cc1af74fc5f3955e44361b82b791710e4b63bbc69b0c15570617e2d86e543,0.6594,6.7819,48.6241,283.82291468146815,337.1021094009401,-15.0,28.0,26.0,73.0,2023,B0-POSSESSION-DRIVE-SCORE-PROCESS-V1,5f148219527b07d85261d3f196ace97a5eb5646271d43596032a692389abc579,2c5cc1af74fc5f3955e44361b82b791710e4b63bbc69b0c15570617e2d86e543,9.5,42.5,-0.22489493752001394,0.24262828359692995,9.275105062479986,42.74262828359693,historical_closing_late_benchmark_exact_horizon_opaque,2023,C0-MARKET-RESIDUAL-MARGIN-TOTAL-V1,5f148219527b07d85261d3f196ace97a5eb5646271d43596032a692389abc579,2c5cc1af74fc5f3955e44361b82b791710e4b63bbc69b0c15570617e2d86e543,True
2024_16_PHI_WAS,2024,16,WAS,PHI,0.5179691081226013,0.6029157267635341,49.83519295415324,13.564518459577533,-0.33649681766258654,-0.2859799281123764,2023,A0-DYNAMIC-OPPONENT-ADJUSTED-JOINT-SCORE-V1,5f148219527b07d85261d3f196ace97a5eb5646271d43596032a692389abc579,2c5cc1af74fc5f3955e44361b82b791710e4b63bbc69b0c15570617e2d86e543,0.41705000000000003,-3.7106,51.2746,316.46049368936895,383.49274411441144,-26.0,19.0,27.0,77.0,2023,B0-POSSESSION-DRIVE-SCORE-PROCESS-V1,5f148219527b07d85261d3f196ace97a5eb5646271d43596032a692389abc579,2c5cc1af74fc5f3955e44361b82b791710e4b63bbc69b0c15570617e2d86e543,-4.0,47.0,-0.038744768307071256,-0.26930693548527385,-4.038744768307072,46.730693064514725,historical_closing_late_benchmark_exact_horizon_opaque,2023,C0-MARKET-RESIDUAL-MARGIN-TOTAL-V1,5f148219527b07d85261d3f196ace97a5eb5646271d43596032a692389abc579,2c5cc1af74fc5f3955e44361b82b791710e4b63bbc69b0c15570617e2d86e543,True
2024_16_PIT_BAL,2024,16,BAL,PIT,0.7071207269012345,7.292625394904455,49.29983025897679,13.564518459577533,0.6317985052074925,0.11920917210057586,2023,A0-DYNAMIC-OPPONENT-ADJUSTED-JOINT-SCORE-V1,5f148219527b07d85261d3f196ace97a5eb5646271d43596032a692389abc579,2c5cc1af74fc5f3955e44361b82b791710e4b63bbc69b0c15570617e2d86e543,0.6624500000000001,7.6294,50.4086,306.04806044604464,356.03344938493854,-14.0,30.0,27.0,75.0,2023,B0-POSSESSION-DRIVE-SCORE-PROCESS-V1,5f148219527b07d85261d3f196ace97a5eb5646271d43596032a692389abc579,2c5cc1af74fc5f3955e44361b82b791710e4b63bbc69b0c15570617e2d86e543,7.0,44.5,-0.05822171998657638,-0.41631726836200456,6.941778280013423,44.08368273163799,historical_closing_late_benchmark_exact_horizon_opaque,2023,C0-MARKET-RESIDUAL-MARGIN-TOTAL-V1,5f148219527b07d85261d3f196ace97a5eb5646271d43596032a692389abc579,2c5cc1af74fc5f3955e44361b82b791710e4b63bbc69b0c15570617e2d86e543,True
2024_16_SF_MIA,2024,16,MIA,SF,0.5210880157013105,0.7076545100083536,49.2355189528413,13.564518459577533,-0.019654813466101095,-0.4978079499777025,2023,A0-DYNAMIC-OPPONENT-ADJUSTED-JOINT-SCORE-V1,5f148219527b07d85261d3f196ace97a5eb5646271d43596032a692389abc579,2c5cc1af74fc5f3955e44361b82b791710e4b63bbc69b0c15570617e2d86e543,0.43645,-2.8834,52.799,329.947199159916,393.05670467046707,-26.0,20.0,29.0,79.0,2023,B0-POSSESSION-DRIVE-SCORE-PROCESS-V1,5f148219527b07d85261d3f196ace97a5eb5646271d43596032a692389abc579,2c5cc1af74fc5f3955e44361b82b791710e4b63bbc69b0c15570617e2d86e543,-2.0,44.0,0.16949187732919335,-0.838705588863989,-1.8305081226708066,43.16129441113601,historical_closing_late_benchmark_exact_horizon_opaque,2023,C0-MARKET-RESIDUAL-MARGIN-TOTAL-V1,5f148219527b07d85261d3f196ace97a5eb5646271d43596032a692389abc579,2c5cc1af74fc5f3955e44361b82b791710e4b63bbc69b0c15570617e2d86e543,True
2024_16_TB_DAL,2024,16,DAL,TB,0.5209865094745483,0.7042450921107211,47.886257474027104,13.564518459577533,0.7182822766643755,-0.10097347248615668,2023,A0-DYNAMIC-OPPONENT-ADJUSTED-JOINT-SCORE-V1,5f148219527b07d85261d3f196ace97a5eb5646271d43596032a692389abc579,2c5cc1af74fc5f3955e44361b82b791710e4b63bbc69b0c15570617e2d86e543,0.55485,2.7713,55.1023,333.8959859085909,404.4568803980398,-20.0,26.0,30.0,82.0,2023,B0-POSSESSION-DRIVE-SCORE-PROCESS-V1,5f148219527b07d85261d3f196ace97a5eb5646271d43596032a692389abc579,2c5cc1af74fc5f3955e44361b82b791710e4b63bbc69b0c15570617e2d86e543,-4.5,47.5,0.07376856756396094,-0.10083809643107769,-4.4262314324360394,47.399161903568924,historical_closing_late_benchmark_exact_horizon_opaque,2023,C0-MARKET-RESIDUAL-MARGIN-TOTAL-V1,5f148219527b07d85261d3f196ace97a5eb5646271d43596032a692389abc579,2c5cc1af74fc5f3955e44361b82b791710e4b63bbc69b0c15570617e2d86e543,True
2024_16_TEN_IND,2024,16,IND,TEN,0.5910540631190198,3.081105381211561,41.726004050759585,13.564518459577533,0.47823177972770836,-0.3102203667262283,2023,A0-DYNAMIC-OPPONENT-ADJUSTED-JOINT-SCORE-V1,5f148219527b07d85261d3f196ace97a5eb5646271d43596032a692389abc579,2c5cc1af74fc5f3955e44361b82b791710e4b63bbc69b0c15570617e2d86e543,0.55635,2.4618,49.637,304.9918399439944,342.8983208320832,-20.0,24.0,27.0,74.0,2023,B0-POSSESSION-DRIVE-SCORE-PROCESS-V1,5f148219527b07d85261d3f196ace97a5eb5646271d43596032a692389abc579,2c5cc1af74fc5f3955e44361b82b791710e4b63bbc69b0c15570617e2d86e543,4.0,42.5,-0.12104269230663689,0.48573919996032533,3.878957307693363,42.98573919996033,historical_closing_late_benchmark_exact_horizon_opaque,2023,C0-MARKET-RESIDUAL-MARGIN-TOTAL-V1,5f148219527b07d85261d3f196ace97a5eb5646271d43596032a692389abc579,2c5cc1af74fc5f3955e44361b82b791710e4b63bbc69b0c15570617e2d86e543,True
2024_17_ARI_LA,2024,17,LA,ARI,0.6072596418804361,3.642130171526322,49.649481058594034,13.564518459577533,0.19249347655900706,0.43139282744409435,2023,A0-DYNAMIC-OPPONENT-ADJUSTED-JOINT-SCORE-V1,5f148219527b07d85261d3f196ace97a5eb5646271d43596032a692389abc579,2c5cc1af74fc5f3955e44361b82b791710e4b63bbc69b0c15570617e2d86e543,0.60845,5.1087,53.4795,340.0436886788679,401.7865584058406,-18.0,28.0,29.0,80.0,2023,B0-POSSESSION-DRIVE-SCORE-PROCESS-V1,5f148219527b07d85261d3f196ace97a5eb5646271d43596032a692389abc579,2c5cc1af74fc5f3955e44361b82b791710e4b63bbc69b0c15570617e2d86e543,6.5,48.0,-0.22196147784451783,-0.2622062522696864,6.278038522155482,47.737793747730315,historical_closing_late_benchmark_exact_horizon_opaque,2023,C0-MARKET-RESIDUAL-MARGIN-TOTAL-V1,5f148219527b07d85261d3f196ace97a5eb5646271d43596032a692389abc579,2c5cc1af74fc5f3955e44361b82b791710e4b63bbc69b0c15570617e2d86e543,True
2024_17_ATL_WAS,2024,17,WAS,ATL,0.6017772499015178,3.451665900312058,47.76095247971562,13.564518459577533,-0.020351323551081518,-0.4053232081776581,2023,A0-DYNAMIC-OPPONENT-ADJUSTED-JOINT-SCORE-V1,5f148219527b07d85261d3f196ace97a5eb5646271d43596032a692389abc579,2c5cc1af74fc5f3955e44361b82b791710e4b63bbc69b0c15570617e2d86e543,0.5488000000000001,2.1136,52.8058,313.1344084808481,375.6562519851985,-20.0,25.0,29.0,79.0,2023,B0-POSSESSION-DRIVE-SCORE-PROCESS-V1,5f148219527b07d85261d3f196ace97a5eb5646271d43596032a692389abc579,2c5cc1af74fc5f3955e44361b82b791710e4b63bbc69b0c15570617e2d86e543,3.5,46.5,-0.13623171282931965,0.01330855469454284,3.3637682871706804,46.51330855469454,historical_closing_late_benchmark_exact_horizon_opaque,2023,C0-MARKET-RESIDUAL-MARGIN-TOTAL-V1,5f148219527b07d85261d3f196ace97a5eb5646271d43596032a692389abc579,2c5cc1af74fc5f3955e44361b82b791710e4b63bbc69b0c15570617e2d86e543,True
2024_17_BAL_HOU,2024,17,HOU,BAL,0.38157077094405056,-4.03251422939929,49.14715079690438,13.564518459577533,-0.3513439112236936,-0.5544286553149264,2023,A0-DYNAMIC-OPPONENT-ADJUSTED-JOINT-SCORE-V1,5f148219527b07d85261d3f196ace97a5eb5646271d43596032a692389abc579,2c5cc1af74fc5f3955e44361b82b791710e4b63bbc69b0c15570617e2d86e543,0.3312,-8.1303,52.6039,325.95711762176217,372.96210100009995,-31.0,15.0,29.0,78.0,2023,B0-POSSESSION-DRIVE-SCORE-PROCESS-V1,5f148219527b07d85261d3f196ace97a5eb5646271d43596032a692389abc579,2c5cc1af74fc5f3955e44361b82b791710e4b63bbc69b0c15570617e2d86e543,-5.5,46.5,-0.15409878351534761,-0.3291355638214549,-5.654098783515348,46.17086443617855,historical_closing_late_benchmark_exact_horizon_opaque,2023,C0-MARKET-RESIDUAL-MARGIN-TOTAL-V1,5f148219527b07d85261d3f196ace97a5eb5646271d43596032a692389abc579,2c5cc1af74fc5f3955e44361b82b791710e4b63bbc69b0c15570617e2d86e543,True
2024_17_CAR_TB,2024,17,TB,CAR,0.7377295944601463,8.515244935151586,45.2083792831848,13.564518459577533,0.4397180293617052,0.33527952703151354,2023,A0-DYNAMIC-OPPONENT-ADJUSTED-JOINT-SCORE-V1,5f148219527b07d85261d3f196ace97a5eb5646271d43596032a692389abc579,2c5cc1af74fc5f3955e44361b82b791710e4b63bbc69b0c15570617e2d86e543,0.658,7.127,50.9842,309.84125512551253,372.2145718171817,-15.0,30.0,27.0,77.0,2023,B0-POSSESSION-DRIVE-SCORE-PROCESS-V1,5f148219527b07d85261d3f196ace97a5eb5646271d43596032a692389abc579,2c5cc1af74fc5f3955e44361b82b791710e4b63bbc69b0c15570617e2d86e543,9.5,47.5,-0.11442677914403149,0.45020236302960503,9.385573220855969,47.950202363029604,historical_closing_late_benchmark_exact_horizon_opaque,2023,C0-MARKET-RESIDUAL-MARGIN-TOTAL-V1,5f148219527b07d85261d3f196ace97a5eb5646271d43596032a692389abc579,2c5cc1af74fc5f3955e44361b82b791710e4b63bbc69b0c15570617e2d86e543,True
2024_17_DAL_PHI,2024,17,PHI,DAL,0.5914259576378322,3.093915810214714,48.2038250405693,13.564518459577533,-0.4047620064659588,-0.5705304302907251,2023,A0-DYNAMIC-OPPONENT-ADJUSTED-JOINT-SCORE-V1,5f148219527b07d85261d3f196ace97a5eb5646271d43596032a692389abc579,2c5cc1af74fc5f3955e44361b82b791710e4b63bbc69b0c15570617e2d86e543,0.5560499999999999,2.8332,53.8492,326.7580535653565,387.1815775177518,-20.0,26.0,30.0,80.0,2023,B0-POSSESSION-DRIVE-SCORE-PROCESS-V1,5f148219527b07d85261d3f196ace97a5eb5646271d43596032a692389abc579,2c5cc1af74fc5f3955e44361b82b791710e4b63bbc69b0c15570617e2d86e543,7.5,37.5,-0.3045675240217838,-0.7818435521500883,7.195432475978216,36.718156447849914,historical_closing_late_benchmark_exact_horizon_opaque,2023,C0-MARKET-RESIDUAL-MARGIN-TOTAL-V1,5f148219527b07d85261d3f196ace97a5eb5646271d43596032a692389abc579,2c5cc1af74fc5f3955e44361b82b791710e4b63bbc69b0c15570617e2d86e543,True
2024_17_DEN_CIN,2024,17,CIN,DEN,0.6001998272084136,3.3969955100533085,47.54605347368463,13.564518459577533,0.14381963211511795,0.03298319524281461,2023,A0-DYNAMIC-OPPONENT-ADJUSTED-JOINT-SCORE-V1,5f148219527b07d85261d3f196ace97a5eb5646271d43596032a692389abc579,2c5cc1af74fc5f3955e44361b82b791710e4b63bbc69b0c15570617e2d86e543,0.56305,2.751,47.3292,283.05070407040705,325.66099345934595,-19.0,24.0,26.0,71.0,2023,B0-POSSESSION-DRIVE-SCORE-PROCESS-V1,5f148219527b07d85261d3f196ace97a5eb5646271d43596032a692389abc579,2c5cc1af74fc5f3955e44361b82b791710e4b63bbc69b0c15570617e2d86e543,3.5,50.5,0.09882792794652434,-0.14588524672070344,3.5988279279465245,50.3541147532793,historical_closing_late_benchmark_exact_horizon_opaque,2023,C0-MARKET-RESIDUAL-MARGIN-TOTAL-V1,5f148219527b07d85261d3f196ace97a5eb5646271d43596032a692389abc579,2c5cc1af74fc5f3955e44361b82b791710e4b63bbc69b0c15570617e2d86e543,True
2024_17_DET_SF,2024,17,SF,DET,0.49197459200578114,-0.2692028038500034,52.08357230910465,13.564518459577533,-0.11542366253886549,0.5356565350445752,2023,A0-DYNAMIC-OPPONENT-ADJUSTED-JOINT-SCORE-V1,5f148219527b07d85261d3f196ace97a5eb5646271d43596032a692389abc579,2c5cc1af74fc5f3955e44361b82b791710e4b63bbc69b0c15570617e2d86e543,0.56055,2.888,59.475,372.3074867486748,445.01247624762476,-21.0,28.0,34.0,87.0,2023,B0-POSSESSION-DRIVE-SCORE-PROCESS-V1,5f148219527b07d85261d3f196ace97a5eb5646271d43596032a692389abc579,2c5cc1af74fc5f3955e44361b82b791710e4b63bbc69b0c15570617e2d86e543,-4.0,50.5,-0.06877197951973561,-0.48399561464216634,-4.0687719795197355,50.01600438535783,historical_closing_late_benchmark_exact_horizon_opaque,2023,C0-MARKET-RESIDUAL-MARGIN-TOTAL-V1,5f148219527b07d85261d3f196ace97a5eb5646271d43596032a692389abc579,2c5cc1af74fc5f3955e44361b82b791710e4b63bbc69b0c15570617e2d86e543,True
2024_17_GB_MIN,2024,17,MIN,GB,0.5087504081112575,0.29352581325634475,49.60597717783605,13.564518459577533,-0.14047421756897996,-0.1550414809023335,2023,A0-DYNAMIC-OPPONENT-ADJUSTED-JOINT-SCORE-V1,5f148219527b07d85261d3f196ace97a5eb5646271d43596032a692389abc579,2c5cc1af74fc5f3955e44361b82b791710e4b63bbc69b0c15570617e2d86e543,0.5063,0.2738,53.7392,331.0441379737974,389.7497583358336,-23.0,23.0,30.0,80.0,2023,B0-POSSESSION-DRIVE-SCORE-PROCESS-V1,5f148219527b07d85261d3f196ace97a5eb5646271d43596032a692389abc579,2c5cc1af74fc5f3955e44361b82b791710e4b63bbc69b0c15570617e2d86e543,-1.0,49.0,-0.20488964031219564,-0.0009004013785693099,-1.2048896403121956,48.99909959862143,historical_closing_late_benchmark_exact_horizon_opaque,2023,C0-MARKET-RESIDUAL-MARGIN-TOTAL-V1,5f148219527b07d85261d3f196ace97a5eb5646271d43596032a692389abc579,2c5cc1af74fc5f3955e44361b82b791710e4b63bbc69b0c15570617e2d86e543,True
2024_17_IND_NYG,2024,17,NYG,IND,0.5097548931212119,0.32722687364656977,41.591747416529,13.564518459577533,-0.27391235058298297,0.36654413976551575,2023,A0-DYNAMIC-OPPONENT-ADJUSTED-JOINT-SCORE-V1,5f148219527b07d85261d3f196ace97a5eb5646271d43596032a692389abc579,2c5cc1af74fc5f3955e44361b82b791710e4b63bbc69b0c15570617e2d86e543,0.393,-4.4175,46.7749,278.38483223322334,318.2662566156616,-25.0,17.0,25.0,70.0,2023,B0-POSSESSION-DRIVE-SCORE-PROCESS-V1,5f148219527b07d85261d3f196ace97a5eb5646271d43596032a692389abc579,2c5cc1af74fc5f3955e44361b82b791710e4b63bbc69b0c15570617e2d86e543,-7.5,40.5,0.050177764238496486,0.3444032551869606,-7.449822235761504,40.84440325518696,historical_closing_late_benchmark_exact_horizon_opaque,2023,C0-MARKET-RESIDUAL-MARGIN-TOTAL-V1,5f148219527b07d85261d3f196ace97a5eb5646271d43596032a692389abc579,2c5cc1af74fc5f3955e44361b82b791710e4b63bbc69b0c15570617e2d86e543,True
2024_17_KC_PIT,2024,17,PIT,KC,0.5173130705663013,0.580889667826181,45.65845709454922,13.564518459577533,0.051378885671451824,-0.08047283751699541,2023,A0-DYNAMIC-OPPONENT-ADJUSTED-JOINT-SCORE-V1,5f148219527b07d85261d3f196ace97a5eb5646271d43596032a692389abc579,2c5cc1af74fc5f3955e44361b82b791710e4b63bbc69b0c15570617e2d86e543,0.4835,-0.6427,46.6317,281.592395949595,325.63361847184717,-21.0,21.0,24.0,71.0,2023,B0-POSSESSION-DRIVE-SCORE-PROCESS-V1,5f148219527b07d85261d3f196ace97a5eb5646271d43596032a692389abc579,2c5cc1af74fc5f3955e44361b82b791710e4b63bbc69b0c15570617e2d86e543,-3.0,43.5,-0.039322025912468916,0.09986775554715087,-3.039322025912469,43.59986775554715,historical_closing_late_benchmark_exact_horizon_opaque,2023,C0-MARKET-RESIDUAL-MARGIN-TOTAL-V1,5f148219527b07d85261d3f196ace97a5eb5646271d43596032a692389abc579,2c5cc1af74fc5f3955e44361b82b791710e4b63bbc69b0c15570617e2d86e543,True
2024_17_LAC_NE,2024,17,NE,LAC,0.49843800935625604,-0.05239172543046067,43.38213409632679,13.564518459577533,-0.12104025808613939,0.18225680528951285,2023,A0-DYNAMIC-OPPONENT-ADJUSTED-JOINT-SCORE-V1,5f148219527b07d85261d3f196ace97a5eb5646271d43596032a692389abc579,2c5cc1af74fc5f3955e44361b82b791710e4b63bbc69b0c15570617e2d86e543,0.5294500000000001,1.334,47.7652,289.15575957595763,329.17458641864187,-20.09999999999991,23.0,26.0,72.0,2023,B0-POSSESSION-DRIVE-SCORE-PROCESS-V1,5f148219527b07d85261d3f196ace97a5eb5646271d43596032a692389abc579,2c5cc1af74fc5f3955e44361b82b791710e4b63bbc69b0c15570617e2d86e543,-6.0,42.0,0.24063412888843255,-0.00789315068617244,-5.759365871111568,41.99210684931383,historical_closing_late_benchmark_exact_horizon_opaque,2023,C0-MARKET-RESIDUAL-MARGIN-TOTAL-V1,5f148219527b07d85261d3f196ace97a5eb5646271d43596032a692389abc579,2c5cc1af74fc5f3955e44361b82b791710e4b63bbc69b0c15570617e2d86e543,True
2024_17_LV_NO,2024,17,NO,LV,0.5931077685474571,3.1518837552461214,41.624144731923735,13.564518459577533,0.2542789850998014,-0.05063459337534387,2023,A0-DYNAMIC-OPPONENT-ADJUSTED-JOINT-SCORE-V1,5f148219527b07d85261d3f196ace97a5eb5646271d43596032a692389abc579,2c5cc1af74fc5f3955e44361b82b791710e4b63bbc69b0c15570617e2d86e543,0.6364,6.1479,50.4843,307.33295888588856,351.7551290229023,-16.0,28.0,28.0,75.0,2023,B0-POSSESSION-DRIVE-SCORE-PROCESS-V1,5f148219527b07d85261d3f196ace97a5eb5646271d43596032a692389abc579,2c5cc1af74fc5f3955e44361b82b791710e4b63bbc69b0c15570617e2d86e543,-2.0,37.5,0.11761666555400963,-0.02575271208989985,-1.8823833344459904,37.4742472879101,historical_closing_late_benchmark_exact_horizon_opaque,2023,C0-MARKET-RESIDUAL-MARGIN-TOTAL-V1,5f148219527b07d85261d3f196ace97a5eb5646271d43596032a692389abc579,2c5cc1af74fc5f3955e44361b82b791710e4b63bbc69b0c15570617e2d86e543,True
2024_17_MIA_CLE,2024,17,CLE,MIA,0.41047704289700687,-3.028393881286455,44.637691066802056,13.564518459577533,-0.0006907806996171995,0.015863999038500387,2023,A0-DYNAMIC-OPPONENT-ADJUSTED-JOINT-SCORE-V1,5f148219527b07d85261d3f196ace97a5eb5646271d43596032a692389abc579,2c5cc1af74fc5f3955e44361b82b791710e4b63bbc69b0c15570617e2d86e543,0.38999999999999996,-5.2247,50.8965,322.874497359736,375.16790454045406,-28.0,17.0,27.0,76.0,2023,B0-POSSESSION-DRIVE-SCORE-PROCESS-V1,5f148219527b07d85261d3f196ace97a5eb5646271d43596032a692389abc579,2c5cc1af74fc5f3955e44361b82b791710e4b63bbc69b0c15570617e2d86e543,-3.0,32.5,-0.17613603254471966,-0.6032244130181039,-3.1761360325447194,31.896775586981896,historical_closing_late_benchmark_exact_horizon_opaque,2023,C0-MARKET-RESIDUAL-MARGIN-TOTAL-V1,5f148219527b07d85261d3f196ace97a5eb5646271d43596032a692389abc579,2c5cc1af74fc5f3955e44361b82b791710e4b63bbc69b0c15570617e2d86e543,True
2024_17_NYJ_BUF,2024,17,BUF,NYJ,0.7225876303049654,7.902179122518682,48.59123440557443,13.564518459577533,0.4107102763453971,0.10720431182697093,2023,A0-DYNAMIC-OPPONENT-ADJUSTED-JOINT-SCORE-V1,5f148219527b07d85261d3f196ace97a5eb5646271d43596032a692389abc579,2c5cc1af74fc5f3955e44361b82b791710e4b63bbc69b0c15570617e2d86e543,0.7565999999999999,12.1252,48.7734,308.16474143414337,351.93544598459846,-10.0,34.0,26.0,73.10000000000036,2023,B0-POSSESSION-DRIVE-SCORE-PROCESS-V1,5f148219527b07d85261d3f196ace97a5eb5646271d43596032a692389abc579,2c5cc1af74fc5f3955e44361b82b791710e4b63bbc69b0c15570617e2d86e543,10.0,44.5,-0.14929835698984345,-0.27173660727467075,9.850701643010156,44.22826339272533,historical_closing_late_benchmark_exact_horizon_opaque,2023,C0-MARKET-RESIDUAL-MARGIN-TOTAL-V1,5f148219527b07d85261d3f196ace97a5eb5646271d43596032a692389abc579,2c5cc1af74fc5f3955e44361b82b791710e4b63bbc69b0c15570617e2d86e543,True
2024_17_SEA_CHI,2024,17,CHI,SEA,0.526861031370695,0.9016425206090624,44.97510829024627,13.564518459577533,0.21328081856770464,0.1370969219709136,2023,A0-DYNAMIC-OPPONENT-ADJUSTED-JOINT-SCORE-V1,5f148219527b07d85261d3f196ace97a5eb5646271d43596032a692389abc579,2c5cc1af74fc5f3955e44361b82b791710e4b63bbc69b0c15570617e2d86e543,0.4656,-1.4509,47.6001,291.4945386438644,329.25310530053,-23.0,20.0,26.0,71.0,2023,B0-POSSESSION-DRIVE-SCORE-PROCESS-V1,5f148219527b07d85261d3f196ace97a5eb5646271d43596032a692389abc579,2c5cc1af74fc5f3955e44361b82b791710e4b63bbc69b0c15570617e2d86e543,-3.5,43.5,-0.0024012879805865583,0.10087922706738597,-3.5024012879805864,43.60087922706739,historical_closing_late_benchmark_exact_horizon_opaque,2023,C0-MARKET-RESIDUAL-MARGIN-TOTAL-V1,5f148219527b07d85261d3f196ace97a5eb5646271d43596032a692389abc579,2c5cc1af74fc5f3955e44361b82b791710e4b63bbc69b0c15570617e2d86e543,True
2024_17_TEN_JAX,2024,17,JAX,TEN,0.6113570750598708,3.7849607338921913,44.20784552748716,13.564518459577533,0.33518208716705844,0.09037614342823207,2023,A0-DYNAMIC-OPPONENT-ADJUSTED-JOINT-SCORE-V1,5f148219527b07d85261d3f196ace97a5eb5646271d43596032a692389abc579,2c5cc1af74fc5f3955e44361b82b791710e4b63bbc69b0c15570617e2d86e543,0.48995,-0.2834,47.5936,292.45693013301326,320.1028493249325,-22.0,22.0,26.0,71.0,2023,B0-POSSESSION-DRIVE-SCORE-PROCESS-V1,5f148219527b07d85261d3f196ace97a5eb5646271d43596032a692389abc579,2c5cc1af74fc5f3955e44361b82b791710e4b63bbc69b0c15570617e2d86e543,-1.0,38.0,0.03630769877244466,-0.05843724353076574,-0.9636923012275553,37.94156275646923,historical_closing_late_benchmark_exact_horizon_opaque,2023,C0-MARKET-RESIDUAL-MARGIN-TOTAL-V1,5f148219527b07d85261d3f196ace97a5eb5646271d43596032a692389abc579,2c5cc1af74fc5f3955e44361b82b791710e4b63bbc69b0c15570617e2d86e543,True
2024_18_BUF_NE,2024,18,NE,BUF,0.3482066964619156,-5.220874641824334,47.73598865649957,13.564518459577533,-0.5664672579372068,-0.21674140741513226,2023,A0-DYNAMIC-OPPONENT-ADJUSTED-JOINT-SCORE-V1,5f148219527b07d85261d3f196ace97a5eb5646271d43596032a692389abc579,2c5cc1af74fc5f3955e44361b82b791710e4b63bbc69b0c15570617e2d86e543,0.38795,-4.8507,48.4423,307.16592610261023,346.55872658265827,-27.0,17.0,26.0,73.0,2023,B0-POSSESSION-DRIVE-SCORE-PROCESS-V1,5f148219527b07d85261d3f196ace97a5eb5646271d43596032a692389abc579,2c5cc1af74fc5f3955e44361b82b791710e4b63bbc69b0c15570617e2d86e543,-3.0,36.5,-0.3792875623531149,-0.49317435369849216,-3.379287562353115,36.00682564630151,historical_closing_late_benchmark_exact_horizon_opaque,2023,C0-MARKET-RESIDUAL-MARGIN-TOTAL-V1,5f148219527b07d85261d3f196ace97a5eb5646271d43596032a692389abc579,2c5cc1af74fc5f3955e44361b82b791710e4b63bbc69b0c15570617e2d86e543,True
2024_18_CAR_ATL,2024,18,ATL,CAR,0.6634641869235236,5.645988128372988,43.96624921016647,13.564518459577533,0.43709280544861695,-0.21688109568008657,2023,A0-DYNAMIC-OPPONENT-ADJUSTED-JOINT-SCORE-V1,5f148219527b07d85261d3f196ace97a5eb5646271d43596032a692389abc579,2c5cc1af74fc5f3955e44361b82b791710e4b63bbc69b0c15570617e2d86e543,0.59165,4.156,50.812,303.379401940194,367.55481148114814,-18.0,27.0,27.0,77.0,2023,B0-POSSESSION-DRIVE-SCORE-PROCESS-V1,5f148219527b07d85261d3f196ace97a5eb5646271d43596032a692389abc579,2c5cc1af74fc5f3955e44361b82b791710e4b63bbc69b0c15570617e2d86e543,7.5,48.5,-0.14307983449870587,0.6667554554569355,7.356920165501294,49.166755455456936,historical_closing_late_benchmark_exact_horizon_opaque,2023,C0-MARKET-RESIDUAL-MARGIN-TOTAL-V1,5f148219527b07d85261d3f196ace97a5eb5646271d43596032a692389abc579,2c5cc1af74fc5f3955e44361b82b791710e4b63bbc69b0c15570617e2d86e543,True
2024_18_CHI_GB,2024,18,GB,CHI,0.7088765183435036,7.3610416578495155,47.03820193244698,13.564518459577533,-0.10052274985248984,0.06596169353292083,2023,A0-DYNAMIC-OPPONENT-ADJUSTED-JOINT-SCORE-V1,5f148219527b07d85261d3f196ace97a5eb5646271d43596032a692389abc579,2c5cc1af74fc5f3955e44361b82b791710e4b63bbc69b0c15570617e2d86e543,0.67285,8.0671,50.5937,316.3454321332133,372.5334736573657,-14.0,31.0,27.0,77.0,2023,B0-POSSESSION-DRIVE-SCORE-PROCESS-V1,5f148219527b07d85261d3f196ace97a5eb5646271d43596032a692389abc579,2c5cc1af74fc5f3955e44361b82b791710e4b63bbc69b0c15570617e2d86e543,10.0,41.5,0.01688289167823584,-0.6361509845088659,10.016882891678236,40.863849015491134,historical_closing_late_benchmark_exact_horizon_opaque,2023,C0-MARKET-RESIDUAL-MARGIN-TOTAL-V1,5f148219527b07d85261d3f196ace97a5eb5646271d43596032a692389abc579,2c5cc1af74fc5f3955e44361b82b791710e4b63bbc69b0c15570617e2d86e543,True
2024_18_CIN_PIT,2024,18,PIT,CIN,0.519537504091402,0.6555803945642573,47.64449620364181,13.564518459577533,-0.28737213721819865,0.34116769208503217,2023,A0-DYNAMIC-OPPONENT-ADJUSTED-JOINT-SCORE-V1,5f148219527b07d85261d3f196ace97a5eb5646271d43596032a692389abc579,2c5cc1af74fc5f3955e44361b82b791710e4b63bbc69b0c15570617e2d86e543,0.5565,2.4551,47.8881,280.3782218121812,329.4945278427843,-19.0,24.0,26.0,72.0,2023,B0-POSSESSION-DRIVE-SCORE-PROCESS-V1,5f148219527b07d85261d3f196ace97a5eb5646271d43596032a692389abc579,2c5cc1af74fc5f3955e44361b82b791710e4b63bbc69b0c15570617e2d86e543,-2.5,48.5,-0.3253519800334068,0.43612230528984675,-2.825351980033407,48.93612230528985,historical_closing_late_benchmark_exact_horizon_opaque,2023,C0-MARKET-RESIDUAL-MARGIN-TOTAL-V1,5f148219527b07d85261d3f196ace97a5eb5646271d43596032a692389abc579,2c5cc1af74fc5f3955e44361b82b791710e4b63bbc69b0c15570617e2d86e543,True
2024_18_CLE_BAL,2024,18,BAL,CLE,0.8485088978169357,13.783370352535297,46.27012991632307,13.564518459577533,0.16167881670700418,0.6060823083071125,2023,A0-DYNAMIC-OPPONENT-ADJUSTED-JOINT-SCORE-V1,5f148219527b07d85261d3f196ace97a5eb5646271d43596032a692389abc579,2c5cc1af74fc5f3955e44361b82b791710e4b63bbc69b0c15570617e2d86e543,0.84115,18.1825,52.8613,341.6519589458946,386.11067337733766,-5.0,42.0,29.0,79.0,2023,B0-POSSESSION-DRIVE-SCORE-PROCESS-V1,5f148219527b07d85261d3f196ace97a5eb5646271d43596032a692389abc579,2c5cc1af74fc5f3955e44361b82b791710e4b63bbc69b0c15570617e2d86e543,19.5,42.5,-0.5757913244647678,0.20849896750399502,18.924208675535233,42.70849896750399,historical_closing_late_benchmark_exact_horizon_opaque,2023,C0-MARKET-RESIDUAL-MARGIN-TOTAL-V1,5f148219527b07d85261d3f196ace97a5eb5646271d43596032a692389abc579,2c5cc1af74fc5f3955e44361b82b791710e4b63bbc69b0c15570617e2d86e543,True
2024_18_HOU_TEN,2024,18,TEN,HOU,0.4992336065800142,-0.02570604113439856,42.93593395928056,13.564518459577533,-0.4208104832769439,-0.014884007816759082,2023,A0-DYNAMIC-OPPONENT-ADJUSTED-JOINT-SCORE-V1,5f148219527b07d85261d3f196ace97a5eb5646271d43596032a692389abc579,2c5cc1af74fc5f3955e44361b82b791710e4b63bbc69b0c15570617e2d86e543,0.551,2.2833,48.0751,288.0190430143014,335.45480547054706,-19.0,24.0,26.0,72.0,2023,B0-POSSESSION-DRIVE-SCORE-PROCESS-V1,5f148219527b07d85261d3f196ace97a5eb5646271d43596032a692389abc579,2c5cc1af74fc5f3955e44361b82b791710e4b63bbc69b0c15570617e2d86e543,2.5,36.5,0.032870728725386045,-0.4663869357075563,2.532870728725386,36.033613064292446,historical_closing_late_benchmark_exact_horizon_opaque,2023,C0-MARKET-RESIDUAL-MARGIN-TOTAL-V1,5f148219527b07d85261d3f196ace97a5eb5646271d43596032a692389abc579,2c5cc1af74fc5f3955e44361b82b791710e4b63bbc69b0c15570617e2d86e543,True
2024_18_JAX_IND,2024,18,IND,JAX,0.5415170083121105,1.3950680607611332,46.018132694017424,13.564518459577533,0.14304969256064995,-0.4005965101544604,2023,A0-DYNAMIC-OPPONENT-ADJUSTED-JOINT-SCORE-V1,5f148219527b07d85261d3f196ace97a5eb5646271d43596032a692389abc579,2c5cc1af74fc5f3955e44361b82b791710e4b63bbc69b0c15570617e2d86e543,0.60065,4.5412,50.573,305.3238349434943,367.73104410441044,-17.0,27.0,27.0,76.0,2023,B0-POSSESSION-DRIVE-SCORE-PROCESS-V1,5f148219527b07d85261d3f196ace97a5eb5646271d43596032a692389abc579,2c5cc1af74fc5f3955e44361b82b791710e4b63bbc69b0c15570617e2d86e543,3.5,45.5,-0.19513252537230624,0.074439895298499,3.304867474627694,45.5744398952985,historical_closing_late_benchmark_exact_horizon_opaque,2023,C0-MARKET-RESIDUAL-MARGIN-TOTAL-V1,5f148219527b07d85261d3f196ace97a5eb5646271d43596032a692389abc579,2c5cc1af74fc5f3955e44361b82b791710e4b63bbc69b0c15570617e2d86e543,True
2024_18_KC_DEN,2024,18,DEN,KC,0.4772376551989339,-0.7638991117539575,46.53886997981025,13.564518459577533,0.19493139077453253,-0.4546237248448422,2023,A0-DYNAMIC-OPPONENT-ADJUSTED-JOINT-SCORE-V1,5f148219527b07d85261d3f196ace97a5eb5646271d43596032a692389abc579,2c5cc1af74fc5f3955e44361b82b791710e4b63bbc69b0c15570617e2d86e543,0.41009999999999996,-3.9094,46.77,286.36522816281627,325.1496149614961,-25.0,17.0,24.0,70.0,2023,B0-POSSESSION-DRIVE-SCORE-PROCESS-V1,5f148219527b07d85261d3f196ace97a5eb5646271d43596032a692389abc579,2c5cc1af74fc5f3955e44361b82b791710e4b63bbc69b0c15570617e2d86e543,10.5,40.5,-0.2511391532544238,-0.5518481811088942,10.248860846745576,39.948151818891105,historical_closing_late_benchmark_exact_horizon_opaque,2023,C0-MARKET-RESIDUAL-MARGIN-TOTAL-V1,5f148219527b07d85261d3f196ace97a5eb5646271d43596032a692389abc579,2c5cc1af74fc5f3955e44361b82b791710e4b63bbc69b0c15570617e2d86e543,True
2024_18_LAC_LV,2024,18,LV,LAC,0.5138660447307412,0.4651823521340077,43.23581291347725,13.564518459577533,0.31225772187019807,0.31348572968905647,2023,A0-DYNAMIC-OPPONENT-ADJUSTED-JOINT-SCORE-V1,5f148219527b07d85261d3f196ace97a5eb5646271d43596032a692389abc579,2c5cc1af74fc5f3955e44361b82b791710e4b63bbc69b0c15570617e2d86e543,0.42545,-3.2428,52.4818,324.0138495449545,372.5567244324432,-26.0,20.0,29.0,78.0,2023,B0-POSSESSION-DRIVE-SCORE-PROCESS-V1,5f148219527b07d85261d3f196ace97a5eb5646271d43596032a692389abc579,2c5cc1af74fc5f3955e44361b82b791710e4b63bbc69b0c15570617e2d86e543,-7.0,42.5,0.17256089393413043,0.18418197933390407,-6.82743910606587,42.68418197933391,historical_closing_late_benchmark_exact_horizon_opaque,2023,C0-MARKET-RESIDUAL-MARGIN-TOTAL-V1,5f148219527b07d85261d3f196ace97a5eb5646271d43596032a692389abc579,2c5cc1af74fc5f3955e44361b82b791710e4b63bbc69b0c15570617e2d86e543,True
2024_18_MIA_NYJ,2024,18,NYJ,MIA,0.46533707157049703,-1.1641151963961534,46.56051600986459,13.564518459577533,-0.5020030297415625,0.3278258380139609,2023,A0-DYNAMIC-OPPONENT-ADJUSTED-JOINT-SCORE-V1,5f148219527b07d85261d3f196ace97a5eb5646271d43596032a692389abc579,2c5cc1af74fc5f3955e44361b82b791710e4b63bbc69b0c15570617e2d86e543,0.43285,-2.9147,46.1737,284.2018440944094,331.3038586958696,-24.0,18.0,24.0,71.0,2023,B0-POSSESSION-DRIVE-SCORE-PROCESS-V1,5f148219527b07d85261d3f196ace97a5eb5646271d43596032a692389abc579,2c5cc1af74fc5f3955e44361b82b791710e4b63bbc69b0c15570617e2d86e543,1.5,39.5,-0.30201708010330797,-0.33195835834805576,1.197982919896692,39.168041641651946,historical_closing_late_benchmark_exact_horizon_opaque,2023,C0-MARKET-RESIDUAL-MARGIN-TOTAL-V1,5f148219527b07d85261d3f196ace97a5eb5646271d43596032a692389abc579,2c5cc1af74fc5f3955e44361b82b791710e4b63bbc69b0c15570617e2d86e543,True
2024_18_MIN_DET,2024,18,DET,MIN,0.6562831120827508,5.383770103864016,52.43522327076801,13.564518459577533,0.5286487986369643,-0.13828641654747856,2023,A0-DYNAMIC-OPPONENT-ADJUSTED-JOINT-SCORE-V1,5f148219527b07d85261d3f196ace97a5eb5646271d43596032a692389abc579,2c5cc1af74fc5f3955e44361b82b791710e4b63bbc69b0c15570617e2d86e543,0.49275,-0.126,57.564,350.9230163016302,428.14251825182527,-24.0,24.0,33.0,85.0,2023,B0-POSSESSION-DRIVE-SCORE-PROCESS-V1,5f148219527b07d85261d3f196ace97a5eb5646271d43596032a692389abc579,2c5cc1af74fc5f3955e44361b82b791710e4b63bbc69b0c15570617e2d86e543,3.0,56.5,0.07066715581651295,-0.20441178518641787,3.070667155816513,56.295588214813584,historical_closing_late_benchmark_exact_horizon_opaque,2023,C0-MARKET-RESIDUAL-MARGIN-TOTAL-V1,5f148219527b07d85261d3f196ace97a5eb5646271d43596032a692389abc579,2c5cc1af74fc5f3955e44361b82b791710e4b63bbc69b0c15570617e2d86e543,True
2024_18_NO_TB,2024,18,TB,NO,0.7025761663770551,7.1164177548521685,46.42725335356923,13.564518459577533,-0.4469256726260456,0.1347392624440659,2023,A0-DYNAMIC-OPPONENT-ADJUSTED-JOINT-SCORE-V1,5f148219527b07d85261d3f196ace97a5eb5646271d43596032a692389abc579,2c5cc1af74fc5f3955e44361b82b791710e4b63bbc69b0c15570617e2d86e543,0.5761499999999999,3.2378,52.3084,318.1962707870787,381.150404480448,-19.0,26.0,28.0,78.0,2023,B0-POSSESSION-DRIVE-SCORE-PROCESS-V1,5f148219527b07d85261d3f196ace97a5eb5646271d43596032a692389abc579,2c5cc1af74fc5f3955e44361b82b791710e4b63bbc69b0c15570617e2d86e543,14.5,44.5,-0.39682061743885094,-0.04743756324339754,14.10317938256115,44.4525624367566,historical_closing_late_benchmark_exact_horizon_opaque,2023,C0-MARKET-RESIDUAL-MARGIN-TOTAL-V1,5f148219527b07d85261d3f196ace97a5eb5646271d43596032a692389abc579,2c5cc1af74fc5f3955e44361b82b791710e4b63bbc69b0c15570617e2d86e543,True
2024_18_NYG_PHI,2024,18,PHI,NYG,0.7178008334217542,7.711832005953433,46.40589173707831,13.564518459577533,0.303258480643663,-0.3468389841360316,2023,A0-DYNAMIC-OPPONENT-ADJUSTED-JOINT-SCORE-V1,5f148219527b07d85261d3f196ace97a5eb5646271d43596032a692389abc579,2c5cc1af74fc5f3955e44361b82b791710e4b63bbc69b0c15570617e2d86e543,0.76545,12.9896,49.002,310.013493189319,356.18581458145815,-10.0,36.0,26.0,74.0,2023,B0-POSSESSION-DRIVE-SCORE-PROCESS-V1,5f148219527b07d85261d3f196ace97a5eb5646271d43596032a692389abc579,2c5cc1af74fc5f3955e44361b82b791710e4b63bbc69b0c15570617e2d86e543,3.0,36.5,0.06099088376579509,-0.4834352647296639,3.060990883765795,36.016564735270336,historical_closing_late_benchmark_exact_horizon_opaque,2023,C0-MARKET-RESIDUAL-MARGIN-TOTAL-V1,5f148219527b07d85261d3f196ace97a5eb5646271d43596032a692389abc579,2c5cc1af74fc5f3955e44361b82b791710e4b63bbc69b0c15570617e2d86e543,True
2024_18_SEA_LA,2024,18,LA,SEA,0.6092401994728848,3.711116713423106,47.11074915662597,13.564518459577533,0.3668228481310196,0.09449139189579098,2023,A0-DYNAMIC-OPPONENT-ADJUSTED-JOINT-SCORE-V1,5f148219527b07d85261d3f196ace97a5eb5646271d43596032a692389abc579,2c5cc1af74fc5f3955e44361b82b791710e4b63bbc69b0c15570617e2d86e543,0.571,3.0707,50.1409,307.07560907090715,364.0134485348535,-19.0,25.0,27.0,75.0,2023,B0-POSSESSION-DRIVE-SCORE-PROCESS-V1,5f148219527b07d85261d3f196ace97a5eb5646271d43596032a692389abc579,2c5cc1af74fc5f3955e44361b82b791710e4b63bbc69b0c15570617e2d86e543,-7.5,38.5,0.3922141226051886,-0.7122789882427307,-7.107785877394812,37.78772101175727,historical_closing_late_benchmark_exact_horizon_opaque,2023,C0-MARKET-RESIDUAL-MARGIN-TOTAL-V1,5f148219527b07d85261d3f196ace97a5eb5646271d43596032a692389abc579,2c5cc1af74fc5f3955e44361b82b791710e4b63bbc69b0c15570617e2d86e543,True
2024_18_SF_ARI,2024,18,ARI,SF,0.5164543594395273,0.552061336848439,50.02291865236621,13.564518459577533,-0.21117961567232113,-0.7822886886469009,2023,A0-DYNAMIC-OPPONENT-ADJUSTED-JOINT-SCORE-V1,5f148219527b07d85261d3f196ace97a5eb5646271d43596032a692389abc579,2c5cc1af74fc5f3955e44361b82b791710e4b63bbc69b0c15570617e2d86e543,0.45749999999999996,-2.0106,54.8952,346.4889365336534,395.92980994099406,-26.0,21.0,31.0,81.0,2023,B0-POSSESSION-DRIVE-SCORE-PROCESS-V1,5f148219527b07d85261d3f196ace97a5eb5646271d43596032a692389abc579,2c5cc1af74fc5f3955e44361b82b791710e4b63bbc69b0c15570617e2d86e543,4.5,42.5,-0.4349726648796053,-0.40965589735519703,4.065027335120394,42.090344102644806,historical_closing_late_benchmark_exact_horizon_opaque,2023,C0-MARKET-RESIDUAL-MARGIN-TOTAL-V1,5f148219527b07d85261d3f196ace97a5eb5646271d43596032a692389abc579,2c5cc1af74fc5f3955e44361b82b791710e4b63bbc69b0c15570617e2d86e543,True
2024_18_WAS_DAL,2024,18,DAL,WAS,0.5604589805167103,2.0357134753186834,48.33836128946827,13.564518459577533,0.7412588241285454,0.8565103584031015,2023,A0-DYNAMIC-OPPONENT-ADJUSTED-JOINT-SCORE-V1,5f148219527b07d85261d3f196ace97a5eb5646271d43596032a692389abc579,2c5cc1af74fc5f3955e44361b82b791710e4b63bbc69b0c15570617e2d86e543,0.6011000000000001,4.6407,52.3251,325.38934244424445,360.83849383938394,-18.0,27.0,29.0,77.10000000000036,2023,B0-POSSESSION-DRIVE-SCORE-PROCESS-V1,5f148219527b07d85261d3f196ace97a5eb5646271d43596032a692389abc579,2c5cc1af74fc5f3955e44361b82b791710e4b63bbc69b0c15570617e2d86e543,-7.0,43.5,0.17875506572742023,-0.37703037309999865,-6.821244934272579,43.1229696269,historical_closing_late_benchmark_exact_horizon_opaque,2023,C0-MARKET-RESIDUAL-MARGIN-TOTAL-V1,5f148219527b07d85261d3f196ace97a5eb5646271d43596032a692389abc579,2c5cc1af74fc5f3955e44361b82b791710e4b63bbc69b0c15570617e2d86e543,True
