game_id,season,week,CONSTANT_SCALE_NO_KEY_integer_log_score,CONDITIONAL_SCALE_NO_KEY_integer_log_score,CONSTANT_SCALE_KEY_integer_log_score,FULL_CONDITIONAL_SCALE_KEY_integer_log_score
2022_01_BAL_NYJ,2022,1,3.7031912642465303,3.701519878749947,3.8687728256765452,3.8657044737883153
2022_01_BUF_LA,2022,1,4.688661485922284,4.671305221866199,4.772137614851303,4.731971195809207
2022_01_CLE_CAR,2022,1,3.5409215267463554,3.5411738218152964,3.7340089573118744,3.7471640990489257
2022_01_DEN_SEA,2022,1,3.6308476340383122,3.6292015306583547,3.805532021351651,3.8033950068684663
2022_01_GB_MIN,2022,1,4.040962391177573,4.040350762273285,4.184629666401698,4.184262468371994
2022_01_IND_HOU,2022,1,3.6308476340383122,3.6300512472554414,5.4738463540624,5.462263835034614
2022_01_JAX_WAS,2022,1,3.505590698138951,3.506497449149486,3.701329350787218,3.7138611134895285
2022_01_KC_ARI,2022,1,4.361870293155632,4.355245927020685,4.4651601183891225,4.462644802331678
2022_01_LV_LAC,2022,1,3.4843535234944216,3.495307172695304,3.6811762476901433,3.7010619345450997
2022_01_NE_MIA,2022,1,3.789097674954528,3.791185520719513,3.956582978725336,3.9641686029980727
2022_01_NO_ATL,2022,1,3.5558148684713715,3.5532608410212094,3.738000142632579,3.7345741639857732
2022_01_NYG_TEN,2022,1,3.6097813145710713,3.608041835755748,3.788340544781064,3.787740053042836
2022_01_PHI_DET,2022,1,3.505590698138951,3.509191454032386,2.5339536089055446,2.528670689069936
2022_01_PIT_CIN,2022,1,3.8207089739790794,3.819525528178829,2.8116276088533922,2.8013417846549564
2022_01_SF_CHI,2022,1,4.216142762934545,4.221406357132881,4.331522253165624,4.34028826365001
2022_01_TB_DAL,2022,1,4.040962391177571,4.040079334441228,4.184629666401702,4.184047282913069
2022_02_ARI_LV,2022,2,3.888340942587632,3.8897687131259704,4.039303121785658,4.042001054519937
2022_02_ATL_LA,2022,2,3.6097813145710713,3.6059735097173564,3.7655581831471143,3.744292391732521
2022_02_CAR_NYG,2022,2,3.527583777689788,3.531434883589627,2.5648711627318117,2.5804526605082363
2022_02_CHI_GB,2022,2,3.6097813145710713,3.601690326600966,3.7655581831471125,3.7401001395178026
2022_02_CIN_DAL,2022,2,3.8207089739790807,3.8184832242334448,2.811627608853389,2.800360367667368
2022_02_HOU_DEN,2022,2,3.5158056474601596,3.5104509469318637,2.912611110635233,2.8806771752098967
2022_02_IND_JAX,2022,2,5.618687963320852,5.61580744376284,5.614639812845004,5.580699321770772
2022_02_LAC_KC,2022,2,3.4804175217657325,3.4907964923088306,2.5175710517140035,2.5275029718256943
2022_02_MIA_BAL,2022,2,3.6308476340383122,3.6319720971933758,3.8140463344999747,3.8240987098715222
2022_02_MIN_PHI,2022,2,4.125779192891764,4.123431041328967,4.261205249443263,4.2571645786677825
2022_02_NE_PIT,2022,2,3.477268001397251,3.473405744466866,2.516993353304253,2.518552169035065
2022_02_NYJ_CLE,2022,2,3.653442610515739,3.646520535884626,3.82397301323864,3.8154894147950205
2022_02_SEA_SF,2022,2,3.888340942587628,3.886331025198447,4.02685040214884,4.023249921779319
2022_02_TB_NO,2022,2,3.653442610515739,3.6549279039977547,3.835284016302776,3.8466547229745367
2022_02_TEN_BUF,2022,2,5.193107599356991,5.2005459556751905,5.200517166540305,5.2584600982918595
2022_02_WAS_DET,2022,2,3.789097674954528,3.792935738469182,3.9592015422369586,3.971940482858544
2022_03_ATL_SEA,2022,3,3.5558148684713715,3.558310094165124,3.749133019292526,3.769644403117346
2022_03_BAL_NE,2022,3,3.7031912642465303,3.7055212867995886,3.8800838287406805,3.8909499218545047
2022_03_BUF_MIA,2022,3,3.5902499295093335,3.599630172049458,3.775248182614385,3.790182807053084
2022_03_CIN_NYJ,2022,3,3.7031912642465303,3.702925422366803,3.8687728256765452,3.867013440717673
2022_03_DAL_NYG,2022,3,3.6775595331652307,3.675517768190566,3.090340922872684,3.097374721837354
2022_03_DET_MIN,2022,3,3.496942024158061,3.5032530955979335,3.68313398921115,3.6853096225788056
2022_03_GB_TB,2022,3,3.5055906981389526,3.5064544574724197,3.7039479142988405,3.7249528998927204
2022_03_HOU_CHI,2022,3,3.477268001397251,3.473405744466866,2.516993353304253,2.5185521690350656
2022_03_JAX_LAC,2022,3,6.8352712680786425,6.837702644707191,6.716515905816362,6.747754676118424
2022_03_KC_IND,2022,3,3.653442610515737,3.6587353007288645,2.671919945636364,2.673606998755549
2022_03_LA_ARI,2022,3,3.5409215267463554,3.5471626605226865,3.732062757635247,3.7467116389541513
2022_03_LV_TEN,2022,3,3.5158056474601596,3.520923008702446,3.7127246973235577,3.7350886749264056
2022_03_NO_CAR,2022,3,3.789097674954528,3.788673008427893,3.958214347460015,3.965224469031632
2022_03_PHI_WAS,2022,3,3.7890976749545273,3.7896420219909195,3.948068665577011,3.9489010211755438
2022_03_PIT_CLE,2022,3,3.653442610515737,3.647747842660304,3.8307813743697134,3.829655959939829
2022_03_SF_DEN,2022,3,3.4898622491881337,3.49403415108291,3.6898005401049065,3.714405338546946
2022_04_ARI_CAR,2022,4,3.853793243746746,3.8549021470429827,4.0175146059988895,4.025228430573245
2022_04_BUF_BAL,2022,4,3.477268001397251,3.4862369762043492,2.516993353304253,2.530183430002674
2022_04_CHI_NYG,2022,4,3.5558148684713715,3.551334503640943,3.746514455780903,3.753078623540008
2022_04_CLE_ATL,2022,4,3.527583777689788,3.535942336636953,2.5648711627318117,2.5845252467850193
2022_04_DEN_LV,2022,4,3.6097813145710713,3.6128858042096095,3.7959777850974867,3.8099435971769164
2022_04_JAX_PHI,2022,4,3.4843535234944216,3.4813583710201366,3.6718114443026355,3.665189709391105
2022_04_KC_TB,2022,4,3.853793243746746,3.8557427002159197,4.0175146059988895,4.026033060321665
2022_04_LAC_HOU,2022,4,3.5409215267463554,3.5405587083973176,3.7263717169954496,3.726948248374411
2022_04_LA_SF,2022,4,4.082671437642106,4.082373662045241,4.224004440733989,4.22162584215845
2022_04_MIA_CIN,2022,4,3.6775595331652347,3.681117139885273,3.8538501034062573,3.8623954807819545
2022_04_MIN_NO,2022,4,3.4804175217657325,3.4780454069822038,2.5175710517140075,2.5158772757605017
2022_04_NE_GB,2022,4,3.6308476340383122,3.622242431611452,2.628362886879142,2.598096322039995
2022_04_NYJ_PIT,2022,4,3.6308476340383122,3.6291535222765834,3.8140463344999747,3.8215328534933257
2022_04_SEA_DET,2022,4,3.5902499295093375,3.5958541173386904,2.61864162946351,2.6263744936003293
2022_04_TEN_IND,2022,4,3.888340942587632,3.888022593613232,3.2740551005413487,3.271445269435178
2022_04_WAS_DAL,2022,4,3.9243421574652277,3.9239771849165432,4.078512258179435,4.08097534273929
2022_05_ATL_TB,2022,5,3.5409215267463554,3.5358590844184468,3.7035893553615,3.6777550998389934
2022_05_CHI_MIN,2022,5,3.5055906981389526,3.4983346268646525,2.9061247122720637,2.874366624037321
2022_05_CIN_BAL,2022,5,3.4804175217657325,3.4863993231879546,3.678687356029828,3.696360363064592
2022_05_DAL_LA,2022,5,4.413109317092977,4.4167200807650495,4.513280016206478,4.5187029501867295
2022_05_DET_NE,2022,5,5.472582607795071,5.459494471512553,5.481568692229571,5.44116444305999
2022_05_HOU_JAX,2022,5,4.08267143764211,4.083381387608242,3.4405621860200815,3.4394817002248637
2022_05_IND_DEN,2022,5,3.6097813145710713,3.6085145328190453,2.6351701566875114,2.634563317768577
2022_05_LAC_CLE,2022,5,3.4804175217657325,3.488439010388812,3.6813059195414506,3.709749506678555
2022_05_LV_KC,2022,5,3.6097813145710713,3.6132332124411453,3.780499032904748,3.7776522120817138
2022_05_MIA_NYJ,2022,5,5.472582607795071,5.4611824384754195,5.48156869222957,5.4427011663103775
2022_05_NYG_GB,2022,5,4.040962391177571,4.041934709720208,4.1645397064484575,4.16818283244639
2022_05_PHI_ARI,2022,5,3.496942024158061,3.5006809436661155,2.5279463232255095,2.5249873075626277
2022_05_PIT_BUF,2022,5,4.807648370083008,4.828221897227446,4.827487630229974,4.9119271647713845
2022_05_SEA_NO,2022,5,3.4843535234944216,3.484570154897366,2.907102587422675,2.903544451213743
2022_05_SF_CAR,2022,5,4.263373798156903,4.267650179704681,4.37610723476992,4.383195255442967
2022_05_TEN_WAS,2022,5,3.5055906981389526,3.508381070253938,3.7039479142988405,3.7266908882000993
2022_06_ARI_SEA,2022,6,3.9617866131179733,3.962314790366385,4.113183745669899,4.115881138002413
2022_06_BAL_NYG,2022,6,3.7589685081043087,3.7593435510215736,3.92269223581425,3.924244389165461
2022_06_BUF_KC,2022,6,3.4843535234944216,3.4982167876692456,3.683122447366773,3.7100615127954795
2022_06_CAR_LA,2022,6,3.527583777689788,3.517648582201242,3.694292009066056,3.6654892289677066
2022_06_CIN_NO,2022,6,3.4804175217657325,3.480043663669857,3.6786873560298274,3.6905986027009803
2022_06_DAL_PHI,2022,6,3.496942024158061,3.4921081100938687,3.6831339892111483,3.6749346061762003
2022_06_DEN_LAC,2022,6,3.478055441421026,3.480931576292664,2.516650446502368,2.5220403401950158
2022_06_JAX_IND,2022,6,3.5902499295093335,3.5904192638186037,3.0117390020808115,3.0242046804889817
2022_06_MIN_MIA,2022,6,3.5558148684713715,3.5582706408476446,3.7465144557809027,3.7593773113697426
2022_06_NE_CLE,2022,6,5.401097690007003,5.398582628912606,5.417396940718731,5.38201968271726
2022_06_NYJ_GB,2022,6,5.2613441356014246,5.270202400857132,5.274789941444495,5.308636061590829
2022_06_SF_ATL,2022,6,4.413109317092978,4.410265769425829,4.518971056846274,4.510931846389804
2022_06_TB_PIT,2022,6,3.9243421574652277,3.9238922671037995,4.051690239291952,4.049309704872133
2022_06_WAS_CHI,2022,6,3.5275837776897863,3.524527283221167,3.723732591465159,3.7403341319522503
2022_07_ATL_CIN,2022,7,3.888340942587628,3.888599553688065,4.03562935903795,4.036301587269109
2022_07_CHI_NE,2022,7,5.845440997269697,5.888477860597498,5.797189448583462,5.907128379222809
2022_07_CLE_BAL,2022,7,3.5158056474601596,3.515360520511125,2.5412409004157936,2.5300695877107975
2022_07_DET_DAL,2022,7,3.8537932437467473,3.854585910870576,4.00245497091265,4.002610813895352
2022_07_GB_WAS,2022,7,3.5902499295093335,3.5878686814982452,3.775248182614385,3.779440586859665
2022_07_HOU_LV,2022,7,3.8537932437467473,3.8535003952885125,4.00245497091265,4.001595449069181
2022_07_IND_TEN,2022,7,3.6097813145710713,3.610489362982672,3.7959777850974867,3.807765888616135
2022_07_KC_SF,2022,7,4.688661485922284,4.674967320534096,4.772137614851303,4.7351766233107755
2022_07_NO_ARI,2022,7,3.57225931665542,3.5741113090484866,3.7622072922995033,3.776002366831683
2022_07_NYG_JAX,2022,7,3.730330246035237,3.731137434219889,3.9036340201987367,3.911284029477727
2022_07_NYJ_DEN,2022,7,3.5558148684713715,3.549906979672529,2.9797632048879104,2.984267462413475
2022_07_PIT_MIA,2022,7,3.4843535234944216,3.4806873742946443,3.667643695174032,3.6555893877916277
2022_07_SEA_LAC,2022,7,4.631017328048826,4.622142621120559,4.71054880840982,4.704654700893754
2022_07_TB_CAR,2022,7,6.242527676794023,6.316633510633978,6.140174537896437,6.364736923862797
2022_08_ARI_MIN,2022,8,3.527583777689788,3.532882832822128,3.718859152371064,3.730835671376873
2022_08_BAL_TB,2022,8,3.6308476340383122,3.634679133644657,3.8156777032346536,3.8313325643663374
2022_08_CAR_ATL,2022,8,3.4843535234944216,3.479978615019437,2.5197583767003606,2.5139125201539856
2022_08_CHI_DAL,2022,8,3.7589685081043087,3.754743611136796,3.8999098741803,3.8854213206032164
2022_08_CIN_CLE,2022,8,4.9314667818632785,4.926318365320425,4.989710200123231,4.967219273520537
2022_08_DEN_JAX,2022,8,3.5558148684713715,3.555999155770926,3.749133019292526,3.7675533974786783
2022_08_GB_BUF,2022,8,3.478055441421026,3.473495239599404,3.6470384729619707,3.6186317277883613
2022_08_LV_NO,2022,8,5.330679503216157,5.306343617326314,5.355050858477999,5.285051694000331
2022_08_MIA_DET,2022,8,3.478055441421026,3.488598020203761,3.6755118752357174,3.6951295280019285
2022_08_NE_NYJ,2022,8,3.4898622491881337,3.4860976085050663,3.6871819765932874,3.69581626644944
2022_08_NYG_SEA,2022,8,3.8537932437467473,3.8543776757757797,4.014896042487264,4.019737339390346
2022_08_PIT_PHI,2022,8,3.8537932437467473,3.8512221757302227,3.982601653991287,3.9734059371365564
2022_08_SF_LA,2022,8,4.263373798156903,4.2625224965014885,4.3872401114298665,4.3774944809806815
2022_08_TEN_HOU,2022,8,3.5902499295093375,3.5881925517647693,3.011739002080811,3.022185315413457
2022_08_WAS_IND,2022,8,3.5275837776897863,3.5247530854972315,3.721114027953537,3.72978290671726
2022_09_BAL_NO,2022,9,4.000663681453414,4.0005097038553545,4.149984301081899,4.150973360718444
2022_09_BUF_NYJ,2022,9,4.082671437642106,4.083932125720416,3.0302300599930403,3.0295254801417473
2022_09_CAR_CIN,2022,9,4.082671437642106,4.083642422973131,4.208944805647753,4.212702885373335
2022_09_GB_DET,2022,9,3.789097674954528,3.791829015210963,3.954328103142861,3.9607593105328447
2022_09_IND_NE,2022,9,4.46565747936435,4.471703583508153,4.562464336065511,4.568069065233117
2022_09_LAC_ATL,2022,9,3.478055441421026,3.487097597147215,2.5185966461789957,2.5340758406298862
2022_09_LA_TB,2022,9,3.477268001397251,3.477564318389671,2.516993353304253,2.5223211085615374
2022_09_LV_JAX,2022,9,3.7589685081043087,3.7619455742245953,3.161946856503004,3.167393590267826
2022_09_MIA_CHI,2022,9,3.4804175217657325,3.4832435354794162,2.5175710517140075,2.520616038785307
2022_09_MIN_WAS,2022,9,3.477268001397251,3.4782290890873018,2.516993353304253,2.522923658191952
2022_09_PHI_HOU,2022,9,3.4898622491881337,3.4790554959764948,3.637285820957421,3.584104351197688
2022_09_SEA_ARI,2022,9,3.888340942587632,3.8903853780346456,4.048251727212362,4.055101185435256
2022_09_TEN_KC,2022,9,3.853793243746746,3.8508918680905495,2.806138458118054,2.7837318304379353
2022_10_ARI_LA,2022,10,4.040962391177571,4.041823295793196,4.1826834667250745,4.184048506601444
2022_10_ATL_CAR,2022,10,3.9617866131179733,3.9617380397738167,4.113183745669899,4.115262083302499
2022_10_CLE_MIA,2022,10,4.5746256540108625,4.5660100917476925,4.666215302931017,4.64781895100188
2022_10_DAL_GB,2022,10,3.6097813145710713,3.6109618152067493,2.6351701566875096,2.6367935444051556
2022_10_DEN_TEN,2022,10,3.5409215267463576,3.538131941891467,2.965626337684207,2.9714332213221586
2022_10_DET_CHI,2022,10,3.5275837776897863,3.5340813680690557,3.721114027953537,3.738248926335126
2022_10_HOU_NYG,2022,10,3.496942024158061,3.492070943024875,3.686807751958859,3.6831669384163463
2022_10_IND_LV,2022,10,3.75896850810431,3.7570190219603212,3.925826834197612,3.9273112655754683
2022_10_JAX_KC,2022,10,3.477268001397251,3.4786234400102263,3.6490327631501196,3.6289725054057387
2022_10_LAC_SF,2022,10,3.496942024158061,3.493319274593779,3.674355032322041,3.6577856636473793
2022_10_MIN_BUF,2022,10,3.75896850810431,3.759302034283691,2.7601570443331895,2.752284712902081
2022_10_NO_PIT,2022,10,3.7303302460352334,3.7293735955259826,3.9062525837103594,3.9168094664399034
2022_10_SEA_TB,2022,10,3.496942024158061,3.5003776513425704,3.694444992275284,3.7116217638806828
2022_10_WAS_PHI,2022,10,4.931466781863278,4.950118417505707,4.95741581162726,5.024094841713306
2022_11_CAR_BAL,2022,11,3.5055906981389526,3.4920539969216247,3.6574361187707125,3.608288457909294
2022_11_CHI_ATL,2022,11,3.477268001397251,3.484485496474056,2.516993353304253,2.528595354437344
2022_11_CIN_PIT,2022,11,3.5158056474601596,3.510285678741046,2.9410845129089798,2.9408674366535075
2022_11_CLE_BUF,2022,11,3.478055441421026,3.481603920181235,3.6619793227196062,3.656585695834822
2022_11_DAL_MIN,2022,11,7.011838432326074,6.963231404972092,6.891181683390265,6.752957467276944
2022_11_DET_NYG,2022,11,4.263373798156903,4.262515055924445,4.384621547918243,4.3796016411745375
2022_11_KC_LAC,2022,11,3.496942024158061,3.5050609759015368,2.5279463232255095,2.529027016067331
2022_11_LA_NO,2022,11,3.5409215267463576,3.537501181609008,2.965626337684207,2.970861786167817
2022_11_LV_DEN,2022,11,3.7031912642465303,3.7025961302140513,3.88008382874068,3.8882778316274007
2022_11_NYJ_NE,2022,11,3.5158056474601596,3.5096015543646857,2.9410845129089798,2.940245444288179
2022_11_PHI_IND,2022,11,3.57225931665542,3.5713591996353387,3.750896289235368,3.74716039703518
2022_11_SF_ARI,2022,11,4.46565747936435,4.473426429872344,4.5407471708535585,4.569223332979896
2022_11_TEN_GB,2022,11,4.000663681453414,4.0007657969505015,4.147365737570277,4.148649303793829
2022_11_WAS_HOU,2022,11,3.7890976749545273,3.788166857062918,3.9565829787253346,3.9613933187954946
2022_12_ATL_WAS,2022,12,3.496942024158061,3.4932793694937194,3.692498792598656,3.6988834517750924
2022_12_BAL_JAX,2022,12,3.5409215267463576,3.540599499912839,3.732062757635251,3.7407389800746293
2022_12_BUF_DET,2022,12,3.6308476340383122,3.63368650082429,2.628362886879142,2.609221827914554
2022_12_CHI_NYJ,2022,12,3.9617866131179733,3.961283326132374,4.093093785716654,4.0930436220345445
2022_12_CIN_TEN,2022,12,3.5055906981389526,3.508381070253938,3.7039479142988405,3.7266908882000993
2022_12_DEN_CAR,2022,12,4.082671437642106,4.083931586542429,4.224004440733989,4.222858554035439
2022_12_GB_PHI,2022,12,3.478055441421026,3.4775739334624474,2.89776445222054,2.8888233010293147
2022_12_HOU_MIA,2022,12,3.4804175217657325,3.4712521683027253,3.628791200393969,3.576498359261068
2022_12_LAC_ARI,2022,12,3.4843535234944216,3.4921254512086484,3.683122447366771,3.7045486215246757
2022_12_LA_KC,2022,12,3.478055441421026,3.4590682830803057,3.6115427678504557,3.534084089101833
2022_12_LV_SEA,2022,12,3.7890976749545273,3.790904912652297,3.95432810314286,3.959910298036071
2022_12_NE_MIN,2022,12,3.5409215267463576,3.5411738218152964,2.965626337684207,2.974189337861595
2022_12_NO_SF,2022,12,3.5158056474601596,3.5093209026807126,3.6863236453774633,3.662797249688607
2022_12_NYG_DAL,2022,12,3.496942024158061,3.4907640801366036,3.6640253903249116,3.6349608676234304
2022_12_PIT_IND,2022,12,3.75896850810431,3.757561977661876,3.1619468565030036,3.163369432072359
2022_12_TB_CLE,2022,12,3.7303302460352334,3.7298045435378375,3.9036340201987363,3.9100646551522895
2022_13_BUF_NE,2022,13,3.8207089739790794,3.8208039114134014,3.984021590102855,3.988377676411368
2022_13_CLE_HOU,2022,13,3.572259316655422,3.571792410349582,3.7467285401067625,3.7394444733345873
2022_13_DEN_BAL,2022,13,3.7031912642465303,3.6967484777877297,3.854994141904865,3.838777609933097
2022_13_GB_CHI,2022,13,3.5558148684713715,3.55714772201865,3.7442595801984284,3.7522684221677656
2022_13_IND_DAL,2022,13,5.193107599356991,5.21214720817497,5.195044796931811,5.275020345653229
2022_13_JAX_DET,2022,13,5.330679503216157,5.297982416889471,5.355050858477999,5.277633070810419
2022_13_KC_CIN,2022,13,3.57225931665542,3.582816369192544,2.6033458635661537,2.617782978964388
2022_13_LAC_LV,2022,13,3.5409215267463576,3.5483267117018884,2.965626337684207,2.980672465427841
2022_13_MIA_SF,2022,13,3.888340942587628,3.88875575036584,4.042437720169023,4.045097018721698
2022_13_NO_TB,2022,13,3.496942024158061,3.493956986105259,3.6924987925986583,3.6994993925445643
2022_13_NYJ_MIN,2022,13,3.4898622491881337,3.491439833316746,3.687181976593284,3.7006594743396906
2022_13_PIT_ATL,2022,13,3.4898622491881337,3.4927452460354202,2.5309391113715605,2.547123409063231
2022_13_SEA_LA,2022,13,3.505590698138951,3.498269323859673,3.688888279212604,3.676157310705284
2022_13_TEN_PHI,2022,13,4.688661485922293,4.689184615827069,4.7644141976641485,4.764231312270856
2022_13_WAS_NYG,2022,13,3.496942024158061,3.493871105378023,5.366686083412323,5.371102219926312
2022_14_BAL_PIT,2022,14,3.5158056474601596,3.509948009827505,3.712724697323558,3.7251780743272485
2022_14_CAR_SEA,2022,14,3.75896850810431,3.759677871359355,3.928383276454047,3.934333633995998
2022_14_CLE_CIN,2022,14,3.703191264246534,3.7050797617962945,3.87558118680762,3.8810203341339236
2022_14_HOU_DAL,2022,14,4.000663681453414,4.001411997600037,4.079355912695625,4.078247885046101
2022_14_JAX_TEN,2022,14,4.361870293155632,4.362632620382247,4.473674431537446,4.468074417483254
2022_14_KC_DEN,2022,14,3.496942024158061,3.4920920978616437,3.6743550323220386,3.6566174852355355
2022_14_LV_LA,2022,14,3.653442610515737,3.6501818030525253,3.8239730132386405,3.8188989827318487
2022_14_MIA_LAC,2022,14,3.7303302460352334,3.737359523823132,3.9036340201987363,3.916980283322825
2022_14_MIN_DET,2022,14,3.703191264246534,3.7094976784198668,3.8800838287406827,3.8945842958752155
2022_14_NE_ARI,2022,14,3.924342157465226,3.9246994282026533,4.08014362691411,4.083855568598208
2022_14_NYJ_BUF,2022,14,3.4898622491881337,3.4817222325999526,3.6603599577058046,3.6316464699530218
2022_14_PHI_NYG,2022,14,4.519500945442248,4.5233054987475825,4.601720461310919,4.616936381608614
2022_14_TB_SF,2022,14,5.261344135601444,5.279238157225263,5.288322493960615,5.285782275379909
2022_15_ARI_DEN,2022,15,3.653442610515737,3.6498298481849853,3.8365953814130553,3.846263629242212
2022_15_ATL_NO,2022,15,3.4898622491881337,3.4882052970843174,2.5232156941844104,2.5175517223337187
2022_15_BAL_CLE,2022,15,3.653442610515737,3.6509010666139745,3.8352840163027757,3.842988457320264
2022_15_CIN_TB,2022,15,3.653442610515739,3.656533512320779,3.8333378166261483,3.8432293326662736
2022_15_DAL_JAX,2022,15,3.789097674954528,3.7913708862348283,3.954328103142861,3.960338378897071
2022_15_DET_NYJ,2022,15,3.5558148684713715,3.558302908049273,2.589284395782232,2.598723810232018
2022_15_IND_MIN,2022,15,3.478055441421026,3.482179718459699,2.516650446502368,2.5231748087952854
2022_15_KC_HOU,2022,15,3.703191264246534,3.6987631039718885,3.826266759234752,3.7955164396913275
2022_15_LA_GB,2022,15,3.527583777689788,3.5174877274968557,3.704276863179048,3.6847581533804687
2022_15_MIA_BUF,2022,15,3.5275837776897863,3.5242536739986945,2.549811527645573,2.533894134845835
2022_15_NE_LV,2022,15,3.5558148684713715,3.560518127835914,3.749133019292526,3.771642658891654
2022_15_NYG_WAS,2022,15,3.961786613117972,3.9615747135401747,4.108681103736838,4.110193037427626
2022_15_PHI_CHI,2022,15,3.5158056474601596,3.5151633380696508,3.6913233722600336,3.678147992589424
2022_15_PIT_CAR,2022,15,3.8207089739790794,3.818043035779614,3.9859677897794823,3.9892251104581096
2022_15_SF_SEA,2022,15,3.5558148684713715,3.556064769458045,3.7465144557809027,3.7573738531910292
2022_15_TEN_LAC,2022,15,3.477268001397251,3.4820639871973103,2.516993353304253,2.526399966138203
2022_16_ATL_BAL,2022,16,3.4843535234944216,3.4683897050732604,3.6718114443026355,3.65311632369002
2022_16_BUF_CHI,2022,16,4.08267143764211,4.084769505340477,4.204548712447876,4.210114631824094
2022_16_CIN_NE,2022,16,3.4804175217657325,3.4793674513694572,3.6786873560298274,3.689985675666608
2022_16_DEN_LA,2022,16,7.841377094011385,7.902177009005661,7.652276044652361,7.636862753294982
2022_16_DET_CAR,2022,16,4.311954004235228,4.310941252469947,4.429432331188881,4.421856717164985
2022_16_GB_MIA,2022,16,3.75896850810431,3.7621510177758317,3.928383276454047,3.9366010784587186
2022_16_HOU_TEN,2022,16,3.6775595331652307,3.669677723886851,3.856104978988732,3.8569526886313232
2022_16_JAX_NYJ,2022,16,4.519500945442248,4.528234034073175,4.617199213503659,4.613184415860985
2022_16_LAC_IND,2022,16,4.040962391177571,4.0407934378753785,4.1826834667250745,4.183152225879748
2022_16_LV_PIT,2022,16,3.478055441421026,3.472669165333451,2.5185966461789975,2.521025980694125
2022_16_NO_CLE,2022,16,3.7890976749545273,3.7828814136725395,3.1882003590976633,3.183565552181928
2022_16_NYG_MIN,2022,16,3.4843535234944216,3.4889142054906843,2.5197583767003606,2.522086936611164
2022_16_PHI_DAL,2022,16,3.4898622491881337,3.495020882363111,3.684927101010809,3.697240807143758
2022_16_SEA_KC,2022,16,3.5158056474601596,3.515402009085202,3.6809937302629043,3.65848570164052
2022_16_TB_ARI,2022,16,3.5409215267463576,3.5341790508375586,2.5596687763857875,2.5385935690328134
2022_16_WAS_SF,2022,16,3.8207089739790807,3.816887129319576,3.974656786715344,3.970825184920761
2022_17_ARI_ATL,2022,17,3.5902499295093375,3.584247261910277,3.765061986622246,3.754859694843572
2022_17_CAR_TB,2022,17,3.496942024158061,3.4932793694937194,3.692498792598656,3.6988834517750924
2022_17_CHI_DET,2022,17,5.545118102377339,5.517355739697784,5.544011701193123,5.508398497958114
2022_17_CLE_WAS,2022,17,4.170273715894203,4.169949352266698,4.303116153666018,4.297360204413931
2022_17_DAL_TEN,2022,17,3.477268001397251,3.4601907609422726,3.62595862640174,3.565328522401658
2022_17_DEN_KC,2022,17,3.8207089739790794,3.817631834972774,2.7793271634512045,2.7552044027234506
2022_17_IND_NYG,2022,17,4.995149747523286,5.013140560866818,5.0407727048094415,5.060348605769768
2022_17_JAX_HOU,2022,17,5.2613441356014246,5.2622191117927954,5.2883224939606075,5.270219893841885
2022_17_LA_LAC,2022,17,4.125779192891764,4.127559486282666,4.249894246379127,4.254463021837662
2022_17_MIA_NE,2022,17,3.4804175217657325,3.478683146968263,3.678687356029828,3.6893654327490673
2022_17_MIN_GB,2022,17,4.807648370083008,4.798403495147387,4.877383785865837,4.853677383711606
2022_17_NO_PHI,2022,17,4.216142762934539,4.218425352140139,4.335196015913331,4.3391271663640785
2022_17_NYJ_SEA,2022,17,4.46565747936435,4.462966999395882,4.570187753252661,4.5512068695523205
2022_17_PIT_BAL,2022,17,3.5275837776897863,3.5203364660213583,2.56487116273181,2.5704306106760524
2022_17_SF_LV,2022,17,3.6308476340383122,3.623206214654026,2.628362886879142,2.599033983021123
2022_18_ARI_SF,2022,18,3.8537932437467473,3.8493086048059246,3.964999886851401,3.948151101223257
2022_18_BAL_CIN,2022,18,3.477268001397251,3.461306407692044,3.6435603935416263,3.601229073489151
2022_18_CAR_NO,2022,18,3.6097813145710713,3.6080083515778365,2.6351701566875114,2.634102086559904
2022_18_CLE_PIT,2022,18,3.888340942587628,3.8877458238976255,4.046940362102085,4.050376417517659
2022_18_DAL_WAS,2022,18,5.693275933582442,5.722169733491226,5.668033016486654,5.728759315254079
2022_18_DET_GB,2022,18,3.75896850810431,3.7609588139852526,3.92269223581425,3.9257360587934067
2022_18_HOU_IND,2022,18,3.5275837776897863,3.521461066807059,3.721114027953537,3.7267962570572393
2022_18_KC_LV,2022,18,3.730330246035237,3.7316713824653793,3.8819842839679572,3.875684573018378
2022_18_LAC_DEN,2022,18,3.5055906981389526,3.4961138870045825,2.533953608905544,2.5165549986665505
2022_18_LA_SEA,2022,18,3.496942024158061,3.4920709430248786,2.5279463232255113,2.5170468570190003
2022_18_MIN_CHI,2022,18,3.75896850810431,3.7567594221412115,3.9190184730665396,3.916037280368031
2022_18_NE_BUF,2022,18,3.527583777689788,3.5230580559562155,3.704276863179048,3.690031066940451
2022_18_NYG_PHI,2022,18,3.8207089739790794,3.815054459189575,3.9200524827175927,3.893394491099631
2022_18_NYJ_MIA,2022,18,3.4843535234944216,3.476232656482218,3.6811762476901433,3.683724029559584
2022_18_TB_ATL,2022,18,3.6308476340383122,3.625905827577503,3.805532021351651,3.8003406085398
2022_18_TEN_JAX,2022,18,3.4898622491881337,3.481503154873442,3.6786676634449638,3.669469300453199
2023_01_ARI_WAS,2023,1,3.452172237418235,3.438674826785665,3.677273070342496,3.6593693254100175
2023_01_BUF_NYJ,2023,1,3.6925381313749277,3.691970006214048,3.872808080316128,3.8820128124547777
2023_01_CAR_ATL,2023,1,3.8320597465301116,3.8302606609209584,3.979121874378572,3.981472173098145
2023_01_CIN_CLE,2023,1,5.043494356517233,5.039047612079357,5.009585460882567,4.965149134134618
2023_01_DAL_NYG,2023,1,7.082456532578372,7.08749241141047,7.111080189661501,7.059587342780869
2023_01_DET_KC,2023,1,3.5139744546082383,3.525297032516599,3.7338745101661677,3.7501462833745203
2023_01_GB_CHI,2023,1,4.673468236204852,4.68407916023554,4.67913802743488,4.660608709372245
2023_01_HOU_BAL,2023,1,3.5798372235017184,3.5780206586562406,3.7612443497645294,3.743346797163373
2023_01_JAX_IND,2023,1,3.556064780547148,3.556644569282838,3.765577518682016,3.7730199096460386
2023_01_LA_SEA,2023,1,4.979846979494298,4.980050459915773,4.945315986107432,4.93911176643068
2023_01_LV_DEN,2023,1,3.4792960689156502,3.4756594636890576,3.7101857191283836,3.72013156954052
2023_01_MIA_LAC,2023,1,3.5139744546082383,3.521849294201187,3.7361728127290466,3.7542510764332238
2023_01_PHI_NE,2023,1,3.425890012513531,3.4247543451451423,3.669327537989329,3.6796605891203016
2023_01_SF_PIT,2023,1,4.979846979494298,4.992567753384022,4.951242349231012,4.926364078029001
2023_01_TB_MIN,2023,1,3.6053967413587507,3.6052991841259563,2.641735843496776,2.6412762710500126
2023_01_TEN_NO,2023,1,3.432715972996639,3.424712712665916,3.6754684166046943,3.6831725996220634
2023_02_BAL_CIN,2023,2,3.5798372235017166,3.5803551425245876,2.6235630925718927,2.6258715606640193
2023_02_CHI_TB,2023,2,3.6327180838888005,3.6279559520188154,3.8269818878511237,3.8342460000044225
2023_02_CLE_PIT,2023,2,3.5798372235017184,3.5713165182541315,3.7867726389018275,3.792509106534771
2023_02_GB_ATL,2023,2,3.432715972996639,3.423687279541145,3.6754684166046943,3.682407481219206
2023_02_IND_HOU,2023,2,3.794772383231289,3.7920017865290245,3.953725775234789,3.9608480296135062
2023_02_KC_JAX,2023,2,3.4956991828017534,3.503951592828467,3.7213913840731903,3.7377711365289596
2023_02_LAC_TEN,2023,2,3.5341031447668705,3.5346325366632567,2.5909988939888895,2.5983680323383673
2023_02_LV_BUF,2023,2,4.854819288153374,4.848947097578264,4.821676090101444,4.8365277090546845
2023_02_MIA_NE,2023,2,3.5139744546082383,3.516018583232101,2.9947616908279366,3.0085725336927527
2023_02_MIN_PHI,2023,2,3.4171013303414206,3.4244433478819234,3.6552047103178653,3.658451922833864
2023_02_NO_CAR,2023,2,3.4171013303414206,3.40562139164831,2.5026531560534133,2.501366556664483
2023_02_NYG_ARI,2023,2,3.432715972996641,3.422791303335842,2.5090408690634036,2.4979251225169414
2023_02_NYJ_DAL,2023,2,3.9112487730935377,3.910673554295332,4.023010787904909,4.019361058493954
2023_02_SEA_DET,2023,2,3.832059746530113,3.8329877906876546,3.9765166860740186,3.9803872005209113
2023_02_SF_LA,2023,2,3.418078543321858,3.418180328526975,2.90667914933484,2.8917128620679207
2023_02_WAS_DEN,2023,2,3.556064780547148,3.5462324388873245,3.7655775186820164,3.76474639434561
2023_03_ATL_DET,2023,3,3.8708966594404663,3.871484499810012,4.010693520599799,4.015984259230721
2023_03_BUF_WAS,2023,3,5.924160643169933,5.930179692345309,5.848929608419386,5.859008732066192
2023_03_CAR_SEA,2023,3,3.5139744546082405,3.5099272627882425,3.730970807690106,3.730725048215208
2023_03_CHI_KC,2023,3,4.557112588134232,4.5507371424350875,4.531097625106242,4.567611820868886
2023_03_DAL_ARI,2023,3,5.238567529303805,5.243900285374831,5.151582228380848,5.233358482446954
2023_03_DEN_MIA,2023,3,8.178412504529557,8.153433388538618,8.444940110418969,8.447788990757507
2023_03_HOU_JAX,2023,3,5.7835401656921315,5.79160121718843,5.699375531627426,5.746876265287257
2023_03_IND_BAL,2023,3,3.832059746530113,3.831498944225319,2.8041180211332213,2.7942235710778265
2023_03_LAC_MIN,2023,3,3.5139744546082383,3.526430290134699,3.738842807268531,3.7693851302094847
2023_03_LA_CIN,2023,3,3.4171013303414206,3.4178267520109737,2.502653156053413,2.510418539949637
2023_03_NE_NYJ,2023,3,3.441479797252265,3.4217775579275083,3.682896392357132,3.684228546845102
2023_03_NO_GB,2023,3,3.441479797252265,3.4345118694295933,3.6842335633485743,3.700198904702074
2023_03_NYG_SF,2023,3,3.6327180838888005,3.631217970268055,3.7960452866424137,3.7763429137974907
2023_03_PHI_TB,2023,3,3.6617745622586426,3.6607606679242894,3.839609302663118,3.837918486697431
2023_03_PIT_LV,2023,3,3.6617745622586426,3.6601343230768655,3.848283290901012,3.855786858401244
2023_03_TEN_CLE,2023,3,4.854819288153374,4.877878219939993,4.835454400844444,4.838675651232546
2023_04_ARI_SF,2023,4,3.4792960689156485,3.4781682625280466,3.6534344886557992,3.5999826485604762
2023_04_ATL_JAX,2023,4,3.996357607223972,3.9968939079750774,4.109215801263888,4.110794358906277
2023_04_BAL_CLE,2023,4,5.172887463592544,5.200930252792037,5.127736883538784,5.112903864947192
2023_04_CIN_TEN,2023,4,5.644451854867557,5.663903964522686,5.577385477020992,5.549228467969898
2023_04_DEN_CHI,2023,4,3.4171013303414206,3.4206262958406604,2.5026531560534133,2.51249534279974
2023_04_DET_GB,2023,4,3.9112487730935377,3.911234298276198,4.0434608245946695,4.0474867702208055
2023_04_KC_NYJ,2023,4,3.5798372235017184,3.575272847229483,2.600018807262183,2.5730169989520157
2023_04_LA_IND,2023,4,3.5139744546082383,3.512892517602815,3.738842807268531,3.758957745578562
2023_04_LV_LAC,2023,4,3.4171013303414206,3.4245167465035706,2.9081339606399528,2.9016185203802545
2023_04_MIA_BUF,2023,4,5.507108737264564,5.473218998193668,5.443568804411013,5.376467328414086
2023_04_MIN_CAR,2023,4,3.464782056810069,3.467237226898763,3.6956682739253734,3.7031166623323655
2023_04_NE_DAL,2023,4,5.92416064316997,5.9359944932674855,5.845189561342181,5.879879039671559
2023_04_PIT_HOU,2023,4,5.7137914457429035,5.7338097987475205,5.644864255985816,5.6237046668199255
2023_04_SEA_NYG,2023,4,4.6148115822671745,4.61186601062299,4.626383476768094,4.609658195399945
2023_04_TB_NO,2023,4,4.916943849092488,4.9303934314381745,4.8898933869751255,4.88959471133631
2023_04_WAS_PHI,2023,4,3.5798372235017166,3.5773447743792413,2.600018807262183,2.5747767354287068
2023_05_BAL_PIT,2023,5,3.9112487730935377,3.910664343460559,3.2957972250790823,3.2920912267814404
2023_05_CAR_DET,2023,5,3.6925381313749277,3.691302878591376,3.8472797911788303,3.8341988794795894
2023_05_CHI_WAS,2023,5,5.575548382388558,5.573118963030728,5.500391524907554,5.51029834719895
2023_05_CIN_ARI,2023,5,3.8708966594404663,3.870990584750237,4.010693520599795,4.015289593787128
2023_05_DAL_SF,2023,5,5.92416064316997,5.924740922877899,5.854727722619315,5.821744763456936
2023_05_GB_LV,2023,5,3.452172237418235,3.4518233674576964,3.6926133954143423,3.7156558126549926
2023_05_HOU_ATL,2023,5,3.418078543321858,3.4118709167459462,3.6655158712888736,3.67755911103814
2023_05_JAX_BUF,2023,5,3.832059746530113,3.833378522464427,3.973323760178653,3.975941447104834
2023_05_KC_MIN,2023,5,3.464782056810069,3.476666662536149,2.955199054846476,2.9705147958019675
2023_05_NO_NE,2023,5,7.082456532578372,7.142743714873878,7.113064193489089,7.084705532363335
2023_05_NYG_MIA,2023,5,3.441479797252265,3.4463668820500373,3.640405106499905,3.6045334363974435
2023_05_NYJ_DEN,2023,5,3.9963576072239753,3.996901968265009,4.111199805091476,4.112901950839963
2023_05_PHI_LA,2023,5,3.5341031447668687,3.5416260205754204,3.7502404326636456,3.7655375221318677
2023_05_TEN_IND,2023,5,3.759068091147339,3.757999199936472,3.181126869150526,3.183855718377295
2023_06_ARI_LA,2023,6,3.794772383231289,3.796315971685858,3.9383854501629396,3.937858141599535
2023_06_BAL_TEN,2023,6,3.441479797252265,3.4367449236516516,3.675114274329629,3.6720007450576273
2023_06_CAR_MIA,2023,6,3.6053967413587484,3.60871045419389,3.754620109038064,3.7217587859700014
2023_06_DAL_LAC,2023,6,3.425890012513531,3.4336405804495875,2.5114231703060135,2.5320733419601575
2023_06_DEN_KC,2023,6,3.418078543321858,3.423057659422621,3.6345792700801653,3.609797329633704
2023_06_DET_TB,2023,6,3.8708966594404663,3.8704980686145114,4.010693520599795,4.014577485213745
2023_06_IND_JAX,2023,6,4.041042295098617,4.041423266744867,4.143855342026712,4.144994071357038
2023_06_MIN_CHI,2023,6,3.452172237418235,3.4510630242836617,3.6899434008748555,3.7023834621846547
2023_06_NE_LV,2023,6,3.4210091425413784,3.4138490946802493,3.6667769397608376,3.675376120915812
2023_06_NO_HOU,2023,6,3.7249794747156306,3.722894613588196,3.155488463863183,3.1595166629777576
2023_06_NYG_BUF,2023,6,3.832059746530113,3.8316145686679115,3.9203872381622262,3.899216898705692
2023_06_PHI_NYJ,2023,6,3.996357607223972,3.99676046513249,4.099677639986754,4.100804226480564
2023_06_SEA_CIN,2023,6,3.4210091425413784,3.421728901708868,3.6667769397608376,3.6812292845714367
2023_06_SF_CLE,2023,6,3.9112487730935377,3.910521570882436,4.017932535457368,4.012334481807088
2023_06_WAS_ATL,2023,6,3.759068091147338,3.7569723273782385,3.9255384475254176,3.93380785471949
2023_07_ARI_SEA,2023,7,3.418078543321858,3.4154064810160225,3.6399875821515773,3.6152535214425647
2023_07_ATL_TB,2023,7,3.556064780547148,3.544549860581751,2.6066502787425487,2.601879851012961
2023_07_BUF_NE,2023,7,3.9112487730935377,3.910868268688041,4.027698510024078,4.025865088018207
2023_07_CLE_IND,2023,7,3.441479797252265,3.4316312625862015,3.680912388529544,3.6844458563874602
2023_07_DET_BAL,2023,7,5.994982028435126,6.004840796256979,5.9279833004854,5.891823449980513
2023_07_GB_DEN,2023,7,3.418078543321858,3.4158049398557577,3.666853042280317,3.6871195820260474
2023_07_JAX_NO,2023,7,3.759068091147338,3.7563145994327956,3.181126869150529,3.182217456950899
2023_07_LAC_KC,2023,7,3.6925381313749277,3.695529983655346,3.8650259622886254,3.868556168076161
2023_07_LV_CHI,2023,7,4.854819288153374,4.8762044920108885,4.8374384046720325,4.8312176030235
2023_07_MIA_PHI,2023,7,3.8708966594404663,3.872595287501149,4.010693520599799,4.017487746504474
2023_07_PIT_LA,2023,7,3.832059746530113,3.831635427561716,3.2360474669951214,3.2357864338914846
2023_07_SF_MIN,2023,7,3.9530810008856205,3.953100938323777,4.063078761729666,4.063385705864463
2023_07_WAS_NYG,2023,7,3.794772383231289,3.7903498080141036,3.207981373311853,3.2051590012510736
2023_08_ATL_TEN,2023,8,3.6327180838888005,3.620244578861613,3.8269818878511237,3.827791400138617
2023_08_BAL_ARI,2023,8,3.441479797252265,3.440799026207085,2.9142936958363874,2.8877917488644282
2023_08_CHI_LAC,2023,8,3.6327180838888005,3.6339584330859513,3.8014535987138256,3.788250181024588
2023_08_CIN_SF,2023,8,4.557112588134231,4.559338957235302,4.573373907250162,4.5693795476477455
2023_08_CLE_SEA,2023,8,3.4171013303414206,3.4056947884598037,3.6615803959928805,3.661706016185014
2023_08_HOU_CAR,2023,8,3.5139744546082405,3.5106228090911626,3.7361728127290488,3.7455741239158034
2023_08_JAX_PIT,2023,8,3.632718083888805,3.6279559520188176,3.8269818878511237,3.834246000004422
2023_08_KC_DEN,2023,8,5.043494356517233,5.041645580557815,4.994245135810723,5.011197122502564
2023_08_LA_DAL,2023,8,4.390133337085917,4.390868059480082,4.422977048789091,4.429093347427858
2023_08_LV_DET,2023,8,3.5139744546082405,3.5155606932140326,3.7235024821966887,3.718284818588323
2023_08_MIN_GB,2023,8,4.041042295098617,4.042422699567498,4.148823639129076,4.149336518440998
2023_08_NE_MIA,2023,8,3.5798372235017184,3.581831803233526,3.771010324331239,3.765077551119193
2023_08_NO_IND,2023,8,3.7249794747156306,3.7236903347647794,3.8985628712466274,3.9075605159003493
2023_08_NYJ_NYG,2023,8,3.4171013303414206,3.3951820264198673,2.5026531560534133,2.493627333810211
2023_08_PHI_WAS,2023,8,3.4171013303414206,3.412233205050239,2.908133960639953,2.892208300576868
2023_08_TB_BUF,2023,8,3.4792960689156502,3.476109216378853,3.682903210766464,3.6572903347635943
2023_09_ARI_CLE,2023,9,4.1344884346764,4.139586586516187,4.177258838331344,4.1883859826296925
2023_09_BUF_CIN,2023,9,3.4956991828017534,3.5045475434980005,3.7247125588922185,3.7507952095237824
2023_09_CHI_NO,2023,9,3.432715972996639,3.4271532864486507,2.910362512020718,2.8826190736767097
2023_09_DAL_PHI,2023,9,3.425890012513531,3.428482335861426,3.6693275379893273,3.682442559626147
2023_09_IND_CAR,2023,9,3.9963576072239753,3.9963914111466523,4.112536976082919,4.114548797552133
2023_09_LAC_NYJ,2023,9,4.557112588134231,4.565981286535651,4.575672209813042,4.570882452963262
2023_09_LA_GB,2023,9,4.087098292118082,4.091211672994379,4.18226748292363,4.183904858989176
2023_09_MIA_KC,2023,9,3.556064780547146,3.56366015076442,3.0274714084009293,3.0485625100977245
2023_09_MIN_ATL,2023,9,3.5798372235017166,3.57061841739687,2.6235630925718927,2.6180420549381593
2023_09_NYG_LV,2023,9,5.1728874635925415,5.201082003324597,5.128743592595927,5.102799434713876
2023_09_SEA_BAL,2023,9,5.8536717468985175,5.856531328591642,5.775867712930948,5.792317371855573
2023_09_TB_HOU,2023,9,3.418078543321858,3.4065846696502002,3.6655158712888736,3.6736465392535274
2023_09_TEN_PIT,2023,9,3.418078543321858,3.401026089942744,3.663531867461287,3.662154592174057
2023_09_WAS_NE,2023,9,3.5341031447668687,3.5269308799427797,2.5909988939888873,2.5923569890966953
2023_10_ATL_ARI,2023,10,3.4792960689156485,3.4764687326494697,3.7118490046107184,3.7271992584707982
2023_10_CAR_CHI,2023,10,3.4171013303414206,3.4022799435903432,2.502653156053413,2.4988890744428067
2023_10_CLE_BAL,2023,10,3.6617745622586426,3.6548330938800646,3.8396093026631184,3.83278022301208
2023_10_DEN_BUF,2023,10,3.759068091147338,3.760689019225819,3.908438961963387,3.906060565082522
2023_10_DET_LAC,2023,10,3.418078543321858,3.4242663654068144,2.504290328786527,2.5187401359776924
2023_10_GB_PIT,2023,10,3.4210091425413784,3.407424444974088,3.6667769397608376,3.6706048867178667
2023_10_HOU_CIN,2023,10,3.6925381313749255,3.69339699615431,2.703800419786279,2.6986801616326592
2023_10_IND_NE,2023,10,3.452172237418235,3.4462875871626966,3.69261339541434,3.711514358877019
2023_10_NO_MIN,2023,10,3.8708966594404663,3.86988661472229,4.010693520599799,4.013661458306727
2023_10_NYG_DAL,2023,10,4.183175249948336,4.188808484770712,4.189768246001998,4.210778535444501
2023_10_NYJ_LV,2023,10,3.5139744546082405,3.4972177283490145,3.738842807268533,3.7468611816129775
2023_10_SF_JAX,2023,10,5.853671746898509,5.857179462957317,5.784541701168852,5.74631296713704
2023_10_TEN_TB,2023,10,3.9112487730935377,3.910732406450678,4.043460824594667,4.046023992133972
2023_10_WAS_SEA,2023,10,3.452172237418235,3.450360889080087,2.5200438701346153,2.509774712897419
2023_11_ARI_HOU,2023,11,3.418078543321858,3.4235934287847622,3.6577337532613705,3.6623541940948927
2023_11_CHI_DET,2023,11,3.452172237418235,3.457484504268536,3.672802261779476,3.6640978849367523
2023_11_CIN_BAL,2023,11,3.794772383231289,3.7954997418598557,3.948757478132421,3.9536035689899856
2023_11_DAL_CAR,2023,11,3.9530810008856236,3.953168882826614,4.042916677802536,4.039615805270202
2023_11_LAC_GB,2023,11,3.556064780547146,3.554492976513307,2.606650278742545,2.609753589226108
2023_11_LV_MIA,2023,11,3.6053967413587507,3.6051541129819706,3.011545701654615,2.971206221407286
2023_11_MIN_DEN,2023,11,3.425890012513531,3.422755136694282,3.6713115418169178,3.685427239206629
2023_11_NYG_WAS,2023,11,4.733045862059685,4.7497496987188645,4.7138015014785335,4.74277643613658
2023_11_NYJ_BUF,2023,11,4.557112588134232,4.569093569677186,4.558531070717662,4.582430493271911
2023_11_PHI_KC,2023,11,3.5798372235017166,3.580946752117325,3.7867726389018275,3.800232403623473
2023_11_PIT_CLE,2023,11,3.418078543321858,3.393669638179874,2.5042903287865292,2.4960943727870215
2023_11_SEA_LA,2023,11,3.425890012513531,3.425629662189802,3.6713115418169178,3.687561862269894
2023_11_TB_SF,2023,11,3.418078543321858,3.4116450609945117,3.6170058495434785,3.563593296915599
2023_11_TEN_JAX,2023,11,4.087098292118082,4.08986539844339,4.1727293216464965,4.1760414610818595
2023_12_BAL_LAC,2023,12,3.6053967413587507,3.609900335320492,3.8052596885620016,3.8190108652024923
2023_12_BUF_PHI,2023,12,3.418078543321858,3.42514991965711,2.5042903287865292,2.5193944810333284
2023_12_CAR_TEN,2023,12,3.4647820568100673,3.4472134812759543,2.955199054846476,2.948190792538732
2023_12_CHI_MIN,2023,12,3.5139744546082383,3.511427652195017,3.7361728127290466,3.7461966391893653
2023_12_CLE_DEN,2023,12,4.28428793586194,4.294363684692186,4.347321138304594,4.344546701386746
2023_12_GB_DET,2023,12,4.2842879358619355,4.281933773342854,3.5824595232399514,3.5862165786428286
2023_12_JAX_HOU,2023,12,3.432715972996639,3.437750150491537,2.5169128686418323,2.53791890660848
2023_12_KC_LV,2023,12,3.5139744546082383,3.510163935526579,3.7141413155285172,3.694673177793503
2023_12_LA_ARI,2023,12,4.7935081653294445,4.793836040783144,4.782008082877864,4.766220967620303
2023_12_MIA_NYJ,2023,12,3.9112487730935377,3.9107902534861916,4.017932535457371,4.013407089638776
2023_12_NE_NYG,2023,12,3.6327180838888005,3.622357061292425,2.6611671532166397,2.650029206941756
2023_12_NO_ATL,2023,12,3.8708966594404663,3.8701217280035864,4.012356806082136,4.016962130363246
2023_12_PIT_CIN,2023,12,3.4792960689156502,3.4622012722986337,3.7118490046107206,3.7163729271128116
2023_12_SF_SEA,2023,12,3.8708966594404663,3.870534490913922,3.9980231900674355,3.9965783111095137
2023_12_TB_IND,2023,12,3.4956991828017534,3.4954755434510374,2.98030098051733,2.9905870500294527
2023_12_WAS_DAL,2023,12,5.043494356517233,5.032534872520002,4.962340881636284,5.033303469490398
2023_13_ARI_PIT,2023,13,4.7935081653294445,4.805178289988756,4.77333409463997,4.788457918131287
2023_13_ATL_NYJ,2023,13,3.452172237418235,3.4270453610320644,3.691606686357192,3.6910680061663967
2023_13_CAR_TB,2023,13,3.4210091425413767,3.4040949029374805,2.503253094695611,2.492435146938593
2023_13_CIN_JAX,2023,13,4.041042295098617,4.042498162779218,2.957645593725325,2.9531928746154383
2023_13_CLE_LA,2023,13,4.087098292118082,4.090238727695579,4.18226748292363,4.18353945208661
2023_13_DEN_HOU,2023,13,3.425890012513531,3.4302868066207552,3.6693275379893273,3.6837892003168755
2023_13_DET_NO,2023,13,3.4210091425413767,3.425485783617407,3.664478637197957,3.6764119600004856
2023_13_IND_TEN,2023,13,3.425890012513531,3.419707967830657,2.5114231703060135,2.521757619788952
2023_13_KC_GB,2023,13,4.087098292118082,4.0878852877929,4.1764693687237155,4.178308227462188
2023_13_LAC_NE,2023,13,3.425890012513531,3.412548754281371,3.6667223496847803,3.6625662379146453
2023_13_MIA_WAS,2023,13,4.979846979494298,4.964069054190702,4.929455141549812,4.9486822995223205
2023_13_SEA_DAL,2023,13,3.464782056810069,3.469233101232556,3.674729176920213,3.657479493590628
2023_13_SF_PHI,2023,13,4.7935081653294445,4.789785572122125,4.782008082877864,4.7633635673348005
2023_14_BUF_KC,2023,14,3.5139744546082383,3.5203892298162858,2.576610555709037,2.5912560551055317
2023_14_CAR_NO,2023,14,4.390133337085917,4.40007943166372,4.4267170958663105,4.435133046721807
2023_14_DEN_LAC,2023,14,4.7935081653294445,4.793836040783144,4.782008082877864,4.766220967620303
2023_14_DET_CHI,2023,14,4.557112588134232,4.558378522254119,4.575672209813042,4.565869999165895
2023_14_GB_NYG,2023,14,3.6617745622586457,3.6536794735980584,3.839609302663118,3.8317756265585037
2023_14_HOU_NYJ,2023,14,5.783540165692129,5.8582687914695555,5.713153842370429,5.745561759352593
2023_14_IND_CIN,2023,14,4.444736013554813,4.444935816997411,4.479718279387905,4.4717342591155775
2023_14_JAX_CLE,2023,14,3.425890012513531,3.4101742577705965,3.6713115418169155,3.676086732156409
2023_14_LA_BAL,2023,14,3.425890012513531,3.42014052427406,3.655549227246329,3.6404529528448646
2023_14_MIN_LV,2023,14,3.4171013303414206,3.407779261009267,2.5026531560534133,2.502966638293085
2023_14_NE_PIT,2023,14,3.7249794747156306,3.7116436415662597,2.72700005502405,2.707287809269352
2023_14_PHI_DAL,2023,14,4.390133337085917,4.380111468842077,4.432515210066225,4.421216703699545
2023_14_SEA_SF,2023,14,3.441479797252265,3.4411481460158706,3.628290512257513,3.5752968682187887
2023_14_TB_ATL,2023,14,3.5341031447668687,3.528484610402504,3.7535616074826756,3.767207728174817
2023_14_TEN_MIA,2023,14,4.233121035441104,4.2328222266120195,4.252070437079252,4.269646123907277
2023_15_ATL_CAR,2023,15,3.5139744546082405,3.4901840340654537,3.7361728127290488,3.7297403215878298
2023_15_BAL_JAX,2023,15,3.9530810008856236,3.9532136486710545,4.073450789699149,4.075222952400314
2023_15_CHI_CLE,2023,15,3.4171013303414206,3.4022799435903432,2.502653156053413,2.4988890744428067
2023_15_DAL_BUF,2023,15,4.673468236204854,4.663700998463176,4.678131318377736,4.652116015338244
2023_15_DEN_DET,2023,15,4.733045862059681,4.723347693631767,4.721781698021627,4.717422823536502
2023_15_HOU_TEN,2023,15,3.556064780547148,3.5453697993942304,2.6066502787425487,2.6025300295675247
2023_15_KC_NE,2023,15,3.4171013303414206,3.4061351694797812,3.6365961901938397,3.6021674803512007
2023_15_LAC_LV,2023,15,7.449100657065902,7.5420837692234555,7.544131275078827,7.558638539302827
2023_15_MIN_CIN,2023,15,3.4171013303414206,3.409884500092201,2.502653156053413,2.504527809444735
2023_15_NYG_NO,2023,15,3.9530810008856205,3.953439490717613,4.0670751040241315,4.067325717504897
2023_15_NYJ_MIA,2023,15,5.107852232902523,5.1452663351656645,5.051097185436972,5.1058479971964585
2023_15_PHI_SEA,2023,15,3.6617745622586457,3.662722741569881,2.6818557433597237,2.678378152509498
2023_15_PIT_IND,2023,15,4.28428793586194,4.288791676864987,4.347321138304594,4.341509051338507
2023_15_SF_ARI,2023,15,3.464782056810069,3.470251543500471,3.657766180200283,3.6239907761648094
2023_15_TB_GB,2023,15,4.557112588134231,4.5647661435623155,4.573373907250162,4.573019923650855
2023_15_WAS_LA,2023,15,3.425890012513531,3.432270177033386,3.659789376712193,3.6596358017257993
2023_16_ARI_CHI,2023,16,3.5798372235017184,3.5757230792126693,3.78218344676969,3.783582088809547
2023_16_BAL_SF,2023,16,4.8548192881533785,4.84767535980652,4.825916239567313,4.831616458684004
2023_16_BUF_LAC,2023,16,3.8708966594404663,3.870837702634391,3.9661189358930007,3.9545944018856716
2023_16_CIN_PIT,2023,16,5.575548382388552,5.60538720848403,5.5090655131454405,5.49891707258379
2023_16_CLE_HOU,2023,16,3.8708966594404663,3.869644056174888,4.010693520599795,4.013286614927234
2023_16_DAL_MIA,2023,16,3.418078543321858,3.424193108557728,3.666853042280317,3.6933110708301573
2023_16_DET_MIN,2023,16,3.464782056810069,3.4687676401755394,3.700257466057511,3.718735054663208
2023_16_GB_CAR,2023,16,3.418078543321858,3.406657919718772,2.502306324958941,2.498346721923799
2023_16_IND_ATL,2023,16,4.336638017091687,4.338148524727871,4.38870061572046,4.383893374748158
2023_16_JAX_TB,2023,16,4.793508165329452,4.799608768884859,4.783671368360192,4.764543473824649
2023_16_LV_KC,2023,16,4.44473601355482,4.452496467043241,4.446885864928418,4.47686103335545
2023_16_NE_DEN,2023,16,3.794772383231289,3.790709059370358,2.7771599076605984,2.763949305145981
2023_16_NO_LA,2023,16,3.4792960689156485,3.4799961773766586,3.707887416565503,3.7163203277368675
2023_16_NYG_PHI,2023,16,3.556064780547148,3.5506699415219543,3.7172362417209555,3.6724556914607134
2023_16_SEA_TEN,2023,16,3.4171013303414206,3.4109181735577394,2.5026531560534133,2.5052943871772237
2023_16_WAS_NYJ,2023,16,3.4210091425413767,3.4028573071681048,3.666776939760836,3.667213675822994
2023_17_ARI_PHI,2023,17,4.336638017091683,4.332525867333093,4.350082854109442,4.368588533627378
2023_17_ATL_CHI,2023,17,4.444736013554813,4.455988083506001,4.479718279387905,4.47869577168307
2023_17_CAR_JAX,2023,17,5.107852232902523,5.136586166895914,5.064875496179972,5.0686373956793895
2023_17_CIN_KC,2023,17,3.418078543321858,3.4200736638546436,3.649753556718287,3.6404831940419906
2023_17_DET_DAL,2023,17,3.4956991828017534,3.507610816228277,3.7155932698732754,3.7254375694046606
2023_17_GB_MIN,2023,17,5.304860557170751,5.316584338262532,5.252228120898277,5.20854820241005
2023_17_LAC_DEN,2023,17,3.4647820568100673,3.4544375779001797,2.955199054846476,2.9536687063574316
2023_17_LA_NYG,2023,17,3.5139744546082405,3.5116053098293767,3.727498824491154,3.723902426465369
2023_17_LV_IND,2023,17,3.418078543321858,3.4129635922566077,2.5023063249589392,2.5030372753748926
2023_17_MIA_BAL,2023,17,6.716526161784177,6.702586278662025,6.697619744682969,6.621633913427391
2023_17_NE_BUF,2023,17,3.7249794747156306,3.721214010032061,3.8401483552917077,3.806781610944966
2023_17_NO_TB,2023,17,3.9963576072239753,3.996901968265009,4.111199805091476,4.112901950839963
2023_17_NYJ_CLE,2023,17,3.8320597465301116,3.8274408462234653,3.9695837131014375,3.963329108232369
2023_17_PIT_SEA,2023,17,3.9112487730935377,3.910817186575668,3.295797225079085,3.2926086963315093
2023_17_SF_WAS,2023,17,3.452172237418235,3.459551481107163,3.6393038213509157,3.596955435775047
2023_17_TEN_HOU,2023,17,4.557112588134232,4.559260692186449,4.570470204774098,4.571648515220066
2023_18_ATL_NO,2023,18,5.783540165692129,5.804113455718679,5.713153842370429,5.699746710773176
2023_18_BUF_MIA,2023,18,3.4956991828017534,3.4994168931724676,2.980300980517332,2.993602341053165
2023_18_CHI_GB,2023,18,3.5341031447668705,3.5346325366632567,3.752224436491236,3.7663645001632955
2023_18_CLE_CIN,2023,18,3.759068091147339,3.7535871300039294,3.908438961963385,3.8990478643874575
2023_18_DAL_WAS,2023,18,4.233121035441104,4.230483037267645,4.2581354318963935,4.272582140213537
2023_18_DEN_LV,2023,18,3.759068091147339,3.753860689034313,3.922217272706385,3.9228481234289387
2023_18_HOU_IND,2023,18,3.441479797252265,3.445598403439896,3.6842335633485743,3.7084600919244703
2023_18_JAX_TEN,2023,18,3.9112487730935377,3.9108996609882594,4.041476820767079,4.043685564220106
2023_18_KC_LAC,2023,18,3.4956991828017534,3.4773061306198434,3.7213913840731903,3.7172928948074815
2023_18_LA_SF,2023,18,3.5798372235017166,3.5729333081866645,3.7789905208743244,3.7740884788345053
2023_18_MIN_DET,2023,18,3.5798372235017184,3.582883499329331,3.7847886350742392,3.795896077586775
2023_18_NYJ_NE,2023,18,4.390133337085919,4.4236347279389685,4.434499213893808,4.446225001630901
2023_18_PHI_NYG,2023,18,4.9798469794943,4.986837467211349,4.945315986107425,4.944206530000618
2023_18_PIT_BAL,2023,18,3.4792960689156502,3.4579691039739506,2.967111311744937,2.959350763970456
2023_18_SEA_ARI,2023,18,3.425890012513531,3.4311027667918657,3.6713115418169155,3.691626686985788
2023_18_TB_CAR,2023,18,3.4792960689156502,3.4634308707471777,3.7049837140894413,3.6957811508569605
2024_01_ARI_BUF,2024,1,3.417417905108384,3.4191178366243395,3.650928273730591,3.6468722942766103
2024_01_BAL_KC,2024,1,3.4787160505440773,3.4807041596067023,2.9727632143385225,2.982848179035918
2024_01_CAR_NO,2024,1,6.646162478365211,6.667693082335878,6.619012349885361,6.591502721260325
2024_01_DAL_CLE,2024,1,4.615575383213224,4.620761123618252,4.625369056849543,4.61386664028586
2024_01_DEN_SEA,2024,1,3.417417905108384,3.4123223587993086,3.650928273730591,3.641545776480844
2024_01_GB_PHI,2024,1,3.451556609070725,3.4589250811894487,3.688460832075352,3.7129221846975646
2024_01_HOU_IND,2024,1,3.4203523842017285,3.4272951171656003,3.663595613947534,3.6831576782278153
2024_01_JAX_MIA,2024,1,3.417417905108384,3.425079221841986,2.5056140524783146,2.515819825109126
2024_01_LA_DET,2024,1,3.4203523842017285,3.434191359014457,3.6584526168266023,3.6723493444000317
2024_01_LV_LAC,2024,1,3.724714143234618,3.722196441745085,3.894253221010185,3.8996539489263746
2024_01_MIN_NYG,2024,1,4.918020921892031,4.923468965143273,4.894409647881536,4.861657180896455
2024_01_NE_CIN,2024,1,4.134717411821639,4.137592506848286,4.202984620059276,4.209013213205653
2024_01_NYJ_SF,2024,1,3.758845324189806,3.757889091905666,3.9196438534378006,3.9245430791782496
2024_01_PIT_ATL,2024,1,3.9530955336149445,3.953169937891967,4.071240737713014,4.0732550857702945
2024_01_TEN_CHI,2024,1,3.451556609070725,3.448822279033847,2.950201285567729,2.9519585952733505
2024_01_WAS_TB,2024,1,4.041161690628743,4.042036446493398,4.141805516987427,4.143129727937961
2024_02_ATL_PHI,2024,2,3.579387683384344,3.581205272771725,3.776165066411963,3.778345975215649
2024_02_BUF_MIA,2024,2,5.239959714236473,5.226767452672399,5.18839468057044,5.145085031263678
2024_02_CHI_HOU,2024,2,3.4164393979189773,3.417405390089372,3.6521153207223103,3.6503626048840783
2024_02_CIN_KC,2024,2,3.5335945479574997,3.5367517849207286,3.737839370186373,3.736354615260053
2024_02_CLE_JAX,2024,2,3.6614296099550705,3.65861155345019,3.8455245698833487,3.8521868609614898
2024_02_IND_GB,2024,2,3.724714143234618,3.7225536678748394,3.894253221010185,3.899991913678081
2024_02_LAC_CAR,2024,2,4.557814582097969,4.569048591133349,4.569415277017905,4.577172937689446
2024_02_LA_ARI,2024,2,6.428000032007426,6.409894588571602,6.385028010479731,6.262719183551327
2024_02_LV_BAL,2024,2,3.9530955336149445,3.9533103751174976,2.8969921584525635,2.8881302546490573
2024_02_NO_DAL,2024,2,6.355609448722332,6.3438605923063385,6.294305499064327,6.314241740544427
2024_02_NYG_WAS,2024,2,3.4252397114678437,3.421887391963281,2.5147070271894454,2.5272089234311186
2024_02_NYJ_TEN,2024,2,3.4641830052823104,3.459192806799465,2.960837736086804,2.9632379737350854
2024_02_PIT_DEN,2024,2,3.478716050544081,3.4655616243198284,2.9727632143385208,2.9709937478715
2024_02_SEA_NE,2024,2,3.417417905108386,3.4072701767851,2.5056140524783133,2.5021924884206954
2024_02_SF_MIN,2024,2,3.831927238939953,3.8324993886860024,3.974103646256782,3.9776714719583643
2024_02_TB_DET,2024,2,3.911212844858566,3.911835557801749,4.02555669652576,4.0260870728470675
2024_03_BAL_DAL,2024,3,3.4252397114678454,3.430066015836857,2.5147070271894414,2.53343767492641
2024_03_CAR_LV,2024,3,4.7339343088154555,4.745618937040879,4.721082012181759,4.732698287953075
2024_03_CHI_IND,2024,3,3.464183005282307,3.4618876562883245,3.698464166860469,3.7176173960656964
2024_03_DEN_TB,2024,3,5.4407409364521815,5.459380540159177,5.369295363772779,5.396924086769762
2024_03_DET_ARI,2024,3,3.478716050544081,3.4881239291269246,2.9727632143385208,2.9886532683925227
2024_03_GB_TEN,2024,3,4.674294209308236,4.69216843461852,4.675575987852956,4.674643779338185
2024_03_HOU_MIN,2024,3,5.997046579887629,5.989479054978077,5.931373922408656,5.8591345413390385
2024_03_JAX_BUF,2024,3,6.57329550493716,6.562221254503582,6.537768973627408,6.493514846379496
2024_03_KC_ATL,2024,3,3.43207469297238,3.4342724074931517,3.6723074403704805,3.688004640941487
2024_03_LAC_PIT,2024,3,3.604979993452445,3.5949547937951167,3.8024012420073503,3.8043157606520017
2024_03_MIA_SEA,2024,3,4.44531575425087,4.4502736079040535,4.476119461432786,4.475363997375182
2024_03_NE_NYJ,2024,3,4.183460588040205,4.188203295255967,4.249323975841773,4.255440885481875
2024_03_NYG_CLE,2024,3,3.9964239413754283,3.997852776231505,4.0976412678763685,4.098801245907689
2024_03_PHI_NO,2024,3,3.5335945479574997,3.53904304776715,2.594486756383799,2.6057261689993507
2024_03_SF_LA,2024,3,3.724714143234618,3.724435165030248,2.730934453566378,2.7229833675207282
2024_03_WAS_CIN,2024,3,3.9964239413754283,3.9962707759849687,4.093450181609677,4.094477211634424
2024_04_BUF_BAL,2024,4,5.109118566553112,5.103093424302094,5.066801119311623,5.0330421462767925
2024_04_CIN_CAR,2024,4,3.5335945479574997,3.536390596061043,3.7446930025777165,3.752095875468177
2024_04_CLE_LV,2024,4,3.579387683384344,3.5692981443581355,3.783858843926399,3.7884333059593076
2024_04_DAL_NYG,2024,4,3.417417905108386,3.4176371633637483,3.654625386102199,3.6551555876103454
2024_04_DEN_NYJ,2024,4,3.692232046846131,3.68772594883497,3.8545117060809315,3.844816226580518
2024_04_JAX_HOU,2024,4,3.4252397114678454,3.424633972904561,3.6604346293548793,3.6603375180196336
2024_04_KC_LAC,2024,4,3.417417905108386,3.411266630002872,2.9123944881486814,2.8917595127736258
2024_04_LA_CHI,2024,4,3.451556609070725,3.4439425589623758,3.68681628997163,3.6945261417260835
2024_04_MIN_GB,2024,4,3.4951406146174806,3.4943156431820723,3.720313952508895,3.73474112710377
2024_04_NE_SF,2024,4,3.579387683384344,3.5748881511824857,3.7532817014755437,3.7276494972050354
2024_04_NO_ATL,2024,4,3.417417905108384,3.412072333659324,3.6623191636166395,3.6753141624754635
2024_04_PHI_TB,2024,4,4.557814582097963,4.562321932990708,4.577198209523294,4.558975889873514
2024_04_PIT_IND,2024,4,3.5335945479575015,3.5273783194669526,2.5944867563837986,2.59636394997088
2024_04_SEA_DET,2024,4,3.758845324189806,3.7598582229664634,3.9196438534378006,3.926490845211525
2024_04_TEN_MIA,2024,4,4.980987139335607,5.005429227783414,4.949595596402534,4.94248695467965
2024_04_WAS_ARI,2024,4,6.355609448722332,6.331147964366444,6.3037347815006735,6.238341903819952
2024_05_ARI_SF,2024,5,3.6614296099550705,3.664351914506919,3.8329990165368595,3.831228136839802
2024_05_BAL_CIN,2024,5,3.417417905108384,3.4237157872399235,2.507575659928017,2.5222187590603804
2024_05_BUF_HOU,2024,5,3.432074692972378,3.437672100627702,2.5202038720663187,2.5419685430458756
2024_05_CAR_CHI,2024,5,5.044697619997738,5.060041329768551,5.0044685173299595,5.004410087922881
2024_05_CLE_WAS,2024,5,4.557814582097963,4.558940365125339,4.574558274138834,4.564516791430251
2024_05_DAL_PIT,2024,5,3.5335945479574997,3.532186955483449,2.594486756383799,2.6002258400751446
2024_05_GB_LA,2024,5,3.43207469297238,3.4395913302116616,3.6723074403704805,3.6920874725294412
2024_05_IND_JAX,2024,5,3.417417905108384,3.4179594552236248,2.5056140524783146,2.5103709706690296
2024_05_LV_DEN,2024,5,4.041161690628743,4.044347794790222,4.144077822076111,4.1456080405942135
2024_05_MIA_NE,2024,5,3.4515566090707233,3.4386749468240168,3.6884608320753514,3.6973114917066923
2024_05_NO_KC,2024,5,3.632336220729749,3.630504978173528,3.8164676426643314,3.8156484370562906
2024_05_NYG_SEA,2024,5,4.337097780409161,4.340115522062151,4.3746456878518805,4.3835223991889976
2024_05_NYJ_MIN,2024,5,3.464183005282307,3.460149075569934,3.6971420428517234,3.709880995309936
2024_05_TB_ATL,2024,5,3.464183005282307,3.4632981285998206,3.6971420428517234,3.712325516981265
2024_06_ARI_GB,2024,6,4.284688743872666,4.282598349722955,4.336652859539498,4.337407662901927
2024_06_ATL_CAR,2024,6,3.9530955336149445,3.9530745974499815,4.064937779046514,4.0660858471474075
2024_06_BUF_NYJ,2024,6,3.43207469297238,3.427989369661349,2.5202038720663182,2.5345791444302423
2024_06_CIN_NYG,2024,6,3.5335945479574997,3.53515199410154,3.7446930025777165,3.7510941116902354
2024_06_CLE_PHI,2024,6,3.478716050544081,3.4740340059370554,3.6901615108449635,3.67365446778382
2024_06_DET_DAL,2024,6,6.792244942467487,6.7437484111987684,6.781408935500508,6.6822480996398514
2024_06_HOU_NE,2024,6,4.087271928631933,4.090479950670793,4.170858816500992,4.174538527584184
2024_06_IND_TEN,2024,6,3.5335945479574997,3.5301730905272284,2.594486756383799,2.5986088986706086
2024_06_JAX_CHI,2024,6,4.855833342901274,4.855788483432534,4.838207589133704,4.808209768992493
2024_06_LAC_DEN,2024,6,3.478716050544081,3.4664501578758777,2.9727632143385208,2.9716896254854612
2024_06_PIT_LV,2024,6,4.284688743872666,4.294177804689693,4.342385029604235,4.344712545151326
2024_06_SF_SEA,2024,6,3.692232046846131,3.6954522679757713,3.8681320747839694,3.8780100926038465
2024_06_TB_NO,2024,6,4.855833342901273,4.861587991354099,4.834923857675264,4.82559405965805
2024_06_WAS_BAL,2024,6,3.417417905108386,3.4275546786943387,2.916585574415372,2.914644143493128
2024_07_BAL_TB,2024,7,3.5335945479574997,3.5411052893226636,3.7446930025777165,3.755906753148496
2024_07_CAR_WAS,2024,7,5.174216786202638,5.156580024107968,5.099187789577734,5.14184935926973
2024_07_CIN_CLE,2024,7,3.4252397114678454,3.420382950652664,2.9260919300396626,2.9181867696079995
2024_07_DEN_NO,2024,7,4.855833342901273,4.877598198535879,4.836885465124966,4.830921630340898
2024_07_DET_MIN,2024,7,3.4515566090707233,3.4604694389824675,3.6894562253560905,3.7202698956111515
2024_07_HOU_GB,2024,7,3.4203523842017285,3.425763758671674,3.663595613947536,3.6819874006746427
2024_07_KC_SF,2024,7,3.9964239413754283,3.9959670410349,4.109032157762417,4.111120532796407
2024_07_LAC_ARI,2024,7,3.451556609070725,3.4508724124569246,3.68945622535609,3.7128835764977275
2024_07_LV_LA,2024,7,3.43207469297238,3.428756828585216,3.6597818870239918,3.649078603502332
2024_07_MIA_IND,2024,7,3.451556609070725,3.450572134368954,3.68681628997163,3.6996548504565445
2024_07_NE_JAX,2024,7,3.758845324189806,3.757145503479692,3.910214571001455,3.9070106032436
2024_07_NYJ_PIT,2024,7,5.4407409364522055,5.460460779706972,5.377870627527949,5.362270598230691
2024_07_PHI_NYG,2024,7,5.044697619997728,5.053000939314305,5.006740822418641,4.9908875974680145
2024_07_SEA_ATL,2024,7,5.174216786202632,5.1529204219534686,5.1261539155282705,5.084204987058963
2024_07_TEN_BUF,2024,7,4.183460588040205,4.186722156778919,4.235481541534228,4.245499290974108
2024_08_ARI_MIA,2024,8,3.5134397097186087,3.5157967059477007,3.7308813423666045,3.740402439190442
2024_08_ATL_TB,2024,8,3.4641830052823104,3.4679131639061325,3.698464166860469,3.7222835479959855
2024_08_BAL_CLE,2024,8,3.996423941375427,3.9965195832337246,4.093450181609683,4.094438353032659
2024_08_BUF_SEA,2024,8,4.557814582097969,4.5562783396138355,4.574558274138837,4.562716345361804
2024_08_CAR_DEN,2024,8,3.4203523842017285,3.411545419072032,3.619547551262633,3.5660146449757693
2024_08_CHI_WAS,2024,8,3.4252397114678437,3.4285012554995626,2.5147070271894454,2.532245824587199
2024_08_DAL_SF,2024,8,3.417417905108386,3.4224582191879716,3.654625386102199,3.658898940678578
2024_08_GB_JAX,2024,8,3.417417905108386,3.424320816945887,2.5056140524783133,2.5152393515743614
2024_08_IND_HOU,2024,8,3.43207469297238,3.4323657352406847,2.5124209395609265,2.5085805531600824
2024_08_KC_LV,2024,8,3.432074692972378,3.42673840610626,2.9161873603947512,2.8875313667456006
2024_08_MIN_LA,2024,8,4.041161690628743,4.040339012553905,4.144077822076111,4.144810238736656
2024_08_NO_LAC,2024,8,3.8708116910930075,3.870063937395634,3.995783215508167,3.993724436075605
2024_08_NYG_PIT,2024,8,3.432074692972378,3.4189951842705293,3.6637321766152966,3.6510708426183696
2024_08_NYJ_NE,2024,8,3.7945939166311553,3.7927459602719646,2.781265103971108,2.7698476780306716
2024_08_PHI_CIN,2024,8,5.1091185665531,5.100071464904401,5.066801119311618,5.030723700811875
2024_08_TEN_DET,2024,8,5.508750276408993,5.511011758252582,5.402315304369387,5.519099284568146
2024_09_CHI_ARI,2024,9,4.6155753832132165,4.615541589515396,4.626691180858292,4.605880562034082
2024_09_DAL_ATL,2024,9,3.451556609070725,3.462209261186725,3.68681628997163,3.708656762903251
2024_09_DEN_BAL,2024,9,5.044697619997738,5.040870707478894,4.984963441758131,5.022297797781313
2024_09_DET_GB,2024,9,3.632336220729747,3.635084793250991,3.8241614201787675,3.8380442304109423
2024_09_HOU_NYJ,2024,9,3.5335945479575015,3.532186955483449,3.749230260072421,3.7621881472648258
2024_09_IND_MIN,2024,9,3.4252397114678437,3.42849456487097,3.656737516983273,3.653995086051079
2024_09_JAX_PHI,2024,9,3.440850082908622,3.4423169014924206,3.6641583962957944,3.6545517300315105
2024_09_LAC_CLE,2024,9,4.2334636763040105,4.235290946100713,4.302632429043869,4.298093140072272
2024_09_LA_SEA,2024,9,3.4951406146174806,3.5006074144226424,3.72163607651764,3.7457911076034356
2024_09_LV_CIN,2024,9,3.724714143234618,3.724640489868031,3.8773088182014104,3.870909486872135
2024_09_MIA_BUF,2024,9,3.4641830052823104,3.4700074368644054,2.5310076492770524,2.523570276071807
2024_09_NE_TEN,2024,9,3.4164393979189773,3.405386549658076,2.5059470807888715,2.5046365294661888
2024_09_NO_CAR,2024,9,3.6614296099550705,3.6600993599041955,3.8329990165368595,3.827427438211224
2024_09_TB_KC,2024,9,3.4515566090707233,3.4520045204208527,3.665038909311118,3.646257758345522
2024_09_WAS_NYG,2024,9,3.417417905108384,3.4169636703866395,3.6577819061219343,3.663433881187341
2024_10_ATL_NO,2024,10,3.579387683384344,3.5814250837889423,2.627153732788075,2.630488203922883
2024_10_BUF_IND,2024,10,3.5335945479574997,3.5357744782520917,3.7446930025777165,3.7515975998910025
2024_10_CIN_BAL,2024,10,3.5134397097186087,3.5234730200355586,3.724578383700105,3.730833196754846
2024_10_DEN_KC,2024,10,3.5335945479574997,3.5302331994827685,3.7336482839196816,3.722006857487427
2024_10_DET_HOU,2024,10,3.4252397114678437,3.4318766219028523,2.5088476456859947,2.512699727632628
2024_10_MIA_LA,2024,10,3.8319272389399566,3.8335377417276084,3.9786409037514896,3.9868643885873647
2024_10_MIN_JAX,2024,10,3.432074692972378,3.427908974796492,3.6597818870239918,3.64840699825195
2024_10_NE_CHI,2024,10,5.1091185665531,5.135529732266887,5.055410229425569,5.091719541159252
2024_10_NYG_CAR,2024,10,3.758845324189806,3.7562526678492785,2.755471067312832,2.744149968579426
2024_10_NYJ_ARI,2024,10,5.71561677996032,5.7111757890257415,5.647676592624218,5.588363690517882
2024_10_PHI_DAL,2024,10,4.855833342901273,4.857275571017193,4.821303488972227,4.842657962628643
2024_10_PIT_WAS,2024,10,3.440850082908622,3.441673497955046,3.6810624964572796,3.7034295510080684
2024_10_SF_TB,2024,10,3.464183005282307,3.472052947184552,2.5310076492770524,2.525200829047534
2024_10_TEN_LAC,2024,10,3.432074692972378,3.423358715408802,3.6553630375617066,3.6345007310039694
2024_11_ATL_DEN,2024,11,6.13970776937519,6.139877478074175,6.078760881844245,6.008152234475804
2024_11_BAL_PIT,2024,11,3.5134397097186105,3.517850502358133,3.733153647455287,3.7489535048084823
2024_11_CIN_LAC,2024,11,3.5555846041231103,3.5597830160360826,3.0332277326006625,3.0520259823449267
2024_11_CLE_NO,2024,11,5.044697619997738,5.046037199576868,5.009380757803104,4.968140248854844
2024_11_GB_CHI,2024,11,3.5134397097186105,3.507933020587643,3.724578383700103,3.718242352107852
2024_11_HOU_DAL,2024,11,4.390652769052048,4.395552424866409,4.417477763989469,4.430476044729992
2024_11_IND_NYJ,2024,11,3.5134397097186087,3.511065988757833,3.7308813423666045,3.7366229275815805
2024_11_JAX_DET,2024,11,6.428000032007426,6.417489658142648,6.332350704139762,6.552062633699
2024_11_KC_BUF,2024,11,3.579387683384344,3.5815350135699777,3.7838588439263994,3.798533656837239
2024_11_LA_NE,2024,11,3.43207469297238,3.428378111118234,3.6700351352817964,3.675797222771146
2024_11_LV_MIA,2024,11,3.604979993452445,3.6032699512335715,3.785456839198576,3.7745311988206516
2024_11_MIN_TEN,2024,11,3.478716050544081,3.4711231791719332,3.6985306498985535,3.6903673570911115
2024_11_SEA_SF,2024,11,3.7247141432346202,3.7273462207482515,2.7309344535663778,2.7257289089955887
2024_11_WAS_PHI,2024,11,3.464183005282307,3.4709887167844715,3.6926047853570187,3.7035974712212347
2024_12_ARI_SEA,2024,12,3.8708116910930075,3.871255647979568,4.010948704239116,4.01896857939727
2024_12_BAL_LAC,2024,12,3.478716050544081,3.4874823011271325,2.9727632143385208,2.9881513565091296
2024_12_DAL_WAS,2024,12,4.615575383213224,4.616254707572402,4.594791914398687,4.628064278197683
2024_12_DEN_LV,2024,12,3.4641830052823104,3.4587549989961293,3.6857511529656746,3.6765581411927326
2024_12_DET_IND,2024,12,3.8708116910930075,3.8719713008117855,3.9957832155081645,3.9964733940435266
2024_12_KC_CAR,2024,12,3.6614296099550705,3.659316935418707,2.658331606040143,2.6296217055790074
2024_12_MIN_CHI,2024,12,3.4164393979189773,3.407305753571479,2.5059470807888715,2.506100207250007
2024_12_NE_MIA,2024,12,3.9112128448585706,3.9112977020404016,4.02555669652576,4.024921967769459
2024_12_PHI_LA,2024,12,4.134717411821639,4.132349159941046,4.21992902286805,4.21767826966241
2024_12_PIT_CLE,2024,12,3.6922320468461267,3.685360751271845,3.8681320747839667,3.8688603030656883
2024_12_SF_GB,2024,12,4.980987139335593,4.982329603289008,4.938204706516493,4.95253319714588
2024_12_TB_NYG,2024,12,4.390652769052048,4.396894947694318,4.42166885025616,4.431814744731381
2024_12_TEN_HOU,2024,12,4.041161690628748,4.042691841625512,4.127133419267339,4.12959466798801
2024_13_ARI_MIN,2024,13,3.440850082908622,3.4421531119051325,3.677778764998832,3.689959340723488
2024_13_CHI_DET,2024,13,3.579387683384344,3.5818498524654863,2.6038820160441856,2.5818725654973256
2024_13_CLE_DEN,2024,13,3.4408500829086237,3.4351422117487056,3.668349482562484,3.658711614907959
2024_13_HOU_JAX,2024,13,3.417417905108386,3.417124815680407,2.5056140524783133,2.5097322860504367
2024_13_IND_NE,2024,13,3.4252397114678437,3.4199782886808716,3.6681284068693216,3.6809756152555666
2024_13_LAC_ATL,2024,13,3.4515566090707233,3.455464726870992,3.68945622535609,3.7164179918744242
2024_13_LA_NO,2024,13,3.4951406146174806,3.500470865461054,2.9859712531936777,3.000744866162652
2024_13_LV_KC,2024,13,3.911212844858566,3.910911695396425,3.993203051594616,3.98296520092842
2024_13_MIA_GB,2024,13,3.758845324189806,3.760401027323981,3.9196438534378006,3.92702491810748
2024_13_NYG_DAL,2024,13,3.4408500829086237,3.4310290917463515,2.940860415638611,2.9345599972613154
2024_13_PHI_BAL,2024,13,3.6614296099550705,3.6658944221606657,3.8455245698833487,3.8585677254698627
2024_13_PIT_CIN,2024,13,3.7247141432346202,3.7256254689775723,3.8942532210101835,3.902884983159587
2024_13_SEA_NYJ,2024,13,3.5555846041231103,3.5518828203078336,3.767570431915879,3.7844476211893125
2024_13_SF_BUF,2024,13,4.6155753832132165,4.6155081350510105,4.613978166963498,4.622642961079022
2024_13_TB_CAR,2024,13,3.464183005282307,3.4657246277488234,2.5310076492770524,2.5201554466412057
2024_13_TEN_WAS,2024,13,4.44531575425087,4.445193938148567,4.469816502766287,4.474228112010056
2024_14_ATL_MIN,2024,14,4.233463676304009,4.232127914554394,4.29241262318497,4.29463539417614
2024_14_BUF_LA,2024,14,3.5335945479575015,3.5395047337380094,3.747268652622719,3.761659338596333
2024_14_CAR_PHI,2024,14,3.6614296099550705,3.660395498167246,3.7954871989278405,3.7623661175465846
2024_14_CHI_SF,2024,14,5.044697619997738,5.048187330813591,5.006740822418644,4.987207172302676
2024_14_CIN_DAL,2024,14,3.43207469297238,3.4414441492692522,2.9328217439343316,2.938759046146322
2024_14_CLE_PIT,2024,14,3.604979993452445,3.602929782866152,3.7938259782521664,3.7908136804812123
2024_14_GB_DET,2024,14,3.4164393979189773,3.429309830027679,2.5059470807888715,2.5228887454002185
2024_14_JAX_TEN,2024,14,3.604979993452445,3.5998483473360903,3.8024012420073503,3.808436928896747
2024_14_LAC_KC,2024,14,3.4515566090707233,3.449476574362757,3.6816732928506983,3.6831423981873983
2024_14_LV_TB,2024,14,3.6614296099550705,3.663117792322682,3.8329990165368595,3.8301270979543918
2024_14_NO_NYG,2024,14,3.4408500829086237,3.4344332322053526,2.5173030912454712,2.505462191925566
2024_14_NYJ_MIA,2024,14,3.417417905108384,3.4174760176376275,3.650928273730591,3.6455854195288953
2024_14_SEA_ARI,2024,14,4.2334636763040105,4.232714402520222,4.300987886940148,4.297151840321605
2024_15_ATL_LV,2024,15,3.417417905108386,3.4166413802073765,3.650928273730589,3.6449312132331877
2024_15_BAL_NYG,2024,15,3.4951406146174806,3.4916891147257436,3.6543302558345934,3.5892768166745337
2024_15_BUF_DET,2024,15,3.692232046846131,3.6999467242217947,3.8700936822336716,3.887007257310199
2024_15_CHI_MIN,2024,15,3.8708116910930075,3.870489722918622,3.995783215508167,3.994364058125478
2024_15_CIN_TEN,2024,15,3.478716050544081,3.4809889047128775,3.6985306498985535,3.6982466705092505
2024_15_DAL_CAR,2024,15,4.615575383213224,4.620761123618252,4.625369056849543,4.61386664028586
2024_15_GB_SEA,2024,15,4.134717411821639,4.132861616452373,4.21992902286805,4.217899808414256
2024_15_IND_DEN,2024,15,4.087271928631935,4.087844347736145,4.177712448892331,4.178853442614692
2024_15_KC_CLE,2024,15,3.7588453241898026,3.7569566298923145,3.9170682033927946,3.9186419843533424
2024_15_LA_SF,2024,15,3.7247141432346202,3.727230744016026,3.8942532210101835,3.9043879297079243
2024_15_MIA_HOU,2024,15,3.5335945479575015,3.5360229869633946,3.749230260072421,3.7652664568709127
2024_15_NE_ARI,2024,15,3.604979993452445,3.6066144077311937,3.7938259782521664,3.7939507483436996
2024_15_NYJ_JAX,2024,15,3.4641830052823104,3.459192806799465,2.960837736086804,2.9632379737350854
2024_15_PIT_PHI,2024,15,3.6922320468461267,3.6907664754078895,3.86239990471923,3.8619436153605293
2024_15_TB_LAC,2024,15,5.577251548649527,5.571423767522414,5.5099521587964055,5.4699963252988155
2024_15_WAS_NO,2024,15,3.579387683384344,3.5787501003715163,3.7682768677736598,3.759844144217109
2024_16_ARI_CAR,2024,16,3.9112128448585706,3.911409858375666,4.0334448951640605,4.03520873196051
2024_16_CLE_CIN,2024,16,3.6614296099550705,3.662445547707947,3.8185584439328157,3.8039637370632176
2024_16_DEN_LAC,2024,16,3.4787160505440773,3.4739560924818336,2.9727632143385225,2.9775666525090476
2024_16_DET_CHI,2024,16,3.7945939166311513,3.795688108980961,3.936008607659733,3.9349723874742613
2024_16_HOU_KC,2024,16,3.4951406146174806,3.491991009464578,3.718352345059192,3.726138462068043
2024_16_JAX_LV,2024,16,3.4408500829086237,3.4357562397878785,3.6797403724485322,3.692292327200127
2024_16_LA_NYJ,2024,16,3.604979993452445,3.607426027781285,3.8024012420073503,3.814796928161935
2024_16_MIN_SEA,2024,16,3.417417905108384,3.414724606411823,2.507575659928017,2.515371300179046
2024_16_NE_BUF,2024,16,3.8708116910930075,3.8712926620728925,2.8035278942105233,2.7832812039220993
2024_16_NO_GB,2024,16,4.794459325726258,4.798551512969665,4.731309459471629,4.80512009866691
2024_16_NYG_ATL,2024,16,4.50104890624546,4.5056425349382625,4.501531561900872,4.5266438966338995
2024_16_PHI_WAS,2024,16,3.604979993452445,3.6073239729864497,2.6453854332300435,2.6466680106681846
2024_16_PIT_BAL,2024,16,3.7945939166311553,3.794363268397016,3.9360086076597307,3.933557977242073
2024_16_SF_MIA,2024,16,4.1347174118216445,4.135029425611253,4.221573564971768,4.219350659872202
2024_16_TB_DAL,2024,16,3.579387683384344,3.582399975183829,3.7793215864316942,3.7866184164561645
2024_16_TEN_IND,2024,16,3.4787160505440773,3.4753742181202267,3.704833608565055,3.710261002596114
2024_17_ARI_LA,2024,17,3.440850082908622,3.4455018175721306,3.6683494825624856,3.666900904575247
2024_17_ATL_WAS,2024,17,3.4408500829086237,3.443701357717024,3.6777787649988296,3.6911548073929143
2024_17_BAL_HOU,2024,17,5.239959714236473,5.234347972661987,5.180700903056001,5.18011753263343
2024_17_CAR_TB,2024,17,5.373252698003986,5.364977942507843,5.289033599333245,5.342522428807385
2024_17_DAL_PHI,2024,17,5.646216296182213,5.683352154683844,5.562819719582158,5.6348202103396146
2024_17_DEN_CIN,2024,17,3.4408500829086237,3.4495805616007287,3.6777787649988296,3.695694426535663
2024_17_DET_SF,2024,17,3.43207469297238,3.4408858486939,3.6700351352817964,3.685450740303283
2024_17_GB_MIN,2024,17,3.451556609070725,3.45836793247454,3.68945622535609,3.718652446781446
2024_17_IND_NYG,2024,17,4.733934308815463,4.744785028943407,4.7131938135434615,4.738882063298214
2024_17_KC_PIT,2024,17,4.337097780409161,4.338434311254043,4.387171241198369,4.38221647873229
2024_17_LAC_NE,2024,17,5.7156167799603255,5.7295440988193835,5.637456786765331,5.66364824103843
2024_17_LV_NO,2024,17,4.041161690628748,4.043666053616452,4.145722364179834,4.1467556915814
2024_17_MIA_CLE,2024,17,4.134717411821639,4.143619455362534,4.21992902286805,4.222786167742915
2024_17_NYJ_BUF,2024,17,4.337097780409159,4.338034575846906,4.3602051152478305,4.377053861910839
2024_17_SEA_CHI,2024,17,3.417417905108386,3.415427038821161,2.5056140524783133,2.508433158670999
2024_17_TEN_JAX,2024,17,3.6614296099550705,3.6553948844216184,3.113821805952592,3.119692528281095
2024_18_BUF_NE,2024,18,3.7945939166311553,3.7907000070253836,3.2141914616910023,3.211725975914796
2024_18_CAR_ATL,2024,18,4.087271928631933,4.085858130343685,4.166667730234301,4.169064957901736
2024_18_CHI_GB,2024,18,3.9530955336149445,3.9532838884925465,4.046546916851165,4.044040880705948
2024_18_CIN_PIT,2024,18,3.417417905108386,3.423715787239922,3.6623191636166372,3.684181066250064
2024_18_CLE_BAL,2024,18,3.5335945479575015,3.5287495178495196,3.6660035553718315,3.5863388967157293
2024_18_HOU_TEN,2024,18,3.911212844858566,3.910604450984742,4.0411386726785,4.043369040436522
2024_18_JAX_IND,2024,18,3.417417905108384,3.4187848756247528,2.5056140524783146,2.511002616262345
2024_18_KC_DEN,2024,18,5.785425982577029,5.809760503177959,5.685860859852831,5.80747325669192
2024_18_LAC_LV,2024,18,3.604979993452445,3.602280049601391,3.789875688660861,3.7822579813146757
2024_18_MIA_NYJ,2024,18,3.831927238939953,3.8302106497252897,3.979963027760232,3.985844765241793
2024_18_MIN_DET,2024,18,4.674294209308237,4.652794939452642,4.675575987852963,4.647012345399124
2024_18_NO_TB,2024,18,3.579387683384344,3.577983819587756,3.729903988715742,3.6867724346313033
2024_18_NYG_PHI,2024,18,3.4787160505440773,3.4655616243198284,2.9727632143385225,2.9709937478714994
2024_18_SEA_LA,2024,18,3.4408500829086237,3.429651161664264,3.664158396295793,3.6444304508333043
2024_18_SF_ARI,2024,18,4.6155753832132165,4.620102851300167,4.620831799354842,4.620761793217783
2024_18_WAS_DAL,2024,18,3.451556609070725,3.449176364499476,3.6742907366251414,3.6646275065153433
2025_01_ARI_NO,2025,1,3.4177099615311533,3.4178558051742693,2.930714699327795,2.9242401791466137
2025_01_BAL_BUF,2025,1,3.4383168333372844,3.4421400565243667,3.6741832124921867,3.6988187942013333
2025_01_CAR_JAX,2025,1,3.911075954373785,3.9110930140175215,4.032532708971123,4.03459343245917
2025_01_CIN_CLE,2025,1,3.492894559996972,3.4957466907256047,3.706181350398174,3.7090356651017795
2025_01_DAL_PHI,2025,1,3.492894559996974,3.497467476317902,3.6938508853664045,3.6831844360024846
2025_01_DET_GB,2025,1,3.9966996230650325,3.996511209301481,4.106705837104876,4.108553699253807
2025_01_HOU_LA,2025,1,3.4226233562988573,3.4198762907875384,3.659246101996059,3.6678076189805355
2025_01_KC_LAC,2025,1,3.7236515975133164,3.72432212784758,3.8890383186971933,3.8971764071541726
2025_01_LV_NE,2025,1,3.757954543392487,3.757215243021964,3.199108665013542,3.202259871635821
2025_01_MIA_IND,2025,1,5.245580986450256,5.244176616013653,5.193805033542208,5.147654988908115
2025_01_MIN_CHI,2025,1,3.4226233562988555,3.418541706776319,2.519037800881395,2.5310377479450827
2025_01_NYG_WAS,2025,1,3.7236515975133164,3.7241949680192397,3.880588921524116,3.880471320027906
2025_01_PIT_NYJ,2025,1,3.4177099615311533,3.4065320777707697,3.65663187952691,3.660514188715258
2025_01_SF_SEA,2025,1,3.4226233562988555,3.4192089902823217,3.6611794167479097,3.6745453230861718
2025_01_TB_ATL,2025,1,3.4226233562988555,3.423275600736355,2.519037800881395,2.535230484830215
2025_01_TEN_DEN,2025,1,3.414759819670353,3.4140873081669727,3.635413855276294,3.617371788025955
2025_02_ATL_MIN,2025,2,4.737525361814206,4.739629371789731,4.727721276099531,4.718020936317036
2025_02_BUF_NYJ,2025,2,4.135649188760577,4.1343519484549045,4.20868984199672,4.21007937645312
2025_02_CAR_ARI,2025,2,3.4294947545799928,3.431474625331328,3.653070071137237,3.646587625944215
2025_02_CHI_DET,2025,2,5.447117278736486,5.440998314334788,5.374850672350328,5.38057620949042
2025_02_CLE_BAL,2025,2,3.911075954373785,3.911460238557641,3.9956735607117686,3.9891979842816796
2025_02_DEN_IND,2025,2,3.461773534260333,3.4586308289605214,3.6904144217194523,3.702990136818551
2025_02_JAX_CIN,2025,2,3.414759819670353,3.419033702959318,3.6533924851416595,3.668336520091804
2025_02_LAC_LV,2025,2,3.6308033888343187,3.6312960274281485,3.816464730015379,3.824565867839918
2025_02_LA_TEN,2025,2,3.691005039983854,3.689168425662828,3.8570955626103163,3.855751552950228
2025_02_NE_MIA,2025,2,3.6308033888343187,3.6284233983345318,3.819701227644983,3.831949592172933
2025_02_NYG_DAL,2025,2,3.4226233562988555,3.421766703046547,2.5132631519548103,2.5119236384387347
2025_02_PHI_KC,2025,2,3.4226233562988555,3.4221305146494734,2.519037800881395,2.534216214333594
2025_02_SEA_PIT,2025,2,4.503640790482735,4.510274588963183,4.524260713310211,4.5221391126715
2025_02_SF_NO,2025,2,3.4294947545799928,3.4226664254012897,3.6654102351132716,3.672884378677781
2025_02_TB_HOU,2025,2,3.461773534260331,3.457479455634262,3.6904144217194506,3.7019506548222223
2025_02_WAS_GB,2025,2,3.531550201122491,3.5339793574260328,3.740965704220119,3.752480410241316
2025_03_ARI_SF,2025,3,3.414759819670353,3.411855317961695,3.6566289827712635,3.6760917671840927
2025_03_ATL_CAR,2025,3,6.949895804448933,6.9507088381703115,6.956823895177154,6.965868134154235
2025_03_CIN_MIN,2025,3,6.876435463816865,6.900190203240967,6.879923744016591,6.840102927011139
2025_03_DAL_CHI,2025,3,4.618663931292687,4.6152749848544605,4.626811352527828,4.603232280509886
2025_03_DEN_LAC,2025,3,3.414759819670353,3.4137484570026913,2.511881001149238,2.521436665503189
2025_03_DET_BAL,2025,3,3.996699623065031,3.9958051093695617,4.100931188178295,4.102557181014254
2025_03_GB_CLE,2025,3,3.911075954373785,3.9109822460501222,2.873647431658468,2.8650656321233083
2025_03_HOU_JAX,2025,3,3.531550201122491,3.528366990057318,3.0267344188236893,3.0379701081443424
2025_03_IND_TEN,2025,3,4.234853910284393,4.235432576090562,4.290344383437192,4.293571756220276
2025_03_KC_NYG,2025,3,3.6033063676782464,3.6033986093221193,3.7880436602450582,3.7866048728808552
2025_03_LA_PHI,2025,3,3.461773534260333,3.461471489337215,2.9710133239415693,2.977280138817358
2025_03_LV_WAS,2025,3,4.184619700041561,4.186159218601813,4.258205580610532,4.255718138515267
2025_03_MIA_BUF,2025,3,3.438316833337288,3.4492530836182724,3.631549415306246,3.6012460329522
2025_03_NO_SEA,2025,3,5.245580986450256,5.251222021903176,5.177151131879043,5.2117699337438985
2025_03_NYJ_TB,2025,3,3.492894559996974,3.492255310629817,3.7025394979223116,3.697173590480507
2025_03_PIT_NE,2025,3,3.531550201122489,3.529320008822435,3.0267344188236893,3.0388593188216313
2025_04_BAL_KC,2025,4,4.737525361814202,4.734174225460709,4.729654590851375,4.708405995631351
2025_04_CAR_NE,2025,4,5.245580986450256,5.251337611144079,5.184920371079008,5.194393518546786
2025_04_CHI_LV,2025,4,3.438316833337288,3.4389483180394844,3.674183212492185,3.6959729196430944
2025_04_CIN_DEN,2025,4,4.503640790482729,4.502503151829819,4.510843309276644,4.521932851858083
2025_04_CLE_DET,2025,4,4.135649188760577,4.134647686076608,4.190584925052779,4.196463733632085
2025_04_GB_DAL,2025,4,3.603306367678248,3.606074460712223,5.559037682290271,5.55025141703342
2025_04_IND_LA,2025,4,3.461773534260333,3.4656483165887573,2.9710133239415693,2.9810667630770142
2025_04_JAX_SF,2025,4,3.691005039983854,3.6908516912488194,3.862743727443912,3.869197138483928
2025_04_LAC_NYG,2025,4,3.7236515975133164,3.7232158237320574,2.737144122779846,2.7298024441515247
2025_04_MIN_PIT,2025,4,3.531550201122491,3.5269147607974007,2.599454220227698,2.6026278647682837
2025_04_NO_BUF,2025,4,3.461773534260331,3.472021010947512,3.6314104209286877,3.583584794582987
2025_04_NYJ_MIA,2025,4,3.461773534260333,3.4597563334193087,3.6904144217194523,3.704006271842957
2025_04_PHI_TB,2025,4,3.438316833337288,3.436841446554658,3.670946714862581,3.68038067321267
2025_04_SEA_ARI,2025,4,3.4226233562988555,3.418541706776319,2.519037800881395,2.5310377479450827
2025_04_TEN_HOU,2025,4,4.618663931292687,4.6249589686289525,4.610157450864663,4.630195457613422
2025_04_WAS_ATL,2025,4,3.492894559996972,3.4899664210450405,2.9962950469575844,3.004403503558538
2025_05_DAL_NYJ,2025,5,4.392755986802622,4.391327957676525,4.433113146991438,4.419544315691909
2025_05_DEN_PHI,2025,5,3.6308033888343187,3.6299131341484316,3.816464730015379,3.823187393633684
2025_05_DET_CIN,2025,5,3.438316833337288,3.446916284808755,3.6427717865576397,3.622441350200525
2025_05_HOU_BAL,2025,5,6.36509710201392,6.386807061441729,6.31726163289674,6.274441129515596
2025_05_KC_JAX,2025,5,3.5775817050662035,3.5773555545017808,2.632412265094001,2.634535699732867
2025_05_LV_IND,2025,5,5.722983029973406,5.71404036861001,5.640938344741438,5.663255878540718
2025_05_MIA_CAR,2025,5,3.492894559996972,3.4904427704028524,2.571621214117104,2.5826007739139594
2025_05_MIN_CLE,2025,5,3.414759819670353,3.4008571671282395,3.6533924851416595,3.6521644253269194
2025_05_NE_BUF,2025,5,3.8314006688307853,3.8328071299891,2.815244057847719,2.8083431225619275
2025_05_NYG_NO,2025,5,3.831400668830788,3.8301165533865373,3.9753427582551555,3.981099690673546
2025_05_SF_LA,2025,5,3.9110759543737883,3.911105734882201,2.873647431658465,2.8654501887605366
2025_05_TB_SEA,2025,5,3.5775817050662013,3.5765317070367617,2.632412265094001,2.63374387785115
2025_05_TEN_ARI,2025,5,3.691005039983854,3.6897878887463844,3.849326323410351,3.8423244283431077
2025_05_WAS_LAC,2025,5,4.737525361814206,4.735710771976541,4.729654590851379,4.709670010736723
2025_06_ARI_IND,2025,6,3.492894559996974,3.496483149925811,3.6938508853664045,3.6822406750004046
2025_06_BUF_ATL,2025,6,4.0879804746325465,4.086848977361175,4.17722899600609,4.176684723411449
2025_06_CHI_WAS,2025,6,3.5775817050662013,3.5814121126933665,3.7702088990046754,3.7742982911255147
2025_06_CIN_GB,2025,6,3.5112898181772905,3.5157989291832337,3.6774884184609236,3.6375594321118614
2025_06_CLE_PIT,2025,6,3.6910050399838576,3.686656926732878,3.8570955626103163,3.8530819679087713
2025_06_DAL_CAR,2025,6,3.5536549711246743,3.554873944703451,2.6152935022182118,2.621286950652513
2025_06_DEN_NYJ,2025,6,3.531550201122491,3.531489539625345,3.7275483001865584,3.7184502925815153
2025_06_DET_KC,2025,6,3.831400668830788,3.8325553596321233,3.9740395753774,3.9816032038577567
2025_06_LAC_MIA,2025,6,3.4226233562988573,3.4222952917801845,3.659246101996059,3.6699665112582007
2025_06_LA_BAL,2025,6,3.6033063676782464,3.6030436659598792,3.784152893442101,3.7783815189389447
2025_06_NE_NO,2025,6,3.438316833337288,3.4391319662075173,3.670946714862581,3.682437464700356
2025_06_PHI_NYG,2025,6,5.312189311755435,5.321816190855734,5.242111574520585,5.275572624749852
2025_06_SEA_JAX,2025,6,3.5775817050662013,3.578031527780791,3.7790935614678753,3.7959862072452797
2025_06_SF_TB,2025,6,3.6308033888343147,3.6312960274281463,3.8164647300153747,3.824565867839918
2025_06_TEN_LV,2025,6,3.5775817050662035,3.573950339276412,3.775857063838271,3.780851831158693
2025_07_ATL_SF,2025,7,3.6910050399838576,3.690774711288976,3.8659802250735162,3.8782738687763922
2025_07_CAR_NYJ,2025,7,3.691005039983854,3.6867149441034184,3.148512442047482,3.152658131786527
2025_07_GB_ARI,2025,7,3.449080221770206,3.44984850456418,3.667689636314346,3.660410110046994
2025_07_HOU_SEA,2025,7,3.511289818177294,3.506685691755396,3.726720056431984,3.7343294339960353
2025_07_IND_LAC,2025,7,4.392755986802622,4.390793099377342,4.4318099641136826,4.421396485478818
2025_07_LA_JAX,2025,7,5.447117278736493,5.451665242737667,5.383300069523394,5.355987683193169
2025_07_LV_KC,2025,7,4.503640790482729,4.4985608199039815,4.479023364410394,4.51531257278202
2025_07_MIA_CLE,2025,7,5.114232707030971,5.145950317571586,5.070063555143635,5.06941094935784
2025_07_NE_TEN,2025,7,3.9110759543737883,3.9108655685663076,4.025780842958643,4.02516437792472
2025_07_NO_CHI,2025,7,3.6308033888343147,3.6295889703711763,3.813926578718394,3.8167845368870643
2025_07_NYG_DEN,2025,7,3.5775817050662013,3.573958126839747,3.76243965980471,3.7507772522227323
2025_07_PHI_MIN,2025,7,3.461773534260331,3.458630828960523,3.6904144217194506,3.702990136818551
2025_07_PIT_CIN,2025,7,3.6308033888343147,3.631392517447093,3.8108165651817787,3.8118884763769625
2025_07_TB_DET,2025,7,3.7236515975133164,3.728195526127689,3.880588921524116,3.8848589597195025
2025_07_WAS_DAL,2025,7,4.859930721984515,4.847410833787492,4.839835491987105,4.7993845526158045
2025_08_BUF_CAR,2025,8,5.312189311755429,5.302501193511163,5.242111574520592,5.256647347303503
2025_08_CHI_BAL,2025,8,3.911075954373785,3.9110271028797077,4.037004175019952,4.0407050530193995
2025_08_CLE_NE,2025,8,3.95316223002439,3.953299030390727,4.057299157194301,4.057197430495329
2025_08_DAL_DEN,2025,8,4.39275598680263,4.387697176571597,4.429876649361833,4.4208018443586505
2025_08_GB_PIT,2025,8,3.6033063676782464,3.603631083035677,3.796493057418135,3.806754507010018
2025_08_MIA_ATL,2025,8,6.292677228001001,6.289799771817962,6.226784031701686,6.26597943354836
2025_08_MIN_LAC,2025,8,5.312189311755435,5.313680177975475,5.25445173849662,5.227420596526784
2025_08_NYG_PHI,2025,8,3.8704769372216337,3.870425339404168,3.991608843678964,3.9903871817375345
2025_08_NYJ_CIN,2025,8,3.5775817050662013,3.576608539165879,3.7702088990046754,3.7696348934540334
2025_08_SF_HOU,2025,8,3.6910050399838576,3.6882428191649086,3.8646770421957606,3.8713340356651904
2025_08_TB_NO,2025,8,4.286313573804446,4.285373836804165,4.33797883170488,4.3364928340966555
2025_08_TEN_IND,2025,8,3.6910050399838576,3.695731947739344,3.8056730414049977,3.7760860426837213
2025_08_WAS_KC,2025,8,3.831400668830788,3.832997382810187,3.9439313323206098,3.9374305317972524
2025_09_ARI_DAL,2025,9,4.087980474632548,4.085764617568228,4.177228996006085,4.1762509790639895
2025_09_ATL_NE,2025,9,3.492894559996974,3.4937585534048066,3.7061813503981744,3.7071852480246954
2025_09_BAL_MIA,2025,9,4.184619700041564,4.180703024556202,4.24285486182513,4.245252600488581
2025_09_CAR_GB,2025,9,4.286313573804446,4.2842924013542705,3.157674884701255,3.1697580542882853
2025_09_CHI_CIN,2025,9,3.4294947545799928,3.4354166504831967,3.6654102351132716,3.684265517724414
2025_09_DEN_HOU,2025,9,3.492894559996974,3.486102089844737,2.571621214117104,2.5786325406284316
2025_09_IND_PIT,2025,9,3.831400668830788,3.8326944966875156,3.254638477599517,3.25687108079002
2025_09_JAX_LV,2025,9,3.4226233562988573,3.41920899028232,3.661179416747908,3.6745453230861718
2025_09_KC_BUF,2025,9,3.7579545433924855,3.760608944112229,3.199108665013543,3.2061833680174288
2025_09_LAC_TEN,2025,9,3.449080221770206,3.4517437728768328,2.9360077031473275,2.9096378183718166
2025_09_MIN_DET,2025,9,3.996699623065031,3.9960890522775383,2.937106935123123,2.931252438331504
2025_09_NO_LA,2025,9,3.7938818984629,3.7953853568468268,3.8944953857594475,3.8762798465839485
2025_09_SEA_WAS,2025,9,4.985592789916927,4.983266076616287,4.9520374525323945,4.924545104196802
2025_09_SF_NYG,2025,9,3.6308033888343187,3.6315758197442225,3.818398044767228,3.8302856140837505
2025_10_ARI_SEA,2025,10,4.234853910284392,4.234420548272125,4.286453616634239,4.291136331961897
2025_10_ATL_IND,2025,10,3.414759819670353,3.419951974883279,3.644102467832201,3.643183506889434
2025_10_BAL_MIN,2025,10,3.461773534260331,3.465251184844196,3.685942955670621,3.6944088156626824
2025_10_BUF_MIA,2025,10,5.515376177035908,5.493673000379119,5.430258250242654,5.459146295814887
2025_10_CLE_NYJ,2025,10,3.6910050399838576,3.685439494581852,3.148512442047482,3.1512992846080476
2025_10_DET_WAS,2025,10,4.087980474632548,4.085980511427974,4.15925036614072,4.161721026008462
2025_10_JAX_HOU,2025,10,3.6910050399838576,3.685439494581852,3.148512442047482,3.1512992846080476
2025_10_LA_SF,2025,10,3.8314006688307853,3.832528439371881,3.966458095791954,3.968905255917083
2025_10_LV_DEN,2025,10,3.5775817050662013,3.5775854640660296,2.609494659486118,2.5863566908754154
2025_10_NE_TB,2025,10,3.6308033888343187,3.632233282240327,3.818398044767228,3.8309401243725527
2025_10_NO_CAR,2025,10,4.286313573804446,4.291392948981011,4.334868818168264,4.34037402925351
2025_10_NYG_CHI,2025,10,3.414759819670353,3.4151045587146722,3.650854333844679,3.656794352043701
2025_10_PHI_GB,2025,10,3.492894559996974,3.4914681545876025,2.571621214117104,2.583538117346987
2025_10_PIT_LAC,2025,10,3.95316223002439,3.953181192302104,4.069639321170335,4.072064229755845
2025_11_BAL_CLE,2025,11,3.414759819670353,3.4065658193128403,2.9225072980820643,2.899661879780323
2025_11_CAR_ATL,2025,11,3.6308033888343187,3.6288599262093375,2.6704817799741285,2.6664650506836627
2025_11_CHI_MIN,2025,11,3.5112898181772905,3.5126481130017213,3.726720056431982,3.7398466746717576
2025_11_CIN_PIT,2025,11,4.39275598680263,4.389196806501137,4.424228484528237,4.423588428019558
2025_11_DAL_LV,2025,11,4.087980474632548,4.087140457093868,4.177228996006085,4.176804480203779
2025_11_DET_PHI,2025,11,3.492894559996972,3.4930443292689746,2.9962950469575844,3.007221976570361
2025_11_GB_NYG,2025,11,3.414759819670353,3.412107365679775,2.9225072980820643,2.904764403169818
2025_11_HOU_TEN,2025,11,3.4383168333372844,3.4292208160999174,2.521853751284717,2.5075157344557737
2025_11_KC_DEN,2025,11,3.5775817050662035,3.576531707036764,2.632412265094001,2.6337438778511526
2025_11_LAC_JAX,2025,11,6.437712431357841,6.4491987394219485,6.394464458021001,6.3509564757714125
2025_11_NYJ_NE,2025,11,3.414759819670353,3.418071172066238,3.6139951855853245,3.5745142566054007
2025_11_SEA_LA,2025,11,3.4177099615311533,3.4216216550318124,3.656631879526906,3.673920426529003
2025_11_SF_ARI,2025,11,4.286313573804446,4.284385363437005,4.34051698300186,4.335707016132328
2025_11_TB_BUF,2025,11,3.5536549711246743,3.5555064458158254,3.7502889037894045,3.750206436656883
2025_11_WAS_MIA,2025,11,3.414759819670353,3.416100544013544,2.511881001149238,2.5235197876398674
2025_12_ATL_NO,2025,12,4.286313573804446,4.290509176676273,4.343753480631464,4.337814351998849
2025_12_BUF_HOU,2025,12,3.7579545433924855,3.757477321554206,3.9089949684541327,3.909183889657304
2025_12_CAR_SF,2025,12,3.461773534260333,3.4670964598252816,3.6750637029340427,3.6695581140617763
2025_12_CLE_LV,2025,12,4.447662165765609,4.460613872069475,4.4774904709629295,4.478884529159274
2025_12_IND_KC,2025,12,3.414759819670353,3.420127317912994,2.509947686397389,2.519719908414825
2025_12_JAX_ARI,2025,12,3.414759819670353,3.416100544013544,2.511881001149238,2.5235197876398656
2025_12_MIN_GB,2025,12,3.831400668830788,3.830755817776786,3.9628162433160927,3.961042484735868
2025_12_NE_CIN,2025,12,3.4226233562988573,3.430576996123087,3.6458286979624983,3.6418690417874258
2025_12_NYG_DET,2025,12,3.6033063676782464,3.6112126421049298,3.0297936364210427,2.997796820744688
2025_12_NYJ_BAL,2025,12,3.4177099615311533,3.4232484368152223,3.607400241555848,3.560386697548668
2025_12_PHI_DAL,2025,12,3.5536549711246743,3.554873944703451,2.6152935022182118,2.621286950652513
2025_12_PIT_CHI,2025,12,3.41377608784144,3.4142934553895086,2.5102598582603837,2.51846755400823
2025_12_SEA_TEN,2025,12,3.5775817050662035,3.5780825372061145,3.736459764281936,3.705631146053501
2025_12_TB_LA,2025,12,4.798303184803337,4.788741358531112,4.770279016125951,4.776530926635948
2025_13_ARI_TB,2025,13,3.4226233562988555,3.421766703046547,2.5132631519548103,2.5119236384387347
2025_13_ATL_NYJ,2025,13,3.5536549711246743,3.5465691891140745,2.6152935022182118,2.6134256173992054
2025_13_BUF_PIT,2025,13,4.33896037233746,4.340295359579762,4.385607044582882,4.380569656687221
2025_13_CHI_PHI,2025,13,4.33896037233746,4.339255108083162,4.373266880606847,4.380254872594
2025_13_CIN_BAL,2025,13,5.447117278736493,5.423621395790444,5.37095990554736,5.374009027874062
2025_13_DEN_WAS,2025,13,3.531550201122491,3.5309685856360544,3.731675686910661,3.726793557608235
2025_13_GB_DET,2025,13,3.757954543392487,3.7587853310664587,3.199108665013542,3.204080515755434
2025_13_HOU_IND,2025,13,3.6033063676782464,3.6021210575119142,3.796493057418135,3.805280414675335
2025_13_JAX_TEN,2025,13,4.33896037233746,4.340636648278483,4.377157647409804,4.381984767293443
2025_13_KC_DAL,2025,13,3.5775817050662035,3.583387986114534,2.632412265094001,2.640329184532342
2025_13_LA_CAR,2025,13,4.041651430470485,4.041125292949894,2.970728673773546,2.9664832273757007
2025_13_LV_LAC,2025,13,3.603306367678248,3.60186795754623,3.7699387433011164,3.7503074788400697
2025_13_MIN_SEA,2025,13,4.0879804746325465,4.087435346343538,4.137831696449755,4.142766493846436
2025_13_NO_MIA,2025,13,3.4226233562988555,3.4186781753334285,3.6535979371624654,3.650084806383583
2025_13_NYG_NE,2025,13,3.8704769372216337,3.8708850248335565,3.991608843678964,3.991170293676343
2025_13_SF_CLE,2025,13,3.996699623065031,3.9981925106591665,4.09782117464168,4.098986541751964
2025_14_CHI_GB,2025,14,3.414759819670353,3.4152455565698836,2.926634684806167,2.9175907141155215
2025_14_CIN_BUF,2025,14,3.4177099615311533,3.428875156503135,3.6481824823538287,3.6555469710434565
2025_14_DAL_DET,2025,14,3.831400668830788,3.8335481670125002,3.972106260625551,3.979342777396719
2025_14_DEN_LV,2025,14,3.4226233562988573,3.4193675456859793,2.92379968910466,2.899743601950817
2025_14_HOU_KC,2025,14,4.184619700041564,4.1867066670561845,4.25373411456171,4.254979967736183
2025_14_IND_JAX,2025,14,4.737525361814202,4.740553524280367,4.729654590851375,4.713659831487697
2025_14_LA_ARI,2025,14,4.618663931292687,4.609053144055968,4.600657249290337,4.618911428993062
2025_14_MIA_NYJ,2025,14,4.985592789916927,4.996171678414287,4.9520374525323945,4.9358112202659
2025_14_NO_TB,2025,14,3.9110759543737883,3.9109516375329587,4.02165345623454,4.020262728619457
2025_14_PHI_LAC,2025,14,3.492894559996972,3.4872253833162317,2.571621214117104,2.579659490714615
2025_14_PIT_BAL,2025,14,3.8314006688307853,3.831120776925257,3.966458095791954,3.9669608988084812
2025_14_SEA_ATL,2025,14,4.922372305005239,4.921019087707562,4.881483599993204,4.897220583966613
2025_14_TEN_CLE,2025,14,3.5775817050662013,3.5665411374997498,3.7733189125412903,3.767108215103677
2025_14_WAS_MIN,2025,14,6.510503220082941,6.526080385079466,6.475578377992608,6.396444555294389
2025_15_ARI_HOU,2025,15,3.7579545433924855,3.758182783153145,3.886468204982787,3.8742056638953337
2025_15_ATL_TB,2025,15,3.6033063676782464,3.6026177595197484,3.788043660245058,3.785831530444073
2025_15_BAL_CIN,2025,15,4.985592789916927,4.975646564428809,4.9520374525323945,4.917915728246783
2025_15_BUF_NE,2025,15,3.4226233562988555,3.4261627744367558,3.6611794167479097,3.6807228098019262
2025_15_CAR_NO,2025,15,3.531550201122491,3.5269147607974007,2.599454220227698,2.6026278647682837
2025_15_CLE_CHI,2025,15,4.859930721984515,4.8704688366725515,4.82318159032394,4.852916567041132
2025_15_DET_LA,2025,15,3.4226233562988573,3.433345525816022,2.9361301541364293,2.9420573523334417
2025_15_GB_DEN,2025,15,3.7579545433924855,3.756166140751413,3.9178796309173327,3.92598492296374
2025_15_IND_SEA,2025,15,3.9110759543737883,3.911147339601831,3.9898335113682903,3.980872595584703
2025_15_LAC_KC,2025,15,3.691005039983854,3.689168425662828,2.7136507638660463,2.706161606468028
2025_15_LV_PHI,2025,15,4.618663931292687,4.624308477933117,4.584177555341889,4.63399629688233
2025_15_MIA_PIT,2025,15,3.7938818984629,3.792724195873581,3.943727023730506,3.948184741824567
2025_15_MIN_DAL,2025,15,4.087980474632548,4.087083570913983,4.17158083117249,4.172597517777632
2025_15_NYJ_JAX,2025,15,4.184619700041561,4.184583600368026,4.211034916958873,4.224627290854256
2025_15_TEN_SF,2025,15,3.414759819670353,3.4193139226433455,3.6139951855853245,3.5757295448580186
2025_15_WAS_NYG,2025,15,3.8314006688307853,3.8314354684000627,3.9740395753773985,3.9800303105652852
2025_16_ATL_ARI,2025,16,3.492894559996974,3.4949899757121354,2.9962950469575844,3.009003498289256
2025_16_BUF_CLE,2025,16,3.6308033888343147,3.630447654857695,2.6448450029661634,2.6193451176133364
2025_16_CIN_MIA,2025,16,4.859930721984516,4.855065905056596,4.836598994357493,4.818737748871452
2025_16_GB_CHI,2025,16,3.492894559996972,3.4914681545876025,3.7150660128613744,3.733128063829187
2025_16_JAX_DEN,2025,16,4.503640790482735,4.502804205308591,4.524260713310211,4.516310266336307
2025_16_KC_TEN,2025,16,4.859930721984515,4.8770341125537,4.836598994357501,4.837722730725801
2025_16_LAC_DAL,2025,16,4.618663931292687,4.614012417688419,4.626811352527824,4.602249956113417
2025_16_LA_SEA,2025,16,3.414759819670353,3.4093410202093697,3.6566289827712635,3.67387227450739
2025_16_LV_HOU,2025,16,3.996699623065031,3.996764532220645,4.052321283925378,4.049499426573095
2025_16_MIN_NYG,2025,16,3.414759819670353,3.408717183383587,2.511881001149238,2.5169814600968237
2025_16_NE_BAL,2025,16,3.6308033888343187,3.6326251231603734,3.816464730015379,3.8258898449894425
2025_16_NYJ_NO,2025,16,4.39275598680263,4.397607326932813,4.420586632052375,4.430197023155992
2025_16_PHI_WAS,2025,16,3.4763834101402473,3.476016777871056,3.6881339134208404,3.6802356304931854
2025_16_PIT_DET,2025,16,3.996699623065031,3.995717759435249,4.090051935441715,4.091122998445403
2025_16_SF_IND,2025,16,4.392755986802622,4.391540054945451,4.427338498064853,4.424775325582744
2025_16_TB_CAR,2025,16,3.5536549711246743,3.552287094707527,2.6152935022182118,2.618839283341127
2025_17_ARI_CIN,2025,17,4.338960372337458,4.332150297701584,4.373266880606848,4.3748753061691765
2025_17_BAL_GB,2025,17,4.737525361814206,4.75147385813731,4.729654590851379,4.722689715899486
2025_17_CHI_SF,2025,17,3.414759819670353,3.42119949409397,3.6533924851416595,3.670264144914193
2025_17_DAL_WAS,2025,17,3.4226233562988573,3.4312445826657223,2.92379968910466,2.9108314964253257
2025_17_DEN_KC,2025,17,3.5775817050662035,3.5747872772170033,3.0131519319124256,2.969962972622737
2025_17_DET_MIN,2025,17,4.798303184803337,4.795350902766246,4.770279016125951,4.782416194276994
2025_17_HOU_LAC,2025,17,3.531550201122489,3.525375303789503,3.744202201849723,3.7564832227661844
2025_17_JAX_IND,2025,17,3.438316833337288,3.4413265498596717,3.670946714862581,3.684408187097163
2025_17_LA_ATL,2025,17,3.831400668830788,3.8325776033417656,2.81524405784772,2.8080272728766387
2025_17_NE_NYJ,2025,17,4.737525361814206,4.734767391283983,4.688323976543195,4.739473756355752
2025_17_NO_TEN,2025,17,3.5775817050662013,3.571216442717521,3.7790935614678753,3.7894445712216993
2025_17_NYG_LV,2025,17,4.922372305005239,4.9340304557047805,4.893823763969238,4.884699446995796
2025_17_PHI_BUF,2025,17,3.4763834101402473,3.4757936626637065,3.700474077396875,3.7125336004488316
2025_17_PIT_CLE,2025,17,3.911075954373785,3.910579140113231,3.315064925945089,3.311360892578493
2025_17_SEA_CAR,2025,17,3.8314006688307853,3.83100590828067,3.9628162433160914,3.961394047230467
2025_17_TB_MIA,2025,17,3.6910050399838576,3.6909165465255453,2.713650763866046,2.7080148563461632
2025_18_ARI_LA,2025,18,3.4383168333372844,3.4495035369734834,3.619798659312685,3.5770091620794755
2025_18_BAL_PIT,2025,18,3.5775817050662035,3.57440830745988,3.7733189125412903,3.7747143448437415
2025_18_CAR_TB,2025,18,3.4177099615311533,3.414598368277754,3.656631879526906,3.667679685972542
2025_18_CLE_CIN,2025,18,3.9110759543737883,3.9114075564264055,4.012153254660218,4.009732572174061
2025_18_DAL_NYG,2025,18,4.798303184803337,4.791054279693213,4.782619180101985,4.760127826336726
2025_18_DET_CHI,2025,18,3.5775817050662013,3.581964582495709,2.632412265094001,2.6389628567364682
2025_18_GB_MIN,2025,18,3.414759819670353,3.409955962798867,3.6139951855853245,3.566574343310488
2025_18_IND_HOU,2025,18,3.4226233562988555,3.41589378434786,3.6363284963881783,3.606764464953225
2025_18_KC_LV,2025,18,3.531550201122491,3.5220683523629708,3.740965704220119,3.7413219345284827
2025_18_LAC_DEN,2025,18,3.4226233562988573,3.419230034115125,3.6080980464461616,3.549202915186265
2025_18_MIA_NE,2025,18,4.135649188760577,4.133715500721907,4.167907601198739,4.176578877729639
2025_18_NO_ATL,2025,18,3.438316833337288,3.4363034663853433,3.6684085635656003,3.672052188276248
2025_18_NYJ_BUF,2025,18,4.184619700041561,4.185487044892909,4.216874966302349,4.229774832915612
2025_18_SEA_SF,2025,18,3.6308033888343187,3.6315758197442225,3.818398044767228,3.8302856140837505
2025_18_TEN_JAX,2025,18,4.985592789916936,4.973598414548757,4.910706838224206,4.971721321166739
2025_18_WAS_PHI,2025,18,3.7938818984629,3.791339516373718,3.226259240704473,3.2251278081096344
