game_id,season,week,home_team,away_team,actual_margin,market_margin,spread_line,total_line,CONSTANT_SCALE_NO_KEY_sigma,CONSTANT_SCALE_NO_KEY_observed_margin_mass,CONSTANT_SCALE_NO_KEY_integer_log_score,CONSTANT_SCALE_NO_KEY_p_cover,CONSTANT_SCALE_NO_KEY_p_push,CONSTANT_SCALE_NO_KEY_p_loss,CONSTANT_SCALE_NO_KEY_cpl_log_loss,ats_class,CONDITIONAL_SCALE_NO_KEY_sigma,CONDITIONAL_SCALE_NO_KEY_observed_margin_mass,CONDITIONAL_SCALE_NO_KEY_integer_log_score,CONDITIONAL_SCALE_NO_KEY_p_cover,CONDITIONAL_SCALE_NO_KEY_p_push,CONDITIONAL_SCALE_NO_KEY_p_loss,CONDITIONAL_SCALE_NO_KEY_cpl_log_loss,CONSTANT_SCALE_KEY_sigma,CONSTANT_SCALE_KEY_observed_margin_mass,CONSTANT_SCALE_KEY_integer_log_score,CONSTANT_SCALE_KEY_p_cover,CONSTANT_SCALE_KEY_p_push,CONSTANT_SCALE_KEY_p_loss,CONSTANT_SCALE_KEY_cpl_log_loss,FULL_CONDITIONAL_SCALE_KEY_sigma,FULL_CONDITIONAL_SCALE_KEY_observed_margin_mass,FULL_CONDITIONAL_SCALE_KEY_integer_log_score,FULL_CONDITIONAL_SCALE_KEY_p_cover,FULL_CONDITIONAL_SCALE_KEY_p_push,FULL_CONDITIONAL_SCALE_KEY_p_loss,FULL_CONDITIONAL_SCALE_KEY_cpl_log_loss,paired_delta_primary,FULL_CONDITIONAL_SCALE_KEY_ranked_probability_score
2022_01_BAL_NYJ,2022,1,NYJ,BAL,-15,-6.5,-6.5,44.0,12.8037112419384,0.024644752924719876,3.7031912642465303,0.5,0.0,0.5,0.6931471805599453,2,12.764847969668425,0.024685978249433027,3.701519878749947,0.5,0.0,0.5,0.6931471805599453,13.501507529358612,0.020883981992930924,3.8687728256765452,0.5336277399967881,0.0,0.4663722600032118,0.7627711225516961,13.380460773261955,0.020948159808221376,3.8657044737883153,0.5341605173044541,0.0,0.4658394826955459,0.7639141619305637,0.16251320954178494,5.8018210737228175
2022_01_BUF_LA,2022,1,LA,BUF,-21,-1.0,-1.0,51.5,12.8037112419384,0.009198990898190394,4.688661485922284,0.48455415404407626,0.03089169191184743,0.48455415404407626,0.7245260808446694,2,12.975612135227344,0.009360044615729791,4.671305221866199,0.4847586752577015,0.030482649484596946,0.4847586752577015,0.7241040886653074,13.501507529358612,0.00846227173469342,4.772137614851303,0.475231667542137,0.02526151101024815,0.49950682144761477,0.6941340244349974,13.996531462131133,0.00880908947386619,4.731971195809207,0.47615854772447586,0.024432927960968073,0.4994085243145561,0.6943308321700932,0.0433097098869224,13.549077065982702
2022_01_CLE_CAR,2022,1,CAR,CLE,-2,2.5,2.5,42.5,12.8037112419384,0.0289866028407329,3.5409215267463554,0.5,0.0,0.5,0.6931471805599453,2,12.807413980170264,0.028979290586232498,3.5411738218152964,0.5,0.0,0.5,0.6931471805599453,13.501507529358612,0.023896842127954752,3.7340089573118744,0.5148046671961075,0.0,0.4851953328038925,0.7232037210766171,13.70516594645009,0.02358453451209456,3.7471640990489257,0.5144963282940487,0.0,0.48550367170595127,0.7225684285482502,0.20624257230257026,3.4254293500429185
2022_01_DEN_SEA,2022,1,SEA,DEN,1,-6.0,-6.0,44.0,12.8037112419384,0.026493717911452164,3.6308476340383122,0.48455415404407626,0.03089169191184743,0.48455415404407626,0.7245260808446694,0,12.773346787224124,0.02653736522419259,3.6292015306583547,0.48451745594751283,0.030965088104974337,0.48451745594751283,0.7246018195129011,13.501507529358612,0.022247357947532034,3.805532021351651,0.5218042232549847,0.025544315589905064,0.45265146115511024,0.6504628126844649,13.424042387817982,0.02229495170984547,3.8033950068684663,0.5222747135530352,0.02563973557968691,0.4520855508672778,0.6495615583572094,0.1725473728301541,4.0747641258703755
2022_01_GB_MIN,2022,1,MIN,GB,16,2.5,2.5,47.0,12.8037112419384,0.01758054491017047,4.040962391177573,0.5,0.0,0.5,0.6931471805599453,0,12.88178713659685,0.0175913009686135,4.040350762273285,0.5,0.0,0.5,0.6931471805599453,13.501507529358612,0.015227844280184725,4.184629666401698,0.5148046671961075,0.0,0.4851953328038925,0.6639677372637568,13.786418116218616,0.0152334369413453,4.184262468371994,0.5143747729739006,0.0,0.4856252270260995,0.6648031489139125,0.14330007719442062,8.603740260419848
2022_01_IND_HOU,2022,1,HOU,IND,0,-7.0,-7.0,46.0,12.8037112419384,0.026493717911452164,3.6308476340383122,0.48455415404407626,0.03089169191184743,0.48455415404407626,0.7245260808446694,0,12.789019757745143,0.026514825562037325,3.6300512472554414,0.48453641984454643,0.030927160310907142,0.48453641984454643,0.7245626805186517,13.501507529358612,0.004195065379586852,5.4738463540624,0.5198388983584333,0.0552973058285358,0.4248637958130309,0.6542363262571262,13.371886114044742,0.0042439372877062604,5.462263835034614,0.5202530751378743,0.055963761295421126,0.42378316356670453,0.6534399028409527,1.8314162009963018,4.0520340186055
2022_01_JAX_WAS,2022,1,WAS,JAX,6,3.0,3.0,43.5,12.8037112419384,0.0300290300120698,3.505590698138951,0.48455415404407626,0.03089169191184743,0.48455415404407626,0.7245260808446694,0,12.81602911203655,0.0300018134999257,3.506497449149486,0.48456899172518847,0.030862016549623006,0.48456899172518847,0.7244954600073111,13.501507529358612,0.024690682066666997,3.701329350787218,0.44760073359684877,0.08070188439944054,0.4716973820037107,0.8038536635893901,13.67934406723401,0.024383194999628703,3.7138611134895285,0.44762224662725963,0.08022471390165502,0.4721530394710854,0.8038056017525288,0.20827041535057766,3.308120066891855
2022_01_KC_ARI,2022,1,ARI,KC,-23,-6.0,-6.0,54.0,12.8037112419384,0.012754510654025608,4.361870293155632,0.48455415404407626,0.03089169191184743,0.48455415404407626,0.7245260808446694,2,12.92473595028848,0.012839281669597483,4.355245927020685,0.48469871104491613,0.03060257791016774,0.48469871104491613,0.7242277954186089,13.501507529358612,0.01150285379410833,4.4651601183891225,0.5218042232549847,0.025544315589905064,0.45265146115511024,0.7926328510638868,13.586483717435431,0.011531823525704782,4.462644802331678,0.5222504110307516,0.025361559663155113,0.45238802930609323,0.7932149955100309,0.10077450917604569,11.589176598818183
2022_01_LV_LAC,2022,1,LAC,LV,5,3.5,3.5,52.5,12.8037112419384,0.0306735817708097,3.4843535234944216,0.5,0.0,0.5,0.6931471805599453,0,12.94681929143377,0.03033942756139829,3.495307172695304,0.5,0.0,0.5,0.6931471805599453,13.501507529358612,0.02519332381123164,3.6811762476901433,0.46104711099751006,0.0,0.5389528890024899,0.7742550481536757,13.786363878601884,0.024697285638992497,3.7010619345450997,0.4610730949389992,0.0,0.5389269050610008,0.7741986912029686,0.21670841105067806,3.0687624354129097
2022_01_NE_MIA,2022,1,MIA,NE,13,3.0,3.0,47.0,12.8037112419384,0.022615999629919004,3.789097674954528,0.48455415404407626,0.03089169191184743,0.48455415404407626,0.7245260808446694,0,12.873216167649637,0.022568830169284793,3.791185520719513,0.4846375056430241,0.030724988713951795,0.4846375056430241,0.7243540785408521,13.501507529358612,0.019128364776365824,3.956582978725336,0.44760073359684877,0.08070188439944054,0.4716973820037107,0.8038536635893901,13.741660036417365,0.01898381313857148,3.9641686029980727,0.44779147944320596,0.07990175048396521,0.47230677007282884,0.8034276025929581,0.17507092804354452,6.369727612121171
2022_01_NO_ATL,2022,1,ATL,NO,-1,-6.0,-6.0,43.5,12.8037112419384,0.02855809434158485,3.5558148684713715,0.48455415404407626,0.03089169191184743,0.48455415404407626,0.7245260808446694,0,12.764950842168528,0.028631125720832262,3.5532608410212094,0.4845072779269487,0.030985444146102603,0.4845072779269487,0.724622826243088,13.501507529358612,0.0238016554825701,3.738000142632579,0.5218042232549847,0.025544315589905064,0.45265146115511024,0.6504628126844649,13.415034668200553,0.02388333928960556,3.7345741639857732,0.5222759072405732,0.025655348887336678,0.4520687438720902,0.6495592728049074,0.17875929551440173,3.435737770285474
2022_01_NYG_TEN,2022,1,TEN,NYG,-1,5.5,5.5,43.5,12.8037112419384,0.027057763357987374,3.6097813145710713,0.5,0.0,0.5,0.6931471805599453,2,12.77344972821659,0.027104870723392627,3.608041835755748,0.5,0.0,0.5,0.6931471805599453,13.501507529358612,0.02263312936954494,3.788340544781064,0.4644956440830794,0.0,0.5355043559169206,0.6245462548287789,13.458728893688932,0.022646724458202292,3.787740053042836,0.4639965588823357,0.0,0.5360034411176643,0.6236146979363009,0.17795873847176447,3.9182553253575634
2022_01_PHI_DET,2022,1,DET,PHI,-3,-6.0,-6.0,49.0,12.8037112419384,0.0300290300120698,3.505590698138951,0.48455415404407626,0.03089169191184743,0.48455415404407626,0.7245260808446694,0,12.852687669174703,0.029921097241675576,3.509191454032386,0.48461298122254587,0.030774037554908207,0.48461298122254587,0.7244046834583957,13.501507529358612,0.07934470143022924,2.5339536089055446,0.5218042232549847,0.025544315589905064,0.45265146115511024,0.6504628126844649,13.50917057079072,0.07976498230487374,2.528670689069936,0.5222626251156652,0.02549316108101775,0.45224421380331703,0.649584704370134,-0.9769200090690147,2.969927077747249
2022_01_PIT_CIN,2022,1,CIN,PIT,-3,7.5,7.5,44.5,12.8037112419384,0.02191226016364692,3.8207089739790794,0.5,0.0,0.5,0.6931471805599453,2,12.756157228326193,0.02193820748650835,3.819525528178829,0.5,0.0,0.5,0.6931471805599453,13.501507529358612,0.06010708191533159,2.8116276088533922,0.43862498832320507,0.0,0.5613750116767949,0.5773661267738879,13.302546917239809,0.0607285233326398,2.8013417846549564,0.437489324160821,0.0,0.562510675839179,0.5753451658140143,-1.019367189324123,5.540689887862425
2022_01_SF_CHI,2022,1,CHI,SF,9,-6.5,-6.5,38.0,12.8037112419384,0.014755450147281857,4.216142762934545,0.5,0.0,0.5,0.6931471805599453,0,12.65763664397051,0.014677987490333222,4.221406357132881,0.5,0.0,0.5,0.6931471805599453,13.501507529358612,0.013147518397771766,4.331522253165624,0.5336277399967881,0.0,0.4663722600032118,0.628056799231247,13.265743831154237,0.013032770787823531,4.34028826365001,0.5342548458877686,0.0,0.4657451541122314,0.6268823143742857,0.12414550071546504,9.05309035656538
2022_01_TB_DAL,2022,1,DAL,TB,-16,-2.5,-2.5,49.5,12.8037112419384,0.017580544910170526,4.040962391177571,0.5,0.0,0.5,0.6931471805599453,2,12.920252920570407,0.01759607638535965,4.040079334441228,0.5,0.0,0.5,0.6931471805599453,13.501507529358612,0.015227844280184671,4.184629666401702,0.48519533280389227,0.0,0.5148046671961077,0.6639677372637565,13.828445569343913,0.015236715308180318,4.184047282913069,0.48568732312362406,0.0,0.5143126768763759,0.6649238777078899,0.14308489173549788,8.599661447573567
2022_02_ARI_LV,2022,2,LV,ARI,-6,5.5,5.5,51.5,12.8037112419384,0.020479294194013536,3.888340942587632,0.5,0.0,0.5,0.6931471805599453,2,12.898118045112136,0.02045007532500115,3.8897687131259704,0.5,0.0,0.5,0.6931471805599453,13.501507529358612,0.017609739984781703,4.039303121785658,0.4644956440830794,0.0,0.5355043559169206,0.6245462548287789,13.592840283017079,0.01756229412248635,4.042001054519937,0.4641532496868681,0.0,0.5358467503131319,0.6239070723873226,0.1536601119323051,6.32042512022118
2022_02_ATL_LA,2022,2,LA,ATL,4,10.5,10.5,46.5,12.8037112419384,0.027057763357987374,3.6097813145710713,0.5,0.0,0.5,0.6931471805599453,2,12.73749375099784,0.027160990450216638,3.6059735097173564,0.5,0.0,0.5,0.6931471805599453,13.501507529358612,0.0231546840730732,3.7655581831471143,0.445227620013285,0.0,0.554772379986715,0.589197375510497,13.079245968188637,0.023652359732887145,3.744292391732521,0.4440241140543748,0.0,0.5559758859456252,0.58703035627348,0.1345110771614495,3.699023621329607
2022_02_CAR_NYG,2022,2,NYG,CAR,3,-1.0,-1.0,44.0,12.8037112419384,0.029375808670454084,3.527583777689788,0.48455415404407626,0.03089169191184743,0.48455415404407626,0.7245260808446694,0,12.858646802766986,0.029262896877556344,3.531434883589627,0.484620108375861,0.030759783248277994,0.484620108375861,0.7243899766693028,13.501507529358612,0.07692909213746252,2.5648711627318117,0.475231667542137,0.02526151101024815,0.49950682144761477,0.743952872703453,13.86774257277854,0.07573971188560709,2.5804526605082363,0.47593385899794416,0.02463300588219354,0.4994331351198623,0.742476386090388,-0.9471311171815517,3.329944557701689
2022_02_CHI_GB,2022,2,GB,CHI,17,10.5,10.5,42.0,12.8037112419384,0.027057763357987374,3.6097813145710713,0.5,0.0,0.5,0.6931471805599453,0,12.663123720170297,0.027277575445142754,3.601690326600966,0.5,0.0,0.5,0.6931471805599453,13.501507529358612,0.023154684073073247,3.7655581831471125,0.445227620013285,0.0,0.554772379986715,0.8091696219424866,13.001291715083138,0.023751724525969783,3.7401001395178026,0.44390772334887707,0.0,0.5560922766511229,0.8121385684449428,0.1303188249467313,4.964163833670998
2022_02_CIN_DAL,2022,2,DAL,CIN,3,-7.5,-7.5,42.0,12.8037112419384,0.02191226016364689,3.8207089739790807,0.5,0.0,0.5,0.6931471805599453,0,12.713794534241456,0.02196108568767463,3.8184832242334448,0.5,0.0,0.5,0.6931471805599453,13.501507529358612,0.06010708191533177,2.811627608853389,0.5613750116767948,0.0,0.4386249883232052,0.5773661267738881,13.257449353498936,0.06078815259286794,2.800360367667368,0.5626270776677222,0.0,0.43737292233227776,0.5751382545649771,-1.0203486063117126,5.539770620854955
2022_02_HOU_DEN,2022,2,DEN,HOU,7,10.5,10.5,46.0,12.8037112419384,0.029723846363781115,3.5158056474601596,0.5,0.0,0.5,0.6931471805599453,2,12.729573801563882,0.029883435554447557,3.5104509469318637,0.5,0.0,0.5,0.6931471805599453,13.501507529358612,0.05433367325504497,2.912611110635233,0.445227620013285,0.0,0.554772379986715,0.589197375510497,13.070943868326683,0.05609676263217852,2.8806771752098967,0.44401169011153807,0.0,0.5559883098884619,0.5870080103330553,-0.6351284722502628,3.0675303826187306
2022_02_IND_JAX,2022,2,JAX,IND,24,-3.0,-3.0,43.5,12.8037112419384,0.00362939989221589,5.618687963320852,0.48455415404407626,0.03089169191184743,0.48455415404407626,0.7245260808446694,0,12.81602911203655,0.00363986952133577,5.61580744376284,0.48456899172518847,0.030862016549623006,0.48456899172518847,0.7244954600073111,13.501507529358612,0.003644122027721595,5.614639812845004,0.47169738200371053,0.08070188439944055,0.44760073359684893,0.7514176388372562,13.67934406723401,0.003769928203866606,5.580699321770772,0.4721530394710851,0.080224713901655,0.44762224662725986,0.7504521097822152,-0.03798864155008008,19.54378358558045
2022_02_LAC_KC,2022,2,KC,LAC,3,4.0,4.0,52.5,12.8037112419384,0.03079455095296746,3.4804175217657325,0.48455415404407626,0.03089169191184743,0.48455415404407626,0.7245260808446694,2,12.938205052979479,0.03047658813342896,3.4907964923088306,0.48471463200022497,0.030570735999550125,0.48471463200022497,0.7241949488409866,13.501507529358612,0.08065527651310622,2.5175710517140035,0.44917170548673196,0.025384921919100523,0.5254433725941675,0.643512853569243,13.741605974884925,0.07985817965368341,2.5275029718256943,0.44930821123494563,0.02494982326558975,0.5257419654994646,0.6429447464952434,-0.9529145499400382,2.8622877011974346
2022_02_MIA_BAL,2022,2,BAL,MIA,-4,3.0,3.0,44.0,12.8037112419384,0.026493717911452164,3.6308476340383122,0.48455415404407626,0.03089169191184743,0.48455415404407626,0.7245260808446694,2,12.824458653018416,0.026463943445102556,3.6319720971933758,0.4845791292451452,0.030841741509709697,0.4845791292451452,0.7244745395314051,13.501507529358612,0.02205874108621217,3.8140463344999747,0.44760073359684877,0.08070188439944054,0.4716973820037107,0.7514176388372559,13.688529261231315,0.021838109136086956,3.8240987098715222,0.4476472508709059,0.08017693978863254,0.4721758093404616,0.7504038853328413,0.19325107583321,4.201015826424456
2022_02_MIN_PHI,2022,2,PHI,MIN,17,2.5,2.5,49.5,12.8037112419384,0.016150905013567196,4.125779192891764,0.5,0.0,0.5,0.6931471805599453,0,12.920252920570407,0.016188874347844884,4.123431041328967,0.5,0.0,0.5,0.6931471805599453,13.501507529358612,0.014105291766140313,4.261205249443263,0.5148046671961075,0.0,0.4851953328038925,0.6639677372637568,13.828445569343913,0.014162401910301443,4.2571645786677825,0.5143126768763758,0.0,0.48568732312362417,0.6649238777078901,0.1313853857760181,9.323420787342224
2022_02_NE_PIT,2022,2,PIT,NE,-3,-3.0,-3.0,40.0,12.8037112419384,0.03089169191184743,3.477268001397251,0.48455415404407626,0.03089169191184743,0.48455415404407626,3.477268001397251,1,12.754329410247943,0.031011234266066945,3.473405744466866,0.4844943828669665,0.031011234266066945,0.4844943828669665,3.473405744466866,13.501507529358612,0.08070188439944055,2.516993353304253,0.47169738200371053,0.08070188439944055,0.44760073359684893,2.516993353304253,13.612117235928165,0.08057618303062157,2.518552169035065,0.4719852099641741,0.08057618303062157,0.4474386070052043,2.518552169035065,-0.9587158323621856,2.8306777399915912
2022_02_NYJ_CLE,2022,2,CLE,NYJ,-1,6.5,6.5,38.5,12.8037112419384,0.025901805286720758,3.653442610515739,0.5,0.0,0.5,0.6931471805599453,2,12.667159597692482,0.026081721494312538,3.646520535884626,0.5,0.0,0.5,0.6931471805599453,13.501507529358612,0.02184085428539827,3.82397301323864,0.46637226000321186,0.0,0.5336277399967881,0.628056799231247,13.275932646780559,0.02202693150902439,3.8154894147950205,0.46575346618286073,0.0,0.5342465338171393,0.6268978727456409,0.16204680427928153,4.2314531444032815
2022_02_SEA_SF,2022,2,SF,SEA,20,8.5,8.5,40.0,12.8037112419384,0.02047929419401362,3.888340942587628,0.5,0.0,0.5,0.6931471805599453,0,12.661291532002583,0.02052049727705796,3.886331025198447,0.5,0.0,0.5,0.6931471805599453,13.501507529358612,0.017830400198096754,4.02685040214884,0.4406522497429306,0.0,0.5593477502570694,0.8194992639396161,13.133817545322875,0.017894713914650345,4.023249921779319,0.4392210521515838,0.0,0.5607789478484162,0.8227524569856912,0.13490897919169154,7.704668791660534
2022_02_TB_NO,2022,2,NO,TB,-10,-2.5,-2.5,44.0,12.8037112419384,0.025901805286720758,3.653442610515739,0.5,0.0,0.5,0.6931471805599453,2,12.832997159281993,0.025863362060959738,3.6549279039977547,0.5,0.0,0.5,0.6931471805599453,13.501507529358612,0.021595204209044837,3.835284016302776,0.48519533280389227,0.0,0.5148046671961077,0.6639677372637565,13.733114288325005,0.02135104225414815,3.8466547229745367,0.4855457088715137,0.0,0.5144542911284863,0.6646485689987087,0.19321211245879777,4.962720076478234
2022_02_TEN_BUF,2022,2,BUF,TEN,34,10.0,10.0,47.5,12.8037112419384,0.005554718127195546,5.193107599356991,0.48455415404407626,0.03089169191184743,0.48455415404407626,0.7245260808446694,0,12.76158671024458,0.005513553443112662,5.2005459556751905,0.4845031959883765,0.030993608023246966,0.4845031959883765,0.7246312512058354,13.501507529358612,0.005513712175831313,5.200517166540305,0.43101788442675304,0.026016280518163855,0.5429658350550831,0.8416056945496087,13.138254865355806,0.005203311140284876,5.2584600982918595,0.42950020377792664,0.026663335868025516,0.5438364603540479,0.8451330631040941,0.06535249893486839,18.00772295462481
2022_02_WAS_DET,2022,2,DET,WAS,9,-1.0,-1.0,48.5,12.8037112419384,0.022615999629919004,3.789097674954528,0.48455415404407626,0.03089169191184743,0.48455415404407626,0.7245260808446694,0,12.930885025070848,0.022529364349097247,3.792935738469182,0.4847059835799795,0.03058803284004097,0.4847059835799795,0.7242127912926668,13.501507529358612,0.019078341461522545,3.9592015422369586,0.475231667542137,0.02526151101024815,0.49950682144761477,0.743952872703453,13.94728019484311,0.018836845072406093,3.971940482858544,0.47607315147233464,0.024509043937949497,0.49941780458971585,0.7421837569944832,0.18284280790401564,5.925203652883345
2022_03_ATL_SEA,2022,3,SEA,ATL,-4,1.0,1.0,43.0,12.8037112419384,0.02855809434158485,3.5558148684713715,0.48455415404407626,0.03089169191184743,0.48455415404407626,0.7245260808446694,2,12.841650715857607,0.02848692428042804,3.558310094165124,0.48459976351464457,0.030800472970710813,0.48459976351464457,0.724431958600977,13.501507529358612,0.023538144129126474,3.749133019292526,0.4995068214476149,0.025261511010248146,0.47523166754213697,0.7439528727034531,13.849030448466715,0.023060261986698836,3.769644403117346,0.49943680450745376,0.024662357786678007,0.4759008377058683,0.7425457706005419,0.21382953464597465,3.632746821805254
2022_03_BAL_NE,2022,3,NE,BAL,-11,-2.5,-2.5,45.5,12.8037112419384,0.024644752924719876,3.7031912642465303,0.5,0.0,0.5,0.6931471805599453,2,12.857771199109763,0.024587396940907474,3.7055212867995886,0.5,0.0,0.5,0.6931471805599453,13.501507529358612,0.02064909412160087,3.8800838287406805,0.48519533280389227,0.0,0.5148046671961077,0.6639677372637565,13.760179794219537,0.020425933778437804,3.8909499218545047,0.4855861919879586,0.0,0.5144138080120414,0.6647272634717896,0.1877586576079744,5.476469761391367
2022_03_BUF_MIA,2022,3,MIA,BUF,2,-4.0,-4.0,54.0,12.8037112419384,0.027591433647957908,3.5902499295093335,0.48455415404407626,0.03089169191184743,0.48455415404407626,0.7245260808446694,0,12.959191424791117,0.027333829392366615,3.599630172049458,0.48473937272898826,0.03052125454202348,0.48473937272898826,0.7241439082993043,13.501507529358612,0.02293139876114917,3.775248182614385,0.5254433725941674,0.025384921919100523,0.4491717054867321,0.6435128535692433,13.76436102571428,0.02259147159326643,3.790182807053084,0.5257234481623807,0.024912994232122728,0.44936355760549657,0.6429799684566035,0.19993287754375055,3.8148280668883086
2022_03_CIN_NYJ,2022,3,NYJ,CIN,-15,-6.5,-6.5,46.0,12.8037112419384,0.024644752924719876,3.7031912642465303,0.5,0.0,0.5,0.6931471805599453,2,12.797534668842836,0.0246513054030858,3.702925422366803,0.5,0.0,0.5,0.6931471805599453,13.501507529358612,0.020883981992930924,3.8687728256765452,0.5336277399967881,0.0,0.4663722600032118,0.7627711225516961,13.415439800004046,0.02092075729820382,3.867013440717673,0.5341314393511812,0.0,0.46586856064881876,0.763851743336048,0.16382217647114272,5.80358340329772
2022_03_DAL_NYG,2022,3,NYG,DAL,-7,1.0,1.0,38.5,12.8037112419384,0.025284605842412433,3.6775595331652307,0.48455415404407626,0.03089169191184743,0.48455415404407626,0.7245260808446694,2,12.760240595739624,0.025336283804192894,3.675517768190566,0.4845015620502489,0.03099687589950223,0.4845015620502489,0.7246346236105919,13.501507529358612,0.045486444391622534,3.090340922872684,0.4995068214476149,0.025261511010248146,0.47523166754213697,0.7439528727034531,13.759407802083983,0.04516762445826187,3.097374721837354,0.4994547176884319,0.0248039483473355,0.47574133396423257,0.7428809884962546,-0.5801848113278765,4.814500747091021
2022_03_DET_MIN,2022,3,MIN,DET,4,6.5,6.5,52.0,12.8037112419384,0.030289867626474787,3.496942024158061,0.5,0.0,0.5,0.6931471805599453,2,12.888122227935627,0.030099308057997487,3.5032530955979335,0.5,0.0,0.5,0.6931471805599453,13.501507529358612,0.02514405004354251,3.68313398921115,0.46637226000321186,0.0,0.5336277399967881,0.628056799231247,13.512390019738305,0.025089405274315968,3.6853096225788056,0.4659498906981926,0.0,0.5340501093018074,0.6272656067805844,0.18836759842074446,2.956937290094473
2022_03_GB_TB,2022,3,TB,GB,-2,1.0,1.0,41.5,12.8037112419384,0.030029030012069746,3.5055906981389526,0.48455415404407626,0.03089169191184743,0.48455415404407626,0.7245260808446694,2,12.815444851077356,0.030003103355929428,3.5064544574724197,0.4845682885884685,0.030863422823062925,0.4845682885884685,0.7244969110643167,13.501507529358612,0.024626112524149577,3.7039479142988405,0.4995068214476149,0.025261511010248146,0.47523166754213697,0.7439528727034531,13.820179679154222,0.024114236183180728,3.7249528998927204,0.49944250954918984,0.02470775509620776,0.4758497353546024,0.7426531566169237,0.21936220175376775,3.1668709795223657
2022_03_HOU_CHI,2022,3,CHI,HOU,3,3.0,3.0,40.0,12.8037112419384,0.03089169191184743,3.477268001397251,0.48455415404407626,0.03089169191184743,0.48455415404407626,3.477268001397251,1,12.754329410247943,0.031011234266066945,3.473405744466866,0.4844943828669665,0.031011234266066945,0.4844943828669665,3.473405744466866,13.501507529358612,0.08070188439944054,2.516993353304253,0.44760073359684877,0.08070188439944054,0.4716973820037107,2.516993353304253,13.612117235928165,0.08057618303062156,2.5185521690350656,0.44743860700520455,0.08057618303062156,0.47198520996417387,2.5185521690350656,-0.9587158323621852,2.830677739993444
2022_03_JAX_LAC,2022,3,LAC,JAX,-28,6.5,6.5,46.0,12.8037112419384,0.0010751756148660524,6.8352712680786425,0.5,0.0,0.5,0.6931471805599453,2,12.797534668842836,0.0010725646334303575,6.837702644707191,0.5,0.0,0.5,0.6931471805599453,13.501507529358612,0.0012107492382745228,6.716515905816362,0.46637226000321186,0.0,0.5336277399967881,0.628056799231247,13.415439800004046,0.0011735115784591442,6.747754676118424,0.46586856064881876,0.0,0.5341314393511812,0.6271133292026136,-0.08751659196021855,26.485573768981883
2022_03_KC_IND,2022,3,IND,KC,3,-4.5,-4.5,51.0,12.8037112419384,0.025901805286720814,3.653442610515737,0.5,0.0,0.5,0.6931471805599453,0,12.908051611523522,0.025765077204244702,3.6587353007288645,0.5,0.0,0.5,0.6931471805599453,13.501507529358612,0.06911939235838108,2.671919945636364,0.537286893513369,0.0,0.462713106486631,0.6212230747826086,13.673693829132697,0.06900288257863403,2.673606998755549,0.5374969706545131,0.0,0.4625030293454869,0.6208321549878051,-0.9798356117601883,4.284547351584343
2022_03_LA_ARI,2022,3,ARI,LA,-8,-3.5,-3.5,49.0,12.8037112419384,0.0289866028407329,3.5409215267463554,0.5,0.0,0.5,0.6931471805599453,2,12.895531187020547,0.028806256941522668,3.5471626605226865,0.5,0.0,0.5,0.6931471805599453,13.501507529358612,0.023943395440703563,3.732062757635247,0.5389528890024899,0.0,0.46104711099751,0.7742550481536759,13.730612583143209,0.023595207987293827,3.7467116389541513,0.53902528017194,0.0,0.46097471982806,0.7744120751722963,0.20579011220779586,3.792586241546255
2022_03_LV_TEN,2022,3,TEN,LV,2,-1.5,-1.5,45.5,12.8037112419384,0.029723846363781115,3.5158056474601596,0.5,0.0,0.5,0.6931471805599453,0,12.874898270220502,0.02957212723631253,3.520923008702446,0.5,0.0,0.5,0.6931471805599453,13.501507529358612,0.02441092020730761,3.7127246973235577,0.486949118093865,0.0,0.513050881906135,0.7195956416580659,13.84996257394937,0.02387105421091694,3.7350886749264056,0.4873727574691409,0.0,0.5126272425308591,0.7187260329330681,0.21928302746624606,3.2535200907337973
2022_03_NO_CAR,2022,3,CAR,NO,8,-2.0,-2.0,41.0,12.8037112419384,0.022615999629919004,3.789097674954528,0.48455415404407626,0.03089169191184743,0.48455415404407626,0.7245260808446694,0,12.789474781019564,0.022625605927520387,3.788673008427893,0.48453696971743787,0.030926060565124258,0.48453696971743787,0.7245615456760333,13.501507529358612,0.01909718480005848,3.958214347460015,0.4734157690353448,0.025286461355374084,0.5012977696092811,0.7477812722851939,13.720818347109144,0.018963779353448878,3.965224469031632,0.4739177852141368,0.024889310671024917,0.5011929041148383,0.7467214212463865,0.17612679407710363,5.794669413209448
2022_03_PHI_WAS,2022,3,WAS,PHI,-16,-6.0,-6.0,47.0,12.8037112419384,0.02261599962991903,3.7890976749545273,0.48455415404407626,0.03089169191184743,0.48455415404407626,0.7245260808446694,2,12.821909978834645,0.02260369202765275,3.7896420219909195,0.484576065567737,0.03084786886452595,0.484576065567737,0.7244808618983997,13.501507529358612,0.01929192497738542,3.948068665577011,0.5218042232549847,0.025544315589905064,0.45265146115511024,0.7926328510638868,13.476146581379169,0.019275873916645852,3.9489010211755438,0.5222674865007243,0.025549812546541588,0.45218270095273416,0.79366897517136,0.15980334622101644,6.622016007956559
2022_03_PIT_CLE,2022,3,CLE,PIT,12,4.5,4.5,38.0,12.8037112419384,0.025901805286720814,3.653442610515737,0.5,0.0,0.5,0.6931471805599453,0,12.69138007039929,0.02604973085598039,3.647747842660304,0.5,0.0,0.5,0.6931471805599453,13.501507529358612,0.021692658918251735,3.8307813743697134,0.462713106486631,0.0,0.537286893513369,0.7706480573700116,13.439421940522168,0.021717085892277232,3.829655959939829,0.46215541622592593,0.0,0.5378445837740741,0.7718540457123585,0.17621334942409206,5.132458861293096
2022_03_SF_DEN,2022,3,DEN,SF,1,-1.0,-1.0,44.0,12.8037112419384,0.030505073980516384,3.4898622491881337,0.48455415404407626,0.03089169191184743,0.48455415404407626,0.7245260808446694,0,12.858646802766986,0.030378074902622676,3.49403415108291,0.484620108375861,0.030759783248277994,0.484620108375861,0.7243899766693028,13.501507529358612,0.024976983451962996,3.6898005401049065,0.475231667542137,0.02526151101024815,0.49950682144761477,0.743952872703453,13.86774257277854,0.024369928664193515,3.714405338546946,0.47593385899794416,0.02463300588219354,0.4994331351198623,0.742476386090388,0.2245430893588125,3.0695252060924103
2022_04_ARI_CAR,2022,4,CAR,ARI,-10,1.0,1.0,44.0,12.8037112419384,0.021199170111661086,3.853793243746746,0.48455415404407626,0.03089169191184743,0.48455415404407626,0.7245260808446694,2,12.858646802766986,0.021175675311185194,3.8549021470429827,0.484620108375861,0.030759783248277994,0.484620108375861,0.7243899766693028,13.501507529358612,0.01799764062621003,4.0175146059988895,0.4995068214476149,0.025261511010248146,0.47523166754213697,0.7439528727034531,13.86774257277854,0.01785934406712054,4.025228430573245,0.4994331351198622,0.02463300588219354,0.47593385899794427,0.7424763860903878,0.17143518682649894,6.530096186870965
2022_04_BUF_BAL,2022,4,BAL,BUF,-3,-3.0,-3.0,50.0,12.8037112419384,0.03089169191184743,3.477268001397251,0.48455415404407626,0.03089169191184743,0.48455415404407626,3.477268001397251,1,12.919124268265813,0.030615863901601204,3.4862369762043492,0.4846920680491994,0.030615863901601204,0.4846920680491994,3.4862369762043492,13.501507529358612,0.08070188439944055,2.516993353304253,0.47169738200371053,0.08070188439944055,0.44760073359684893,2.516993353304253,13.791689660867805,0.07964440977163827,2.530183430002674,0.47242893067807684,0.07964440977163827,0.4479266595502848,2.530183430002674,-0.9470845713945768,2.8681530629096326
2022_04_CHI_NYG,2022,4,NYG,CHI,8,3.0,3.0,39.0,12.8037112419384,0.02855809434158485,3.5558148684713715,0.48455415404407626,0.03089169191184743,0.48455415404407626,0.7245260808446694,0,12.735765115449585,0.028686332084516875,3.551334503640943,0.4844717930834326,0.031056413833134844,0.4844717930834326,0.7246960679561315,13.501507529358612,0.02359986102401341,3.746514455780903,0.44760073359684877,0.08070188439944054,0.4716973820037107,0.8038536635893901,13.591891257113806,0.023445454905417315,3.753078623540008,0.44738313835435733,0.0806825535559406,0.471934308089702,0.8043399187133052,0.19726375506863647,3.9045411990128724
2022_04_CLE_ATL,2022,4,ATL,CLE,3,-1.0,-1.0,48.0,12.8037112419384,0.029375808670454084,3.527583777689788,0.48455415404407626,0.03089169191184743,0.48455415404407626,0.7245260808446694,0,12.923178007503466,0.029131292566796252,3.535942336636953,0.4846968673618069,0.03060626527638627,0.4846968673618069,0.7242315991972733,13.501507529358612,0.07692909213746252,2.5648711627318117,0.475231667542137,0.02526151101024815,0.49950682144761477,0.743952872703453,13.938793969452345,0.07543188263044452,2.5845252467850193,0.47605837151740305,0.024522208563067964,0.499419419919529,0.7422148030308258,-0.9430585309047688,3.34243066930041
2022_04_DEN_LV,2022,4,LV,DEN,9,2.5,2.5,45.5,12.8037112419384,0.027057763357987374,3.6097813145710713,0.5,0.0,0.5,0.6931471805599453,0,12.857771199109763,0.026973893066586596,3.6128858042096095,0.5,0.0,0.5,0.6931471805599453,13.501507529358612,0.022460933110522677,3.7959777850974867,0.5148046671961075,0.0,0.4851953328038925,0.6639677372637568,13.760179794219537,0.02214942821208708,3.8099435971769164,0.5144138080120415,0.0,0.48558619198795855,0.6647272634717893,0.20016228260584512,4.49631397650156
2022_04_JAX_PHI,2022,4,PHI,JAX,8,6.5,6.5,44.0,12.8037112419384,0.0306735817708097,3.4843535234944216,0.5,0.0,0.5,0.6931471805599453,0,12.764847969668425,0.030765591548017168,3.4813583710201366,0.5,0.0,0.5,0.6931471805599453,13.501507529358612,0.025430362513476242,3.6718114443026355,0.46637226000321186,0.0,0.5336277399967881,0.762771122551696,13.380460773261955,0.025599314392682156,3.665189709391105,0.46583948269554576,0.0,0.5341605173044542,0.763914161930564,0.1808361858966836,3.160650049016649
2022_04_KC_TB,2022,4,TB,KC,-10,1.0,1.0,46.5,12.8037112419384,0.021199170111661086,3.853793243746746,0.48455415404407626,0.03089169191184743,0.48455415404407626,0.7245260808446694,2,12.899594431582313,0.02115788350863887,3.8557427002159197,0.48466890399898316,0.03066219200203374,0.48466890399898316,0.7242892933384482,13.501507529358612,0.01799764062621003,4.0175146059988895,0.4995068214476149,0.025261511010248146,0.47523166754213697,0.7439528727034531,13.912826663569525,0.01784497968737549,4.026033060321665,0.4994243927674988,0.024562582342151654,0.4760130248903495,0.742310061910063,0.17223981657491905,6.529964862518222
2022_04_LAC_HOU,2022,4,HOU,LAC,-10,-5.5,-5.5,45.0,12.8037112419384,0.0289866028407329,3.5409215267463554,0.5,0.0,0.5,0.6931471805599453,2,12.798387770674596,0.02899712162020751,3.5405587083973176,0.5,0.0,0.5,0.6931471805599453,13.501507529358612,0.02408004675247468,3.7263717169954496,0.5355043559169206,0.0,0.4644956440830794,0.7668030984189754,13.485553705397617,0.02406616785111053,3.726948248374411,0.5359721581691408,0.0,0.46402784183085927,0.7678107246102291,0.18602672162805556,3.9407944737610547
2022_04_LA_SF,2022,4,SF,LA,15,1.0,1.0,42.0,12.8037112419384,0.01686235868957342,4.082671437642106,0.48455415404407626,0.03089169191184743,0.48455415404407626,0.7245260808446694,0,12.824277948269856,0.016867380636166218,4.082373662045241,0.4845789120659879,0.03084217586802418,0.4845789120659879,0.7244749877125025,13.501507529358612,0.01463990234735303,4.224004440733989,0.4995068214476149,0.025261511010248146,0.47523166754213697,0.6941340244349972,13.829904145422631,0.014674766245394035,4.22162584215845,0.49944058013638987,0.024692434156270017,0.47586698570734004,0.6942666466555807,0.138954404516344,8.797844904973381
2022_04_MIA_CIN,2022,4,CIN,MIA,12,4.0,4.0,48.5,12.8037112419384,0.025284605842412322,3.6775595331652347,0.48455415404407626,0.03089169191184743,0.48455415404407626,0.7245260808446694,0,12.879348997088313,0.025194812977309744,3.681117139885273,0.48464481708772983,0.030710365824540398,0.48464481708772983,0.7243389922351713,13.501507529358612,0.021197964768334646,3.8538501034062573,0.44917170548673196,0.025384921919100523,0.5254433725941675,0.8003500467777386,13.677793790500068,0.021017591934379316,3.8623954807819545,0.4491525045488751,0.02505371080652151,0.5257937846446034,0.8003927951254849,0.18483594761671984,5.3572633757015184
2022_04_MIN_NO,2022,4,NO,MIN,-3,-4.0,-4.0,42.0,12.8037112419384,0.03079455095296746,3.4804175217657325,0.48455415404407626,0.03089169191184743,0.48455415404407626,0.7245260808446694,0,12.773166802674139,0.030867685870450856,3.4780454069822038,0.4845172379006979,0.03096552419860421,0.4845172379006979,0.7246022695418141,13.501507529358612,0.08065527651310592,2.5175710517140075,0.5254433725941674,0.025384921919100523,0.4491717054867321,0.6435128535692433,13.562685656334207,0.08079200424136838,2.5158772757605017,0.5258868245504023,0.025243407049521598,0.44886976840007625,0.642669251846895,-0.9645402460052308,2.8248137867843433
2022_04_NE_GB,2022,4,GB,NE,3,10.0,10.0,40.5,12.8037112419384,0.026493717911452164,3.6308476340383122,0.48455415404407626,0.03089169191184743,0.48455415404407626,0.7245260808446694,2,12.645069698928234,0.02672268546026424,3.622242431611452,0.4843604784231768,0.031279043153646435,0.4843604784231768,0.7249258593535062,13.501507529358612,0.07219655947792189,2.628362886879142,0.43101788442675304,0.026016280518163855,0.5429658350550831,0.6107088798949268,13.015807207396742,0.074415105856977,2.598096322039995,0.429174000793469,0.02690145780153077,0.5439245414050002,0.6089447523999798,-1.0327513119983172,3.820224123005102
2022_04_NYJ_PIT,2022,4,PIT,NYJ,-4,3.0,3.0,41.0,12.8037112419384,0.026493717911452164,3.6308476340383122,0.48455415404407626,0.03089169191184743,0.48455415404407626,0.7245260808446694,2,12.772461346082359,0.026538639270735687,3.6291535222765834,0.48451638319834656,0.030967233603306887,0.48451638319834656,0.7246040335721484,13.501507529358612,0.02205874108621217,3.8140463344999747,0.44760073359684877,0.08070188439944054,0.4716973820037107,0.7514176388372559,13.631872748534846,0.02189421453611942,3.8215328534933257,0.4474926876867073,0.08047256762300121,0.4720347446902915,0.7507026844738114,0.1906852194550135,4.1944647916500255
2022_04_SEA_DET,2022,4,DET,SEA,-3,3.0,3.0,48.5,12.8037112419384,0.027591433647957797,3.5902499295093375,0.48455415404407626,0.03089169191184743,0.48455415404407626,0.7245260808446694,2,12.896504810698406,0.027437238544041787,3.5958541173386904,0.48466523302303277,0.030669533953934458,0.48466523302303277,0.7242968675604016,13.501507529358612,0.07290182328854325,2.61864162946351,0.44760073359684877,0.08070188439944054,0.4716973820037107,0.7514176388372559,13.767039015885743,0.07234025744823541,2.6263744936003293,0.4478601296447618,0.07977099159686045,0.4723688787583778,0.7499950758333275,-0.9638754359090083,3.8082763176803356
2022_04_TEN_IND,2022,4,IND,TEN,-7,4.5,4.5,43.0,12.8037112419384,0.020479294194013536,3.888340942587632,0.5,0.0,0.5,0.6931471805599453,2,12.78196012031469,0.020485814794174745,3.888022593613232,0.5,0.0,0.5,0.6931471805599453,13.501507529358612,0.03785261925601828,3.2740551005413487,0.462713106486631,0.0,0.537286893513369,0.6212230747826086,13.537349785871042,0.03795153722264984,3.271445269435178,0.4623009361688809,0.0,0.5376990638311191,0.6204562362297292,-0.6168956731524537,6.408875187832612
2022_04_WAS_DAL,2022,4,DAL,WAS,15,3.0,3.0,40.5,12.8037112419384,0.019755128361563012,3.9243421574652277,0.48455415404407626,0.03089169191184743,0.48455415404407626,0.7245260808446694,0,12.763448122645325,0.01976233975701136,3.9239771849165432,0.4845054548370541,0.03098909032589181,0.4845054548370541,0.7246265890210847,13.501507529358612,0.016932638317006237,4.078512258179435,0.44760073359684877,0.08070188439944054,0.4716973820037107,0.8038536635893901,13.622052386372632,0.01689098311820793,4.08097534273929,0.4474658165230977,0.080524039678425,0.4720101437984773,0.804155131842795,0.15663318527406211,7.632226412901731
2022_05_ATL_TB,2022,5,TB,ATL,6,10.5,10.5,46.0,12.8037112419384,0.0289866028407329,3.5409215267463554,0.5,0.0,0.5,0.6931471805599453,2,12.729573801563882,0.0291337179124867,3.5358590844184468,0.5,0.0,0.5,0.6931471805599453,13.501507529358612,0.024634944020098352,3.7035893553615,0.445227620013285,0.0,0.554772379986715,0.589197375510497,13.070943868326683,0.025279661499640522,3.6777550998389934,0.44401169011153807,0.0,0.5559883098884619,0.5870080103330553,0.136833573092638,3.227569297919519
2022_05_CHI_MIN,2022,5,MIN,CHI,7,10.0,10.0,44.0,12.8037112419384,0.030029030012069746,3.5055906981389526,0.48455415404407626,0.03089169191184743,0.48455415404407626,0.7245260808446694,2,12.70551436885779,0.030247715232417205,3.4983346268646525,0.4844348414397739,0.031130317120452222,0.4844348414397739,0.7247723428878121,13.501507529358612,0.05468724857984107,2.9061247122720637,0.43101788442675304,0.026016280518163855,0.5429658350550831,0.6107088798949268,13.079325549741133,0.05645188344892908,2.874366624037321,0.4293433809717399,0.02677737163805102,0.5438792473902091,0.6090280284747349,-0.6312240741016315,3.0022948882753226
2022_05_CIN_BAL,2022,5,BAL,CIN,2,3.0,3.0,47.5,12.8037112419384,0.03079455095296746,3.4804175217657325,0.48455415404407626,0.03089169191184743,0.48455415404407626,0.7245260808446694,2,12.881055922740561,0.030610893911888648,3.4863993231879546,0.4846468508150402,0.03070629836991956,0.4846468508150402,0.7243347959186698,13.501507529358612,0.025256105360589566,3.678687356029828,0.44760073359684877,0.08070188439944054,0.4716973820037107,0.7514176388372559,13.750203363467554,0.024813675085052053,3.696360363064592,0.4478146067008789,0.07985768346182999,0.47232770983729117,0.750082233808935,0.21594284129885954,2.914835896841523
2022_05_DAL_LA,2022,5,LA,DAL,-12,5.5,5.5,42.0,12.8037112419384,0.0121174427225519,4.413109317092977,0.5,0.0,0.5,0.6931471805599453,2,12.747687669473866,0.012073768396855936,4.4167200807650495,0.5,0.0,0.5,0.6931471805599453,13.501507529358612,0.010962444147052821,4.513280016206478,0.4644956440830794,0.0,0.5355043559169206,0.6245462548287789,13.431018869695189,0.010903156438142174,4.5187029501867295,0.463964276080865,0.0,0.536035723919135,0.623554471029424,0.10559363309375236,10.758317287577892
2022_05_DET_NE,2022,5,NE,DET,29,3.0,3.0,46.5,12.8037112419384,0.004200370229087369,5.472582607795071,0.48455415404407626,0.03089169191184743,0.48455415404407626,0.7245260808446694,0,12.865297411616895,0.004255706582026009,5.459494471512553,0.484628054746938,0.030743890506124083,0.484628054746938,0.7243735796899131,13.501507529358612,0.004162794430056602,5.481568692229571,0.44760073359684877,0.08070188439944054,0.4716973820037107,0.8038536635893901,13.733030728775123,0.004334433130431394,5.44116444305999,0.44776810134160067,0.0799463122764909,0.4722855863819085,0.8034798115182205,-0.03141816473508108,19.276648736690117
2022_05_HOU_JAX,2022,5,JAX,HOU,-7,7.0,7.0,44.0,12.8037112419384,0.016862358689573365,4.08267143764211,0.48455415404407626,0.03089169191184743,0.48455415404407626,0.7245260808446694,2,12.756354806848407,0.016850391507145818,4.083381387608242,0.4844968434764747,0.031006313047050593,0.4844968434764747,0.724644362684975,13.501507529358612,0.03204666407615366,3.4405621860200815,0.42486379581303063,0.0552973058285358,0.5198388983584336,0.6542363262571259,13.33702064791405,0.032081308754643066,3.4394817002248637,0.423657120076375,0.05609776976590032,0.5202451101577247,0.65345521277664,-0.6431897374172459,7.844277239301433
2022_05_IND_DEN,2022,5,DEN,IND,-3,3.5,3.5,42.0,12.8037112419384,0.027057763357987374,3.6097813145710713,0.5,0.0,0.5,0.6931471805599453,2,12.781671158896977,0.027092061358313768,3.6085145328190453,0.5,0.0,0.5,0.6931471805599453,13.501507529358612,0.07170676698451595,2.6351701566875114,0.46104711099751006,0.0,0.5389528890024899,0.6181271163412019,13.606860797133546,0.07175029464727727,2.634563317768577,0.4607552046092831,0.0,0.5392447953907169,0.6175856453297458,-0.9752179968024941,3.938745093648907
2022_05_LAC_CLE,2022,5,CLE,LAC,-2,-1.0,-1.0,47.0,12.8037112419384,0.03079455095296746,3.4804175217657325,0.48455415404407626,0.03089169191184743,0.48455415404407626,0.7245260808446694,2,12.90753429787198,0.03054852089571547,3.488439010388812,0.4846783298063723,0.030643340387255302,0.4846783298063723,0.7242698455965849,13.501507529358612,0.025190057158093512,3.6813059195414506,0.475231667542137,0.02526151101024815,0.49950682144761477,0.6941340244349974,13.921568948053135,0.02448365549576626,3.709749506678555,0.4760283119082863,0.024548974579982844,0.4994227135117308,0.6943024205693377,0.22933198491282258,2.975908842341804
2022_05_LV_KC,2022,5,KC,LV,1,7.5,7.5,51.5,12.8037112419384,0.027057763357987374,3.6097813145710713,0.5,0.0,0.5,0.6931471805599453,2,12.8638249505148,0.026964523741683233,3.6132332124411453,0.5,0.0,0.5,0.6931471805599453,13.501507529358612,0.02281130499243552,3.780499032904748,0.43862498832320507,0.0,0.5613750116767949,0.5773661267738879,13.417179543162145,0.02287633721410946,3.7776522120817138,0.4377841618468018,0.0,0.5622158381531982,0.5758694491647959,0.16787089751064244,3.839945488614865
2022_05_MIA_NYJ,2022,5,NYJ,MIA,23,-3.0,-3.0,46.0,12.8037112419384,0.004200370229087369,5.472582607795071,0.48455415404407626,0.03089169191184743,0.48455415404407626,0.7245260808446694,0,12.857297996116113,0.004248529149250779,5.4611824384754195,0.4846184957744171,0.030763008451165808,0.4846184957744171,0.724393304232685,13.501507529358612,0.004162794430056603,5.48156869222957,0.47169738200371053,0.08070188439944055,0.44760073359684893,0.7514176388372562,13.724313636612862,0.004327777421563692,5.4427011663103775,0.47226415325058946,0.07999137980640748,0.4477444669430031,0.7502168032230518,-0.029881441484693738,18.579343888020404
2022_05_NYG_GB,2022,5,GB,NYG,-5,8.5,8.5,42.0,12.8037112419384,0.017580544910170526,4.040962391177571,0.5,0.0,0.5,0.6931471805599453,2,12.69688177434968,0.017563459328024916,4.041934709720208,0.5,0.0,0.5,0.6931471805599453,13.501507529358612,0.015536864773125306,4.1645397064484575,0.4406522497429306,0.0,0.5593477502570694,0.5809839057638465,13.171507557719396,0.015480364997535105,4.16818283244639,0.43930591652538087,0.0,0.5606940834746191,0.5785798279420354,0.12722044126881915,7.381065959754115
2022_05_PHI_ARI,2022,5,ARI,PHI,-3,-5.5,-5.5,48.5,12.8037112419384,0.030289867626474787,3.496942024158061,0.5,0.0,0.5,0.6931471805599453,0,12.853658058130174,0.030176827704780917,3.5006809436661155,0.5,0.0,0.5,0.6931471805599453,13.501507529358612,0.07982278226526791,2.5279463232255095,0.5355043559169206,0.0,0.4644956440830794,0.6245462548287789,13.545009532106144,0.08005932892829035,2.5249873075626277,0.5359027155041258,0.0,0.4640972844958741,0.6238026353097597,-0.9719547165954334,2.919528175906639
2022_05_PIT_BUF,2022,5,BUF,PIT,35,14.0,14.0,44.0,12.8037112419384,0.00816704299547244,4.807648370083008,0.48455415404407626,0.03089169191184743,0.48455415404407626,0.7245260808446694,0,12.638042172213929,0.008000734754338268,4.828221897227446,0.4843517865759587,0.03129642684808265,0.4843517865759587,0.7249438045112839,13.501507529358612,0.008006611587142057,4.827487630229974,0.44107887802200985,0.026623563048942783,0.5322975589290474,0.8185315578012293,12.743460717268912,0.007358294013366257,4.9119271647713845,0.43972893975869315,0.028170674858414232,0.5321003853828926,0.8215967879071077,0.10427879468837631,15.328300630455246
2022_05_SEA_NO,2022,5,NO,SEA,7,5.5,5.5,45.5,12.8037112419384,0.0306735817708097,3.4843535234944216,0.5,0.0,0.5,0.6931471805599453,0,12.806526566199823,0.030666937629448165,3.484570154897366,0.5,0.0,0.5,0.6931471805599453,13.501507529358612,0.05463379741694088,2.907102587422675,0.4644956440830794,0.0,0.5355043559169206,0.7668030984189754,13.494308504329693,0.05482853816135172,2.903544451213743,0.4640380581664134,0.0,0.5359619418335866,0.767788708209121,-0.5808090722806787,3.0953503358170993
2022_05_SF_CAR,2022,5,CAR,SF,-22,-6.0,-6.0,40.0,12.8037112419384,0.014074736895661827,4.263373798156903,0.48455415404407626,0.03089169191184743,0.48455415404407626,0.7245260808446694,2,12.70349704447324,0.014014676462704267,4.267650179704681,0.48443237099999453,0.03113525800001099,0.48443237099999453,0.7247774425335585,13.501507529358612,0.012574211927142377,4.37610723476992,0.5218042232549847,0.025544315589905064,0.45265146115511024,0.7926328510638868,13.349106779540937,0.01248540077252813,4.383195255442967,0.5222841348908809,0.025770234935631048,0.45194563017348804,0.7941933936117909,0.11982145728606408,10.837889938105414
2022_05_TEN_WAS,2022,5,WAS,TEN,-4,-1.0,-1.0,43.0,12.8037112419384,0.030029030012069746,3.5055906981389526,0.48455415404407626,0.03089169191184743,0.48455415404407626,0.7245260808446694,2,12.841650715857607,0.02994535464108755,3.508381070253938,0.48459976351464457,0.030800472970710813,0.48459976351464457,0.724431958600977,13.501507529358612,0.024626112524149583,3.7039479142988405,0.475231667542137,0.02526151101024815,0.49950682144761477,0.6941340244349974,13.849030448466715,0.024072362321334483,3.7266908882000993,0.4759008377058682,0.024662357786678007,0.4994368045074537,0.6942742064001384,0.22110019006114667,3.218597357468811
2022_06_ARI_SEA,2022,6,SEA,ARI,10,-2.5,-2.5,50.0,12.8037112419384,0.01902908628803901,3.9617866131179733,0.5,0.0,0.5,0.6931471805599453,0,12.92772580276088,0.019019038211419925,3.962314790366385,0.5,0.0,0.5,0.6931471805599453,13.501507529358612,0.016355619413553762,4.113183745669899,0.48519533280389227,0.0,0.5148046671961077,0.7232037210766176,13.836610692591723,0.01631156133882421,4.115881138002413,0.48569932641213387,0.0,0.5143006735878661,0.7221655164707369,0.15409452488443964,7.320558138219029
2022_06_BAL_NYG,2022,6,NYG,BAL,4,-5.5,-5.5,46.0,12.8037112419384,0.023307769755320118,3.7589685081043087,0.5,0.0,0.5,0.6931471805599453,0,12.81458150245974,0.023299029980353936,3.7593435510215736,0.5,0.0,0.5,0.6931471805599453,13.501507529358612,0.01978774967947369,3.92269223581425,0.5355043559169206,0.0,0.4644956440830794,0.6245462548287789,13.50297321123524,0.01975705988129375,3.924244389165461,0.5359518275154984,0.0,0.46404817248450164,0.6237109959884977,0.16527588106115232,5.168514591739612
2022_06_BUF_KC,2022,6,KC,BUF,-4,-2.5,-2.5,54.0,12.8037112419384,0.0306735817708097,3.4843535234944216,0.5,0.0,0.5,0.6931471805599453,2,12.985093296019949,0.030251279808862386,3.4982167876692456,0.5,0.0,0.5,0.6931471805599453,13.501507529358612,0.025144340253929903,3.683122447366773,0.48519533280389227,0.0,0.5148046671961077,0.6639677372637565,13.89929562777074,0.024476017637078185,3.7100615127954795,0.4857908257680206,0.0,0.5142091742319794,0.6651251425514795,0.22570798930105784,3.0354819330610154
2022_06_CAR_LA,2022,6,LA,CAR,14,10.0,10.0,41.5,12.8037112419384,0.029375808670454084,3.527583777689788,0.48455415404407626,0.03089169191184743,0.48455415404407626,0.7245260808446694,0,12.662826905209812,0.029669117700845904,3.517648582201242,0.4843823980943707,0.031235203811258605,0.4843823980943707,0.7248806055060116,13.501507529358612,0.02486505166329199,3.694292009066056,0.43101788442675304,0.026016280518163855,0.5429658350550831,0.8416056945496087,13.03446672960257,0.025591648045041885,3.6654892289677066,0.42922379581480596,0.026864878550850842,0.5439113256343432,0.8457768275098817,0.13790545127791853,3.981634561032753
2022_06_CIN_NO,2022,6,NO,CIN,-4,-3.0,-3.0,42.5,12.8037112419384,0.03079455095296746,3.4804175217657325,0.48455415404407626,0.03089169191184743,0.48455415404407626,0.7245260808446694,2,12.798892495817656,0.030806065897493573,3.480043663669857,0.4845483417832448,0.030903316433510408,0.4845483417832448,0.7245380759862701,13.501507529358612,0.025256105360589573,3.6786873560298274,0.47169738200371053,0.08070188439944055,0.44760073359684893,0.8038536635893897,13.660671654607965,0.024957058207560903,3.6905986027009803,0.4721066324705306,0.08032201550794797,0.4475713520215215,0.8039193081192182,0.2101810809352478,2.945663648611939
2022_06_DAL_PHI,2022,6,PHI,DAL,9,6.5,6.5,42.5,12.8037112419384,0.030289867626474787,3.496942024158061,0.5,0.0,0.5,0.6931471805599453,0,12.73940064914862,0.030436640702013573,3.4921081100938687,0.5,0.0,0.5,0.6931471805599453,13.501507529358612,0.02514405004354256,3.6831339892111483,0.46637226000321186,0.0,0.5336277399967881,0.762771122551696,13.35323011863521,0.0253510632714858,3.6749346061762003,0.46581694637106086,0.0,0.5341830536289391,0.7639625409762856,0.17799258201813917,3.3866113389061976
2022_06_DEN_LAC,2022,6,LAC,DEN,3,3.5,3.5,45.5,12.8037112419384,0.030867376132099444,3.478055441421026,0.5,0.0,0.5,0.6931471805599453,2,12.840666911601554,0.03077872494270989,3.480931576292664,0.5,0.0,0.5,0.6931471805599453,13.501507529358612,0.08072956236973698,2.516650446502368,0.46104711099751006,0.0,0.5389528890024899,0.6181271163412019,13.670979033935092,0.08029560914215465,2.5220403401950158,0.4608691373836158,0.0,0.5391308626163842,0.6177969497558252,-0.9560151012260101,2.839212691393029
2022_06_JAX_IND,2022,6,IND,JAX,7,1.0,1.0,41.0,12.8037112419384,0.027591433647957908,3.5902499295093335,0.48455415404407626,0.03089169191184743,0.48455415404407626,0.7245260808446694,0,12.806510878540005,0.027586761867156917,3.5904192638186037,0.4845575288941523,0.0308849422116953,0.4845575288941523,0.7245191160125752,13.501507529358612,0.04920603491752473,3.0117390020808115,0.4995068214476149,0.025261511010248146,0.47523166754213697,0.6941340244349972,13.810344300243065,0.04859645561396586,3.0242046804889817,0.49944446768636364,0.024723270776425686,0.4758322615372107,0.6942588628770924,-0.5660452490203518,4.119363320391011
2022_06_MIN_MIA,2022,6,MIA,MIN,-8,-3.0,-3.0,45.0,12.8037112419384,0.02855809434158485,3.5558148684713715,0.48455415404407626,0.03089169191184743,0.48455415404407626,0.7245260808446694,2,12.841050283680808,0.028488048206266825,3.5582706408476446,0.48459904379393115,0.0308019124121377,0.48459904379393115,0.7244334437879334,13.501507529358612,0.023599861024013416,3.7465144557809027,0.47169738200371053,0.08070188439944055,0.44760073359684893,0.8038536635893897,13.706608590637401,0.02329824341026731,3.7593773113697426,0.47222051567089707,0.08008307779111713,0.44769640653798587,0.8036399402628823,0.2035624428983711,3.921394592062824
2022_06_NE_CLE,2022,6,CLE,NE,-23,2.5,2.5,43.0,12.8037112419384,0.004511625856917712,5.401097690007003,0.5,0.0,0.5,0.6931471805599453,2,12.816034975128987,0.004522987152770656,5.398582628912606,0.5,0.0,0.5,0.6931471805599453,13.501507529358612,0.004438685785016078,5.417396940718731,0.5148046671961075,0.0,0.4851953328038925,0.7232037210766171,13.71458382163924,0.004598524983278112,5.38201968271726,0.5144821362228056,0.0,0.4855178637771944,0.7225391973299393,-0.019078007289742516,18.17954580869261
2022_06_NYJ_GB,2022,6,GB,NYJ,-17,7.5,7.5,44.5,12.8037112419384,0.005188326215750376,5.2613441356014246,0.5,0.0,0.5,0.6931471805599453,2,12.756157228326193,0.0051425696071913905,5.270202400857132,0.5,0.0,0.5,0.6931471805599453,13.501507529358612,0.005119031891787727,5.274789941444495,0.43862498832320507,0.0,0.5613750116767949,0.5773661267738879,13.302546917239809,0.004948671800238284,5.308636061590829,0.437489324160821,0.0,0.562510675839179,0.5753451658140143,0.04729192598940468,16.742597047030536
2022_06_SF_ATL,2022,6,ATL,SF,14,-3.5,-3.5,46.0,12.8037112419384,0.012117442722551885,4.413109317092978,0.5,0.0,0.5,0.6931471805599453,0,12.84874332115516,0.012151948284392033,4.410265769425829,0.5,0.0,0.5,0.6931471805599453,13.501507529358612,0.010900233621121923,4.518971056846274,0.5389528890024899,0.0,0.46104711099751,0.6181271163412019,13.679757181137147,0.01098821607410452,4.510931846389804,0.5391152976146222,0.0,0.4608847023853778,0.6178258207174613,0.09782252929682578,10.970478847631107
2022_06_TB_PIT,2022,6,PIT,TB,2,-10.0,-10.0,47.0,12.8037112419384,0.019755128361563012,3.9243421574652277,0.48455415404407626,0.03089169191184743,0.48455415404407626,0.7245260808446694,0,12.753819667311147,0.019764018002933703,3.9238922671037995,0.48449376346855444,0.03101247306289112,0.48449376346855444,0.7246507198320892,13.501507529358612,0.017392951530371223,4.051690239291952,0.5429658350550833,0.026016280518163855,0.4310178844267528,0.6107088798949264,13.130091756402692,0.01743440537172322,4.049309704872133,0.5438424306395035,0.02667907075356191,0.42947849860693454,0.6090957236424662,0.12496754740690541,6.3250221677142555
2022_06_WAS_CHI,2022,6,CHI,WAS,-5,-1.0,-1.0,38.5,12.8037112419384,0.02937580867045414,3.5275837776897863,0.48455415404407626,0.03089169191184743,0.48455415404407626,0.7245260808446694,2,12.760240595739624,0.02946573302380362,3.524527283221167,0.4845015620502489,0.03099687589950223,0.4845015620502489,0.7246346236105919,13.501507529358612,0.02414368095101445,3.723732591465159,0.475231667542137,0.02526151101024815,0.49950682144761477,0.6941340244349974,13.759407802083983,0.023746167452307572,3.7403341319522503,0.4757413339642324,0.024803948347335496,0.499454717688432,0.6942383402813813,0.21275035426246403,3.458452636508309
2022_07_ATL_CIN,2022,7,CIN,ATL,18,6.5,6.5,47.5,12.8037112419384,0.02047929419401362,3.888340942587628,0.5,0.0,0.5,0.6931471805599453,0,12.821182163808576,0.02047399870597144,3.888599553688065,0.5,0.0,0.5,0.6931471805599453,13.501507529358612,0.01767455297240851,4.03562935903795,0.46637226000321186,0.0,0.5336277399967881,0.762771122551696,13.440746863166103,0.017662675631516547,4.036301587269109,0.46588968728367175,0.0,0.5341103127163283,0.7638063954469286,0.14796064468148096,7.592421714900037
2022_07_CHI_NE,2022,7,NE,CHI,-19,9.5,9.5,40.0,12.8037112419384,0.002893058600386947,5.845440997269697,0.5,0.0,0.5,0.6931471805599453,2,12.644448615198806,0.002771191628213732,5.888477860597498,0.5,0.0,0.5,0.6931471805599453,13.501507529358612,0.003036075812493571,5.797189448583462,0.44286090738345985,0.0,0.5571390926165402,0.5849403527846475,13.048677196286734,0.0027199864529416037,5.907128379222809,0.4414203551900052,0.0,0.5585796448099948,0.5823580657877134,0.06168738195311185,20.419623777327466
2022_07_CLE_BAL,2022,7,BAL,CLE,3,6.5,6.5,46.0,12.8037112419384,0.029723846363781115,3.5158056474601596,0.5,0.0,0.5,0.6931471805599453,2,12.797534668842836,0.029737080193975307,3.515360520511125,0.5,0.0,0.5,0.6931471805599453,13.501507529358612,0.07876859513784998,2.5412409004157936,0.46637226000321186,0.0,0.5336277399967881,0.628056799231247,13.415439800004046,0.07965347718989989,2.5300695877107975,0.46586856064881876,0.0,0.5341314393511812,0.6271133292026136,-0.9857360597493621,3.021827867543826
2022_07_DET_DAL,2022,7,DAL,DET,18,7.0,7.0,49.5,12.8037112419384,0.02119917011166106,3.8537932437467473,0.48455415404407626,0.03089169191184743,0.48455415404407626,0.7245260808446694,0,12.84308945161778,0.021182372884645417,3.854585910870576,0.4846014878120527,0.0307970243758946,0.4846014878120527,0.7244284004185958,13.501507529358612,0.018270729675976462,4.00245497091265,0.42486379581303063,0.0552973058285358,0.5198388983584336,0.8559866418624789,13.429602362203152,0.018267882532827025,4.002610813895352,0.4239910878423252,0.05574340269462099,0.5202655094630538,0.8580428432108856,0.14881757014860453,7.3008158826713325
2022_07_GB_WAS,2022,7,WAS,GB,2,-4.0,-4.0,41.5,12.8037112419384,0.027591433647957908,3.5902499295093335,0.48455415404407626,0.03089169191184743,0.48455415404407626,0.7245260808446694,0,12.76436890978074,0.027657213983018125,3.5878686814982452,0.4845065719811163,0.030986856037767352,0.4845065719811163,0.7246242832828043,13.501507529358612,0.02293139876114917,3.775248182614385,0.5254433725941674,0.025384921919100523,0.4491717054867321,0.6435128535692433,13.553149084150682,0.022835462310341448,3.779440586859665,0.5258945062039125,0.025259257571343466,0.44884623622474396,0.642654644906677,0.18919065735033147,3.7852502092589946
2022_07_HOU_LV,2022,7,LV,HOU,18,7.0,7.0,46.0,12.8037112419384,0.02119917011166106,3.8537932437467473,0.48455415404407626,0.03089169191184743,0.48455415404407626,0.7245260808446694,0,12.789019757745143,0.021205379165055604,3.8535003952885125,0.48453641984454643,0.030927160310907142,0.48453641984454643,0.7245626805186517,13.501507529358612,0.018270729675976462,4.00245497091265,0.42486379581303063,0.0552973058285358,0.5198388983584336,0.8559866418624789,13.371886114044742,0.018286440518167864,4.001595449069181,0.4237831635667044,0.05596376129542111,0.5202530751378744,0.8585333612454785,0.1478022053224337,7.30233333034562
2022_07_IND_TEN,2022,7,TEN,IND,9,2.5,2.5,43.0,12.8037112419384,0.027057763357987374,3.6097813145710713,0.5,0.0,0.5,0.6931471805599453,0,12.816034975128987,0.027038611932488577,3.610489362982672,0.5,0.0,0.5,0.6931471805599453,13.501507529358612,0.022460933110522677,3.7959777850974867,0.5148046671961075,0.0,0.4851953328038925,0.6639677372637568,13.71458382163924,0.02219771577055237,3.807765888616135,0.5144821362228056,0.0,0.4855178637771944,0.6645944449661914,0.19798457404506387,4.491156876378215
2022_07_KC_SF,2022,7,SF,KC,-21,-1.0,-1.0,49.0,12.8037112419384,0.009198990898190394,4.688661485922284,0.48455415404407626,0.03089169191184743,0.48455415404407626,0.7245260808446694,2,12.938517520678046,0.009325829895888739,4.674967320534096,0.4847150009549753,0.03056999809004951,0.4847150009549753,0.7241941876619638,13.501507529358612,0.00846227173469342,4.772137614851303,0.475231667542137,0.02526151101024815,0.49950682144761477,0.6941340244349974,13.955684467853725,0.00878089778355119,4.7351766233107755,0.47608776957667037,0.024496020820924558,0.49941620960240507,0.6943154435086231,0.04651513738849111,13.560577507781115
2022_07_NO_ARI,2022,7,ARI,NO,8,2.5,2.5,44.0,12.8037112419384,0.02809231249798727,3.57225931665542,0.5,0.0,0.5,0.6931471805599453,0,12.832997159281993,0.028040333895781977,3.5741113090484866,0.5,0.0,0.5,0.6931471805599453,13.501507529358612,0.02323240303316695,3.7622072922995033,0.5148046671961075,0.0,0.4851953328038925,0.6639677372637568,13.733114288325005,0.022914110782102863,3.776002366831683,0.5144542911284864,0.0,0.4855457088715136,0.6646485689987085,0.20374305017626293,4.068135467367297
2022_07_NYG_JAX,2022,7,JAX,NYG,-6,3.0,3.0,44.0,12.8037112419384,0.02398491360601465,3.730330246035237,0.48455415404407626,0.03089169191184743,0.48455415404407626,0.7245260808446694,2,12.824458653018416,0.023965561078758413,3.731137434219889,0.4845791292451452,0.030841741509709697,0.4845791292451452,0.7244745395314051,13.501507529358612,0.02016848542737229,3.9036340201987367,0.44760073359684877,0.08070188439944054,0.4716973820037107,0.7514176388372559,13.688529261231315,0.02001478498120833,3.911284029477727,0.4476472508709059,0.08017693978863254,0.4721758093404616,0.7504038853328413,0.18095378344249013,5.137915450329626
2022_07_NYJ_DEN,2022,7,DEN,NYJ,-7,-2.0,-2.0,37.0,12.8037112419384,0.02855809434158485,3.5558148684713715,0.48455415404407626,0.03089169191184743,0.48455415404407626,0.7245260808446694,2,12.714163784111687,0.028727311753904416,3.549906979672529,0.48444542473868074,0.031109150522638573,0.48444542473868074,0.7247504964341754,13.501507529358612,0.050804862783825275,2.9797632048879104,0.4734157690353448,0.025286461355374084,0.5012977696092811,0.69055500393606,13.638342154420437,0.050576539198435175,2.984267462413475,0.4737395908260022,0.02502225999380229,0.5012381491801955,0.690673943174123,-0.5715474060578964,3.8042614938467776
2022_07_PIT_MIA,2022,7,MIA,PIT,6,7.5,7.5,44.5,12.8037112419384,0.0306735817708097,3.4843535234944216,0.5,0.0,0.5,0.6931471805599453,2,12.756157228326193,0.030786242086650817,3.4806873742946443,0.5,0.0,0.5,0.6931471805599453,13.501507529358612,0.025536571056224592,3.667643695174032,0.43862498832320507,0.0,0.5613750116767949,0.5773661267738879,13.302546917239809,0.025846259523250724,3.6555893877916277,0.437489324160821,0.0,0.562510675839179,0.5753451658140143,0.17123586429720605,2.9102767524534507
2022_07_SEA_LAC,2022,7,LAC,SEA,-14,5.5,5.5,51.5,12.8037112419384,0.009744840358462181,4.631017328048826,0.5,0.0,0.5,0.6931471805599453,2,12.898118045112136,0.009831707852338528,4.622142621120559,0.5,0.0,0.5,0.6931471805599453,13.501507529358612,0.008999837040600216,4.71054880840982,0.4644956440830794,0.0,0.5355043559169206,0.6245462548287789,13.592840283017079,0.009053039684773239,4.704654700893754,0.4641532496868681,0.0,0.5358467503131319,0.6239070723873226,0.073637372844928,12.405598575429195
2022_07_TB_CAR,2022,7,CAR,TB,18,-13.0,-13.0,39.5,12.8037112419384,0.001944933142003058,6.242527676794023,0.48455415404407626,0.03089169191184743,0.48455415404407626,0.7245260808446694,0,12.576569885757888,0.0018060132079644742,6.316633510633978,0.48427534211015805,0.03144931577968396,0.48427534211015805,0.7251016453639618,13.501507529358612,0.002154547535283618,6.140174537896437,0.5350967309457795,0.026464222566345216,0.43843904648787535,0.6253077429233462,12.745589205194845,0.001721194204965216,6.364736923862797,0.5352328638228884,0.02797754888113713,0.4367895872959745,0.6250533673020268,0.12220924706877323,22.67869503871519
2022_08_ARI_MIN,2022,8,MIN,ARI,8,4.0,4.0,48.5,12.8037112419384,0.029375808670454084,3.527583777689788,0.48455415404407626,0.03089169191184743,0.48455415404407626,0.7245260808446694,0,12.879348997088313,0.029220556349346838,3.532882832822128,0.48464481708772983,0.030710365824540398,0.48464481708772983,0.7243389922351713,13.501507529358612,0.024261630887104826,3.718859152371064,0.44917170548673196,0.025384921919100523,0.5254433725941675,0.8003500467777386,13.677793790500068,0.023972794085875517,3.730835671376873,0.4491525045488751,0.02505371080652151,0.5257937846446034,0.8003927951254849,0.20325189368708507,3.6621898489186795
2022_08_BAL_TB,2022,8,TB,BAL,-5,2.0,2.0,46.0,12.8037112419384,0.026493717911452164,3.6308476340383122,0.48455415404407626,0.03089169191184743,0.48455415404407626,0.7245260808446694,2,12.874424436901334,0.026392401462617787,3.634679133644657,0.4846389466696206,0.030722106660758808,0.4846389466696206,0.7243511051340535,13.501507529358612,0.02202278448289145,3.8156777032346536,0.5012977696092809,0.025286461355374087,0.4734157690353451,0.7477812722851933,13.813862395902824,0.021680705436278293,3.8313325643663374,0.501143150065084,0.024741071288895557,0.47411577864602045,0.746303728366493,0.20048493032802517,4.299600285747206
2022_08_CAR_ATL,2022,8,ATL,CAR,3,4.5,4.5,41.0,12.8037112419384,0.0306735817708097,3.4843535234944216,0.5,0.0,0.5,0.6931471805599453,2,12.74698362008382,0.03080806985568163,3.479978615019437,0.5,0.0,0.5,0.6931471805599453,13.501507529358612,0.08047905001408122,2.5197583767003606,0.462713106486631,0.0,0.537286893513369,0.6212230747826086,13.49953429240958,0.0809508968260977,2.5139125201539856,0.46224477735255964,0.0,0.5377552226474404,0.6203517988453079,-0.970441003340436,2.832125915266367
2022_08_CHI_DAL,2022,8,DAL,CHI,20,10.5,10.5,43.0,12.8037112419384,0.023307769755320118,3.7589685081043087,0.5,0.0,0.5,0.6931471805599453,0,12.680278175665794,0.023406450993324168,3.754743611136796,0.5,0.0,0.5,0.6931471805599453,13.501507529358612,0.020243735846877317,3.8999098741803,0.445227620013285,0.0,0.554772379986715,0.8091696219424866,13.019272074360575,0.020539173361299172,3.8854213206032164,0.4439345157175204,0.0,0.5560654842824796,0.8120782145499092,0.12645281249890772,6.5163641939013655
2022_08_CIN_CLE,2022,8,CLE,CIN,19,-3.0,-3.0,45.0,12.8037112419384,0.0072159113473557746,4.9314667818632785,0.48455415404407626,0.03089169191184743,0.48455415404407626,0.7245260808446694,0,12.841050283680808,0.007253157662208576,4.926318365320425,0.48459904379393115,0.0308019124121377,0.48459904379393115,0.7244334437879334,13.501507529358612,0.0068076370587726856,4.989710200123231,0.47169738200371053,0.08070188439944055,0.44760073359684893,0.7514176388372562,13.706608590637401,0.006962481898973105,4.967219273520537,0.47222051567089707,0.08008307779111713,0.44769640653798587,0.7503092082798184,0.03575249165725847,14.901669096784016
2022_08_DEN_JAX,2022,8,JAX,DEN,-4,1.0,1.0,41.0,12.8037112419384,0.02855809434158485,3.5558148684713715,0.48455415404407626,0.03089169191184743,0.48455415404407626,0.7245260808446694,2,12.806510878540005,0.028552831932410705,3.555999155770926,0.4845575288941523,0.0308849422116953,0.4845575288941523,0.7245191160125752,13.501507529358612,0.023538144129126474,3.749133019292526,0.4995068214476149,0.025261511010248146,0.47523166754213697,0.7439528727034531,13.810344300243065,0.023108531572943253,3.7675533974786783,0.49944446768636364,0.024723270776425686,0.4758322615372107,0.7426898785838217,0.21173852900730683,3.6266946412841397
2022_08_GB_BUF,2022,8,BUF,GB,10,10.5,10.5,47.0,12.8037112419384,0.030867376132099444,3.478055441421026,0.5,0.0,0.5,0.6931471805599453,2,12.745333842233636,0.031008459035732794,3.473495239599404,0.5,0.0,0.5,0.6931471805599453,13.501507529358612,0.026068216301431635,3.6470384729619707,0.445227620013285,0.0,0.554772379986715,0.589197375510497,13.08746446266499,0.02681934756692112,3.6186317277883613,0.4440364194309656,0.0,0.5559635805690344,0.587052489450621,0.14057628636733543,3.0864155259791346
2022_08_LV_NO,2022,8,NO,LV,24,-1.0,-1.0,48.5,12.8037112419384,0.004840779569156295,5.330679503216157,0.48455415404407626,0.03089169191184743,0.48455415404407626,0.7245260808446694,0,12.930885025070848,0.00496002936784512,5.306343617326314,0.4847059835799795,0.03058803284004097,0.4847059835799795,0.7242127912926668,13.501507529358612,0.004724229224287645,5.355050858477999,0.475231667542137,0.02526151101024815,0.49950682144761477,0.743952872703453,13.94728019484311,0.005066770259767289,5.285051694000331,0.47607315147233464,0.024509043937949497,0.49941780458971585,0.7421837569944832,-0.04562780921582554,17.813570605470915
2022_08_MIA_DET,2022,8,DET,MIA,-4,-3.5,-3.5,52.0,12.8037112419384,0.030867376132099444,3.478055441421026,0.5,0.0,0.5,0.6931471805599453,2,12.939693361533404,0.030543663767236662,3.488598020203761,0.5,0.0,0.5,0.6931471805599453,13.501507529358612,0.025336433110209302,3.6755118752357174,0.5389528890024899,0.0,0.46104711099751,0.7742550481536759,13.778617560252123,0.024844235429894123,3.6951295280019285,0.5389405543783428,0.0,0.46105944562165724,0.7742282950109736,0.21707408658090266,2.939648538130695
2022_08_NE_NYJ,2022,8,NYJ,NE,-5,-3.0,-3.0,40.0,12.8037112419384,0.030505073980516384,3.4898622491881337,0.48455415404407626,0.03089169191184743,0.48455415404407626,0.7245260808446694,2,12.754329410247943,0.030620131061459943,3.4860976085050663,0.4844943828669665,0.031011234266066945,0.4844943828669665,0.7246494413883551,13.501507529358612,0.025042472976278884,3.6871819765932874,0.47169738200371053,0.08070188439944055,0.44760073359684893,0.8038536635893897,13.612117235928165,0.024827179795275715,3.69581626644944,0.4719852099641741,0.08057618303062157,0.4474386070052043,0.8042159417286026,0.20595401726130635,3.090994384895952
2022_08_NYG_SEA,2022,8,SEA,NYG,14,3.0,3.0,44.5,12.8037112419384,0.02119917011166106,3.8537932437467473,0.48455415404407626,0.03089169191184743,0.48455415404407626,0.7245260808446694,0,12.832798393674363,0.021186784257356428,3.8543776757757797,0.4845891456737771,0.030821708652445823,0.4845891456737771,0.7244538693776423,13.501507529358612,0.01804483034892769,4.014896042487264,0.44760073359684877,0.08070188439944054,0.4716973820037107,0.8038536635893901,13.697616728878073,0.017957681095566055,4.019737339390346,0.4476719686965658,0.08012973207465214,0.47219829922878215,0.8036945274967005,0.1659440956435989,6.980736327070395
2022_08_PIT_PHI,2022,8,PHI,PIT,22,11.0,11.0,43.0,12.8037112419384,0.02119917011166106,3.8537932437467473,0.48455415404407626,0.03089169191184743,0.48455415404407626,0.7245260808446694,0,12.671841281830085,0.02125374474739894,3.8512221757302227,0.48439350204027826,0.03121299591944343,0.48439350204027826,0.724857681843467,13.501507529358612,0.01863708895260648,3.982601653991287,0.43338303919634297,0.02615904148511623,0.5404579193185408,0.8361333249411157,12.977004560525867,0.018809260753925812,3.9734059371365564,0.4316487755752453,0.027139984354274352,0.5412112400704804,0.8401430409193736,0.11961269338980918,7.439943101505425
2022_08_SF_LA,2022,8,LA,SF,-17,-1.0,-1.0,42.0,12.8037112419384,0.014074736895661827,4.263373798156903,0.48455415404407626,0.03089169191184743,0.48455415404407626,0.7245260808446694,2,12.824277948269856,0.014086723844011176,4.2625224965014885,0.4845789120659879,0.03084217586802418,0.4845789120659879,0.7244749877125025,13.501507529358612,0.012435001122842036,4.3872401114298665,0.475231667542137,0.02526151101024815,0.49950682144761477,0.6941340244349974,13.829904145422631,0.012556780492934159,4.3774944809806815,0.47586698570734015,0.02469243415627002,0.4994405801363898,0.6942666466555808,0.11412068282377863,10.30220528648038
2022_08_TEN_HOU,2022,8,HOU,TEN,-7,-1.0,-1.0,39.0,12.8037112419384,0.027591433647957797,3.5902499295093375,0.48455415404407626,0.03089169191184743,0.48455415404407626,0.7245260808446694,2,12.769716821070089,0.02764825808410709,3.5881925517647693,0.48451305714645887,0.03097388570708226,0.48451305714645887,0.7246108982797604,13.501507529358612,0.049206034917524746,3.011739002080811,0.475231667542137,0.02526151101024815,0.49950682144761477,0.6941340244349974,13.769839362121404,0.04869468875012765,3.022185315413457,0.4757600147637187,0.024787381665877316,0.499452603570404,0.6942425731425949,-0.5680646140958805,4.114062888049364
2022_08_WAS_IND,2022,8,IND,WAS,-1,3.0,3.0,40.5,12.8037112419384,0.02937580867045414,3.5275837776897863,0.48455415404407626,0.03089169191184743,0.48455415404407626,0.7245260808446694,2,12.763448122645325,0.02945908034534417,3.5247530854972315,0.4845054548370541,0.03098909032589181,0.4845054548370541,0.7246265890210847,13.501507529358612,0.024206985560386498,3.721114027953537,0.44760073359684877,0.08070188439944054,0.4716973820037107,0.7514176388372559,13.622052386372632,0.023998045085629225,3.72978290671726,0.4474658165230977,0.080524039678425,0.4720101437984773,0.7507548025290433,0.20219912902747383,3.3152867498266474
2022_09_BAL_NO,2022,9,NO,BAL,-14,-1.0,-1.0,46.0,12.8037112419384,0.018303487171776933,4.000663681453414,0.48455415404407626,0.03089169191184743,0.48455415404407626,0.7245260808446694,2,12.891573690798145,0.018306305715758503,4.0005097038553545,0.484659370402014,0.030681259195971977,0.484659370402014,0.7243089638612653,13.501507529358612,0.015764663971080423,4.149984301081899,0.475231667542137,0.02526151101024815,0.49950682144761477,0.6941340244349974,13.903995445271166,0.015749079486525687,4.150973360718444,0.47599756128411086,0.02457634436187697,0.4994260943540122,0.6942956510918055,0.15030967926503003,8.08306243669802
2022_09_BUF_NYJ,2022,9,NYJ,BUF,3,-11.0,-11.0,46.0,12.8037112419384,0.01686235868957342,4.082671437642106,0.48455415404407626,0.03089169191184743,0.48455415404407626,0.7245260808446694,0,12.72110410860843,0.016841113909335625,4.083932125720416,0.4844539064202039,0.031092187159592166,0.4844539064202039,0.7247329885646773,13.501507529358612,0.04830452390921411,3.0302300599930403,0.5404579193185407,0.02615904148511623,0.433383039196343,0.6153385000335718,13.028508600238599,0.04833857029627753,3.0295254801417473,0.54119642480265,0.027036782292866112,0.43176679290448394,0.6139729887630337,-1.0531459575003588,7.550920367137776
2022_09_CAR_CIN,2022,9,CIN,CAR,21,7.0,7.0,43.0,12.8037112419384,0.01686235868957342,4.082671437642106,0.48455415404407626,0.03089169191184743,0.48455415404407626,0.7245260808446694,0,12.739493925740963,0.016845993533088577,4.083642422973131,0.4844763357300462,0.031047328539907548,0.4844763357300462,0.7246866915066011,13.501507529358612,0.01486204241025044,4.208944805647753,0.42486379581303063,0.0552973058285358,0.5198388983584336,0.8559866418624789,13.319024641209756,0.014806294488167003,4.212702885373335,0.42359193206266776,0.05616720447463953,0.5202408634626927,0.8589847115583905,0.13003144773122877,9.37033276268496
2022_09_GB_DET,2022,9,DET,GB,6,-4.0,-4.0,49.5,12.8037112419384,0.022615999629919004,3.789097674954528,0.48455415404407626,0.03089169191184743,0.48455415404407626,0.7245260808446694,0,12.894480388963329,0.02255431192309909,3.791829015210963,0.4846628267250047,0.030674346549990572,0.4846628267250047,0.7243018324389148,13.501507529358612,0.019171545524343934,3.954328103142861,0.5254433725941674,0.025384921919100523,0.4491717054867321,0.6435128535692433,13.694198780878553,0.0190486449621935,3.9607593105328447,0.5257804785800267,0.025026917184172905,0.44919260423580026,0.6428714944580735,0.17166163557831648,5.582888592994237
2022_09_IND_NE,2022,9,NE,IND,23,5.0,5.0,40.0,12.8037112419384,0.011497134146010168,4.46565747936435,0.48455415404407626,0.03089169191184743,0.48455415404407626,0.7245260808446694,0,12.720418616172294,0.011427830993762877,4.471703583508153,0.4844530691002897,0.031093861799420586,0.4844530691002897,0.72473471694508,13.501507529358612,0.010436308655965745,4.562464336065511,0.45086251006446887,0.025457371581400406,0.5236801183541308,0.7965928416902989,13.436207379351488,0.010377979584454518,4.568069065233117,0.4502822429114447,0.025529578609388624,0.5241881784791667,0.7978806863596659,0.10241158586876686,12.378368078883913
2022_09_LAC_ATL,2022,9,ATL,LAC,-3,-2.5,-2.5,49.5,12.8037112419384,0.030867376132099444,3.478055441421026,0.5,0.0,0.5,0.6931471805599453,2,12.920252920570407,0.030589526582793236,3.487097597147215,0.5,0.0,0.5,0.6931471805599453,13.501507529358612,0.08057259931182895,2.5185966461789957,0.48519533280389227,0.0,0.5148046671961077,0.6639677372637565,13.828445569343913,0.0793350035832604,2.5340758406298862,0.48568732312362406,0.0,0.5143126768763759,0.6649238777078899,-0.9439796007911396,2.891257251476544
2022_09_LA_TB,2022,9,TB,LA,3,3.0,3.0,43.0,12.8037112419384,0.03089169191184743,3.477268001397251,0.48455415404407626,0.03089169191184743,0.48455415404407626,3.477268001397251,1,12.807507754749281,0.030882539534678732,3.477564318389671,0.48455873023266066,0.030882539534678732,0.48455873023266066,3.477564318389671,13.501507529358612,0.08070188439944054,2.516993353304253,0.44760073359684877,0.08070188439944054,0.4716973820037107,2.516993353304253,13.670058954341929,0.08027306783972736,2.5223211085615374,0.447596949308079,0.08027306783972736,0.47212998285219365,2.5223211085615374,-0.9549468928357134,2.8427649408430526
2022_09_LV_JAX,2022,9,JAX,LV,7,-2.5,-2.5,47.5,12.8037112419384,0.023307769755320118,3.7589685081043087,0.5,0.0,0.5,0.6931471805599453,0,12.889632111385522,0.023238484168701112,3.7619455742245953,0.5,0.0,0.5,0.6931471805599453,13.501507529358612,0.04234322460053004,3.161946856503004,0.48519533280389227,0.0,0.5148046671961077,0.7232037210766176,13.794989269813259,0.042113219286869494,3.167393590267826,0.485637933713126,0.0,0.514362066286874,0.7222919250861785,-0.5915749178364829,5.443685158947237
2022_09_MIA_CHI,2022,9,CHI,MIA,-3,-4.0,-4.0,46.0,12.8037112419384,0.03079455095296746,3.4804175217657325,0.48455415404407626,0.03089169191184743,0.48455415404407626,0.7245260808446694,0,12.840194338094925,0.030707647981997988,3.4832435354794162,0.4845980176803912,0.030803964639217585,0.4845980176803912,0.7244355612387198,13.501507529358612,0.08065527651310592,2.5175710517140075,0.5254433725941674,0.025384921919100523,0.4491717054867321,0.6435128535692433,13.63534537972408,0.08041005577535221,2.520616038785307,0.5258281622213983,0.025123318341020762,0.44904851943758095,0.6427808074105271,-0.9598014829804256,2.8400272016758352
2022_09_MIN_WAS,2022,9,WAS,MIN,-3,-3.0,-3.0,43.5,12.8037112419384,0.03089169191184743,3.477268001397251,0.48455415404407626,0.03089169191184743,0.48455415404407626,3.477268001397251,1,12.81602911203655,0.030862016549623006,3.4782290890873018,0.48456899172518847,0.030862016549623006,0.48456899172518847,3.4782290890873018,13.501507529358612,0.08070188439944055,2.516993353304253,0.47169738200371053,0.08070188439944055,0.44760073359684893,2.516993353304253,13.67934406723401,0.080224713901655,2.522923658191952,0.4721530394710851,0.080224713901655,0.44762224662725986,2.522923658191952,-0.9543443432052987,2.844702325605981
2022_09_PHI_HOU,2022,9,HOU,PHI,-12,-14.0,-14.0,45.5,12.8037112419384,0.030505073980516384,3.4898622491881337,0.48455415404407626,0.03089169191184743,0.48455415404407626,0.7245260808446694,0,12.662439852368717,0.03083652250221114,3.4790554959764948,0.48438192096739874,0.031236158065202524,0.48438192096739874,0.7248815905277813,13.501507529358612,0.026323694312504427,3.637285820957421,0.5322975589290474,0.026623563048942776,0.44107887802200985,0.6305526247071448,12.768575793421245,0.027761521071639664,3.584104351197688,0.5321276944019743,0.02811531692016852,0.4397569886778571,0.6308717913710012,0.09424210200955452,3.125426137949415
2022_09_SEA_ARI,2022,9,ARI,SEA,-10,1.5,1.5,49.5,12.8037112419384,0.020479294194013536,3.888340942587632,0.5,0.0,0.5,0.6931471805599453,2,12.937463219860433,0.02043746836870175,3.8903853780346456,0.5,0.0,0.5,0.6931471805599453,13.501507529358612,0.0174528603438706,4.048251727212362,0.513050881906135,0.0,0.48694911809386504,0.7195956416580658,13.918673771382375,0.017333726174100016,4.055101185435256,0.5125488232745348,0.0,0.4874511767254653,0.7185651438663498,0.16676024284762425,6.784547504825847
2022_09_TEN_KC,2022,9,KC,TEN,3,14.0,14.0,45.0,12.8037112419384,0.021199170111661086,3.853793243746746,0.48455415404407626,0.03089169191184743,0.48455415404407626,0.7245260808446694,2,12.654392626739178,0.021260766181213447,3.8508918680905495,0.4843719944017635,0.03125601119647303,0.4843719944017635,0.724902083999814,13.501507529358612,0.06043792594388228,2.806138458118054,0.44107887802200985,0.026623563048942783,0.5322975589290474,0.6305526247071448,12.76029183328468,0.06180742164178001,2.7837318304379353,0.4397477257398874,0.02813355063339609,0.5321187236267165,0.6308886498261597,-1.0700614133088107,5.609219306605133
2022_10_ARI_LA,2022,10,LA,ARI,-10,3.5,3.5,38.0,12.8037112419384,0.017580544910170526,4.040962391177571,0.5,0.0,0.5,0.6931471805599453,2,12.708285501798956,0.017565416251012794,4.041823295793196,0.5,0.0,0.5,0.6931471805599453,13.501507529358612,0.015257509563717535,4.1826834667250745,0.46104711099751006,0.0,0.5389528890024899,0.6181271163412019,13.527111831048822,0.015236696663200325,4.184048506601444,0.4606129070813868,0.0,0.5393870929186132,0.617321797152691,0.1430861154238734,7.90951506895859
2022_10_ATL_CAR,2022,10,CAR,ATL,10,-2.5,-2.5,41.5,12.8037112419384,0.01902908628803901,3.9617866131179733,0.5,0.0,0.5,0.6931471805599453,0,12.789881384207654,0.01903001061684495,3.9617380397738167,0.5,0.0,0.5,0.6931471805599453,13.501507529358612,0.016355619413553762,4.113183745669899,0.48519533280389227,0.0,0.5148046671961077,0.7232037210766176,13.686013136093612,0.016321662213708406,4.115262083302499,0.48547472592427665,0.0,0.5145252740757233,0.7226280504342856,0.15347547018452534,7.327781752349335
2022_10_CLE_MIA,2022,10,MIA,CLE,22,3.0,3.0,49.0,12.8037112419384,0.010310158021987204,4.5746256540108625,0.48455415404407626,0.03089169191184743,0.48455415404407626,0.7245260808446694,0,12.904117013275801,0.010399369582413831,4.5660100917476925,0.48467427439978006,0.030651451200439883,0.48467427439978006,0.7242782128441163,13.501507529358612,0.009407807936651236,4.666215302931017,0.44760073359684877,0.08070188439944054,0.4716973820037107,0.8038536635893901,13.775334680188815,0.00958247901154687,4.64781895100188,0.4478825354062258,0.07972834651283656,0.4723891180809377,0.8032242787009529,0.0731932969910174,12.962985933183154
2022_10_DAL_GB,2022,10,GB,DAL,3,-3.5,-3.5,44.5,12.8037112419384,0.027057763357987374,3.6097813145710713,0.5,0.0,0.5,0.6931471805599453,0,12.824260019660594,0.027025840497329146,3.6109618152067493,0.5,0.0,0.5,0.6931471805599453,13.501507529358612,0.07170676698451608,2.6351701566875096,0.5389528890024899,0.0,0.46104711099751,0.6181271163412019,13.653146945830013,0.07159045353617728,2.6367935444051556,0.5391625061673464,0.0,0.46083749383265354,0.6177382578415701,-0.9729877701659158,3.9447544665436185
2022_10_DEN_TEN,2022,10,TEN,DEN,7,2.5,2.5,40.0,12.8037112419384,0.028986602840732845,3.5409215267463576,0.5,0.0,0.5,0.6931471805599453,0,12.762821224561796,0.029067576317694743,3.538131941891467,0.5,0.0,0.5,0.6931471805599453,13.501507529358612,0.05152818509165695,2.965626337684207,0.5148046671961075,0.0,0.4851953328038925,0.6639677372637568,13.656453380753103,0.05122983400015423,2.9714332213221586,0.5145701698188712,0.0,0.4854298301811288,0.6644233485199496,-0.569488305424199,3.676633080807914
2022_10_DET_CHI,2022,10,CHI,DET,-1,3.0,3.0,48.5,12.8037112419384,0.02937580867045414,3.5275837776897863,0.48455415404407626,0.03089169191184743,0.48455415404407626,0.7245260808446694,2,12.896504810698406,0.029185555461715917,3.5340813680690557,0.48466523302303277,0.030669533953934458,0.48466523302303277,0.7242968675604016,13.501507529358612,0.024206985560386498,3.721114027953537,0.44760073359684877,0.08070188439944054,0.4716973820037107,0.7514176388372559,13.767039015885743,0.02379573475511319,3.738248926335126,0.4478601296447618,0.07977099159686045,0.4723688787583778,0.7499950758333275,0.2106651486453397,3.3402907800471193
2022_10_HOU_NYG,2022,10,NYG,HOU,8,5.5,5.5,41.5,12.8037112419384,0.030289867626474787,3.496942024158061,0.5,0.0,0.5,0.6931471805599453,0,12.738907326080009,0.030437771963761184,3.492070943024875,0.5,0.0,0.5,0.6931471805599453,13.501507529358612,0.025051846240317373,3.686807751958859,0.4644956440830794,0.0,0.5355043559169206,0.7668030984189754,13.42157487871916,0.02514322158072684,3.6831669384163463,0.4639532813404392,0.0,0.5360467186595608,0.7679714185914293,0.18622491425828525,3.3141471100088076
2022_10_IND_LV,2022,10,LV,IND,-5,4.5,4.5,41.0,12.8037112419384,0.02330776975532009,3.75896850810431,0.5,0.0,0.5,0.6931471805599453,2,12.74698362008382,0.023353252248846157,3.7570190219603212,0.5,0.0,0.5,0.6931471805599453,13.501507529358612,0.019725820144137155,3.925826834197612,0.462713106486631,0.0,0.537286893513369,0.6212230747826086,13.49953429240958,0.01969656024029388,3.9273112655754683,0.46224477735255964,0.0,0.5377552226474404,0.6203517988453079,0.16834275747115823,5.2589096302721225
2022_10_JAX_KC,2022,10,KC,JAX,10,10.0,10.0,51.5,12.8037112419384,0.03089169191184743,3.477268001397251,0.48455415404407626,0.03089169191184743,0.48455415404407626,3.477268001397251,1,12.82108677200627,0.030849848484314935,3.4786234400102263,0.48457507575784253,0.030849848484314935,0.48457507575784253,3.4786234400102263,13.501507529358612,0.026016280518163855,3.6490327631501196,0.43101788442675304,0.026016280518163855,0.5429658350550831,3.6490327631501196,13.200792457725035,0.026543443646996415,3.6289725054057387,0.4296662882417532,0.026543443646996415,0.5437902681112504,3.6289725054057387,0.1517045040084879,3.1318194293546844
2022_10_LAC_SF,2022,10,SF,LAC,6,8.5,8.5,45.5,12.8037112419384,0.030289867626474787,3.496942024158061,0.5,0.0,0.5,0.6931471805599453,2,12.755486168717736,0.030399799238338854,3.493319274593779,0.5,0.0,0.5,0.6931471805599453,13.501507529358612,0.025365760343541034,3.674355032322041,0.4406522497429306,0.0,0.5593477502570694,0.5809839057638465,13.233574323390808,0.025789556298253257,3.6577856636473793,0.43944552674826287,0.0,0.5605544732517371,0.5788288543024547,0.16084363948931824,2.9625069277002183
2022_10_MIN_BUF,2022,10,BUF,MIN,-3,6.5,6.5,47.0,12.8037112419384,0.02330776975532009,3.75896850810431,0.5,0.0,0.5,0.6931471805599453,2,12.813378849488442,0.02329999730015439,3.759302034283691,0.5,0.0,0.5,0.6931471805599453,13.501507529358612,0.06328182952652144,2.7601570443331895,0.46637226000321186,0.0,0.5336277399967881,0.628056799231247,13.432395808769634,0.06378197111934975,2.752284712902081,0.46588270755072714,0.0,0.5341172924492729,0.6271398153597941,-1.0066837952022292,5.073087824887747
2022_10_NO_PIT,2022,10,PIT,NO,10,1.0,1.0,39.5,12.8037112419384,0.023984913606014735,3.7303302460352334,0.48455415404407626,0.03089169191184743,0.48455415404407626,0.7245260808446694,0,12.779079230335752,0.024007869764589906,3.7293735955259826,0.48452439744952613,0.030951205100947732,0.48452439744952613,0.7245874929861591,13.501507529358612,0.020115742053422616,3.9062525837103594,0.4995068214476149,0.025261511010248146,0.47523166754213697,0.6941340244349972,13.780145790504383,0.0199044995167626,3.9168094664399034,0.4994505224087528,0.024771036158719614,0.47577844143252757,0.6942467400364548,0.1864792204046699,5.585466940622577
2022_10_SEA_TB,2022,10,TB,SEA,5,2.5,2.5,45.0,12.8037112419384,0.030289867626474787,3.496942024158061,0.5,0.0,0.5,0.6931471805599453,0,12.849599836628393,0.030185981493039415,3.5003776513425704,0.5,0.0,0.5,0.6931471805599453,13.501507529358612,0.024861248018845202,3.694444992275284,0.5148046671961075,0.0,0.4851953328038925,0.6639677372637568,13.751252504071328,0.024437858680516306,3.7116217638806828,0.5144271364794875,0.0,0.4855728635205125,0.6647013537964055,0.21467973972262167,3.185881230067445
2022_10_WAS_PHI,2022,10,PHI,WAS,-11,11.0,11.0,43.0,12.8037112419384,0.0072159113473557815,4.931466781863278,0.48455415404407626,0.03089169191184743,0.48455415404407626,0.7245260808446694,2,12.671841281830085,0.007082570179097157,4.950118417505707,0.48439350204027826,0.03121299591944343,0.48439350204027826,0.724857681843467,13.501507529358612,0.007031073995602613,4.95741581162726,0.43338303919634297,0.02615904148511623,0.5404579193185408,0.6153385000335717,12.977004560525867,0.006577537513802938,5.024094841713306,0.4316487755752453,0.027139984354274352,0.5412112400704804,0.6139456141087105,0.09262805985002842,14.163616095302054
2022_11_CAR_BAL,2022,11,BAL,CAR,10,13.0,13.0,42.0,12.8037112419384,0.030029030012069746,3.5055906981389526,0.48455415404407626,0.03089169191184743,0.48455415404407626,0.7245260808446694,2,12.621052342169575,0.030438287769758043,3.4920539969216247,0.48433073310989244,0.03133853378021506,0.48433073310989244,0.7249872727594286,13.501507529358612,0.0257985724812173,3.6574361187707125,0.4384390464878753,0.026464222566345213,0.5350967309457795,0.6253077429233462,12.791611907781293,0.027098186886028303,3.608288457909294,0.43685873914535545,0.027878144848015998,0.5352631160066286,0.6249968473630111,0.10269775977034135,3.1310784374687817
2022_11_CHI_ATL,2022,11,ATL,CHI,3,3.0,3.0,48.5,12.8037112419384,0.03089169191184743,3.477268001397251,0.48455415404407626,0.03089169191184743,0.48455415404407626,3.477268001397251,1,12.896504810698406,0.030669533953934458,3.484485496474056,0.48466523302303277,0.030669533953934458,0.48466523302303277,3.484485496474056,13.501507529358612,0.08070188439944054,2.516993353304253,0.44760073359684877,0.08070188439944054,0.4716973820037107,2.516993353304253,13.767039015885743,0.07977099159686045,2.528595354437344,0.4478601296447618,0.07977099159686045,0.4723688787583778,2.528595354437344,-0.9486726469599067,2.863006076951561
2022_11_CIN_PIT,2022,11,PIT,CIN,-7,-3.5,-3.5,39.0,12.8037112419384,0.029723846363781115,3.5158056474601596,0.5,0.0,0.5,0.6931471805599453,2,12.727291303068894,0.02988837474391126,3.510285678741046,0.5,0.0,0.5,0.6931471805599453,13.501507529358612,0.05280842625135087,2.9410845129089798,0.5389528890024899,0.0,0.46104711099751,0.7742550481536759,13.547764715440147,0.052819890951090936,2.9408674366535075,0.5393501789983071,0.0,0.460649821001693,0.7751171320049487,-0.5749382108066521,3.429443260618493
2022_11_CLE_BUF,2022,11,BUF,CLE,8,7.5,7.5,50.5,12.8037112419384,0.030867376132099444,3.478055441421026,0.5,0.0,0.5,0.6931471805599453,0,12.849321214158964,0.03075803801024224,3.481603920181235,0.5,0.0,0.5,0.6931471805599453,13.501507529358612,0.025681630152417385,3.6619793227196062,0.43862498832320507,0.0,0.5613750116767949,0.8241104717001203,13.401736405794919,0.02582052151062475,3.656585695834822,0.4377445294681531,0.0,0.5622554705318469,0.8261198048259522,0.1785302544137961,3.0684019880993043
2022_11_DAL_MIN,2022,11,MIN,DAL,-37,-1.5,-1.5,48.5,12.8037112419384,0.0009011503606397488,7.011838432326074,0.5,0.0,0.5,0.6931471805599453,2,12.92228138856959,0.0009460346090405915,6.963231404972092,0.5,0.0,0.5,0.6931471805599453,13.501507529358612,0.001016711699532,6.891181683390265,0.486949118093865,0.0,0.513050881906135,0.6673802537276621,13.901999870780053,0.0011674218981984343,6.752957467276944,0.4874322392110594,0.0,0.5125677607889406,0.6683223605358191,-0.25888096504912994,28.246454046012115
2022_11_DET_NYG,2022,11,NYG,DET,-13,3.0,3.0,44.0,12.8037112419384,0.014074736895661827,4.263373798156903,0.48455415404407626,0.03089169191184743,0.48455415404407626,0.7245260808446694,2,12.824458653018416,0.014086828657755165,4.262515055924445,0.4845791292451452,0.030841741509709697,0.4845791292451452,0.7244745395314051,13.501507529358612,0.012467605632909067,4.384621547918243,0.44760073359684877,0.08070188439944054,0.4716973820037107,0.7514176388372559,13.688529261231315,0.012530349202178192,4.3796016411745375,0.4476472508709059,0.08017693978863254,0.4721758093404616,0.7504038853328413,0.11622784301763467,9.833489427475966
2022_11_KC_LAC,2022,11,LAC,KC,-3,-5.5,-5.5,52.5,12.8037112419384,0.030289867626474787,3.496942024158061,0.5,0.0,0.5,0.6931471805599453,0,12.912396711554837,0.03004494127093693,3.5050609759015368,0.5,0.0,0.5,0.6931471805599453,13.501507529358612,0.07982278226526791,2.5279463232255095,0.5355043559169206,0.0,0.4644956440830794,0.6245462548287789,13.608202226702675,0.07973656495146758,2.529027016067331,0.5358287577512018,0.0,0.4641712422487982,0.6239406507639794,-0.96791500809073,2.932425696314945
2022_11_LA_NO,2022,11,NO,LA,7,2.5,2.5,39.5,12.8037112419384,0.028986602840732845,3.5409215267463576,0.5,0.0,0.5,0.6931471805599453,0,12.753588303385797,0.029085916773950893,3.537501181609008,0.5,0.0,0.5,0.6931471805599453,13.501507529358612,0.05152818509165695,2.965626337684207,0.5148046671961075,0.0,0.4851953328038925,0.6639677372637568,13.646367897126346,0.05125911689409369,2.970861786167817,0.5145855497370966,0.0,0.48541445026290336,0.664393460101833,-0.5700597405785408,3.675028975496501
2022_11_LV_DEN,2022,11,DEN,LV,-6,2.5,2.5,41.5,12.8037112419384,0.024644752924719876,3.7031912642465303,0.5,0.0,0.5,0.6931471805599453,2,12.789881384207654,0.02465942422116829,3.7025961302140513,0.5,0.0,0.5,0.6931471805599453,13.501507529358612,0.020649094121600882,3.88008382874068,0.5148046671961075,0.0,0.4851953328038925,0.7232037210766171,13.686013136093612,0.020480586702720287,3.8882778316274007,0.5145252740757231,0.0,0.4854747259242768,0.7226280504342852,0.18508656738087037,4.929636703395007
2022_11_NYJ_NE,2022,11,NE,NYJ,7,3.5,3.5,38.5,12.8037112419384,0.029723846363781115,3.5158056474601596,0.5,0.0,0.5,0.6931471805599453,0,12.717846561112257,0.029908829105509294,3.5096015543646857,0.5,0.0,0.5,0.6931471805599453,13.501507529358612,0.05280842625135088,2.9410845129089798,0.46104711099751006,0.0,0.5389528890024899,0.7742550481536757,13.537501391570826,0.05285275473945321,2.940245444288179,0.460631482316038,0.0,0.539368517683962,0.7751569432669191,-0.5755602031719804,3.4276423543169345
2022_11_PHI_IND,2022,11,IND,PHI,-1,-6.5,-6.5,45.5,12.8037112419384,0.02809231249798727,3.57225931665542,0.5,0.0,0.5,0.6931471805599453,0,12.789490447810584,0.028117610250360858,3.5713591996353387,0.5,0.0,0.5,0.6931471805599453,13.501507529358612,0.023496676597043718,3.750896289235368,0.5336277399967881,0.0,0.4663722600032118,0.628056799231247,13.406831262309597,0.02358462182252712,3.74716039703518,0.5341386089228837,0.0,0.46586139107711627,0.6270999064323803,0.17490108037975993,3.5569845344505797
2022_11_SF_ARI,2022,11,ARI,SF,-28,-10.0,-10.0,43.5,12.8037112419384,0.011497134146010168,4.46565747936435,0.48455415404407626,0.03089169191184743,0.48455415404407626,0.7245260808446694,2,12.697163010179365,0.01140815954699069,4.473426429872344,0.48442460916739716,0.031150781665205685,0.48442460916739716,0.7247934651927465,13.501507529358612,0.010665434673786913,4.5407471708535585,0.5429658350550833,0.026016280518163855,0.4310178844267528,0.8416056945496091,13.070549139928538,0.010366007528151904,4.569223332979896,0.5438855571600829,0.026794444114403678,0.4293199987255134,0.8455527203374302,0.10356585361554593,12.679494477320599
2022_11_TEN_GB,2022,11,GB,TEN,-10,3.0,3.0,40.5,12.8037112419384,0.018303487171776933,4.000663681453414,0.48455415404407626,0.03089169191184743,0.48455415404407626,0.7245260808446694,2,12.763448122645325,0.018301618197513192,4.0007657969505015,0.4845054548370541,0.03098909032589181,0.4845054548370541,0.7246265890210847,13.501507529358612,0.015805998840299235,4.147365737570277,0.44760073359684877,0.08070188439944054,0.4716973820037107,0.7514176388372559,13.622052386372632,0.015785723809014652,4.148649303793829,0.4474658165230977,0.080524039678425,0.4720101437984773,0.7507548025290433,0.147985622340415,7.612697200147203
2022_11_WAS_HOU,2022,11,HOU,WAS,-13,-3.0,-3.0,41.0,12.8037112419384,0.02261599962991903,3.7890976749545273,0.48455415404407626,0.03089169191184743,0.48455415404407626,0.7245260808446694,2,12.772461346082359,0.022637060807551013,3.788166857062918,0.48451638319834656,0.030967233603306887,0.48451638319834656,0.7246040335721484,13.501507529358612,0.019128364776365852,3.9565829787253346,0.47169738200371053,0.08070188439944055,0.44760073359684893,0.8038536635893897,13.631872748534846,0.01903657179154458,3.9613933187954946,0.4720347446902915,0.08047256762300126,0.44749268768670725,0.8040950817656323,0.1722956438409673,6.368553976427687
2022_12_ATL_WAS,2022,12,WAS,ATL,6,3.5,3.5,40.5,12.8037112419384,0.030289867626474787,3.496942024158061,0.5,0.0,0.5,0.6931471805599453,0,12.754955891221336,0.030401012369574154,3.4932793694937194,0.5,0.0,0.5,0.6931471805599453,13.501507529358612,0.024909680085649265,3.692498792598656,0.46104711099751006,0.0,0.5389528890024899,0.7742550481536757,13.577827925557184,0.024751146896832908,3.6988834517750924,0.4607034763116862,0.0,0.5392965236883138,0.7750006613520292,0.20194142761703127,3.2062255137468147
2022_12_BAL_JAX,2022,12,JAX,BAL,1,-3.5,-3.5,43.0,12.8037112419384,0.028986602840732845,3.5409215267463576,0.5,0.0,0.5,0.6931471805599453,0,12.798986208003234,0.028995938807795385,3.540599499912839,0.5,0.0,0.5,0.6931471805599453,13.501507529358612,0.02394339544070347,3.732062757635251,0.5389528890024899,0.0,0.46104711099751,0.6181271163412019,13.625678638555158,0.02373655580676042,3.7407389800746293,0.5392113136950919,0.0,0.4607886863049081,0.6176477372319636,0.19981745332827172,3.417899026163911
2022_12_BUF_DET,2022,12,DET,BUF,-3,-10.0,-10.0,54.0,12.8037112419384,0.026493717911452164,3.6308476340383122,0.48455415404407626,0.03089169191184743,0.48455415404407626,0.7245260808446694,0,12.856099584983559,0.02641861243330057,3.63368650082429,0.48461706269864896,0.030765874602702026,0.48461706269864896,0.7243962613585471,13.501507529358612,0.07219655947792189,2.628362886879142,0.5429658350550833,0.026016280518163855,0.4310178844267528,0.6107088798949264,13.237595538126115,0.07359178856259328,2.609221827914554,0.54376271447967,0.02647342282307878,0.42976386269725125,0.609242313901503,-1.0216258061237582,3.8497151788626316
2022_12_CHI_NYJ,2022,12,NYJ,CHI,21,8.5,8.5,36.5,12.8037112419384,0.01902908628803901,3.9617866131179733,0.5,0.0,0.5,0.6931471805599453,0,12.594766445126023,0.01903866578993274,3.961283326132374,0.5,0.0,0.5,0.6931471805599453,13.501507529358612,0.016687525984210166,4.093093785716654,0.4406522497429306,0.0,0.5593477502570694,0.8194992639396161,13.063373512824866,0.01668836311295539,4.0930436220345445,0.43906226957649364,0.0,0.5609377304235064,0.8231140318280955,0.13125700891657122,8.38671875609639
2022_12_CIN_TEN,2022,12,TEN,CIN,-4,-1.0,-1.0,43.0,12.8037112419384,0.030029030012069746,3.5055906981389526,0.48455415404407626,0.03089169191184743,0.48455415404407626,0.7245260808446694,2,12.841650715857607,0.02994535464108755,3.508381070253938,0.48459976351464457,0.030800472970710813,0.48459976351464457,0.724431958600977,13.501507529358612,0.024626112524149583,3.7039479142988405,0.475231667542137,0.02526151101024815,0.49950682144761477,0.6941340244349974,13.849030448466715,0.024072362321334483,3.7266908882000993,0.4759008377058682,0.024662357786678007,0.4994368045074537,0.6942742064001384,0.22110019006114667,3.218597357468811
2022_12_DEN_CAR,2022,12,CAR,DEN,13,-1.0,-1.0,36.5,12.8037112419384,0.01686235868957342,4.082671437642106,0.48455415404407626,0.03089169191184743,0.48455415404407626,0.7245260808446694,0,12.721138028719778,0.016841122989695978,4.083931586542429,0.48445394785082857,0.031092104298342915,0.48445394785082857,0.7247329030444197,13.501507529358612,0.014639902347353033,4.224004440733989,0.475231667542137,0.02526151101024815,0.49950682144761477,0.743952872703453,13.716364866096042,0.014656687631901403,4.222858554035439,0.4756639275970101,0.02487254897647299,0.4994635234265169,0.7430437085704872,0.14018711639333326,8.572920437008051
2022_12_GB_PHI,2022,12,PHI,GB,7,6.5,6.5,46.0,12.8037112419384,0.030867376132099444,3.478055441421026,0.5,0.0,0.5,0.6931471805599453,0,12.797534668842836,0.030882242598241127,3.4775739334624474,0.5,0.0,0.5,0.6931471805599453,13.501507529358612,0.055146364690393204,2.89776445222054,0.46637226000321186,0.0,0.5336277399967881,0.762771122551696,13.415439800004046,0.05564164757473431,2.8888233010293147,0.46586856064881876,0.0,0.5341314393511812,0.763851743336048,-0.5892321403917111,2.9881080613826185
2022_12_HOU_MIA,2022,12,MIA,HOU,15,14.0,14.0,47.0,12.8037112419384,0.03079455095296746,3.4804175217657325,0.48455415404407626,0.03089169191184743,0.48455415404407626,0.7245260808446694,0,12.686090947042851,0.031078091286005582,3.4712521683027253,0.48441102267318153,0.031177954653636986,0.48441102267318153,0.7248215122499975,13.501507529358612,0.02654825654264711,3.628791200393969,0.44107887802200985,0.026623563048942783,0.5322975589290474,0.8185315578012293,12.792923295281517,0.02797348003430181,3.576498359261068,0.4397842774406125,0.0280618709872767,0.5321538515721108,0.8214709508397158,0.09608083749533547,3.3238587745868027
2022_12_LAC_ARI,2022,12,ARI,LAC,-1,-2.5,-2.5,48.5,12.8037112419384,0.0306735817708097,3.4843535234944216,0.5,0.0,0.5,0.6931471805599453,0,12.905091285190915,0.030436112901309986,3.4921254512086484,0.5,0.0,0.5,0.6931471805599453,13.501507529358612,0.02514434025392995,3.683122447366771,0.48519533280389227,0.0,0.5148046671961077,0.7232037210766176,13.811879757780607,0.0246113238826787,3.7045486215246757,0.4856629096310836,0.0,0.5143370903689164,0.7222404973166378,0.22019509803025406,2.9946621565411813
2022_12_LA_KC,2022,12,KC,LA,16,16.5,16.5,42.0,12.8037112419384,0.030867376132099444,3.478055441421026,0.5,0.0,0.5,0.6931471805599453,2,12.562387132583074,0.03145905930569193,3.4590682830803057,0.5,0.0,0.5,0.6931471805599453,13.501507529358612,0.0270101443236521,3.6115427678504557,0.4613151177809788,0.0,0.5386848822190212,0.6186245131402959,12.503729078010688,0.029185476046970922,3.534084089101833,0.4617032044303764,0.0,0.5382967955696236,0.6193452063037899,0.056028647680807175,3.1378480602436953
2022_12_LV_SEA,2022,12,SEA,LV,-6,4.0,4.0,47.5,12.8037112419384,0.02261599962991903,3.7890976749545273,0.48455415404407626,0.03089169191184743,0.48455415404407626,0.7245260808446694,2,12.863920660298877,0.022575164053725894,3.790904912652297,0.48462641043204496,0.03074717913591002,0.48462641043204496,0.7243769726376933,13.501507529358612,0.01917154552434396,3.95432810314286,0.44917170548673196,0.025384921919100523,0.5254433725941675,0.643512853569243,13.661067275681681,0.01906482436709961,3.959910298036071,0.449111568836047,0.025081091166541055,0.5258073399974119,0.6428204071082269,0.17081262308154388,5.581733715195764
2022_12_NE_MIN,2022,12,MIN,NE,7,2.5,2.5,42.5,12.8037112419384,0.028986602840732845,3.5409215267463576,0.5,0.0,0.5,0.6931471805599453,0,12.807413980170264,0.028979290586232498,3.5411738218152964,0.5,0.0,0.5,0.6931471805599453,13.501507529358612,0.05152818509165695,2.965626337684207,0.5148046671961075,0.0,0.4851953328038925,0.6639677372637568,13.70516594645009,0.051088833004198045,2.974189337861595,0.5144963282940487,0.0,0.48550367170595127,0.6645668601882132,-0.5667321888847625,3.6843909437754085
2022_12_NO_SF,2022,12,SF,NO,13,9.5,9.5,44.0,12.8037112419384,0.029723846363781115,3.5158056474601596,0.5,0.0,0.5,0.6931471805599453,0,12.71397368218677,0.029917224246763574,3.5093209026807126,0.5,0.0,0.5,0.6931471805599453,13.501507529358612,0.025063976939997294,3.6863236453774633,0.44286090738345985,0.0,0.5571390926165402,0.8144995370570457,13.12192633415513,0.02566063304272956,3.662797249688607,0.44155834897890556,0.0,0.5584416510210944,0.8174451069029642,0.14699160222844743,3.8179601062767974
2022_12_NYG_DAL,2022,12,DAL,NYG,8,10.5,10.5,45.5,12.8037112419384,0.030289867626474787,3.496942024158061,0.5,0.0,0.5,0.6931471805599453,2,12.721572299090482,0.03047757596186118,3.4907640801366036,0.5,0.0,0.5,0.6931471805599453,13.501507529358612,0.025629137520960365,3.6640253903249116,0.445227620013285,0.0,0.554772379986715,0.589197375510497,13.062556389819084,0.02638496687368167,3.6349608676234304,0.4439991451857913,0.0,0.5560008548142087,0.5869854472971094,0.1380188434653693,3.0179233541865473
2022_12_PIT_IND,2022,12,IND,PIT,-7,2.5,2.5,40.0,12.8037112419384,0.02330776975532009,3.75896850810431,0.5,0.0,0.5,0.6931471805599453,2,12.762821224561796,0.023340575909044703,3.757561977661876,0.5,0.0,0.5,0.6931471805599453,13.501507529358612,0.042343224600530055,3.1619468565030036,0.5148046671961075,0.0,0.4851953328038925,0.7232037210766171,13.656453380753103,0.04228303098881759,3.163369432072359,0.5145701698188712,0.0,0.4854298301811288,0.7227205327342142,-0.595599076031951,5.437295646851504
2022_12_TB_CLE,2022,12,CLE,TB,6,-3.0,-3.0,42.0,12.8037112419384,0.023984913606014735,3.7303302460352334,0.48455415404407626,0.03089169191184743,0.48455415404407626,0.7245260808446694,0,12.790181177308048,0.02399752584985082,3.7298045435378375,0.4845378232846023,0.030924353430795415,0.4845378232846023,0.7245597840634712,13.501507529358612,0.020168485427372294,3.9036340201987363,0.47169738200371053,0.08070188439944055,0.44760073359684893,0.7514176388372562,13.651179821166206,0.020039205381922554,3.9100646551522895,0.4720829810561874,0.08037157131347171,0.44754544763034093,0.750600501526447,0.17973440911705607,5.135637355210994
2022_13_BUF_NE,2022,13,NE,BUF,-14,-3.5,-3.5,43.5,12.8037112419384,0.02191226016364692,3.8207089739790794,0.5,0.0,0.5,0.6931471805599453,2,12.807501895557884,0.021910179968632537,3.8208039114134014,0.5,0.0,0.5,0.6931471805599453,13.501507529358612,0.018610644256320977,3.984021590102855,0.5389528890024899,0.0,0.46104711099751,0.7742550481536759,13.63493360700941,0.01852975100060096,3.988377676411368,0.5391948601534218,0.0,0.46080513984657817,0.7747800154817208,0.1676687024322887,6.7188744404533285
2022_13_CLE_HOU,2022,13,HOU,CLE,-13,-7.5,-7.5,47.0,12.8037112419384,0.028092312497987215,3.572259316655422,0.5,0.0,0.5,0.6931471805599453,2,12.796333615722858,0.02810543203839788,3.571792410349582,0.5,0.0,0.5,0.6931471805599453,13.501507529358612,0.023594809204452692,3.7467285401067625,0.5613750116767948,0.0,0.4386249883232052,0.82411047170012,13.345319917574725,0.02376730283506165,3.7394444733345873,0.562400487143019,0.0,0.43759951285698095,0.8264511410902938,0.16718515667916511,4.447915853619947
2022_13_DEN_BAL,2022,13,BAL,DEN,1,9.5,9.5,40.5,12.8037112419384,0.024644752924719876,3.7031912642465303,0.5,0.0,0.5,0.6931471805599453,2,12.653488768282264,0.02480404640105427,3.6967484777877297,0.5,0.0,0.5,0.6931471805599453,13.501507529358612,0.02117372734746238,3.854994141904865,0.44286090738345985,0.0,0.5571390926165402,0.5849403527846475,13.05820110566831,0.021519890974693603,3.838777609933097,0.4414382891179913,0.0,0.5585617108820087,0.5823901726073138,0.13558634568656647,4.516470282277418
2022_13_GB_CHI,2022,13,CHI,GB,-9,-4.0,-4.0,45.0,12.8037112419384,0.02855809434158485,3.5558148684713715,0.48455415404407626,0.03089169191184743,0.48455415404407626,0.7245260808446694,2,12.82396823947904,0.02852005593967888,3.55714772201865,0.4845785398297023,0.030842920340595492,0.4845785398297023,0.7244757558772313,13.501507529358612,0.023653135815827054,3.7442595801984284,0.5254433725941674,0.025384921919100523,0.4491717054867321,0.8003500467777384,13.617755107217098,0.023464458142339325,3.7522684221677656,0.5258423853700147,0.025152281387102075,0.4490053332428832,0.8007205132639157,0.19645355369639406,4.0085415393258055
2022_13_IND_DAL,2022,13,DAL,IND,35,11.0,11.0,44.5,12.8037112419384,0.005554718127195546,5.193107599356991,0.48455415404407626,0.03089169191184743,0.48455415404407626,0.7245260808446694,0,12.69686402384294,0.005449958918774311,5.21214720817497,0.4844242425932407,0.031151514813518633,0.4844242425932407,0.7247942219137887,13.501507529358612,0.005543967956674743,5.195044796931811,0.43338303919634297,0.02615904148511623,0.5404579193185408,0.8361333249411157,13.003165191363518,0.005117852581159496,5.275020345653229,0.43170872791843495,0.027087459734850484,0.5412038123467146,0.8400041590702129,0.08191274629623813,18.06017694574031
2022_13_JAX_DET,2022,13,DET,JAX,26,1.0,1.0,51.5,12.8037112419384,0.004840779569156295,5.330679503216157,0.48455415404407626,0.03089169191184743,0.48455415404407626,0.7245260808446694,0,12.975612135227344,0.005001675028802333,5.297982416889471,0.4847586752577015,0.030482649484596946,0.4847586752577015,0.7241040886653074,13.501507529358612,0.004724229224287644,5.355050858477999,0.4995068214476149,0.025261511010248146,0.47523166754213697,0.6941340244349972,13.996531462131133,0.005104498491849081,5.277633070810419,0.4994085243145562,0.02443292796096808,0.47615854772447574,0.6943308321700931,-0.05304643240573803,18.029787725430218
2022_13_KC_CIN,2022,13,CIN,KC,3,-2.5,-2.5,53.0,12.8037112419384,0.02809231249798727,3.57225931665542,0.5,0.0,0.5,0.6931471805599453,0,12.97113663858097,0.027797300447865547,3.582816369192544,0.5,0.0,0.5,0.6931471805599453,13.501507529358612,0.07402548423081577,2.6033458635661537,0.48519533280389227,0.0,0.5148046671961077,0.7232037210766176,13.884044782892287,0.07296444735774339,2.617782978964388,0.4857686701711953,0.0,0.5142313298288047,0.7220227557016264,-0.9544763376910321,3.68547811458843
2022_13_LAC_LV,2022,13,LV,LAC,7,2.5,2.5,49.0,12.8037112419384,0.028986602840732845,3.5409215267463576,0.5,0.0,0.5,0.6931471805599453,0,12.91270855596192,0.02877274449304823,3.5483267117018884,0.5,0.0,0.5,0.6931471805599453,13.501507529358612,0.05152818509165695,2.965626337684207,0.5148046671961075,0.0,0.4851953328038925,0.6639677372637568,13.820202441963657,0.05075868892207581,2.980672465427841,0.514324814833452,0.0,0.4856751851665479,0.6649002776404715,-0.5602490613185167,3.702777309883694
2022_13_MIA_SF,2022,13,SF,MIA,16,4.5,4.5,46.0,12.8037112419384,0.02047929419401362,3.888340942587628,0.5,0.0,0.5,0.6931471805599453,0,12.831651043148268,0.020470800985135984,3.88875575036584,0.5,0.0,0.5,0.6931471805599453,13.501507529358612,0.01755462694604204,4.042437720169023,0.462713106486631,0.0,0.537286893513369,0.7706480573700116,13.591077762749274,0.017508005969034804,4.045097018721698,0.4623806476956577,0.0,0.5376193523043423,0.7713668143690356,0.15675607613407028,7.440468611505897
2022_13_NO_TB,2022,13,TB,NO,1,3.5,3.5,41.0,12.8037112419384,0.030289867626474787,3.496942024158061,0.5,0.0,0.5,0.6931471805599453,2,12.763963117659864,0.03038041911653805,3.493956986105259,0.5,0.0,0.5,0.6931471805599453,13.501507529358612,0.024909680085649217,3.6924987925986583,0.46104711099751006,0.0,0.5389528890024899,0.6181271163412019,13.587616405576435,0.02473590635048671,3.6994993925445643,0.46072092627538697,0.0,0.539279073724613,0.6175220800533727,0.20255736838650318,3.037598602807355
2022_13_NYJ_MIN,2022,13,MIN,NYJ,5,3.0,3.0,44.0,12.8037112419384,0.030505073980516384,3.4898622491881337,0.48455415404407626,0.03089169191184743,0.48455415404407626,0.7245260808446694,0,12.824458653018416,0.030456987600090857,3.491439833316746,0.4845791292451452,0.030841741509709697,0.4845791292451452,0.7244745395314051,13.501507529358612,0.025042472976278974,3.687181976593284,0.44760073359684877,0.08070188439944054,0.4716973820037107,0.8038536635893901,13.688529261231315,0.02470722731407392,3.7006594743396906,0.4476472508709059,0.08017693978863254,0.4721758093404616,0.8037497431675493,0.21079722515155686,3.105854495958494
2022_13_PIT_ATL,2022,13,ATL,PIT,-3,-1.0,-1.0,43.0,12.8037112419384,0.030505073980516384,3.4898622491881337,0.48455415404407626,0.03089169191184743,0.48455415404407626,0.7245260808446694,2,12.841650715857607,0.03041725460072897,3.4927452460354202,0.48459976351464457,0.030800472970710813,0.48459976351464457,0.724431958600977,13.501507529358612,0.07958424670995333,2.5309391113715605,0.475231667542137,0.02526151101024815,0.49950682144761477,0.6941340244349974,13.849030448466715,0.07830659837801283,2.547123409063231,0.4759008377058682,0.024662357786678007,0.4994368045074537,0.6942742064001384,-0.9427388401249028,3.0116656714786885
2022_13_SEA_LA,2022,13,LA,SEA,-4,-7.0,-7.0,41.0,12.8037112419384,0.0300290300120698,3.505590698138951,0.48455415404407626,0.03089169191184743,0.48455415404407626,0.7245260808446694,0,12.704633629820725,0.030249690563612486,3.498269323859673,0.48443376297253693,0.03113247405492614,0.48443376297253693,0.7247745691282581,13.501507529358612,0.024999779373506833,3.688888279212604,0.5198388983584333,0.0552973058285358,0.4248637958130309,0.6542363262571262,13.281819021409756,0.025320085353886083,3.676157310705284,0.5202317878043673,0.05631133348152607,0.4234568787141067,0.6534808209441719,0.1705666125663332,2.9664277987537977
2022_13_TEN_PHI,2022,13,PHI,TEN,25,5.0,5.0,44.5,12.8037112419384,0.009198990898190318,4.688661485922293,0.48455415404407626,0.03089169191184743,0.48455415404407626,0.7245260808446694,0,12.798678968830862,0.009194179889458698,4.689184615827069,0.4845480841307144,0.030903831738571252,0.4845480841307144,0.724538607723925,13.501507529358612,0.00852788243290269,4.7644141976641485,0.45086251006446887,0.025457371581400406,0.5236801183541308,0.7965928416902989,13.520601959429905,0.008529442200660407,4.764231312270856,0.4504659309014555,0.025386278512141574,0.5241477905864029,0.797472829873475,0.07556982634856269,14.061369155086428
2022_13_WAS_NYG,2022,13,NYG,WAS,0,-2.5,-2.5,40.0,12.8037112419384,0.030289867626474787,3.496942024158061,0.5,0.0,0.5,0.6931471805599453,0,12.762821224561796,0.0303830283210641,3.493871105378023,0.5,0.0,0.5,0.6931471805599453,13.501507529358612,0.00466958029742257,5.366686083412323,0.48519533280389227,0.0,0.5148046671961077,0.7232037210766176,13.656453380753103,0.0046490042601009095,5.371102219926312,0.48542983018112873,0.0,0.5145701698188713,0.7227205327342143,1.8741601957682512,3.092740915916469
2022_14_BAL_PIT,2022,14,PIT,BAL,-2,1.5,1.5,37.0,12.8037112419384,0.029723846363781115,3.5158056474601596,0.5,0.0,0.5,0.6931471805599453,2,12.722628856208996,0.02989846882307101,3.509948009827505,0.5,0.0,0.5,0.6931471805599453,13.501507529358612,0.024410920207307597,3.712724697323558,0.513050881906135,0.0,0.48694911809386504,0.7195956416580658,13.682763716654302,0.024108806884976616,3.7251780743272485,0.5128223409981698,0.0,0.48717765900183024,0.7191264195454374,0.2093724268670889,3.2235265487522673
2022_14_CAR_SEA,2022,14,SEA,CAR,-6,3.5,3.5,44.5,12.8037112419384,0.02330776975532009,3.75896850810431,0.5,0.0,0.5,0.6931471805599453,2,12.824260019660594,0.023291241942703156,3.759677871359355,0.5,0.0,0.5,0.6931471805599453,13.501507529358612,0.01967545662711819,3.928383276454047,0.46104711099751006,0.0,0.5389528890024899,0.6181271163412019,13.653146945830013,0.019558728257566944,3.934333633995998,0.4608374938326536,0.0,0.5391625061673464,0.6177382578415701,0.17536512589168796,5.3538767579375355
2022_14_CLE_CIN,2022,14,CIN,CLE,13,4.5,4.5,47.0,12.8037112419384,0.024644752924719793,3.703191264246534,0.5,0.0,0.5,0.6931471805599453,0,12.84753746208519,0.024598255288362347,3.7050797617962945,0.5,0.0,0.5,0.6931471805599453,13.501507529358612,0.020742279230828164,3.87558118680762,0.462713106486631,0.0,0.537286893513369,0.7706480573700116,13.608255763404824,0.020629765185829402,3.8810203341339236,0.46240611315820135,0.0,0.5375938868417987,0.7713117412135191,0.17782906988738967,5.659555818425628
2022_14_HOU_DAL,2022,14,DAL,HOU,4,17.0,17.0,44.5,12.8037112419384,0.018303487171776933,4.000663681453414,0.48455415404407626,0.03089169191184743,0.48455415404407626,0.7245260808446694,2,12.595859028307467,0.018289795500275124,4.001411997600037,0.48429940957994017,0.031401180840119614,0.48429940957994017,0.7250519486942002,13.501507529358612,0.016918359044452408,4.079355912695625,0.44914123391022875,0.02711020761754146,0.5237485584722298,0.6467435600699022,12.505530855892243,0.016937115443443614,4.078247885046101,0.44860163236833045,0.029303432422882216,0.5220949352087874,0.6499058394194497,0.07758420359268658,6.906306321642159
2022_14_JAX_TEN,2022,14,TEN,JAX,-14,3.0,3.0,42.0,12.8037112419384,0.012754510654025608,4.361870293155632,0.48455415404407626,0.03089169191184743,0.48455415404407626,0.7245260808446694,2,12.790181177308048,0.012744791248446324,4.362632620382247,0.4845378232846023,0.030924353430795415,0.4845378232846023,0.7245597840634712,13.501507529358612,0.011405330655226722,4.473674431537446,0.44760073359684877,0.08070188439944054,0.4716973820037107,0.7514176388372559,13.651179821166206,0.011469379837967841,4.468074417483254,0.447545447630341,0.08037157131347171,0.47208298105618735,0.7506005015264471,0.10620412432762194,10.635339447412095
2022_14_KC_DEN,2022,14,DEN,KC,-6,-8.5,-8.5,44.5,12.8037112419384,0.030289867626474787,3.496942024158061,0.5,0.0,0.5,0.6931471805599453,0,12.739188114678543,0.030437128064474517,3.4920920978616437,0.5,0.0,0.5,0.6931471805599453,13.501507529358612,0.02536576034354109,3.6743550323220386,0.5593477502570692,0.0,0.44065224974293077,0.580983905763847,13.216312775209508,0.025819700704766347,3.6566174852355355,0.5605932825724094,0.0,0.4394067174275907,0.5787596228911869,0.15967546107747443,2.9589263439719153
2022_14_LV_LA,2022,14,LA,LV,1,-6.5,-6.5,42.5,12.8037112419384,0.025901805286720814,3.653442610515737,0.5,0.0,0.5,0.6931471805599453,0,12.73940064914862,0.0259864039417127,3.6501818030525253,0.5,0.0,0.5,0.6931471805599453,13.501507529358612,0.02184085428539826,3.8239730132386405,0.5336277399967881,0.0,0.4663722600032118,0.628056799231247,13.35323011863521,0.021951957077445933,3.8188989827318487,0.5341830536289394,0.0,0.4658169463710607,0.627016701705491,0.16545637221611154,4.239607108024606
2022_14_MIA_LAC,2022,14,LAC,MIA,6,-3.0,-3.0,54.5,12.8037112419384,0.023984913606014735,3.7303302460352334,0.48455415404407626,0.03089169191184743,0.48455415404407626,0.7245260808446694,0,12.983336238546423,0.02381690815582127,3.737359523823132,0.48476773806111956,0.03046452387776094,0.48476773806111956,0.7240853933450071,13.501507529358612,0.020168485427372294,3.9036340201987363,0.47169738200371053,0.08070188439944055,0.44760073359684893,0.7514176388372562,13.861672655318218,0.019901099782573296,3.916980283322825,0.4725979599001077,0.07928730557595248,0.44811473452393985,0.7495102309967769,0.18665003728759144,5.148850173100136
2022_14_MIN_DET,2022,14,DET,MIN,11,2.5,2.5,51.5,12.8037112419384,0.024644752924719793,3.703191264246534,0.5,0.0,0.5,0.6931471805599453,0,12.949729176439135,0.024489821948507018,3.7094976784198668,0.5,0.0,0.5,0.6931471805599453,13.501507529358612,0.020649094121600833,3.8800838287406827,0.5148046671961075,0.0,0.4851953328038925,0.6639677372637568,13.86065289291501,0.02035183303184323,3.8945842958752155,0.5142654439621375,0.0,0.4857345560378625,0.6650157188880875,0.1913930316286816,5.482438787626448
2022_14_NE_ARI,2022,14,ARI,NE,-14,-2.0,-2.0,44.0,12.8037112419384,0.01975512836156304,3.924342157465226,0.48455415404407626,0.03089169191184743,0.48455415404407626,0.7245260808446694,2,12.841541350470848,0.019748071692930996,3.9246994282026533,0.4845996324265224,0.03080073514695525,0.4845996324265224,0.7244322291090328,13.501507529358612,0.016905037459969255,4.08014362691411,0.4734157690353448,0.025286461355374084,0.5012977696092811,0.69055500393606,13.777844533696198,0.016842403265905394,4.083855568598208,0.4740395112196732,0.024798238215549107,0.5011622505647777,0.6908253769037627,0.15951341113298234,7.522507442674734
2022_14_NYJ_BUF,2022,14,BUF,NYJ,8,10.0,10.0,43.5,12.8037112419384,0.030505073980516384,3.4898622491881337,0.48455415404407626,0.03089169191184743,0.48455415404407626,0.7245260808446694,2,12.697163010179365,0.030754399167634616,3.4817222325999526,0.48442460916739716,0.031150781665205685,0.48442460916739716,0.7247934651927465,13.501507529358612,0.025723251776989413,3.6603599577058046,0.43101788442675304,0.026016280518163855,0.5429658350550831,0.6107088798949268,13.070549139928538,0.026472562229154745,3.6316464699530218,0.4293199987255135,0.026794444114403678,0.5438855571600828,0.6090164271251649,0.14178422076488806,2.9818805496511063
2022_14_PHI_NYG,2022,14,NYG,PHI,-26,-7.5,-7.5,44.5,12.8037112419384,0.010894459241656662,4.519500945442248,0.5,0.0,0.5,0.6931471805599453,2,12.756157228326193,0.010853089437452668,4.5233054987475825,0.5,0.0,0.5,0.6931471805599453,13.501507529358612,0.010034556818255515,4.601720461310919,0.5613750116767948,0.0,0.4386249883232052,0.82411047170012,13.302546917239809,0.009883027553639576,4.616936381608614,0.5625106758391792,0.0,0.43748932416082076,0.8267029754003236,0.09743543616636607,12.9779616187315
2022_14_TB_SF,2022,14,SF,TB,28,3.5,3.5,38.0,12.8037112419384,0.005188326215750272,5.261344135601444,0.5,0.0,0.5,0.6931471805599453,0,12.708285501798956,0.005096311902514472,5.279238157225263,0.5,0.0,0.5,0.6931471805599453,13.501507529358612,0.005050224940767571,5.288322493960615,0.46104711099751006,0.0,0.5389528890024899,0.7742550481536757,13.527111831048822,0.005063069923623831,5.285782275379909,0.4606129070813868,0.0,0.5393870929186132,0.7751972696664445,0.024438139778465207,18.003153252478874
2022_15_ARI_DEN,2022,15,DEN,ARI,9,1.5,1.5,37.5,12.8037112419384,0.025901805286720814,3.653442610515737,0.5,0.0,0.5,0.6931471805599453,0,12.732457776005226,0.025995551592755572,3.6498298481849853,0.5,0.0,0.5,0.6931471805599453,13.501507529358612,0.021566903571985423,3.8365953814130553,0.513050881906135,0.0,0.48694911809386504,0.6673802537276621,13.693555069662024,0.021359394146032173,3.846263629242212,0.5128095621614784,0.0,0.48719043783852156,0.6678507265887678,0.19282101872647495,4.851144853071555
2022_15_ATL_NO,2022,15,NO,ATL,3,5.0,5.0,43.5,12.8037112419384,0.030505073980516384,3.4898622491881337,0.48455415404407626,0.03089169191184743,0.48455415404407626,0.7245260808446694,2,12.78195427281085,0.030555661325855688,3.4882052970843174,0.4845278765393427,0.03094424692131459,0.4845278765393427,0.7245803125895799,13.501507529358612,0.08020128881836125,2.5232156941844104,0.45086251006446887,0.025457371581400406,0.5236801183541308,0.6468742422246123,13.502565436017198,0.08065683554468542,2.5175517223337187,0.4504267411117355,0.025416762479649024,0.5241564964086155,0.645964981981949,-0.972310526854415,2.8656119540037377
2022_15_BAL_CLE,2022,15,CLE,BAL,10,2.5,2.5,39.5,12.8037112419384,0.025901805286720814,3.653442610515737,0.5,0.0,0.5,0.6931471805599453,0,12.753588303385797,0.025967719588557037,3.6509010666139745,0.5,0.0,0.5,0.6931471805599453,13.501507529358612,0.021595204209044844,3.8352840163027757,0.5148046671961075,0.0,0.4851953328038925,0.6639677372637568,13.646367897126346,0.02142946451763028,3.842988457320264,0.5145855497370966,0.0,0.48541445026290336,0.664393460101833,0.1895458468045268,4.955278032277462
2022_15_CIN_TB,2022,15,TB,CIN,-11,-3.5,-3.5,47.0,12.8037112419384,0.025901805286720758,3.653442610515739,0.5,0.0,0.5,0.6931471805599453,2,12.864650901444437,0.025821868951328375,3.656533512320779,0.5,0.0,0.5,0.6931471805599453,13.501507529358612,0.021637273713041864,3.8333378166261483,0.5389528890024899,0.0,0.46104711099751,0.7742550481536759,13.697047265259055,0.021424303309578636,3.8432293326662736,0.5390846629580093,0.0,0.46091533704199067,0.7745409035194705,0.18978672215053471,5.060553571121815
2022_15_DAL_JAX,2022,15,JAX,DAL,6,-4.0,-4.0,48.5,12.8037112419384,0.022615999629919004,3.789097674954528,0.48455415404407626,0.03089169191184743,0.48455415404407626,0.7245260808446694,0,12.879348997088313,0.02256464707416317,3.7913708862348283,0.48464481708772983,0.030710365824540398,0.48464481708772983,0.7243389922351713,13.501507529358612,0.019171545524343934,3.954328103142861,0.5254433725941674,0.025384921919100523,0.4491717054867321,0.6435128535692433,13.677793790500068,0.019056664827265753,3.960338378897071,0.5257937846446034,0.02505371080652152,0.4491525045488751,0.64284618751582,0.17124070394254298,5.5823134785834725
2022_15_DET_NYJ,2022,15,NYJ,DET,-3,2.0,2.0,44.0,12.8037112419384,0.02855809434158485,3.5558148684713715,0.48455415404407626,0.03089169191184743,0.48455415404407626,0.7245260808446694,2,12.841541350470848,0.028487128991501687,3.558302908049273,0.4845996324265224,0.03080073514695525,0.4845996324265224,0.7244322291090328,13.501507529358612,0.07507374395549538,2.589284395782232,0.5012977696092809,0.025286461355374087,0.4734157690353451,0.7477812722851933,13.777844533696198,0.07436842590383495,2.598723810232018,0.5011622505647779,0.02479823821554911,0.47403951121967286,0.7464646037575333,-0.9570910582393535,3.539944823304123
2022_15_IND_MIN,2022,15,MIN,IND,3,3.5,3.5,46.5,12.8037112419384,0.030867376132099444,3.478055441421026,0.5,0.0,0.5,0.6931471805599453,2,12.856737414200206,0.03074033268274473,3.482179718459699,0.5,0.0,0.5,0.6931471805599453,13.501507529358612,0.08072956236973698,2.516650446502368,0.46104711099751006,0.0,0.5389528890024899,0.6181271163412019,13.688445972960382,0.08020456794629668,2.5231748087952854,0.4609001010970989,0.0,0.5390998989029011,0.6178543840539303,-0.9548806326257404,2.8428717671837354
2022_15_KC_HOU,2022,15,HOU,KC,-6,-14.5,-14.5,48.5,12.8037112419384,0.024644752924719793,3.703191264246534,0.5,0.0,0.5,0.6931471805599453,0,12.700585034718841,0.024754125822238682,3.6987631039718885,0.5,0.0,0.5,0.6931471805599453,13.501507529358612,0.021790814324748647,3.826266759234752,0.5442323571036599,0.0,0.4557676428963401,0.6083789962901909,12.77494071692069,0.022471297749486724,3.7955164396913275,0.5446595892472488,0.0,0.4553404107527513,0.6075942863528208,0.09232517544479357,4.4696913443539845
2022_15_LA_GB,2022,15,GB,LA,12,8.0,8.0,39.5,12.8037112419384,0.029375808670454084,3.527583777689788,0.48455415404407626,0.03089169191184743,0.48455415404407626,0.7245260808446694,0,12.660555831227091,0.029673890501856537,3.5174877274968557,0.48437959808450903,0.031240803830981934,0.48437959808450903,0.7248863860999506,13.501507529358612,0.0246180131242282,3.704276863179048,0.4267356480605865,0.02575780432361932,0.5475065476157942,0.8515905486626015,13.166864714046653,0.025103245124304095,3.6847581533804687,0.42502827268194193,0.026326639870836874,0.5486450874472212,0.8555995883128301,0.1571743756906807,3.9019047879598268
2022_15_MIA_BUF,2022,15,BUF,MIA,3,7.0,7.0,44.0,12.8037112419384,0.02937580867045414,3.5275837776897863,0.48455415404407626,0.03089169191184743,0.48455415404407626,0.7245260808446694,2,12.756354806848407,0.029473796223138393,3.5242536739986945,0.4844968434764747,0.031006313047050593,0.4844968434764747,0.724644362684975,13.501507529358612,0.07809638362347085,2.549811527645573,0.42486379581303063,0.0552973058285358,0.5198388983584336,0.6542363262571259,13.33702064791405,0.07934942052207011,2.533894134845835,0.423657120076375,0.05609776976590032,0.5202451101577247,0.65345521277664,-0.9936896428439512,3.0902921074190126
2022_15_NE_LV,2022,15,LV,NE,6,1.0,1.0,45.0,12.8037112419384,0.02855809434158485,3.5558148684713715,0.48455415404407626,0.03089169191184743,0.48455415404407626,0.7245260808446694,0,12.875282664314206,0.02842409358411324,3.560518127835914,0.4846399700592207,0.030720059881558515,0.4846399700592207,0.7243489934826343,13.501507529358612,0.023538144129126474,3.749133019292526,0.4995068214476149,0.025261511010248146,0.47523166754213697,0.6941340244349972,13.8860586008417,0.023014227694489985,3.771642658891654,0.4994295667022635,0.024604345107989072,0.47596608818974734,0.6942886984391116,0.21582779042028255,3.7816342927130497
2022_15_NYG_WAS,2022,15,WAS,NYG,-8,4.5,4.5,40.5,12.8037112419384,0.019029086288039038,3.961786613117972,0.5,0.0,0.5,0.6931471805599453,2,12.737988375674545,0.019033118970636115,3.9615747135401747,0.5,0.0,0.5,0.6931471805599453,13.501507529358612,0.016429428955636188,4.108681103736838,0.462713106486631,0.0,0.537286893513369,0.6212230747826086,13.489809266492875,0.01640460751739048,4.110193037427626,0.46223032780282547,0.0,0.5377696721971745,0.6203249290818941,0.14840642430965412,7.079722353852532
2022_15_PHI_CHI,2022,15,CHI,PHI,-5,-8.5,-8.5,48.0,12.8037112419384,0.029723846363781115,3.5158056474601596,0.5,0.0,0.5,0.6931471805599453,0,12.79479936196207,0.02974294440219072,3.5151633380696508,0.5,0.0,0.5,0.6931471805599453,13.501507529358612,0.024938976644763196,3.6913233722600336,0.5593477502570692,0.0,0.44065224974293077,0.580983905763847,13.275213492705273,0.025269731254792316,3.678147992589424,0.560460913927624,0.0,0.4395390860723761,0.5789957731965223,0.1623423451292645,3.0667333356288795
2022_15_PIT_CAR,2022,15,CAR,PIT,-8,2.5,2.5,36.5,12.8037112419384,0.02191226016364692,3.8207089739790794,0.5,0.0,0.5,0.6931471805599453,2,12.69576267934088,0.02197075483199465,3.818043035779614,0.5,0.0,0.5,0.6931471805599453,13.501507529358612,0.018574459449338734,3.9859677897794823,0.5148046671961075,0.0,0.4851953328038925,0.7232037210766171,13.583206159033939,0.018514054910365386,3.9892251104581096,0.514682592500169,0.0,0.48531740749983093,0.722952153649395,0.1685161364790302,6.030787411373957
2022_15_SF_SEA,2022,15,SEA,SF,-8,-3.0,-3.0,43.0,12.8037112419384,0.02855809434158485,3.5558148684713715,0.48455415404407626,0.03089169191184743,0.48455415404407626,0.7245260808446694,2,12.807507754749281,0.028550958537290783,3.556064769458045,0.48455873023266066,0.030882539534678732,0.48455873023266066,0.7245166367671864,13.501507529358612,0.023599861024013416,3.7465144557809027,0.47169738200371053,0.08070188439944055,0.44760073359684893,0.8038536635893897,13.670058954341929,0.023344967255583767,3.7573738531910292,0.4721299828521935,0.08027306783972737,0.4475969493080791,0.80386211823319,0.20155898471965772,3.916013331316825
2022_15_TEN_LAC,2022,15,LAC,TEN,3,3.0,3.0,46.5,12.8037112419384,0.03089169191184743,3.477268001397251,0.48455415404407626,0.03089169191184743,0.48455415404407626,3.477268001397251,1,12.865297411616895,0.030743890506124083,3.4820639871973103,0.484628054746938,0.030743890506124083,0.484628054746938,3.4820639871973103,13.501507529358612,0.08070188439944054,2.516993353304253,0.44760073359684877,0.08070188439944054,0.4716973820037107,2.516993353304253,13.733030728775123,0.0799463122764909,2.526399966138203,0.44776810134160067,0.0799463122764909,0.4722855863819085,2.526399966138203,-0.950868035259048,2.8559066025718716
2022_16_ATL_BAL,2022,16,BAL,ATL,8,6.5,6.5,35.0,12.8037112419384,0.0306735817708097,3.4843535234944216,0.5,0.0,0.5,0.6931471805599453,0,12.59789052874587,0.031167178623337843,3.4683897050732604,0.5,0.0,0.5,0.6931471805599453,13.501507529358612,0.025430362513476242,3.6718114443026355,0.46637226000321186,0.0,0.5336277399967881,0.762771122551696,13.201823815804705,0.025910258083491282,3.65311632369002,0.4656933110458147,0.0,0.5343066889541853,0.7642279923226079,0.1687628001955983,3.1248902096282385
2022_16_BUF_CHI,2022,16,CHI,BUF,-22,-8.0,-8.0,40.0,12.8037112419384,0.016862358689573365,4.08267143764211,0.48455415404407626,0.03089169191184743,0.48455415404407626,0.7245260808446694,2,12.669721401829916,0.01682701740665457,4.084769505340477,0.48439089218328096,0.03121821563343813,0.48439089218328096,0.7248630697440419,13.501507529358612,0.01492752115370435,4.204548712447876,0.5475065476157941,0.02575780432361932,0.42673564806058667,0.8515905486626012,13.176595816087161,0.01484466656934335,4.210114631824094,0.5486304956293633,0.026308623758479303,0.4250608806121574,0.8555228718176129,0.1274431941819847,9.434356218890407
2022_16_CIN_NE,2022,16,NE,CIN,-4,-3.0,-3.0,42.0,12.8037112419384,0.03079455095296746,3.4804175217657325,0.48455415404407626,0.03089169191184743,0.48455415404407626,0.7245260808446694,2,12.790181177308048,0.030826904383006448,3.4793674513694572,0.4845378232846023,0.030924353430795415,0.4845378232846023,0.7245597840634712,13.501507529358612,0.025256105360589573,3.6786873560298274,0.47169738200371053,0.08070188439944055,0.44760073359684893,0.8038536635893897,13.651179821166206,0.02497235975212084,3.689985675666608,0.4720829810561874,0.08037157131347171,0.44754544763034093,0.8039771874735056,0.20956815390087558,2.94373517993215
2022_16_DEN_LA,2022,16,LA,DEN,37,-3.0,-3.0,36.5,12.8037112419384,0.0003931272944800446,7.841377094011385,0.48455415404407626,0.03089169191184743,0.48455415404407626,0.7245260808446694,0,12.687315482804255,0.0003699373063406064,7.902177009005661,0.48441252646256094,0.031174947074878112,0.48441252646256094,0.7248184078882574,13.501507529358612,0.00047496186343773064,7.652276044652361,0.47169738200371053,0.08070188439944055,0.44760073359684893,0.7514176388372562,13.539107813829416,0.0004823392982447042,7.636862753294982,0.47180056915699603,0.08096152664472252,0.44723790419828147,0.7511989056570305,-0.20451434071640318,32.3456042380218
2022_16_DET_CAR,2022,16,CAR,DET,14,-2.5,-2.5,43.5,12.8037112419384,0.013407326010284826,4.311954004235228,0.5,0.0,0.5,0.6931471805599453,0,12.824562005923772,0.01342091118141131,4.310941252469947,0.5,0.0,0.5,0.6931471805599453,13.501507529358612,0.011921255077050101,4.429432331188881,0.48519533280389227,0.0,0.5148046671961077,0.7232037210766176,13.723899177152859,0.012011908849639007,4.421856717164985,0.4855318747135854,0.0,0.5144681252864146,0.7225103400307988,0.10990271292975695,10.286601612454074
2022_16_GB_MIA,2022,16,MIA,GB,-6,3.5,3.5,49.0,12.8037112419384,0.02330776975532009,3.75896850810431,0.5,0.0,0.5,0.6931471805599453,2,12.895531187020547,0.023233710462368523,3.7621510177758317,0.5,0.0,0.5,0.6931471805599453,13.501507529358612,0.01967545662711819,3.928383276454047,0.46104711099751006,0.0,0.5389528890024899,0.6181271163412019,13.730612583143209,0.01951443016818936,3.9366010784587186,0.46097471982805993,0.0,0.5390252801719401,0.6179928071842467,0.1776325703544086,5.3576327433935
2022_16_HOU_TEN,2022,16,TEN,HOU,-5,3.0,3.0,34.0,12.8037112419384,0.025284605842412433,3.6775595331652307,0.48455415404407626,0.03089169191184743,0.48455415404407626,0.7245260808446694,2,12.63563130041177,0.025484681727551528,3.669677723886851,0.4843488025148231,0.031302394970353864,0.4843488025148231,0.7249499654678668,13.501507529358612,0.021150219844841233,3.856104978988732,0.44760073359684877,0.08070188439944054,0.4716973820037107,0.7514176388372559,13.48280512805158,0.021132298196785994,3.8569526886313232,0.4470822208816391,0.08126131859740697,0.47165646052095395,0.7515043962784996,0.17939315546609258,4.630461186091171
2022_16_JAX_NYJ,2022,16,NYJ,JAX,-16,2.5,2.5,36.5,12.8037112419384,0.010894459241656662,4.519500945442248,0.5,0.0,0.5,0.6931471805599453,2,12.69576267934088,0.010799731199756038,4.528234034073175,0.5,0.0,0.5,0.6931471805599453,13.501507529358612,0.009880430320111724,4.617199213503659,0.5148046671961075,0.0,0.4851953328038925,0.7232037210766171,13.583206159033939,0.009920177984494434,4.613184415860985,0.514682592500169,0.0,0.48531740749983093,0.722952153649395,0.09368347041873726,11.953194301016126
2022_16_LAC_IND,2022,16,IND,LAC,-17,-3.5,-3.5,44.5,12.8037112419384,0.017580544910170526,4.040962391177571,0.5,0.0,0.5,0.6931471805599453,2,12.824260019660594,0.01758351545222181,4.0407934378753785,0.5,0.0,0.5,0.6931471805599453,13.501507529358612,0.015257509563717532,4.1826834667250745,0.5389528890024899,0.0,0.46104711099751,0.7742550481536759,13.653146945830013,0.015250359142475656,4.183152225879748,0.5391625061673464,0.0,0.46083749383265354,0.7747098060862211,0.14218983470217772,8.71358167319201
2022_16_LV_PIT,2022,16,PIT,LV,3,2.5,2.5,38.5,12.8037112419384,0.030867376132099444,3.478055441421026,0.5,0.0,0.5,0.6931471805599453,0,12.734787246947663,0.031034084908748927,3.472669165333451,0.5,0.0,0.5,0.6931471805599453,13.501507529358612,0.08057259931182881,2.5185966461789975,0.5148046671961075,0.0,0.4851953328038925,0.6639677372637568,13.625831233455768,0.0803770990792265,2.521025980694125,0.5146169652451759,0.0,0.48538303475482414,0.6643324118481965,-0.957029460726901,2.849295885366284
2022_16_NO_CLE,2022,16,CLE,NO,-7,3.0,3.0,32.0,12.8037112419384,0.02261599962991903,3.7890976749545273,0.48455415404407626,0.03089169191184743,0.48455415404407626,0.7245260808446694,2,12.591636656418029,0.022757024462252418,3.7828814136725395,0.48429414753632627,0.03141170492734746,0.48429414753632627,0.7250628140227485,13.501507529358612,0.0412460322338696,3.1882003590976633,0.44760073359684877,0.08070188439944054,0.4716973820037107,0.7514176388372559,13.43488290418752,0.041437643326515804,3.183565552181928,0.44694908421470086,0.08151831223957325,0.4715326035457259,0.7517670307399424,-0.6055321227725994,5.660035217857803
2022_16_NYG_MIN,2022,16,MIN,NYG,3,4.5,4.5,48.0,12.8037112419384,0.0306735817708097,3.4843535234944216,0.5,0.0,0.5,0.6931471805599453,2,12.863108456583316,0.03053400783675675,3.4889142054906843,0.5,0.0,0.5,0.6931471805599453,13.501507529358612,0.08047905001408122,2.5197583767003606,0.462713106486631,0.0,0.537286893513369,0.6212230747826086,13.625093125458282,0.0802918677417048,2.522086936611164,0.4624310639937095,0.0,0.5375689360062905,0.6206982741690774,-0.9622665868832576,2.8583001151712875
2022_16_PHI_DAL,2022,16,DAL,PHI,6,4.0,4.0,48.0,12.8037112419384,0.030505073980516384,3.4898622491881337,0.48455415404407626,0.03089169191184743,0.48455415404407626,0.7245260808446694,0,12.87167269583093,0.030348114689654482,3.495020882363111,0.48463566444822415,0.030728671103551708,0.48463566444822415,0.7243578776655092,13.501507529358612,0.025099004348771062,3.684927101010809,0.44917170548673196,0.025384921919100523,0.5254433725941675,0.8003500467777386,13.669471534165279,0.02479183764647349,3.697240807143758,0.44913214336251855,0.025067326081334586,0.5258005305561468,0.8004381286094921,0.2073785579556242,3.1522435367704187
2022_16_SEA_KC,2022,16,KC,SEA,14,10.5,10.5,50.5,12.8037112419384,0.029723846363781115,3.5158056474601596,0.5,0.0,0.5,0.6931471805599453,0,12.798110258654711,0.02973584647051375,3.515402009085202,0.5,0.0,0.5,0.6931471805599453,13.501507529358612,0.025197922451530498,3.6809937302629043,0.445227620013285,0.0,0.554772379986715,0.8091696219424866,13.142790883406526,0.025771508946671136,3.65848570164052,0.4441194255969766,0.0,0.5558805744030234,0.8116617761478574,0.14268005418036056,3.8643455748321145
2022_16_TB_ARI,2022,16,ARI,TB,-3,-7.5,-7.5,41.5,12.8037112419384,0.028986602840732845,3.5409215267463576,0.5,0.0,0.5,0.6931471805599453,0,12.70503753573757,0.02918270467509676,3.5341790508375586,0.5,0.0,0.5,0.6931471805599453,13.501507529358612,0.07733034983980942,2.5596687763857875,0.5613750116767948,0.0,0.4386249883232052,0.5773661267738881,13.248127407541276,0.07897739797495625,2.5385935690328134,0.562651167291786,0.0,0.437348832708214,0.5750954391561209,-1.0023279577135442,3.170633722211299
2022_16_WAS_SF,2022,16,SF,WAS,17,6.5,6.5,37.5,12.8037112419384,0.02191226016364689,3.8207089739790807,0.5,0.0,0.5,0.6931471805599453,0,12.647994856784335,0.021996165652873545,3.816887129319576,0.5,0.0,0.5,0.6931471805599453,13.501507529358612,0.018785747906617762,3.974656786715344,0.46637226000321186,0.0,0.5336277399967881,0.762771122551696,13.25542803598727,0.01885786548670312,3.970825184920761,0.46573675185076124,0.0,0.5342632481492388,0.7641347146698704,0.15011621094168026,6.960625518447778
2022_17_ARI_ATL,2022,17,ATL,ARI,1,7.0,7.0,41.0,12.8037112419384,0.027591433647957797,3.5902499295093375,0.48455415404407626,0.03089169191184743,0.48455415404407626,0.7245260808446694,2,12.704633629820725,0.02775755393636059,3.584247261910277,0.48443376297253693,0.03113247405492614,0.48443376297253693,0.7247745691282581,13.501507529358612,0.023166176197785066,3.765061986622246,0.42486379581303063,0.0552973058285358,0.5198388983584336,0.6542363262571259,13.281819021409756,0.023403734043430248,3.754859694843572,0.42345687871410675,0.056311333481526074,0.5202317878043672,0.6534808209441721,0.16460976533423466,3.6734455025966297
2022_17_CAR_TB,2022,17,TB,CAR,6,3.5,3.5,40.5,12.8037112419384,0.030289867626474787,3.496942024158061,0.5,0.0,0.5,0.6931471805599453,0,12.754955891221336,0.030401012369574154,3.4932793694937194,0.5,0.0,0.5,0.6931471805599453,13.501507529358612,0.024909680085649265,3.692498792598656,0.46104711099751006,0.0,0.5389528890024899,0.7742550481536757,13.577827925557184,0.024751146896832908,3.6988834517750924,0.4607034763116862,0.0,0.5392965236883138,0.7750006613520292,0.20194142761703127,3.2062255137468147
2022_17_CHI_DET,2022,17,DET,CHI,31,4.5,4.5,52.5,12.8037112419384,0.003906481811964846,5.545118102377339,0.5,0.0,0.5,0.6931471805599453,0,12.929596546056809,0.004016454463802388,5.517355739697784,0.5,0.0,0.5,0.6931471805599453,13.501507529358612,0.003910806339958022,5.544011701193123,0.462713106486631,0.0,0.537286893513369,0.7706480573700116,13.696993379239236,0.004052592423975045,5.508398497958114,0.46253750061775056,0.0,0.5374624993822494,0.7710276428999007,-0.036719604419224616,19.89116650751209
2022_17_CLE_WAS,2022,17,WAS,CLE,-14,1.0,1.0,41.5,12.8037112419384,0.015448031173504115,4.170273715894203,0.48455415404407626,0.03089169191184743,0.48455415404407626,0.7245260808446694,2,12.815444851077356,0.01545304276567852,4.169949352266698,0.4845682885884685,0.030863422823062925,0.4845682885884685,0.7244969110643167,13.501507529358612,0.013526343107077392,4.303116153666018,0.4995068214476149,0.025261511010248146,0.47523166754213697,0.7439528727034531,13.820179679154222,0.01360442455241054,4.297360204413931,0.49944250954918984,0.02470775509620776,0.4758497353546024,0.7426531566169237,0.12708648851972804,9.301145937590725
2022_17_DAL_TEN,2022,17,TEN,DAL,-14,-14.0,-14.0,41.0,12.8037112419384,0.03089169191184743,3.477268001397251,0.48455415404407626,0.03089169191184743,0.48455415404407626,3.477268001397251,1,12.586800698738962,0.03142376701917371,3.4601907609422726,0.48428811649041315,0.03142376701917371,0.48428811649041315,3.4601907609422726,13.501507529358612,0.026623563048942776,3.62595862640174,0.5322975589290474,0.026623563048942776,0.44107887802200985,3.62595862640174,12.690715821879037,0.028287690817392627,3.565328522401658,0.5320419411264397,0.028287690817392627,0.4396703680561678,3.565328522401658,0.0880605210044072,3.1801410389727494
2022_17_DEN_KC,2022,17,KC,DEN,3,13.5,13.5,46.0,12.8037112419384,0.02191226016364692,3.8207089739790794,0.5,0.0,0.5,0.6931471805599453,2,12.67884009924024,0.02197979108183773,3.817631834972774,0.5,0.0,0.5,0.6931471805599453,13.501507529358612,0.0620802631984005,2.7793271634512045,0.4530240672614374,0.0,0.5469759327385626,0.603350476177919,12.818389849533292,0.06359601914063244,2.7552044027234506,0.4523067977189337,0.0,0.5476932022810663,0.6020399986606348,-1.0655045712556288,5.336740495889596
2022_17_IND_NYG,2022,17,NYG,IND,28,5.5,5.5,38.5,12.8037112419384,0.0067707071264268,4.995149747523286,0.5,0.0,0.5,0.6931471805599453,0,12.684032766443204,0.006649985791941426,5.013140560866818,0.5,0.0,0.5,0.6931471805599453,13.501507529358612,0.006468747953980323,5.0407727048094415,0.4644956440830794,0.0,0.5355043559169206,0.7668030984189754,13.36255579810266,0.006343347799780884,5.060348605769768,0.46388466312732013,0.0,0.5361153368726799,0.7681193285010279,0.06519885824648153,16.378130197251345
2022_17_JAX_HOU,2022,17,HOU,JAX,-28,-3.5,-3.5,43.0,12.8037112419384,0.005188326215750376,5.2613441356014246,0.5,0.0,0.5,0.6931471805599453,2,12.798986208003234,0.005183788539307451,5.2622191117927954,0.5,0.0,0.5,0.6931471805599453,13.501507529358612,0.005050224940767606,5.2883224939606075,0.5389528890024899,0.0,0.46104711099751,0.7742550481536759,13.625678638555158,0.00514247964908648,5.270219893841885,0.5392113136950919,0.0,0.4607886863049081,0.7748157221915639,0.008875758240460385,17.963393317309745
2022_17_LA_LAC,2022,17,LAC,LA,21,6.5,6.5,41.5,12.8037112419384,0.016150905013567196,4.125779192891764,0.5,0.0,0.5,0.6931471805599453,0,12.721961159433274,0.01612217724363152,4.127559486282666,0.5,0.0,0.5,0.6931471805599453,13.501507529358612,0.014265742483151291,4.249894246379127,0.46637226000321186,0.0,0.5336277399967881,0.762771122551696,13.334569134513753,0.014200714171987707,4.254463021837662,0.46580155393633327,0.0,0.5341984460636667,0.7639955854783514,0.12868382894589736,9.71277773822492
2022_17_MIA_NE,2022,17,NE,MIA,2,3.0,3.0,41.5,12.8037112419384,0.03079455095296746,3.4804175217657325,0.48455415404407626,0.03089169191184743,0.48455415404407626,0.7245260808446694,2,12.781371565265594,0.030848006588693577,3.478683146968263,0.48452717153112196,0.03094565693775614,0.48452717153112196,0.7245817676322468,13.501507529358612,0.025256105360589566,3.678687356029828,0.44760073359684877,0.08070188439944054,0.4716973820037107,0.7514176388372559,13.641581024507962,0.024987853485833975,3.6893654327490673,0.44751922874010563,0.08042175018987416,0.4720590210700202,0.7506512565741377,0.20894791098333476,2.892705563374994
2022_17_MIN_GB,2022,17,GB,MIN,24,3.0,3.0,47.5,12.8037112419384,0.00816704299547244,4.807648370083008,0.48455415404407626,0.03089169191184743,0.48455415404407626,0.7245260808446694,0,12.881055922740561,0.00824289637380704,4.798403495147387,0.4846468508150402,0.03070629836991956,0.4846468508150402,0.7243347959186698,13.501507529358612,0.007616915464913367,4.877383785865837,0.44760073359684877,0.08070188439944054,0.4716973820037107,0.8038536635893901,13.750203363467554,0.00779964246847929,4.853677383711606,0.4478146067008789,0.07985768346182999,0.47232770983729117,0.8033759565444645,0.04602901362859768,14.699073978064229
2022_17_NO_PHI,2022,17,PHI,NO,-10,5.5,5.5,41.5,12.8037112419384,0.014755450147281954,4.216142762934539,0.5,0.0,0.5,0.6931471805599453,2,12.738907326080009,0.014721807926344102,4.218425352140139,0.5,0.0,0.5,0.6931471805599453,13.501507529358612,0.013099306148864091,4.335196015913331,0.4644956440830794,0.0,0.5355043559169206,0.6245462548287789,13.42157487871916,0.013047911891059348,4.3391271663640785,0.4639532813404392,0.0,0.5360467186595608,0.6235339600314084,0.12298440342953931,9.157730418478158
2022_17_NYJ_SEA,2022,17,SEA,NYJ,17,-1.0,-1.0,43.0,12.8037112419384,0.011497134146010168,4.46565747936435,0.48455415404407626,0.03089169191184743,0.48455415404407626,0.7245260808446694,0,12.841650715857607,0.01152810860452036,4.462966999395882,0.48459976351464457,0.030800472970710813,0.48459976351464457,0.724431958600977,13.501507529358612,0.010356015159540054,4.570187753252661,0.475231667542137,0.02526151101024815,0.49950682144761477,0.743952872703453,13.849030448466715,0.010554458839280498,4.5512068695523205,0.4759008377058682,0.024662357786678007,0.4994368045074537,0.742545770600542,0.08554939018797025,11.66623527454529
2022_17_PIT_BAL,2022,17,BAL,PIT,-3,1.0,1.0,35.5,12.8037112419384,0.02937580867045414,3.5275837776897863,0.48455415404407626,0.03089169191184743,0.48455415404407626,0.7245260808446694,2,12.700823096853439,0.029589477638985617,3.5203364660213583,0.48442909524293576,0.031141809514128482,0.48442909524293576,0.7247842046087838,13.501507529358612,0.07692909213746266,2.56487116273181,0.4995068214476149,0.025261511010248146,0.47523166754213697,0.7439528727034531,13.694003886094597,0.07650259549575904,2.5704306106760524,0.4994681508761086,0.02490834237928344,0.47562350674460796,0.7431286899356714,-0.9571531670137339,3.299551283479139
2022_17_SF_LV,2022,17,LV,SF,-3,-10.0,-10.0,41.5,12.8037112419384,0.026493717911452164,3.6308476340383122,0.48455415404407626,0.03089169191184743,0.48455415404407626,0.7245260808446694,0,12.662826905209812,0.026696942996233375,3.623206214654026,0.4843823980943707,0.031235203811258605,0.4843823980943707,0.7248806055060116,13.501507529358612,0.07219655947792189,2.628362886879142,0.5429658350550833,0.026016280518163855,0.4310178844267528,0.6107088798949264,13.03446672960257,0.07434536241876866,2.599033983021123,0.5439113256343432,0.026864878550850835,0.4292237958148059,0.608969049761481,-1.0318136510171891,3.8226784965776766
2022_18_ARI_SF,2022,18,SF,ARI,25,14.0,14.0,40.0,12.8037112419384,0.02119917011166106,3.8537932437467473,0.48455415404407626,0.03089169191184743,0.48455415404407626,0.7245260808446694,0,12.568932328935665,0.021294454233201865,3.8493086048059246,0.48426579217084015,0.03146841565831965,0.48426579217084015,0.7251213656194682,13.501507529358612,0.01896803875863684,3.964999886851401,0.44107887802200985,0.026623563048942783,0.5322975589290474,0.8185315578012293,12.672324247879502,0.019290334700631226,3.948151101223257,0.43965005242466554,0.02832873618809598,0.5320212113872385,0.8217762039153145,0.09435785747650982,7.416103931136151
2022_18_BAL_CIN,2022,18,CIN,BAL,11,11.0,11.0,39.0,12.8037112419384,0.03089169191184743,3.477268001397251,0.48455415404407626,0.03089169191184743,0.48455415404407626,3.477268001397251,1,12.600858592945261,0.0313887287444361,3.461306407692044,0.48430563562778195,0.0313887287444361,0.48430563562778195,3.461306407692044,13.501507529358612,0.02615904148511623,3.6435603935416263,0.43338303919634297,0.02615904148511623,0.5404579193185408,3.6435603935416263,12.902799864935075,0.027290160213858345,3.601229073489151,0.4314786420275266,0.027290160213858345,0.5412311977586151,3.601229073489151,0.1239610720919,3.1215362159984
2022_18_CAR_NO,2022,18,NO,CAR,-3,3.5,3.5,41.5,12.8037112419384,0.027057763357987374,3.6097813145710713,0.5,0.0,0.5,0.6931471805599453,2,12.772867408379051,0.02710577832290123,3.6080083515778365,0.5,0.0,0.5,0.6931471805599453,13.501507529358612,0.07170676698451595,2.6351701566875114,0.46104711099751006,0.0,0.5389528890024899,0.6181271163412019,13.59729316329825,0.07178339575544532,2.634102086559904,0.4607381673903962,0.0,0.5392618326096038,0.6175540512376076,-0.9756792280111672,3.937506456815924
2022_18_CLE_PIT,2022,18,PIT,CLE,14,2.5,2.5,40.0,12.8037112419384,0.02047929419401362,3.888340942587628,0.5,0.0,0.5,0.6931471805599453,0,12.762821224561796,0.02049148543200352,3.8877458238976255,0.5,0.0,0.5,0.6931471805599453,13.501507529358612,0.017475762429215908,4.046940362102085,0.5148046671961075,0.0,0.4851953328038925,0.6639677372637568,13.656453380753103,0.01741581778661455,4.050376417517659,0.5145701698188712,0.0,0.4854298301811288,0.6644233485199496,0.1620354749300308,7.251637746675618
2022_18_DAL_WAS,2022,18,WAS,DAL,20,-7.5,-7.5,40.5,12.8037112419384,0.0033685397619450663,5.693275933582442,0.5,0.0,0.5,0.6931471805599453,0,12.687221137075083,0.0032726025181955,5.722169733491226,0.5,0.0,0.5,0.6931471805599453,13.501507529358612,0.003454653844569824,5.668033016486654,0.5613750116767948,0.0,0.4386249883232052,0.5773661267738881,13.229162018877906,0.003251108332947794,5.728759315254079,0.5627002075348533,0.0,0.4372997924651468,0.5750082837232574,0.03548338167163667,19.615313894553292
2022_18_DET_GB,2022,18,GB,DET,-4,5.5,5.5,49.0,12.8037112419384,0.02330776975532009,3.75896850810431,0.5,0.0,0.5,0.6931471805599453,2,12.861244970276935,0.023261426298230442,3.7609588139852526,0.5,0.0,0.5,0.6931471805599453,13.501507529358612,0.01978774967947369,3.92269223581425,0.4644956440830794,0.0,0.5355043559169206,0.6245462548287789,13.553171407141916,0.019727610844708577,3.9257360587934067,0.46410682828008265,0.0,0.5358931717199173,0.623820444268205,0.16676755068909666,5.1711237141541835
2022_18_HOU_IND,2022,18,IND,HOU,-1,3.0,3.0,38.0,12.8037112419384,0.02937580867045414,3.5275837776897863,0.48455415404407626,0.03089169191184743,0.48455415404407626,0.7245260808446694,2,12.716746660144294,0.02955621999347663,3.521461066807059,0.48444858231906646,0.03110283536186703,0.48444858231906646,0.7247439785274432,13.501507529358612,0.024206985560386498,3.721114027953537,0.44760073359684877,0.08070188439944054,0.4716973820037107,0.7514176388372559,13.571171104034036,0.024069825977656185,3.7267962570572393,0.44732620924763267,0.08079182600324175,0.4718819647491256,0.7510263993545254,0.199212479367453,3.3065477333971276
2022_18_KC_LV,2022,18,LV,KC,-18,-9.0,-9.0,51.5,12.8037112419384,0.02398491360601465,3.730330246035237,0.48455415404407626,0.03089169191184743,0.48455415404407626,0.7245260808446694,2,12.838164977976861,0.02395276812515973,3.7316713824653793,0.4845955843229914,0.030808831354017185,0.4845955843229914,0.7244405826449585,13.501507529358612,0.020609888708604925,3.8819842839679572,0.5453236420613705,0.0258820643628122,0.4287942935758173,0.8467779772063128,13.286925332383333,0.020740134876026273,3.875684573018378,0.5461854828817017,0.02623794812694191,0.4275765689913564,0.8496218978916688,0.1453543269831412,6.200739954183658
2022_18_LAC_DEN,2022,18,DEN,LAC,3,6.0,6.0,38.5,12.8037112419384,0.030029030012069746,3.5055906981389526,0.48455415404407626,0.03089169191184743,0.48455415404407626,0.7245260808446694,2,12.675593374469575,0.030314962180662375,3.4961138870045825,0.48439811923206844,0.031203761535863128,0.48439811923206844,0.724848149986071,13.501507529358612,0.07934470143022926,2.533953608905544,0.45265146115511007,0.025544315589905067,0.5218042232549849,0.6504628126844645,13.319173801871417,0.08073726819949817,2.5165549986665505,0.4518896753463268,0.025822754184574862,0.5222875704690984,0.6495369415081035,-0.9890356994724021,2.9319066523348516
2022_18_LA_SEA,2022,18,SEA,LA,3,5.5,5.5,41.5,12.8037112419384,0.030289867626474787,3.496942024158061,0.5,0.0,0.5,0.6931471805599453,2,12.738907326080009,0.030437771963761073,3.4920709430248786,0.5,0.0,0.5,0.6931471805599453,13.501507529358612,0.07982278226526776,2.5279463232255113,0.4644956440830794,0.0,0.5355043559169206,0.6245462548287789,13.42157487871916,0.0806975666643465,2.5170468570190003,0.4639532813404392,0.0,0.5360467186595608,0.6235339600314084,-0.9798951671390608,2.89436005638348
2022_18_MIN_CHI,2022,18,CHI,MIN,-16,-6.5,-6.5,42.5,12.8037112419384,0.02330776975532009,3.75896850810431,0.5,0.0,0.5,0.6931471805599453,2,12.73940064914862,0.023359315535885633,3.7567594221412115,0.5,0.0,0.5,0.6931471805599453,13.501507529358612,0.019860578873785884,3.9190184730665396,0.5336277399967881,0.0,0.4663722600032118,0.7627711225516961,13.35323011863521,0.019919875429825974,3.916037280368031,0.5341830536289394,0.0,0.4658169463710607,0.7639625409762859,0.15706877226372074,6.359957184190078
2022_18_NE_BUF,2022,18,BUF,NE,12,8.0,8.0,44.0,12.8037112419384,0.029375808670454084,3.527583777689788,0.48455415404407626,0.03089169191184743,0.48455415404407626,0.7245260808446694,0,12.73938543036828,0.02950905670051418,3.5230580559562155,0.4844762035924074,0.03104759281518521,0.4844762035924074,0.7246869642498645,13.501507529358612,0.0246180131242282,3.704276863179048,0.4267356480605865,0.02575780432361932,0.5475065476157942,0.8515905486626015,13.25056302893563,0.02497122625062657,3.690031066940451,0.42530806632661633,0.02617253090517001,0.5485194027682136,0.8549415106982757,0.16244728925066276,3.915603855021483
2022_18_NYG_PHI,2022,18,PHI,NYG,6,16.5,16.5,42.5,12.8037112419384,0.02191226016364692,3.8207089739790794,0.5,0.0,0.5,0.6931471805599453,2,12.57094330188481,0.02203651433025483,3.815054459189575,0.5,0.0,0.5,0.6931471805599453,13.501507529358612,0.019840053457123117,3.9200524827175927,0.4613151177809788,0.0,0.5386848822190212,0.6186245131402959,12.512423074820056,0.020376062151079004,3.893394491099631,0.4616943916700854,0.0,0.5383056083299146,0.6193288348740786,0.0726855171205516,5.455775457651426
2022_18_NYJ_MIA,2022,18,MIA,NYJ,5,3.5,3.5,37.5,12.8037112419384,0.0306735817708097,3.4843535234944216,0.5,0.0,0.5,0.6931471805599453,0,12.69860513351568,0.030923692030706773,3.476232656482218,0.5,0.0,0.5,0.6931471805599453,13.501507529358612,0.02519332381123164,3.6811762476901433,0.46104711099751006,0.0,0.5389528890024899,0.7742550481536757,13.516592789174815,0.025129218415553562,3.683724029559584,0.46059408909748034,0.0,0.5394059109025197,0.7752381247272228,0.19937050606516227,3.0150540944401354
2022_18_TB_ATL,2022,18,ATL,TB,13,6.0,6.0,40.5,12.8037112419384,0.026493717911452164,3.6308476340383122,0.48455415404407626,0.03089169191184743,0.48455415404407626,0.7245260808446694,0,12.712579414252435,0.026624968778878877,3.625905827577503,0.4844434872032544,0.031113025593491217,0.4844434872032544,0.7247544959338136,13.501507529358612,0.022247357947532038,3.805532021351651,0.45265146115511007,0.025544315589905067,0.5218042232549849,0.7926328510638871,13.358849965105334,0.022363153477745493,3.8003406085398,0.45196383577244365,0.025753188349187994,0.5222829758783684,0.7941531117038256,0.16949297450148793,5.00502647051576
2022_18_TEN_JAX,2022,18,JAX,TEN,4,6.0,6.0,39.5,12.8037112419384,0.030505073980516384,3.4898622491881337,0.48455415404407626,0.03089169191184743,0.48455415404407626,0.7245260808446694,2,12.69430703978639,0.030761137509567826,3.481503154873442,0.4844211068814376,0.03115778623712484,0.4844211068814376,0.7248006950042667,13.501507529358612,0.025256602723484883,3.6786676634449638,0.45265146115511007,0.025544315589905067,0.5218042232549849,0.6504628126844645,13.339248275718369,0.02548999388599263,3.669469300453199,0.4519272052272695,0.025787507455907202,0.5222852873168233,0.6495413129643557,0.17960705126506538,2.878084024580792
2023_01_ARI_WAS,2023,1,WAS,ARI,4,7.0,7.0,38.0,11.856520875515853,0.03167675216238375,3.452172237418235,0.48359630247793334,0.03280739504413338,0.48359630247793334,0.7265048060979966,2,11.68540450991547,0.03210720475656503,3.438674826785665,0.4833562533574355,0.03328749328512903,0.4833562533574355,0.7270013126204327,13.34758091650419,0.02529184997951223,3.677273070342496,0.4250323731630002,0.054577478629363754,0.5203901482076361,0.6531764637150747,13.053364174831879,0.025748746686907974,3.6593693254100175,0.4233880450472869,0.05586558530638676,0.5207463696463264,0.6524921702598324,0.2071970879917826,2.9232630347670825
2023_01_BUF_NYJ,2023,1,NYJ,BUF,6,-2.5,-2.5,44.5,11.856520875515853,0.02490870018859148,3.6925381313749277,0.5,0.0,0.5,0.6931471805599453,0,11.84194405880279,0.02492285546849804,3.691970006214048,0.5,0.0,0.5,0.6931471805599453,13.34758091650419,0.020799879609090136,3.872808080316128,0.48512914931912343,0.0,0.5148708506808766,0.7233401362368878,13.564319467278716,0.020609300748053387,3.8820128124547777,0.4854638621289725,0.0,0.5145361378710275,0.722650428358983,0.18947468107985,4.924113050438688
2023_01_CAR_ATL,2023,1,ATL,CAR,14,3.5,3.5,40.5,11.856520875515853,0.021664945344910147,3.8320597465301116,0.5,0.0,0.5,0.6931471805599453,0,11.746866417491924,0.021703957518901085,3.8302606609209584,0.5,0.0,0.5,0.6931471805599453,13.34758091650419,0.01870205488278851,3.979121874378572,0.46026318437233116,0.0,0.5397368156276688,0.7759568131687993,13.391891514740987,0.018658151080878847,3.981472173098145,0.45989105249209317,0.0,0.5401089475079068,0.776765659959082,0.14941242656803322,6.718799714279731
2023_01_CIN_CLE,2023,1,CLE,CIN,21,-1.0,-1.0,46.5,11.856520875515853,0.006451166211606574,5.043494356517233,0.48359630247793334,0.03280739504413338,0.48359630247793334,0.7265048060979966,0,11.885683848322177,0.006479916774904559,5.039047612079357,0.48363652480860525,0.032726950382789555,0.48363652480860525,0.7264216361939976,13.34758091650419,0.006673669229876488,5.009585460882567,0.4750365716516272,0.025564548969757496,0.49939887937861527,0.7443634849605069,13.730457978512703,0.006976910136054184,4.965149134134618,0.4757804589585637,0.024897391905131936,0.49932214913630435,0.7427987518209747,-0.0783452223826151,15.148986530034142
2023_01_DAL_NYG,2023,1,NYG,DAL,-40,-3.5,-3.5,44.5,11.856520875515853,0.0008397078429995316,7.082456532578372,0.5,0.0,0.5,0.6931471805599453,2,11.842813831734345,0.000835489805724279,7.08749241141047,0.5,0.0,0.5,0.6931471805599453,13.34758091650419,0.0008160130669889744,7.111080189661501,0.5397368156276687,0.0,0.4602631843723312,0.7759568131687992,13.483139289330923,0.0008591325480834404,7.059587342780869,0.539940245970389,0.0,0.4600597540296109,0.7763988978709077,-0.022869189797503076,29.64266568179688
2023_01_DET_KC,2023,1,KC,DET,-1,4.0,4.0,53.0,11.856520875515853,0.029778326325208215,3.5139744546082383,0.48359630247793334,0.03280739504413338,0.48359630247793334,0.7265048060979966,2,12.023406583441703,0.029443060523759113,3.525297032516599,0.48382384158619995,0.03235231682760009,0.48382384158619995,0.7260344021812319,13.34758091650419,0.023900055206160016,3.7338745101661677,0.4482404781912289,0.02569187728486268,0.5260676445239084,0.6423254727564444,13.613217388674599,0.02351430585239798,3.7501462833745203,0.4484857434222157,0.025206878931543945,0.5263073776462404,0.6418698687722592,0.23617182876628195,3.5293241192733795
2023_01_GB_CHI,2023,1,CHI,GB,-18,1.0,1.0,41.0,11.856520875515853,0.00933982058533446,4.673468236204852,0.48359630247793334,0.03280739504413338,0.48359630247793334,0.7265048060979966,2,11.757162661438002,0.009241240397028658,4.68407916023554,0.48345776852624456,0.033084462947510884,0.48345776852624456,0.7267913132474729,13.34758091650419,0.009287015590595776,4.67913802743488,0.4993988793786156,0.02556454896975749,0.47503657165162694,0.7443634849605074,13.606410941333502,0.009460701830759028,4.660608709372245,0.4993464285014089,0.02509755260782803,0.475556018890763,0.7432705934399824,-0.012859526832606605,12.56095984763989
2023_01_HOU_BAL,2023,1,BAL,HOU,16,9.5,9.5,43.5,11.856520875515853,0.027880236133116076,3.5798372235017184,0.5,0.0,0.5,0.6931471805599453,0,11.824799073494475,0.0279309284189313,3.5780206586562406,0.5,0.0,0.5,0.6931471805599453,13.34758091650419,0.023254785276915,3.7612443497645294,0.44327584905949957,0.0,0.5567241509405004,0.8135630186170862,12.984865162328758,0.023674735853499856,3.743346797163373,0.44205324071584984,0.0,0.5579467592841502,0.816324950050195,0.16350957366165453,4.926182482643922
2023_01_JAX_IND,2023,1,IND,JAX,-10,-4.0,-4.0,45.5,11.856520875515853,0.028550958220686262,3.556064780547148,0.48359630247793334,0.03280739504413338,0.48359630247793334,0.7265048060979966,2,11.866002059121138,0.028534409494562818,3.556644569282838,0.4836094008417418,0.032781198316516436,0.4836094008417418,0.72647772113817,13.34758091650419,0.02315423636919948,3.765577518682016,0.5260676445239081,0.02569187728486269,0.4482404781912292,0.802425408906051,13.464286865981625,0.02298255314893879,3.7730199096460386,0.5264347700371009,0.025455816808243048,0.448109413154656,0.8027178505937728,0.2169551290988907,4.394287669343528
2023_01_LA_SEA,2023,1,SEA,LA,-17,4.5,4.5,45.0,11.856520875515853,0.006875114510508165,4.979846979494298,0.5,0.0,0.5,0.6931471805599453,2,11.855118493079054,0.006873715701629812,4.980050459915773,0.5,0.0,0.5,0.6931471805599453,13.34758091650419,0.007116665541295314,4.945315986107432,0.46194319839839415,0.0,0.5380568016016058,0.6197911452083016,13.413245700105485,0.007160956149941628,4.93911176643068,0.4616042773098913,0.0,0.5383957226901087,0.61916144516663,-0.04073521306361805,14.348538273787046
2023_01_LV_DEN,2023,1,DEN,LV,-1,3.0,3.0,43.0,11.856520875515853,0.030829104961624998,3.4792960689156502,0.48359630247793334,0.03280739504413338,0.48359630247793334,0.7265048060979966,2,11.807359961236667,0.030941422349076597,3.4756594636890576,0.48352804913157593,0.03294390173684819,0.48352804913157593,0.7266459530898124,13.34758091650419,0.024472977749473948,3.7101857191283836,0.44665979175219295,0.08186750296545042,0.4714727052823567,0.7518940676990964,13.490277683257432,0.02423077960341907,3.72013156954052,0.4466231283225611,0.08152866341659229,0.4718482082608466,0.7510979377862907,0.2408355006248697,3.292196082593565
2023_01_MIA_LAC,2023,1,LAC,MIA,-2,3.0,3.0,50.5,11.856520875515853,0.029778326325208215,3.5139744546082383,0.48359630247793334,0.03280739504413338,0.48359630247793334,0.7265048060979966,2,11.97245608791316,0.029544747686284345,3.521849294201187,0.4837550455499858,0.03248990890002851,0.4837550455499858,0.7261766046150484,13.34758091650419,0.02384518872206854,3.7361728127290466,0.44665979175219295,0.08186750296545042,0.4714727052823567,0.7518940676990964,13.647555343197952,0.023417982322282576,3.7542510764332238,0.4470635120840293,0.08069367760716709,0.4722428103088036,0.7502619970492763,0.24027662182498544,3.5321226380337616
2023_01_PHI_NE,2023,1,NE,PHI,-5,-3.5,-3.5,44.5,11.856520875515853,0.03252032460939824,3.425890012513531,0.5,0.0,0.5,0.6931471805599453,2,11.842813831734345,0.03255727786019541,3.4247543451451423,0.5,0.0,0.5,0.6931471805599453,13.34758091650419,0.025493607666473093,3.669327537989329,0.5397368156276687,0.0,0.4602631843723312,0.7759568131687992,13.483139289330923,0.025231537240309177,3.6796605891203016,0.539940245970389,0.0,0.4600597540296109,0.7763988978709077,0.2537705766067706,3.0105469472192645
2023_01_SF_PIT,2023,1,PIT,SF,-23,-1.5,-1.5,41.5,11.856520875515853,0.006875114510508165,4.979846979494298,0.5,0.0,0.5,0.6931471805599453,2,11.769909835739794,0.006788211641098288,4.992567753384022,0.5,0.0,0.5,0.6931471805599453,13.34758091650419,0.007074614325531789,4.951242349231012,0.4868972963181373,0.0,0.5131027036818627,0.6672792517402412,13.577494055794402,0.007252826108304284,4.926364078029001,0.48718808935217406,0.0,0.5128119106478259,0.667846146953084,-0.05348290146529777,15.042806191550435
2023_01_TB_MIN,2023,1,MIN,TB,-3,4.0,4.0,45.0,11.856520875515853,0.02717666056867657,3.6053967413587507,0.48359630247793334,0.03280739504413338,0.48359630247793334,0.7265048060979966,2,11.854683146773612,0.027179311977808207,3.6052991841259563,0.4835937612128847,0.032812477574230614,0.4835937612128847,0.7265100610424879,13.34758091650419,0.07123750500972344,2.641735843496776,0.4482404781912289,0.02569187728486268,0.5260676445239084,0.6423254727564444,13.45356478123164,0.0712702513282786,2.6412762710500126,0.44808215493890674,0.025473936679360976,0.5264439083817323,0.6416104898703867,-0.964120470308738,4.085198411601791
2023_01_TEN_NO,2023,1,NO,TEN,1,3.0,3.0,41.0,11.856520875515853,0.03229909805954051,3.432715972996639,0.48359630247793334,0.03280739504413338,0.48359630247793334,0.7265048060979966,2,11.758889816595714,0.03255863332860515,3.424712712665916,0.48346019665215456,0.03307960669569088,0.48346019665215456,0.7267862908443375,13.34758091650419,0.025337534220833496,3.6754684166046943,0.44665979175219295,0.08186750296545042,0.4714727052823567,0.7518940676990964,13.444034122003515,0.025143079240179993,3.6831725996220634,0.44649242710972414,0.08177759531238292,0.47172997757789287,0.7513485385003532,0.25045662662542423,2.95942572005975
2023_02_BAL_CIN,2023,2,CIN,BAL,-3,3.5,3.5,45.5,11.856520875515853,0.027880236133116132,3.5798372235017166,0.5,0.0,0.5,0.6931471805599453,2,11.865566313146957,0.02786580016711404,3.5803551425245876,0.5,0.0,0.5,0.6931471805599453,13.34758091650419,0.0725439210783463,2.6235630925718927,0.46026318437233116,0.0,0.5397368156276688,0.6166736366985864,13.504759372531705,0.07237664889678923,2.6258715606640193,0.46009959005189494,0.0,0.5399004099481051,0.6163705824544147,-0.9539656628376973,3.926036924739455
2023_02_CHI_TB,2023,2,TB,CHI,10,2.5,2.5,41.0,11.856520875515853,0.02644420905709466,3.6327180838888005,0.5,0.0,0.5,0.6931471805599453,0,11.758458004021193,0.02657044019392718,3.6279559520188154,0.5,0.0,0.5,0.6931471805599453,13.34758091650419,0.021775236660531588,3.8269818878511237,0.5148708506808766,0.0,0.48512914931912343,0.6638391851447424,13.484445750519617,0.02161763202118358,3.8342460000044225,0.5146593485305957,0.0,0.48534065146940425,0.6642500563429224,0.20152791611562204,4.9427758936656
2023_02_CLE_PIT,2023,2,PIT,CLE,4,-2.5,-2.5,39.0,11.856520875515853,0.027880236133116076,3.5798372235017184,0.5,0.0,0.5,0.6931471805599453,0,11.707779364101008,0.028118810374413883,3.5713165182541315,0.5,0.0,0.5,0.6931471805599453,13.34758091650419,0.022668643820531714,3.7867726389018275,0.48512914931912343,0.0,0.5148708506808766,0.7233401362368878,13.435914227225695,0.022538978146021127,3.792509106534771,0.48526479048935844,0.0,0.5147352095106416,0.7230605772545942,0.21267188303305273,4.006176827873247
2023_02_GB_ATL,2023,2,ATL,GB,1,3.0,3.0,40.5,11.856520875515853,0.03229909805954051,3.432715972996639,0.48359630247793334,0.03280739504413338,0.48359630247793334,0.7265048060979966,2,11.746435046443347,0.0325920371534848,3.423687279541145,0.483442671103726,0.03311465779254791,0.483442671103726,0.7268225417419507,13.34758091650419,0.025337534220833496,3.6754684166046943,0.44665979175219295,0.08186750296545042,0.4714727052823567,0.7518940676990964,13.432146406993596,0.02516232403414534,3.682407481219206,0.44645873799213187,0.08184184297944955,0.4716994190284186,0.7514133203475055,0.24969150822256658,2.957104774958617
2023_02_IND_HOU,2023,2,HOU,IND,-11,-1.0,-1.0,40.0,11.856520875515853,0.02248802388556581,3.794772383231289,0.48359630247793334,0.03280739504413338,0.48359630247793334,0.7265048060979966,2,11.732115517629499,0.02255041552150308,3.7920017865290245,0.48342247564921575,0.033155048701568435,0.48342247564921575,0.726864316863499,13.34758091650419,0.019183096559660363,3.953725775234789,0.4750365716516272,0.025564548969757496,0.49939887937861527,0.6943501450744739,13.582209728708508,0.01904695505888905,3.9608480296135062,0.47551171413876575,0.025136991798865038,0.4993512940623692,0.6944454348026711,0.16607564638221728,6.154917974202726
2023_02_KC_JAX,2023,2,JAX,KC,-8,-3.5,-3.5,50.5,11.856520875515853,0.030327536530024846,3.4956991828017534,0.5,0.0,0.5,0.6931471805599453,2,11.97289575926164,0.030078291115670508,3.503951592828467,0.5,0.0,0.5,0.6931471805599453,13.34758091650419,0.024200272535795216,3.7213913840731903,0.5397368156276687,0.0,0.4602631843723312,0.7759568131687992,13.606654890418051,0.02380710683112408,3.7377711365289596,0.5397133657873663,0.0,0.46028663421263377,0.7759058657027649,0.24207195372720625,3.776432358921402
2023_02_LAC_TEN,2023,2,TEN,LAC,3,-2.5,-2.5,45.5,11.856520875515853,0.02918491990361427,3.5341031447668705,0.5,0.0,0.5,0.6931471805599453,0,11.86469486920269,0.029169473732420292,3.5346325366632567,0.5,0.0,0.5,0.6931471805599453,13.34758091650419,0.07494514043287363,2.5909988939888895,0.48512914931912343,0.0,0.5148708506808766,0.7233401362368878,13.586069722108213,0.07439488925301531,2.5983680323383673,0.485497064538457,0.0,0.514502935461543,0.7225820375338003,-0.9357351124285032,3.6408157267623897
2023_02_LV_BUF,2023,2,BUF,LV,28,7.5,7.5,47.0,11.856520875515853,0.007790741105320631,4.854819288153374,0.5,0.0,0.5,0.6931471805599453,0,11.902348859105835,0.007836624407712378,4.848947097578264,0.5,0.0,0.5,0.6931471805599453,13.34758091650419,0.008053277801621352,4.821676090101444,0.43896789829924077,0.0,0.5610321017007592,0.823328993183796,13.215222437081309,0.00793455736590203,4.8365277090546845,0.4380454988600402,0.0,0.5619545011399598,0.8254324953248161,-0.018291579098689503,14.72711157325858
2023_02_MIA_NE,2023,2,NE,MIA,-7,-2.0,-2.0,46.5,11.856520875515853,0.029778326325208215,3.5139744546082383,0.48359630247793334,0.03280739504413338,0.48359630247793334,0.7265048060979966,2,11.886556833875305,0.02971751776742676,3.516018583232101,0.4836377258134696,0.03272454837306077,0.4836377258134696,0.7264191529171738,13.34758091650419,0.05004855269469458,2.9947616908279366,0.4732044590931871,0.025590297991459284,0.5012052429153536,0.6907395952899695,13.648283489428366,0.049362091214867135,3.0085725336927527,0.4738921993137297,0.025053751349448563,0.5010540493368217,0.6910413008083868,-0.5054019209154856,3.810046377655988
2023_02_MIN_PHI,2023,2,PHI,MIN,6,6.0,6.0,49.0,11.856520875515853,0.03280739504413338,3.4171013303414206,0.48359630247793334,0.03280739504413338,0.48359630247793334,3.4171013303414206,1,11.943948787431511,0.03256740465912955,3.4244433478819234,0.4837162976704352,0.03256740465912955,0.4837162976704352,3.4244433478819234,13.34758091650419,0.02585620390963842,3.6552047103178653,0.4517582968050356,0.02585620390963842,0.522385499285326,3.6552047103178653,13.374876344241697,0.025772379492192,3.658451922833864,0.4514122818894988,0.025772379492192,0.5228153386183092,3.658451922833864,0.24135059249244328,2.927362097669011
2023_02_NO_CAR,2023,2,CAR,NO,-3,-3.0,-3.0,39.5,11.856520875515853,0.03280739504413338,3.4171013303414206,0.48359630247793334,0.03280739504413338,0.48359630247793334,3.4171013303414206,1,11.721098258077545,0.03318619205103168,3.40562139164831,0.48340690397448416,0.03318619205103168,0.48340690397448416,3.40562139164831,13.34758091650419,0.0818675029654504,2.5026531560534133,0.47147270528235696,0.0818675029654504,0.4466597917521926,2.5026531560534133,13.407956749647543,0.0819729014330018,2.501366556664483,0.4716370268161478,0.0819729014330018,0.44639007175085044,2.501366556664483,-0.9157347736769377,2.7880925537354573
2023_02_NYG_ARI,2023,2,ARI,NYG,-3,-5.0,-5.0,40.0,11.856520875515853,0.032299098059540454,3.432715972996641,0.48359630247793334,0.03280739504413338,0.48359630247793334,0.7265048060979966,0,11.7355627221576,0.0326212519291742,3.422791303335842,0.48342734189137504,0.03314531621724992,0.48342734189137504,0.7268542506834759,13.34758091650419,0.08134622351589735,2.5090408690634036,0.5242859919604121,0.025766587267837707,0.4499474207717501,0.6457179573642103,13.259968050538074,0.08225549175425297,2.4979251225169414,0.5247824034709179,0.025882755238781894,0.44933484129030016,0.644771571885974,-0.9347908504796996,2.8161535142671275
2023_02_NYJ_DAL,2023,2,DAL,NYJ,20,8.5,8.5,38.5,11.856520875515853,0.020015490642596556,3.9112487730935377,0.5,0.0,0.5,0.6931471805599453,0,11.699893747649972,0.0200270072410339,3.910673554295332,0.5,0.0,0.5,0.6931471805599453,13.34758091650419,0.017898993658615702,4.023010787904909,0.44103048847342274,0.0,0.5589695115265773,0.8186412710646264,12.948553986961546,0.017964439499355205,4.019361058493954,0.4395750650004452,0.0,0.5604249349995548,0.8219467800804308,0.10811228540041595,7.705273649098328
2023_02_SEA_DET,2023,2,DET,SEA,-6,4.5,4.5,47.5,11.856520875515853,0.02166494534491012,3.832059746530113,0.5,0.0,0.5,0.6931471805599453,2,11.910607378861346,0.021644848645713838,3.8329877906876546,0.5,0.0,0.5,0.6931471805599453,13.34758091650419,0.01875084077806966,3.9765166860740186,0.46194319839839415,0.0,0.5380568016016058,0.6197911452083016,13.46563320017925,0.018678405648982044,3.9803872005209113,0.461685193980788,0.0,0.538314806019212,0.6193117486491194,0.14832745399079839,5.818923283362166
2023_02_SF_LA,2023,2,LA,SF,-7,-7.5,-7.5,45.0,11.856520875515853,0.032775350891372956,3.418078543321858,0.5,0.0,0.5,0.6931471805599453,0,11.857730906669152,0.032772015015334,3.418180328526975,0.5,0.0,0.5,0.6931471805599453,13.34758091650419,0.05465693634625651,2.90667914933484,0.5610321017007591,0.0,0.43896789829924093,0.57797715281358,13.173856060110595,0.0554810997059205,2.8917128620679207,0.5620606858543722,0.0,0.4379393141456278,0.5761454529707953,-0.5263656812539375,2.9010407500884865
2023_02_WAS_DEN,2023,2,DEN,WAS,-2,4.0,4.0,38.5,11.856520875515853,0.028550958220686262,3.556064780547148,0.48359630247793334,0.03280739504413338,0.48359630247793334,0.7265048060979966,2,11.696027500624,0.02883306561203297,3.5462324388873245,0.48337136001482306,0.03325727997035388,0.48337136001482306,0.726970059437675,13.34758091650419,0.02315423636919947,3.7655775186820164,0.4482404781912289,0.02569187728486268,0.5260676445239084,0.6423254727564444,13.303095868869715,0.02317348841785167,3.76474639434561,0.4476972797347013,0.025731089830732114,0.5265716304345666,0.6413679064539934,0.20868161379846217,3.7510330950230832
2023_03_ATL_DET,2023,3,DET,ATL,14,3.0,3.0,47.5,11.856520875515853,0.020839674953896492,3.8708966594404663,0.48359630247793334,0.03280739504413338,0.48359630247793334,0.7265048060979966,0,11.909295275103851,0.02082742815160543,3.871484499810012,0.48366894613327777,0.03266210773344452,0.48366894613327777,0.7263546018896158,13.34758091650419,0.01812082371346914,4.010693520599799,0.44665979175219295,0.08186750296545042,0.4714727052823567,0.8059580664233096,13.587428233736809,0.018025204343020046,4.015984259230721,0.4468959054138537,0.08101078761894052,0.4720933069672058,0.8054295852823914,0.14508759979025454,6.980836717222394
2023_03_BUF_WAS,2023,3,WAS,BUF,-34,-5.5,-5.5,44.0,11.856520875515853,0.0026740512266628554,5.924160643169933,0.5,0.0,0.5,0.6931471805599453,2,11.832999903432897,0.0026580043228305837,5.930179692345309,0.5,0.0,0.5,0.6931471805599453,13.34758091650419,0.002882983428294026,5.848929608419386,0.5362539110961908,0.0,0.46374608890380925,0.7684180987266555,13.311384954278704,0.0028540714304100237,5.859008732066192,0.5367232467713687,0.0,0.4632767532286313,0.769430664316083,-0.06515191110374108,22.03887740171735
2023_03_CAR_SEA,2023,3,SEA,CAR,10,5.0,5.0,42.5,11.856520875515853,0.02977832632520816,3.5139744546082405,0.48359630247793334,0.03280739504413338,0.48359630247793334,0.7265048060979966,0,11.79717142981658,0.029899089134212353,3.5099272627882425,0.4835138326271798,0.032972334745640486,0.4835138326271798,0.726675355134678,13.34758091650419,0.023969554709748465,3.730970807690106,0.44994742077175015,0.02576658726783771,0.5242859919604121,0.7986245457738592,13.318051713243218,0.023975446178839996,3.730725048215208,0.44946620154742245,0.025781169635515577,0.524752628817062,0.799694619115656,0.21675059360696736,4.059238802785337
2023_03_CHI_KC,2023,3,KC,CHI,31,13.0,13.0,48.0,11.856520875515853,0.010492310870429011,4.557112588134232,0.48359630247793334,0.03280739504413338,0.48359630247793334,0.7265048060979966,0,11.928828714149786,0.010559417719374076,4.5507371424350875,0.48369567097445837,0.032608658051083206,0.48369567097445837,0.7262993490083034,13.34758091650419,0.01076884942382414,4.531097625106242,0.4388113492458621,0.02680132067265812,0.5343873300814798,0.8236856866359966,12.80546176536971,0.010382725942171572,4.567611820868886,0.43753390807171666,0.02789008619818201,0.5345760057301013,0.8266010720238367,0.01049923273465403,12.704999770434162
2023_03_DAL_ARI,2023,3,ARI,DAL,12,-11.5,-11.5,43.5,11.856520875515853,0.005307854739057705,5.238567529303805,0.5,0.0,0.5,0.6931471805599453,0,11.82653616460198,0.005279624583641618,5.243900285374831,0.5,0.0,0.5,0.6931471805599453,13.34758091650419,0.00579023599951439,5.151582228380848,0.55178358251277,0.0,0.44821641748722996,0.59459937024619,12.829905774906269,0.005335575740418148,5.233358482446954,0.5528474974235975,0.0,0.44715250257640254,0.5926730886864399,-0.005209046856850641,15.562224145396419
2023_03_DEN_MIA,2023,3,MIA,DEN,50,6.0,6.0,47.5,11.856520875515853,0.00028064711270070486,8.178412504529557,0.48359630247793334,0.03280739504413338,0.48359630247793334,0.7265048060979966,0,11.91191962717956,0.00028774571883660727,8.153433388538618,0.48367254175480245,0.03265491649039509,0.48367254175480245,0.726347167862295,13.34758091650419,0.00021498547066574905,8.444940110418969,0.4517582968050356,0.02585620390963842,0.522385499285326,0.7946079837569552,13.34492991334109,0.00021437387438126207,8.447788990757507,0.45135431755391386,0.025824878980120543,0.5228208034659656,0.7955026214170726,0.26937648622794974,37.359276181746296
2023_03_HOU_JAX,2023,3,JAX,HOU,-20,7.5,7.5,43.5,11.856520875515853,0.003077800176180638,5.7835401656921315,0.5,0.0,0.5,0.6931471805599453,2,11.823062237532309,0.003053089600883869,5.79160121718843,0.5,0.0,0.5,0.6931471805599453,13.34758091650419,0.003348055559608606,5.699375531627426,0.43896789829924077,0.0,0.5610321017007592,0.5779771528135799,13.141696146641483,0.0031927385038878335,5.746876265287257,0.4378566309348315,0.0,0.5621433690651685,0.5759983565240541,-0.036663900404874106,19.65647395914175
2023_03_IND_BAL,2023,3,BAL,IND,-3,7.5,7.5,43.5,11.856520875515853,0.02166494534491012,3.832059746530113,0.5,0.0,0.5,0.6931471805599453,2,11.823062237532309,0.021677098503633974,3.831498944225319,0.5,0.0,0.5,0.6931471805599453,13.34758091650419,0.06056016040667882,2.8041180211332213,0.43896789829924077,0.0,0.5610321017007592,0.5779771528135799,13.141696146641483,0.06116234411466631,2.7942235710778265,0.4378566309348315,0.0,0.5621433690651685,0.5759983565240541,-1.0378361754522865,5.5401808575040885
2023_03_LAC_MIN,2023,3,MIN,LAC,-4,1.0,1.0,54.0,11.856520875515853,0.029778326325208215,3.5139744546082383,0.48359630247793334,0.03280739504413338,0.48359630247793334,0.7265048060979966,2,12.040179625499926,0.02940971285044175,3.526430290134699,0.4838463621605408,0.032307275678918446,0.4838463621605408,0.7259878562108018,13.34758091650419,0.023781607117428317,3.738842807268531,0.4993988793786156,0.02556454896975749,0.47503657165162694,0.7443634849605074,13.879282505686891,0.023066241663030715,3.7693851302094847,0.49929442723681783,0.024661557779895416,0.4760440149832868,0.7422449605733776,0.2554106756012464,3.6384556585914334
2023_03_LA_CIN,2023,3,CIN,LA,3,3.0,3.0,45.5,11.856520875515853,0.03280739504413338,3.4171013303414206,0.48359630247793334,0.03280739504413338,0.48359630247793334,3.4171013303414206,1,11.865130583174338,0.03278360447898582,3.4178267520109737,0.48360819776050706,0.03278360447898582,0.48360819776050706,3.4178267520109737,13.34758091650419,0.08186750296545042,2.502653156053413,0.44665979175219295,0.08186750296545042,0.4714727052823567,2.502653156053413,13.545353536010424,0.08123423235324968,2.510418539949637,0.44677806833360023,0.08123423235324968,0.4719876993131501,2.510418539949637,-0.9066827903917836,2.8167950851585224
2023_03_NE_NYJ,2023,3,NYJ,NE,-5,-2.5,-2.5,35.5,11.856520875515853,0.03201727118492936,3.441479797252265,0.5,0.0,0.5,0.6931471805599453,2,11.613084702692868,0.03265433834129716,3.4217775579275083,0.5,0.0,0.5,0.6931471805599453,13.34758091650419,0.025150024900505635,3.682896392357132,0.48512914931912343,0.0,0.5148708506808766,0.6638391851447424,13.345138322301086,0.0251165434881202,3.684228546845102,0.48512082810310286,0.0,0.5148791718968971,0.6638230235213614,0.24274874959283732,3.1111129774435535
2023_03_NO_GB,2023,3,GB,NO,1,-1.5,-1.5,41.5,11.856520875515853,0.03201727118492936,3.441479797252265,0.5,0.0,0.5,0.6931471805599453,0,11.769909835739794,0.03224114427961733,3.4345118694295933,0.5,0.0,0.5,0.6931471805599453,13.34758091650419,0.025116417491208607,3.6842335633485743,0.4868972963181373,0.0,0.5131027036818627,0.7197020686572513,13.577494055794402,0.024718609333709597,3.700198904702074,0.48718808935217406,0.0,0.5128119106478259,0.7191050100277859,0.2587191074498092,3.0690604950090057
2023_03_NYG_SF,2023,3,SF,NYG,18,10.5,10.5,43.5,11.856520875515853,0.02644420905709466,3.6327180838888005,0.5,0.0,0.5,0.6931471805599453,0,11.825667587152722,0.026483908144417145,3.631217970268055,0.5,0.0,0.5,0.6931471805599453,13.34758091650419,0.02245941701400722,3.7960452866424137,0.4456797177615983,0.0,0.5543202822384017,0.8081547065456743,12.907152921250331,0.022906308779751347,3.7763429137974907,0.44450214917569486,0.0,0.5554978508243051,0.8108003889989333,0.1436248299086902,5.421575676607871
2023_03_PHI_TB,2023,3,TB,PHI,-14,-6.0,-6.0,44.0,11.856520875515853,0.025686889273257324,3.6617745622586426,0.48359630247793334,0.03280739504413338,0.48359630247793334,0.7265048060979966,2,11.833434453452199,0.025712946272048176,3.6607606679242894,0.48356432062922206,0.03287135874155589,0.48356432062922206,0.7265709416456169,13.34758091650419,0.021502000478548146,3.839609302663118,0.5223854992853258,0.025856203909638425,0.4517582968050357,0.7946079837569548,13.271491972857024,0.02153838715717137,3.837918486697431,0.5228334466464197,0.025954580694682396,0.4512119726588979,0.7958180440020721,0.17614392443878835,5.493173168436024
2023_03_PIT_LV,2023,3,LV,PIT,-5,3.0,3.0,43.5,11.856520875515853,0.025686889273257324,3.6617745622586426,0.48359630247793334,0.03280739504413338,0.48359630247793334,0.7265048060979966,2,11.819155289298447,0.02572905648820653,3.6601343230768655,0.483544477086697,0.03291104582660598,0.483544477086697,0.726611978481544,13.34758091650419,0.021316298930146735,3.848283290901012,0.44665979175219295,0.08186750296545042,0.4714727052823567,0.7518940676990964,13.501526417109307,0.021156949235525878,3.855786858401244,0.4466548372604893,0.08146834861114421,0.4718768141283664,0.7510373144757927,0.1940122961426014,4.634371062088032
2023_03_TEN_CLE,2023,3,CLE,TEN,24,3.5,3.5,38.0,11.856520875515853,0.007790741105320631,4.854819288153374,0.5,0.0,0.5,0.6931471805599453,0,11.682401042598762,0.007613150333248941,4.877878219939993,0.5,0.0,0.5,0.6931471805599453,13.34758091650419,0.007943078163370424,4.835454400844444,0.46026318437233116,0.0,0.5397368156276688,0.7759568131687993,13.330514599355254,0.007917532686032621,4.838675651232546,0.4597770574462734,0.0,0.5402229425537266,0.7770135647090058,-0.016143636920827653,14.431671975042889
2023_04_ARI_SF,2023,4,SF,ARI,19,15.0,15.0,44.0,11.856520875515853,0.030829104961625053,3.4792960689156485,0.48359630247793334,0.03280739504413338,0.48359630247793334,0.7265048060979966,0,11.841259083224722,0.030863893836995282,3.4781682625280466,0.4835751741232105,0.03284965175357901,0.4835751741232105,0.7265484971191596,13.34758091650419,0.02590201565840979,3.6534344886557992,0.4441872634812397,0.027129665875166395,0.5286830706435939,0.8115090408702127,12.57351924170544,0.027324196557323405,3.5999826485604762,0.4431770909934279,0.028787560722340285,0.5280353482842318,0.8137858348818151,0.12068657964482776,3.966228828469182
2023_04_ATL_JAX,2023,4,JAX,ATL,16,3.5,3.5,42.5,11.856520875515853,0.0183824732841793,3.996357607223972,0.5,0.0,0.5,0.6931471805599453,0,11.79587182246084,0.018372617393046964,3.9968939079750774,0.5,0.0,0.5,0.6931471805599453,13.34758091650419,0.016420646528782966,4.109215801263888,0.46026318437233116,0.0,0.5397368156276688,0.7759568131687993,13.438511889992588,0.01639474603979773,4.110794358906277,0.4599773612514755,0.0,0.5400226387485245,0.7765780053807835,0.11443675168230527,8.02729751564419
2023_04_BAL_CLE,2023,4,CLE,BAL,-25,-2.0,-2.0,38.5,11.856520875515853,0.005668178508315566,5.172887463592544,0.48359630247793334,0.03280739504413338,0.48359630247793334,0.7265048060979966,2,11.694309578733625,0.005511435007501314,5.200930252792037,0.4833689188646956,0.03326216227060885,0.4833689188646956,0.7269751097085302,13.34758091650419,0.005929965501932304,5.127736883538784,0.4732044590931871,0.025590297991459284,0.5012052429153536,0.6907395952899695,13.463770438334956,0.006018580378791639,5.112903864947192,0.47348785284009864,0.025357106445351815,0.5011550407145495,0.6908397632668256,-0.059983598645351854,16.492692485910673
2023_04_CIN_TEN,2023,4,TEN,CIN,24,-2.5,-2.5,41.5,11.856520875515853,0.0035370867066960576,5.644451854867557,0.5,0.0,0.5,0.6931471805599453,0,11.77077431786631,0.003468947779703857,5.663903964522686,0.5,0.0,0.5,0.6931471805599453,13.34758091650419,0.0037824418833959906,5.577385477020992,0.48512914931912343,0.0,0.5148708506808766,0.7233401362368878,13.496235030143067,0.0038904576985798953,5.549228467969898,0.4853589650120298,0.0,0.5146410349879702,0.7228665277633611,-0.09522338689765952,19.210701188959284
2023_04_DEN_CHI,2023,4,CHI,DEN,-3,-3.0,-3.0,47.0,11.856520875515853,0.03280739504413338,3.4171013303414206,0.48359630247793334,0.03280739504413338,0.48359630247793334,3.4171013303414206,1,11.898415710491744,0.032691953691409203,3.4206262958406604,0.4836540231542954,0.032691953691409203,0.4836540231542954,3.4206262958406604,13.34758091650419,0.0818675029654504,2.5026531560534133,0.47147270528235696,0.0818675029654504,0.4466597917521926,2.5026531560534133,13.57706591685486,0.08106569993285292,2.51249534279974,0.4720673737099286,0.08106569993285292,0.44686692635721853,2.51249534279974,-0.9046059875416805,2.823423427812431
2023_04_DET_GB,2023,4,GB,DET,-14,-2.5,-2.5,45.0,11.856520875515853,0.020015490642596556,3.9112487730935377,0.5,0.0,0.5,0.6931471805599453,2,11.853377203776246,0.020015780365264413,3.911234298276198,0.5,0.0,0.5,0.6931471805599453,13.34758091650419,0.01753667591397899,4.0434608245946695,0.48512914931912343,0.0,0.5148708506808766,0.6638391851447424,13.575250657390594,0.017466216139066487,4.0474867702208055,0.4854805674180759,0.0,0.5145194325819241,0.6645219545827643,0.1362379971272678,7.25256922204857
2023_04_KC_NYJ,2023,4,NYJ,KC,-3,-9.5,-9.5,41.5,11.856520875515853,0.027880236133116076,3.5798372235017184,0.5,0.0,0.5,0.6931471805599453,0,11.776827470870508,0.028007782885634436,3.575272847229483,0.5,0.0,0.5,0.6931471805599453,13.34758091650419,0.07427218134481084,2.600018807262183,0.5567241509405003,0.0,0.4432758490594997,0.5856854024083504,12.940877079180048,0.0763049857376265,2.5730169989520157,0.5580285136136902,0.0,0.4419714863863098,0.5833452182402581,-1.0068202245497027,3.6481665404036607
2023_04_LA_IND,2023,4,IND,LA,-6,-1.0,-1.0,44.5,11.856520875515853,0.029778326325208215,3.5139744546082383,0.48359630247793334,0.03280739504413338,0.48359630247793334,0.7265048060979966,2,11.84063951917677,0.029810562033777466,3.512892517602815,0.48357431525230676,0.03285136949538647,0.48357431525230676,0.7265502732063378,13.34758091650419,0.02378160711742832,3.738842807268531,0.4750365716516272,0.025564548969757496,0.49939887937861527,0.6943501450744739,13.687007106258863,0.023308020607142103,3.758957745578562,0.4757023431570681,0.024967127294069955,0.499330529548862,0.6944870186445301,0.24498329097032379,3.754469474278415
2023_04_LV_LAC,2023,4,LAC,LV,7,7.0,7.0,49.0,11.856520875515853,0.03280739504413338,3.4171013303414206,0.48359630247793334,0.03280739504413338,0.48359630247793334,3.4171013303414206,1,11.94482605245655,0.03256501434424092,3.4245167465035706,0.4837174928278795,0.03256501434424092,0.4837174928278795,3.4245167465035706,13.34758091650419,0.054577478629363754,2.9081339606399528,0.4250323731630002,0.054577478629363754,0.5203901482076361,2.9081339606399528,13.29482995162506,0.054934235884132175,2.9016185203802545,0.42426772634061916,0.054934235884132175,0.5207980377752487,2.9016185203802545,-0.5154828099611661,2.9411985473608926
2023_04_MIA_BUF,2023,4,BUF,MIA,28,2.5,2.5,53.0,11.856520875515853,0.004057822670548661,5.507108737264564,0.5,0.0,0.5,0.6931471805599453,0,12.02208205342789,0.004197698004182349,5.473218998193668,0.5,0.0,0.5,0.6931471805599453,13.34758091650419,0.004324024105477147,5.443568804411013,0.5148708506808766,0.0,0.48512914931912343,0.6638391851447424,13.736347303475629,0.004624128637760726,5.376467328414086,0.5142775154748584,0.0,0.4857224845251415,0.6649922458525458,-0.1306414088504777,18.75116537704703
2023_04_MIN_CAR,2023,4,CAR,MIN,-8,-4.5,-4.5,46.5,11.856520875515853,0.03127982190766926,3.464782056810069,0.5,0.0,0.5,0.6931471805599453,2,11.888739578291124,0.031203118822631548,3.467237226898763,0.5,0.0,0.5,0.6931471805599453,13.34758091650419,0.024830854304172284,3.6956682739253734,0.5380568016016058,0.0,0.4619431983983941,0.7723133426486466,13.444992460337643,0.024646591539043396,3.7031166623323655,0.5383466742077572,0.0,0.4616533257922429,0.7729410466472579,0.23833460552229635,3.514046485378281
2023_04_NE_DAL,2023,4,DAL,NE,35,6.5,6.5,43.0,11.856520875515853,0.0026740512266627547,5.92416064316997,0.5,0.0,0.5,0.6931471805599453,0,11.810395554657132,0.0026425934059725043,5.9359944932674855,0.5,0.0,0.5,0.6931471805599453,13.34758091650419,0.002893786110716779,5.845189561342181,0.46564868786259594,0.0,0.534351312137404,0.7643238178803625,13.209805676045207,0.0027951233536282695,5.879879039671559,0.4651185860994066,0.0,0.5348814139005934,0.7654628820381486,-0.04428160349841104,22.143547638431492
2023_04_PIT_HOU,2023,4,HOU,PIT,24,-3.0,-3.0,41.5,11.856520875515853,0.003300136506553697,5.7137914457429035,0.48359630247793334,0.03280739504413338,0.48359630247793334,0.7265048060979966,0,11.771206582739865,0.0032347300578946525,5.7338097987475205,0.4834774915740595,0.03304501685188099,0.4834774915740595,0.7267505182767411,13.34758091650419,0.003535628308925945,5.644864255985816,0.47147270528235696,0.0818675029654504,0.4466597917521926,0.7518940676990958,13.455788070253512,0.0036112378639232895,5.6237046668199255,0.4717601255935607,0.08171417353804682,0.4465257008683925,0.7512846310665037,-0.090086778922978,19.637552303802977
2023_04_SEA_NYG,2023,4,NYG,SEA,-21,-2.5,-2.5,46.5,11.856520875515853,0.009904049329695894,4.6148115822671745,0.5,0.0,0.5,0.6931471805599453,2,11.886993350696383,0.009933265424490051,4.61186601062299,0.5,0.0,0.5,0.6931471805599453,13.34758091650419,0.00979010128464913,4.626383476768094,0.48512914931912343,0.0,0.5148708506808766,0.6638391851447424,13.607380854462003,0.009955220466528579,4.609658195399945,0.4855294534791187,0.0,0.5144705465208813,0.6646169721477015,-0.00515338686722977,12.531432590359714
2023_04_TB_NO,2023,4,NO,TB,-17,4.0,4.0,41.0,11.856520875515853,0.007321472214055831,4.916943849092488,0.48359630247793334,0.03280739504413338,0.48359630247793334,0.7265048060979966,2,11.759753489318438,0.007223660707013219,4.9303934314381745,0.4834614105816303,0.03307717883673944,0.4834614105816303,0.7267837799283198,13.34758091650419,0.007522224399341719,4.8898933869751255,0.4482404781912289,0.02569187728486268,0.5260676445239084,0.6423254727564444,13.363573831681306,0.007524471440070963,4.88959471133631,0.44785249976976393,0.025627084224381667,0.5265204160058544,0.6414651713206794,-0.027349137756178088,13.983883828813104
2023_04_WAS_PHI,2023,4,PHI,WAS,3,9.5,9.5,43.0,11.856520875515853,0.027880236133116132,3.5798372235017166,0.5,0.0,0.5,0.6931471805599453,2,11.812998113026277,0.02794981287542636,3.5773447743792413,0.5,0.0,0.5,0.6931471805599453,13.34758091650419,0.07427218134481083,2.600018807262183,0.44327584905949957,0.0,0.5567241509405004,0.5856854024083502,12.974046882394983,0.0761708271473735,2.5747767354287068,0.44203312838775255,0.0,0.5579668716122475,0.5834556882338109,-1.0050604880730099,3.652908705602972
2023_05_BAL_PIT,2023,5,PIT,BAL,7,-4.5,-4.5,38.5,11.856520875515853,0.020015490642596556,3.9112487730935377,0.5,0.0,0.5,0.6931471805599453,0,11.69645702052746,0.020027191707338132,3.910664343460559,0.5,0.0,0.5,0.6931471805599453,13.34758091650419,0.03703850524855402,3.2957972250790823,0.5380568016016058,0.0,0.4619431983983941,0.6197911452083016,13.263227729065292,0.037176024551708396,3.2920912267814404,0.5386280186764394,0.0,0.46137198132356055,0.6187300786497916,-0.6191575463120973,6.418853380265707
2023_05_CAR_DET,2023,5,DET,CAR,18,9.5,9.5,43.5,11.856520875515853,0.02490870018859148,3.6925381313749277,0.5,0.0,0.5,0.6931471805599453,0,11.824799073494475,0.02493948774112431,3.691302878591376,0.5,0.0,0.5,0.6931471805599453,13.34758091650419,0.021337700566673258,3.8472797911788303,0.44327584905949957,0.0,0.5567241509405004,0.8135630186170862,12.984865162328758,0.021618650679349732,3.8341988794795894,0.44205324071584984,0.0,0.5579467592841502,0.816324950050195,0.14166074810466167,5.921591713326412
2023_05_CHI_WAS,2023,5,WAS,CHI,-20,6.0,6.0,45.5,11.856520875515853,0.0037893969737009363,5.575548382388558,0.48359630247793334,0.03280739504413338,0.48359630247793334,0.7265048060979966,2,11.867745203045223,0.0037986141997836814,5.573118963030728,0.4836118067396613,0.03277638652067738,0.4836118067396613,0.7264727462722331,13.34758091650419,0.004085171678847732,5.500391524907554,0.4517582968050356,0.02585620390963842,0.522385499285326,0.6493494592816544,13.30360613354813,0.004044900418473991,5.51029834719895,0.4512742538076637,0.02589769446602677,0.5228280517263095,0.6485026419647503,-0.06525003518960748,18.349953106181644
2023_05_CIN_ARI,2023,5,ARI,CIN,-14,-3.0,-3.0,45.5,11.856520875515853,0.020839674953896492,3.8708966594404663,0.48359630247793334,0.03280739504413338,0.48359630247793334,0.7265048060979966,2,11.865130583174338,0.02083771767289147,3.870990584750237,0.48360819776050706,0.03278360447898582,0.48360819776050706,0.7264802088539363,13.34758091650419,0.018120823713469205,4.010693520599795,0.47147270528235696,0.0818675029654504,0.4466597917521926,0.8059580664233104,13.545353536010424,0.01803773017972008,4.015289593787128,0.4719876993131501,0.08123423235324967,0.4467780683336002,0.8056932990849592,0.14439293434666167,6.9818432002329995
2023_05_DAL_SF,2023,5,SF,DAL,32,3.5,3.5,45.0,11.856520875515853,0.0026740512266627547,5.92416064316997,0.5,0.0,0.5,0.6931471805599453,0,11.854247816455056,0.002672499979120224,5.924740922877899,0.5,0.0,0.5,0.6931471805599453,13.34758091650419,0.002866315927869873,5.854727722619315,0.46026318437233116,0.0,0.5397368156276688,0.7759568131687993,13.4940050581026,0.002962431890134916,5.821744763456936,0.46007978123662563,0.0,0.5399202187633744,0.7763553670666105,-0.10241587971303456,21.80251114748124
2023_05_GB_LV,2023,5,LV,GB,4,1.0,1.0,45.0,11.856520875515853,0.03167675216238375,3.452172237418235,0.48359630247793334,0.03280739504413338,0.48359630247793334,0.7265048060979966,0,11.85207140464498,0.03168780515757752,3.4518233674576964,0.48359014826496227,0.032819703470075456,0.48359014826496227,0.7265175321095457,13.34758091650419,0.024906825529746813,3.6926133954143423,0.4993988793786156,0.02556454896975749,0.47503657165162694,0.6943501450744732,13.698037167671236,0.024339473744896523,3.7156558126549926,0.49932838963431897,0.02494938668340114,0.4757222236822799,0.6944913042209204,0.2634835752367577,3.191423537784858
2023_05_HOU_ATL,2023,5,ATL,HOU,2,2.5,2.5,42.0,11.856520875515853,0.032775350891372956,3.418078543321858,0.5,0.0,0.5,0.6931471805599453,2,11.782955797154141,0.03297944083229459,3.4118709167459462,0.5,0.0,0.5,0.6931471805599453,13.34758091650419,0.025590966233218045,3.6655158712888736,0.5148708506808766,0.0,0.48512914931912343,0.7233401362368878,13.507893240150642,0.02528461651573178,3.67755911103814,0.5146229688003483,0.0,0.48537703119965164,0.7228293061342169,0.2594805677162819,2.8540508037365804
2023_05_JAX_BUF,2023,5,BUF,JAX,-5,5.5,5.5,48.5,11.856520875515853,0.02166494534491012,3.832059746530113,0.5,0.0,0.5,0.6931471805599453,2,11.932934932814167,0.02163639296760317,3.833378522464427,0.5,0.0,0.5,0.6931471805599453,13.34758091650419,0.018810806505266682,3.973323760178653,0.46374608890380953,0.0,0.5362539110961905,0.6231475153470377,13.405163898499971,0.018761630095310525,3.975941447104834,0.46339152868851063,0.0,0.5366084713114894,0.6224865541016426,0.14388170057472127,5.727686587790922
2023_05_KC_MIN,2023,5,MIN,KC,-7,-3.5,-3.5,52.5,11.856520875515853,0.03127982190766926,3.464782056810069,0.5,0.0,0.5,0.6931471805599453,2,12.013126389912218,0.030910273873146987,3.476666662536149,0.5,0.0,0.5,0.6931471805599453,13.34758091650419,0.05206829509786363,2.955199054846476,0.5397368156276687,0.0,0.4602631843723312,0.7759568131687992,13.644809757595317,0.05127690640003298,2.9705147958019675,0.5396436262417502,0.0,0.4603563737582498,0.7757543638825248,-0.4942672610081016,3.451019722240379
2023_05_NO_NE,2023,5,NE,NO,-34,2.5,2.5,38.5,11.856520875515853,0.0008397078429995316,7.082456532578372,0.5,0.0,0.5,0.6931471805599453,2,11.694739035548862,0.0007905799919284886,7.142743714873878,0.5,0.0,0.5,0.6931471805599453,13.34758091650419,0.0008143956989034756,7.113064193489089,0.5148708506808766,0.0,0.48512914931912343,0.7233401362368878,13.423420771804606,0.0008378214622712295,7.084705532363335,0.5147548621185178,0.0,0.4852451378814821,0.7231010768049945,0.0022489997849630683,28.99531392534358
2023_05_NYG_MIA,2023,5,MIA,NYG,15,12.5,12.5,47.5,11.856520875515853,0.03201727118492936,3.441479797252265,0.5,0.0,0.5,0.6931471805599453,0,11.917607707426479,0.03186118178738084,3.4463668820500373,0.5,0.0,0.5,0.6931471805599453,13.34758091650419,0.026241711124371712,3.640405106499905,0.4508592727900047,0.0,0.5491407272099953,0.796600021897156,12.834261117756009,0.027200132444813032,3.6045334363974435,0.45002591735924535,0.0,0.5499740826407546,0.7984501037445936,0.16305363914517867,3.592420494651395
2023_05_NYJ_DEN,2023,5,DEN,NYJ,-10,2.5,2.5,42.5,11.856520875515853,0.018382473284179246,3.9963576072239753,0.5,0.0,0.5,0.6931471805599453,2,11.795005497095852,0.01837246930502079,3.996901968265009,0.5,0.0,0.5,0.6931471805599453,13.34758091650419,0.01638810019991484,4.111199805091476,0.5148708506808766,0.0,0.48512914931912343,0.7233401362368878,13.519423372339016,0.016360228991992087,4.112901950839963,0.5146051437371306,0.0,0.4853948562628694,0.7227925826496374,0.11654434361598787,7.339021816466724
2023_05_PHI_LA,2023,5,LA,PHI,-9,-3.5,-3.5,50.5,11.856520875515853,0.029184919903614326,3.5341031447668687,0.5,0.0,0.5,0.6931471805599453,2,11.97289575926164,0.028966189149410126,3.5416260205754204,0.5,0.0,0.5,0.6931471805599453,13.34758091650419,0.02351209210143088,3.7502404326636456,0.5397368156276687,0.0,0.4602631843723312,0.7759568131687992,13.606654890418051,0.023155162477296008,3.7655375221318677,0.5397133657873663,0.0,0.46028663421263377,0.7759058657027649,0.23143437736499894,4.156170768115192
2023_05_TEN_IND,2023,5,IND,TEN,7,-2.5,-2.5,43.5,11.856520875515853,0.023305448812246832,3.759068091147339,0.5,0.0,0.5,0.6931471805599453,0,11.818721263641796,0.023330373119961223,3.757999199936472,0.5,0.0,0.5,0.6931471805599453,13.34758091650419,0.04153881992283885,3.181126869150526,0.48512914931912343,0.0,0.5148708506808766,0.7233401362368878,13.542110862597701,0.04142562126748868,3.183855718377295,0.48542980680955017,0.0,0.5145701931904498,0.7227205808803678,-0.5752123727700442,5.436894389772469
2023_06_ARI_LA,2023,6,LA,ARI,17,7.0,7.0,48.0,11.856520875515853,0.02248802388556581,3.794772383231289,0.48359630247793334,0.03280739504413338,0.48359630247793334,0.7265048060979966,0,11.923573138411138,0.02245333840846797,3.796315971685858,0.4836884891155781,0.03262302176884374,0.4836884891155781,0.7263141970059793,13.34758091650419,0.01947964021950414,3.9383854501629396,0.4250323731630002,0.054577478629363754,0.5203901482076361,0.8555899408104353,13.275080879834153,0.019489914709279077,3.937858141599535,0.42419638255558945,0.055009177357522095,0.5207944400868885,0.857558764573938,0.1430857583682461,6.679325529470813
2023_06_BAL_TEN,2023,6,TEN,BAL,-8,-5.5,-5.5,42.5,11.856520875515853,0.03201727118492936,3.441479797252265,0.5,0.0,0.5,0.6931471805599453,2,11.797604664086364,0.03216922838219316,3.4367449236516516,0.5,0.0,0.5,0.6931471805599453,13.34758091650419,0.025346508901910193,3.675114274329629,0.5362539110961908,0.0,0.46374608890380925,0.7684180987266555,13.278138752165596,0.025425548982269647,3.6720007450576273,0.5367638581022212,0.0,0.46323614189777884,0.7695183292176555,0.23052094780536247,3.2908351740120114
2023_06_CAR_MIA,2023,6,MIA,CAR,21,14.0,14.0,47.5,11.856520875515853,0.027176660568676625,3.6053967413587484,0.48359630247793334,0.03280739504413338,0.48359630247793334,0.7265048060979966,0,11.918920727004217,0.027086753964338017,3.60871045419389,0.48368212621404744,0.03263574757190518,0.48368212621404744,0.7263273520500337,13.34758091650419,0.023409341917659657,3.754620109038064,0.44148082479957623,0.02696436447374913,0.5315548107266747,0.8176206918188559,12.719217326051384,0.024191382942888865,3.7217587859700014,0.4403300975371229,0.02826465139744489,0.5314052510654322,0.8202306116701614,0.11636204461125299,5.174013195291532
2023_06_DAL_LAC,2023,6,LAC,DAL,-3,-1.5,-1.5,49.5,11.856520875515853,0.03252032460939824,3.425890012513531,0.5,0.0,0.5,0.6931471805599453,2,11.950475925781555,0.0322692478747294,3.4336405804495875,0.5,0.0,0.5,0.6931471805599453,13.34758091650419,0.0811526629578566,2.5114231703060135,0.4868972963181373,0.0,0.5131027036818627,0.6672792517402412,13.75115272992609,0.07949403099534771,2.5320733419601575,0.48739206924585976,0.0,0.5126079307541402,0.6682439935484791,-0.8938166705533734,2.9415117514004168
2023_06_DEN_KC,2023,6,KC,DEN,11,10.5,10.5,47.5,11.856520875515853,0.032775350891372956,3.418078543321858,0.5,0.0,0.5,0.6931471805599453,0,11.915857239657798,0.03261256421722836,3.423057659422621,0.5,0.0,0.5,0.6931471805599453,13.34758091650419,0.02639503723350988,3.6345792700801653,0.4456797177615983,0.0,0.5543202822384017,0.8081547065456743,12.989273108936617,0.02705733002968239,3.609797329633704,0.4446223359942214,0.0,0.5553776640057786,0.8105300403103902,0.1917187863118457,3.178716997046173
2023_06_DET_TB,2023,6,TB,DET,-14,-3.0,-3.0,43.5,11.856520875515853,0.020839674953896492,3.8708966594404663,0.48359630247793334,0.03280739504413338,0.48359630247793334,0.7265048060979966,2,11.819155289298447,0.020847983112816965,3.8704980686145114,0.483544477086697,0.03291104582660598,0.483544477086697,0.726611978481544,13.34758091650419,0.018120823713469205,4.010693520599795,0.47147270528235696,0.0818675029654504,0.4466597917521926,0.8059580664233104,13.501526417109307,0.018050579576565282,4.014577485213745,0.4718768141283664,0.08146834861114421,0.4466548372604894,0.8059691588011633,0.14368082577327845,6.982939655467645
2023_06_IND_JAX,2023,6,JAX,IND,17,4.0,4.0,44.0,11.856520875515853,0.017579140211819277,4.041042295098617,0.48359630247793334,0.03280739504413338,0.48359630247793334,0.7265048060979966,0,11.831696349118504,0.017572444333384007,4.041423266744867,0.48356190776914054,0.032876184461718916,0.48356190776914054,0.7265759313977519,13.34758091650419,0.01586158164993509,4.143855342026712,0.4482404781912289,0.02569187728486268,0.5260676445239084,0.8024254089060515,13.431784830994669,0.015843529881674596,4.144994071357038,0.4480267165433429,0.025510826776147577,0.5264624566805095,0.8029024132038658,0.10395177625842145,8.42085474090212
2023_06_MIN_CHI,2023,6,CHI,MIN,-6,-3.0,-3.0,44.5,11.856520875515853,0.03167675216238375,3.452172237418235,0.48359630247793334,0.03280739504413338,0.48359630247793334,0.7265048060979966,2,11.84237893728342,0.03171190792595574,3.4510630242836617,0.48357672629354315,0.03284654741291376,0.48357672629354315,0.7265452873434626,13.34758091650419,0.02497341547574402,3.6899434008748555,0.47147270528235696,0.0818675029654504,0.4466597917521926,0.8059580664233104,13.523668464669708,0.0246646690500074,3.7023834621846547,0.47193294755189696,0.08134989506590982,0.4467171573821932,0.8058296421783485,0.2502112247664199,3.282900799082454
2023_06_NE_LV,2023,6,LV,NE,4,3.0,3.0,41.5,11.856520875515853,0.03267944008034862,3.4210091425413784,0.48359630247793334,0.03280739504413338,0.48359630247793334,0.7265048060979966,0,11.771206582739865,0.0329142661150017,3.4138490946802493,0.4834774915740595,0.03304501685188099,0.4834774915740595,0.7267505182767411,13.34758091650419,0.025558714612559354,3.6667769397608376,0.44665979175219295,0.08186750296545042,0.4714727052823567,0.8059580664233096,13.455788070253512,0.025339872873931118,3.675376120915812,0.4465257008683925,0.0817141735380468,0.47176012559356073,0.8062583195866574,0.25436697837443356,2.905030415275723
2023_06_NO_HOU,2023,6,HOU,NO,7,-2.0,-2.0,42.5,11.856520875515853,0.02411359536013946,3.7249794747156306,0.48359630247793334,0.03280739504413338,0.48359630247793334,0.7265048060979966,0,11.794572358273252,0.024163921300818125,3.722894613588196,0.483510202100701,0.03297959579859805,0.483510202100701,0.7266828637928879,13.34758091650419,0.042617578760452184,3.155488463863183,0.4732044590931871,0.025590297991459284,0.5012052429153536,0.7482277236484515,13.560061614559832,0.042446251968308084,3.1595166629777576,0.4737005003116108,0.025197852473634128,0.501101647214755,0.7471800128747941,-0.565462811737873,5.216424222861484
2023_06_NYG_BUF,2023,6,BUF,NYG,5,15.5,15.5,43.5,11.856520875515853,0.02166494534491012,3.832059746530113,0.5,0.0,0.5,0.6931471805599453,2,11.830011112402921,0.02167459224609758,3.8316145686679115,0.5,0.0,0.5,0.6931471805599453,13.34758091650419,0.01983341300273267,3.9203872381622262,0.45915259751630677,0.0,0.5408474024836932,0.6146181055730184,12.525512715878788,0.020257769121129508,3.899216898705692,0.45915323759027205,0.0,0.540846762409728,0.6146192890387078,0.06715715217557916,5.427743846701692
2023_06_PHI_NYJ,2023,6,NYJ,PHI,6,-6.5,-6.5,43.0,11.856520875515853,0.0183824732841793,3.996357607223972,0.5,0.0,0.5,0.6931471805599453,0,11.810395554657132,0.01837506925092547,3.99676046513249,0.5,0.0,0.5,0.6931471805599453,13.34758091650419,0.016578018630798705,4.099677639986754,0.5343513121374042,0.0,0.4656486878625959,0.6267017684375565,13.209805676045207,0.016559352575352335,4.100804226480564,0.5348814139005935,0.0,0.46511858609940643,0.625710212916083,0.10444661925659204,6.881850253043476
2023_06_SEA_CIN,2023,6,CIN,SEA,4,3.0,3.0,45.5,11.856520875515853,0.03267944008034862,3.4210091425413784,0.48359630247793334,0.03280739504413338,0.48359630247793334,0.7265048060979966,0,11.865130583174338,0.03265592721657706,3.421728901708868,0.48360819776050706,0.03278360447898582,0.48360819776050706,0.7264802088539363,13.34758091650419,0.025558714612559354,3.6667769397608376,0.44665979175219295,0.08186750296545042,0.4714727052823567,0.8059580664233096,13.545353536010424,0.025191987671339934,3.6812292845714367,0.44677806833360023,0.08123423235324968,0.4719876993131501,0.8056932990849591,0.2602201420300583,2.923238948491322
2023_06_SF_CLE,2023,6,CLE,SF,2,-9.5,-9.5,36.0,11.856520875515853,0.020015490642596556,3.9112487730935377,0.5,0.0,0.5,0.6931471805599453,0,11.633100604202559,0.020030051245257696,3.910521570882436,0.5,0.0,0.5,0.6931471805599453,13.34758091650419,0.017990120453569514,4.017932535457368,0.5567241509405003,0.0,0.4432758490594997,0.5856854024083504,12.808907299012638,0.01809111252882899,4.012334481807088,0.5582733713142933,0.0,0.4417266286857066,0.5829065238192667,0.10108570871354994,6.058481493443947
2023_06_WAS_ATL,2023,6,ATL,WAS,-8,1.5,1.5,42.0,11.856520875515853,0.02330544881224686,3.759068091147338,0.5,0.0,0.5,0.6931471805599453,2,11.782090420382055,0.02335434274466011,3.7569723273782385,0.5,0.0,0.5,0.6931471805599453,13.34758091650419,0.019731509628111082,3.9255384475254176,0.5131027036818627,0.0,0.48689729631813733,0.7197020686572512,13.589222458324848,0.019569014535478532,3.93380785471949,0.5127979212074893,0.0,0.4872020787925106,0.7190762957800547,0.17473976357215193,5.563712622320436
2023_07_ARI_SEA,2023,7,SEA,ARI,10,9.5,9.5,43.5,11.856520875515853,0.032775350891372956,3.418078543321858,0.5,0.0,0.5,0.6931471805599453,0,11.824799073494475,0.032863045781978295,3.4154064810160225,0.5,0.0,0.5,0.6931471805599453,13.34758091650419,0.02625266996534017,3.6399875821515773,0.44327584905949957,0.0,0.5567241509405004,0.8135630186170862,12.984865162328758,0.026910102064461948,3.6152535214425647,0.44205324071584984,0.0,0.5579467592841502,0.816324950050195,0.1971749781207066,3.1230702717773045
2023_07_ATL_TB,2023,7,TB,ATL,-3,3.0,3.0,37.5,11.856520875515853,0.028550958220686262,3.556064780547148,0.48359630247793334,0.03280739504413338,0.48359630247793334,0.7265048060979966,2,11.668615964406701,0.02888162033982561,3.544549860581751,0.48333232280865435,0.03333535438269131,0.48333232280865435,0.7270508229785274,13.34758091650419,0.07378127700053388,2.6066502787425487,0.44665979175219295,0.08186750296545042,0.4714727052823567,0.7518940676990964,13.357823093548717,0.07413408610636024,2.601879851012961,0.4462472705608777,0.08224591699354904,0.4715068124455732,0.7518217285600374,-0.9541849295341871,3.751544260246372
2023_07_BUF_NE,2023,7,NE,BUF,4,-7.5,-7.5,41.0,11.856520875515853,0.020015490642596556,3.9112487730935377,0.5,0.0,0.5,0.6931471805599453,0,11.762776843432794,0.020023108074105456,3.910868268688041,0.5,0.0,0.5,0.6931471805599453,13.34758091650419,0.017815284506044887,4.027698510024078,0.5610321017007591,0.0,0.43896789829924093,0.57797715281358,13.085736083333686,0.017847977401478154,4.025865088018207,0.5622875136151804,0.0,0.4377124863848197,0.5757419698434287,0.11461631492466973,6.1511910928538445
2023_07_CLE_IND,2023,7,IND,CLE,-1,-3.5,-3.5,40.0,11.856520875515853,0.03201727118492936,3.441479797252265,0.5,0.0,0.5,0.6931471805599453,0,11.734269901778733,0.03233415223583136,3.4316312625862015,0.5,0.0,0.5,0.6931471805599453,13.34758091650419,0.025199972177582786,3.680912388529544,0.5397368156276687,0.0,0.4602631843723312,0.6166736366985867,13.379902867540661,0.02511108601655098,3.6844458563874602,0.5401311811888763,0.0,0.4598688188111238,0.615943240798528,0.24296605913519542,2.997286039475285
2023_07_DET_BAL,2023,7,BAL,DET,32,3.0,3.0,43.5,11.856520875515853,0.0024912217444080786,5.994982028435126,0.48359630247793334,0.03280739504413338,0.48359630247793334,0.7265048060979966,0,11.819155289298447,0.0024667820382830996,6.004840796256979,0.483544477086697,0.03291104582660598,0.483544477086697,0.726611978481544,13.34758091650419,0.002663848757874099,5.9279833004854,0.44665979175219295,0.08186750296545042,0.4714727052823567,0.8059580664233096,13.501526417109307,0.0027619358505730843,5.891823449980513,0.4466548372604893,0.08146834861114421,0.4718768141283664,0.8059691588011634,-0.10315857845461274,22.23634609679458
2023_07_GB_DEN,2023,7,DEN,GB,2,1.5,1.5,44.0,11.856520875515853,0.032775350891372956,3.418078543321858,0.5,0.0,0.5,0.6931471805599453,0,11.829524077704395,0.032849953819363176,3.4158049398557577,0.5,0.0,0.5,0.6931471805599453,13.34758091650419,0.025556769603993643,3.666853042280317,0.5131027036818627,0.0,0.48689729631813733,0.6672792517402412,13.634876158035063,0.025044035539290067,3.6871195820260474,0.5127437635308121,0.0,0.487256236469188,0.6679790448909141,0.2690410387041893,2.8934300207747534
2023_07_JAX_NO,2023,7,NO,JAX,-7,2.5,2.5,41.0,11.856520875515853,0.02330544881224686,3.759068091147338,0.5,0.0,0.5,0.6931471805599453,2,11.758458004021193,0.023369708601253425,3.7563145994327956,0.5,0.0,0.5,0.6931471805599453,13.34758091650419,0.04153881992283875,3.181126869150529,0.5148708506808766,0.0,0.48512914931912343,0.7233401362368878,13.484445750519617,0.04149354288636857,3.182217456950899,0.5146593485305957,0.0,0.48534065146940425,0.7229042604302268,-0.5768506341964392,5.434490660137531
2023_07_LAC_KC,2023,7,KC,LAC,14,5.5,5.5,48.5,11.856520875515853,0.02490870018859148,3.6925381313749277,0.5,0.0,0.5,0.6931471805599453,0,11.932934932814167,0.02483428840716506,3.695529983655346,0.5,0.0,0.5,0.6931471805599453,13.34758091650419,0.02096237819867383,3.8650259622886254,0.46374608890380953,0.0,0.5362539110961905,0.7684180987266548,13.405163898499971,0.02088850715654382,3.868556168076161,0.46339152868851063,0.0,0.5366084713114894,0.7691829479267214,0.17601803670123317,5.728350228531731
2023_07_LV_CHI,2023,7,CHI,LV,18,-2.5,-2.5,38.5,11.856520875515853,0.007790741105320631,4.854819288153374,0.5,0.0,0.5,0.6931471805599453,0,11.694739035548862,0.007625903345149121,4.8762044920108885,0.5,0.0,0.5,0.6931471805599453,13.34758091650419,0.00792733468861277,4.8374384046720325,0.48512914931912343,0.0,0.5148708506808766,0.7233401362368878,13.423420771804606,0.007976802771349722,4.8312176030235,0.48524513788148205,0.0,0.514754862118518,0.7231010768049946,-0.02360168512987393,13.720948625991094
2023_07_MIA_PHI,2023,7,PHI,MIA,14,3.0,3.0,52.0,11.856520875515853,0.020839674953896492,3.8708966594404663,0.48359630247793334,0.03280739504413338,0.48359630247793334,0.7265048060979966,0,12.002760954116122,0.020804306144974194,3.872595287501149,0.4837960350895591,0.03240792982088175,0.4837960350895591,0.7260918761900215,13.34758091650419,0.01812082371346914,4.010693520599799,0.44665979175219295,0.08186750296545042,0.4714727052823567,0.8059580664233096,13.67638600434314,0.017998124040230008,4.017487746504474,0.4471435508929336,0.08054253671039663,0.4723139123966698,0.8048755929867122,0.14659108706400792,6.978856422090311
2023_07_PIT_LA,2023,7,LA,PIT,-7,3.5,3.5,44.0,11.856520875515853,0.02166494534491012,3.832059746530113,0.5,0.0,0.5,0.6931471805599453,2,11.831261862926258,0.021674140142794868,3.831635427561716,0.5,0.0,0.5,0.6931471805599453,13.34758091650419,0.03931899800972758,3.2360474669951214,0.46026318437233116,0.0,0.5397368156276688,0.6166736366985864,13.472159639178916,0.039329262909490986,3.2357864338914846,0.4600395035555883,0.0,0.5399604964444117,0.6162592968323259,-0.5962733126386284,5.9064610598224085
2023_07_SF_MIN,2023,7,MIN,SF,5,-7.0,-7.0,44.5,11.856520875515853,0.019195469316649172,3.9530810008856205,0.48359630247793334,0.03280739504413338,0.48359630247793334,0.7265048060979966,0,11.845858540108226,0.019195086611981882,3.953100938323777,0.48358154731574327,0.032836905368513525,0.48358154731574327,0.7265353178848296,13.34758091650419,0.01719599516136331,4.063078761729666,0.5203901482076362,0.05457747862936373,0.4250323731630001,0.6531764637150744,13.20281569416179,0.017190717761481424,4.063385705864463,0.5207803395733366,0.05528525038325403,0.42393441004340937,0.6524269392355648,0.1103047049788426,6.5115401689055386
2023_07_WAS_NYG,2023,7,NYG,WAS,7,-3.0,-3.0,37.0,11.856520875515853,0.02248802388556581,3.794772383231289,0.48359630247793334,0.03280739504413338,0.48359630247793334,0.7265048060979966,0,11.655096187279359,0.022587699110812376,3.7903498080141036,0.4833130015298043,0.03337399694039145,0.4833130015298043,0.7270907989208222,13.34758091650419,0.040438160487627085,3.207981373311853,0.47147270528235696,0.0818675029654504,0.4466597917521926,0.7518940676990958,13.344902310701686,0.040552453234435085,3.2051590012510736,0.4714730532673438,0.08231658705226938,0.44621035968038675,0.7518933296184932,-0.5896133819802154,5.662418939699183
2023_08_ATL_TEN,2023,8,TEN,ATL,5,-2.5,-2.5,35.0,11.856520875515853,0.02644420905709466,3.6327180838888005,0.5,0.0,0.5,0.6931471805599453,0,11.598866280190384,0.0267761268170994,3.620244578861613,0.5,0.0,0.5,0.6931471805599453,13.34758091650419,0.02177523666053159,3.8269818878511237,0.48512914931912343,0.0,0.5148708506808766,0.7233401362368878,13.331497761840625,0.021757616471733708,3.827791400138617,0.4850989590115705,0.0,0.5149010409884295,0.7234023696587056,0.1950733162498164,4.42884836793284
2023_08_BAL_ARI,2023,8,ARI,BAL,-7,-9.5,-9.5,44.5,11.856520875515853,0.03201727118492936,3.441479797252265,0.5,0.0,0.5,0.6931471805599453,0,11.848033811041628,0.03203907503697123,3.440799026207085,0.5,0.0,0.5,0.6931471805599453,13.34758091650419,0.0542423290892228,2.9142936958363874,0.5567241509405003,0.0,0.4432758490594997,0.5856854024083504,13.006159902871971,0.05569907445106485,2.8877917488644282,0.5579071591287008,0.0,0.44209284087129924,0.5835627119335451,-0.5536880483878366,2.9409999334160855
2023_08_CHI_LAC,2023,8,LAC,CHI,17,9.5,9.5,46.0,11.856520875515853,0.02644420905709466,3.6327180838888005,0.5,0.0,0.5,0.6931471805599453,0,11.88200668534332,0.026411429336973713,3.6339584330859513,0.5,0.0,0.5,0.6931471805599453,13.34758091650419,0.022338277353673303,3.8014535987138256,0.44327584905949957,0.0,0.5567241509405004,0.8135630186170862,13.037283778865119,0.02263517467654501,3.788250181024588,0.4421507448779399,0.0,0.5578492551220601,0.8161044032893254,0.15553209713578742,5.405624525175634
2023_08_CIN_SF,2023,8,SF,CIN,-14,4.0,4.0,44.0,11.856520875515853,0.010492310870429025,4.557112588134231,0.48359630247793334,0.03280739504413338,0.48359630247793334,0.7265048060979966,2,11.831696349118504,0.010468977098141333,4.559338957235302,0.48356190776914054,0.032876184461718916,0.48356190776914054,0.7265759313977519,13.34758091650419,0.010323071809603256,4.573373907250162,0.4482404781912289,0.02569187728486268,0.5260676445239084,0.6423254727564444,13.431784830994669,0.01036438833220334,4.5693795476477455,0.4480267165433429,0.025510826776147577,0.5264624566805095,0.6415752573000564,0.012266959513514308,11.37261844546014
2023_08_CLE_SEA,2023,8,SEA,CLE,4,4.0,4.0,39.5,11.856520875515853,0.03280739504413338,3.4171013303414206,0.48359630247793334,0.03280739504413338,0.48359630247793334,3.4171013303414206,1,11.72195915506729,0.03318375637973586,3.4056947884598037,0.4834081218101321,0.03318375637973586,0.4834081218101321,3.4056947884598037,13.34758091650419,0.02569187728486268,3.6615803959928805,0.4482404781912289,0.02569187728486268,0.5260676445239084,3.6615803959928805,13.327712376350496,0.025688650069007873,3.661706016185014,0.44776054503104523,0.025688650069007873,0.5265508048999469,3.661706016185014,0.2446046858435933,2.828999367010065
2023_08_HOU_CAR,2023,8,CAR,HOU,2,-3.0,-3.0,43.0,11.856520875515853,0.02977832632520816,3.5139744546082405,0.48359630247793334,0.03280739504413338,0.48359630247793334,0.7265048060979966,0,11.807359961236667,0.02987830016398818,3.5106228090911626,0.48352804913157593,0.03294390173684819,0.48352804913157593,0.7266459530898124,13.34758091650419,0.023845188722068485,3.7361728127290488,0.47147270528235696,0.0818675029654504,0.4466597917521926,0.7518940676990958,13.490277683257432,0.023622063162399336,3.7455741239158034,0.47184820826084667,0.0815286634165923,0.446623128322561,0.7510979377862906,0.23159966930756282,3.5073885024427858
2023_08_JAX_PIT,2023,8,PIT,JAX,-10,-2.5,-2.5,41.0,11.856520875515853,0.026444209057094548,3.632718083888805,0.5,0.0,0.5,0.6931471805599453,2,11.758458004021193,0.026570440193927125,3.6279559520188176,0.5,0.0,0.5,0.6931471805599453,13.34758091650419,0.02177523666053159,3.8269818878511237,0.48512914931912343,0.0,0.5148708506808766,0.6638391851447424,13.484445750519617,0.021617632021183584,3.834246000004422,0.4853406514694042,0.0,0.5146593485305958,0.6642500563429222,0.20152791611561716,4.942775893664537
2023_08_KC_DEN,2023,8,DEN,KC,15,-7.0,-7.0,45.5,11.856520875515853,0.006451166211606574,5.043494356517233,0.48359630247793334,0.03280739504413338,0.48359630247793334,0.7265048060979966,0,11.868616871031916,0.006463104004360676,5.041645580557815,0.483613009556359,0.032773980887282006,0.483613009556359,0.726470259122033,13.34758091650419,0.006776834758541726,4.994245135810723,0.5203901482076362,0.05457747862936373,0.4250323731630001,0.6531764637150744,13.223986281194014,0.006662922195931454,5.011197122502564,0.5207846240383441,0.055204070376832136,0.4240113055848237,0.65241871225951,-0.03229723401466966,14.534197339464253
2023_08_LA_DAL,2023,8,DAL,LA,23,6.5,6.5,44.5,11.856520875515853,0.012399075853575914,4.390133337085917,0.5,0.0,0.5,0.6931471805599453,0,11.845423533848844,0.01238996932067582,4.390868059480082,0.5,0.0,0.5,0.6931471805599453,13.34758091650419,0.011998459063805863,4.422977048789091,0.46564868786259594,0.0,0.534351312137404,0.7643238178803625,13.242502240503248,0.011925296873945291,4.429093347427858,0.4651473012849111,0.0,0.5348526987150889,0.7654011466012094,0.038960010341940965,11.279900684795109
2023_08_LV_DET,2023,8,DET,LV,12,7.0,7.0,46.0,11.856520875515853,0.02977832632520816,3.5139744546082405,0.48359630247793334,0.03280739504413338,0.48359630247793334,0.7265048060979966,0,11.879825177070696,0.029731128237985738,3.5155606932140326,0.4836284602125171,0.03274307957496575,0.4836284602125171,0.7264383112441921,13.34758091650419,0.02414923727503258,3.7235024821966887,0.4250323731630002,0.054577478629363754,0.5203901482076361,0.8555899408104353,13.234410169509946,0.024275569163576066,3.718284818588323,0.42404912172786896,0.05516419167766888,0.5207866865944621,0.8579059773288686,0.2043103639800825,4.202850882185973
2023_08_MIN_GB,2023,8,GB,MIN,-14,-1.0,-1.0,41.5,11.856520875515853,0.017579140211819277,4.041042295098617,0.48359630247793334,0.03280739504413338,0.48359630247793334,0.7265048060979966,2,11.769477618485674,0.01755489062907864,4.042422699567498,0.4834750659837668,0.0330498680324664,0.4834750659837668,0.7267555352556482,13.34758091650419,0.015782972039434597,4.148823639129076,0.4750365716516272,0.025564548969757496,0.49939887937861527,0.6943501450744739,13.618306853573925,0.015774879355057527,4.149336518440998,0.47557773407251636,0.025078213441964026,0.4993440524855196,0.6944599368765513,0.10829422334238092,8.10391223472773
2023_08_NE_MIA,2023,8,MIA,NE,14,7.5,7.5,46.5,11.856520875515853,0.027880236133116076,3.5798372235017184,0.5,0.0,0.5,0.6931471805599453,0,11.89135940067937,0.027824682200998208,3.581831803233526,0.5,0.0,0.5,0.6931471805599453,13.34758091650419,0.023028784988097344,3.771010324331239,0.43896789829924077,0.0,0.5610321017007592,0.823328993183796,13.20503622776159,0.023165815630712384,3.765077551119193,0.4380193691787364,0.0,0.5619806308212636,0.8254921477141878,0.18524032761747478,4.855526813511594
2023_08_NO_IND,2023,8,IND,NO,-11,-2.0,-2.0,43.5,11.856520875515853,0.02411359536013946,3.7249794747156306,0.48359630247793334,0.03280739504413338,0.48359630247793334,0.7265048060979966,2,11.818287253923527,0.02414470120486259,3.7236903347647794,0.48354326924626007,0.032913461507479924,0.48354326924626007,0.7266144763736775,13.34758091650419,0.020271022591988628,3.8985628712466274,0.4732044590931871,0.025590297991459284,0.5012052429153536,0.6907395952899695,13.582817301493707,0.02008944922523183,3.9075605159003493,0.4737502298989668,0.025160519453379885,0.5010892506476533,0.6909710487579134,0.18258104118471863,5.687541691949098
2023_08_NYJ_NYG,2023,8,NYG,NYJ,-3,-3.0,-3.0,35.0,11.856520875515853,0.03280739504413338,3.4171013303414206,0.48359630247793334,0.03280739504413338,0.48359630247793334,3.4171013303414206,1,11.599292231986807,0.03353444946077855,3.3951820264198673,0.4832327752696107,0.03353444946077855,0.4832327752696107,3.3951820264198673,13.34758091650419,0.0818675029654504,2.5026531560534133,0.47147270528235696,0.0818675029654504,0.4466597917521926,2.5026531560534133,13.291544504207177,0.08260976923734278,2.493627333810211,0.47133276594133067,0.08260976923734278,0.4460574648213266,2.493627333810211,-0.9234739965312095,2.7637930418575616
2023_08_PHI_WAS,2023,8,WAS,PHI,-7,-7.0,-7.0,42.5,11.856520875515853,0.03280739504413338,3.4171013303414206,0.48359630247793334,0.03280739504413338,0.48359630247793334,3.4171013303414206,1,11.798904462357521,0.03296749493065981,3.412233205050239,0.48351625253467007,0.03296749493065981,0.48351625253467007,3.412233205050239,13.34758091650419,0.05457747862936373,2.908133960639953,0.5203901482076362,0.05457747862936373,0.4250323731630001,2.908133960639953,13.159116128672615,0.05545361904065948,2.892208300576868,0.5207710872226547,0.05545361904065948,0.42377529373668577,2.892208300576868,-0.5248930297645527,2.9123929895238447
2023_08_TB_BUF,2023,8,BUF,TB,6,10.0,10.0,43.0,11.856520875515853,0.030829104961624998,3.4792960689156502,0.48359630247793334,0.03280739504413338,0.48359630247793334,0.7265048060979966,2,11.813431928508397,0.030927509490056404,3.476109216378853,0.483536509963229,0.032926980073542056,0.483536509963229,0.7266284551232626,13.34758091650419,0.02514985341792578,3.682903210766464,0.4312886191556188,0.0263418542030033,0.5423695266413779,0.6118077263800811,12.935164871768656,0.02580233377465309,3.6572903347635943,0.42967979216051705,0.027106279987931196,0.5432139278515518,0.6102520626916323,0.1779942658479441,3.112365257067261
2023_09_ARI_CLE,2023,9,CLE,ARI,27,13.0,13.0,38.0,11.856520875515853,0.016010853632683286,4.1344884346764,0.48359630247793334,0.03280739504413338,0.48359630247793334,0.7265048060979966,0,11.690555107620176,0.01592943558690485,4.139586586516187,0.48336358130327783,0.03327283739344433,0.48336358130327783,0.726986152187017,13.34758091650419,0.015340500778051054,4.177258838331344,0.4388113492458621,0.02680132067265812,0.5343873300814798,0.8236856866359966,12.591588508072777,0.015170750978976398,4.1883859826296925,0.43721691250083516,0.028358349783861647,0.5344247377153032,0.8273258397572357,0.0538975479532926,9.532618508151554
2023_09_BUF_CIN,2023,9,CIN,BUF,6,1.5,1.5,51.0,11.856520875515853,0.030327536530024846,3.4956991828017534,0.5,0.0,0.5,0.6931471805599453,0,11.981327995222442,0.03006037127814165,3.5045475434980005,0.5,0.0,0.5,0.6931471805599453,13.34758091650419,0.024120032519352044,3.7247125588922185,0.5131027036818627,0.0,0.48689729631813733,0.6672792517402412,13.780781049287436,0.023499051754375458,3.7507952095237824,0.5125737936890737,0.0,0.4874262063109263,0.6683105906488082,0.255096026722029,3.6426518380116693
2023_09_CHI_NO,2023,9,NO,CHI,7,9.0,9.0,42.0,11.856520875515853,0.03229909805954051,3.432715972996639,0.48359630247793334,0.03280739504413338,0.48359630247793334,0.7265048060979966,2,11.788582295671398,0.03247926846899357,3.4271532864486507,0.48350182876055686,0.03299634247888633,0.48350182876055686,0.7267001817576642,13.34758091650419,0.05445598534130549,2.910362512020718,0.42902985339486155,0.026203895361276628,0.5447662512438618,0.6073984731216865,12.990988346933971,0.055987934115993364,2.8826190736767097,0.42742266008913365,0.02684444543752016,0.5457328944733462,0.6056256271979473,-0.5500968993199296,2.898215043541303
2023_09_DAL_PHI,2023,9,PHI,DAL,5,3.5,3.5,46.5,11.856520875515853,0.03252032460939824,3.425890012513531,0.5,0.0,0.5,0.6931471805599453,0,11.887866432430485,0.032436130588844425,3.428482335861426,0.5,0.0,0.5,0.6931471805599453,13.34758091650419,0.025493607666473142,3.6693275379893273,0.46026318437233116,0.0,0.5397368156276688,0.7759568131687993,13.525942961331177,0.025161441395384142,3.682442559626147,0.4601385712237295,0.0,0.5398614287762705,0.7762275930724782,0.2565525471126162,3.0190680574388042
2023_09_IND_CAR,2023,9,CAR,IND,-14,-1.5,-1.5,45.0,11.856520875515853,0.018382473284179246,3.9963576072239753,0.5,0.0,0.5,0.6931471805599453,2,11.85250665503792,0.018381851894976486,3.9963914111466523,0.5,0.0,0.5,0.6931471805599453,13.34758091650419,0.01636620115237123,4.112536976082919,0.4868972963181373,0.0,0.5131027036818627,0.6672792517402412,13.656985425563233,0.016333308375814693,4.114548797552133,0.4872822952899615,0.0,0.5127177047100385,0.6680298684890428,0.11819119032815761,7.810440467244323
2023_09_LAC_NYJ,2023,9,NYJ,LAC,-21,-3.0,-3.0,41.0,11.856520875515853,0.010492310870429025,4.557112588134231,0.48359630247793334,0.03280739504413338,0.48359630247793334,0.7265048060979966,2,11.758889816595714,0.010399669142774182,4.565981286535651,0.48346019665215456,0.03307960669569088,0.48346019665215456,0.7267862908443375,13.34758091650419,0.010299373510568746,4.575672209813042,0.47147270528235696,0.0818675029654504,0.4466597917521926,0.8059580664233104,13.444034122003515,0.010348823337173435,4.570882452963262,0.4717299775778928,0.08177759531238293,0.44649242710972425,0.8063328393699433,0.013769864829030531,12.2020689494574
2023_09_LA_GB,2023,9,GB,LA,17,3.5,3.5,38.0,11.856520875515853,0.01678787646415536,4.087098292118082,0.5,0.0,0.5,0.6931471805599453,0,11.682401042598762,0.016718963364234618,4.091211672994379,0.5,0.0,0.5,0.6931471805599453,13.34758091650419,0.015263857760828455,4.18226748292363,0.46026318437233116,0.0,0.5397368156276688,0.7759568131687993,13.330514599355254,0.015238885535504218,4.183904858989176,0.4597770574462734,0.0,0.5402229425537266,0.7770135647090058,0.09680656687109401,8.744244697030455
2023_09_MIA_KC,2023,9,KC,MIA,7,1.0,1.0,51.0,11.856520875515853,0.028550958220686318,3.556064780547146,0.48359630247793334,0.03280739504413338,0.48359630247793334,0.7265048060979966,0,11.980888014223513,0.02833492458922182,3.56366015076442,0.4837664711459363,0.03246705770812741,0.4837664711459363,0.726152986337307,13.34758091650419,0.04843796323267897,3.0274714084009293,0.4993988793786156,0.02556454896975749,0.47503657165162694,0.6943501450744732,13.822204910560897,0.04742705132089129,3.0485625100977245,0.49930488234248416,0.024751458343925458,0.47594365931359045,0.6945383831486885,-0.5075022704494216,4.125179232014302
2023_09_MIN_ATL,2023,9,ATL,MIN,-3,3.5,3.5,38.5,11.856520875515853,0.027880236133116132,3.5798372235017166,0.5,0.0,0.5,0.6931471805599453,2,11.695597996493467,0.028138446993414223,3.57061841739687,0.5,0.0,0.5,0.6931471805599453,13.34758091650419,0.0725439210783463,2.6235630925718927,0.46026318437233116,0.0,0.5397368156276688,0.6166736366985864,13.343083848927499,0.07294554647098202,2.6180420549381593,0.4598004361841195,0.0,0.5401995638158805,0.615816645073262,-0.9617951685635573,3.9053971560442386
2023_09_NYG_LV,2023,9,LV,NYG,24,1.0,1.0,38.5,11.856520875515853,0.00566817850831558,5.1728874635925415,0.48359630247793334,0.03280739504413338,0.48359630247793334,0.7265048060979966,0,11.69345071241441,0.005510598707759828,5.201082003324597,0.48336769815542635,0.0332646036891473,0.48336769815542635,0.7269776351311691,13.34758091650419,0.005923998755845546,5.128743592595927,0.4993988793786156,0.02556454896975749,0.47503657165162694,0.6943501450744732,13.54483399902198,0.006079702988859138,5.102799434713876,0.4993588927144509,0.025198153077857673,0.4754429542076915,0.6944302178715085,-0.07008802887866583,16.35554317119323
2023_09_SEA_BAL,2023,9,BAL,SEA,34,6.0,6.0,44.5,11.856520875515853,0.002869344286553055,5.8536717468985175,0.48359630247793334,0.03280739504413338,0.48359630247793334,0.7265048060979966,0,11.844988543563852,0.0028611508825971965,5.856531328591642,0.4835803421927111,0.0328393156145777,0.4835803421927111,0.7265378099661352,13.34758091650419,0.0031015052744778936,5.775867712930948,0.4517582968050356,0.02585620390963842,0.522385499285326,0.7946079837569552,13.28230808124349,0.0030509038992606167,5.792317371855573,0.451232954932144,0.025935391989482356,0.5228316530783736,0.7957715430520232,-0.06135437504294483,21.600713031507244
2023_09_TB_HOU,2023,9,HOU,TB,2,2.5,2.5,39.5,11.856520875515853,0.032775350891372956,3.418078543321858,0.5,0.0,0.5,0.6931471805599453,2,11.720667833293064,0.033154239914128414,3.4065846696502002,0.5,0.0,0.5,0.6931471805599453,13.34758091650419,0.025590966233218045,3.6655158712888736,0.5148708506808766,0.0,0.48512914931912343,0.7233401362368878,13.448259932636338,0.025383738176755107,3.6736465392535274,0.5147158392620489,0.0,0.4852841607379511,0.7230206611873607,0.25556799593166923,2.8418792027003783
2023_09_TEN_PIT,2023,9,PIT,TEN,4,3.5,3.5,37.0,11.856520875515853,0.032775350891372956,3.418078543321858,0.5,0.0,0.5,0.6931471805599453,0,11.655524204038802,0.03333904354635586,3.401026089942744,0.5,0.0,0.5,0.6931471805599453,13.34758091650419,0.025641789207993544,3.663531867461287,0.46026318437233116,0.0,0.5397368156276688,0.7759568131687993,13.304908880883263,0.025677129341550017,3.662154592174057,0.4597293769809637,0.0,0.5402706230190363,0.7771172735327121,0.2440760488521989,2.8432115772297912
2023_09_WAS_NE,2023,9,NE,WAS,-3,2.5,2.5,40.5,11.856520875515853,0.029184919903614326,3.5341031447668687,0.5,0.0,0.5,0.6931471805599453,2,11.746003691235673,0.029394994332207713,3.5269308799427797,0.5,0.0,0.5,0.6931471805599453,13.34758091650419,0.07494514043287377,2.5909988939888873,0.5148708506808766,0.0,0.48512914931912343,0.7233401362368878,13.472522302044688,0.07484342688826513,2.5923569890966953,0.5146779158983554,0.0,0.4853220841016446,0.7229425175242338,-0.9417461556701734,3.623911063980945
2023_10_ATL_ARI,2023,10,ARI,ATL,2,-2.0,-2.0,43.5,11.856520875515853,0.030829104961625053,3.4792960689156485,0.48359630247793334,0.03280739504413338,0.48359630247793334,0.7265048060979966,0,11.818287253923527,0.030916392545666027,3.4764687326494697,0.48354326924626007,0.032913461507479924,0.48354326924626007,0.7266144763736775,13.34758091650419,0.024432306034586782,3.7118490046107184,0.4732044590931871,0.025590297991459284,0.5012052429153536,0.7482277236484515,13.582817301493707,0.02406012775809243,3.7271992584707982,0.4737502298989668,0.025160519453379885,0.5010892506476533,0.7470750373107548,0.24790318955514978,3.2993695422368132
2023_10_CAR_CHI,2023,10,CHI,CAR,3,3.0,3.0,38.0,11.856520875515853,0.03280739504413338,3.4171013303414206,0.48359630247793334,0.03280739504413338,0.48359630247793334,3.4171013303414206,1,11.68197203886206,0.033297267461019464,3.4022799435903432,0.48335136626949027,0.033297267461019464,0.48335136626949027,3.4022799435903432,13.34758091650419,0.08186750296545042,2.502653156053413,0.44665979175219295,0.08186750296545042,0.4714727052823567,2.502653156053413,13.370584997795849,0.08217623961832475,2.4988890744428067,0.44628368438776866,0.08217623961832475,0.4715400759939066,2.4988890744428067,-0.9182122558986139,2.7802897828587017
2023_10_CLE_BAL,2023,10,BAL,CLE,-2,6.0,6.0,38.5,11.856520875515853,0.025686889273257324,3.6617745622586426,0.48359630247793334,0.03280739504413338,0.48359630247793334,0.7265048060979966,2,11.697745674881181,0.02586581428560661,3.6548330938800646,0.4833738008071131,0.03325239838577376,0.4833738008071131,0.7269650099326163,13.34758091650419,0.021502000478548142,3.8396093026631184,0.4517582968050356,0.02585620390963842,0.522385499285326,0.6493494592816544,13.144338765049856,0.021649341882944664,3.83278022301208,0.4509648741706692,0.026182421119349993,0.5228527047099808,0.6484554899376634,0.17100566075343737,4.418164902867218
2023_10_DEN_BUF,2023,10,BUF,DEN,-2,7.5,7.5,47.5,11.856520875515853,0.02330544881224686,3.759068091147338,0.5,0.0,0.5,0.6931471805599453,2,11.913232020074426,0.02326770295580924,3.760689019225819,0.5,0.0,0.5,0.6931471805599453,13.34758091650419,0.02007180947656954,3.908438961963387,0.43896789829924077,0.0,0.5610321017007592,0.5779771528135799,13.225308587019528,0.02011960502147869,3.906060565082522,0.438071360486872,0.0,0.561928639513128,0.5763804131058633,0.146992473935184,5.05658556214254
2023_10_DET_LAC,2023,10,LAC,DET,-3,-2.5,-2.5,48.5,11.856520875515853,0.032775350891372956,3.418078543321858,0.5,0.0,0.5,0.6931471805599453,2,11.930305950791084,0.032573169029095184,3.4242663654068144,0.5,0.0,0.5,0.6931471805599453,13.34758091650419,0.08173358137816567,2.504290328786527,0.48512914931912343,0.0,0.5148708506808766,0.6638391851447424,13.648756764938764,0.08056103879520116,2.5187401359776924,0.4855919358253207,0.0,0.5144080641746793,0.6647384293256996,-0.8993384073441657,2.8540173245402256
2023_10_GB_PIT,2023,10,PIT,GB,4,3.0,3.0,38.5,11.856520875515853,0.03267944008034862,3.4210091425413784,0.48359630247793334,0.03280739504413338,0.48359630247793334,0.7265048060979966,0,11.69516850813528,0.033126409488854036,3.407424444974088,0.4833701394844922,0.03325972103101554,0.4833701394844922,0.7269725844773707,13.34758091650419,0.025558714612559354,3.6667769397608376,0.44665979175219295,0.08186750296545042,0.4714727052823567,0.8059580664233096,13.383192029468304,0.025461064228219112,3.6706048867178667,0.4463196142326489,0.08210752818803166,0.4715728575793195,0.806719959774309,0.24959574417648822,2.890282547356609
2023_10_HOU_CIN,2023,10,CIN,HOU,-3,5.5,5.5,46.0,11.856520875515853,0.024908700188591537,3.6925381313749255,0.5,0.0,0.5,0.6931471805599453,2,11.878516464361304,0.024887316167605034,3.69339699615431,0.5,0.0,0.5,0.6931471805599453,13.34758091650419,0.0669505882961631,2.703800419786279,0.46374608890380953,0.0,0.5362539110961905,0.6231475153470377,13.354113818551012,0.06729427171482623,2.6986801616326592,0.4633290095963378,0.0,0.5366709904036622,0.622370053051406,-0.9938579697422663,4.639695648365588
2023_10_IND_NE,2023,10,NE,IND,-4,-1.0,-1.0,42.0,11.856520875515853,0.03167675216238375,3.452172237418235,0.48359630247793334,0.03280739504413338,0.48359630247793334,0.7265048060979966,2,11.781657755829785,0.03186370831637031,3.4462875871626966,0.48349213854101936,0.03301572291796129,0.48349213854101936,0.7267202237018034,13.34758091650419,0.024906825529746865,3.69261339541434,0.4750365716516272,0.025564548969757496,0.49939887937861527,0.6943501450744739,13.630070510689555,0.024440483569778015,3.711514358877019,0.4755991675034245,0.02505911954954216,0.49934171294703333,0.694464622111021,0.2593421214587841,3.178844670018035
2023_10_NO_MIN,2023,10,MIN,NO,8,-3.0,-3.0,41.0,11.856520875515853,0.020839674953896492,3.8708966594404663,0.48359630247793334,0.03280739504413338,0.48359630247793334,0.7265048060979966,0,11.758889816595714,0.02086073459130955,3.86988661472229,0.48346019665215456,0.03307960669569088,0.48346019665215456,0.7267862908443375,13.34758091650419,0.018120823713469132,4.010693520599799,0.47147270528235696,0.0818675029654504,0.4466597917521926,0.7518940676990958,13.444034122003515,0.01806712196862607,4.013661458306727,0.4717299775778928,0.08177759531238293,0.44649242710972425,0.7513485385003533,0.14276479886626037,6.283777326023227
2023_10_NYG_DAL,2023,10,DAL,NYG,32,17.5,17.5,38.5,11.856520875515853,0.01525000802120291,4.183175249948336,0.5,0.0,0.5,0.6931471805599453,0,11.70763007621234,0.015164342658066876,4.188808484770712,0.5,0.0,0.5,0.6931471805599453,13.34758091650419,0.015149795491905451,4.189768246001998,0.4647201890230087,0.0,0.5352798109769913,0.7663197985519263,12.267565172047041,0.014834814412267491,4.210778535444501,0.46565685211359176,0.0,0.5343431478864082,0.7643062849641593,0.02760328549616453,9.764464909196224
2023_10_NYJ_LV,2023,10,LV,NYJ,4,-1.0,-1.0,35.5,11.856520875515853,0.02977832632520816,3.5139744546082405,0.48359630247793334,0.03280739504413338,0.48359630247793334,0.7265048060979966,0,11.611805374813953,0.030281517734129793,3.4972177283490145,0.4832508317224559,0.033498336555088104,0.4832508317224559,0.7272194397933549,13.34758091650419,0.02378160711742827,3.738842807268533,0.4750365716516272,0.025564548969757496,0.49939887937861527,0.7443634849605069,13.465843494173233,0.023591679760972595,3.7468611816129775,0.47529627493651183,0.025328430447266417,0.49937529461622177,0.7438169326819407,0.232886727004737,3.5741550003964333
2023_10_SF_JAX,2023,10,JAX,SF,-31,-3.0,-3.0,44.5,11.856520875515853,0.0028693442865530792,5.853671746898509,0.48359630247793334,0.03280739504413338,0.48359630247793334,0.7265048060979966,2,11.84237893728342,0.0028592970732084846,5.857179462957317,0.48357672629354315,0.03284654741291376,0.48357672629354315,0.7265452873434626,13.34758091650419,0.003074719193228339,5.784541701168852,0.47147270528235696,0.0818675029654504,0.4466597917521926,0.8059580664233104,13.523668464669708,0.0031945374742119595,5.74631296713704,0.47193294755189696,0.08134989506590982,0.4467171573821932,0.8058296421783485,-0.10735877976146835,21.263505231522892
2023_10_TEN_TB,2023,10,TB,TEN,14,2.5,2.5,39.5,11.856520875515853,0.020015490642596556,3.9112487730935377,0.5,0.0,0.5,0.6931471805599453,0,11.720667833293064,0.02002582864317448,3.910732406450678,0.5,0.0,0.5,0.6931471805599453,13.34758091650419,0.017536675913979036,4.043460824594667,0.5148708506808766,0.0,0.48512914931912343,0.6638391851447424,13.448259932636338,0.017491784032812943,4.046023992133972,0.5147158392620489,0.0,0.4852841607379511,0.6641402990218216,0.13477521904043455,7.257727796436268
2023_10_WAS_SEA,2023,10,SEA,WAS,3,6.0,6.0,44.0,11.856520875515853,0.03167675216238375,3.452172237418235,0.48359630247793334,0.03280739504413338,0.48359630247793334,0.7265048060979966,2,11.833434453452199,0.03173418179160059,3.450360889080087,0.48356432062922206,0.03287135874155589,0.48356432062922206,0.7265709416456169,13.34758091650419,0.08045607705317795,2.5200438701346153,0.4517582968050356,0.02585620390963842,0.522385499285326,0.6493494592816544,13.271491972857024,0.08128654998955245,2.509774712897419,0.4512119726588981,0.025954580694682396,0.5228334466464195,0.6484923232906509,-0.9423975245208158,2.923507024671957
2023_11_ARI_HOU,2023,11,HOU,ARI,5,5.5,5.5,48.0,11.856520875515853,0.032775350891372956,3.418078543321858,0.5,0.0,0.5,0.6931471805599453,2,11.922259606311547,0.03259509608436295,3.4235934287847622,0.5,0.0,0.5,0.6931471805599453,13.34758091650419,0.025790895078823702,3.6577337532613705,0.46374608890380953,0.0,0.5362539110961905,0.6231475153470377,13.395152390560972,0.025672004648678186,3.6623541940948927,0.46337926085843406,0.0,0.5366207391415659,0.6224636925731682,0.2442756507730346,2.8826410810032597
2023_11_CHI_DET,2023,11,DET,CHI,5,8.0,8.0,48.0,11.856520875515853,0.03167675216238375,3.452172237418235,0.48359630247793334,0.03280739504413338,0.48359630247793334,0.7265048060979966,2,11.924448906875481,0.03150892297334568,3.457484504268536,0.4836896863114261,0.032620627377147715,0.4836896863114261,0.7263117218708597,13.34758091650419,0.025405178144472296,3.672802261779476,0.4269368656749439,0.026076061760022116,0.546987072565034,0.6033301101757457,13.195631746341244,0.025627279613928907,3.6640978849367523,0.4258759668047505,0.026319891476617865,0.5478041417186317,0.6018374615416683,0.2119256475185174,2.986805943293441
2023_11_CIN_BAL,2023,11,BAL,CIN,14,4.0,4.0,46.5,11.856520875515853,0.02248802388556581,3.794772383231289,0.48359630247793334,0.03280739504413338,0.48359630247793334,0.7265048060979966,0,11.888302997344693,0.022471672974562207,3.7954997418598557,0.48364012755910296,0.03271974488179413,0.48364012755910296,0.726414186928084,13.34758091650419,0.019278641032842096,3.948757478132421,0.4482404781912289,0.02569187728486268,0.5260676445239084,0.8024254089060515,13.485406969537651,0.019185440997104158,3.9536035689899856,0.44816304087408776,0.025420203175336026,0.5264167559505762,0.8025981822512845,0.1588311857586966,6.459486645596319
2023_11_DAL_CAR,2023,11,CAR,DAL,-23,-11.0,-11.0,43.0,11.856520875515853,0.019195469316649116,3.9530810008856236,0.48359630247793334,0.03280739504413338,0.48359630247793334,0.7265048060979966,2,11.814299607266987,0.019193782455670744,3.953168882826614,0.483537718299111,0.03292456340177802,0.483537718299111,0.726625956171586,13.34758091650419,0.017546221036660682,4.042916677802536,0.539822659587619,0.026488455455564497,0.43368888495681657,0.8354278568833029,12.857750078596958,0.017604234570692233,4.039615805270202,0.5404961757215074,0.027426746946519916,0.4320770773319726,0.8391512869030008,0.08653480438457839,8.095335218590153
2023_11_LAC_GB,2023,11,GB,LAC,3,-3.0,-3.0,44.0,11.856520875515853,0.028550958220686318,3.556064780547146,0.48359630247793334,0.03280739504413338,0.48359630247793334,0.7265048060979966,0,11.83082739268931,0.02859587001901398,3.554492976513307,0.48356070120644346,0.03287859758711309,0.48356070120644346,0.7265784265574884,13.34758091650419,0.07378127700053416,2.606650278742545,0.47147270528235696,0.0818675029654504,0.4466597917521926,0.7518940676990958,13.512655810618785,0.07355266569952205,2.609753589226108,0.4719050576800644,0.08140876483453904,0.44668617748539646,0.7509774626126661,-0.9463111913210382,3.7729346141661875
2023_11_LV_MIA,2023,11,MIA,LV,7,14.0,14.0,44.5,11.856520875515853,0.02717666056867657,3.6053967413587507,0.48359630247793334,0.03280739504413338,0.48359630247793334,0.7265048060979966,2,11.851950305379821,0.02718325519770637,3.6051541129819706,0.48358998070396136,0.032820038592077216,0.48358998070396136,0.7265178786034322,13.34758091650419,0.04921554738439805,3.011545701654615,0.44148082479957623,0.02696436447374913,0.5315548107266747,0.6319489619137718,12.659531685364083,0.051241464488121155,2.971206221407286,0.44026466870628156,0.028397913903558725,0.5313374173901597,0.6323580218989624,-0.6341905199514648,3.8914104217372345
2023_11_MIN_DEN,2023,11,DEN,MIN,1,2.5,2.5,43.5,11.856520875515853,0.03252032460939824,3.425890012513531,0.5,0.0,0.5,0.6931471805599453,2,11.818721263641796,0.03262243175163493,3.422755136694282,0.5,0.0,0.5,0.6931471805599453,13.34758091650419,0.025443078392994513,3.6713115418169178,0.5148708506808766,0.0,0.48512914931912343,0.7233401362368878,13.542110862597701,0.025086454516606002,3.685427239206629,0.5145701931904498,0.0,0.48542980680955017,0.7227205808803678,0.259537226693098,2.940635033524348
2023_11_NYG_WAS,2023,11,WAS,NYG,-12,7.5,7.5,39.0,11.856520875515853,0.008799627727731428,4.733045862059685,0.5,0.0,0.5,0.6931471805599453,2,11.712079589430102,0.008653861004554099,4.7497496987188645,0.5,0.0,0.5,0.6931471805599453,13.34758091650419,0.00897061089065413,4.7138015014785335,0.43896789829924077,0.0,0.5610321017007592,0.5779771528135799,13.038639545789902,0.008714417542622995,4.74277643613658,0.4375909080053664,0.0,0.5624090919946336,0.5755257721963115,0.009730574076895593,12.301253596123528
2023_11_NYJ_BUF,2023,11,BUF,NYJ,26,8.0,8.0,39.5,11.856520875515853,0.010492310870429011,4.557112588134232,0.48359630247793334,0.03280739504413338,0.48359630247793334,0.7265048060979966,0,11.725403375388582,0.010367352742802538,4.569093569677186,0.4834129922601626,0.033174015479674746,0.4834129922601626,0.7268839342428116,13.34758091650419,0.010477438260961883,4.558531070717662,0.4269368656749439,0.026076061760022116,0.546987072565034,0.851119132247416,13.011508718174735,0.010230002104788862,4.582430493271911,0.4252601107401548,0.026665205192795815,0.5480746840670494,0.8550542719978526,0.025317905137678842,12.64000245174569
2023_11_PHI_KC,2023,11,KC,PHI,-4,2.5,2.5,46.0,11.856520875515853,0.027880236133116132,3.5798372235017166,0.5,0.0,0.5,0.6931471805599453,2,11.875899471440324,0.027849319368005998,3.580946752117325,0.5,0.0,0.5,0.6931471805599453,13.34758091650419,0.02266864382053171,3.7867726389018275,0.5148708506808766,0.0,0.48512914931912343,0.7233401362368878,13.596779024917847,0.02236557341181838,3.800232403623473,0.5144866416674239,0.0,0.4855133583325761,0.7225484770410665,0.22039518012175652,4.026267285352477
2023_11_PIT_CLE,2023,11,CLE,PIT,3,2.5,2.5,34.0,11.856520875515853,0.032775350891372956,3.418078543321858,0.5,0.0,0.5,0.6931471805599453,0,11.56986381077838,0.033585204939097446,3.393669638179874,0.5,0.0,0.5,0.6931471805599453,13.34758091650419,0.0817335813781655,2.5042903287865292,0.5148708506808766,0.0,0.48512914931912343,0.6638391851447424,13.303665433332213,0.08240621890331154,2.4960943727870215,0.5149458569416948,0.0,0.4850541430583052,0.6636935159972219,-0.9219841705348366,2.7825075622876527
2023_11_SEA_LA,2023,11,LA,SEA,1,2.5,2.5,45.0,11.856520875515853,0.03252032460939824,3.425890012513531,0.5,0.0,0.5,0.6931471805599453,2,11.853377203776246,0.03252879238868478,3.425629662189802,0.5,0.0,0.5,0.6931471805599453,13.34758091650419,0.025443078392994513,3.6713115418169178,0.5148708506808766,0.0,0.48512914931912343,0.7233401362368878,13.575250657390594,0.025032961506238387,3.687561862269894,0.5145194325819242,0.0,0.4854805674180757,0.7226160179672108,0.2616718497563628,2.947194553705096
2023_11_TB_SF,2023,11,SF,TB,13,13.5,13.5,41.5,11.856520875515853,0.032775350891372956,3.418078543321858,0.5,0.0,0.5,0.6931471805599453,2,11.78028781294805,0.032986890269903146,3.4116450609945117,0.5,0.0,0.5,0.6931471805599453,13.34758091650419,0.026862988028096783,3.6170058495434785,0.45358105831333706,0.0,0.5464189416866629,0.6043693049891895,12.63385119530063,0.02833681895130866,3.563593296915599,0.45293263178050114,0.0,0.5470673682194989,0.6031833246930206,0.14551475359374066,3.114650420571651
2023_11_TEN_JAX,2023,11,JAX,TEN,20,6.5,6.5,40.0,11.856520875515853,0.01678787646415536,4.087098292118082,0.5,0.0,0.5,0.6931471805599453,0,11.736855684972648,0.01674148683711807,4.08986539844339,0.5,0.0,0.5,0.6931471805599453,13.34758091650419,0.015410143437003284,4.1727293216464965,0.46564868786259594,0.0,0.534351312137404,0.7643238178803625,13.14110830563966,0.015359187326675737,4.1760414610818595,0.46505866667054296,0.0,0.534941333329457,0.7655917164700121,0.08894316896377763,8.990958096276719
2023_12_BAL_LAC,2023,12,LAC,BAL,-10,-3.0,-3.0,49.0,11.856520875515853,0.02717666056867657,3.6053967413587507,0.48359630247793334,0.03280739504413338,0.48359630247793334,0.7265048060979966,2,11.941317378911851,0.027054543114356566,3.609900335320492,0.4837127116723968,0.032574576655206355,0.4837127116723968,0.726264119423268,13.34758091650419,0.022253417457648413,3.8052596885620016,0.47147270528235696,0.0818675029654504,0.4466597917521926,0.8059580664233104,13.617918838285563,0.02194950117564139,3.8190108652024923,0.4721693273370437,0.08084965775900481,0.4469810149039514,0.8052391575212078,0.21361412384374168,4.76391736360292
2023_12_BUF_PHI,2023,12,PHI,BUF,3,2.5,2.5,49.0,11.856520875515853,0.032775350891372956,3.418078543321858,0.5,0.0,0.5,0.6931471805599453,0,11.940878867191698,0.03254440157782734,3.42514991965711,0.5,0.0,0.5,0.6931471805599453,13.34758091650419,0.0817335813781655,2.5042903287865292,0.5148708506808766,0.0,0.48512914931912343,0.6638391851447424,13.658853149539246,0.08050834132083479,2.5193944810333284,0.514392897332922,0.0,0.48560710266707796,0.6647679138272229,-0.8986840622885297,2.856112341709807
2023_12_CAR_TEN,2023,12,TEN,CAR,7,3.5,3.5,36.0,11.856520875515853,0.031279821907669314,3.4647820568100673,0.5,0.0,0.5,0.6931471805599453,0,11.627975319669956,0.03183421955025778,3.4472134812759543,0.5,0.0,0.5,0.6931471805599453,13.34758091650419,0.05206829509786363,2.955199054846476,0.46026318437233116,0.0,0.5397368156276688,0.7759568131687993,13.278652772720335,0.05243448504662786,2.948190792538732,0.4596804103586478,0.0,0.5403195896413522,0.777223791046527,-0.5165912642713355,3.386896225350106
2023_12_CHI_MIN,2023,12,MIN,CHI,-2,3.0,3.0,43.5,11.856520875515853,0.029778326325208215,3.5139744546082383,0.48359630247793334,0.03280739504413338,0.48359630247793334,0.7265048060979966,2,11.819155289298447,0.029854262494720063,3.511427652195017,0.483544477086697,0.03291104582660598,0.483544477086697,0.726611978481544,13.34758091650419,0.02384518872206854,3.7361728127290466,0.44665979175219295,0.08186750296545042,0.4714727052823567,0.7518940676990964,13.501526417109307,0.023607362643411237,3.7461966391893653,0.4466548372604893,0.08146834861114421,0.4718768141283664,0.7510373144757927,0.23222218458112698,3.5091497357205954
2023_12_CLE_DEN,2023,12,DEN,CLE,17,1.5,1.5,37.5,11.856520875515853,0.013783432715916422,4.28428793586194,0.5,0.0,0.5,0.6931471805599453,0,11.667330519058304,0.013645251617888987,4.294363684692186,0.5,0.0,0.5,0.6931471805599453,13.34758091650419,0.012941434499272767,4.347321138304594,0.5131027036818627,0.0,0.48689729631813733,0.6672792517402412,13.47864299765193,0.012977389547360194,4.344546701386746,0.5129310770936184,0.0,0.48706892290638154,0.6676137954815111,0.06025876552480636,10.025297861246884
2023_12_GB_DET,2023,12,DET,GB,-7,8.5,8.5,47.0,11.856520875515853,0.013783432715916477,4.2842879358619355,0.5,0.0,0.5,0.6931471805599453,2,11.903223068678873,0.013815919381041625,4.281933773342854,0.5,0.0,0.5,0.6931471805599453,13.34758091650419,0.0278072215720746,3.5824595232399514,0.44103048847342274,0.0,0.5589695115265773,0.5816603484118149,13.136131546332981,0.027702944310413036,3.5862165786428286,0.43999400542170597,0.0,0.560005994578294,0.5798077907061395,-0.6980713572191068,8.84002035986421
2023_12_JAX_HOU,2023,12,HOU,JAX,-3,-1.0,-1.0,48.0,11.856520875515853,0.03229909805954051,3.432715972996639,0.48359630247793334,0.03280739504413338,0.48359630247793334,0.7265048060979966,2,11.918319878161878,0.03213690725815732,3.437750150491537,0.4836813040972597,0.0326373918054807,0.4836813040972597,0.7263290517561876,13.34758091650419,0.0807083799247547,2.5169128686418323,0.4750365716516272,0.025564548969757496,0.49939887937861527,0.6943501450744739,13.761922498001407,0.07903069903583129,2.53791890660848,0.47583669310870225,0.024847144336309523,0.4993161625549883,0.6945157915709079,-0.894797066388159,2.994278609645451
2023_12_KC_LV,2023,12,LV,KC,-14,-9.0,-9.0,42.5,11.856520875515853,0.029778326325208215,3.5139744546082383,0.48359630247793334,0.03280739504413338,0.48359630247793334,0.7265048060979966,2,11.80063774948506,0.02989201367223071,3.510163935526579,0.4835186720874244,0.03296265582515123,0.4835186720874244,0.7266653462462052,13.34758091650419,0.024376363735784473,3.7141413155285172,0.5447662512438619,0.026203895361276618,0.42902985339486144,0.8462287741422655,13.00207725696863,0.02485557568927879,3.694673177793503,0.5457209138589835,0.026822945588498136,0.42745614055251835,0.849903591067357,0.1806987231852646,4.283806300266792
2023_12_LA_ARI,2023,12,ARI,LA,-23,-3.0,-3.0,45.0,11.856520875515853,0.008283346999007069,4.7935081653294445,0.48359630247793334,0.03280739504413338,0.48359630247793334,0.7265048060979966,2,11.853812502122794,0.008280631538042448,4.793836040783144,0.4835925569851884,0.03281488602962318,0.4835925569851884,0.7265125512094261,13.34758091650419,0.008379156022396902,4.782008082877864,0.47147270528235696,0.0818675029654504,0.4466597917521926,0.8059580664233104,13.534566895022511,0.00851248842203918,4.766220967620303,0.47196049207976754,0.08129172286644004,0.4467477850537925,0.8057610828646999,-0.027287197709141786,13.883811407127164
2023_12_MIA_NYJ,2023,12,NYJ,MIA,-21,-9.5,-9.5,40.0,11.856520875515853,0.020015490642596556,3.9112487730935377,0.5,0.0,0.5,0.6931471805599453,2,11.739442037974037,0.020024670241859138,3.9107902534861916,0.5,0.0,0.5,0.6931471805599453,13.34758091650419,0.017990120453569465,4.017932535457371,0.5567241509405003,0.0,0.4432758490594997,0.813563018617086,12.906575571597802,0.018071718262926768,4.013407089638776,0.5580922189572044,0.0,0.44190778104279566,0.8166540588474985,0.10215831654523866,7.73629822994756
2023_12_NE_NYG,2023,12,NYG,NE,3,-4.5,-4.5,36.5,11.856520875515853,0.02644420905709466,3.6327180838888005,0.5,0.0,0.5,0.6931471805599453,0,11.64269103703586,0.026719622422916034,3.622357061292425,0.5,0.0,0.5,0.6931471805599453,13.34758091650419,0.06986662907748227,2.6611671532166397,0.5380568016016058,0.0,0.4619431983983941,0.6197911452083016,13.212314685669988,0.07064914958469878,2.650029206941756,0.5387070389883246,0.0,0.4612929610116754,0.6185833827607741,-0.9826888769470443,4.236860275377593
2023_12_NO_ATL,2023,12,ATL,NO,9,-2.0,-2.0,42.0,11.856520875515853,0.020839674953896492,3.8708966594404663,0.48359630247793334,0.03280739504413338,0.48359630247793334,0.7265048060979966,0,11.78252310082331,0.020855830532076847,3.8701217280035864,0.4834933501292392,0.03301329974152156,0.4834933501292392,0.7267177177940436,13.34758091650419,0.01809070866236501,4.012356806082136,0.4732044590931871,0.025590297991459284,0.5012052429153536,0.7482277236484515,13.548496823770137,0.018007586631364852,4.016962130363246,0.47367515082272,0.025216869693287,0.501107979483993,0.7472335280540506,0.14606547092277955,6.409889878170866
2023_12_PIT_CIN,2023,12,CIN,PIT,-6,-2.0,-2.0,36.0,11.856520875515853,0.030829104961624998,3.4792960689156502,0.48359630247793334,0.03280739504413338,0.48359630247793334,0.7265048060979966,2,11.626694351401607,0.0313606526460638,3.4622012722986337,0.4832722659167198,0.03345546816656042,0.4832722659167198,0.7271750865972032,13.34758091650419,0.024432306034586734,3.7118490046107206,0.4732044590931871,0.025590297991459284,0.5012052429153536,0.6907395952899695,13.39875659078892,0.024322025813208113,3.7163729271128116,0.473342217426057,0.02546581646215753,0.5011919661117855,0.6907660853947889,0.2370768581971614,3.463402563121795
2023_12_SF_SEA,2023,12,SEA,SF,-18,-7.0,-7.0,43.5,11.856520875515853,0.020839674953896492,3.8708966594404663,0.48359630247793334,0.03280739504413338,0.48359630247793334,0.7265048060979966,2,11.822628068403832,0.020847223795162045,3.870534490913922,0.48354930756317965,0.03290138487364075,0.48354930756317965,0.7266019888061696,13.34758091650419,0.0183518812359244,3.9980231900674355,0.5203901482076362,0.05457747862936373,0.4250323731630001,0.8555899408104355,13.181198972796942,0.018378416648573707,3.9965783111095137,0.5207758319044057,0.05536840163524099,0.4238557664603533,0.8583620550648525,0.12568165166904732,7.301647914556936
2023_12_TB_IND,2023,12,IND,TB,7,2.5,2.5,45.0,11.856520875515853,0.030327536530024846,3.4956991828017534,0.5,0.0,0.5,0.6931471805599453,0,11.853377203776246,0.03033431971906897,3.4954755434510374,0.5,0.0,0.5,0.6931471805599453,13.34758091650419,0.050777548511897294,2.98030098051733,0.5148708506808766,0.0,0.48512914931912343,0.6638391851447424,13.575250657390594,0.05025792414590955,2.9905870500294527,0.5145194325819242,0.0,0.4854805674180757,0.6645219545827641,-0.5051121327723007,3.668087684879569
2023_12_WAS_DAL,2023,12,DAL,WAS,35,13.0,13.0,48.0,11.856520875515853,0.006451166211606574,5.043494356517233,0.48359630247793334,0.03280739504413338,0.48359630247793334,0.7265048060979966,0,11.928828714149786,0.006522256509401747,5.032534872520002,0.48369567097445837,0.032608658051083206,0.48369567097445837,0.7262993490083034,13.34758091650419,0.006996530598085799,4.962340881636284,0.4388113492458621,0.02680132067265812,0.5343873300814798,0.8236856866359966,12.80546176536971,0.0065172454487981615,5.033303469490398,0.43753390807171666,0.02789008619818201,0.5345760057301013,0.8266010720238367,-0.010190887026835682,16.234901170544763
2023_13_ARI_PIT,2023,13,PIT,ARI,-14,6.0,6.0,41.0,11.856520875515853,0.008283346999007069,4.7935081653294445,0.48359630247793334,0.03280739504413338,0.48359630247793334,0.7265048060979966,2,11.761481025074922,0.008187241181102992,4.805178289988756,0.4834638381736558,0.03307232365268842,0.4834638381736558,0.7267787586673099,13.34758091650419,0.008452152852322923,4.77333409463997,0.4517582968050356,0.02585620390963842,0.522385499285326,0.6493494592816544,13.204094993137776,0.008325285760398983,4.788457918131287,0.4510810969630541,0.026074824654521295,0.5228440783824246,0.648471988654492,-0.00505024719815772,12.882531894132748
2023_13_ATL_NYJ,2023,13,NYJ,ATL,-5,-2.0,-2.0,33.0,11.856520875515853,0.03167675216238375,3.452172237418235,0.48359630247793334,0.03280739504413338,0.48359630247793334,0.7265048060979966,2,11.539647489687777,0.03248277399673788,3.4270453610320644,0.4831461703360272,0.03370765932794567,0.4831461703360272,0.7274360410175206,13.34758091650419,0.0249319120819034,3.691606686357192,0.4732044590931871,0.025590297991459284,0.5012052429153536,0.6907395952899695,13.314966615411604,0.024945346027035794,3.6910680061663967,0.47315201912303195,0.02560735574320495,0.5012406251337631,0.6906690035112971,0.23889576874816187,3.187251721144262
2023_13_CAR_TB,2023,13,TB,CAR,3,4.0,4.0,37.0,11.856520875515853,0.032679440080348676,3.4210091425413767,0.48359630247793334,0.03280739504413338,0.48359630247793334,0.7265048060979966,2,11.655952236516548,0.03323688908293204,3.4040949029374805,0.48331422624805975,0.033371547503880494,0.48331422624805975,0.7270882649175988,13.34758091650419,0.08181840221707207,2.503253094695611,0.4482404781912289,0.02569187728486268,0.5260676445239084,0.6423254727564444,13.265035307650628,0.08270831425005826,2.492435146938593,0.4475992309087769,0.02579699636383054,0.5266037727273926,0.641306867632275,-0.9285739956027839,2.762766423382775
2023_13_CIN_JAX,2023,13,JAX,CIN,-3,10.0,10.0,41.0,11.856520875515853,0.017579140211819277,4.041042295098617,0.48359630247793334,0.03280739504413338,0.48359630247793334,0.7265048060979966,2,11.76493685796251,0.017553565930634007,4.042498162779218,0.48346869229018496,0.03306261541963007,0.48346869229018496,0.7267687184289763,13.34758091650419,0.0519410636913052,2.957645593725325,0.4312886191556188,0.0263418542030033,0.5423695266413779,0.6118077263800811,12.890824191530509,0.05217285833343069,2.9531928746154383,0.4295618594022831,0.027194953164957264,0.5432431874327597,0.6101982003149157,-1.0878494204831783,6.939110965895695
2023_13_CLE_LA,2023,13,LA,CLE,17,3.5,3.5,39.5,11.856520875515853,0.01678787646415536,4.087098292118082,0.5,0.0,0.5,0.6931471805599453,0,11.72152869866876,0.016735237916881585,4.090238727695579,0.5,0.0,0.5,0.6931471805599453,13.34758091650419,0.015263857760828455,4.18226748292363,0.46026318437233116,0.0,0.5397368156276688,0.7759568131687993,13.367774351545949,0.015244454946955045,4.18353945208661,0.4598463095308647,0.0,0.5401536904691353,0.7768629550415942,0.09644115996852776,8.740030315276222
2023_13_DEN_HOU,2023,13,HOU,DEN,5,3.5,3.5,47.5,11.856520875515853,0.03252032460939824,3.425890012513531,0.5,0.0,0.5,0.6931471805599453,0,11.909732626961697,0.03237765331578313,3.4302868066207552,0.5,0.0,0.5,0.6931471805599453,13.34758091650419,0.025493607666473142,3.6693275379893273,0.46026318437233116,0.0,0.5397368156276688,0.7759568131687993,13.546707976306147,0.02512758077872287,3.6837892003168755,0.46017673350165955,0.0,0.5398232664983404,0.7761446600216944,0.25789918780334453,3.023203224833619
2023_13_DET_NO,2023,13,NO,DET,-5,-4.0,-4.0,47.5,11.856520875515853,0.032679440080348676,3.4210091425413767,0.48359630247793334,0.03280739504413338,0.48359630247793334,0.7265048060979966,2,11.910169994880667,0.032533472921601525,3.425485783617407,0.48367014476164416,0.03265971047671168,0.48367014476164416,0.7263521236927194,13.34758091650419,0.025617523826654272,3.664478637197957,0.5260676445239081,0.02569187728486269,0.4482404781912292,0.802425408906051,13.506109753695958,0.025313638432883055,3.6764119600004856,0.5263990806175965,0.02538539386838978,0.4482155255140137,0.802481078514194,0.255402817459109,2.969666143313299
2023_13_IND_TEN,2023,13,TEN,IND,-3,-1.5,-1.5,42.0,11.856520875515853,0.03252032460939824,3.425890012513531,0.5,0.0,0.5,0.6931471805599453,2,11.782090420382055,0.03272198941739918,3.419707967830657,0.5,0.0,0.5,0.6931471805599453,13.34758091650419,0.0811526629578566,2.5114231703060135,0.4868972963181373,0.0,0.5131027036818627,0.6672792517402412,13.589222458324848,0.08031831355872614,2.521757619788952,0.48720207879251054,0.0,0.5127979212074895,0.6678734271914413,-0.9041323927245788,2.908820341570368
2023_13_KC_GB,2023,13,GB,KC,8,-5.5,-5.5,43.5,11.856520875515853,0.01678787646415536,4.087098292118082,0.5,0.0,0.5,0.6931471805599453,0,11.821325656677994,0.01677466967551311,4.0878852877929,0.5,0.0,0.5,0.6931471805599453,13.34758091650419,0.015352616419017013,4.1764693687237155,0.5362539110961908,0.0,0.46374608890380925,0.6231475153470372,13.300421332960392,0.01532441106693336,4.178308227462188,0.5367366439411488,0.0,0.46326335605885116,0.6222477257351696,0.09120993534410626,7.674462868394839
2023_13_LAC_NE,2023,13,NE,LAC,-6,-4.5,-4.5,38.5,11.856520875515853,0.03252032460939824,3.425890012513531,0.5,0.0,0.5,0.6931471805599453,2,11.69645702052746,0.032957093704117923,3.412548754281371,0.5,0.0,0.5,0.6931471805599453,13.34758091650419,0.025560109902818144,3.6667223496847803,0.5380568016016058,0.0,0.4619431983983941,0.7723133426486466,13.263227729065292,0.025666561635850786,3.6625662379146453,0.5386280186764394,0.0,0.46137198132356055,0.7735506604362329,0.23667622540111433,3.015091283251004
2023_13_MIA_WAS,2023,13,WAS,MIA,-30,-8.5,-8.5,50.0,11.856520875515853,0.006875114510508165,4.979846979494298,0.5,0.0,0.5,0.6931471805599453,2,11.967004642896303,0.006984449827764576,4.964069054190702,0.5,0.0,0.5,0.6931471805599453,13.34758091650419,0.007230441775618131,4.929455141549812,0.5589695115265774,0.0,0.4410304884734227,0.8186412710646265,13.194862574684219,0.007092748892667351,4.9486822995223205,0.5598751278701342,0.0,0.4401248721298659,0.8206967920383665,-0.031164679971977804,15.659351395244968
2023_13_SEA_DAL,2023,13,DAL,SEA,6,9.5,9.5,47.5,11.856520875515853,0.03127982190766926,3.464782056810069,0.5,0.0,0.5,0.6931471805599453,2,11.914982102192106,0.031140903426348454,3.469233101232556,0.5,0.0,0.5,0.6931471805599453,13.34758091650419,0.02535627165651116,3.674729176920213,0.44327584905949957,0.0,0.5567241509405004,0.5856854024083502,13.067479784679437,0.0257974534970499,3.657479493590628,0.44220695025506185,0.0,0.5577930497449382,0.5837672639866021,0.19269743678055873,3.0559102561716864
2023_13_SF_PHI,2023,13,PHI,SF,-23,-3.0,-3.0,46.5,11.856520875515853,0.008283346999007069,4.7935081653294445,0.48359630247793334,0.03280739504413338,0.48359630247793334,0.7265048060979966,2,11.887429883547911,0.00831423999563366,4.789785572122125,0.4836389267303,0.03272214653939992,0.4836389267303,0.7264166698285409,13.34758091650419,0.008379156022396902,4.782008082877864,0.47147270528235696,0.0818675029654504,0.4466597917521926,0.8059580664233104,13.56660080088461,0.008536846793121588,4.7633635673348005,0.472041132738689,0.08112123548718654,0.44683763177412456,0.8055599902350691,-0.030144597994643973,13.874129746941072
2023_14_BUF_KC,2023,14,KC,BUF,-3,2.0,2.0,49.5,11.856520875515853,0.029778326325208215,3.5139744546082383,0.48359630247793334,0.03280739504413338,0.48359630247793334,0.7265048060979966,2,11.950914789939976,0.02958791642704356,3.5203892298162858,0.48372578309610664,0.03254843380778677,0.48372578309610664,0.7262370966744705,13.34758091650419,0.07603127153884295,2.576610555709037,0.5012052429153534,0.025590297991459288,0.4732044590931873,0.7482277236484509,13.709941805423053,0.0749258699347906,2.5912560551055317,0.5010215129492946,0.02495404739188222,0.4740244396588232,0.7464963981546032,-0.9227183995027066,3.5292313015487737
2023_14_CAR_NO,2023,14,NO,CAR,22,5.5,5.5,39.0,11.856520875515853,0.012399075853575914,4.390133337085917,0.5,0.0,0.5,0.6931471805599453,0,11.710359309796063,0.012276364732264122,4.40007943166372,0.5,0.0,0.5,0.6931471805599453,13.34758091650419,0.01195366807446869,4.4267170958663105,0.46374608890380953,0.0,0.5362539110961905,0.7684180987266548,13.196120016206919,0.011853488734903366,4.435133046721807,0.46313614502870515,0.0,0.5368638549712949,0.7697342183820299,0.044999709635890284,11.228910046744804
2023_14_DEN_LAC,2023,14,LAC,DEN,-17,3.0,3.0,45.0,11.856520875515853,0.008283346999007069,4.7935081653294445,0.48359630247793334,0.03280739504413338,0.48359630247793334,0.7265048060979966,2,11.853812502122794,0.008280631538042448,4.793836040783144,0.4835925569851884,0.03281488602962318,0.4835925569851884,0.7265125512094261,13.34758091650419,0.008379156022396906,4.782008082877864,0.44665979175219295,0.08186750296545042,0.4714727052823567,0.7518940676990964,13.534566895022511,0.008512488422039182,4.766220967620303,0.4467477850537924,0.08129172286644007,0.4719604920797676,0.7508600001207232,-0.027287197709141786,13.185057464792507
2023_14_DET_CHI,2023,14,CHI,DET,15,-3.0,-3.0,44.5,11.856520875515853,0.010492310870429011,4.557112588134232,0.48359630247793334,0.03280739504413338,0.48359630247793334,0.7265048060979966,0,11.84237893728342,0.010479036699987065,4.558378522254119,0.48357672629354315,0.03284654741291376,0.48357672629354315,0.7265452873434626,13.34758091650419,0.010299373510568746,4.575672209813042,0.47147270528235696,0.0818675029654504,0.4466597917521926,0.7518940676990958,13.523668464669708,0.010400826559001116,4.565869999165895,0.47193294755189696,0.08134989506590982,0.4467171573821932,0.7509183637595025,0.008757411031663054,11.483230457038655
2023_14_GB_NYG,2023,14,NYG,GB,2,-6.0,-6.0,37.5,11.856520875515853,0.02568688927325724,3.6617745622586457,0.48359630247793334,0.03280739504413338,0.48359630247793334,0.7265048060979966,0,11.67118727998999,0.025895670831824535,3.6536794735980584,0.48333599244600417,0.033328015107991715,0.48333599244600417,0.7270432306383381,13.34758091650419,0.021502000478548146,3.839609302663118,0.5223854992853258,0.025856203909638425,0.4517582968050357,0.6493494592816547,13.119422595043353,0.021671101663091497,3.8317756265585037,0.5228560745862854,0.02622756143324893,0.45091636398046575,0.6484490447851099,0.17000106429985795,4.4159600673672985
2023_14_HOU_NYJ,2023,14,NYJ,HOU,24,-3.5,-3.5,33.5,11.856520875515853,0.003077800176180645,5.783540165692129,0.5,0.0,0.5,0.6931471805599453,0,11.555917810120247,0.0028561840552391304,5.8582687914695555,0.5,0.0,0.5,0.6931471805599453,13.34758091650419,0.0033022413556780465,5.713153842370429,0.5397368156276687,0.0,0.4602631843723312,0.6166736366985867,13.2099279925591,0.003196938137215771,5.745561759352593,0.5404481175081923,0.0,0.4595518824918077,0.6153566363192705,-0.037978406339536086,20.1558324927927
2023_14_IND_CIN,2023,14,CIN,IND,20,3.0,3.0,45.0,11.856520875515853,0.011740204876849014,4.444736013554813,0.48359630247793334,0.03280739504413338,0.48359630247793334,0.7265048060979966,0,11.853812502122794,0.01173785937782501,4.444935816997411,0.4835925569851884,0.03281488602962318,0.4835925569851884,0.7265125512094261,13.34758091650419,0.011336606460547375,4.479718279387905,0.44665979175219295,0.08186750296545042,0.4714727052823567,0.8059580664233096,13.534566895022511,0.0114274804434823,4.4717342591155775,0.4467477850537924,0.08129172286644007,0.4719604920797676,0.8057610828647,0.026998245560764467,11.357620645076272
2023_14_JAX_CLE,2023,14,CLE,JAX,4,2.5,2.5,37.5,11.856520875515853,0.03252032460939824,3.425890012513531,0.5,0.0,0.5,0.6931471805599453,0,11.668187466888714,0.03303544319160323,3.4101742577705965,0.5,0.0,0.5,0.6931471805599453,13.34758091650419,0.02544307839299456,3.6713115418169155,0.5148708506808766,0.0,0.48512914931912343,0.6638391851447424,13.397975579011156,0.025321872471833106,3.676086732156409,0.5147950462153774,0.0,0.4852049537846226,0.6639864260427164,0.25019671964287804,2.936228361455603
2023_14_LA_BAL,2023,14,BAL,LA,6,7.5,7.5,42.0,11.856520875515853,0.03252032460939824,3.425890012513531,0.5,0.0,0.5,0.6931471805599453,2,11.78728363451721,0.03270783837081953,3.42014052427406,0.5,0.0,0.5,0.6931471805599453,13.34758091650419,0.025847297543970704,3.655549227246329,0.43896789829924077,0.0,0.5610321017007592,0.5779771528135799,13.108490274852194,0.02624045558444565,3.6404529528448646,0.43777113909187315,0.0,0.5622288609081268,0.5758462861672023,0.2145629403313336,2.874060346117848
2023_14_MIN_LV,2023,14,LV,MIN,-3,-3.0,-3.0,40.5,11.856520875515853,0.03280739504413338,3.4171013303414206,0.48359630247793334,0.03280739504413338,0.48359630247793334,3.4171013303414206,1,11.746435046443347,0.03311465779254791,3.407779261009267,0.483442671103726,0.03311465779254791,0.483442671103726,3.407779261009267,13.34758091650419,0.0818675029654504,2.5026531560534133,0.47147270528235696,0.0818675029654504,0.4466597917521926,2.5026531560534133,13.432146406993596,0.08184184297944953,2.502966638293085,0.47169941902841883,0.08184184297944953,0.44645873799213165,2.502966638293085,-0.9141346920483358,2.793144033472592
2023_14_NE_PIT,2023,14,PIT,NE,-3,6.0,6.0,30.0,11.856520875515853,0.02411359536013946,3.7249794747156306,0.48359630247793334,0.03280739504413338,0.48359630247793334,0.7265048060979966,2,11.448409021328652,0.02443732404257626,3.7116436415662597,0.4830119467241337,0.033976106551732554,0.4830119467241337,0.7277138912169587,13.34758091650419,0.06541523771823106,2.72700005502405,0.4517582968050356,0.02585620390963842,0.522385499285326,0.6493494592816544,12.910048311680256,0.06671751216849209,2.707287809269352,0.45050765326069403,0.02661345746886364,0.5228788892704423,0.648405411006095,-1.0176916654462786,4.823017860746823
2023_14_PHI_DAL,2023,14,DAL,PHI,20,3.5,3.5,52.5,11.856520875515853,0.012399075853575914,4.390133337085917,0.5,0.0,0.5,0.6931471805599453,0,12.013126389912218,0.012523962511665099,4.380111468842077,0.5,0.0,0.5,0.6931471805599453,13.34758091650419,0.011884559884062331,4.432515210066225,0.46026318437233116,0.0,0.5397368156276688,0.7759568131687993,13.644809757595317,0.012019599093715791,4.421216703699545,0.46035637375824956,0.0,0.5396436262417504,0.7757543638825254,0.031083366613628094,10.978865504609265
2023_14_SEA_SF,2023,14,SF,SEA,12,14.5,14.5,44.5,11.856520875515853,0.03201727118492936,3.441479797252265,0.5,0.0,0.5,0.6931471805599453,2,11.852385551325572,0.03202789151352903,3.4411481460158706,0.5,0.0,0.5,0.6931471805599453,13.34758091650419,0.026561552267969808,3.628290512257513,0.45635446876741304,0.0,0.543645531232587,0.6094578415067031,12.62159224750198,0.028007110119061557,3.5752968682187887,0.45600600519464196,0.0,0.543993994805358,0.6088170711478631,0.13381707096652384,3.1313650644039166
2023_14_TB_ATL,2023,14,ATL,TB,-4,1.5,1.5,41.5,11.856520875515853,0.029184919903614326,3.5341031447668687,0.5,0.0,0.5,0.6931471805599453,2,11.769909835739794,0.02934935789669113,3.528484610402504,0.5,0.0,0.5,0.6931471805599453,13.34758091650419,0.023434133861330784,3.7535616074826756,0.5131027036818627,0.0,0.48689729631813733,0.7197020686572512,13.577494055794402,0.023116520863712065,3.767207728174817,0.5128119106478262,0.0,0.48718808935217384,0.7191050100277864,0.23310458340794815,3.7246714713681177
2023_14_TEN_MIA,2023,14,MIA,TEN,-1,14.0,14.0,45.0,11.856520875515853,0.01450704282449898,4.233121035441104,0.48359630247793334,0.03280739504413338,0.48359630247793334,0.7265048060979966,2,11.863393111171398,0.014511378304686476,4.2328222266120195,0.4836057986361068,0.032788402727786325,0.4836057986361068,0.7264851697507165,13.34758091650419,0.014234731262432743,4.252070437079252,0.44148082479957623,0.02696436447374913,0.5315548107266747,0.6319489619137718,12.669733726676503,0.013986731847690573,4.269646123907277,0.4402758105469828,0.02837504094258051,0.5313491485104367,0.6323359436669533,0.036525088466173194,8.277595315817036
2023_15_ATL_CAR,2023,15,CAR,ATL,2,-3.0,-3.0,32.0,11.856520875515853,0.02977832632520816,3.5139744546082405,0.48359630247793334,0.03280739504413338,0.48359630247793334,0.7265048060979966,0,11.509864846059962,0.030495259488190207,3.4901840340654537,0.48310258990564614,0.03379482018870772,0.48310258990564614,0.727526246422596,13.34758091650419,0.023845188722068485,3.7361728127290488,0.47147270528235696,0.0818675029654504,0.4466597917521926,0.7518940676990958,13.205948549684878,0.02399906706724573,3.7297403215878298,0.47110473434484135,0.08308465313419557,0.44581061252096305,0.7526748437727401,0.21576586697958922,3.4632805175444914
2023_15_BAL_JAX,2023,15,JAX,BAL,-16,-4.0,-4.0,42.5,11.856520875515853,0.019195469316649116,3.9530810008856236,0.48359630247793334,0.03280739504413338,0.48359630247793334,0.7265048060979966,2,11.796305009004401,0.019192923249022803,3.9532136486710545,0.48351262254039246,0.03297475491921503,0.48351262254039246,0.7266778578310227,13.34758091650419,0.017018559592619158,4.073450789699149,0.5260676445239081,0.02569187728486269,0.4482404781912292,0.802425408906051,13.398237920980057,0.01698842664421138,4.075222952400314,0.5264909869217818,0.025567865723327022,0.4479411473548912,0.8030934227080228,0.12214195151469065,7.734344243765866
2023_15_CHI_CLE,2023,15,CLE,CHI,3,3.0,3.0,38.0,11.856520875515853,0.03280739504413338,3.4171013303414206,0.48359630247793334,0.03280739504413338,0.48359630247793334,3.4171013303414206,1,11.68197203886206,0.033297267461019464,3.4022799435903432,0.48335136626949027,0.033297267461019464,0.48335136626949027,3.4022799435903432,13.34758091650419,0.08186750296545042,2.502653156053413,0.44665979175219295,0.08186750296545042,0.4714727052823567,2.502653156053413,13.370584997795849,0.08217623961832475,2.4988890744428067,0.44628368438776866,0.08217623961832475,0.4715400759939066,2.4988890744428067,-0.9182122558986139,2.7802897828587017
2023_15_DAL_BUF,2023,15,BUF,DAL,21,2.0,2.0,49.5,11.856520875515853,0.009339820585334446,4.673468236204854,0.48359630247793334,0.03280739504413338,0.48359630247793334,0.7265048060979966,0,11.950914789939976,0.009431491791913604,4.663700998463176,0.48372578309610664,0.03254843380778677,0.48372578309610664,0.7262370966744705,13.34758091650419,0.00929636962090819,4.678131318377736,0.5012052429153534,0.025590297991459288,0.4732044590931873,0.69073959528997,13.709941805423053,0.009541390825246002,4.652116015338244,0.5010215129492946,0.02495404739188222,0.4740244396588232,0.6911062388006163,-0.021352220866609706,12.876398767407442
2023_15_DEN_DET,2023,15,DET,DEN,25,5.5,5.5,49.0,11.856520875515853,0.008799627727731463,4.733045862059681,0.5,0.0,0.5,0.6931471805599453,0,11.943510179080189,0.008885383162724914,4.723347693631767,0.5,0.0,0.5,0.6931471805599453,13.34758091650419,0.008899308534441827,4.721781698021627,0.46374608890380953,0.0,0.5362539110961905,0.7684180987266548,13.41508009033214,0.008938184168800834,4.717422823536502,0.4634036830502203,0.0,0.5365963169497797,0.7691567191297738,-0.015623038523179034,13.685369237598268
2023_15_HOU_TEN,2023,15,TEN,HOU,-3,3.0,3.0,38.0,11.856520875515853,0.028550958220686262,3.556064780547148,0.48359630247793334,0.03280739504413338,0.48359630247793334,0.7265048060979966,2,11.68197203886206,0.02885794888424048,3.5453697993942304,0.48335136626949027,0.033297267461019464,0.48335136626949027,0.7270114234085263,13.34758091650419,0.07378127700053388,2.6066502787425487,0.44665979175219295,0.08186750296545042,0.4714727052823567,0.7518940676990964,13.370584997795849,0.07408590137944718,2.6025300295675247,0.44628368438776866,0.08217623961832475,0.4715400759939066,0.7517511837149082,-0.9535347509796233,3.7532962402147616
2023_15_KC_NE,2023,15,NE,KC,-10,-10.0,-10.0,39.5,11.856520875515853,0.03280739504413338,3.4171013303414206,0.48359630247793334,0.03280739504413338,0.48359630247793334,3.4171013303414206,1,11.727125865031633,0.03316914610053562,3.4061351694797812,0.4834154269497322,0.03316914610053562,0.4834154269497322,3.4061351694797812,13.34758091650419,0.026341854203003296,3.6365961901938397,0.5423695266413778,0.026341854203003296,0.43128861915561884,3.6365961901938397,12.856231370647075,0.027264562952448525,3.6021674803512007,0.5432656997562381,0.027264562952448525,0.4294697372913135,3.6021674803512007,0.1850661500097801,3.0606163444599312
2023_15_LAC_LV,2023,15,LV,LAC,42,3.0,3.0,36.0,11.856520875515853,0.0005819647628099167,7.449100657065902,0.48359630247793334,0.03280739504413338,0.48359630247793334,0.7265048060979966,0,11.62754831456679,0.0005302914646768686,7.5420837692234555,0.4832734936206553,0.03345301275868939,0.4832734936206553,0.7271725462023519,13.34758091650419,0.0005292068006048425,7.544131275078827,0.44665979175219295,0.08186750296545042,0.4714727052823567,0.8059580664233096,13.318567278900233,0.0005215848780175694,7.558638539302827,0.4461349917664762,0.08246101780847917,0.4714039904250446,0.8071337006358953,0.10953788223692484,32.16863429084602
2023_15_MIN_CIN,2023,15,CIN,MIN,3,3.0,3.0,41.5,11.856520875515853,0.03280739504413338,3.4171013303414206,0.48359630247793334,0.03280739504413338,0.48359630247793334,3.4171013303414206,1,11.771206582739865,0.03304501685188099,3.409884500092201,0.4834774915740595,0.03304501685188099,0.4834774915740595,3.409884500092201,13.34758091650419,0.08186750296545042,2.502653156053413,0.44665979175219295,0.08186750296545042,0.4714727052823567,2.502653156053413,13.455788070253512,0.0817141735380468,2.504527809444735,0.4465257008683925,0.0817141735380468,0.47176012559356073,2.504527809444735,-0.9125735208966854,2.798081817012508
2023_15_NYG_NO,2023,15,NO,NYG,18,6.0,6.0,39.5,11.856520875515853,0.019195469316649172,3.9530810008856205,0.48359630247793334,0.03280739504413338,0.48359630247793334,0.7265048060979966,0,11.723681138746185,0.01918858916938393,3.953439490717613,0.48341055721364656,0.03317888557270687,0.48341055721364656,0.7268889714525846,13.34758091650419,0.017127411212350688,4.0670751040241315,0.4517582968050356,0.02585620390963842,0.522385499285326,0.7946079837569552,13.168661502909465,0.017123119390026992,4.067325717504897,0.45101220110004203,0.026138513305940855,0.5228492855940171,0.796260886408496,0.11424471661927615,7.902382199918597
2023_15_NYJ_MIA,2023,15,MIA,NYJ,30,7.5,7.5,36.0,11.856520875515853,0.006049060955806929,5.107852232902523,0.5,0.0,0.5,0.6931471805599453,0,11.631391925065152,0.005826922243023613,5.1452663351656645,0.5,0.0,0.5,0.6931471805599453,13.34758091650419,0.006402305075356623,5.051097185436972,0.43896789829924077,0.0,0.5610321017007592,0.823328993183796,12.963613067194395,0.006061196857303818,5.1058479971964585,0.4373967340975584,0.0,0.5626032659024416,0.826914637393869,-0.002004235706064783,16.620546692498138
2023_15_PHI_SEA,2023,15,SEA,PHI,3,-5.0,-5.0,46.0,11.856520875515853,0.02568688927325724,3.6617745622586457,0.48359630247793334,0.03280739504413338,0.48359630247793334,0.7265048060979966,0,11.878080258830343,0.025662545039451645,3.662722741569881,0.4836260567562603,0.03274788648747945,0.4836260567562603,0.7264432808901635,13.34758091650419,0.06843603652156628,2.6818557433597237,0.5242859919604121,0.025766587267837707,0.4499474207717501,0.6457179573642103,13.394255154246803,0.0686744433564461,2.678378152509498,0.5247129337107075,0.025649152388124388,0.44963791390116814,0.6449039588682705,-0.9833964097491479,4.443854636820566
2023_15_PIT_IND,2023,15,IND,PIT,17,1.5,1.5,41.5,11.856520875515853,0.013783432715916422,4.28428793586194,0.5,0.0,0.5,0.6931471805599453,0,11.769909835739794,0.013721495284598761,4.288791676864987,0.5,0.0,0.5,0.6931471805599453,13.34758091650419,0.012941434499272767,4.347321138304594,0.5131027036818627,0.0,0.48689729631813733,0.6672792517402412,13.577494055794402,0.013016870249264362,4.341509051338507,0.5128119106478262,0.0,0.48718808935217384,0.6678461469530835,0.057221115476567164,10.00868707006002
2023_15_SF_ARI,2023,15,ARI,SF,-16,-12.5,-12.5,48.0,11.856520875515853,0.03127982190766926,3.464782056810069,0.5,0.0,0.5,0.6931471805599453,2,11.928390661041167,0.03110920435861314,3.470251543500471,0.5,0.0,0.5,0.6931471805599453,13.34758091650419,0.02579005877260398,3.657766180200283,0.5491407272099955,0.0,0.45085927279000454,0.7966000218971563,12.843953899437736,0.026676005816629555,3.6239907761648094,0.5499679667936568,0.0,0.45003203320634316,0.7984365138483118,0.15920871935474024,3.859143951715536
2023_15_TB_GB,2023,15,GB,TB,-14,4.0,4.0,41.5,11.856520875515853,0.010492310870429025,4.557112588134231,0.48359630247793334,0.03280739504413338,0.48359630247793334,0.7265048060979966,2,11.772071160110485,0.010412313908701357,4.5647661435623155,0.4834787042358655,0.03304259152826905,0.4834787042358655,0.72674801007252,13.34758091650419,0.010323071809603256,4.573373907250162,0.4482404781912289,0.02569187728486268,0.5260676445239084,0.6423254727564444,13.375257434521581,0.01032672665455775,4.573019923650855,0.44788240462157913,0.025607092575857818,0.5265105028025631,0.6414839992641226,0.01590733551662371,11.385448097667755
2023_15_WAS_LA,2023,15,LA,WAS,8,6.5,6.5,48.5,11.856520875515853,0.03252032460939824,3.425890012513531,0.5,0.0,0.5,0.6931471805599453,0,11.933811388888193,0.03231350007701428,3.432270177033386,0.5,0.0,0.5,0.6931471805599453,13.34758091650419,0.025737933163609023,3.659789376712193,0.46564868786259594,0.0,0.534351312137404,0.7643238178803625,13.32493623994882,0.0257418861698781,3.6596358017257993,0.465220239998525,0.0,0.534779760001475,0.7652443511187215,0.2337457892122683,3.1535044249548925
2023_16_ARI_CHI,2023,16,CHI,ARI,11,4.5,4.5,42.0,11.856520875515853,0.027880236133116076,3.5798372235017184,0.5,0.0,0.5,0.6931471805599453,0,11.78468674138483,0.02799517572428778,3.5757230792126693,0.5,0.0,0.5,0.6931471805599453,13.34758091650419,0.022772913656555226,3.78218344676969,0.46194319839839415,0.0,0.5380568016016058,0.7723133426486465,13.346692115942224,0.02274108476594602,3.783582088809547,0.461501325443032,0.0,0.538498674556968,0.7732703530107824,0.20374486530782843,4.647630491638282
2023_16_BAL_SF,2023,16,SF,BAL,-14,6.5,6.5,47.5,11.856520875515853,0.007790741105320596,4.8548192881533785,0.5,0.0,0.5,0.6931471805599453,2,11.912357075412995,0.007846596878814671,4.84767535980652,0.5,0.0,0.5,0.6931471805599453,13.34758091650419,0.00801920299224689,4.825916239567313,0.46564868786259594,0.0,0.534351312137404,0.6267017684375568,13.304936400800127,0.007973621812825474,4.831616458684004,0.46520247383562197,0.0,0.534797526164378,0.6258670594861059,-0.023202829469374464,13.229480578337874
2023_16_BUF_LAC,2023,16,LAC,BUF,-2,-13.0,-13.0,44.5,11.856520875515853,0.020839674953896492,3.8708966594404663,0.48359630247793334,0.03280739504413338,0.48359630247793334,0.7265048060979966,0,11.851079861437341,0.020840903630790497,3.870837702634391,0.4835887761991358,0.03282244760172842,0.4835887761991358,0.7265203693629055,13.34758091650419,0.01894682446517418,3.9661189358930007,0.5343873300814799,0.02680132067265811,0.438811349245862,0.6266343657206218,12.735753032106885,0.019166440845588006,3.9545944018856716,0.5345290837187925,0.02804089185523317,0.4374300244259743,0.6263691370529477,0.08369774244520523,5.657519011713983
2023_16_CIN_PIT,2023,16,PIT,CIN,23,-3.0,-3.0,39.5,11.856520875515853,0.0037893969737009536,5.575548382388552,0.48359630247793334,0.03280739504413338,0.48359630247793334,0.7265048060979966,0,11.721098258077545,0.003677996117196214,5.60538720848403,0.48340690397448416,0.03318619205103168,0.48340690397448416,0.7268965286995501,13.34758091650419,0.004049890184597751,5.5090655131454405,0.47147270528235696,0.0818675029654504,0.4466597917521926,0.7518940676990958,13.407956749647543,0.00409119951250721,5.49891707258379,0.4716370268161478,0.0819729014330018,0.44639007175085044,0.7515456002199448,-0.07663130980476218,18.70761684864688
2023_16_CLE_HOU,2023,16,HOU,CLE,-14,-3.0,-3.0,40.0,11.856520875515853,0.020839674953896492,3.8708966594404663,0.48359630247793334,0.03280739504413338,0.48359630247793334,0.7265048060979966,2,11.733838993302214,0.020865795154506372,3.869644056174888,0.48342490894864104,0.03315018210271786,0.48342490894864104,0.7268592833919003,13.34758091650419,0.018120823713469205,4.010693520599795,0.47147270528235696,0.0818675029654504,0.4466597917521926,0.8059580664233104,13.42012172293464,0.018073895579124703,4.013286614927234,0.471668439172648,0.08190693769577971,0.4464246231315722,0.8064847100913367,0.14238995548676803,6.9851072436241815
2023_16_DAL_MIA,2023,16,MIA,DAL,2,1.5,1.5,48.5,11.856520875515853,0.032775350891372956,3.418078543321858,0.5,0.0,0.5,0.6931471805599453,0,11.92942975216729,0.03257555532422818,3.424193108557728,0.5,0.0,0.5,0.6931471805599453,13.34758091650419,0.025556769603993643,3.666853042280317,0.5131027036818627,0.0,0.48689729631813733,0.6672792517402412,13.730934103551636,0.024889454710190197,3.6933110708301573,0.5126313358042351,0.0,0.4873686641957649,0.6681983358159627,0.2752325275082992,2.912910099420262
2023_16_DET_MIN,2023,16,MIN,DET,-6,-2.5,-2.5,47.5,11.856520875515853,0.03127982190766926,3.464782056810069,0.5,0.0,0.5,0.6931471805599453,2,11.908857939306536,0.03115540167809777,3.4687676401755394,0.5,0.0,0.5,0.6931471805599453,13.34758091650419,0.024717161820827078,3.700257466057511,0.48512914931912343,0.0,0.5148708506808766,0.6638391851447424,13.628270892814287,0.024264641886711978,3.718735054663208,0.48556106576834634,0.0,0.5144389342316537,0.6646784202922253,0.25395299785313874,3.3962782212680445
2023_16_GB_CAR,2023,16,CAR,GB,-3,-3.5,-3.5,39.5,11.856520875515853,0.032775350891372956,3.418078543321858,0.5,0.0,0.5,0.6931471805599453,0,11.72152869866876,0.03315181145272483,3.406657919718772,0.5,0.0,0.5,0.6931471805599453,13.34758091650419,0.08189590208566991,2.502306324958941,0.5397368156276687,0.0,0.4602631843723312,0.6166736366985867,13.367774351545949,0.08222082019698612,2.498346721923799,0.5401536904691353,0.0,0.4598463095308647,0.615901567938243,-0.919731821398059,2.7758455033158187
2023_16_IND_ATL,2023,16,ATL,IND,19,3.0,3.0,44.0,11.856520875515853,0.013080430546552946,4.336638017091687,0.48359630247793334,0.03280739504413338,0.48359630247793334,0.7265048060979966,0,11.83082739268931,0.01306068737119026,4.338148524727871,0.48356070120644346,0.03287859758711309,0.48356070120644346,0.7265784265574884,13.34758091650419,0.012416853006275576,4.38870061572046,0.44665979175219295,0.08186750296545042,0.4714727052823567,0.8059580664233096,13.512655810618785,0.012476687515016302,4.383893374748158,0.44668617748539646,0.08140876483453903,0.4719050576800645,0.8058989947218193,0.047255357656471375,10.562683899667892
2023_16_JAX_TB,2023,16,TB,JAX,18,-2.0,-2.0,43.0,11.856520875515853,0.008283346999007013,4.793508165329452,0.48359630247793334,0.03280739504413338,0.48359630247793334,0.7265048060979966,0,11.806492792147177,0.008232967412047376,4.799608768884859,0.4835268400869081,0.032946319826183734,0.4835268400869081,0.7266484535573273,13.34758091650419,0.008365230677952707,4.783671368360192,0.4732044590931871,0.025590297991459284,0.5012052429153536,0.7482277236484515,13.571500840520114,0.008526780052261875,4.764543473824649,0.47372552403369544,0.025179070930820332,0.5010954050354842,0.7471271882289696,-0.028964691504802964,13.304569669470851
2023_16_LV_KC,2023,16,KC,LV,-6,11.0,11.0,40.5,11.856520875515853,0.011740204876848931,4.44473601355482,0.48359630247793334,0.03280739504413338,0.48359630247793334,0.7265048060979966,2,11.753338884524686,0.011649448175021268,4.452496467043241,0.48345239032245024,0.033095219355099514,0.48345239032245024,0.7268024377635309,13.34758091650419,0.011714992292633284,4.446885864928418,0.4336888849568165,0.026488455455564493,0.539822659587619,0.6165146015326657,12.802344442071188,0.011369044253688036,4.47686103335545,0.43195087439523455,0.02754111684020827,0.5405080087645572,0.6152458246869194,0.032125019800630206,9.880810682173212
2023_16_NE_DEN,2023,16,DEN,NE,-3,7.0,7.0,37.5,11.856520875515853,0.02248802388556581,3.794772383231289,0.48359630247793334,0.03280739504413338,0.48359630247793334,0.7265048060979966,2,11.672044511093675,0.0225795859066992,3.790709059370358,0.4833372154791482,0.033325569041703584,0.4833372154791482,0.7270407002420594,13.34758091650419,0.06221495290910755,2.7771599076605984,0.4250323731630002,0.054577478629363754,0.5203901482076361,0.6531764637150747,13.04090505028874,0.06304230278524114,2.763949305145981,0.423342216513699,0.05591454724056506,0.5207432362457359,0.6524981874117516,-1.0308230780853078,5.291897961819753
2023_16_NO_LA,2023,16,LA,NO,8,4.0,4.0,45.5,11.856520875515853,0.030829104961625053,3.4792960689156485,0.48359630247793334,0.03280739504413338,0.48359630247793334,0.7265048060979966,0,11.866002059121138,0.030807528798104666,3.4799961773766586,0.4836094008417418,0.032781198316516436,0.4836094008417418,0.72647772113817,13.34758091650419,0.024529288742018995,3.707887416565503,0.4482404781912289,0.02569187728486268,0.5260676445239084,0.8024254089060515,13.464286865981625,0.024323305170233976,3.7163203277368675,0.44810941315465624,0.02545581680824306,0.5264347700371007,0.8027178505937723,0.23702425882121902,3.6302642799887788
2023_16_NYG_PHI,2023,16,PHI,NYG,8,14.0,14.0,41.0,11.856520875515853,0.028550958220686262,3.556064780547148,0.48359630247793334,0.03280739504413338,0.48359630247793334,0.7265048060979966,2,11.768393706264817,0.02870540227011259,3.5506699415219543,0.48347354498369766,0.03305291003260469,0.48347354498369766,0.7267586812347662,13.34758091650419,0.024301037314166406,3.7172362417209555,0.44148082479957623,0.02696436447374913,0.5315548107266747,0.6319489619137718,12.58498582623869,0.02541398435105682,3.6724556914607134,0.44018378726755547,0.028566241146225385,0.5312499715862191,0.6325226122282759,0.11639091091356546,3.6180091887679535
2023_16_SEA_TEN,2023,16,TEN,SEA,-3,-3.0,-3.0,42.0,11.856520875515853,0.03280739504413338,3.4171013303414206,0.48359630247793334,0.03280739504413338,0.48359630247793334,3.4171013303414206,1,11.783388509375122,0.03301087674269526,3.4109181735577394,0.4834945616286524,0.03301087674269526,0.4834945616286524,3.4109181735577394,13.34758091650419,0.0818675029654504,2.5026531560534133,0.47147270528235696,0.0818675029654504,0.4466597917521926,2.5026531560534133,13.46741134169107,0.08165155727536651,2.5052943871772237,0.4717898734467337,0.08165155727536651,0.44655856927789983,2.5052943871772237,-0.9118069431641969,2.800509715559919
2023_16_WAS_NYJ,2023,16,NYJ,WAS,2,3.0,3.0,36.5,11.856520875515853,0.032679440080348676,3.4210091425413767,0.48359630247793334,0.03280739504413338,0.48359630247793334,0.7265048060979966,2,11.641408447645482,0.03327804838028098,3.4028573071681048,0.48329339454261117,0.033413210914777614,0.48329339454261117,0.7271313676306413,13.34758091650419,0.0255587146125594,3.666776939760836,0.44665979175219295,0.08186750296545042,0.4714727052823567,0.7518940676990964,13.331818483715875,0.025547554637344892,3.667213675822994,0.44617293813946945,0.08238827764736366,0.4714387842131668,0.7519660173350535,0.24620453328161718,2.829320149787496
2023_17_ARI_PHI,2023,17,PHI,ARI,-4,12.0,12.0,48.0,11.856520875515853,0.013080430546552987,4.336638017091683,0.48359630247793334,0.03280739504413338,0.48359630247793334,0.7265048060979966,2,11.92795262401883,0.013134329981188561,4.332525867333093,0.483694474217325,0.03261105156534999,0.483694474217325,0.7263018232057911,13.34758091650419,0.012905743242317917,4.350082854109442,0.43620519756457504,0.026642144509480475,0.5371526579259445,0.6214729456812426,12.882561737602368,0.01266910997670706,4.368588533627378,0.4348466238579345,0.027547730485984252,0.5376056456560813,0.6206299882359255,0.03195051653569436,9.009336517060104
2023_17_ATL_CHI,2023,17,CHI,ATL,20,3.0,3.0,39.0,11.856520875515853,0.011740204876849014,4.444736013554813,0.48359630247793334,0.03280739504413338,0.48359630247793334,0.7265048060979966,0,11.708209315574866,0.011608843698872051,4.455988083506001,0.4833886497244583,0.03322270055108345,0.4833886497244583,0.72693429107849,13.34758091650419,0.011336606460547375,4.479718279387905,0.44665979175219295,0.08186750296545042,0.4714727052823567,0.8059580664233096,13.395648043166632,0.011348204156356154,4.47869577168307,0.44635507265954844,0.08203975702003241,0.4716051703204192,0.8066405166637585,0.033959758128257356,11.388220798582946
2023_17_CAR_JAX,2023,17,JAX,CAR,26,3.5,3.5,38.0,11.856520875515853,0.006049060955806929,5.107852232902523,0.5,0.0,0.5,0.6931471805599453,0,11.682401042598762,0.005877721060776775,5.136586166895914,0.5,0.0,0.5,0.6931471805599453,13.34758091650419,0.006314697057769755,5.064875496179972,0.46026318437233116,0.0,0.5397368156276688,0.7759568131687993,13.330514599355254,0.0062909864285337885,5.0686373956793895,0.4597770574462734,0.0,0.5402229425537266,0.7770135647090058,-0.03921483722313379,16.2285314843625
2023_17_CIN_KC,2023,17,KC,CIN,8,7.5,7.5,46.0,11.856520875515853,0.032775350891372956,3.418078543321858,0.5,0.0,0.5,0.6931471805599453,0,11.880261446681288,0.032710025303720025,3.4200736638546436,0.5,0.0,0.5,0.6931471805599453,13.34758091650419,0.025997534907168236,3.649753556718287,0.43896789829924077,0.0,0.5610321017007592,0.823328993183796,13.194747874351886,0.026239662053654363,3.6404831940419906,0.4379929657690448,0.0,0.5620070342309552,0.8255524286226779,0.2224046507201325,3.029526836354887
2023_17_DET_DAL,2023,17,DAL,DET,1,5.5,5.5,53.0,11.856520875515853,0.030327536530024846,3.4956991828017534,0.5,0.0,0.5,0.6931471805599453,2,12.024731259385295,0.029968429056489554,3.507610816228277,0.5,0.0,0.5,0.6931471805599453,13.34758091650419,0.02434099605089419,3.7155932698732754,0.46374608890380953,0.0,0.5362539110961905,0.6231475153470377,13.491191186205821,0.02410255157991323,3.7254375694046606,0.46349707858597367,0.0,0.5365029214140263,0.6226832716064961,0.22973838660290724,3.338831585161022
2023_17_GB_MIN,2023,17,MIN,GB,-23,1.0,1.0,42.5,11.856520875515853,0.004967390847180057,5.304860557170751,0.48359630247793334,0.03280739504413338,0.48359630247793334,0.7265048060979966,2,11.793706128344938,0.004909494290708444,5.316584338262532,0.48350899174778394,0.03298201650443211,0.48350899174778394,0.7266853670584379,13.34758091650419,0.005235839309815378,5.252228120898277,0.4993988793786156,0.02556454896975749,0.47503657165162694,0.7443634849605074,13.641704931537507,0.005469608690953201,5.20854820241005,0.49933940891093265,0.025040264954229386,0.47562032613483796,0.7431353772006188,-0.09631235476070099,17.001817319927685
2023_17_LAC_DEN,2023,17,DEN,LAC,7,3.5,3.5,39.5,11.856520875515853,0.031279821907669314,3.4647820568100673,0.5,0.0,0.5,0.6931471805599453,0,11.72152869866876,0.031605074750897355,3.4544375779001797,0.5,0.0,0.5,0.6931471805599453,13.34758091650419,0.05206829509786363,2.955199054846476,0.46026318437233116,0.0,0.5397368156276688,0.7759568131687993,13.367774351545949,0.052148038736809364,2.9536687063574316,0.4598463095308647,0.0,0.5401536904691353,0.7768629550415942,-0.5111133504526357,3.402444860901881
2023_17_LA_NYG,2023,17,NYG,LA,-1,-6.0,-6.0,43.5,11.856520875515853,0.02977832632520816,3.5139744546082405,0.48359630247793334,0.03280739504413338,0.48359630247793334,0.7265048060979966,0,11.821759777977258,0.029848959128175423,3.5116053098293767,0.4835481000768358,0.03290379984632841,0.4835481000768358,0.726604485941069,13.34758091650419,0.024052921240838417,3.727498824491154,0.5223854992853258,0.025856203909638425,0.4517582968050357,0.6493494592816547,13.260561208491092,0.024139580857134642,3.723902426465369,0.522835234879501,0.02597400316116365,0.4511907619593354,0.6484889030235756,0.20992797185712853,3.4111954038058494
2023_17_LV_IND,2023,17,IND,LV,3,3.5,3.5,42.5,11.856520875515853,0.032775350891372956,3.418078543321858,0.5,0.0,0.5,0.6931471805599453,2,11.79587182246084,0.03294342468550604,3.4129635922566077,0.5,0.0,0.5,0.6931471805599453,13.34758091650419,0.08189590208567006,2.5023063249589392,0.46026318437233116,0.0,0.5397368156276688,0.6166736366985864,13.438511889992588,0.08183606211466582,2.5030372753748926,0.4599773612514755,0.0,0.5400226387485245,0.6161442166942082,-0.9150412679469655,2.7906760225595852
2023_17_MIA_BAL,2023,17,BAL,MIA,37,3.0,3.0,47.0,11.856520875515853,0.0012107368209329783,6.716526161784177,0.48359630247793334,0.03280739504413338,0.48359630247793334,0.7265048060979966,0,11.898415710491744,0.0012277325346228274,6.702586278662025,0.4836540231542954,0.032691953691409203,0.4836540231542954,0.7263854560706026,13.34758091650419,0.001233845276979563,6.697619744682969,0.44665979175219295,0.08186750296545042,0.4714727052823567,0.8059580664233096,13.57706591685486,0.0013312540138301666,6.621633913427391,0.4468669263572185,0.08106569993285292,0.4720673737099285,0.8054944325900109,-0.09489224835678645,27.079378087587624
2023_17_NE_BUF,2023,17,BUF,NE,6,15.0,15.0,40.0,11.856520875515853,0.02411359536013946,3.7249794747156306,0.48359630247793334,0.03280739504413338,0.48359630247793334,0.7265048060979966,2,11.744185165476624,0.02420456541664287,3.721214010032061,0.48343950125649815,0.0331209974870037,0.48343950125649815,0.7268290985847977,13.34758091650419,0.0214904128921103,3.8401483552917077,0.4441872634812397,0.027129665875166395,0.5286830706435939,0.637366136976702,12.48741632098308,0.022219575242666642,3.806781610944966,0.4431171266397266,0.028988513101934614,0.5278943602583388,0.6388590905618998,0.08180213622933552,4.688933340617314
2023_17_NO_TB,2023,17,TB,NO,-10,2.5,2.5,42.5,11.856520875515853,0.018382473284179246,3.9963576072239753,0.5,0.0,0.5,0.6931471805599453,2,11.795005497095852,0.01837246930502079,3.996901968265009,0.5,0.0,0.5,0.6931471805599453,13.34758091650419,0.01638810019991484,4.111199805091476,0.5148708506808766,0.0,0.48512914931912343,0.7233401362368878,13.519423372339016,0.016360228991992087,4.112901950839963,0.5146051437371306,0.0,0.4853948562628694,0.7227925826496374,0.11654434361598787,7.339021816466724
2023_17_NYJ_CLE,2023,17,CLE,NYJ,17,6.5,6.5,33.5,11.856520875515853,0.021664945344910147,3.8320597465301116,0.5,0.0,0.5,0.6931471805599453,0,11.55846429135119,0.02176524502640398,3.8274408462234653,0.5,0.0,0.5,0.6931471805599453,13.34758091650419,0.018881291533657234,3.9695837131014375,0.46564868786259594,0.0,0.534351312137404,0.7643238178803625,12.974167015894647,0.018999756641641743,3.963329108232369,0.4649155134575764,0.0,0.5350844865424236,0.7658995813917618,0.13126936170225756,6.960257359870893
2023_17_PIT_SEA,2023,17,SEA,PIT,-7,4.5,4.5,40.5,11.856520875515853,0.020015490642596556,3.9112487730935377,0.5,0.0,0.5,0.6931471805599453,2,11.747729207114118,0.020024130922886574,3.910817186575668,0.5,0.0,0.5,0.6931471805599453,13.34758091650419,0.03703850524855392,3.295797225079085,0.46194319839839415,0.0,0.5380568016016058,0.6197911452083016,13.311743289181512,0.037156792067551896,3.2926086963315093,0.461447196250682,0.0,0.538552803749318,0.6188697300911795,-0.6186400767620284,6.417832778523911
2023_17_SF_WAS,2023,17,WAS,SF,-17,-14.0,-14.0,49.0,11.856520875515853,0.03167675216238375,3.452172237418235,0.48359630247793334,0.03280739504413338,0.48359630247793334,0.7265048060979966,2,11.95096871204304,0.03144386202225302,3.459551481107163,0.48372585647735405,0.032548287045291835,0.48372585647735405,0.7262369449743866,13.34758091650419,0.026270626650314217,3.6393038213509157,0.5315548107266743,0.026964364473749124,0.44148082479957645,0.8176206918188554,12.747759638767734,0.02740703804062864,3.596955435775047,0.5314370145498762,0.028201391932041804,0.4403615935180819,0.8201590861152087,0.1447831983568122,3.7182529524425183
2023_17_TEN_HOU,2023,17,HOU,TEN,23,5.0,5.0,44.0,11.856520875515853,0.010492310870429011,4.557112588134232,0.48359630247793334,0.03280739504413338,0.48359630247793334,0.7265048060979966,0,11.832565369371238,0.010469796485209626,4.559260692186449,0.4835631142433979,0.03287377151320431,0.4835631142433979,0.726573436427133,13.34758091650419,0.01035309050035887,4.570470204774098,0.44994742077175015,0.02576658726783771,0.5242859919604121,0.7986245457738592,13.351397850625547,0.01034089853004786,4.571648515220066,0.44954142958224863,0.025723225090542475,0.5247353453272089,0.7995272611703019,0.014535927085834288,12.392181938748964
2023_18_ATL_NO,2023,18,NO,ATL,31,3.5,3.5,41.5,11.856520875515853,0.003077800176180645,5.783540165692129,0.5,0.0,0.5,0.6931471805599453,0,11.771638863487729,0.0030151266118075837,5.804113455718679,0.5,0.0,0.5,0.6931471805599453,13.34758091650419,0.0033022413556780465,5.713153842370429,0.46026318437233116,0.0,0.5397368156276688,0.7759568131687993,13.415462326137146,0.003346813061814971,5.699746710773176,0.4599347195289476,0.0,0.5400652804710524,0.7766707136372557,-0.08379345491895318,20.878794812331506
2023_18_BUF_MIA,2023,18,MIA,BUF,-7,-2.5,-2.5,47.5,11.856520875515853,0.030327536530024846,3.4956991828017534,0.5,0.0,0.5,0.6931471805599453,2,11.908857939306536,0.030214996857523768,3.4994168931724676,0.5,0.0,0.5,0.6931471805599453,13.34758091650419,0.050777548511897204,2.980300980517332,0.48512914931912343,0.0,0.5148708506808766,0.6638391851447424,13.628270892814287,0.05010661012091796,2.993602341053165,0.48556106576834634,0.0,0.5144389342316537,0.6646784202922253,-0.5020968417485885,3.6765060298363545
2023_18_CHI_GB,2023,18,GB,CHI,8,2.5,2.5,45.5,11.856520875515853,0.02918491990361427,3.5341031447668705,0.5,0.0,0.5,0.6931471805599453,0,11.86469486920269,0.029169473732420292,3.5346325366632567,0.5,0.0,0.5,0.6931471805599453,13.34758091650419,0.023465490265104264,3.752224436491236,0.5148708506808766,0.0,0.48512914931912343,0.6638391851447424,13.586069722108213,0.023136021582253852,3.7663645001632955,0.5145029354615431,0.0,0.4854970645384569,0.6645540182596964,0.232261355396425,4.051190019741059
2023_18_CLE_CIN,2023,18,CIN,CLE,17,7.5,7.5,37.0,11.856520875515853,0.023305448812246832,3.759068091147339,0.5,0.0,0.5,0.6931471805599453,0,11.658948904021782,0.023433535770783664,3.7535871300039294,0.5,0.0,0.5,0.6931471805599453,13.34758091650419,0.02007180947656959,3.908438961963385,0.43896789829924077,0.0,0.5610321017007592,0.823328993183796,12.989246241937384,0.020261193668746735,3.8990478643874575,0.43746314264152497,0.0,0.562536857358475,0.8267628221241102,0.13997977324011845,6.406568639278652
2023_18_DAL_WAS,2023,18,WAS,DAL,-28,-13.0,-13.0,47.5,11.856520875515853,0.01450704282449898,4.233121035441104,0.48359630247793334,0.03280739504413338,0.48359630247793334,0.7265048060979966,2,11.91804536454653,0.014545362898892869,4.230483037267645,0.48368092846399596,0.03263814307200802,0.48368092846399596,0.7263298283696443,13.34758091650419,0.014148658968950888,4.2581354318963935,0.5343873300814799,0.02680132067265811,0.438811349245862,0.823685686635997,12.79579803205229,0.013945726800114583,4.272582140213537,0.5345696357100418,0.027910889242137096,0.43751947504782107,0.8266340597801847,0.0394611047724327,10.270571235630081
2023_18_DEN_LV,2023,18,LV,DEN,13,3.5,3.5,37.5,11.856520875515853,0.023305448812246832,3.759068091147339,0.5,0.0,0.5,0.6931471805599453,0,11.669044477660647,0.023427126192198777,3.753860689034313,0.5,0.0,0.5,0.6931471805599453,13.34758091650419,0.019797150362871288,3.922217272706385,0.46026318437233116,0.0,0.5397368156276688,0.7759568131687993,13.317790941347022,0.019784665254794144,3.9228481234289387,0.45975337373802216,0.0,0.5402466262619778,0.7770650773233866,0.16378003228159965,6.116233442680693
2023_18_HOU_IND,2023,18,IND,HOU,-4,-1.5,-1.5,47.5,11.856520875515853,0.03201727118492936,3.441479797252265,0.5,0.0,0.5,0.6931471805599453,2,11.90798331589114,0.03188567583444846,3.445598403439896,0.5,0.0,0.5,0.6931471805599453,13.34758091650419,0.025116417491208607,3.6842335633485743,0.4868972963181373,0.0,0.5131027036818627,0.6672792517402412,13.710324888731606,0.024515245444292517,3.7084600919244703,0.48734471489197784,0.0,0.5126552851080222,0.6681516185306633,0.2669802946722055,3.1171978234171283
2023_18_JAX_TEN,2023,18,TEN,JAX,8,-3.5,-3.5,41.5,11.856520875515853,0.020015490642596556,3.9112487730935377,0.5,0.0,0.5,0.6931471805599453,0,11.771638863487729,0.02002247951255154,3.9108996609882594,0.5,0.0,0.5,0.6931471805599453,13.34758091650419,0.017571503283508608,4.041476820767079,0.5397368156276687,0.0,0.4602631843723312,0.6166736366985867,13.415462326137146,0.017532735170839833,4.043685564220106,0.5400652804710522,0.0,0.45993471952894777,0.6160652569691876,0.13243679112656848,6.543520549690409
2023_18_KC_LAC,2023,18,LAC,KC,-1,3.5,3.5,35.0,11.856520875515853,0.030327536530024846,3.4956991828017534,0.5,0.0,0.5,0.6931471805599453,2,11.5997181994257,0.030890514058105722,3.4773061306198434,0.5,0.0,0.5,0.6931471805599453,13.34758091650419,0.024200272535795216,3.7213913840731903,0.46026318437233116,0.0,0.5397368156276688,0.6166736366985864,13.251710982767221,0.02429966062439401,3.7172928948074815,0.4596300861012248,0.0,0.5403699138987752,0.6155013482083788,0.22159371200572808,3.356215122069811
2023_18_LA_SF,2023,18,SF,LA,-1,5.5,5.5,40.0,11.856520875515853,0.027880236133116132,3.5798372235017166,0.5,0.0,0.5,0.6931471805599453,2,11.735993693935598,0.028073384896508624,3.5729333081866645,0.5,0.0,0.5,0.6931471805599453,13.34758091650419,0.02284574208830254,3.7789905208743244,0.46374608890380953,0.0,0.5362539110961905,0.6231475153470377,13.220229160790005,0.022958007817299664,3.7740884788345053,0.463165509421926,0.0,0.536834490578074,0.6220654431941252,0.19425125533278864,3.8882704800061347
2023_18_MIN_DET,2023,18,DET,MIN,10,3.5,3.5,47.5,11.856520875515853,0.027880236133116076,3.5798372235017184,0.5,0.0,0.5,0.6931471805599453,0,11.909732626961697,0.027795434473916414,3.582883499329331,0.5,0.0,0.5,0.6931471805599453,13.34758091650419,0.02271366314112271,3.7847886350742392,0.46026318437233116,0.0,0.5397368156276688,0.7759568131687993,13.546707976306147,0.02246276841243335,3.795896077586775,0.46017673350165955,0.0,0.5398232664983404,0.7761446600216944,0.21605885408505676,4.5756845091017215
2023_18_NYJ_NE,2023,18,NE,NYJ,-14,2.5,2.5,28.5,11.856520875515853,0.012399075853575886,4.390133337085919,0.5,0.0,0.5,0.6931471805599453,2,11.39487420364658,0.011990570521798083,4.4236347279389685,0.5,0.0,0.5,0.6931471805599453,13.34758091650419,0.01186100424672732,4.434499213893808,0.5148708506808766,0.0,0.48512914931912343,0.7233401362368878,13.135490117138133,0.011722736859838425,4.446225001630901,0.5152223115445955,0.0,0.48477768845540453,0.7240648674490291,0.056091664544982045,10.397374357946642
2023_18_PHI_NYG,2023,18,NYG,PHI,17,-4.5,-4.5,43.0,11.856520875515853,0.006875114510508151,4.9798469794943,0.5,0.0,0.5,0.6931471805599453,0,11.808660834295347,0.0068272216990552526,4.986837467211349,0.5,0.0,0.5,0.6931471805599453,13.34758091650419,0.00711666554129536,4.945315986107425,0.5380568016016058,0.0,0.4619431983983941,0.6197911452083016,13.369353488121405,0.007124565550886857,4.944206530000618,0.5384636006477799,0.0,0.4615363993522202,0.6190353786391086,-0.03564044949368217,14.36250641546488
2023_18_PIT_BAL,2023,18,BAL,PIT,-7,-3.0,-3.0,34.0,11.856520875515853,0.030829104961624998,3.4792960689156502,0.48359630247793334,0.03280739504413338,0.48359630247793334,0.7265048060979966,2,11.570288697500539,0.031493657457685786,3.4579691039739506,0.4831907731774443,0.0336184536451114,0.4831907731774443,0.7273437277892038,13.34758091650419,0.051451723858923666,2.967111311744937,0.47147270528235696,0.0818675029654504,0.4466597917521926,0.8059580664233104,13.263795586596123,0.05185257080415925,2.959350763970456,0.4712592473089904,0.08276309977663877,0.44597765291437086,0.8074864337905586,-0.5199453049451943,3.4960487647426954
2023_18_SEA_ARI,2023,18,ARI,SEA,-1,-2.5,-2.5,48.0,11.856520875515853,0.03252032460939824,3.425890012513531,0.5,0.0,0.5,0.6931471805599453,0,11.919632976202863,0.03235124521568755,3.4311027667918657,0.5,0.0,0.5,0.6931471805599453,13.34758091650419,0.02544307839299457,3.6713115418169155,0.48512914931912343,0.0,0.5148708506808766,0.7233401362368878,13.638563332188198,0.02493141343297633,3.691626686985788,0.4855765915126764,0.0,0.5144234084873236,0.7224182456856709,0.26573667447225713,2.9597363634201046
2023_18_TB_CAR,2023,18,CAR,TB,-9,-5.0,-5.0,36.5,11.856520875515853,0.030829104961624998,3.4792960689156502,0.48359630247793334,0.03280739504413338,0.48359630247793334,0.7265048060979966,2,11.643118598233878,0.03132211533378998,3.4634308707471777,0.4832958467634125,0.033408306473175,0.4832958467634125,0.7271262936639624,13.34758091650419,0.024600618007840466,3.7049837140894413,0.5242859919604121,0.025766587267837707,0.4499474207717501,0.7986245457738593,13.172718608619913,0.024828051631711257,3.6957811508569605,0.524826314773499,0.026036936291929345,0.4491367489345716,0.8004278742812112,0.21648508194131022,3.676163872403207
2024_01_ARI_BUF,2024,1,BUF,ARI,6,6.5,6.5,46.0,11.8486701377757,0.03279701069449087,3.417417905108384,0.5,0.0,0.5,0.6931471805599453,2,11.868881860769097,0.03274130538340375,3.4191178366243395,0.5,0.0,0.5,0.6931471805599453,13.331967220789778,0.02596701309139285,3.650928273730591,0.46609177904982513,0.0,0.5339082209501749,0.6275313256732568,13.251666747756472,0.02607254864330776,3.6468722942766103,0.465587679037583,0.0,0.534412320962417,0.6265876013323339,0.22945438916822614,2.89237008467284
2024_01_BAL_KC,2024,1,KC,BAL,7,3.0,3.0,46.0,11.8486701377757,0.030846991595668616,3.4787160505440773,0.4835854407442252,0.032829118511549515,0.4835854407442252,0.7265272666826482,0,11.875595425932639,0.030785725334307235,3.4807041596067023,0.48362263292121294,0.03275473415757407,0.48362263292121294,0.726450360424277,13.331967220789778,0.05116174396837484,2.9727632143385225,0.4471271539965822,0.08159828121391557,0.4712745647895023,0.8049122639774169,13.551200144800072,0.050648372603734705,2.982848179035918,0.44727509372120955,0.08087924909579892,0.47184565718299154,0.8045814514680476,-0.4958678715081595,3.5451736716063027
2024_01_CAR_NO,2024,1,NO,CAR,37,3.5,3.5,41.5,11.8486701377757,0.0012989974837465113,6.646162478365211,0.5,0.0,0.5,0.6931471805599453,0,11.783431630710625,0.0012713282202140297,6.667693082335878,0.5,0.0,0.5,0.6931471805599453,13.331967220789778,0.0013347485594032568,6.619012349885361,0.4607631335407544,0.0,0.5392368664592456,0.7748711781379578,13.41902004920403,0.0013719767151872486,6.591502721260325,0.4604403558339639,0.0,0.5395596441660361,0.7755719521226911,-0.054659757104885465,26.70142201493224
2024_01_DAL_CLE,2024,1,CLE,DAL,-16,2.5,2.5,42.0,11.8486701377757,0.009896487495683767,4.615575383213224,0.5,0.0,0.5,0.6931471805599453,2,11.795911239449943,0.009845299718582862,4.620761123618252,0.5,0.0,0.5,0.6931471805599453,13.331967220789778,0.009800037597341589,4.625369056849543,0.5150370844404317,0.0,0.48496291555956833,0.7236828537318566,13.515378142124478,0.009913412504824455,4.61386664028586,0.5147532326595621,0.0,0.4852467673404379,0.7230977187987152,-0.0017087429273638932,11.968055435531621
2024_01_DEN_SEA,2024,1,SEA,DEN,6,6.5,6.5,42.0,11.8486701377757,0.03279701069449087,3.417417905108384,0.5,0.0,0.5,0.6931471805599453,2,11.788290384113399,0.03296455588590469,3.4123223587993086,0.5,0.0,0.5,0.6931471805599453,13.331967220789778,0.02596701309139285,3.650928273730591,0.46609177904982513,0.0,0.5339082209501749,0.6275313256732568,13.174501665193196,0.026211795057667,3.641545776480844,0.46552057179382444,0.0,0.5344794282061756,0.6264620371788097,0.2241278713724597,2.876040271562833
2024_01_GB_PHI,2024,1,PHI,GB,5,2.0,2.0,49.5,11.8486701377757,0.03169625927292097,3.451556609070725,0.4835854407442252,0.032829118511549515,0.4835854407442252,0.7265272666826482,0,11.942926552478953,0.031463564625046514,3.4589250811894487,0.48371490478937257,0.03257019042125492,0.48371490478937257,0.7262595855089193,13.331967220789778,0.025010467741825457,3.688460832075352,0.5013391623029249,0.025672494154644763,0.47298834354243036,0.6904724362740282,13.70237186187921,0.024406099834775805,3.7129221846975646,0.5011512872954538,0.025017291151100147,0.473831421553446,0.6908472528316241,0.2613655756268396,3.2607931408480804
2024_01_HOU_IND,2024,1,IND,HOU,-2,-3.0,-3.0,49.0,11.8486701377757,0.03270090962453587,3.4203523842017285,0.4835854407442252,0.032829118511549515,0.4835854407442252,0.7265272666826482,0,11.931921130586892,0.032474662237720886,3.4272951171656003,0.48369989387526996,0.032600212249460137,0.48369989387526996,0.7262906185551877,13.331967220789778,0.025640154686128517,3.663595613947534,0.47127456478950225,0.08159828121391557,0.44712715399658215,0.7523144147041995,13.606273561562391,0.025143454412776982,3.6831576782278153,0.4719838696346029,0.08058794360403197,0.4474281867613651,0.7508104684835032,0.26280529402608677,2.8901068338497806
2024_01_JAX_MIA,2024,1,MIA,JAX,3,3.5,3.5,49.5,11.8486701377757,0.03279701069449087,3.417417905108384,0.5,0.0,0.5,0.6931471805599453,2,11.940032529641298,0.032546702477246725,3.425079221841986,0.5,0.0,0.5,0.6931471805599453,13.331967220789778,0.08162546027710016,2.5056140524783146,0.4607631335407544,0.0,0.5392368664592456,0.6176003492078959,13.571738959063905,0.08079664592797069,2.515819825109126,0.4607188109983563,0.0,0.5392811890016437,0.6175181576447624,-0.9015980799992582,2.8232833652728324
2024_01_LA_DET,2024,1,DET,LA,6,5.0,5.0,54.0,11.8486701377757,0.03270090962453587,3.4203523842017285,0.4835854407442252,0.032829118511549515,0.4835854407442252,0.7265272666826482,0,12.015183909586037,0.03225147955834862,3.434191359014457,0.4838127783451127,0.03237444330977457,0.4838127783451127,0.7260572687012867,13.331967220789778,0.025772361606353985,3.6584526168266023,0.450379913874019,0.025847339930724203,0.5237727461952568,0.7976637993455479,13.517648162743349,0.025416687197310096,3.6723493444000317,0.45035446931322565,0.025488611697218402,0.524156918989556,0.797720296713196,0.2519969601983032,3.019770100919607
2024_01_LV_LAC,2024,1,LAC,LV,12,3.0,3.0,41.0,11.8486701377757,0.02411999430499212,3.724714143234618,0.4835854407442252,0.032829118511549515,0.4835854407442252,0.7265272666826482,0,11.773690259924747,0.02418079776093862,3.722196441745085,0.48348097471713863,0.033038050565722676,0.48348097471713863,0.7267433139485293,13.331967220789778,0.020358572127728448,3.894253221010185,0.4471271539965822,0.08159828121391557,0.4712745647895023,0.8049122639774169,13.451465641955767,0.020248917393130318,3.8996539489263746,0.4469958612933461,0.08141238623431588,0.471591752472338,0.8052059432630063,0.1749398056917566,5.780925123348346
2024_01_MIN_NYG,2024,1,NYG,MIN,-22,-1.0,-1.0,42.5,11.8486701377757,0.007313590700725209,4.918020921892031,0.4835854407442252,0.032829118511549515,0.4835854407442252,0.7265272666826482,2,11.809232670947033,0.007273854283411117,4.923468965143273,0.4835306595393002,0.03293868092139962,0.4835306595393002,0.7266405544357268,13.331967220789778,0.007488328669949645,4.894409647881536,0.47480356975438265,0.025646952640498107,0.49954947760511925,0.6940486315345755,13.65583936862759,0.0077376505737951455,4.861657180896455,0.47544824557211807,0.025069000535937757,0.49948275389194424,0.6941822082324449,-0.05636374099557617,14.510653962110585
2024_01_NE_CIN,2024,1,CIN,NE,-6,8.0,8.0,40.5,11.8486701377757,0.016007187932822395,4.134717411821639,0.4835854407442252,0.032829118511549515,0.4835854407442252,0.7265272666826482,2,11.753376993817874,0.015961231842126777,4.137592506848286,0.48345244394103204,0.03309511211793592,0.48345244394103204,0.7268023268558595,13.331967220789778,0.014950887444676868,4.202984620059276,0.4276999423426306,0.026154181897232984,0.5461458757601364,0.6048691671993792,13.018471862547424,0.014861025768997116,4.209013213205653,0.42607217792391644,0.026701394645659425,0.5472264274304242,0.602892618097264,0.0742958013840136,7.804851325550246
2024_01_NYJ_SF,2024,1,SF,NYJ,13,3.5,3.5,43.0,11.8486701377757,0.02331064107448344,3.758845324189806,0.5,0.0,0.5,0.6931471805599453,0,11.814808586724167,0.023332942122834766,3.757889091905666,0.5,0.0,0.5,0.6931471805599453,13.331967220789778,0.019848162340529097,3.9196438534378006,0.4607631335407544,0.0,0.5392368664592456,0.7748711781379578,13.449642306741033,0.0197511595260576,3.9245430791782496,0.46049639692609257,0.0,0.5395036030739074,0.7754502475821137,0.16569775498844352,6.113246332393244
2024_01_PIT_ATL,2024,1,ATL,PIT,-8,4.0,4.0,43.0,11.8486701377757,0.019195190356116387,3.9530955336149445,0.4835854407442252,0.032829118511549515,0.4835854407442252,0.7265272666826482,2,11.813854183911348,0.01919376220498656,3.953169937891967,0.48353709802138767,0.032925803957224664,0.48353709802138767,0.7266272389631816,13.331967220789778,0.01705621308681179,4.071240737713014,0.4486910480076738,0.025773246578411166,0.525535705413915,0.6433371453712072,13.406764596774458,0.017021890517521787,4.0732550857702945,0.44842581150804095,0.025605096037770732,0.5259690924541883,0.6425128275636376,0.12015955215535001,6.816087929919712
2024_01_TEN_CHI,2024,1,CHI,TEN,7,4.0,4.0,43.0,11.8486701377757,0.03169625927292097,3.451556609070725,0.4835854407442252,0.032829118511549515,0.4835854407442252,0.7265272666826482,0,11.813854183911348,0.03178304590428194,3.448822279033847,0.48353709802138767,0.032925803957224664,0.48353709802138767,0.7266272389631816,13.331967220789778,0.052329171781229276,2.950201285567729,0.4486910480076738,0.025773246578411166,0.525535705413915,0.8014207171515874,13.406764596774458,0.052237293972297955,2.9519585952733505,0.44842581150804095,0.025605096037770732,0.5259690924541883,0.8020120258635968,-0.49959801379737456,3.3113568811583036
2024_01_WAS_TB,2024,1,TB,WAS,17,4.0,4.0,42.0,11.8486701377757,0.01757704146634742,4.041161690628743,0.4835854407442252,0.032829118511549515,0.4835854407442252,0.7265272666826482,0,11.793052841521432,0.017561672569237907,4.042036446493398,0.4835080788153541,0.032983842369291805,0.4835080788153541,0.7266872551997284,13.331967220789778,0.01589412846340418,4.141805516987427,0.4486910480076738,0.025773246578411166,0.525535705413915,0.8014207171515874,13.38652796223233,0.01587309521374705,4.143129727937961,0.44837440847964005,0.025639716301110147,0.5259858752192498,0.8021266623842209,0.10196803730921733,8.41650943046227
2024_02_ATL_PHI,2024,2,PHI,ATL,-1,5.5,5.5,46.5,11.8486701377757,0.027892772235269092,3.579387683384344,0.5,0.0,0.5,0.6931471805599453,2,11.880415084049005,0.027842120674283988,3.581205272771725,0.5,0.0,0.5,0.6931471805599453,13.331967220789778,0.022910382969161154,3.776165066411963,0.4642093058789589,0.0,0.5357906941210411,0.6240116902176029,13.345824732789834,0.022860471958711836,3.778345975215649,0.46377465859678524,0.0,0.5362253414032148,0.6232007931944477,0.1989582918313051,3.9113718599851195
2024_02_BUF_MIA,2024,2,MIA,BUF,-21,2.5,2.5,48.5,11.8486701377757,0.005300470365064987,5.239959714236473,0.5,0.0,0.5,0.6931471805599453,2,11.923722252177026,0.005370858827195783,5.226767452672399,0.5,0.0,0.5,0.6931471805599453,13.331967220789778,0.005580958849236451,5.18839468057044,0.5150370844404317,0.0,0.48496291555956833,0.7236828537318566,13.640804855764932,0.0058279787825373216,5.145085031263678,0.5145613424762485,0.0,0.4854386575237514,0.7227023483091666,-0.09487468297279555,16.347976490555613
2024_02_CHI_HOU,2024,2,HOU,CHI,6,6.0,6.0,45.5,11.8486701377757,0.032829118511549515,3.4164393979189773,0.4835854407442252,0.032829118511549515,0.4835854407442252,3.4164393979189773,1,11.860128865856451,0.03279742115227169,3.417405390089372,0.48360128942386416,0.03279742115227169,0.48360128942386416,3.417405390089372,13.331967220789778,0.02593620731418867,3.6521153207223103,0.4521715792058737,0.02593620731418867,0.5218922134799376,3.6521153207223103,13.284724484858755,0.025981705976997675,3.6503626048840783,0.4516567470419177,0.025981705976997675,0.5223615469810846,3.6503626048840783,0.23392320696510094,2.911026129743383
2024_02_CIN_KC,2024,2,KC,CIN,1,6.5,6.5,47.5,11.8486701377757,0.029199767036041047,3.5335945479574997,0.5,0.0,0.5,0.6931471805599453,2,11.897440002799902,0.029107721832955902,3.5367517849207286,0.5,0.0,0.5,0.6931471805599453,13.331967220789778,0.02380548244057225,3.737839370186373,0.46609177904982513,0.0,0.5339082209501749,0.6275313256732568,13.278992742195475,0.023840854000450155,3.736354615260053,0.4656116058974229,0.0,0.5343883941025771,0.6266323746179552,0.20276006730255336,3.545224775551533
2024_02_CLE_JAX,2024,2,JAX,CLE,-5,3.0,3.0,41.5,11.8486701377757,0.025695751553327817,3.6614296099550705,0.4835854407442252,0.032829118511549515,0.4835854407442252,0.7265272666826482,2,11.784383575784423,0.025768265759717024,3.65861155345019,0.48349595441848964,0.03300809116302078,0.48349595441848964,0.726712331407166,13.331967220789778,0.021375185840956618,3.8455245698833487,0.4471271539965822,0.08159828121391557,0.4712745647895023,0.7523144147041994,13.461936954737208,0.021233251460107093,3.8521868609614898,0.44702529957393383,0.08135606857875273,0.47161863184731345,0.751584603365418,0.19075725100641927,4.635623748749477
2024_02_IND_GB,2024,2,GB,IND,6,-3.0,-3.0,41.5,11.8486701377757,0.02411999430499212,3.724714143234618,0.4835854407442252,0.032829118511549515,0.4835854407442252,0.7265272666826482,0,11.784383575784423,0.02417216129081834,3.7225536678748394,0.48349595441848964,0.03300809116302078,0.48349595441848964,0.726712331407166,13.331967220789778,0.020358572127728448,3.894253221010185,0.47127456478950225,0.08159828121391557,0.44712715399658215,0.7523144147041995,13.461936954737208,0.020242075129078392,3.899991913678081,0.4716186318473134,0.08135606857875272,0.4470252995739339,0.7515846033654181,0.17527777044346315,5.132290637624511
2024_02_LAC_CAR,2024,2,CAR,LAC,-23,-5.0,-5.0,39.0,11.8486701377757,0.010484947916209394,4.557814582097969,0.4835854407442252,0.032829118511549515,0.4835854407442252,0.7265272666826482,2,11.725884541752308,0.01036781906171945,4.569048591133349,0.48341367244690503,0.03317265510618994,0.48341367244690503,0.7268825271927845,13.331967220789778,0.010364018025751594,4.569415277017905,0.5237727461952568,0.025847339930724206,0.450379913874019,0.7976637993455479,13.23818070997705,0.010283928545875206,4.577172937689446,0.5242986004889767,0.025973005048919674,0.44972839446210366,0.7991114463001707,0.019358355591476695,12.409247121133067
2024_02_LA_ARI,2024,2,ARI,LA,31,-1.0,-1.0,47.5,11.8486701377757,0.0016156789114946113,6.428000032007426,0.4835854407442252,0.032829118511549515,0.4835854407442252,0.7265272666826482,0,11.908016984337717,0.001645197915592811,6.409894588571602,0.48366719417525517,0.03266561164948967,0.48366719417525517,0.7263582241217429,13.331967220789778,0.0016866212518740844,6.385028010479731,0.47480356975438265,0.025646952640498107,0.49954947760511925,0.7448540978368448,13.75369501376504,0.0019060558279365143,6.262719183551327,0.4756255481577892,0.024911264956360354,0.49946318688585045,0.7431243978668999,-0.16528084845609925,24.58414782715769
2024_02_LV_BAL,2024,2,BAL,LV,-3,9.0,9.0,41.0,11.8486701377757,0.019195190356116387,3.9530955336149445,0.4835854407442252,0.032829118511549515,0.4835854407442252,0.7265272666826482,2,11.762282354059069,0.01919106687554173,3.9533103751174976,0.4834649639865515,0.033070072026897046,0.4834649639865515,0.7267764300307171,13.331967220789778,0.05518897033408909,2.8969921584525635,0.4297720097859711,0.026280890422185392,0.5439470997918435,0.6089032798843038,12.945791255752932,0.05568022318297636,2.8881302546490573,0.4280501900707447,0.02698062454204637,0.544969185387209,0.6070260264913,-1.0649652789658872,6.355678475866915
2024_02_NO_DAL,2024,2,DAL,NO,-25,6.5,6.5,47.0,11.8486701377757,0.001736976277954442,6.355609448722332,0.5,0.0,0.5,0.6931471805599453,2,11.888014490741574,0.00175750411602257,6.3438605923063385,0.5,0.0,0.5,0.6931471805599453,13.331967220789778,0.001846791446135514,6.294305499064327,0.46609177904982513,0.0,0.5339082209501749,0.6275313256732568,13.269974932968543,0.0018103379461646939,6.314241740544427,0.4656037006075372,0.0,0.5343962993924628,0.6266175815732307,-0.041367708177904916,23.6127352947353
2024_02_NYG_WAS,2024,2,WAS,NYG,3,1.5,1.5,42.5,11.8486701377757,0.03254147948827224,3.4252397114678437,0.5,0.0,0.5,0.6931471805599453,0,11.808278718557906,0.0326507519804875,3.421887391963281,0.5,0.0,0.5,0.6931471805599453,13.331967220789778,0.08088660631205735,2.5147070271894454,0.5132862494961856,0.0,0.48671375050381444,0.6669215982099472,13.612304298590479,0.07988166527598986,2.5272089234311186,0.5129326924495439,0.0,0.48706730755045613,0.667610646221398,-0.8980307880367251,2.9178426223503364
2024_02_NYJ_TEN,2024,2,TEN,NYJ,-7,-3.5,-3.5,41.5,11.8486701377757,0.03129856574647316,3.4641830052823104,0.5,0.0,0.5,0.6931471805599453,2,11.783431630710625,0.031455142150520365,3.459192806799465,0.5,0.0,0.5,0.6931471805599453,13.331967220789778,0.05177552477405799,2.960837736086804,0.5392368664592457,0.0,0.4607631335407542,0.7748711781379581,13.41902004920403,0.05165140023402439,2.9632379737350854,0.5395596441660362,0.0,0.46044035583396387,0.7755719521226914,-0.500945031547225,3.4126268444621086
2024_02_PIT_DEN,2024,2,DEN,PIT,-7,-3.0,-3.0,36.5,11.8486701377757,0.030846991595668505,3.478716050544081,0.4835854407442252,0.032829118511549515,0.4835854407442252,0.7265272666826482,2,11.671618855323821,0.03125544667710234,3.4655616243198284,0.4833366082078044,0.033326783584391284,0.4833366082078044,0.7270419566562271,13.331967220789778,0.05116174396837494,2.9727632143385208,0.47127456478950225,0.08159828121391557,0.44712715399658215,0.804912263977417,13.351444752990268,0.051252353099989774,2.9709937478715,0.47133233742416286,0.08195443552194907,0.4467132270538881,0.8058384404649831,-0.507722302672581,3.5117731516918207
2024_02_SEA_NE,2024,2,NE,SEA,-3,-3.5,-3.5,39.0,11.8486701377757,0.032797010694490814,3.417417905108386,0.5,0.0,0.5,0.6931471805599453,0,11.72872665944096,0.03313152023425614,3.4072701767851,0.5,0.0,0.5,0.6931471805599453,13.331967220789778,0.08162546027710028,2.5056140524783133,0.5392368664592457,0.0,0.4607631335407542,0.6176003492078956,13.365602993838685,0.08190522536231455,2.5021924884206954,0.5396576490620439,0.0,0.460342350937956,0.6168203236945952,-0.9152254166876905,2.7799635417601056
2024_02_SF_MIN,2024,2,MIN,SF,6,-4.5,-4.5,46.5,11.8486701377757,0.021667816304816512,3.831927238939953,0.5,0.0,0.5,0.6931471805599453,0,11.882334721688933,0.021655422615081577,3.8324993886860024,0.5,0.0,0.5,0.6931471805599453,13.331967220789778,0.018796141938243957,3.974103646256782,0.5375745799292662,0.0,0.46242542007073384,0.6206877752489016,13.43132686398931,0.018729200069416852,3.9776714719583643,0.5378902782089605,0.0,0.46210972179103943,0.6201006834692433,0.14574423301841133,5.823999864008982
2024_02_TB_DET,2024,2,DET,TB,-4,7.5,7.5,51.5,11.8486701377757,0.020016209776765964,3.911212844858566,0.5,0.0,0.5,0.6931471805599453,2,11.967768530400763,0.02000374930391602,3.911835557801749,0.5,0.0,0.5,0.6931471805599453,13.331967220789778,0.01785348241467215,4.02555669652576,0.43977993616223765,0.0,0.5602200638377623,0.5794256013070164,13.263123175284415,0.0178440158609864,4.0260870728470675,0.438986790394315,0.0,0.561013209605685,0.5780108272024581,0.11487422798850133,6.157385092150852
2024_03_BAL_DAL,2024,3,DAL,BAL,-3,-1.5,-1.5,47.5,11.8486701377757,0.032541479488272185,3.4252397114678454,0.5,0.0,0.5,0.6931471805599453,2,11.907055052130223,0.03238480279247974,3.430066015836857,0.5,0.0,0.5,0.6931471805599453,13.331967220789778,0.08088660631205766,2.5147070271894414,0.4867137505038144,0.0,0.5132862494961856,0.6669215982099472,13.709847978110176,0.0793856486198763,2.53343767492641,0.4871827332948869,0.0,0.5128172667051131,0.667835702520719,-0.8918020365414354,2.937577203337077
2024_03_CAR_LV,2024,3,LV,CAR,-14,5.5,5.5,40.0,11.8486701377757,0.008791813198935135,4.7339343088154555,0.5,0.0,0.5,0.6931471805599453,2,11.747190893574523,0.008689681974969263,4.745618937040879,0.5,0.0,0.5,0.6931471805599453,13.331967220789778,0.008905537433490105,4.721082012181759,0.4642093058789589,0.0,0.5357906941210411,0.6240116902176029,13.217442188828525,0.00880268678207064,4.732698287953075,0.4636193543493531,0.0,0.5363806456506469,0.6229112101594992,-0.0012360208623807267,12.510787121066354
2024_03_CHI_IND,2024,3,IND,CHI,5,1.5,1.5,43.0,11.8486701377757,0.03129856574647327,3.464183005282307,0.5,0.0,0.5,0.6931471805599453,0,11.818626969068678,0.03137048939122711,3.4618876562883245,0.5,0.0,0.5,0.6931471805599453,13.331967220789778,0.02476152685527431,3.698464166860469,0.5132862494961856,0.0,0.48671375050381444,0.6669215982099472,13.62252886057501,0.02429177663319891,3.7176173960656964,0.5129204932348461,0.0,0.4870795067651539,0.667634429770289,0.2534343907833896,3.337408638823993
2024_03_DEN_TB,2024,3,TB,DEN,-19,6.0,6.0,40.5,11.8486701377757,0.0043362691802654105,5.4407409364521815,0.4835854407442252,0.032829118511549515,0.4835854407442252,0.7265272666826482,2,11.757175522323195,0.004256191468057807,5.459380540159177,0.48345778660938965,0.0330844267812207,0.48345778660938965,0.7267912758436996,13.331967220789778,0.004657411935498691,5.369295363772779,0.4521715792058737,0.02593620731418867,0.5218922134799376,0.6502942000073215,13.185815995957746,0.004530494941846348,5.396924086769762,0.45146528333824154,0.026158818155558893,0.5223758985061996,0.6493678381749538,-0.04381684968241917,17.455927724948047
2024_03_DET_ARI,2024,3,ARI,DET,-7,-3.0,-3.0,51.5,11.8486701377757,0.030846991595668505,3.478716050544081,0.4835854407442252,0.032829118511549515,0.4835854407442252,0.7265272666826482,2,11.976472876270522,0.03055814767875792,3.4881239291269246,0.48376049046278796,0.03247901907442413,0.48376049046278796,0.7261653491620875,13.331967220789778,0.05116174396837494,2.9727632143385208,0.47127456478950225,0.08159828121391557,0.44712715399658215,0.804912263977417,13.649808484739024,0.05035520602737557,2.9886532683925227,0.47209213888043405,0.08035920545397574,0.4475486556655902,0.8039700194333241,-0.4900627821515582,3.5617490038503283
2024_03_GB_TEN,2024,3,TEN,GB,-16,3.0,3.0,37.0,11.8486701377757,0.00933210932982377,4.674294209308236,0.4835854407442252,0.032829118511549515,0.4835854407442252,0.7265272666826482,2,11.683518199343316,0.0091667870107493,4.69216843461852,0.48335356801885954,0.03329286396228093,0.48335356801885954,0.7270068682453298,13.331967220789778,0.009320155295157059,4.675575987852956,0.4471271539965822,0.08159828121391557,0.4712745647895023,0.7523144147041994,13.363111464907599,0.009328847674207597,4.674643779338185,0.44674632935422226,0.0818908234237688,0.47136284722200894,0.7521271052856683,0.0003495700299485094,12.36698015725791
2024_03_HOU_MIN,2024,3,MIN,HOU,27,-2.0,-2.0,46.0,11.8486701377757,0.0024860837945430703,5.997046579887629,0.4835854407442252,0.032829118511549515,0.4835854407442252,0.7265272666826482,0,11.87751428481214,0.0025049686613114464,5.989479054978077,0.4836252770302164,0.03274944593956719,0.4836252770302164,0.7264448931413265,13.331967220789778,0.002654831948809001,5.931373922408656,0.47298834354243047,0.025672494154644766,0.5013391623029247,0.7486845344673729,13.63801804597064,0.0028537123843448463,5.8591345413390385,0.4736925932487753,0.025121871526402818,0.5011855352248219,0.7471967051282831,-0.13791203854859013,21.601777465965196
2024_03_JAX_BUF,2024,3,BUF,JAX,37,4.0,4.0,46.5,11.8486701377757,0.00139718538549638,6.57329550493716,0.4835854407442252,0.032829118511549515,0.4835854407442252,0.7265272666826482,0,11.883294656821421,0.0014127441582212352,6.562221254503582,0.4836332369906716,0.032733526018656756,0.4836332369906716,0.7264284343346269,13.331967220789778,0.0014477147885870857,6.537768973627408,0.4486910480076738,0.025773246578411166,0.525535705413915,0.8014207171515874,13.474283129356936,0.0015132209107918389,6.493514846379496,0.4485967417930943,0.02549028842385026,0.5259129697830555,0.8016309199783699,-0.07978065855766481,26.22241442148658
2024_03_KC_ATL,2024,3,ATL,KC,-5,-3.0,-3.0,46.0,11.8486701377757,0.03231981746868923,3.43207469297238,0.4835854407442252,0.032829118511549515,0.4835854407442252,0.7265272666826482,2,11.875595425932639,0.03224886573091956,3.4342724074931517,0.48362263292121294,0.03275473415757407,0.48362263292121294,0.726450360424277,13.331967220789778,0.025417752281237008,3.6723074403704805,0.47127456478950225,0.08159828121391557,0.44712715399658215,0.804912263977417,13.551200144800072,0.025021879898327482,3.688004640941487,0.47184565718299154,0.08087924909579891,0.4472750937212096,0.8045814514680475,0.25592994796910684,3.0839055930466053
2024_03_LAC_PIT,2024,3,PIT,LAC,10,3.0,3.0,36.0,11.8486701377757,0.02718798874540196,3.604979993452445,0.4835854407442252,0.032829118511549515,0.4835854407442252,0.7265272666826482,0,11.659567748252996,0.027461924597345755,3.5949547937951167,0.483319396846404,0.03336120630719197,0.483319396846404,0.7270775667622259,13.331967220789778,0.02231711866197977,3.8024012420073503,0.4471271539965822,0.08159828121391557,0.4712745647895023,0.8049122639774169,13.33962751317658,0.022274432996495994,3.8043157606520017,0.44667966114549695,0.08201897311781357,0.47130136573668946,0.8059135830116729,0.1993357671995568,4.7349013700611975
2024_03_MIA_SEA,2024,3,SEA,MIA,21,4.0,4.0,41.5,11.8486701377757,0.011733400574857833,4.44531575425087,0.4835854407442252,0.032829118511549515,0.4835854407442252,0.7265272666826482,0,11.782479762535152,0.011675372059260725,4.4502736079040535,0.4834932894545948,0.0330134210908104,0.4834932894545948,0.726717843286252,13.331967220789778,0.011377478344550069,4.476119461432786,0.4486910480076738,0.025773246578411166,0.525535705413915,0.8014207171515874,13.376239963564352,0.011386076868034313,4.475363997375182,0.44834824552008146,0.02565735414737838,0.5259944003325402,0.8021850147843734,0.030048243124312535,11.471231250398333
2024_03_NE_NYJ,2024,3,NYJ,NE,21,6.5,6.5,39.0,11.8486701377757,0.015245657233765364,4.183460588040205,0.5,0.0,0.5,0.6931471805599453,0,11.723043112768677,0.015173522736805056,4.188203295255967,0.5,0.0,0.5,0.6931471805599453,13.331967220789778,0.014273880135894184,4.249323975841773,0.46609177904982513,0.0,0.5339082209501749,0.7633727134980464,13.111973218925884,0.014186834597148866,4.255440885481875,0.4654667074516108,0.0,0.5345332925483892,0.7647147047977481,0.07198029744166945,9.725907359358773
2024_03_NYG_CLE,2024,3,CLE,NYG,-6,6.5,6.5,38.0,11.8486701377757,0.018381253938854897,3.9964239413754283,0.5,0.0,0.5,0.6931471805599453,2,11.700258956617443,0.018355008916894844,3.997852776231505,0.5,0.0,0.5,0.6931471805599453,13.331967220789778,0.01661181204188593,4.0976412678763685,0.46609177904982513,0.0,0.5339082209501749,0.6275313256732568,13.090126769439983,0.016592553876540687,4.098801245907689,0.46544800004286047,0.0,0.5345519999571395,0.6263262661450241,0.10237730453226046,6.895777384703612
2024_03_PHI_NO,2024,3,NO,PHI,-3,2.5,2.5,49.0,11.8486701377757,0.029199767036041047,3.5335945479574997,0.5,0.0,0.5,0.6931471805599453,2,11.932885071643899,0.029041104739156387,3.53904304776715,0.5,0.0,0.5,0.6931471805599453,13.331967220789778,0.0746841974270601,2.594486756383799,0.5150370844404317,0.0,0.48496291555956833,0.7236828537318566,13.649789344008427,0.07384949051100609,2.6057261689993507,0.5145477844073804,0.0,0.48545221559261964,0.7226744191788297,-0.927868378958149,3.6557800468412314
2024_03_SF_LA,2024,3,LA,SF,3,-6.0,-6.0,44.5,11.8486701377757,0.02411999430499212,3.724714143234618,0.4835854407442252,0.032829118511549515,0.4835854407442252,0.7265272666826482,0,11.840405334647597,0.02412672419639561,3.724435165030248,0.4835739905905267,0.03285201881894656,0.4835739905905267,0.7265509445858525,13.331967220789778,0.06515837373628802,2.730934453566378,0.5218922134799377,0.025936207314188674,0.45217157920587364,0.6502942000073213,13.265785385232087,0.0656785186908206,2.7229833675207282,0.5223644510415411,0.02601542432376521,0.4516201246346937,0.6493897526432979,-1.0017307757138898,4.852061981896567
2024_03_WAS_CIN,2024,3,CIN,WAS,-5,7.5,7.5,46.0,11.8486701377757,0.018381253938854897,3.9964239413754283,0.5,0.0,0.5,0.6931471805599453,2,11.866964396491454,0.018384069526411362,3.9962707759849687,0.5,0.0,0.5,0.6931471805599453,13.331967220789778,0.016681579678167135,4.093450181609677,0.43977993616223765,0.0,0.5602200638377623,0.5794256013070164,13.167308310176024,0.016664455989753676,4.094477211634424,0.43874387764469425,0.0,0.5612561223553058,0.5775779315570078,0.0980532702589958,6.80342054029005
2024_04_BUF_BAL,2024,4,BAL,BUF,25,2.5,2.5,46.5,11.8486701377757,0.006041405674457323,5.109118566553112,0.5,0.0,0.5,0.6931471805599453,0,11.886174927544143,0.0060779158821892,5.103093424302094,0.5,0.0,0.5,0.6931471805599453,13.331967220789778,0.0063025490310603316,5.066801119311623,0.5150370844404317,0.0,0.48496291555956833,0.6635163722886998,13.603977984515318,0.006518948778872852,5.0330421462767925,0.5146171756193547,0.0,0.4853828243806453,0.6643320030506829,-0.07607642027631911,16.025602243931225
2024_04_CIN_CAR,2024,4,CAR,CIN,-10,-4.5,-4.5,47.0,11.8486701377757,0.029199767036041047,3.5335945479574997,0.5,0.0,0.5,0.6931471805599453,2,11.891856532219398,0.02911823711670014,3.536390596061043,0.5,0.0,0.5,0.6931471805599453,13.331967220789778,0.02364288623878262,3.7446930025777165,0.5375745799292662,0.0,0.46242542007073384,0.7712699889335813,13.440551977569523,0.023468507206465702,3.752095875468177,0.5378761696282168,0.0,0.4621238303717831,0.7719223927065627,0.21850132751067708,4.226162420867396
2024_04_CLE_LV,2024,4,LV,CLE,4,-2.5,-2.5,36.5,11.8486701377757,0.027892772235269092,3.579387683384344,0.5,0.0,0.5,0.6931471805599453,0,11.67256176740757,0.028175621961485486,3.5692981443581355,0.5,0.0,0.5,0.6931471805599453,13.331967220789778,0.022734791925202377,3.783858843926399,0.4849629155595684,0.0,0.5150370844404316,0.7236828537318565,13.394145538226038,0.0226310299911692,3.7884333059593076,0.4850565409780472,0.0,0.5149434590219528,0.7234898155033168,0.20904562257496373,4.005780551232797
2024_04_DAL_NYG,2024,4,NYG,DAL,-5,-5.5,-5.5,45.0,11.8486701377757,0.032797010694490814,3.417417905108386,0.5,0.0,0.5,0.6931471805599453,0,11.851275134204622,0.03278982046743195,3.4176371633637483,0.5,0.0,0.5,0.6931471805599453,13.331967220789778,0.025871187374411415,3.654625386102199,0.5357906941210411,0.0,0.464209305878959,0.6240116902176029,13.317761438716774,0.025857474067577196,3.6551555876103454,0.5362593428556844,0.0,0.46374065714431556,0.6231373863169787,0.23773768250195948,2.869700546704733
2024_04_DEN_NYJ,2024,4,NYJ,DEN,-1,7.5,7.5,39.5,11.8486701377757,0.024916325523290594,3.692232046846131,0.5,0.0,0.5,0.6931471805599453,2,11.732337529272279,0.02502885427055146,3.68772594883497,0.5,0.0,0.5,0.6931471805599453,13.331967220789778,0.021183944776489716,3.8545117060809315,0.43977993616223765,0.0,0.5602200638377623,0.5794256013070164,13.0391631281801,0.021390332174462463,3.844816226580518,0.4384174289387561,0.0,0.5615825710612439,0.5769964611872208,0.15258417973438698,4.60589087515774
2024_04_JAX_HOU,2024,4,HOU,JAX,4,5.5,5.5,44.5,11.8486701377757,0.032541479488272185,3.4252397114678454,0.5,0.0,0.5,0.6931471805599453,2,11.841361882441431,0.03256119708855709,3.424633972904561,0.5,0.0,0.5,0.6931471805599453,13.331967220789778,0.025721331051072438,3.6604346293548793,0.4642093058789589,0.0,0.5357906941210411,0.6240116902176029,13.308212213429218,0.025723829005162978,3.6603375180196336,0.46372909385561367,0.0,0.5362709061443863,0.6231158236828,0.23509780655178814,2.846902355257562
2024_04_KC_LAC,2024,4,LAC,KC,-7,-7.5,-7.5,41.5,11.8486701377757,0.032797010694490814,3.417417905108386,0.5,0.0,0.5,0.6931471805599453,0,11.775818837938376,0.032999375893823624,3.411266630002872,0.5,0.0,0.5,0.6931471805599453,13.331967220789778,0.054345444425353016,2.9123944881486814,0.5602200638377623,0.0,0.43977993616223765,0.5794256013070164,13.080573856271691,0.05547851153383643,2.8917595127736258,0.5614768828275859,0.0,0.4385231171724141,0.5771846760383651,-0.5256583923347602,2.883468374397899
2024_04_LA_CHI,2024,4,CHI,LA,6,3.0,3.0,40.0,11.8486701377757,0.03169625927292097,3.451556609070725,0.4835854407442252,0.032829118511549515,0.4835854407442252,0.7265272666826482,0,11.751936746829891,0.03193851729123465,3.4439425589623758,0.48345041731710275,0.033099165365794436,0.48345041731710275,0.7268065188466178,13.331967220789778,0.02505163234824734,3.68681628997163,0.4471271539965822,0.08159828121391557,0.4712745647895023,0.8049122639774169,13.430159557184872,0.02485923062407863,3.6945261417260835,0.44693587479011343,0.08152722663527256,0.471536898574614,0.8053401515048695,0.24296953265535848,3.2677559212401466
2024_04_MIN_GB,2024,4,GB,MIN,-2,2.5,2.5,44.0,11.8486701377757,0.030344481258990585,3.4951406146174806,0.5,0.0,0.5,0.6931471805599453,2,11.83708110080503,0.030369524917982837,3.4943156431820723,0.5,0.0,0.5,0.6931471805599453,13.331967220789778,0.024226360724885303,3.720313952508895,0.5150370844404317,0.0,0.48496291555956833,0.7236828537318566,13.555801080600121,0.02387935198568521,3.73474112710377,0.5146908519567135,0.0,0.48530914804328645,0.7229691724636805,0.23960051248628922,3.405857281069494
2024_04_NE_SF,2024,4,SF,NE,17,10.5,10.5,41.5,11.8486701377757,0.027892772235269092,3.579387683384344,0.5,0.0,0.5,0.6931471805599453,0,11.7701124711764,0.028018559441712054,3.5748881511824857,0.5,0.0,0.5,0.6931471805599453,13.331967220789778,0.023440694134257575,3.7532817014755437,0.4464242008674383,0.0,0.5535757991325617,0.8064856559718097,12.832352881548303,0.024049297394932497,3.7276494972050354,0.44513837539346734,0.0,0.5548616246065327,0.809370089212299,0.14826181382069148,4.929832948680362
2024_04_NO_ATL,2024,4,ATL,NO,2,2.5,2.5,41.5,11.8486701377757,0.03279701069449087,3.417417905108384,0.5,0.0,0.5,0.6931471805599453,2,11.785335597762769,0.03297279888404003,3.412072333659324,0.5,0.0,0.5,0.6931471805599453,13.331967220789778,0.025672903967030432,3.6623191636166395,0.5150370844404317,0.0,0.48496291555956833,0.7236828537318566,13.504991117743272,0.02534144294157199,3.6753141624754635,0.5147693455857602,0.0,0.48523065441423985,0.7231309249832969,0.25789625736707933,2.858147373323291
2024_04_PHI_TB,2024,4,TB,PHI,17,-1.0,-1.0,42.0,11.8486701377757,0.010484947916209464,4.557814582097963,0.4835854407442252,0.032829118511549515,0.4835854407442252,0.7265272666826482,0,11.798770330196406,0.010437794924230026,4.562321932990708,0.4835160652655502,0.03296786946889968,0.4835160652655502,0.7266707376179388,13.331967220789778,0.010283668655425656,4.577198209523294,0.47480356975438265,0.025646952640498107,0.49954947760511925,0.7448540978368448,13.645468551664303,0.010472778732119822,4.558975889873514,0.4754292940188714,0.02508583845877803,0.49948486752235055,0.7435371062260819,0.0011613077755505685,11.707091934602829
2024_04_PIT_IND,2024,4,IND,PIT,3,-2.5,-2.5,40.0,11.8486701377757,0.02919976703604099,3.5335945479575015,0.5,0.0,0.5,0.6931471805599453,0,11.752886147534575,0.029381844791962042,3.5273783194669526,0.5,0.0,0.5,0.6931471805599453,13.331967220789778,0.07468419742706013,2.5944867563837986,0.4849629155595684,0.0,0.5150370844404316,0.7236828537318565,13.473112089254858,0.07454413223646332,2.59636394997088,0.4851809866072425,0.0,0.5148190133927575,0.7232332893922572,-0.9372305979866216,3.6293522016988264
2024_04_SEA_DET,2024,4,DET,SEA,13,3.5,3.5,46.5,11.8486701377757,0.02331064107448344,3.758845324189806,0.5,0.0,0.5,0.6931471805599453,0,11.884254669503944,0.02328704170855811,3.7598582229664634,0.5,0.0,0.5,0.6931471805599453,13.331967220789778,0.019848162340529097,3.9196438534378006,0.4607631335407544,0.0,0.5392368664592456,0.7748711781379578,13.517376778078646,0.019712726330002487,3.926490845211525,0.46061998778215507,0.0,0.5393800122178449,0.775181897439057,0.16764552102171892,6.114708039884222
2024_04_TEN_MIA,2024,4,MIA,TEN,-19,2.5,2.5,37.0,11.8486701377757,0.006867280248043298,4.980987139335607,0.5,0.0,0.5,0.6931471805599453,2,11.684462072736325,0.006701464276156581,5.005429227783414,0.5,0.0,0.5,0.6931471805599453,13.331967220789778,0.0070862740644018225,4.949595596402534,0.5150370844404317,0.0,0.48496291555956833,0.7236828537318566,13.40584956279149,0.007136827317474949,4.94248695467965,0.5149248858300814,0.0,0.48507511416991855,0.7234515254593313,-0.03850018465595717,14.613771825511439
2024_04_WAS_ARI,2024,4,ARI,WAS,-28,3.5,3.5,49.0,11.8486701377757,0.001736976277954442,6.355609448722332,0.5,0.0,0.5,0.6931471805599453,2,11.93095726739726,0.0017799892315873977,6.331147964366444,0.5,0.0,0.5,0.6931471805599453,13.331967220789778,0.0018294593709230857,6.3037347815006735,0.4607631335407544,0.0,0.5392368664592456,0.6176003492078959,13.562896508240605,0.0019530912526735018,6.238341903819952,0.4607027589598547,0.0,0.5392972410401453,0.6174883924685717,-0.11726754490237923,23.86844088972249
2024_05_ARI_SF,2024,5,SF,ARI,-1,7.0,7.0,48.5,11.8486701377757,0.025695751553327817,3.6614296099550705,0.4835854407442252,0.032829118511549515,0.4835854407442252,0.7265272666826482,2,11.915056244779844,0.025620770353911304,3.664351914506919,0.4836768371548557,0.032646325690288636,0.4836768371548557,0.7263382870997764,13.331967220789778,0.02164460566527071,3.8329990165368595,0.42581417022245094,0.05426790299838577,0.5199179267791633,0.6540843129806149,13.254374610039608,0.021682969616939884,3.831228136839802,0.4249268470261635,0.05472704731942219,0.5203461056544143,0.6532611010150334,0.16979852688473152,4.424699523062859
2024_05_BAL_CIN,2024,5,CIN,BAL,-3,-2.5,-2.5,48.5,11.8486701377757,0.03279701069449087,3.417417905108384,0.5,0.0,0.5,0.6931471805599453,2,11.923722252177026,0.032591108042750505,3.4237157872399235,0.5,0.0,0.5,0.6931471805599453,13.331967220789778,0.08146550010695854,2.507575659928017,0.4849629155595684,0.0,0.5150370844404316,0.6635163722887,13.640804855764932,0.08028128416863849,2.5222187590603804,0.4854386575237515,0.0,0.5145613424762485,0.6644405034559658,-0.8951991460480038,2.8568327652284786
2024_05_BUF_HOU,2024,5,HOU,BUF,3,1.0,1.0,48.0,11.8486701377757,0.03231981746868928,3.432074692972378,0.4835854407442252,0.032829118511549515,0.4835854407442252,0.7265272666826482,0,11.917359452427062,0.032139415637280955,3.437672100627702,0.4836799898141884,0.032640020371623224,0.4836799898141884,0.7263317690099779,13.331967220789778,0.08044320495523988,2.5202038720663187,0.49954947760511925,0.025646952640498096,0.47480356975438265,0.6940486315345755,13.762943638077047,0.07871130059761891,2.5419685430458756,0.4994613722862961,0.024896462812195545,0.4756421649015083,0.6942250166440288,-0.8901061499265026,2.998924865465428
2024_05_CAR_CHI,2024,5,CHI,CAR,26,4.0,4.0,40.0,11.8486701377757,0.0064434084271628445,5.044697619997738,0.4835854407442252,0.032829118511549515,0.4835854407442252,0.7265272666826482,0,11.75003817549272,0.006345297257822624,5.060041329768551,0.483447745009934,0.03310450998013209,0.483447745009934,0.7268120464342644,13.331967220789778,0.0067079055365378065,5.0044685173299595,0.4486910480076738,0.025773246578411166,0.525535705413915,0.8014207171515874,13.344664856913147,0.006708297486931646,5.004410087922881,0.4482678200022708,0.025711645076128293,0.526020534921601,0.8023644126807954,-0.040287532074857246,15.799557548880303
2024_05_CLE_WAS,2024,5,WAS,CLE,21,3.0,3.0,44.0,11.8486701377757,0.010484947916209464,4.557814582097963,0.4835854407442252,0.032829118511549515,0.4835854407442252,0.7265272666826482,0,11.836124898813669,0.010473150781555418,4.558940365125339,0.48356805414600806,0.03286389170798382,0.48356805414600806,0.7265632208477542,13.331967220789778,0.01031085274252014,4.574558274138834,0.4471271539965822,0.08159828121391557,0.4712745647895023,0.8049122639774169,13.512584934486917,0.010414910565101665,4.564516791430251,0.4471672858162322,0.0810848072492809,0.47174790693448687,0.8048225131797145,0.006702209332288156,12.175293336285208
2024_05_DAL_PIT,2024,5,PIT,DAL,-3,2.5,2.5,43.5,11.8486701377757,0.029199767036041047,3.5335945479574997,0.5,0.0,0.5,0.6931471805599453,2,11.826953496686837,0.029240897348933426,3.532186955483449,0.5,0.0,0.5,0.6931471805599453,13.331967220789778,0.0746841974270601,2.594486756383799,0.5150370844404317,0.0,0.48496291555956833,0.7236828537318566,13.545859081326748,0.07425680615782122,2.6002258400751446,0.5147061466039038,0.0,0.48529385339609626,0.7230006882269097,-0.9333687078823552,3.6401942137193037
2024_05_GB_LA,2024,5,LA,GB,-5,-3.0,-3.0,49.5,11.8486701377757,0.03231981746868923,3.43207469297238,0.4835854407442252,0.032829118511549515,0.4835854407442252,0.7265272666826482,2,11.940997125991819,0.03207779187396914,3.4395913302116616,0.4837122751343461,0.03257544973130777,0.4837122751343461,0.7262650218974787,13.331967220789778,0.025417752281237008,3.6723074403704805,0.47127456478950225,0.08159828121391557,0.44712715399658215,0.804912263977417,13.615144292440812,0.0249199280444373,3.6920874725294412,0.4720060009461401,0.08054122613308337,0.44745277292077656,0.8041842822090426,0.26001277955706126,3.0963799327983
2024_05_IND_JAX,2024,5,JAX,IND,3,3.5,3.5,45.0,11.8486701377757,0.03279701069449087,3.417417905108384,0.5,0.0,0.5,0.6931471805599453,2,11.855105302031742,0.03277925427799838,3.4179594552236248,0.5,0.0,0.5,0.6931471805599453,13.331967220789778,0.08162546027710016,2.5056140524783146,0.4607631335407544,0.0,0.5392368664592456,0.6176003492078959,13.488952748300438,0.08123809669915476,2.5103709706690296,0.4605681861045213,0.0,0.5394318138954787,0.6172388898610063,-0.9070469344393546,2.805879702020186
2024_05_LV_DEN,2024,5,DEN,LV,16,3.0,3.0,36.0,11.8486701377757,0.01757704146634742,4.041161690628743,0.4835854407442252,0.032829118511549515,0.4835854407442252,0.7265272666826482,0,11.659567748252996,0.017521128301268063,4.044347794790222,0.483319396846404,0.03336120630719197,0.483319396846404,0.7270775667622259,13.331967220789778,0.015858053156990265,4.144077822076111,0.4471271539965822,0.08159828121391557,0.4712745647895023,0.8049122639774169,13.33962751317658,0.015833805427282372,4.1456080405942135,0.44667966114549695,0.08201897311781357,0.47130136573668946,0.8059135830116729,0.1044463499654702,8.330795353812567
2024_05_MIA_NE,2024,5,NE,MIA,-5,-2.0,-2.0,37.0,11.8486701377757,0.031696259272921024,3.4515566090707233,0.4835854407442252,0.032829118511549515,0.4835854407442252,0.7265272666826482,2,11.685406022381786,0.032107200902469324,3.4386749468240168,0.4833562555102244,0.033287488979551194,0.4833562555102244,0.7270013081665979,13.331967220789778,0.025010467741825464,3.6884608320753514,0.47298834354243047,0.025672494154644766,0.5013391623029247,0.6904724362740284,13.448724346283042,0.024790085308197467,3.6973114917066923,0.4732750862404906,0.0254348032325486,0.5012901105269608,0.6905702825614496,0.245754882635969,3.2142430348541176
2024_05_NO_KC,2024,5,KC,NO,13,5.5,5.5,43.0,11.8486701377757,0.026454309054589564,3.632336220729749,0.5,0.0,0.5,0.6931471805599453,0,11.810991438029191,0.026502797694806124,3.630504978173528,0.5,0.0,0.5,0.6931471805599453,13.331967220789778,0.022005394686424342,3.8164676426643314,0.4642093058789589,0.0,0.5357906941210411,0.7674197382101285,13.278949894743894,0.02202342901506162,3.8156484370562906,0.46369368099520025,0.0,0.5363063190047997,0.7685311150331925,0.1833122163265415,5.195516083236084
2024_05_NYG_SEA,2024,5,SEA,NYG,-9,7.0,7.0,42.5,11.8486701377757,0.013074418026684825,4.337097780409161,0.4835854407442252,0.032829118511549515,0.4835854407442252,0.7265272666826482,2,11.797790326900099,0.013035022283801531,4.340115522062151,0.48351469690118926,0.032970606197621544,0.48351469690118926,0.7266735676506832,13.331967220789778,0.012592603164385499,4.3746456878518805,0.42581417022245094,0.05426790299838577,0.5199179267791633,0.6540843129806149,13.142482060612252,0.012481316919788576,4.3835223991889976,0.4245231383909564,0.055154751706394445,0.5203221099026492,0.6533072170612636,0.04642461877983628,9.417158698436964
2024_05_NYJ_MIN,2024,5,MIN,NYJ,6,2.5,2.5,42.0,11.8486701377757,0.03129856574647327,3.464183005282307,0.5,0.0,0.5,0.6931471805599453,0,11.795911239449943,0.03142507695790464,3.460149075569934,0.5,0.0,0.5,0.6931471805599453,13.331967220789778,0.024794286315685428,3.6971420428517234,0.5150370844404317,0.0,0.48496291555956833,0.6635163722886998,13.515378142124478,0.024480436385056793,3.709880995309936,0.5147532326595621,0.0,0.4852467673404379,0.6640676530365277,0.24569799002762904,3.3784164968263184
2024_05_TB_ATL,2024,5,ATL,TB,6,2.5,2.5,44.0,11.8486701377757,0.03129856574647327,3.464183005282307,0.5,0.0,0.5,0.6931471805599453,0,11.83708110080503,0.031326273374606695,3.4632981285998206,0.5,0.0,0.5,0.6931471805599453,13.331967220789778,0.024794286315685428,3.6971420428517234,0.5150370844404317,0.0,0.48496291555956833,0.6635163722886998,13.555801080600121,0.02442066651192884,3.712325516981265,0.5146908519567135,0.0,0.48530914804328645,0.6641888460257481,0.24814251169895796,3.385516209291808
2024_06_ARI_GB,2024,6,GB,ARI,21,5.5,5.5,47.0,11.8486701377757,0.013777909312654657,4.284688743872666,0.5,0.0,0.5,0.6931471805599453,0,11.889935356293744,0.013806740697657527,4.282598349722955,0.5,0.0,0.5,0.6931471805599453,13.331967220789778,0.013080236402386003,4.336652859539498,0.4642093058789589,0.0,0.5357906941210411,0.7674197382101285,13.354991120461603,0.013070367121120028,4.337407662901927,0.46378577066993854,0.0,0.5362142293300615,0.768332534515046,0.05271891902926118,10.392638413272504
2024_06_ATL_CAR,2024,6,CAR,ATL,-18,-6.0,-6.0,45.5,11.8486701377757,0.019195190356116387,3.9530955336149445,0.4835854407442252,0.032829118511549515,0.4835854407442252,0.7265272666826482,2,11.860128865856451,0.019195592233995057,3.9530745974499815,0.48360128942386416,0.03279742115227169,0.48360128942386416,0.7264944939426053,13.331967220789778,0.017164057204383423,4.064937779046514,0.5218922134799377,0.025936207314188674,0.45217157920587364,0.7936935711667682,13.284724484858755,0.017144363005129316,4.0660858471474075,0.5223615469810843,0.025981705976997685,0.45165674704191805,0.7948327968464357,0.11299031353246303,7.884521797336828
2024_06_BUF_NYJ,2024,6,NYJ,BUF,-3,-1.0,-1.0,42.0,11.8486701377757,0.03231981746868923,3.43207469297238,0.4835854407442252,0.032829118511549515,0.4835854407442252,0.7265272666826482,2,11.798770330196406,0.03245212444677781,3.427989369661349,0.4835160652655502,0.03296786946889968,0.4835160652655502,0.7266707376179388,13.331967220789778,0.0804432049552399,2.5202038720663182,0.47480356975438265,0.025646952640498107,0.49954947760511925,0.6940486315345755,13.645468551664303,0.079295084021132,2.5345791444302423,0.4754292940188714,0.02508583845877803,0.49948486752235055,0.6941779766029886,-0.8974955485421376,2.975609546291073
2024_06_CIN_NYG,2024,6,NYG,CIN,-10,-4.5,-4.5,46.0,11.8486701377757,0.029199767036041047,3.5335945479574997,0.5,0.0,0.5,0.6931471805599453,2,11.872717718846154,0.02915432536712531,3.53515199410154,0.5,0.0,0.5,0.6931471805599453,13.331967220789778,0.02364288623878262,3.7446930025777165,0.5375745799292662,0.0,0.46242542007073384,0.7712699889335813,13.422008452340513,0.02349202888652398,3.7510941116902354,0.5379045329165173,0.0,0.46209546708348265,0.7719837705383986,0.2174995637327357,4.223724052741131
2024_06_CLE_PHI,2024,6,PHI,CLE,4,8.0,8.0,42.0,11.8486701377757,0.030846991595668505,3.478716050544081,0.4835854407442252,0.032829118511549515,0.4835854407442252,0.7265272666826482,2,11.785433832878768,0.030991757221413563,3.4740340059370554,0.4834974242036046,0.03300515159279088,0.4834974242036046,0.7267092914998668,13.331967220789778,0.024967969118815082,3.6901615108449635,0.4276999423426306,0.026154181897232984,0.5461458757601364,0.6048691671993792,13.048901264545973,0.025383536921815854,3.67365446778382,0.42617366144912794,0.026643558967193937,0.5471827795836781,0.6029723832280568,0.19493841723973926,3.0832658182531145
2024_06_DET_DAL,2024,6,DAL,DET,-38,-3.5,-3.5,52.5,11.8486701377757,0.0011224461166690451,6.792244942467487,0.5,0.0,0.5,0.6931471805599453,2,11.992766494229548,0.0011782224068411862,6.7437484111987684,0.5,0.0,0.5,0.6931471805599453,13.331967220789778,0.0011346750875569247,6.781408935500508,0.5392368664592457,0.0,0.4607631335407542,0.7748711781379581,13.623101148144613,0.0012529580294986663,6.6822480996398514,0.5391881213287284,0.0,0.46081187867127155,0.7747653915662372,-0.10999684282763589,27.57980831515666
2024_06_HOU_NE,2024,6,NE,HOU,-20,-6.5,-6.5,38.5,11.8486701377757,0.01678496172887073,4.087271928631933,0.5,0.0,0.5,0.6931471805599453,2,11.711719470913685,0.016731201479860597,4.090479950670793,0.5,0.0,0.5,0.6931471805599453,13.331967220789778,0.015438995164835668,4.170858816500992,0.5339082209501749,0.0,0.46609177904982513,0.7633727134980464,13.101116372677948,0.015382288519235697,4.174538527584184,0.5345425967610211,0.0,0.46545740323897894,0.7647346939945586,0.08726659895225186,8.984099191079455
2024_06_IND_TEN,2024,6,TEN,IND,-3,2.5,2.5,42.0,11.8486701377757,0.029199767036041047,3.5335945479574997,0.5,0.0,0.5,0.6931471805599453,2,11.795911239449943,0.029299843902670097,3.5301730905272284,0.5,0.0,0.5,0.6931471805599453,13.331967220789778,0.0746841974270601,2.594486756383799,0.5150370844404317,0.0,0.48496291555956833,0.7236828537318566,13.515378142124478,0.07437697218679909,2.5986088986706086,0.5147532326595621,0.0,0.4852467673404379,0.7230977187987152,-0.9349856492868911,3.6356446004333707
2024_06_JAX_CHI,2024,6,CHI,JAX,19,-1.5,-1.5,44.5,11.8486701377757,0.007782844871596417,4.855833342901274,0.5,0.0,0.5,0.6931471805599453,0,11.849017047266296,0.007783194013713746,4.855788483432534,0.5,0.0,0.5,0.6931471805599453,13.331967220789778,0.007921239450429584,4.838207589133704,0.4867137505038144,0.0,0.5132862494961856,0.7200791100170354,13.652548311207621,0.008162459313198561,4.808209768992493,0.48711518745507654,0.0,0.5128848125449235,0.7192546593186566,-0.04762357390878069,13.777434927893598
2024_06_LAC_DEN,2024,6,DEN,LAC,-7,-3.0,-3.0,37.0,11.8486701377757,0.030846991595668505,3.478716050544081,0.4835854407442252,0.032829118511549515,0.4835854407442252,0.7265272666826482,2,11.683518199343316,0.031227687498227685,3.4664501578758777,0.48335356801885954,0.03329286396228093,0.48335356801885954,0.7270068682453298,13.331967220789778,0.05116174396837494,2.9727632143385208,0.47127456478950225,0.08159828121391557,0.44712715399658215,0.804912263977417,13.363111464907599,0.05121670014129129,2.9716896254854612,0.47136284722200866,0.0818908234237688,0.44674632935422254,0.8057643413071373,-0.5070264250586196,3.513717334768176
2024_06_PIT_LV,2024,6,LV,PIT,-19,-3.5,-3.5,36.5,11.8486701377757,0.013777909312654657,4.284688743872666,0.5,0.0,0.5,0.6931471805599453,2,11.67067601940872,0.013647788233039457,4.294177804689693,0.5,0.0,0.5,0.6931471805599453,13.331967220789778,0.013005472746549356,4.342385029604235,0.5392368664592457,0.0,0.4607631335407542,0.7748711781379581,13.308880098652477,0.01297523750667944,4.344712545151326,0.5397620627811035,0.0,0.46023793721889655,0.7760116684054714,0.06002380127866047,10.244744800085972
2024_06_SF_SEA,2024,6,SEA,SF,-12,-3.5,-3.5,49.0,11.8486701377757,0.024916325523290594,3.692232046846131,0.5,0.0,0.5,0.6931471805599453,2,11.93095726739726,0.02483621849576348,3.6954522679757713,0.5,0.0,0.5,0.6931471805599453,13.331967220789778,0.020897367711030873,3.8681320747839694,0.5392368664592457,0.0,0.4607631335407542,0.7748711781379581,13.562896508240605,0.020691959324472434,3.8780100926038465,0.5392972410401454,0.0,0.4607027589598546,0.7750022184325093,0.1857780457577154,5.560145286832492
2024_06_TB_NO,2024,6,NO,TB,-24,-3.5,-3.5,42.5,11.8486701377757,0.007782844871596424,4.855833342901273,0.5,0.0,0.5,0.6931471805599453,2,11.804463679543982,0.007738185956818494,4.861587991354099,0.5,0.0,0.5,0.6931471805599453,13.331967220789778,0.007947293427323136,4.834923857675264,0.5392368664592457,0.0,0.4607631335407542,0.7748711781379581,13.439547506954407,0.008021787034580207,4.82559405965805,0.539522065891732,0.0,0.460477934108268,0.7754903416807327,-0.030239283243223447,14.385560054777194
2024_06_WAS_BAL,2024,6,BAL,WAS,7,6.5,6.5,51.5,11.8486701377757,0.032797010694490814,3.417417905108386,0.5,0.0,0.5,0.6931471805599453,0,11.969702282611811,0.032466234158595064,3.4275546786943387,0.5,0.0,0.5,0.6931471805599453,13.331967220789778,0.05411815460788024,2.916585574415372,0.46609177904982513,0.0,0.5339082209501749,0.7633727134980464,13.348095465911143,0.054223323322555035,2.914644143493128,0.46567247932272116,0.0,0.5343275206772788,0.7642727260315597,-0.5027737616152579,2.9814311247680885
2024_07_BAL_TB,2024,7,TB,BAL,-10,-4.5,-4.5,51.0,11.8486701377757,0.029199767036041047,3.5335945479574997,0.5,0.0,0.5,0.6931471805599453,2,11.964824998197342,0.02898127667730621,3.5411052893226636,0.5,0.0,0.5,0.6931471805599453,13.331967220789778,0.02364288623878262,3.7446930025777165,0.5375745799292662,0.0,0.46242542007073384,0.7712699889335813,13.511211814994242,0.02337924179397808,3.755906753148496,0.5377682193620914,0.0,0.46223178063790854,0.7716888240121546,0.22231220519099626,4.2354831181952655
2024_07_CAR_WAS,2024,7,WAS,CAR,33,10.0,10.0,51.0,11.8486701377757,0.005660648676363178,5.174216786202638,0.4835854407442252,0.032829118511549515,0.4835854407442252,0.7265272666826482,0,11.954197558441791,0.005761369776604686,5.156580024107968,0.48373024932851705,0.032539501342965904,0.48373024932851705,0.7262278637331051,13.331967220789778,0.006101700418131092,5.099187789577734,0.43200778268943685,0.026417609662496407,0.5415746076480668,0.8393116754154961,13.04487873622405,0.00584686675142219,5.14184935926973,0.43070476026864785,0.026935393043520262,0.5423598466878319,0.8423324345832242,-0.032367426932907506,17.08781954595804
2024_07_CIN_CLE,2024,7,CLE,CIN,-7,-5.5,-5.5,42.0,11.8486701377757,0.032541479488272185,3.4252397114678454,0.5,0.0,0.5,0.6931471805599453,2,11.790195136242987,0.03269991008906248,3.420382950652664,0.5,0.0,0.5,0.6931471805599453,13.331967220789778,0.05360612580442694,2.9260919300396626,0.5357906941210411,0.0,0.464209305878959,0.7674197382101284,13.25890618813717,0.05403157021664269,2.9181867696079995,0.5363305566382417,0.0,0.46366944336175825,0.7685833871859468,-0.507052941859846,3.0545892315028085
2024_07_DEN_NO,2024,7,NO,DEN,-23,-2.5,-2.5,37.0,11.8486701377757,0.007782844871596424,4.855833342901273,0.5,0.0,0.5,0.6931471805599453,2,11.684462072736325,0.007615282476803972,4.877598198535879,0.5,0.0,0.5,0.6931471805599453,13.331967220789778,0.007931719237548474,4.836885465124966,0.4849629155595684,0.0,0.5150370844404316,0.6635163722887,13.40584956279149,0.007979164036482295,4.830921630340898,0.48507511416991833,0.0,0.5149248858300817,0.6637342417130716,-0.0249117125603755,14.304338335985582
2024_07_DET_MIN,2024,7,MIN,DET,-2,1.0,1.0,50.5,11.8486701377757,0.031696259272921024,3.4515566090707233,0.4835854407442252,0.032829118511549515,0.4835854407442252,0.7265272666826482,2,11.962762431320687,0.03141501112545958,3.4604694389824675,0.4837418903761998,0.03251621924760034,0.4837418903761998,0.7262037988588714,13.331967220789778,0.024985584876460114,3.6894562253560905,0.49954947760511925,0.025646952640498096,0.47480356975438265,0.7448540978368448,13.807875821360382,0.0242274280866946,3.7202698956111515,0.49945264035809595,0.024824807773162694,0.4757225518687414,0.7429204689132693,0.26871328654042825,3.1690621450564955
2024_07_HOU_GB,2024,7,GB,HOU,2,3.0,3.0,48.0,11.8486701377757,0.03270090962453587,3.4203523842017285,0.4835854407442252,0.032829118511549515,0.4835854407442252,0.7265272666826482,2,11.913509171421875,0.03252443068451705,3.425763758671674,0.4836747188178285,0.032650562364342994,0.4836747188178285,0.7263426667630213,13.331967220789778,0.02564015468612847,3.663595613947536,0.4471271539965822,0.08159828121391557,0.4712745647895023,0.7523144147041994,13.588275048966203,0.02517289645740726,3.6819874006746427,0.4473782401089798,0.08068290525501583,0.4719388546360044,0.7509058470509965,0.2616350164729142,2.886426304406738
2024_07_KC_SF,2024,7,SF,KC,-10,2.5,2.5,47.5,11.8486701377757,0.018381253938854897,3.9964239413754283,0.5,0.0,0.5,0.6931471805599453,2,11.905131420824246,0.018389654258947313,3.9959670410349,0.5,0.0,0.5,0.6931471805599453,13.331967220789778,0.0164236623507175,4.109032157762417,0.5150370844404317,0.0,0.48496291555956833,0.7236828537318566,13.622572816659662,0.01638939937372309,4.111120532796407,0.5145889317626968,0.0,0.4854110682373031,0.7227591836477852,0.11469659142097832,7.334938335741766
2024_07_LAC_ARI,2024,7,ARI,LAC,2,-1.0,-1.0,44.0,11.8486701377757,0.03169625927292097,3.451556609070725,0.4835854407442252,0.032829118511549515,0.4835854407442252,0.7265272666826482,0,11.839950170294742,0.03171795316678372,3.4508724124569246,0.48357335953660996,0.03285328092678008,0.48357335953660996,0.7265522495657329,13.331967220789778,0.024985584876460125,3.68945622535609,0.47480356975438265,0.025646952640498107,0.49954947760511925,0.7448540978368448,13.686280575562922,0.024407042128545484,3.7128835764977275,0.47550369454510877,0.025019711132550308,0.49947659432234087,0.7433806272159226,0.26132696742700245,3.146453224104504
2024_07_LV_LA,2024,7,LA,LV,5,7.0,7.0,43.0,11.8486701377757,0.03231981746868923,3.43207469297238,0.4835854407442252,0.032829118511549515,0.4835854407442252,0.7265272666826482,2,11.808129385850702,0.032427228328868574,3.428756828585216,0.4835291217481292,0.03294175650374159,0.4835291217481292,0.7266437347792811,13.331967220789778,0.02573812593342526,3.6597818870239918,0.42581417022245094,0.05426790299838577,0.5199179267791633,0.6540843129806149,13.152353726680813,0.026015087950035726,3.649078603502332,0.42455889416939663,0.05511673416909421,0.5203243716615091,0.6533028702270599,0.21700391052995194,2.8843000164949557
2024_07_MIA_IND,2024,7,IND,MIA,6,3.0,3.0,44.0,11.8486701377757,0.03169625927292097,3.451556609070725,0.4835854407442252,0.032829118511549515,0.4835854407442252,0.7265272666826482,0,11.836124898813669,0.03172747880321336,3.450572134368954,0.48356805414600806,0.03286389170798382,0.48356805414600806,0.7265632208477542,13.331967220789778,0.02505163234824734,3.68681628997163,0.4471271539965822,0.08159828121391557,0.4712745647895023,0.8049122639774169,13.512584934486917,0.024732061257017376,3.6996548504565445,0.4471672858162322,0.0810848072492809,0.47174790693448687,0.8048225131797145,0.24809824138581948,3.282806121139809
2024_07_NE_JAX,2024,7,JAX,NE,16,6.5,6.5,42.0,11.8486701377757,0.02331064107448344,3.758845324189806,0.5,0.0,0.5,0.6931471805599453,0,11.788290384113399,0.02335029868080929,3.757145503479692,0.5,0.0,0.5,0.6931471805599453,13.331967220789778,0.02003620141260806,3.910214571001455,0.46609177904982513,0.0,0.5339082209501749,0.7633727134980464,13.174501665193196,0.020100499705748974,3.9070106032436,0.46552057179382444,0.0,0.5344794282061756,0.7645989903439105,0.14816527905379395,6.343197528665768
2024_07_NYJ_PIT,2024,7,PIT,NYJ,22,-3.0,-3.0,40.0,11.8486701377757,0.004336269180265306,5.4407409364522055,0.4835854407442252,0.032829118511549515,0.4835854407442252,0.7265272666826482,0,11.751936746829891,0.0042515962441291855,5.460460779706972,0.48345041731710275,0.033099165365794436,0.48345041731710275,0.7268065188466178,13.331967220789778,0.004617644153040927,5.377870627527949,0.47127456478950225,0.08159828121391557,0.44712715399658215,0.7523144147041995,13.430159557184872,0.004690244347360365,5.362270598230691,0.4715368985746141,0.08152722663527256,0.4469358747901134,0.751757922124133,-0.07847033822151417,17.754650665771347
2024_07_PHI_NYG,2024,7,NYG,PHI,-25,-3.0,-3.0,42.0,11.8486701377757,0.006443408427162907,5.044697619997728,0.4835854407442252,0.032829118511549515,0.4835854407442252,0.7265272666826482,2,11.794958363168956,0.006390128256756035,5.053000939314305,0.48351074139469663,0.03297851721060674,0.48351074139469663,0.7266817484209837,13.331967220789778,0.0066926804332436505,5.006740822418641,0.47127456478950225,0.08159828121391557,0.44712715399658215,0.804912263977417,13.472290865091388,0.006799626481716916,4.9908875974680145,0.47164515840739973,0.08130046182145702,0.4470543797711432,0.8050750367989334,-0.053810022529713564,15.667570058990712
2024_07_SEA_ATL,2024,7,ATL,SEA,-20,3.0,3.0,51.5,11.8486701377757,0.005660648676363206,5.174216786202632,0.4835854407442252,0.032829118511549515,0.4835854407442252,0.7265272666826482,2,11.976472876270522,0.005782492725071461,5.1529204219534686,0.48376049046278796,0.03247901907442413,0.48376049046278796,0.7261653491620875,13.331967220789778,0.005939359881164519,5.1261539155282705,0.4471271539965822,0.08159828121391557,0.4712745647895023,0.7523144147041994,13.649808484739024,0.0061938092919811075,5.084204987058963,0.44754865566558993,0.08035920545397574,0.47209213888043433,0.7505811029550298,-0.09001179914366908,15.82301621306609
2024_07_TEN_BUF,2024,7,BUF,TEN,24,9.5,9.5,41.0,11.8486701377757,0.015245657233765364,4.183460588040205,0.5,0.0,0.5,0.6931471805599453,0,11.761332194326775,0.015196013477001613,4.186722156778919,0.5,0.0,0.5,0.6931471805599453,13.331967220789778,0.014472839246277774,4.235481541534228,0.44404495386603193,0.0,0.5559550461339681,0.8118294742290711,12.904519832313387,0.014328577763169105,4.245499290974108,0.44267864507834653,0.0,0.5573213549216535,0.8149111783150342,0.062038702933902456,9.866788549652103
2024_08_ARI_MIA,2024,8,MIA,ARI,-1,4.0,4.0,46.5,11.8486701377757,0.029794254391378783,3.5134397097186087,0.4835854407442252,0.032829118511549515,0.4835854407442252,0.7265272666826482,2,11.883294656821421,0.029724112141111925,3.5157967059477007,0.4836332369906716,0.032733526018656756,0.4836332369906716,0.7264284343346269,13.331967220789778,0.023971699249644308,3.7308813423666045,0.4486910480076738,0.025773246578411166,0.525535705413915,0.6433371453712072,13.474283129356936,0.023744545472588377,3.740402439190442,0.4485967417930943,0.02549028842385026,0.5259129697830555,0.6426195366201011,0.22696272947183305,3.5135464618851056
2024_08_ATL_TB,2024,8,TB,ATL,-5,-1.5,-1.5,47.0,11.8486701377757,0.03129856574647316,3.4641830052823104,0.5,0.0,0.5,0.6931471805599453,2,11.897621922738807,0.031182034606477727,3.4679131639061325,0.5,0.0,0.5,0.6931471805599453,13.331967220789778,0.02476152685527431,3.698464166860469,0.4867137505038144,0.0,0.5132862494961856,0.6669215982099472,13.700537573624151,0.0241786915540351,3.7222835479959855,0.48717180765506884,0.0,0.5128281923449312,0.6678143976151649,0.2581005427136751,3.351228923303
2024_08_BAL_CLE,2024,8,CLE,BAL,5,-7.5,-7.5,44.5,11.8486701377757,0.018381253938854925,3.996423941375427,0.5,0.0,0.5,0.6931471805599453,0,11.837536154861969,0.018379496005637708,3.9965195832337246,0.5,0.0,0.5,0.6931471805599453,13.331967220789778,0.016681579678167056,4.093450181609683,0.5602200638377623,0.0,0.43977993616223765,0.5794256013070164,13.139314722308477,0.01666510355979437,4.094438353032659,0.5613272832607894,0.0,0.43867271673921066,0.577451150945032,0.09801441165723235,6.804826395598887
2024_08_BUF_SEA,2024,8,SEA,BUF,-21,-3.0,-3.0,45.5,11.8486701377757,0.010484947916209394,4.557814582097969,0.4835854407442252,0.032829118511549515,0.4835854407442252,0.7265272666826482,2,11.86587887422032,0.010501067717433657,4.5562783396138355,0.4836092307944716,0.0327815384110568,0.4836092307944716,0.7264780727593333,13.331967220789778,0.010310852742520115,4.574558274138837,0.47127456478950225,0.08159828121391557,0.44712715399658215,0.804912263977417,13.541695851762546,0.010433678940535738,4.562716345361804,0.47182166280782,0.08092974236417907,0.4472485948280009,0.804640698402602,0.004901763263834624,12.168089139896766
2024_08_CAR_DEN,2024,8,DEN,CAR,14,13.0,13.0,40.5,11.8486701377757,0.03270090962453587,3.4203523842017285,0.4835854407442252,0.032829118511549515,0.4835854407442252,0.7265272666826482,0,11.743886040840943,0.032990177310827096,3.411545419072032,0.483439079729756,0.03312184054048789,0.483439079729756,0.7268299705179451,13.331967220789778,0.02679479702255304,3.619547551262633,0.43945070105090567,0.026872749870385803,0.5336765490787085,0.8222297386811279,12.609344294208045,0.028268288651046643,3.5660146449757693,0.43788217745471125,0.02836023338637438,0.5337575891589144,0.825805406037967,0.14566226077404076,3.2570498403082824
2024_08_CHI_WAS,2024,8,WAS,CHI,3,1.5,1.5,46.5,11.8486701377757,0.03254147948827224,3.4252397114678437,0.5,0.0,0.5,0.6931471805599453,0,11.888095495859666,0.0324355169147964,3.4285012554995626,0.5,0.0,0.5,0.6931471805599453,13.331967220789778,0.08088660631205735,2.5147070271894454,0.5132862494961856,0.0,0.48671375050381444,0.6669215982099472,13.691134015240719,0.07948032083846344,2.532245824587199,0.512839246776434,0.0,0.48716075322356595,0.6677928420288577,-0.8929938868806446,2.9337892631853704
2024_08_DAL_SF,2024,8,SF,DAL,6,5.5,5.5,48.0,11.8486701377757,0.032797010694490814,3.417417905108386,0.5,0.0,0.5,0.6931471805599453,0,11.908698069430596,0.032632119360859635,3.4224582191879716,0.5,0.0,0.5,0.6931471805599453,13.331967220789778,0.025871187374411415,3.654625386102199,0.4642093058789589,0.0,0.5357906941210411,0.7674197382101285,13.3730533238176,0.025760861353256868,3.658898940678578,0.46380767537484857,0.0,0.5361923246251514,0.768285305408356,0.24148103557019196,2.9536946569407636
2024_08_GB_JAX,2024,8,JAX,GB,-3,-3.5,-3.5,49.0,11.8486701377757,0.032797010694490814,3.417417905108386,0.5,0.0,0.5,0.6931471805599453,0,11.93095726739726,0.032571395418197424,3.424320816945887,0.5,0.0,0.5,0.6931471805599453,13.331967220789778,0.08162546027710028,2.5056140524783133,0.5392368664592457,0.0,0.4607631335407542,0.6176003492078956,13.562896508240605,0.08084355985745958,2.5152393515743614,0.5392972410401454,0.0,0.4607027589598546,0.6174883924685715,-0.9021785535340245,2.8214240803502277
2024_08_IND_HOU,2024,8,HOU,IND,3,5.0,5.0,45.0,11.8486701377757,0.03231981746868923,3.43207469297238,0.4835854407442252,0.032829118511549515,0.4835854407442252,0.7265272666826482,2,11.85223256013417,0.032310412404403965,3.4323657352406847,0.48359037124511484,0.03281925750977033,0.48359037124511484,0.7265170710164032,13.331967220789778,0.08107173170787363,2.5124209395609265,0.450379913874019,0.025847339930724203,0.5237727461952568,0.6466973791990721,13.360354497485831,0.08138367709583473,2.5085805531600824,0.4500032867463789,0.025758895037770173,0.5242378182158509,0.6458098460635944,-0.9234941398122976,2.842072483469139
2024_08_KC_LV,2024,8,LV,KC,-7,-9.0,-9.0,42.0,11.8486701377757,0.03231981746868928,3.432074692972378,0.4835854407442252,0.032829118511549515,0.4835854407442252,0.7265272666826482,0,11.783529849956356,0.03249274627466159,3.42673840610626,0.4834947594767273,0.033010481046545304,0.4834947594767273,0.7267148028719798,13.331967220789778,0.054139709507261956,2.9161873603947512,0.5439470997918436,0.02628089042218539,0.429772009785971,0.6089032798843036,12.965833606433836,0.055713579382417604,2.8875313667456006,0.5449481760882415,0.02694141759205752,0.42811040631970104,0.6070645785865554,-0.5445433262267776,2.896236298749059
2024_08_MIN_LA,2024,8,LA,MIN,10,-3.0,-3.0,47.5,11.8486701377757,0.01757704146634742,4.041161690628743,0.4835854407442252,0.032829118511549515,0.4835854407442252,0.7265272666826482,0,11.9041697217132,0.017591507662677697,4.040339012553905,0.48366191905153816,0.03267616189692374,0.48366191905153816,0.7263691306966509,13.331967220789778,0.015858053156990265,4.144077822076111,0.47127456478950225,0.08159828121391557,0.44712715399658215,0.7523144147041995,13.579143801009304,0.0158464427070168,4.144810238736656,0.4719159599418982,0.0807311713032644,0.4473528687548373,0.7509543602200921,0.10364854810791257,7.620219659258107
2024_08_NO_LAC,2024,8,LAC,NO,18,7.0,7.0,41.5,11.8486701377757,0.020841445741868303,3.8708116910930075,0.4835854407442252,0.032829118511549515,0.4835854407442252,0.7265272666826482,0,11.77677016799944,0.020857035838030002,3.870063937395634,0.483485291984122,0.033029416031756076,0.483485291984122,0.7267343844395443,13.331967220789778,0.018393035057556923,3.995783215508167,0.42581417022245094,0.05426790299838577,0.5199179267791633,0.8537522480195396,13.122408338257038,0.01843094126670869,3.993724436075605,0.42445034703029727,0.05523223011592769,0.520317422853775,0.856960248198548,0.1229127449825973,7.293074706115096
2024_08_NYG_PIT,2024,8,PIT,NYG,8,6.0,6.0,37.5,11.8486701377757,0.03231981746868928,3.432074692972378,0.4835854407442252,0.032829118511549515,0.4835854407442252,0.7265272666826482,0,11.689602370094377,0.032745321427859464,3.4189951842705293,0.4833622262946469,0.03327554741070621,0.4833622262946469,0.7269889554816437,13.331967220789778,0.025636653437278115,3.6637321766152966,0.4521715792058737,0.02593620731418867,0.5218922134799376,0.7936935711667681,13.120830458319649,0.025963311267106225,3.6510708426183696,0.4513392181444286,0.02627657396959078,0.5223842078859806,0.7955360755382989,0.21899614964599134,3.1809368403760327
2024_08_NYJ_NE,2024,8,NE,NYJ,3,-7.0,-7.0,41.0,11.8486701377757,0.022492037604879167,3.7945939166311553,0.4835854407442252,0.032829118511549515,0.4835854407442252,0.7265272666826482,0,11.766083760653364,0.022533640336979688,3.7927459602719646,0.48347030261795215,0.03305939476409575,0.48347030261795215,0.7267653876546964,13.331967220789778,0.061960071840329534,2.781265103971108,0.5199179267791635,0.05426790299838577,0.42581417022245077,0.6540843129806145,13.112201126425807,0.06267155026909582,2.7698476780306716,0.5203149941632186,0.05527171498998942,0.424413290846792,0.6533208927977963,-1.0247462386004837,5.302761446891662
2024_08_PHI_CIN,2024,8,CIN,PHI,-20,2.5,2.5,47.5,11.8486701377757,0.006041405674457392,5.1091185665531,0.5,0.0,0.5,0.6931471805599453,2,11.905131420824246,0.0060963108776735525,5.100071464904401,0.5,0.0,0.5,0.6931471805599453,13.331967220789778,0.006302549031060355,5.066801119311618,0.5150370844404317,0.0,0.48496291555956833,0.7236828537318566,13.622572816659662,0.006534080139945157,5.030723700811875,0.5145889317626968,0.0,0.4854110682373031,0.7227591836477852,-0.07839486574122478,15.442738280478343
2024_08_TEN_DET,2024,8,DET,TEN,38,12.5,12.5,45.0,11.8486701377757,0.004051167060010963,5.508750276408993,0.5,0.0,0.5,0.6931471805599453,0,11.837879289161904,0.00404201577089669,5.511011758252582,0.5,0.0,0.5,0.6931471805599453,13.331967220789778,0.004506135779553438,5.402315304369387,0.45154902343618963,0.0,0.5484509765638104,0.7950713329801945,12.735521204026165,0.004009457696586264,5.519099284568146,0.4506425685290065,0.0,0.5493574314709935,0.7970807846759763,0.010349008159153072,19.52651074454005
2024_09_CHI_ARI,2024,9,ARI,CHI,20,1.5,1.5,44.5,11.8486701377757,0.009896487495683837,4.6155753832132165,0.5,0.0,0.5,0.6931471805599453,0,11.849017047266296,0.009896821940242773,4.615541589515396,0.5,0.0,0.5,0.6931471805599453,13.331967220789778,0.009787089293865098,4.626691180858292,0.5132862494961856,0.0,0.48671375050381444,0.6669215982099472,13.652548311207621,0.009992898762113367,4.605880562034082,0.5128848125449235,0.0,0.4871151874550765,0.6677039959730294,-0.009694821179134117,12.409213993855913
2024_09_DAL_ATL,2024,9,ATL,DAL,6,3.0,3.0,52.0,11.8486701377757,0.03169625927292097,3.451556609070725,0.4835854407442252,0.032829118511549515,0.4835854407442252,0.7265272666826482,0,11.985142502616217,0.031360402110320096,3.462209261186725,0.4837722300506639,0.03245553989867217,0.4837722300506639,0.7261410821008759,13.331967220789778,0.02505163234824734,3.68681628997163,0.4471271539965822,0.08159828121391557,0.4712745647895023,0.8049122639774169,13.658277549513548,0.02451042448106326,3.708656762903251,0.4475720349320307,0.08031486424128453,0.47211310082668473,0.8039177823066631,0.25710015383252616,3.309477638300225
2024_09_DEN_BAL,2024,9,BAL,DEN,31,9.0,9.0,46.5,11.8486701377757,0.0064434084271628445,5.044697619997738,0.4835854407442252,0.032829118511549515,0.4835854407442252,0.7265272666826482,0,11.8736987942146,0.006468114030476424,5.040870707478894,0.48362001860133186,0.032759962797336284,0.48362001860133186,0.7264557661409852,13.331967220789778,0.006840028082290147,4.984963441758131,0.4297720097859711,0.026280890422185392,0.5439470997918435,0.8445004207055167,13.050830918526454,0.006589368264685298,5.022297797781313,0.4283650916267897,0.026776481592736268,0.544858426780474,0.8477794291936742,-0.02239982221642478,16.1577488708617
2024_09_DET_GB,2024,9,GB,DET,-10,-2.5,-2.5,47.5,11.8486701377757,0.02645430905458962,3.632336220729747,0.5,0.0,0.5,0.6931471805599453,2,11.905131420824246,0.02638169730269968,3.635084793250991,0.5,0.0,0.5,0.6931471805599453,13.331967220789778,0.02183673970449256,3.8241614201787675,0.4849629155595684,0.0,0.5150370844404316,0.6635163722887,13.622572816659662,0.021535679010656943,3.8380442304109423,0.4854110682373032,0.0,0.5145889317626968,0.6643868877942971,0.2057080096811954,4.952190151001586
2024_09_HOU_NYJ,2024,9,NYJ,HOU,8,2.5,2.5,43.5,11.8486701377757,0.02919976703604099,3.5335945479575015,0.5,0.0,0.5,0.6931471805599453,0,11.826953496686837,0.029240897348933426,3.532186955483449,0.5,0.0,0.5,0.6931471805599453,13.331967220789778,0.023535855372916085,3.749230260072421,0.5150370844404317,0.0,0.48496291555956833,0.6635163722886998,13.545859081326748,0.023232847822586403,3.7621881472648258,0.5147061466039038,0.0,0.48529385339609626,0.6641591302849545,0.22859359930732426,4.045775526257939
2024_09_IND_MIN,2024,9,MIN,IND,8,6.5,6.5,47.0,11.8486701377757,0.03254147948827224,3.4252397114678437,0.5,0.0,0.5,0.6931471805599453,0,11.888014490741574,0.03243573392951926,3.42849456487097,0.5,0.0,0.5,0.6931471805599453,13.331967220789778,0.025816601706957463,3.656737516983273,0.46609177904982513,0.0,0.5339082209501749,0.7633727134980464,13.269974932968543,0.02588749912524471,3.653995086051079,0.4656037006075372,0.0,0.5343962993924628,0.7644204345562514,0.22875537458323514,3.14285839544645
2024_09_JAX_PHI,2024,9,PHI,JAX,5,7.5,7.5,46.0,11.8486701377757,0.032037439269238355,3.440850082908622,0.5,0.0,0.5,0.6931471805599453,2,11.866964396491454,0.03199048060628018,3.4423169014924206,0.5,0.0,0.5,0.6931471805599453,13.331967220789778,0.0256257289193287,3.6641583962957944,0.43977993616223765,0.0,0.5602200638377623,0.5794256013070164,13.167308310176024,0.025873093014597576,3.6545517300315105,0.43874387764469425,0.0,0.5612561223553058,0.5775779315570078,0.21370164712288853,2.9299759878750895
2024_09_LAC_CLE,2024,9,CLE,LAC,-17,-2.0,-2.0,42.5,11.8486701377757,0.014502072970313556,4.2334636763040105,0.4835854407442252,0.032829118511549515,0.4835854407442252,0.7265272666826482,2,11.807324843229262,0.01447559796623947,4.235290946100713,0.4835280001719774,0.03294399965604522,0.4835280001719774,0.726646054344747,13.331967220789778,0.013532887715052311,4.302632429043869,0.47298834354243047,0.025672494154644766,0.5013391623029247,0.6904724362740284,13.568908019166818,0.013594457037764546,4.298093140072272,0.47354176523144503,0.025235193260823865,0.5012230415077311,0.6907040843359074,0.06462946376826118,9.672579792550016
2024_09_LA_SEA,2024,9,SEA,LA,-6,-1.5,-1.5,48.5,11.8486701377757,0.030344481258990585,3.4951406146174806,0.5,0.0,0.5,0.6931471805599453,2,11.925648887389801,0.030179046665670728,3.5006074144226424,0.5,0.0,0.5,0.6931471805599453,13.331967220789778,0.0241943516363813,3.72163607651764,0.4867137505038144,0.0,0.5132862494961856,0.6669215982099472,13.728196823649728,0.02361693811607071,3.7457911076034356,0.4872042094487491,0.0,0.5127957905512509,0.6678775821627796,0.250650492985955,3.63637564145538
2024_09_LV_CIN,2024,9,CIN,LV,17,8.0,8.0,45.0,11.8486701377757,0.02411999430499212,3.724714143234618,0.4835854407442252,0.032829118511549515,0.4835854407442252,0.7265272666826482,0,11.846489164548078,0.024121770889199645,3.724640489868031,0.4835824207489401,0.03283515850211982,0.4835824207489401,0.7265335117108495,13.331967220789778,0.02070647515507826,3.8773088182014104,0.4276999423426306,0.026154181897232984,0.5461458757601364,0.8493333985572546,13.106824319646893,0.02083940763610452,3.870909486872135,0.4263662813489593,0.026534197446985548,0.5470995212040551,0.852456486769115,0.14619534363751718,6.136135237842167
2024_09_MIA_BUF,2024,9,BUF,MIA,3,6.5,6.5,49.0,11.8486701377757,0.03129856574647316,3.4641830052823104,0.5,0.0,0.5,0.6931471805599453,2,11.925175723121972,0.031116799248783633,3.4700074368644054,0.5,0.0,0.5,0.6931471805599453,13.331967220789778,0.0795787923592907,2.5310076492770524,0.46609177904982513,0.0,0.5339082209501749,0.6275313256732568,13.305522831187917,0.08017285593519098,2.523570276071807,0.4656349151174174,0.0,0.5343650848825826,0.6266759940689446,-0.9406127292105033,3.007786863422301
2024_09_NE_TEN,2024,9,TEN,NE,3,3.0,3.0,38.5,11.8486701377757,0.032829118511549515,3.4164393979189773,0.4835854407442252,0.032829118511549515,0.4835854407442252,3.4164393979189773,1,11.718344138069991,0.033193986477614734,3.405386549658076,0.48340300676119263,0.033193986477614734,0.48340300676119263,3.405386549658076,13.331967220789778,0.08159828121391557,2.5059470807888715,0.4471271539965822,0.08159828121391557,0.4712745647895023,2.5059470807888715,13.39724681172903,0.08170529005426172,2.5046365294661888,0.44684297730060585,0.08170529005426172,0.47145173264513235,2.5046365294661888,-0.9118028684527886,2.7903110684840984
2024_09_NO_CAR,2024,9,CAR,NO,1,-7.0,-7.0,43.5,11.8486701377757,0.025695751553327817,3.6614296099550705,0.4835854407442252,0.032829118511549515,0.4835854407442252,0.7265272666826482,0,11.818357819571858,0.025729956073377247,3.6600993599041955,0.48354336744247606,0.032913265115047885,0.48354336744247606,0.7266142732973195,13.331967220789778,0.02164460566527071,3.8329990165368595,0.5199179267791635,0.05426790299838577,0.42581417022245077,0.6540843129806145,13.1621185536448,0.021765536857032156,3.827427438211224,0.5203265810635697,0.05507918245064772,0.4245942364857827,0.6532986240347036,0.1659978282561534,4.416183984140349
2024_09_TB_KC,2024,9,KC,TB,6,9.0,9.0,45.5,11.8486701377757,0.031696259272921024,3.4515566090707233,0.4835854407442252,0.032829118511549515,0.4835854407442252,0.7265272666826482,2,11.854381643851402,0.031682065337685694,3.4520045204208527,0.4835933442106619,0.032813311578676174,0.4835933442106619,0.7265109233414588,13.331967220789778,0.025603175062427534,3.665038909311118,0.4297720097859711,0.026280890422185392,0.5439470997918435,0.6089032798843038,13.032629485297077,0.026088576085479275,3.646257758345522,0.4283106463239594,0.026811620497809104,0.5448777331782315,0.6071938522797373,0.19470114927479854,2.9850898123639698
2024_09_WAS_NYG,2024,9,NYG,WAS,-5,-4.5,-4.5,44.5,11.8486701377757,0.03279701069449087,3.417417905108384,0.5,0.0,0.5,0.6931471805599453,2,11.843275209864482,0.032811911619520295,3.4169636703866395,0.5,0.0,0.5,0.6931471805599453,13.331967220789778,0.02578965320334932,3.6577819061219343,0.5375745799292662,0.0,0.46242542007073384,0.7712699889335813,13.393473374090755,0.025644301874476756,3.663433881187341,0.5379482053268567,0.0,0.4620517946731432,0.7720782845020908,0.24601597607895664,2.9159469707243924
2024_10_ATL_NO,2024,10,NO,ATL,3,-3.5,-3.5,46.5,11.8486701377757,0.027892772235269092,3.579387683384344,0.5,0.0,0.5,0.6931471805599453,0,11.884254669503944,0.027836001341990046,3.5814250837889423,0.5,0.0,0.5,0.6931471805599453,13.331967220789778,0.07228390904207456,2.627153732788075,0.5392368664592457,0.0,0.4607631335407542,0.6176003492078956,13.517376778078646,0.07204328183904907,2.630488203922883,0.5393800122178449,0.0,0.460619987782155,0.6173349245473523,-0.9488994794614607,3.9336173292814953
2024_10_BUF_IND,2024,10,IND,BUF,-10,-4.5,-4.5,46.5,11.8486701377757,0.029199767036041047,3.5335945479574997,0.5,0.0,0.5,0.6931471805599453,2,11.882334721688933,0.02913618290894643,3.5357744782520917,0.5,0.0,0.5,0.6931471805599453,13.331967220789778,0.02364288623878262,3.7446930025777165,0.5375745799292662,0.0,0.46242542007073384,0.7712699889335813,13.43132686398931,0.02348020390428685,3.7515975998910025,0.5378902782089605,0.0,0.46210972179103943,0.7719529230432114,0.21800305193350278,4.224948969658209
2024_10_CIN_BAL,2024,10,BAL,CIN,1,6.0,6.0,53.0,11.8486701377757,0.029794254391378783,3.5134397097186087,0.4835854407442252,0.032829118511549515,0.4835854407442252,0.7265272666826482,2,11.99643672939386,0.029496814042275554,3.5234730200355586,0.48378749819772005,0.03242500360455991,0.48378749819772005,0.726109521988127,13.331967220789778,0.024123269046475077,3.724578383700105,0.4521715792058737,0.02593620731418867,0.5218922134799376,0.6502942000073215,13.41548868765332,0.02397285340955322,3.730833196754846,0.45190907587149737,0.02575138005766701,0.5223395440708356,0.6494374349931821,0.21739348703623707,3.4432998479824772
2024_10_DEN_KC,2024,10,KC,DEN,2,7.5,7.5,42.5,11.8486701377757,0.029199767036041047,3.5335945479574997,0.5,0.0,0.5,0.6931471805599453,2,11.796837298826018,0.029298082772585998,3.5302331994827685,0.5,0.0,0.5,0.6931471805599453,13.331967220789778,0.023905462637568504,3.7336482839196816,0.43977993616223765,0.0,0.5602200638377623,0.5794256013070164,13.100583583226472,0.024185382494114577,3.722006857487427,0.43857411947879354,0.0,0.5614258805212065,0.577275516150402,0.1884123095299275,3.4552819866479125
2024_10_DET_HOU,2024,10,HOU,DET,-3,-4.5,-4.5,49.0,11.8486701377757,0.03254147948827224,3.4252397114678437,0.5,0.0,0.5,0.6931471805599453,0,11.92902977459493,0.032326219723532,3.4318766219028523,0.5,0.0,0.5,0.6931471805599453,13.331967220789778,0.08136194302658412,2.5088476456859947,0.5375745799292662,0.0,0.46242542007073384,0.6206877752489016,13.476556821295626,0.08104913302638907,2.512699727632628,0.5378211378240386,0.0,0.4621788621759614,0.6202292316727607,-0.9125399838352157,2.8328197266024926
2024_10_MIA_LA,2024,10,LA,MIA,-8,2.5,2.5,49.5,11.8486701377757,0.02166781630481643,3.8319272389399566,0.5,0.0,0.5,0.6931471805599453,2,11.941961800268942,0.02163294831129206,3.8335377417276084,0.5,0.0,0.5,0.6931471805599453,13.331967220789778,0.018711052185398907,3.9786409037514896,0.5150370844404317,0.0,0.48496291555956833,0.7236828537318566,13.658688445387655,0.018557813074814328,3.9868643885873647,0.5145343795388089,0.0,0.4854656204611912,0.7226468064023935,0.15493714964740812,6.038423848788993
2024_10_MIN_JAX,2024,10,JAX,MIN,-5,-7.0,-7.0,42.5,11.8486701377757,0.03231981746868928,3.432074692972378,0.4835854407442252,0.032829118511549515,0.4835854407442252,0.7265272666826482,0,11.797790326900099,0.032454733535814295,3.427908974796492,0.48351469690118926,0.032970606197621544,0.48351469690118926,0.7266735676506832,13.331967220789778,0.02573812593342526,3.6597818870239918,0.5199179267791635,0.05426790299838577,0.42581417022245077,0.6540843129806145,13.142482060612252,0.02603256568810549,3.64840699825195,0.5203221099026492,0.05515475170639444,0.4245231383909565,0.6533072170612636,0.2163323052795718,2.882245571214461
2024_10_NE_CHI,2024,10,CHI,NE,-16,6.5,6.5,37.5,11.8486701377757,0.006041405674457392,5.1091185665531,0.5,0.0,0.5,0.6931471805599453,2,11.688658081467034,0.005883933769927872,5.135529732266887,0.5,0.0,0.5,0.6931471805599453,13.331967220789778,0.006374751115372938,5.055410229425569,0.46609177904982513,0.0,0.5339082209501749,0.6275313256732568,13.07900100664491,0.006147440017381098,5.091719541159252,0.46543849559475503,0.0,0.534561504405245,0.6263084860906765,-0.017399025393848078,15.107654537893875
2024_10_NYG_CAR,2024,10,CAR,NYG,3,-6.5,-6.5,40.5,11.8486701377757,0.02331064107448344,3.758845324189806,0.5,0.0,0.5,0.6931471805599453,0,11.756225775121885,0.023371155969131863,3.7562526678492785,0.5,0.0,0.5,0.6931471805599453,13.331967220789778,0.06357906259525756,2.755471067312832,0.5339082209501749,0.0,0.46609177904982513,0.6275313256732568,13.143779369179663,0.06430293723701727,2.744149968579426,0.5345059522654741,0.0,0.46549404773452585,0.6264124124415801,-1.01469535561038,5.068750629985269
2024_10_NYJ_ARI,2024,10,ARI,NYJ,25,-2.0,-2.0,45.5,11.8486701377757,0.003294118148894243,5.71561677996032,0.4835854407442252,0.032829118511549515,0.4835854407442252,0.7265272666826482,0,11.867796163099253,0.003308779829830022,5.7111757890257415,0.4836118770644175,0.032776245871164955,0.4836118770644175,0.7264726008565296,13.331967220789778,0.0035256989008565377,5.647676592624218,0.47298834354243047,0.025672494154644766,0.5013391623029247,0.7486845344673729,13.62845286218065,0.003741144529212326,5.588363690517882,0.4736718259660394,0.02513749301730995,0.5011906810166507,0.747240547354818,-0.12725308944243796,19.690757849726676
2024_10_PHI_DAL,2024,10,DAL,PHI,-28,-7.5,-7.5,44.5,11.8486701377757,0.007782844871596424,4.855833342901273,0.5,0.0,0.5,0.6931471805599453,2,11.837536154861969,0.007771628324254959,4.857275571017193,0.5,0.0,0.5,0.6931471805599453,13.331967220789778,0.0080562790211183,4.821303488972227,0.5602200638377623,0.0,0.43977993616223765,0.8214808222699258,13.139314722308477,0.007886065303432482,4.842657962628643,0.5613272832607894,0.0,0.43867271673921066,0.8240016639014055,-0.013175380272630655,14.736928814304093
2024_10_PIT_WAS,2024,10,WAS,PIT,-1,1.5,1.5,45.0,11.8486701377757,0.032037439269238355,3.440850082908622,0.5,0.0,0.5,0.6931471805599453,2,11.858936707716,0.03201107001760434,3.441673497955046,0.5,0.0,0.5,0.6931471805599453,13.331967220789778,0.025196189745873808,3.6810624964572796,0.5132862494961856,0.0,0.48671375050381444,0.7200791100170353,13.66234461273048,0.024638881105972656,3.7034295510080684,0.5128732126260266,0.0,0.4871267873739734,0.7192308460993596,0.26257946809944643,3.0901750629787497
2024_10_SF_TB,2024,10,TB,SF,-3,-6.5,-6.5,50.5,11.8486701377757,0.03129856574647327,3.464183005282307,0.5,0.0,0.5,0.6931471805599453,0,11.952136823585683,0.031053214568520615,3.472052947184552,0.5,0.0,0.5,0.6931471805599453,13.331967220789778,0.0795787923592907,2.5310076492770524,0.5339082209501749,0.0,0.46609177904982513,0.6275313256732568,13.331303524869133,0.08004223636637654,2.525200829047534,0.5343423604497777,0.0,0.46565763955022227,0.6267185210166282,-0.9389821762347728,3.0128374336852386
2024_10_TEN_LAC,2024,10,LAC,TEN,10,8.0,8.0,40.0,11.8486701377757,0.03231981746868928,3.432074692972378,0.4835854407442252,0.032829118511549515,0.4835854407442252,0.7265272666826482,0,11.742446956864793,0.032602747487312844,3.423358715408802,0.48343705147125215,0.03312589705749569,0.48343705147125215,0.7268341660057401,13.331967220789778,0.025852110492195518,3.6553630375617066,0.4276999423426306,0.026154181897232984,0.5461458757601364,0.8493333985572546,13.008094004479846,0.02639711035675989,3.6345007310039694,0.4260375211714996,0.02672118021093073,0.5472412986175696,0.8532278587240243,0.2024260380315912,3.3103909186218377
2024_11_ATL_DEN,2024,11,DEN,ATL,32,2.0,2.0,44.5,11.8486701377757,0.0021555534449958502,6.13970776937519,0.4835854407442252,0.032829118511549515,0.4835854407442252,0.7265272666826482,0,11.848059881086579,0.0021551876598644437,6.139877478074175,0.4835845958332405,0.03283080833351898,0.4835845958332405,0.7265290138645352,13.331967220789778,0.00229101373153118,6.078760881844245,0.5013391623029249,0.025672494154644763,0.47298834354243036,0.6904724362740282,13.60902373312281,0.0024586269519484344,6.008152234475804,0.501201177902499,0.025169285884696746,0.4736295362128043,0.6907477057983825,-0.13155553489938576,23.04507594365565
2024_11_BAL_PIT,2024,11,PIT,BAL,2,-3.0,-3.0,48.0,11.8486701377757,0.029794254391378727,3.5134397097186105,0.4835854407442252,0.032829118511549515,0.4835854407442252,0.7265272666826482,0,11.913509171421875,0.029663127512735143,3.517850502358133,0.4836747188178285,0.032650562364342994,0.4836747188178285,0.7263426667630213,13.331967220789778,0.023917290075987287,3.733153647455287,0.47127456478950225,0.08159828121391557,0.44712715399658215,0.7523144147041995,13.588275048966203,0.02354236994621149,3.7489535048084823,0.4719388546360044,0.08068290525501584,0.44737824010897975,0.7509058470509965,0.2355137950898718,3.5283853164775705
2024_11_CIN_LAC,2024,11,LAC,CIN,7,1.0,1.0,48.0,11.8486701377757,0.02856467100972304,3.5555846041231103,0.4835854407442252,0.032829118511549515,0.4835854407442252,0.7265272666826482,0,11.917359452427062,0.028444996152627522,3.5597830160360826,0.4836799898141884,0.032640020371623224,0.4836799898141884,0.7263317690099779,13.331967220789778,0.04815993957758249,3.0332277326006625,0.49954947760511925,0.025646952640498096,0.47480356975438265,0.6940486315345755,13.762943638077047,0.04726307317567083,3.0520259823449267,0.4994613722862961,0.024896462812195545,0.4756421649015083,0.6942250166440288,-0.5035586217781836,4.119175017316916
2024_11_CLE_NO,2024,11,NO,CLE,21,-1.0,-1.0,44.0,11.8486701377757,0.0064434084271628445,5.044697619997738,0.4835854407442252,0.032829118511549515,0.4835854407442252,0.7265272666826482,0,11.839950170294742,0.006434782747495871,5.046037199576868,0.48357335953660996,0.03285328092678008,0.48357335953660996,0.7265522495657329,13.331967220789778,0.006675035490353256,5.009380757803104,0.47480356975438265,0.025646952640498107,0.49954947760511925,0.7448540978368448,13.686280575562922,0.006956072576745463,4.968140248854844,0.47550369454510877,0.025019711132550308,0.49947659432234087,0.7433806272159226,-0.07655737114289352,15.158867657144777
2024_11_GB_CHI,2024,11,CHI,GB,-1,-6.0,-6.0,41.0,11.8486701377757,0.029794254391378727,3.5134397097186105,0.4835854407442252,0.032829118511549515,0.4835854407442252,0.7265272666826482,0,11.767984924636416,0.029958774653433107,3.507933020587643,0.4834729712880969,0.03305405742380613,0.4834729712880969,0.7267598678476576,13.331967220789778,0.024123269046475132,3.724578383700103,0.5218922134799377,0.025936207314188674,0.45217157920587364,0.6502942000073213,13.19620651114145,0.024276600083449496,3.718242352107852,0.5223744865356883,0.02614009299268002,0.4514854204716317,0.6493705411565109,0.20480264238924129,3.407446048148465
2024_11_HOU_DAL,2024,11,DAL,HOU,-24,-7.5,-7.5,41.5,11.8486701377757,0.012392637049632144,4.390652769052048,0.5,0.0,0.5,0.6931471805599453,2,11.775818837938376,0.012332065903516473,4.395552424866409,0.5,0.0,0.5,0.6931471805599453,13.331967220789778,0.01206462376988882,4.417477763989469,0.5602200638377623,0.0,0.43977993616223765,0.8214808222699258,13.080573856271691,0.01190881919257857,4.430476044729992,0.5614768828275859,0.0,0.4385231171724141,0.8243427498082544,0.03982327567794375,11.34902579025874
2024_11_IND_NYJ,2024,11,NYJ,IND,-1,4.0,4.0,43.0,11.8486701377757,0.029794254391378783,3.5134397097186087,0.4835854407442252,0.032829118511549515,0.4835854407442252,0.7265272666826482,2,11.813854183911348,0.02986506164261926,3.511065988757833,0.48353709802138767,0.032925803957224664,0.48353709802138767,0.7266272389631816,13.331967220789778,0.023971699249644308,3.7308813423666045,0.4486910480076738,0.025773246578411166,0.525535705413915,0.6433371453712072,13.406764596774458,0.0238344580636588,3.7366229275815805,0.44842581150804095,0.025605096037770732,0.5259690924541883,0.6425128275636376,0.2231832178629718,3.5029432447361284
2024_11_JAX_DET,2024,11,DET,JAX,46,14.0,14.0,47.5,11.8486701377757,0.0016156789114946113,6.428000032007426,0.4835854407442252,0.032829118511549515,0.4835854407442252,0.7265272666826482,0,11.883031984785571,0.0016327498547487052,6.417489658142648,0.4836328754414318,0.03273424911713635,0.4836328754414318,0.726429181903957,13.331967220789778,0.0017778496546775352,6.332350704139762,0.44209060447543547,0.02703418200427412,0.5308752135202904,0.8162404304105207,12.657964552375034,0.0014271688337739938,6.552062633699,0.44086543101250447,0.02844029645996652,0.530694272527529,0.8190155951978909,0.12406260169157424,25.819679216376567
2024_11_KC_BUF,2024,11,BUF,KC,9,2.5,2.5,46.5,11.8486701377757,0.027892772235269092,3.579387683384344,0.5,0.0,0.5,0.6931471805599453,0,11.886174927544143,0.027832941504644326,3.5815350135699777,0.5,0.0,0.5,0.6931471805599453,13.331967220789778,0.02273479192520237,3.7838588439263994,0.5150370844404317,0.0,0.48496291555956833,0.6635163722886998,13.603977984515318,0.022403599146677063,3.798533656837239,0.5146171756193547,0.0,0.4853828243806453,0.6643320030506829,0.21914597345289533,4.479757098630861
2024_11_LA_NE,2024,11,NE,LA,-6,-4.0,-4.0,42.5,11.8486701377757,0.03231981746868923,3.43207469297238,0.4835854407442252,0.032829118511549515,0.4835854407442252,0.7265272666826482,2,11.80351011239502,0.032439511412404864,3.428378111118234,0.48352268015070365,0.03295463969859269,0.48352268015070365,0.7266570569144821,13.331967220789778,0.02547557483945528,3.6700351352817964,0.5255357054139151,0.02577324657841116,0.4486910480076737,0.8014207171515876,13.396701979397413,0.025329204452853575,3.675797222771146,0.5259774399073799,0.025622298695949272,0.44840026139667083,0.8020690048300853,0.24372252979876619,3.104559427160398
2024_11_LV_MIA,2024,11,MIA,LV,15,8.0,8.0,43.5,11.8486701377757,0.02718798874540196,3.604979993452445,0.4835854407442252,0.032829118511549515,0.4835854407442252,0.7265272666826482,0,11.816448517650647,0.027234521128833622,3.6032699512335715,0.4835407101244502,0.032918579751099575,0.4835407101244502,0.7266197688236911,13.331967220789778,0.022698490847392172,3.785456839198576,0.4276999423426306,0.026154181897232984,0.5461458757601364,0.8493333985572546,13.078330168563197,0.022947846097960946,3.7745311988206516,0.4262716167102829,0.026587876722650606,0.5471405065670665,0.852678537980493,0.16955120536820667,5.094532041812533
2024_11_MIN_TEN,2024,11,TEN,MIN,-10,-6.0,-6.0,40.0,11.8486701377757,0.030846991595668505,3.478716050544081,0.4835854407442252,0.032829118511549515,0.4835854407442252,0.7265272666826482,2,11.746241952933694,0.031082100280540037,3.4711231791719332,0.48344239910273284,0.033115201794534366,0.48344239910273284,0.7268231043755078,13.331967220789778,0.02475988068846304,3.6985306498985535,0.5218922134799377,0.025936207314188674,0.45217157920587364,0.7936935711667682,13.175304737159015,0.02496283008504158,3.6903673570911115,0.5223773036726727,0.02617778962685401,0.45144490670047327,0.7953019363822837,0.21165130654703068,3.758775159999219
2024_11_SEA_SF,2024,11,SF,SEA,-3,6.0,6.0,49.0,11.8486701377757,0.024119994304992065,3.7247141432346202,0.4835854407442252,0.032829118511549515,0.4835854407442252,0.7265272666826482,2,11.926139119239469,0.024056592086732803,3.7273462207482515,0.4836919963743666,0.03261600725126673,0.4836919963743666,0.7263069459628974,13.331967220789778,0.06515837373628808,2.7309344535663778,0.4521715792058737,0.02593620731418867,0.5218922134799376,0.6502942000073215,13.348076748263964,0.06549844290962807,2.7257289089955887,0.4517791116443596,0.02586958041039543,0.522351307945245,0.6494149137384259,-0.9989852342390315,4.857405061879984
2024_11_WAS_PHI,2024,11,PHI,WAS,8,4.5,4.5,49.5,11.8486701377757,0.03129856574647327,3.464183005282307,0.5,0.0,0.5,0.6931471805599453,0,11.938103570694865,0.031086279934947947,3.4709887167844715,0.5,0.0,0.5,0.6931471805599453,13.331967220789778,0.02490703997986558,3.6926047853570187,0.46242542007073373,0.0,0.5375745799292663,0.7712699889335816,13.485342982193286,0.024634744087159422,3.7035974712212347,0.46219228341482366,0.0,0.5378077165851763,0.7717742766191231,0.2394144659389279,3.5209745495681806
2024_12_ARI_SEA,2024,12,SEA,ARI,10,-1.0,-1.0,46.5,11.8486701377757,0.020841445741868303,3.8708116910930075,0.4835854407442252,0.032829118511549515,0.4835854407442252,0.7265272666826482,0,11.889055896386342,0.0208321950921021,3.871255647979568,0.4836411629101974,0.032717674179605305,0.4836411629101974,0.7264120461834948,13.331967220789778,0.01811620016567847,4.010948704239116,0.47480356975438265,0.025646952640498107,0.49954947760511925,0.7448540978368448,13.734921199626736,0.017971491550143083,4.01896857939727,0.4755917435551081,0.024941367819798315,0.4994668886250936,0.7431954743769462,0.14815688830426232,6.532737319396624
2024_12_BAL_LAC,2024,12,LAC,BAL,-7,-3.0,-3.0,51.0,11.8486701377757,0.030846991595668505,3.478716050544081,0.4835854407442252,0.032829118511549515,0.4835854407442252,0.7265272666826482,2,11.967725030228864,0.030577760933464204,3.4874823011271325,0.48374862773413657,0.03250274453172691,0.48374862773413657,0.726189871367468,13.331967220789778,0.05116174396837494,2.9727632143385208,0.47127456478950225,0.08159828121391557,0.44712715399658215,0.804912263977417,13.641262122126504,0.050380486247362126,2.9881513565091296,0.4720709526295352,0.08040400287081245,0.44752504449965236,0.8040227774708778,-0.4905646940349513,3.5603101608674548
2024_12_DAL_WAS,2024,12,WAS,DAL,-8,10.5,10.5,45.0,11.8486701377757,0.009896487495683767,4.615575383213224,0.5,0.0,0.5,0.6931471805599453,2,11.841705127637615,0.009889766853664009,4.616254707572402,0.5,0.0,0.5,0.6931471805599453,13.331967220789778,0.010104323126390957,4.594791914398687,0.4464242008674383,0.0,0.5535757991325617,0.5913565910739617,12.89922818760446,0.009773659889644888,4.628064278197683,0.44523453066370833,0.0,0.5547654693362917,0.5892098323192984,0.012488894984459264,11.155376231808326
2024_12_DEN_LV,2024,12,LV,DEN,-10,-6.5,-6.5,41.5,11.8486701377757,0.03129856574647316,3.4641830052823104,0.5,0.0,0.5,0.6931471805599453,2,11.77772157491536,0.03146891647224165,3.4587549989961293,0.5,0.0,0.5,0.6931471805599453,13.331967220789778,0.025078329984717266,3.6857511529656746,0.5339082209501749,0.0,0.46609177904982513,0.7633727134980464,13.164376615892497,0.025309938325486468,3.6765581411927326,0.5344881820615417,0.0,0.4655118179384583,0.7646177949643791,0.21237513591042223,3.6351102919688048
2024_12_DET_IND,2024,12,IND,DET,-18,-7.0,-7.0,50.5,11.8486701377757,0.020841445741868303,3.8708116910930075,0.4835854407442252,0.032829118511549515,0.4835854407442252,0.7265272666826482,2,11.951171327367959,0.020817291806108612,3.8719713008117855,0.4837261322055914,0.03254773558881713,0.4837261322055914,0.726236374965248,13.331967220789778,0.01839303505755697,3.9957832155081645,0.5199179267791635,0.05426790299838577,0.42581417022245077,0.8537522480195401,13.288803081141412,0.018380344959280544,3.9964733940435266,0.5203527772319012,0.05459684949958569,0.42505037326851314,0.8555475917436152,0.12566170295051915,7.287984349466551
2024_12_KC_CAR,2024,12,CAR,KC,-3,-11.0,-11.0,43.0,11.8486701377757,0.025695751553327817,3.6614296099550705,0.4835854407442252,0.032829118511549515,0.4835854407442252,0.7265272666826482,0,11.800500636869968,0.02575009569886022,3.659316935418707,0.48351848071325976,0.032963038573480485,0.48351848071325976,0.7266657420410597,13.331967220789778,0.07006502034126065,2.658331606040143,0.5390540036727524,0.026562864120570736,0.43438313220667696,0.6179395207492887,12.820633226184308,0.07210573427700948,2.6296217055790074,0.5397528540269396,0.02754822488141207,0.43269892109164826,0.6166439219181252,-1.031807904376063,4.18373410803154
2024_12_MIN_CHI,2024,12,CHI,MIN,-3,-3.0,-3.0,39.5,11.8486701377757,0.032829118511549515,3.4164393979189773,0.4835854407442252,0.032829118511549515,0.4835854407442252,3.4164393979189773,1,11.740870642480154,0.03313034154220551,3.407305753571479,0.48343482922889724,0.03313034154220551,0.48343482922889724,3.407305753571479,13.331967220789778,0.08159828121391557,2.5059470807888715,0.47127456478950225,0.08159828121391557,0.44712715399658215,2.5059470807888715,13.419318900136227,0.0815857873144763,2.506100207250007,0.4715089048070882,0.0815857873144763,0.44690530787843546,2.506100207250007,-0.9103391906689704,2.794929578648568
2024_12_NE_MIA,2024,12,MIA,NE,19,7.5,7.5,46.0,11.8486701377757,0.02001620977676588,3.9112128448585706,0.5,0.0,0.5,0.6931471805599453,0,11.866964396491454,0.02001451132967702,3.9112977020404016,0.5,0.0,0.5,0.6931471805599453,13.331967220789778,0.01785348241467215,4.02555669652576,0.43977993616223765,0.0,0.5602200638377623,0.8214808222699258,13.167308310176024,0.017864818130532683,4.024921967769459,0.43874387764469425,0.0,0.5612561223553058,0.8238394583855876,0.11370912291088864,7.6419313665257596
2024_12_PHI_LA,2024,12,LA,PHI,-17,-3.0,-3.0,49.0,11.8486701377757,0.016007187932822395,4.134717411821639,0.4835854407442252,0.032829118511549515,0.4835854407442252,0.7265272666826482,2,11.931921130586892,0.01604514191029746,4.132349159941046,0.48369989387526996,0.032600212249460137,0.48369989387526996,0.7262906185551877,13.331967220789778,0.014699687809557237,4.21992902286805,0.47127456478950225,0.08159828121391557,0.44712715399658215,0.804912263977417,13.606273561562391,0.014732810440467387,4.21767826966241,0.4719838696346029,0.08058794360403197,0.4474281867613651,0.804239230655876,0.08296085784077079,9.02097994237246
2024_12_PIT_CLE,2024,12,CLE,PIT,5,-3.5,-3.5,36.5,11.8486701377757,0.024916325523290705,3.6922320468461267,0.5,0.0,0.5,0.6931471805599453,0,11.67067601940872,0.025088122518608258,3.685360751271845,0.5,0.0,0.5,0.6931471805599453,13.331967220789778,0.02089736771103092,3.8681320747839667,0.5392368664592457,0.0,0.4607631335407542,0.6176003492078956,13.308880098652477,0.02088215519661412,3.8688603030656883,0.5397620627811035,0.0,0.46023793721889655,0.616626861006746,0.17662825621956157,4.824589458053976
2024_12_SF_GB,2024,12,GB,SF,28,6.5,6.5,44.5,11.8486701377757,0.006867280248043395,4.980987139335593,0.5,0.0,0.5,0.6931471805599453,0,11.839448864123908,0.006858067357222941,4.982329603289008,0.5,0.0,0.5,0.6931471805599453,13.331967220789778,0.007167454512969247,4.938204706516493,0.46609177904982513,0.0,0.5339082209501749,0.7633727134980464,13.223493814552796,0.007065487966019511,4.95253319714588,0.465563098757915,0.0,0.534436901242085,0.7645076409507997,-0.028453942189712755,15.557202510719536
2024_12_TB_NYG,2024,12,NYG,TB,-23,-6.5,-6.5,40.5,11.8486701377757,0.012392637049632144,4.390652769052048,0.5,0.0,0.5,0.6931471805599453,2,11.756225775121885,0.0123155209320117,4.396894947694318,0.5,0.0,0.5,0.6931471805599453,13.331967220789778,0.012014165701810964,4.42166885025616,0.5339082209501749,0.0,0.46609177904982513,0.7633727134980464,13.143779369179663,0.011892887522551548,4.431814744731381,0.5345059522654741,0.0,0.46549404773452585,0.7646559691684089,0.04116197567933266,11.288025315002645
2024_12_TEN_HOU,2024,12,HOU,TEN,-5,8.0,8.0,40.5,11.8486701377757,0.017577041466347337,4.041161690628748,0.4835854407442252,0.032829118511549515,0.4835854407442252,0.7265272666826482,2,11.753376993817874,0.01755016650544522,4.042691841625512,0.48345244394103204,0.03309511211793592,0.48345244394103204,0.7268023268558595,13.331967220789778,0.016129047835132568,4.127133419267339,0.4276999423426306,0.026154181897232984,0.5461458757601364,0.6048691671993792,13.018471862547424,0.01608939904955928,4.12959466798801,0.42607217792391644,0.026701394645659425,0.5472264274304242,0.602892618097264,0.08843297735926203,7.105417741912427
2024_13_ARI_MIN,2024,13,MIN,ARI,1,3.5,3.5,45.5,11.8486701377757,0.032037439269238355,3.440850082908622,0.5,0.0,0.5,0.6931471805599453,2,11.86492034593855,0.031995720743024036,3.4421531119051325,0.5,0.0,0.5,0.6931471805599453,13.331967220789778,0.025279063259489226,3.677778764998832,0.4607631335407544,0.0,0.5392368664592456,0.6176003492078959,13.498524673381368,0.02497301740645409,3.689959340723488,0.46058564056274487,0.0,0.5394143594372551,0.6172712475013382,0.24910925781486615,3.0254963138780884
2024_13_CHI_DET,2024,13,DET,CHI,3,9.5,9.5,47.5,11.8486701377757,0.027892772235269092,3.579387683384344,0.5,0.0,0.5,0.6931471805599453,2,11.891674700435884,0.0278241799913872,3.5818498524654863,0.5,0.0,0.5,0.6931471805599453,13.331967220789778,0.07398580592177029,2.6038820160441856,0.44404495386603193,0.0,0.5559550461339681,0.5870678402773121,13.027006509937616,0.0756322450052639,2.5818725654973256,0.44290367273907494,0.0,0.5570963272609251,0.5850171145799974,-0.9975151178870183,3.668757721034681
2024_13_CLE_DEN,2024,13,DEN,CLE,9,6.5,6.5,41.5,11.8486701377757,0.0320374392692383,3.4408500829086237,0.5,0.0,0.5,0.6931471805599453,0,11.77772157491536,0.032220827725825796,3.4351422117487056,0.5,0.0,0.5,0.6931471805599453,13.331967220789778,0.025518554025273338,3.668349482562484,0.46609177904982513,0.0,0.5339082209501749,0.7633727134980464,13.164376615892497,0.02576568747847637,3.658711614907959,0.4655118179384583,0.0,0.5344881820615417,0.7646177949643791,0.21786153199933533,3.3526276728081483
2024_13_HOU_JAX,2024,13,JAX,HOU,-3,-3.5,-3.5,44.5,11.8486701377757,0.032797010694490814,3.417417905108386,0.5,0.0,0.5,0.6931471805599453,0,11.84518884644301,0.032806624560387077,3.417124815680407,0.5,0.0,0.5,0.6931471805599453,13.331967220789778,0.08162546027710028,2.5056140524783133,0.5392368664592457,0.0,0.4607631335407542,0.6176003492078956,13.47928077382639,0.081289998794731,2.5097322860504367,0.5394494611029113,0.0,0.4605505388970888,0.6172061759603332,-0.9076856190579492,2.8038469475787173
2024_13_IND_NE,2024,13,NE,IND,-1,-2.5,-2.5,41.5,11.8486701377757,0.03254147948827224,3.4252397114678437,0.5,0.0,0.5,0.6931471805599453,0,11.785335597762769,0.032713145176844316,3.4199782886808716,0.5,0.0,0.5,0.6931471805599453,13.331967220789778,0.025524196180941722,3.6681284068693216,0.4849629155595684,0.0,0.5150370844404316,0.7236828537318565,13.504991117743272,0.025198378916215017,3.6809756152555666,0.48523065441423985,0.0,0.5147693455857602,0.7231309249832969,0.25573590378772293,2.9383689503768378
2024_13_LAC_ATL,2024,13,ATL,LAC,-4,-1.0,-1.0,47.0,11.8486701377757,0.031696259272921024,3.4515566090707233,0.4835854407442252,0.032829118511549515,0.4835854407442252,0.7265272666826482,2,11.898583092874492,0.03157262829741786,3.455464726870992,0.4836542529512101,0.032691494097579765,0.4836542529512101,0.7263849809440676,13.331967220789778,0.024985584876460125,3.68945622535609,0.47480356975438265,0.025646952640498107,0.49954947760511925,0.6940486315345755,13.744354832607668,0.024320929771609514,3.7164179918744242,0.4756087424413451,0.02492623208424402,0.4994650254744108,0.6942177024152271,0.264861382803701,3.203625231661221
2024_13_LA_NO,2024,13,NO,LA,-7,-2.5,-2.5,48.5,11.8486701377757,0.030344481258990585,3.4951406146174806,0.5,0.0,0.5,0.6931471805599453,2,11.923722252177026,0.030183167864520966,3.500470865461054,0.5,0.0,0.5,0.6931471805599453,13.331967220789778,0.050490440724974925,2.9859712531936777,0.4849629155595684,0.0,0.5150370844404316,0.6635163722887,13.640804855764932,0.04974999747344052,3.000744866162652,0.4854386575237515,0.0,0.5145613424762485,0.6644405034559658,-0.4943957484548287,3.6798692457641358
2024_13_LV_KC,2024,13,KC,LV,2,13.5,13.5,42.0,11.8486701377757,0.020016209776765964,3.911212844858566,0.5,0.0,0.5,0.6931471805599453,2,11.77496573258722,0.02002223855531049,3.910911695396425,0.5,0.0,0.5,0.6931471805599453,13.331967220789778,0.018440553379040516,3.993203051594616,0.45424109422854564,0.0,0.5457589057714544,0.6055779652766992,12.598524615538738,0.018630314727449703,3.98296520092842,0.45356809158996125,0.0,0.5464319084100387,0.6043455749012726,0.07175235606985408,5.955886035865094
2024_13_MIA_GB,2024,13,GB,MIA,13,3.5,3.5,47.5,11.8486701377757,0.02331064107448344,3.758845324189806,0.5,0.0,0.5,0.6931471805599453,0,11.903208100288426,0.02327440483083143,3.760401027323981,0.5,0.0,0.5,0.6931471805599453,13.331967220789778,0.019848162340529097,3.9196438534378006,0.4607631335407544,0.0,0.5392368664592456,0.7748711781379578,13.535853237869036,0.019702201108032318,3.92702491810748,0.4606536123486158,0.0,0.5393463876513842,0.7751089016070459,0.168179593917674,6.115123720099204
2024_13_NYG_DAL,2024,13,DAL,NYG,7,4.5,4.5,39.0,11.8486701377757,0.0320374392692383,3.4408500829086237,0.5,0.0,0.5,0.6931471805599453,0,11.726831837784166,0.03235362878295489,3.4310290917463515,0.5,0.0,0.5,0.6931471805599453,13.331967220789778,0.05282026180163401,2.940860415638611,0.46242542007073373,0.0,0.5375745799292663,0.7712699889335816,13.28051925249938,0.053154102112273935,2.9345599972613154,0.46187861637397587,0.0,0.5381213836260241,0.7724531575425813,-0.5062900856473083,3.1998613520541848
2024_13_PHI_BAL,2024,13,BAL,PHI,-5,3.0,3.0,50.0,11.8486701377757,0.025695751553327817,3.6614296099550705,0.4835854407442252,0.032829118511549515,0.4835854407442252,0.7265272666826482,2,11.9499887037141,0.0255812805840116,3.6658944221606657,0.48372452270516647,0.032550954589667,0.48372452270516647,0.7262397022676107,13.331967220789778,0.021375185840956618,3.8455245698833487,0.4471271539965822,0.08159828121391557,0.4712745647895023,0.7523144147041994,13.623931565180312,0.021098196302035785,3.8585677254698627,0.447477107935657,0.08049500354624653,0.4720278885180965,0.7507172092986566,0.1971381155147922,4.649838236102918
2024_13_PIT_CIN,2024,13,CIN,PIT,-6,3.0,3.0,46.0,11.8486701377757,0.024119994304992065,3.7247141432346202,0.4835854407442252,0.032829118511549515,0.4835854407442252,0.7265272666826482,2,11.875595425932639,0.024098023146223974,3.7256254689775723,0.48362263292121294,0.03275473415757407,0.48362263292121294,0.726450360424277,13.331967220789778,0.020358572127728472,3.8942532210101835,0.4471271539965822,0.08159828121391557,0.4712745647895023,0.7523144147041994,13.551200144800072,0.020183598029223634,3.902884983159587,0.44727509372120955,0.08087924909579892,0.47184565718299154,0.7511033443655819,0.17817083992496663,5.1374929615705565
2024_13_SEA_NYJ,2024,13,NYJ,SEA,-5,1.0,1.0,41.5,11.8486701377757,0.02856467100972304,3.5555846041231103,0.4835854407442252,0.032829118511549515,0.4835854407442252,0.7265272666826482,2,11.78819212518719,0.028670607202024523,3.5518828203078336,0.4835012830572994,0.03299743388540127,0.4835012830572994,0.7267013104060642,13.331967220789778,0.02310813793546607,3.767570431915879,0.49954947760511925,0.025646952640498096,0.47480356975438265,0.7448540978368448,13.634981548411515,0.0227214101364728,3.7844476211893125,0.49948701271757145,0.025102888792833514,0.47541009848959503,0.7435774821916346,0.22886301706620227,3.961684888693912
2024_13_SF_BUF,2024,13,BUF,SF,25,6.5,6.5,45.0,11.8486701377757,0.009896487495683837,4.6155753832132165,0.5,0.0,0.5,0.6931471805599453,0,11.84936051436251,0.009897153038658235,4.6155081350510105,0.5,0.0,0.5,0.6931471805599453,13.331967220789778,0.009912306956513945,4.613978166963498,0.46609177904982513,0.0,0.5339082209501749,0.7633727134980464,13.232982250677699,0.00982678988647008,4.622642961079022,0.46557136712639935,0.0,0.5344286328736007,0.7644898811775608,0.007067577865805141,12.925855657007487
2024_13_TB_CAR,2024,13,CAR,TB,-3,-6.5,-6.5,46.0,11.8486701377757,0.03129856574647327,3.464183005282307,0.5,0.0,0.5,0.6931471805599453,0,11.868881860769097,0.03125035234732709,3.4657246277488234,0.5,0.0,0.5,0.6931471805599453,13.331967220789778,0.0795787923592907,2.5310076492770524,0.5339082209501749,0.0,0.46609177904982513,0.6275313256732568,13.251666747756472,0.08044710054595933,2.5201554466412057,0.5344123209624172,0.0,0.46558767903758286,0.6265876013323335,-0.9440275586411011,2.9972439338173698
2024_13_TEN_WAS,2024,13,WAS,TEN,23,6.0,6.0,45.0,11.8486701377757,0.011733400574857833,4.44531575425087,0.4835854407442252,0.032829118511549515,0.4835854407442252,0.7265272666826482,0,11.850317785616149,0.011734829979043071,4.445193938148567,0.4835877215070525,0.03282455698589498,0.4835877215070525,0.7265225503341881,13.331967220789778,0.011449416594032133,4.469816502766287,0.4521715792058737,0.02593620731418867,0.5218922134799376,0.7936935711667681,13.27530416741172,0.011399017494257518,4.474228112010056,0.45163853340225457,0.02599846601536193,0.5223630005823835,0.7948731239466881,0.02891235775918677,11.637021508273154
2024_14_ATL_MIN,2024,14,MIN,ATL,21,6.0,6.0,46.5,11.8486701377757,0.014502072970313584,4.233463676304009,0.4835854407442252,0.032829118511549515,0.4835854407442252,0.7265272666826482,0,11.879455381529034,0.014521457228170331,4.232127914554394,0.48362795091379746,0.032744098172405034,0.48362795091379746,0.7264393643232181,13.331967220789778,0.01367190033126287,4.29241262318497,0.4521715792058737,0.02593620731418867,0.5218922134799376,0.7936935711667681,13.303277995181027,0.013641544577255318,4.29463539417614,0.4516926054079314,0.02594876301679111,0.5223586315752775,0.7947534070379748,0.06117171787213138,10.047552247468271
2024_14_BUF_LA,2024,14,LA,BUF,2,-3.5,-3.5,49.5,11.8486701377757,0.02919976703604099,3.5335945479575015,0.5,0.0,0.5,0.6931471805599453,0,11.940032529641298,0.029027699963156683,3.5395047337380094,0.5,0.0,0.5,0.6931471805599453,13.331967220789778,0.02358206879362715,3.747268652622719,0.5392368664592457,0.0,0.4607631335407542,0.6176003492078956,13.571738959063905,0.023245136802882045,3.761659338596333,0.5392811890016436,0.0,0.4607188109983564,0.6175181576447625,0.22806479063883156,3.654394158843258
2024_14_CAR_PHI,2024,14,PHI,CAR,6,14.0,14.0,44.5,11.8486701377757,0.025695751553327817,3.6614296099550705,0.4835854407442252,0.032829118511549515,0.4835854407442252,0.7265272666826482,2,11.825111074441933,0.02572233757699713,3.660395498167246,0.4835527595729251,0.03289448085414981,0.4835527595729251,0.7265948499324917,13.331967220789778,0.022471954836996284,3.7954871989278405,0.44209060447543547,0.02703418200427412,0.5308752135202904,0.633228288144327,12.605061182937716,0.023228713434023426,3.7623661175465846,0.4408078010271321,0.028559726532065104,0.5306324724408028,0.6336856396773006,0.10093650759151407,4.259475665565392
2024_14_CHI_SF,2024,14,SF,CHI,25,3.0,3.0,43.5,11.8486701377757,0.0064434084271628445,5.044697619997738,0.4835854407442252,0.032829118511549515,0.4835854407442252,0.7265272666826482,0,11.825998112805545,0.006420961983661488,5.048187330813591,0.48355399243071623,0.0328920151385676,0.48355399243071623,0.7265923003529575,13.331967220789778,0.006692680433243632,5.006740822418644,0.4471271539965822,0.08159828121391557,0.4712745647895023,0.8049122639774169,13.502674630492242,0.006824698106954667,4.987207172302676,0.447139555630397,0.0811377371902361,0.47172270717936693,0.8048845281047022,-0.05749044769506195,15.656824857917847
2024_14_CIN_DAL,2024,14,DAL,CIN,-7,-5.0,-5.0,51.0,11.8486701377757,0.03231981746868923,3.43207469297238,0.4835854407442252,0.032829118511549515,0.4835854407442252,0.7265272666826482,2,11.963858477026111,0.03201841255641236,3.4414441492692522,0.48374337887781554,0.032513242244368856,0.48374337887781554,0.7262007218060974,13.331967220789778,0.0532465777568771,2.9328217439343316,0.5237727461952568,0.025847339930724206,0.450379913874019,0.7976637993455479,13.468137820289579,0.05293137339072368,2.938759046146322,0.5241826912606437,0.02557304561227343,0.4502442631270828,0.7979650365351015,-0.493315646826058,3.1601688343159378
2024_14_CLE_PIT,2024,14,PIT,CLE,13,6.0,6.0,43.0,11.8486701377757,0.02718798874540196,3.604979993452445,0.4835854407442252,0.032829118511549515,0.4835854407442252,0.7265272666826482,0,11.810037343566476,0.02724378702731689,3.602929782866152,0.4835317809346142,0.03293643813077157,0.4835317809346142,0.7266382352570119,13.331967220789778,0.022509316737583024,3.7938259782521664,0.4521715792058737,0.02593620731418867,0.5218922134799376,0.7936935711667681,13.236616355363292,0.022577223728908004,3.7908136804812123,0.45156368395541574,0.026067535828885696,0.5223687802156985,0.7950388663365354,0.18583368702876735,4.985676765582187
2024_14_GB_DET,2024,14,DET,GB,3,3.0,3.0,53.0,11.8486701377757,0.032829118511549515,3.4164393979189773,0.4835854407442252,0.032829118511549515,0.4835854407442252,3.4164393979189773,1,12.002252822314167,0.03240930098220879,3.429309830027679,0.48379534950889563,0.03240930098220879,0.48379534950889563,3.429309830027679,13.331967220789778,0.08159828121391557,2.5059470807888715,0.4471271539965822,0.08159828121391557,0.4712745647895023,2.5059470807888715,13.674989475168921,0.080227514819277,2.5228887454002185,0.44761811550481684,0.080227514819277,0.4721543696759062,2.5228887454002185,-0.8935506525187589,2.848474003706217
2024_14_JAX_TEN,2024,14,TEN,JAX,-4,3.0,3.0,40.0,11.8486701377757,0.02718798874540196,3.604979993452445,0.4835854407442252,0.032829118511549515,0.4835854407442252,0.7265272666826482,2,11.751936746829891,0.027327866476808238,3.5998483473360903,0.48345041731710275,0.033099165365794436,0.48345041731710275,0.7268065188466178,13.331967220789778,0.02231711866197977,3.8024012420073503,0.4471271539965822,0.08159828121391557,0.4712745647895023,0.7523144147041994,13.430159557184872,0.022182825205775903,3.808436928896747,0.44693587479011343,0.08152722663527256,0.471536898574614,0.7517579221241332,0.2034569354443021,4.177822465620329
2024_14_LAC_KC,2024,14,KC,LAC,2,5.0,5.0,43.5,11.8486701377757,0.031696259272921024,3.4515566090707233,0.4835854407442252,0.032829118511549515,0.4835854407442252,0.7265272666826482,2,11.822177348979228,0.03176225720752346,3.449476574362757,0.4835486807932311,0.0329026384135378,0.4835486807932311,0.7266032849932283,13.331967220789778,0.025180804703091766,3.6816732928506983,0.450379913874019,0.025847339930724203,0.5237727461952568,0.6466973791990721,13.331309173439452,0.025143838608711895,3.6831423981873983,0.4499381016080207,0.02580946182242127,0.524252436569558,0.6457819614864296,0.23158578911667504,3.002097898368163
2024_14_LV_TB,2024,14,TB,LV,15,7.0,7.0,47.0,11.8486701377757,0.025695751553327817,3.6614296099550705,0.4835854407442252,0.032829118511549515,0.4835854407442252,0.7265272666826482,0,11.887054174339873,0.02565240903396515,3.663117792322682,0.48363840994796076,0.03272318010407854,0.48363840994796076,0.726417738358361,13.331967220789778,0.02164460566527071,3.8329990165368595,0.42581417022245094,0.05426790299838577,0.5199179267791633,0.8537522480195396,13.227670005933103,0.02170685655745133,3.8301270979543918,0.42483080962065045,0.05482848774549865,0.5203407026338509,0.8560642843288093,0.16869748799932127,5.548476098126263
2024_14_NO_NYG,2024,14,NYG,NO,-3,-5.5,-5.5,41.0,11.8486701377757,0.0320374392692383,3.4408500829086237,0.5,0.0,0.5,0.6931471805599453,0,11.76893562182113,0.03224367973339903,3.4344332322053526,0.5,0.0,0.5,0.6931471805599453,13.331967220789778,0.08067689183468679,2.5173030912454712,0.5357906941210411,0.0,0.464209305878959,0.6240116902176029,13.238410811169196,0.0816378569058718,2.505462191925566,0.5363553240167902,0.0,0.46364467598320974,0.6229584196026007,-0.9353878909830575,2.863300435961733
2024_14_NYJ_MIA,2024,14,MIA,NYJ,6,6.5,6.5,45.0,11.8486701377757,0.03279701069449087,3.417417905108384,0.5,0.0,0.5,0.6931471805599453,2,11.84936051436251,0.03279510483262554,3.4174760176376275,0.5,0.0,0.5,0.6931471805599453,13.331967220789778,0.02596701309139285,3.650928273730591,0.46609177904982513,0.0,0.5339082209501749,0.6275313256732568,13.232982250677699,0.026106122345707007,3.6455854195288953,0.46557136712639935,0.0,0.5344286328736007,0.626557078715987,0.22816751442051109,2.8884160746055625
2024_14_SEA_ARI,2024,14,ARI,SEA,-12,3.0,3.0,45.5,11.8486701377757,0.014502072970313556,4.2334636763040105,0.4835854407442252,0.032829118511549515,0.4835854407442252,0.7265272666826482,2,11.86587887422032,0.014512943065230835,4.232714402520222,0.4836092307944716,0.0327815384110568,0.4836092307944716,0.7264780727593333,13.331967220789778,0.013555161428694621,4.300987886940148,0.4471271539965822,0.08159828121391557,0.4712745647895023,0.7523144147041994,13.541695851762546,0.013607259521326635,4.297151840321605,0.4472485948280009,0.08092974236417912,0.47182166280782,0.7511541978277468,0.06368816401759414,9.085651434818256
2024_15_ATL_LV,2024,15,LV,ATL,-6,-6.5,-6.5,44.5,11.8486701377757,0.032797010694490814,3.417417905108386,0.5,0.0,0.5,0.6931471805599453,0,11.839448864123908,0.03282248828068357,3.4166413802073765,0.5,0.0,0.5,0.6931471805599453,13.331967220789778,0.025967013091392897,3.650928273730589,0.5339082209501749,0.0,0.46609177904982513,0.6275313256732568,13.223493814552796,0.026123206723046362,3.6449312132331877,0.5344369012420851,0.0,0.46556309875791496,0.6265416074182031,0.22751330812480175,2.886408125377633
2024_15_BAL_NYG,2024,15,NYG,BAL,-21,-16.5,-16.5,43.5,11.8486701377757,0.030344481258990585,3.4951406146174806,0.5,0.0,0.5,0.6931471805599453,2,11.8002319001701,0.03044939618554665,3.4916891147257436,0.5,0.0,0.5,0.6931471805599453,13.331967220789778,0.025878823871689816,3.6543302558345934,0.53748630041701,0.0,0.46251369958299005,0.7710791017483636,12.387325156946856,0.027618296294244404,3.5892768166745337,0.5370826639774271,0.0,0.4629173360225729,0.7702067807440995,0.09413620205705309,4.0612699262257435
2024_15_BUF_DET,2024,15,DET,BUF,-6,2.5,2.5,55.5,11.8486701377757,0.024916325523290594,3.692232046846131,0.5,0.0,0.5,0.6931471805599453,2,12.044728941326538,0.024724843670539204,3.6999467242217947,0.5,0.0,0.5,0.6931471805599453,13.331967220789778,0.020856415458103652,3.8700936822336716,0.5150370844404317,0.0,0.48496291555956833,0.7236828537318566,13.759377289883924,0.02050662534870042,3.887007257310199,0.5143843794525844,0.0,0.4856156205474155,0.7223378722348226,0.19477521046406787,4.942563840205056
2024_15_CHI_MIN,2024,15,MIN,CHI,18,7.0,7.0,43.5,11.8486701377757,0.020841445741868303,3.8708116910930075,0.4835854407442252,0.032829118511549515,0.4835854407442252,0.7265272666826482,0,11.818357819571858,0.020848157104469967,3.870489722918622,0.48354336744247606,0.032913265115047885,0.48354336744247606,0.7266142732973195,13.331967220789778,0.018393035057556923,3.995783215508167,0.42581417022245094,0.05426790299838577,0.5199179267791633,0.8537522480195396,13.1621185536448,0.01841915619967074,3.994364058125478,0.4245942364857828,0.055079182450647725,0.5203265810635694,0.8566213037905472,0.1235523670324703,7.291797913652565
2024_15_CIN_TEN,2024,15,TEN,CIN,-10,-6.0,-6.0,46.5,11.8486701377757,0.030846991595668505,3.478716050544081,0.4835854407442252,0.032829118511549515,0.4835854407442252,0.7265272666826482,2,11.879455381529034,0.03077696049760964,3.4809889047128775,0.48362795091379746,0.032744098172405034,0.48362795091379746,0.7264393643232181,13.331967220789778,0.02475988068846304,3.6985306498985535,0.5218922134799377,0.025936207314188674,0.45217157920587364,0.7936935711667682,13.303277995181027,0.02476691298272623,3.6982466705092505,0.5223586315752776,0.025948763016791103,0.4516926054079314,0.7947534070379748,0.21953061996516965,3.779520912291366
2024_15_DAL_CAR,2024,15,CAR,DAL,-16,2.5,2.5,42.0,11.8486701377757,0.009896487495683767,4.615575383213224,0.5,0.0,0.5,0.6931471805599453,2,11.795911239449943,0.009845299718582862,4.620761123618252,0.5,0.0,0.5,0.6931471805599453,13.331967220789778,0.009800037597341589,4.625369056849543,0.5150370844404317,0.0,0.48496291555956833,0.7236828537318566,13.515378142124478,0.009913412504824455,4.61386664028586,0.5147532326595621,0.0,0.4852467673404379,0.7230977187987152,-0.0017087429273638932,11.968055435531621
2024_15_GB_SEA,2024,15,SEA,GB,-17,-3.0,-3.0,48.0,11.8486701377757,0.016007187932822395,4.134717411821639,0.4835854407442252,0.032829118511549515,0.4835854407442252,0.7265272666826482,2,11.913509171421875,0.01603692157931133,4.132861616452373,0.4836747188178285,0.032650562364342994,0.4836747188178285,0.7263426667630213,13.331967220789778,0.014699687809557237,4.21992902286805,0.47127456478950225,0.08159828121391557,0.44712715399658215,0.804912263977417,13.588275048966203,0.014729546913543426,4.217899808414256,0.4719388546360044,0.08068290525501584,0.44737824010897975,0.8043508674321381,0.08318239659261639,9.02314833607091
2024_15_IND_DEN,2024,15,DEN,IND,18,4.5,4.5,43.5,11.8486701377757,0.016784961728870673,4.087271928631935,0.5,0.0,0.5,0.6931471805599453,0,11.823132424193446,0.016775356445499767,4.087844347736145,0.5,0.0,0.5,0.6931471805599453,13.331967220789778,0.015333543742898895,4.177712448892331,0.46242542007073373,0.0,0.5375745799292663,0.7712699889335816,13.373945560771181,0.015316058243066453,4.178853442614692,0.4620218894616892,0.0,0.5379781105383108,0.7721430092355788,0.09158151398275649,8.815822879634467
2024_15_KC_CLE,2024,15,CLE,KC,-14,-4.5,-4.5,41.5,11.8486701377757,0.023310641074483524,3.7588453241898026,0.5,0.0,0.5,0.6931471805599453,2,11.781527971251798,0.02335470935200401,3.7569566298923145,0.5,0.0,0.5,0.6931471805599453,13.331967220789778,0.01989935015340282,3.9170682033927946,0.5375745799292662,0.0,0.46242542007073384,0.7712699889335813,13.33359626163382,0.01986805756530256,3.9186419843533424,0.5380399481457887,0.0,0.46196005185421124,0.7722768594869857,0.15979666016353988,6.199399764267162
2024_15_LA_SF,2024,15,SF,LA,-6,3.0,3.0,48.5,11.8486701377757,0.024119994304992065,3.7247141432346202,0.4835854407442252,0.032829118511549515,0.4835854407442252,0.7265272666826482,2,11.922759051294573,0.024059370223777465,3.727230744016026,0.48368737608198675,0.032625247836026494,0.48368737608198675,0.7263164981458597,13.331967220789778,0.020358572127728472,3.8942532210101835,0.4471271539965822,0.08159828121391557,0.4712745647895023,0.7523144147041994,13.597317716034613,0.020153285944659878,3.9043879297079243,0.44740334427286976,0.08063516639069923,0.471961489336431,0.7508578871141759,0.179673786473304,5.140246993598492
2024_15_MIA_HOU,2024,15,HOU,MIA,8,2.5,2.5,46.5,11.8486701377757,0.02919976703604099,3.5335945479575015,0.5,0.0,0.5,0.6931471805599453,0,11.886174927544143,0.02912894321328041,3.5360229869633946,0.5,0.0,0.5,0.6931471805599453,13.331967220789778,0.023535855372916085,3.749230260072421,0.5150370844404317,0.0,0.48496291555956833,0.6635163722886998,13.603977984515318,0.023161439888210955,3.7652664568709127,0.5146171756193547,0.0,0.4853828243806453,0.6643320030506829,0.23167190891341116,4.053716192890173
2024_15_NE_ARI,2024,15,ARI,NE,13,6.0,6.0,46.5,11.8486701377757,0.02718798874540196,3.604979993452445,0.4835854407442252,0.032829118511549515,0.4835854407442252,0.7265272666826482,0,11.879455381529034,0.02714358860238375,3.6066144077311937,0.48362795091379746,0.032744098172405034,0.48362795091379746,0.7264393643232181,13.331967220789778,0.022509316737583024,3.7938259782521664,0.4521715792058737,0.02593620731418867,0.5218922134799376,0.7936935711667681,13.303277995181027,0.02250650842327379,3.7939507483436996,0.4516926054079314,0.02594876301679111,0.5223586315752775,0.7947534070379748,0.1889707548912547,4.991756816854523
2024_15_NYJ_JAX,2024,15,JAX,NYJ,-7,-3.5,-3.5,41.5,11.8486701377757,0.03129856574647316,3.4641830052823104,0.5,0.0,0.5,0.6931471805599453,2,11.783431630710625,0.031455142150520365,3.459192806799465,0.5,0.0,0.5,0.6931471805599453,13.331967220789778,0.05177552477405799,2.960837736086804,0.5392368664592457,0.0,0.4607631335407542,0.7748711781379581,13.41902004920403,0.05165140023402439,2.9632379737350854,0.5395596441660362,0.0,0.46044035583396387,0.7755719521226914,-0.500945031547225,3.4126268444621086
2024_15_PIT_PHI,2024,15,PHI,PIT,14,5.5,5.5,43.0,11.8486701377757,0.024916325523290705,3.6922320468461267,0.5,0.0,0.5,0.6931471805599453,0,11.810991438029191,0.024952868950283924,3.6907664754078895,0.5,0.0,0.5,0.6931471805599453,13.331967220789778,0.02101749895407658,3.86239990471923,0.4642093058789589,0.0,0.5357906941210411,0.7674197382101285,13.278949894743894,0.02102709120345006,3.8619436153605293,0.46369368099520025,0.0,0.5363063190047997,0.7685311150331925,0.1697115685144026,5.715239267784646
2024_15_TB_LAC,2024,15,LAC,TB,-23,3.0,3.0,46.0,11.8486701377757,0.0037829484936015775,5.577251548649527,0.4835854407442252,0.032829118511549515,0.4835854407442252,0.7265272666826482,2,11.875595425932639,0.00380505905461408,5.571423767522414,0.48362263292121294,0.03275473415757407,0.48362263292121294,0.726450360424277,13.331967220789778,0.004046300958499684,5.5099521587964055,0.4471271539965822,0.08159828121391557,0.4712745647895023,0.7523144147041994,13.551200144800072,0.004211247633045268,5.4699963252988155,0.44727509372120955,0.08087924909579892,0.47184565718299154,0.7511033443655819,-0.10725522335071158,18.64659782632362
2024_15_WAS_NO,2024,15,NO,WAS,-1,-7.5,-7.5,44.5,11.8486701377757,0.027892772235269092,3.579387683384344,0.5,0.0,0.5,0.6931471805599453,0,11.837536154861969,0.027910561863606742,3.5787501003715163,0.5,0.0,0.5,0.6931471805599453,13.331967220789778,0.023091819282941215,3.7682768677736598,0.5602200638377623,0.0,0.43977993616223765,0.5794256013070164,13.139314722308477,0.023287369563289417,3.759844144217109,0.5613272832607894,0.0,0.43867271673921066,0.577451150945032,0.18045646083276523,3.8117328642639263
2024_16_ARI_CAR,2024,16,CAR,ARI,6,-5.5,-5.5,47.0,11.8486701377757,0.02001620977676588,3.9112128448585706,0.5,0.0,0.5,0.6931471805599453,0,11.889935356293744,0.020012266701311177,3.911409858375666,0.5,0.0,0.5,0.6931471805599453,13.331967220789778,0.017713204596031526,4.0334448951640605,0.5357906941210411,0.0,0.464209305878959,0.6240116902176029,13.354991120461603,0.017681988931743633,4.03520873196051,0.5362142293300615,0.0,0.46378577066993854,0.6232215161768085,0.12399588710193932,6.334359948166256
2024_16_CLE_CIN,2024,16,CIN,CLE,18,10.0,10.0,46.5,11.8486701377757,0.025695751553327817,3.6614296099550705,0.4835854407442252,0.032829118511549515,0.4835854407442252,0.7265272666826482,0,11.871780551742523,0.025669659525418553,3.662445547707947,0.4836173736443282,0.03276525271134356,0.4836173736443282,0.7264612352368345,13.331967220789778,0.021959433843537733,3.8185584439328157,0.43200778268943685,0.026417609662496407,0.5415746076480668,0.8393116754154961,12.967750976480689,0.02228227550263014,3.8039637370632176,0.43050154824784487,0.02708776492575634,0.5424106868263988,0.8428043587262892,0.14253412710814706,5.658882709980974
2024_16_DEN_LAC,2024,16,LAC,DEN,7,3.0,3.0,41.5,11.8486701377757,0.030846991595668616,3.4787160505440773,0.4835854407442252,0.032829118511549515,0.4835854407442252,0.7265272666826482,0,11.784383575784423,0.030994171990372354,3.4739560924818336,0.48349595441848964,0.03300809116302078,0.48349595441848964,0.726712331407166,13.331967220789778,0.05116174396837484,2.9727632143385225,0.4471271539965822,0.08159828121391557,0.4712745647895023,0.8049122639774169,13.461936954737208,0.05091658097854552,2.9775666525090476,0.44702529957393383,0.08135606857875273,0.47161863184731345,0.805140087370804,-0.5011493980350297,3.5302187801735627
2024_16_DET_CHI,2024,16,CHI,DET,-17,-7.0,-7.0,47.5,11.8486701377757,0.02249203760487925,3.7945939166311513,0.4835854407442252,0.032829118511549515,0.4835854407442252,0.7265272666826482,2,11.896478925003283,0.022467440448864423,3.795688108980961,0.4836513636989421,0.032697272602115746,0.4836513636989421,0.7263909547587922,13.331967220789778,0.019525995323893076,3.936008607659733,0.5199179267791635,0.05426790299838577,0.42581417022245077,0.8537522480195401,13.2366590662164,0.019546239041051905,3.9349723874742613,0.5203425437534688,0.054794297540555335,0.42486315870597596,0.8559881414196043,0.14037847084310995,6.669524814442106
2024_16_HOU_KC,2024,16,KC,HOU,8,3.5,3.5,42.5,11.8486701377757,0.030344481258990585,3.4951406146174806,0.5,0.0,0.5,0.6931471805599453,0,11.804463679543982,0.030440205060483505,3.491991009464578,0.5,0.0,0.5,0.6931471805599453,13.331967220789778,0.024273929975407033,3.718352345059192,0.4607631335407544,0.0,0.5392368664592456,0.7748711781379578,13.439547506954407,0.024085664197154733,3.726138462068043,0.4604779341082681,0.0,0.5395220658917319,0.7754903416807325,0.2309978474505625,3.7502900963590413
2024_16_JAX_LV,2024,16,LV,JAX,5,2.5,2.5,41.5,11.8486701377757,0.0320374392692383,3.4408500829086237,0.5,0.0,0.5,0.6931471805599453,0,11.785335597762769,0.03220104930703005,3.4357562397878785,0.5,0.0,0.5,0.6931471805599453,13.331967220789778,0.02522952426459378,3.6797403724485322,0.5150370844404317,0.0,0.48496291555956833,0.6635163722886998,13.504991117743272,0.02491482360363636,3.692292327200127,0.5147693455857602,0.0,0.48523065441423985,0.6640363512923215,0.2514422442915034,3.1439132411436996
2024_16_LA_NYJ,2024,16,NYJ,LA,-10,-3.0,-3.0,47.0,11.8486701377757,0.02718798874540196,3.604979993452445,0.4835854407442252,0.032829118511549515,0.4835854407442252,0.7265272666826482,2,11.894738878167868,0.027121567259333235,3.607426027781285,0.4836489736531891,0.032702052693621864,0.4836489736531891,0.726395896441661,13.331967220789778,0.02231711866197977,3.8024012420073503,0.47127456478950225,0.08159828121391557,0.44712715399658215,0.804912263977417,13.569922158175396,0.022042190147254028,3.814796928161935,0.47189279947924967,0.0807799760008655,0.4473272245198848,0.8044649062776958,0.20981693470949025,4.756917003011933
2024_16_MIN_SEA,2024,16,SEA,MIN,-3,-2.5,-2.5,43.0,11.8486701377757,0.03279701069449087,3.417417905108384,0.5,0.0,0.5,0.6931471805599453,2,11.816717623665314,0.03288546189993591,3.414724606411823,0.5,0.0,0.5,0.6931471805599453,13.331967220789778,0.08146550010695854,2.507575659928017,0.4849629155595684,0.0,0.5150370844404316,0.6635163722887,13.535809561603262,0.08083289336626844,2.515371300179046,0.48527836167871297,0.0,0.514721638321287,0.664129032559575,-0.9020466049293381,2.8350106657369003
2024_16_NE_BUF,2024,16,BUF,NE,3,14.0,14.0,48.0,11.8486701377757,0.020841445741868303,3.8708116910930075,0.4835854407442252,0.032829118511549515,0.4835854407442252,0.7265272666826482,2,11.892354850823514,0.02083142402155913,3.8712926620728925,0.4836456979319018,0.03270860413619636,0.4836456979319018,0.7264026693959293,13.331967220789778,0.060595909134883746,2.8035278942105233,0.44209060447543547,0.02703418200427412,0.5308752135202904,0.633228288144327,12.66647635655438,0.061835279981229035,2.7832812039220993,0.4408747459457119,0.02842117979083907,0.530704074263449,0.6335507120278624,-1.0875304871709082,5.629581599846529
2024_16_NO_GB,2024,16,GB,NO,34,14.0,14.0,44.0,11.8486701377757,0.00827547195319811,4.794459325726258,0.4835854407442252,0.032829118511549515,0.4835854407442252,0.7265272666826482,0,11.815107986235773,0.008241676368530015,4.798551512969665,0.4835388438941264,0.03292231221174724,0.4835388438941264,0.7266236283413824,13.331967220789778,0.008814920697625557,4.731309459471629,0.44209060447543547,0.02703418200427412,0.5308752135202904,0.8162404304105207,12.595920892963752,0.008187717621351806,4.80512009866691,0.44079789070919134,0.02858046873028238,0.5306216405605263,0.819168806297369,0.010660772940651597,14.448834564142876
2024_16_NYG_ATL,2024,16,ATL,NYG,27,9.5,9.5,42.5,11.8486701377757,0.011097350351339408,4.50104890624546,0.5,0.0,0.5,0.6931471805599453,0,11.793025956325675,0.011046490150226185,4.5056425349382625,0.5,0.0,0.5,0.6931471805599453,13.331967220789778,0.011091995444824159,4.501531561900872,0.44404495386603193,0.0,0.5559550461339681,0.8118294742290711,12.934321153386966,0.010816917917671249,4.5266438966338995,0.44273334939571896,0.0,0.557266650604281,0.8147876102635883,0.025594990388439598,12.260656384577548
2024_16_PHI_WAS,2024,16,WAS,PHI,3,-4.0,-4.0,47.0,11.8486701377757,0.02718798874540196,3.604979993452445,0.4835854407442252,0.032829118511549515,0.4835854407442252,0.7265272666826482,0,11.892817236587955,0.027124335286558332,3.6073239729864497,0.4836463333656328,0.03270733326873443,0.4836463333656328,0.7264013555554129,13.331967220789778,0.07097799119035135,2.6453854332300435,0.5255357054139151,0.02577324657841116,0.4486910480076737,0.643337145371207,13.483537746829874,0.07088701477486636,2.6466680106681846,0.5259052623249133,0.02547463549009742,0.44862010218498927,0.6426341921145715,-0.9583119827842603,4.094995590879393
2024_16_PIT_BAL,2024,16,BAL,PIT,17,7.0,7.0,44.5,11.8486701377757,0.022492037604879167,3.7945939166311553,0.4835854407442252,0.032829118511549515,0.4835854407442252,0.7265272666826482,0,11.838492470864109,0.02249722595195347,3.794363268397016,0.4835713382108649,0.03285732357827026,0.4835713382108649,0.7265564295519331,13.331967220789778,0.019525995323893125,3.9360086076597307,0.42581417022245094,0.05426790299838577,0.5199179267791633,0.8537522480195396,13.181337070187862,0.019573905002449526,3.933557977242073,0.424663718143737,0.05500543297805887,0.5203308488782041,0.856457674688858,0.1389640606109177,6.669413344401356
2024_16_SF_MIA,2024,16,MIA,SF,12,-2.0,-2.0,44.0,11.8486701377757,0.016007187932822298,4.1347174118216445,0.4835854407442252,0.032829118511549515,0.4835854407442252,0.7265272666826482,0,11.838037380044831,0.0160021942485441,4.135029425611253,0.48357070705518257,0.03285858588963486,0.48357070705518257,0.7265577347494176,13.331967220789778,0.014675533420941276,4.221573564971768,0.47298834354243047,0.025672494154644766,0.5013391623029247,0.7486845344673729,13.599155441221802,0.014708192024061238,4.219350659872202,0.47360800186815843,0.02518546575612435,0.5012065323757172,0.747375299718591,0.08463324805055716,8.459930785502916
2024_16_TB_DAL,2024,16,DAL,TB,2,-4.5,-4.5,47.5,11.8486701377757,0.027892772235269092,3.579387683384344,0.5,0.0,0.5,0.6931471805599453,0,11.901285090472555,0.027808877487368155,3.582399975183829,0.5,0.0,0.5,0.6931471805599453,13.331967220789778,0.022838179901823356,3.7793215864316942,0.5375745799292662,0.0,0.46242542007073384,0.6206877752489016,13.449685704969207,0.022672140103817327,3.7866184164561645,0.5378622041686534,0.0,0.4621377958313467,0.6201528777068089,0.2072307330718206,3.9296227323580117
2024_16_TEN_IND,2024,16,IND,TEN,8,4.0,4.0,42.5,11.8486701377757,0.030846991595668616,3.4787160505440773,0.4835854407442252,0.032829118511549515,0.4835854407442252,0.7265272666826482,0,11.80351011239502,0.030950249511589645,3.4753742181202267,0.48352268015070365,0.03295463969859269,0.48352268015070365,0.7266570569144821,13.331967220789778,0.02460431097366711,3.704833608565055,0.4486910480076738,0.025773246578411166,0.525535705413915,0.8014207171515874,13.396701979397413,0.024471135408193064,3.710261002596114,0.44840026139667094,0.02562229869594928,0.5259774399073798,0.802069004830085,0.23154495205203673,3.6190106776945705
2024_17_ARI_LA,2024,17,LA,ARI,4,6.5,6.5,48.0,11.8486701377757,0.032037439269238355,3.440850082908622,0.5,0.0,0.5,0.6931471805599453,2,11.906774172688747,0.03188875568885102,3.4455018175721306,0.5,0.0,0.5,0.6931471805599453,13.331967220789778,0.02551855402527329,3.6683494825624856,0.46609177904982513,0.0,0.5339082209501749,0.6275313256732568,13.28792215461821,0.025555546427621655,3.666900904575247,0.4656194425847001,0.0,0.5343805574152999,0.6266470395036935,0.22605082166662527,2.918262844551048
2024_17_ATL_WAS,2024,17,WAS,ATL,6,3.5,3.5,46.5,11.8486701377757,0.0320374392692383,3.4408500829086237,0.5,0.0,0.5,0.6931471805599453,0,11.884254669503944,0.031946221830514876,3.443701357717024,0.5,0.0,0.5,0.6931471805599453,13.331967220789778,0.025279063259489275,3.6777787649988296,0.4607631335407544,0.0,0.5392368664592456,0.7748711781379578,13.517376778078646,0.024943180834376785,3.6911548073929143,0.46061998778215507,0.0,0.5393800122178449,0.775181897439057,0.25030472448429064,3.2000653426161243
2024_17_BAL_HOU,2024,17,HOU,BAL,-29,-5.5,-5.5,46.5,11.8486701377757,0.005300470365064987,5.239959714236473,0.5,0.0,0.5,0.6931471805599453,2,11.880415084049005,0.005330298851576924,5.234347972661987,0.5,0.0,0.5,0.6931471805599453,13.331967220789778,0.005624063109607639,5.180700903056001,0.5357906941210411,0.0,0.464209305878959,0.7674197382101284,13.345824732789834,0.005627344978860113,5.18011753263343,0.5362253414032148,0.0,0.4637746585967852,0.768356494297726,-0.05984218160304344,17.278685318877585
2024_17_CAR_TB,2024,17,TB,CAR,34,9.5,9.5,47.5,11.8486701377757,0.004639017420445146,5.373252698003986,0.5,0.0,0.5,0.6931471805599453,0,11.891674700435884,0.004677563414738906,5.364977942507843,0.5,0.0,0.5,0.6931471805599453,13.331967220789778,0.005046634975252359,5.289033599333245,0.44404495386603193,0.0,0.5559550461339681,0.8118294742290711,13.027006509937616,0.004783788712256351,5.342522428807385,0.44290367273907494,0.0,0.5570963272609251,0.8144029756080828,-0.030730269196601157,18.486112417541374
2024_17_DAL_PHI,2024,17,PHI,DAL,34,7.5,7.5,37.5,11.8486701377757,0.0035308512274635495,5.646216296182213,0.5,0.0,0.5,0.6931471805599453,0,11.686769733045697,0.0034021348250359296,5.683352154683844,0.5,0.0,0.5,0.6931471805599453,13.331967220789778,0.003837939213525315,5.562819719582158,0.43977993616223765,0.0,0.5602200638377623,0.8214808222699258,12.995741737374464,0.0035713192617786763,5.6348202103396146,0.43830641121060565,0.0,0.5616935887893943,0.8248370442160177,-0.011396085842598325,20.347812781283373
2024_17_DEN_CIN,2024,17,CIN,DEN,6,3.5,3.5,50.5,11.8486701377757,0.0320374392692383,3.4408500829086237,0.5,0.0,0.5,0.6931471805599453,0,11.957931439097793,0.03175895450984689,3.4495805616007287,0.5,0.0,0.5,0.6931471805599453,13.331967220789778,0.025279063259489275,3.6777787649988296,0.4607631335407544,0.0,0.5392368664592456,0.7748711781379578,13.58917588746871,0.02483020492100808,3.695694426535663,0.4607504394344528,0.0,0.5392495605655472,0.7748987286953769,0.2548443436270391,3.2136663559077845
2024_17_DET_SF,2024,17,SF,DET,-6,-4.0,-4.0,50.5,11.8486701377757,0.03231981746868923,3.43207469297238,0.4835854407442252,0.032829118511549515,0.4835854407442252,0.7265272666826482,2,11.956965474789763,0.032036293445555364,3.4408858486939,0.4837340131967231,0.032531973606553743,0.4837340131967231,0.7262200828395841,13.331967220789778,0.02547557483945528,3.6700351352817964,0.5255357054139151,0.02577324657841116,0.4486910480076737,0.8014207171515876,13.545853341850108,0.025085864964341283,3.685450740303283,0.5258532755048448,0.02536975596731183,0.4487769685278433,0.8012292439874211,0.253376047330903,3.133643118019709
2024_17_GB_MIN,2024,17,MIN,GB,2,-1.0,-1.0,49.0,11.8486701377757,0.03169625927292097,3.451556609070725,0.4835854407442252,0.032829118511549515,0.4835854407442252,0.7265272666826482,0,11.935777362082034,0.03148109939392718,3.45836793247454,0.48370515675375353,0.032589686492492886,0.48370515675375353,0.7262797381520304,13.331967220789778,0.024985584876460125,3.68945622535609,0.47480356975438265,0.025646952640498107,0.49954947760511925,0.7448540978368448,13.781173510046662,0.02426664642017394,3.718652446781446,0.4756748475958458,0.024867339547622117,0.4994578128565321,0.743020751451276,0.2670958377107211,3.1640906858889624
2024_17_IND_NYG,2024,17,NYG,IND,12,-7.5,-7.5,40.5,11.8486701377757,0.008791813198935072,4.733934308815463,0.5,0.0,0.5,0.6931471805599453,0,11.754326510875417,0.008696931393386897,4.744785028943407,0.5,0.0,0.5,0.6931471805599453,13.331967220789778,0.008976063879352522,4.7131938135434615,0.5602200638377623,0.0,0.43977993616223765,0.5794256013070164,13.060107729031163,0.00874842090150683,4.738882063298214,0.5615290932542831,0.0,0.4384709067457168,0.5770916926921553,0.004947754482751421,12.302340341201173
2024_17_KC_PIT,2024,17,PIT,KC,-19,-3.0,-3.0,43.5,11.8486701377757,0.013074418026684825,4.337097780409161,0.4835854407442252,0.032829118511549515,0.4835854407442252,0.7265272666826482,2,11.825998112805545,0.01305695533602512,4.338434311254043,0.48355399243071623,0.0328920151385676,0.48355399243071623,0.7265923003529575,13.331967220789778,0.012435857553738987,4.387171241198369,0.47127456478950225,0.08159828121391557,0.44712715399658215,0.804912263977417,13.502674630492242,0.01249762717451043,4.38221647873229,0.47172270717936715,0.08113773719023609,0.44713955563039676,0.8048845281047027,0.04511869832312865,10.555656261612992
2024_17_LAC_NE,2024,17,NE,LAC,-33,-6.0,-6.0,42.0,11.8486701377757,0.0032941181488942255,5.7156167799603255,0.4835854407442252,0.032829118511549515,0.4835854407442252,0.7265272666826482,2,11.789242721710062,0.0032485579174520544,5.7295440988193835,0.4835027523684932,0.03299449526301362,0.4835027523684932,0.7266982715124505,13.331967220789778,0.003561915607778075,5.637456786765331,0.5218922134799377,0.025936207314188674,0.45217157920587364,0.7936935711667682,13.216636548466235,0.0034698349845515082,5.66364824103843,0.5223716441541142,0.02610335723554059,0.45152499861034523,0.7951245397501016,-0.051968538921895124,20.65698225305092
2024_17_LV_NO,2024,17,NO,LV,-15,-2.0,-2.0,37.5,11.8486701377757,0.017577041466347337,4.041161690628748,0.4835854407442252,0.032829118511549515,0.4835854407442252,0.7265272666826482,2,11.697159425927026,0.01753307724842379,4.043666053616452,0.48337296807807406,0.03325406384385188,0.48337296807807406,0.7269667326775291,13.331967220789778,0.01583199535334095,4.145722364179834,0.47298834354243047,0.025672494154644766,0.5013391623029247,0.6904724362740284,13.460318248803688,0.01581564416823963,4.1467556915814,0.47330105881875806,0.025415404811157755,0.5012835363700842,0.6905833971229526,0.10559400095265215,8.220185223130137
2024_17_MIA_CLE,2024,17,CLE,MIA,-17,-3.0,-3.0,32.5,11.8486701377757,0.016007187932822395,4.134717411821639,0.4835854407442252,0.032829118511549515,0.4835854407442252,0.7265272666826482,2,11.570594952378011,0.015865323626842967,4.143619455362534,0.48319121778589047,0.03361756442821906,0.48319121778589047,0.7273428076386829,13.331967220789778,0.014699687809557237,4.21992902286805,0.47127456478950225,0.08159828121391557,0.44712715399658215,0.804912263977417,13.252327217954653,0.014657748613579569,4.222786167742915,0.47107041175849085,0.08249903950361279,0.4464305487378963,0.8064714367038696,0.08806875592127561,9.065561141613301
2024_17_NYJ_BUF,2024,17,BUF,NYJ,26,10.0,10.0,44.5,11.8486701377757,0.013074418026684853,4.337097780409159,0.4835854407442252,0.032829118511549515,0.4835854407442252,0.7265272666826482,0,11.832755733497699,0.013062175706696322,4.338034575846906,0.4835633785052207,0.032873242989558626,0.4835633785052207,0.726572889938489,13.331967220789778,0.01277576687617563,4.3602051152478305,0.43200778268943685,0.026417609662496407,0.5415746076480668,0.8393116754154961,12.93120398186385,0.012562314468973327,4.377053861910839,0.4304050740244056,0.027160609073685484,0.5424343169019089,0.8430284811138915,0.039956081501680174,11.0405312635101
2024_17_SEA_CHI,2024,17,CHI,SEA,-3,-3.5,-3.5,43.5,11.8486701377757,0.032797010694490814,3.417417905108386,0.5,0.0,0.5,0.6931471805599453,0,11.825042806100376,0.03286237019683114,3.415427038821161,0.5,0.0,0.5,0.6931471805599453,13.331967220789778,0.08162546027710028,2.5056140524783133,0.5392368664592457,0.0,0.4607631335407542,0.6176003492078956,13.459627852490645,0.08139567348541914,2.508433158670999,0.5394853511575283,0.0,0.46051464884247173,0.6171396472799674,-0.9089847464373868,2.7997168408155746
2024_17_TEN_JAX,2024,17,JAX,TEN,7,-1.0,-1.0,38.0,11.8486701377757,0.025695751553327817,3.6614296099550705,0.4835854407442252,0.032829118511549515,0.4835854407442252,0.7265272666826482,0,11.710660641596958,0.025851287196763995,3.6553948844216184,0.4833921245604165,0.033215750879167005,0.4833921245604165,0.7269271026112579,13.331967220789778,0.04443082445436048,3.113821805952592,0.47480356975438265,0.025646952640498107,0.49954947760511925,0.7448540978368448,13.558077391390498,0.04417074758766693,3.119692528281095,0.4752683517364497,0.02522865913528934,0.499502989128261,0.7438756834481414,-0.5417370816739755,4.804678527192179
2024_18_BUF_NE,2024,18,NE,BUF,7,-3.0,-3.0,36.5,11.8486701377757,0.022492037604879167,3.7945939166311553,0.4835854407442252,0.032829118511549515,0.4835854407442252,0.7265272666826482,0,11.671618855323821,0.022579790305825354,3.7907000070253836,0.4833366082078044,0.033326783584391284,0.4833366082078044,0.7270419566562271,13.331967220789778,0.04018781407832665,3.2141914616910023,0.47127456478950225,0.08159828121391557,0.44712715399658215,0.7523144147041995,13.351444752990268,0.040287018805983774,3.211725975914796,0.47133233742416286,0.08195443552194907,0.4467132270538881,0.752191834157426,-0.5828679407163593,5.666602207864528
2024_18_CAR_ATL,2024,18,ATL,CAR,-6,7.5,7.5,48.5,11.8486701377757,0.01678496172887073,4.087271928631933,0.5,0.0,0.5,0.6931471805599453,2,11.91409374393936,0.016808709062045235,4.085858130343685,0.5,0.0,0.5,0.6931471805599453,13.331967220789778,0.015503837109621197,4.166667730234301,0.43977993616223765,0.0,0.5602200638377623,0.5794256013070164,13.212119417123976,0.015466715394728886,4.169064957901736,0.43885761034145765,0.0,0.5611423896585424,0.5777805916566698,0.0817930292698037,7.477707183833525
2024_18_CHI_GB,2024,18,GB,CHI,-2,10.0,10.0,41.5,11.8486701377757,0.019195190356116387,3.9530955336149445,0.4835854407442252,0.032829118511549515,0.4835854407442252,0.7265272666826482,2,11.771063340238667,0.01919157518886419,3.9532838884925465,0.4834772906440171,0.03304541871196576,0.4834772906440171,0.7267509338702023,13.331967220789778,0.01748263953774402,4.046546916851165,0.43200778268943685,0.026417609662496407,0.5415746076480668,0.6132744424416767,12.873393499593924,0.01752650660761285,4.044040880705948,0.43025223324434075,0.027276690479917372,0.5424710762757419,0.611620510609603,0.09094534709100355,6.349492648993483
2024_18_CIN_PIT,2024,18,PIT,CIN,-2,-2.5,-2.5,48.5,11.8486701377757,0.032797010694490814,3.417417905108386,0.5,0.0,0.5,0.6931471805599453,0,11.923722252177026,0.03259110804275056,3.423715787239922,0.5,0.0,0.5,0.6931471805599453,13.331967220789778,0.02567290396703049,3.6623191636166372,0.4849629155595684,0.0,0.5150370844404316,0.7236828537318565,13.640804855764932,0.02511773606486222,3.684181066250064,0.4854386575237515,0.0,0.5145613424762485,0.7227023483091665,0.26676316114167786,2.8859554501809757
2024_18_CLE_BAL,2024,18,BAL,CLE,25,19.5,19.5,42.5,11.8486701377757,0.02919976703604099,3.5335945479575015,0.5,0.0,0.5,0.6931471805599453,0,11.773987706495609,0.029341584062937853,3.5287495178495196,0.5,0.0,0.5,0.6931471805599453,13.331967220789778,0.02557848896904745,3.6660035553718315,0.470557981515741,0.0,0.529442018484259,0.7538360937220747,12.134129592032572,0.027699555946884582,3.5863388967157293,0.4722812546294597,0.0,0.5277187453705403,0.7501805924094066,0.052744348758227755,4.282542784834946
2024_18_HOU_TEN,2024,18,TEN,HOU,-9,2.5,2.5,36.5,11.8486701377757,0.020016209776765964,3.911212844858566,0.5,0.0,0.5,0.6931471805599453,2,11.67256176740757,0.02002839122135372,3.910604450984742,0.5,0.0,0.5,0.6931471805599453,13.331967220789778,0.017577446058469746,4.0411386726785,0.5150370844404317,0.0,0.48496291555956833,0.7236828537318566,13.394145538226038,0.017538285576884097,4.043369040436522,0.5149434590219528,0.0,0.4850565409780471,0.7234898155033169,0.13215619557795577,6.674036683995157
2024_18_JAX_IND,2024,18,IND,JAX,3,3.5,3.5,45.5,11.8486701377757,0.03279701069449087,3.417417905108384,0.5,0.0,0.5,0.6931471805599453,2,11.86492034593855,0.03275220877627355,3.4187848756247528,0.5,0.0,0.5,0.6931471805599453,13.331967220789778,0.08162546027710016,2.5056140524783146,0.4607631335407544,0.0,0.5392368664592456,0.6176003492078959,13.498524673381368,0.08118679921598554,2.511002616262345,0.46058564056274487,0.0,0.5394143594372551,0.6172712475013382,-0.9064152888460391,2.8078915375899873
2024_18_KC_DEN,2024,18,DEN,KC,38,10.5,10.5,40.5,11.8486701377757,0.0030720014780000193,5.785425982577029,0.5,0.0,0.5,0.6931471805599453,0,11.748630558939151,0.0029981480332736954,5.809760503177959,0.5,0.0,0.5,0.6931471805599453,13.331967220789778,0.0033936105687084185,5.685860859852831,0.4464242008674383,0.0,0.5535757991325617,0.8064856559718097,12.81227512580495,0.0030050133852104633,5.80747325669192,0.44510960323472926,0.0,0.5548903967652707,0.8094347277387295,0.02204727411489138,21.43907402935574
2024_18_LAC_LV,2024,18,LV,LAC,-14,-7.0,-7.0,42.5,11.8486701377757,0.02718798874540196,3.604979993452445,0.4835854407442252,0.032829118511549515,0.4835854407442252,0.7265272666826482,2,11.797790326900099,0.02726149397377975,3.602280049601391,0.48351469690118926,0.032970606197621544,0.48351469690118926,0.7266735676506832,13.331967220789778,0.022598410915242267,3.789875688660861,0.5199179267791635,0.05426790299838577,0.42581417022245077,0.8537522480195401,13.142482060612252,0.02277121635105257,3.7822579813146757,0.5203221099026492,0.05515475170639444,0.4245231383909565,0.8567887673170185,0.1772779878622308,5.044224663350054
2024_18_MIA_NYJ,2024,18,NYJ,MIA,12,1.5,1.5,39.5,11.8486701377757,0.021667816304816512,3.831927238939953,0.5,0.0,0.5,0.6931471805599453,0,11.743716392497081,0.021705042986909895,3.8302106497252897,0.5,0.0,0.5,0.6931471805599453,13.331967220789778,0.018686330200441872,3.979963027760232,0.5132862494961856,0.0,0.48671375050381444,0.6669215982099472,13.548484704681732,0.018576744704193637,3.985844765241793,0.5130093759653005,0.0,0.4869906240346995,0.6674611572429064,0.1539175263018402,6.510183629089752
2024_18_MIN_DET,2024,18,DET,MIN,22,3.0,3.0,56.5,11.8486701377757,0.009332109329823757,4.674294209308237,0.4835854407442252,0.032829118511549515,0.4835854407442252,0.7265272666826482,0,12.059874560688577,0.009534915143426859,4.652794939452642,0.48387272597047915,0.03225454805904171,0.48387272597047915,0.7259333697172143,13.331967220789778,0.009320155295156998,4.675575987852963,0.4471271539965822,0.08159828121391557,0.4712745647895023,0.8049122639774169,13.731244564253256,0.009590211410884961,4.647012345399124,0.4477727098745974,0.0799349242356098,0.47229236588979284,0.8034695193395971,-0.02728186390911347,12.958735960803523
2024_18_NO_TB,2024,18,TB,NO,8,14.5,14.5,44.5,11.8486701377757,0.027892772235269092,3.579387683384344,0.5,0.0,0.5,0.6931471805599453,2,11.824155839391912,0.02793195738726917,3.577983819587756,0.5,0.0,0.5,0.6931471805599453,13.331967220789778,0.02399513953027937,3.729903988715742,0.4569835231053384,0.0,0.5430164768946616,0.6106156153195135,12.564876013311164,0.025052731020200857,3.6867724346313033,0.4566226577363677,0.0,0.5433773422636323,0.609951279098377,0.10738475124695945,3.781127491366787
2024_18_NYG_PHI,2024,18,PHI,NYG,7,3.0,3.0,36.5,11.8486701377757,0.030846991595668616,3.4787160505440773,0.4835854407442252,0.032829118511549515,0.4835854407442252,0.7265272666826482,0,11.671618855323821,0.03125544667710234,3.4655616243198284,0.4833366082078044,0.033326783584391284,0.4833366082078044,0.7270419566562271,13.331967220789778,0.05116174396837484,2.9727632143385225,0.4471271539965822,0.08159828121391557,0.4712745647895023,0.8049122639774169,13.351444752990268,0.05125235309998978,2.9709937478714994,0.4467132270538882,0.08195443552194909,0.4713323374241627,0.8058384404649828,-0.5077223026725779,3.5117731516928195
2024_18_SEA_LA,2024,18,LA,SEA,-5,-7.5,-7.5,38.5,11.8486701377757,0.0320374392692383,3.4408500829086237,0.5,0.0,0.5,0.6931471805599453,0,11.709827396834703,0.03239824055020901,3.429651161664264,0.5,0.0,0.5,0.6931471805599453,13.331967220789778,0.02562572891932874,3.664158396295793,0.5602200638377623,0.0,0.43977993616223765,0.5794256013070164,13.017716319779256,0.026136291518651034,3.6444304508333043,0.5616373800016471,0.0,0.4383626199983529,0.5768988686535503,0.2035803679246806,2.8992499960816414
2024_18_SF_ARI,2024,18,ARI,SF,23,4.5,4.5,42.5,11.8486701377757,0.009896487495683837,4.6155753832132165,0.5,0.0,0.5,0.6931471805599453,0,11.802556622275421,0.00985178274041365,4.620102851300167,0.5,0.0,0.5,0.6931471805599453,13.331967220789778,0.009844603919361658,4.620831799354842,0.46242542007073373,0.0,0.5375745799292663,0.7712699889335816,13.353993044179616,0.009845293126177001,4.620761793217783,0.4619913187711334,0.0,0.5380086812288666,0.7722091786156149,0.005186410004566433,12.763553923791752
2024_18_WAS_DAL,2024,18,DAL,WAS,-4,-7.0,-7.0,43.5,11.8486701377757,0.03169625927292097,3.451556609070725,0.4835854407442252,0.032829118511549515,0.4835854407442252,0.7265272666826482,0,11.818357819571858,0.03177179398186247,3.449176364499476,0.48354336744247606,0.032913265115047885,0.48354336744247606,0.7266142732973195,13.331967220789778,0.025367391305211057,3.6742907366251414,0.5199179267791635,0.05426790299838577,0.42581417022245077,0.6540843129806145,13.1621185536448,0.025613710447223704,3.6646275065153433,0.5203265810635697,0.05507918245064772,0.4245942364857827,0.6532986240347036,0.21307089744461827,2.9501372711141367
2025_01_ARI_NO,2025,1,NO,ARI,-7,-6.0,-6.0,44.5,11.817134830026223,0.032787433515476305,3.4177099615311533,0.4835416654153794,0.03291666916924113,0.4835416654153794,0.7266177932093001,2,11.818873210150183,0.03278265202540742,3.4178558051742693,0.48354408460300735,0.0329118307939853,0.48354408460300735,0.7266127901625115,13.281300474304977,0.05335888895215366,2.930714699327795,0.521181572007351,0.026114742958169915,0.45270368503447894,0.7925174844485946,13.224460878599611,0.05370548295971755,2.9242401791466137,0.5215804855519037,0.02618436628116965,0.4522351481669267,0.7935529951200986,-0.49346978238453953,2.998906623554241
2025_01_BAL_BUF,2025,1,BUF,BAL,1,-1.5,-1.5,50.5,11.817134830026223,0.03211870098317782,3.4383168333372844,0.5,0.0,0.5,0.6931471805599453,0,11.864757431846606,0.03199613846206795,3.4421400565243667,0.5,0.0,0.5,0.6931471805599453,13.281300474304977,0.025370119058613496,3.6741832124921867,0.4865129729716564,0.0,0.5134870270283436,0.7204917117883664,13.649663201939251,0.02475274729767747,3.6988187942013333,0.4869747862143562,0.0,0.5130252137856438,0.7195429309270045,0.26050196086404886,3.09634882913055
2025_01_CAR_JAX,2025,1,JAX,CAR,16,4.5,4.5,45.5,11.817134830026223,0.020018949992976265,3.911075954373785,0.5,0.0,0.5,0.6931471805599453,0,11.8212200690306,0.020018608479734468,3.9110930140175215,0.5,0.0,0.5,0.6931471805599453,13.281300474304977,0.017729369708371957,4.032532708971123,0.4630852207517355,0.0,0.5369147792482645,0.769844179734472,13.350190479403723,0.017692871998545478,4.03459343245917,0.46279268945957996,0.0,0.53720731054042,0.7704760801149935,0.12351747808538471,7.423592954200643
2025_01_CIN_CLE,2025,1,CLE,CIN,-1,-5.5,-5.5,47.5,11.817134830026223,0.0304127132189993,3.492894559996972,0.5,0.0,0.5,0.6931471805599453,0,11.857188756855804,0.03032609576595291,3.4957466907256047,0.5,0.0,0.5,0.6931471805599453,13.281300474304977,0.024571173050191693,3.706181350398174,0.535156249033752,0.0,0.464843750966248,0.6251965204569813,13.308110685009368,0.02450113918656086,3.7090356651017795,0.5355068060853938,0.0,0.4644931939146062,0.6245416793984564,0.21614110510480744,3.324891178338195
2025_01_DAL_PHI,2025,1,PHI,DAL,4,8.5,8.5,47.5,11.817134830026223,0.030412713218999243,3.492894559996974,0.5,0.0,0.5,0.6931471805599453,2,11.88139621049184,0.03027395593089266,3.497467476317902,0.5,0.0,0.5,0.6931471805599453,13.281300474304977,0.024876022646476162,3.6938508853664045,0.4431009198099416,0.0,0.5568990801900584,0.5853712400487536,13.090289233547832,0.025142781638890412,3.6831844360024846,0.4421812148209573,0.0,0.5578187851790427,0.5837211270896931,0.19028987600551073,3.2002436177409934
2025_01_DET_GB,2025,1,GB,DET,14,1.5,1.5,48.5,11.817134830026223,0.018376187262139076,3.9966996230650325,0.5,0.0,0.5,0.6931471805599453,0,11.838502497465385,0.018379649914936347,3.996511209301481,0.5,0.0,0.5,0.6931471805599453,13.281300474304977,0.016461913530721024,4.106705837104876,0.5134870270283437,0.0,0.4865129729716563,0.6665305137528279,13.619640794169408,0.016431522271884876,4.108553699253807,0.5130610273399048,0.0,0.48693897266009517,0.667360479210519,0.11185407618877496,7.799203723396916
2025_01_HOU_LA,2025,1,LA,HOU,5,3.5,3.5,43.5,11.817134830026223,0.032626731031865086,3.4226233562988573,0.5,0.0,0.5,0.6931471805599453,0,11.784111021209485,0.0327164820189092,3.4198762907875384,0.5,0.0,0.5,0.6931471805599453,13.281300474304977,0.025751919730872527,3.659246101996059,0.46144714627342154,0.0,0.5385528537265785,0.7733877575492437,13.39099205748174,0.02553238534737005,3.6678076189805355,0.4612364903161953,0.0,0.5387635096838047,0.7738443733437211,0.24518426268167826,2.999992875823905
2025_01_KC_LAC,2025,1,LAC,KC,6,-3.0,-3.0,47.5,11.817134830026223,0.024145636522340364,3.7236515975133164,0.4835416654153794,0.03291666916924113,0.4835416654153794,0.7266177932093001,0,11.83705355875829,0.02412945156747004,3.72432212784758,0.48356934244887295,0.032861315102254096,0.48356934244887295,0.7265605566908941,13.281300474304977,0.020465017402227316,3.8890383186971933,0.4710202023170914,0.08124712376125284,0.4477326739216557,0.7528542934925962,13.49239475447701,0.020299147129255,3.8971764071541726,0.47157401428460227,0.08049969836480737,0.44792628735059037,0.751679213014735,0.17352480964085615,5.142088496560891
2025_01_LV_NE,2025,1,NE,LV,-7,2.5,2.5,44.5,11.817134830026223,0.023331414997057792,3.757954543392487,0.5,0.0,0.5,0.6931471805599453,2,11.790784570372946,0.023348670298449364,3.757215243021964,0.5,0.0,0.5,0.6931471805599453,13.281300474304977,0.04079855295404761,3.199108665013542,0.5152139019970692,0.0,0.4847860980029309,0.7240475203747179,13.48154497661363,0.04067019063811032,3.202259871635821,0.5149010597446588,0.0,0.4850989402553412,0.723402408323455,-0.5556946717566658,5.444956075518464
2025_01_MIA_IND,2025,1,IND,MIA,25,1.5,1.5,47.5,11.817134830026223,0.005270758565576128,5.245580986450256,0.5,0.0,0.5,0.6931471805599453,0,11.824988855988751,0.005278165863161544,5.244176616013653,0.5,0.0,0.5,0.6931471805599453,13.281300474304977,0.005550845427517946,5.193805033542208,0.5134870270283437,0.0,0.4865129729716563,0.6665305137528279,13.60418784487148,0.005813020353411136,5.147654988908115,0.5130795402968538,0.0,0.48692045970314624,0.6673243965186639,-0.09792599754214137,16.82055033156031
2025_01_MIN_CHI,2025,1,CHI,MIN,-3,-1.5,-1.5,43.5,11.817134830026223,0.03262673103186514,3.4226233562988555,0.5,0.0,0.5,0.6931471805599453,2,11.768099419483244,0.032760174061580716,3.418541706776319,0.5,0.0,0.5,0.6931471805599453,13.281300474304977,0.08053706217002293,2.519037800881395,0.4865129729716564,0.0,0.5134870270283436,0.6665305137528281,13.539133180851147,0.07957639717968326,2.5310377479450827,0.4868419263565311,0.0,0.5131580736434689,0.6671713455181907,-0.8915856083537728,2.910838227579368
2025_01_NYG_WAS,2025,1,WAS,NYG,15,6.0,6.0,45.5,11.817134830026223,0.024145636522340364,3.7236515975133164,0.4835416654153794,0.03291666916924113,0.4835416654153794,0.7266177932093001,0,11.833280926613053,0.024132520059479634,3.7241949680192397,0.483564107529687,0.03287178494062598,0.483564107529687,0.7265713823306983,13.281300474304977,0.020638667046717386,3.880588921524116,0.45270368503447894,0.02611474295816992,0.5211815720073512,0.7925174844485946,13.240484624995808,0.020641094327565,3.880471320027906,0.45226609079473085,0.026155486177923588,0.5215784230273456,0.7934845759151636,0.15681972251458953,6.011004394314478
2025_01_PIT_NYJ,2025,1,NYJ,PIT,-2,-3.0,-3.0,37.5,11.817134830026223,0.032787433515476305,3.4177099615311533,0.4835416654153794,0.03291666916924113,0.4835416654153794,0.7266177932093001,0,11.684645262000481,0.03315598360376815,3.4065320777707697,0.4833551726015497,0.0332896547969006,0.4833551726015497,0.7270035485635628,13.281300474304977,0.025819329051146055,3.65663187952691,0.4710202023170914,0.08124712376125284,0.4477326739216557,0.7528542934925962,13.319715723130757,0.02571928475982782,3.660514188715258,0.4711269836252595,0.0814298089616383,0.4474432074131022,0.7526276170025137,0.24280422718410488,2.8398120640298066
2025_01_SF_SEA,2025,1,SEA,SF,-4,-2.5,-2.5,43.5,11.817134830026223,0.03262673103186514,3.4226233562988555,0.5,0.0,0.5,0.6931471805599453,2,11.776102499036826,0.03273832102967039,3.4192089902823217,0.5,0.0,0.5,0.6931471805599453,13.281300474304977,0.02570218126012029,3.6611794167479097,0.48478609800293093,0.0,0.5152139019970691,0.6631731208660832,13.464858888602034,0.025360933932847756,3.6745453230861718,0.4850729312801447,0.0,0.5149270687198553,0.6637300024828328,0.25192196678731626,2.959361346413793
2025_01_TB_ATL,2025,1,ATL,TB,-3,-1.5,-1.5,47.5,11.817134830026223,0.03262673103186514,3.4226233562988555,0.5,0.0,0.5,0.6931471805599453,2,11.824988855988751,0.03260545736660492,3.423275600736355,0.5,0.0,0.5,0.6931471805599453,13.281300474304977,0.08053706217002293,2.519037800881395,0.4865129729716564,0.0,0.5134870270283436,0.6665305137528281,13.60418784487148,0.0792434527459829,2.535230484830215,0.48692045970314635,0.0,0.5130795402968537,0.6673243965186642,-0.8873928714686405,2.924040664915845
2025_01_TEN_DEN,2025,1,DEN,TEN,8,8.5,8.5,42.5,11.817134830026223,0.03288430391605246,3.414759819670353,0.5,0.0,0.5,0.6931471805599453,2,11.809169451686431,0.03290642642670433,3.4140873081669727,0.5,0.0,0.5,0.6931471805599453,13.281300474304977,0.026373017516126727,3.635413855276294,0.4431009198099416,0.0,0.5568990801900584,0.5853712400487536,13.011192875726561,0.02685315962542805,3.617371788025955,0.44201041855184,0.0,0.55798958144816,0.5834149880149925,0.20261196835560202,2.9482017322263743
2025_02_ATL_MIN,2025,2,MIN,ATL,-16,3.5,3.5,44.5,11.817134830026223,0.008760297952110946,4.737525361814206,0.5,0.0,0.5,0.6931471805599453,2,11.798803077317208,0.00874188557453659,4.739629371789731,0.5,0.0,0.5,0.6931471805599453,13.281300474304977,0.00884660706374819,4.727721276099531,0.46144714627342154,0.0,0.5385528537265785,0.6188696372920004,13.407586607330522,0.008932839725064087,4.718020936317036,0.46126643676473345,0.0,0.5387335632352666,0.6185341471056622,-0.019504425497170352,12.720518537394554
2025_02_BUF_NYJ,2025,2,NYJ,BUF,-20,-6.0,-6.0,47.5,11.817134830026223,0.015992279750878025,4.135649188760577,0.4835416654153794,0.03291666916924113,0.4835416654153794,0.7266177932093001,2,11.861219904684532,0.01601303904273431,4.1343519484549045,0.4836027968553452,0.032794406289309685,0.4836027968553452,0.7264913768518023,13.281300474304977,0.014865832173950618,4.20868984199672,0.521181572007351,0.026114742958169915,0.45270368503447894,0.7925174844485946,13.271557020355766,0.014845189932795884,4.21007937645312,0.5215742750383486,0.026099673444736144,0.45232605151691524,0.7933520062863385,0.07443018769254284,9.279181673677547
2025_02_CAR_ARI,2025,2,ARI,CAR,5,7.0,7.0,45.5,11.817134830026223,0.03240330826085158,3.4294947545799928,0.4835416654153794,0.03291666916924113,0.4835416654153794,0.7266177932093001,2,11.841328333867175,0.032339217365359885,3.431474625331328,0.48357527011636187,0.03284945976727632,0.48357527011636187,0.7265482986119843,13.281300474304977,0.025911456526786218,3.653070071137237,0.42704149793179935,0.05372393230418827,0.5192345697640124,0.6553995330583807,13.167848688010734,0.026079971728759897,3.646587625944215,0.42612254278071376,0.05429220247341553,0.5195852547458707,0.6547243726755969,0.21709287136422217,2.895139751382344
2025_02_CHI_DET,2025,2,DET,CHI,31,6.0,6.0,46.5,11.817134830026223,0.004308707608126627,5.447117278736486,0.4835416654153794,0.03291666916924113,0.4835416654153794,0.7266177932093001,0,11.847392401757949,0.004335153264097613,5.440998314334788,0.4835836715969476,0.03283265680610481,0.4835836715969476,0.7265309250858273,13.281300474304977,0.004631610309377961,5.374850672350328,0.45270368503447894,0.02611474295816992,0.5211815720073512,0.7925174844485946,13.256178788161103,0.0046051676240581,5.38057620949042,0.45229638287486434,0.02612726480622081,0.5215763523189149,0.7934175997116917,-0.06654106924606573,18.716135453401677
2025_02_CLE_BAL,2025,2,BAL,CLE,24,12.5,12.5,46.5,11.817134830026223,0.020018949992976265,3.911075954373785,0.5,0.0,0.5,0.6931471805599453,0,11.899860969947579,0.020011258505069796,3.911460238557641,0.5,0.0,0.5,0.6931471805599453,13.281300474304977,0.01839505205265588,3.9956735607117686,0.4526939199648258,0.0,0.5473060800351742,0.7925390552360577,12.790558322388483,0.018514557132696972,3.9891979842816796,0.4519439054160215,0.0,0.5480560945839785,0.7941972099132274,0.07812202990789441,7.720745815801863
2025_02_DEN_IND,2025,2,IND,DEN,1,-2.5,-2.5,43.5,11.817134830026223,0.031374069659385384,3.461773534260333,0.5,0.0,0.5,0.6931471805599453,0,11.776102499036826,0.03147282421132758,3.4586308289605214,0.5,0.0,0.5,0.6931471805599453,13.281300474304977,0.024961655246368186,3.6904144217194523,0.48478609800293093,0.0,0.5152139019970691,0.7240475203747178,13.464858888602034,0.02464971015898999,3.702990136818551,0.4850729312801447,0.0,0.5149270687198553,0.7234560255761622,0.24121660255821809,3.2106238420249618
2025_02_JAX_CIN,2025,2,CIN,JAX,4,3.5,3.5,49.5,11.817134830026223,0.03288430391605246,3.414759819670353,0.5,0.0,0.5,0.6931471805599453,0,11.867880728139085,0.03274406014530573,3.419033702959318,0.5,0.0,0.5,0.6931471805599453,13.281300474304977,0.02590310365694047,3.6533924851416595,0.46144714627342154,0.0,0.5385528537265785,0.7733877575492437,13.485607543818244,0.025518884810925572,3.668336520091804,0.46140682672199607,0.0,0.5385931732780039,0.7734751376822462,0.25357670042145086,2.890719474697348
2025_02_LAC_LV,2025,2,LV,LAC,-11,-3.5,-3.5,46.5,11.817134830026223,0.026494890157338635,3.6308033888343187,0.5,0.0,0.5,0.6931471805599453,2,11.827273839268974,0.026481840966439296,3.6312960274281485,0.5,0.0,0.5,0.6931471805599453,13.281300474304977,0.022005458780507466,3.816464730015379,0.5385528537265785,0.0,0.46144714627342154,0.7733877575492437,13.439743730660771,0.0218279096719553,3.824565867839918,0.5386756188484927,0.0,0.46132438115150726,0.7736538366793207,0.19376247900559918,5.029574669738127
2025_02_LA_TEN,2025,2,TEN,LA,-14,-5.5,-5.5,41.5,11.817134830026223,0.024946916789699264,3.691005039983854,0.5,0.0,0.5,0.6931471805599453,2,11.769735732205602,0.024992776754984125,3.689168425662828,0.5,0.0,0.5,0.6931471805599453,13.281300474304977,0.021129279156933613,3.8570955626103163,0.535156249033752,0.0,0.464843750966248,0.7660539492893819,13.210547086705091,0.02115769620434672,3.855751552950228,0.5356233510152986,0.0,0.4643766489847014,0.7670593125399414,0.16474651296637388,5.699288250514828
2025_02_NE_MIA,2025,2,MIA,NE,-6,1.5,1.5,43.5,11.817134830026223,0.026494890157338635,3.6308033888343187,0.5,0.0,0.5,0.6931471805599453,2,11.768099419483244,0.026558022842000373,3.6284233983345318,0.5,0.0,0.5,0.6931471805599453,13.281300474304977,0.021934353293764308,3.819701227644983,0.5134870270283437,0.0,0.4865129729716563,0.7204917117883667,13.539133180851147,0.02166733196448378,3.831949592172933,0.5131580736434687,0.0,0.48684192635653134,0.7198157951260558,0.20114620333861444,4.540935381945975
2025_02_NYG_DAL,2025,2,DAL,NYG,3,4.5,4.5,44.5,11.817134830026223,0.03262673103186514,3.4226233562988555,0.5,0.0,0.5,0.6931471805599453,2,11.806827037372177,0.03265469280217653,3.421766703046547,0.5,0.0,0.5,0.6931471805599453,13.281300474304977,0.08100348083553524,2.5132631519548103,0.4630852207517355,0.0,0.5369147792482645,0.6219158949288154,13.334033966055332,0.08111205879755234,2.5119236384387347,0.4627682775936527,0.0,0.5372317224063473,0.6213257646871906,-0.9106997178601208,2.8119440953589403
2025_02_PHI_KC,2025,2,KC,PHI,-3,-1.5,-1.5,46.5,11.817134830026223,0.03262673103186514,3.4226233562988555,0.5,0.0,0.5,0.6931471805599453,2,11.811203590280254,0.03264281480685238,3.4221305146494734,0.5,0.0,0.5,0.6931471805599453,13.281300474304977,0.08053706217002293,2.519037800881395,0.4865129729716564,0.0,0.5134870270283436,0.6665305137528281,13.588424181333181,0.07932386781657644,2.534216214333594,0.48690151871374987,0.0,0.5130984812862501,0.6672874809172767,-0.8884071419652617,2.9208405820631578
2025_02_SEA_PIT,2025,2,PIT,SEA,-14,3.5,3.5,40.5,11.817134830026223,0.011068624546949388,4.503640790482735,0.5,0.0,0.5,0.6931471805599453,2,11.738037405766653,0.010995440534629641,4.510274588963183,0.5,0.0,0.5,0.6931471805599453,13.281300474304977,0.010842727358164923,4.524260713310211,0.46144714627342154,0.0,0.5385528537265785,0.6188696372920004,13.338951497522286,0.010865755715304065,4.5221391126715,0.4611423821031799,0.0,0.5388576178968201,0.6183039027156306,0.018498322188764682,11.045296137821174
2025_02_SF_NO,2025,2,NO,SF,-5,-3.0,-3.0,40.5,11.817134830026223,0.03240330826085158,3.4294947545799928,0.4835416654153794,0.03291666916924113,0.4835416654153794,0.7266177932093001,2,11.734048122675873,0.03262532585810424,3.4226664254012897,0.4834252041606157,0.033149591678768575,0.4834252041606157,0.7268586727243922,13.281300474304977,0.025593669707810726,3.6654102351132716,0.4710202023170914,0.08124712376125284,0.4477326739216557,0.8035589346657197,13.375690785845672,0.025403092035695754,3.672884378677781,0.4712734702113179,0.08112587385768028,0.44760065593100185,0.8038538371053114,0.2433896240977882,3.0546648018353593
2025_02_TB_HOU,2025,2,HOU,TB,-1,2.5,2.5,42.5,11.817134830026223,0.03137406965938544,3.461773534260331,0.5,0.0,0.5,0.6931471805599453,2,11.761097878672619,0.03150908205077568,3.457479455634262,0.5,0.0,0.5,0.6931471805599453,13.281300474304977,0.024961655246368234,3.6904144217194506,0.5152139019970692,0.0,0.4847860980029309,0.7240475203747179,13.447806095668817,0.024675346410817717,3.7019506548222223,0.514953741358956,0.0,0.48504625864104395,0.7235110139515796,0.24017712056189122,3.2075768883135645
2025_02_WAS_GB,2025,2,GB,WAS,9,3.5,3.5,48.5,11.817134830026223,0.029259522547047445,3.531550201122491,0.5,0.0,0.5,0.6931471805599453,0,11.854609889174762,0.029188532850855653,3.5339793574260328,0.5,0.0,0.5,0.6931471805599453,13.281300474304977,0.023731174766457187,3.740965704220119,0.46144714627342154,0.0,0.5385528537265785,0.7733877575492437,13.470618780707742,0.02345948448425755,3.752480410241316,0.46137990818395236,0.0,0.5386200918160476,0.773533479522312,0.220930209118825,4.134529550263869
2025_03_ARI_SF,2025,3,SF,ARI,1,1.5,1.5,44.5,11.817134830026223,0.03288430391605246,3.414759819670353,0.5,0.0,0.5,0.6931471805599453,2,11.782771512833445,0.03297995527548919,3.411855317961695,0.5,0.0,0.5,0.6931471805599453,13.281300474304977,0.025819403843541592,3.6566289827712635,0.5134870270283437,0.0,0.4865129729716563,0.7204917117883667,13.55591131196455,0.025321744975825178,3.6760917671840927,0.5131377264551646,0.0,0.48686227354483536,0.7197740017594275,0.26133194751373967,2.916149673858869
2025_03_ATL_CAR,2025,3,CAR,ATL,30,-5.5,-5.5,44.5,11.817134830026223,0.0009587350444161258,6.949895804448933,0.5,0.0,0.5,0.6931471805599453,0,11.814856454246327,0.0009579558772826458,6.9507088381703115,0.5,0.0,0.5,0.6931471805599453,13.281300474304977,0.0009521157968938882,6.956823895177154,0.535156249033752,0.0,0.464843750966248,0.6251965204569813,13.260884827005935,0.0009435434576686542,6.965868134154235,0.5355632630559003,0.0,0.4644367369440997,0.6244362577791144,0.015972329705301824,27.690560400621294
2025_03_CIN_MIN,2025,3,MIN,CIN,38,3.0,3.0,41.5,11.817134830026223,0.0010318154413501146,6.876435463816865,0.4835416654153794,0.03291666916924113,0.4835416654153794,0.7266177932093001,0,11.749749041820301,0.0010075937632220144,6.900190203240967,0.48344733796823436,0.03310532406353128,0.48344733796823436,0.7268128883905569,13.281300474304977,0.0010282224502993727,6.879923744016591,0.4477326739216556,0.08124712376125284,0.4710202023170915,0.8035589346657199,13.39348014419568,0.0010699932627631968,6.840102927011139,0.4476505220638299,0.08102977297317944,0.47131970496299064,0.8037424356704844,-0.0363325368057259,28.128337287611966
2025_03_DAL_CHI,2025,3,CHI,DAL,17,-1.5,-1.5,49.5,11.817134830026223,0.009865968871614506,4.618663931292687,0.5,0.0,0.5,0.6931471805599453,0,11.851755304743847,0.009899460830855134,4.6152749848544605,0.5,0.0,0.5,0.6931471805599453,13.281300474304977,0.009785913233670725,4.626811352527828,0.4865129729716564,0.0,0.5134870270283436,0.7204917117883664,13.634795374136164,0.010019397844305744,4.603232280509886,0.4869570758000138,0.0,0.5130429241999862,0.7195792998251483,-0.015431650782801398,12.059811627740727
2025_03_DEN_LAC,2025,3,LAC,DEN,3,2.5,2.5,45.5,11.817134830026223,0.03288430391605246,3.414759819670353,0.5,0.0,0.5,0.6931471805599453,0,11.805158045571817,0.03291757869698453,3.4137484570026913,0.5,0.0,0.5,0.6931471805599453,13.281300474304977,0.08111551726961441,2.511881001149238,0.5152139019970692,0.0,0.4847860980029309,0.6631731208660829,13.497880225340767,0.08034409620299186,2.521436665503189,0.5148756835397486,0.0,0.4851243164602515,0.6638297986428967,-0.893323154167164,2.835062068059221
2025_03_DET_BAL,2025,3,BAL,DET,-8,4.5,4.5,53.5,11.817134830026223,0.018376187262139104,3.996699623065031,0.5,0.0,0.5,0.6931471805599453,2,11.926652393524948,0.018392632367404987,3.9958051093695617,0.5,0.0,0.5,0.6931471805599453,13.281300474304977,0.016557250305292745,4.100931188178295,0.4630852207517355,0.0,0.5369147792482645,0.6219158949288154,13.468537105848768,0.01653035021052052,4.102557181014254,0.46297118886731825,0.0,0.5370288111326817,0.6217035338963232,0.10585755794922314,7.098943716899466
2025_03_GB_CLE,2025,3,CLE,GB,3,-8.5,-8.5,41.5,11.817134830026223,0.020018949992976265,3.911075954373785,0.5,0.0,0.5,0.6931471805599453,0,11.793764643095717,0.020020826023120053,3.9109822460501222,0.5,0.0,0.5,0.6931471805599453,13.281300474304977,0.05649249781629859,2.873647431658468,0.5568990801900584,0.0,0.44310091980994165,0.5853712400487536,12.994322514402096,0.05697939133087198,2.8650656321233083,0.5580260425698628,0.0,0.44197395743013723,0.5833496464177406,-1.0460103222504769,6.09282159803829
2025_03_HOU_JAX,2025,3,JAX,HOU,7,1.5,1.5,43.5,11.817134830026223,0.029259522547047445,3.531550201122491,0.5,0.0,0.5,0.6931471805599453,0,11.768099419483244,0.029352810181323408,3.528366990057318,0.5,0.0,0.5,0.6931471805599453,13.281300474304977,0.04847367466458433,3.0267344188236893,0.5134870270283437,0.0,0.4865129729716563,0.6665305137528279,13.539133180851147,0.04793208776441232,3.0379701081443424,0.5131580736434687,0.0,0.48684192635653134,0.6671713455181911,-0.4935800929781484,3.940488564517009
2025_03_IND_TEN,2025,3,TEN,IND,-21,-6.0,-6.0,43.5,11.817134830026223,0.014481925703636586,4.234853910284393,0.4835416654153794,0.03291666916924113,0.4835416654153794,0.7266177932093001,2,11.804156162395786,0.014473547932622996,4.235432576090562,0.4835235813732558,0.03295283725348841,0.4835235813732558,0.7266551930480095,13.281300474304977,0.01370020636069303,4.290344383437192,0.521181572007351,0.026114742958169915,0.45270368503447894,0.7925174844485946,13.208092983190811,0.013656061961095886,4.293571756220276,0.5215825381064688,0.026213935829874625,0.4522035260636565,0.7936229215931345,0.058717845935882806,10.041509732971122
2025_03_KC_NYG,2025,3,NYG,KC,-13,-6.0,-6.0,44.5,11.817134830026223,0.027233529362460096,3.6033063676782464,0.4835416654153794,0.03291666916924113,0.4835416654153794,0.7266177932093001,2,11.818873210150183,0.02723101741279821,3.6033986093221193,0.48354408460300735,0.0329118307939853,0.48354408460300735,0.7266127901625115,13.281300474304977,0.02263984979320175,3.7880436602450582,0.521181572007351,0.026114742958169915,0.45270368503447894,0.7925174844485946,13.224460878599611,0.02267244716773361,3.7866048728808552,0.5215804855519037,0.02618436628116965,0.4522351481669267,0.7935529951200986,0.18329850520260882,4.973580920270372
2025_03_LA_PHI,2025,3,PHI,LA,7,3.5,3.5,45.5,11.817134830026223,0.031374069659385384,3.461773534260333,0.5,0.0,0.5,0.6931471805599453,0,11.813186327422068,0.03138354746913363,3.461471489337215,0.5,0.0,0.5,0.6931471805599453,13.281300474304977,0.051251349790154714,2.9710133239415693,0.46144714627342154,0.0,0.5385528537265785,0.7733877575492437,13.423832242563078,0.05093117136620301,2.977280138817358,0.4612957242334672,0.0,0.5387042757665328,0.7737159574110977,-0.4844933954429749,3.4161640829731743
2025_03_LV_WAS,2025,3,WAS,LV,17,2.5,2.5,43.5,11.817134830026223,0.015227996047121217,4.184619700041561,0.5,0.0,0.5,0.6931471805599453,0,11.776102499036826,0.015204570301383225,4.186159218601813,0.5,0.0,0.5,0.6931471805599453,13.281300474304977,0.014147666493528272,4.258205580610532,0.5152139019970692,0.0,0.4847860980029309,0.6631731208660829,13.464858888602034,0.014182901799437818,4.255718138515267,0.5149270687198553,0.0,0.48507293128014467,0.6637300024828328,0.07109843847370545,9.347219188300866
2025_03_MIA_BUF,2025,3,BUF,MIA,10,12.5,12.5,50.5,11.817134830026223,0.032118700983177706,3.438316833337288,0.5,0.0,0.5,0.6931471805599453,2,11.953816797918458,0.03176935657132479,3.4492530836182724,0.5,0.0,0.5,0.6931471805599453,13.281300474304977,0.02647513163901571,3.631549415306246,0.4526939199648258,0.0,0.5473060800351742,0.6027470717487592,12.848201596856166,0.027289697391319218,3.6012460329522,0.4519787649843777,0.0,0.5480212350156223,0.6014412427563767,0.1629291996149118,3.0995703669005077
2025_03_NO_SEA,2025,3,SEA,NO,31,7.5,7.5,41.5,11.817134830026223,0.005270758565576128,5.245580986450256,0.5,0.0,0.5,0.6931471805599453,0,11.785749560288595,0.005241109733322813,5.251222021903176,0.5,0.0,0.5,0.6931471805599453,13.281300474304977,0.00564406272275562,5.177151131879043,0.44108443875717784,0.0,0.5589155612428222,0.8185189507588319,13.066001253555534,0.005452015436836203,5.2117699337438985,0.4400247109799772,0.0,0.5599752890200228,0.820924392328688,-0.033811052706357536,17.461256946967783
2025_03_NYJ_TB,2025,3,TB,NYJ,2,6.5,6.5,43.5,11.817134830026223,0.030412713218999243,3.492894559996974,0.5,0.0,0.5,0.6931471805599453,2,11.808169280467846,0.03043216074192412,3.492255310629817,0.5,0.0,0.5,0.6931471805599453,13.281300474304977,0.024660820780419722,3.7025394979223116,0.4666998380789483,0.0,0.5333001619210517,0.6286708577546785,13.171814039240864,0.02479350412708295,3.697173590480507,0.46623786972758363,0.0,0.5337621302724164,0.6278049881918477,0.20427903048353313,3.24190853899317
2025_03_PIT_NE,2025,3,NE,PIT,-7,-1.5,-1.5,44.5,11.817134830026223,0.0292595225470475,3.531550201122489,0.5,0.0,0.5,0.6931471805599453,2,11.782771512833445,0.0293248497279463,3.529320008822435,0.5,0.0,0.5,0.6931471805599453,13.281300474304977,0.04847367466458433,3.0267344188236893,0.4865129729716564,0.0,0.5134870270283436,0.6665305137528281,13.55591131196455,0.04788948498441804,3.0388593188216313,0.48686227354483536,0.0,0.5131377264551646,0.6672109972215396,-0.4926908823008578,3.9428409234915804
2025_04_BAL_KC,2025,4,KC,BAL,17,-2.5,-2.5,48.5,11.817134830026223,0.008760297952110974,4.737525361814202,0.5,0.0,0.5,0.6931471805599453,0,11.846553455730204,0.008789704149614885,4.734174225460709,0.5,0.0,0.5,0.6931471805599453,13.281300474304977,0.008829520310166558,4.729654590851375,0.48478609800293093,0.0,0.5152139019970691,0.7240475203747178,13.544924845433131,0.009019142683216748,4.708405995631351,0.4851969272842497,0.0,0.5148030727157503,0.7232004348171883,-0.029119366182851714,12.809741250231674
2025_04_CAR_NE,2025,4,NE,CAR,29,5.5,5.5,42.5,11.817134830026223,0.005270758565576128,5.245580986450256,0.5,0.0,0.5,0.6931471805599453,0,11.785109154654222,0.005240503952438802,5.251337611144079,0.5,0.0,0.5,0.6931471805599453,13.281300474304977,0.005600382549973218,5.184920371079008,0.46484375096624786,0.0,0.5351562490337521,0.7660539492893822,13.227698169602991,0.005547579799202016,5.194393518546786,0.46439711146845464,0.0,0.5356028885315454,0.767015249099246,-0.051187467903470285,17.29992858692629
2025_04_CHI_LV,2025,4,LV,CHI,-1,1.5,1.5,47.5,11.817134830026223,0.032118700983177706,3.438316833337288,0.5,0.0,0.5,0.6931471805599453,2,11.824988855988751,0.03209842491753884,3.4389483180394844,0.5,0.0,0.5,0.6931471805599453,13.281300474304977,0.025370119058613545,3.674183212492185,0.5134870270283437,0.0,0.4865129729716563,0.7204917117883667,13.60418784487148,0.024823290842887712,3.6959729196430944,0.5130795402968538,0.0,0.48692045970314624,0.7196544963371326,0.2576560863058064,3.087722413276794
2025_04_CIN_DEN,2025,4,DEN,CIN,25,7.5,7.5,44.5,11.817134830026223,0.011068624546949457,4.503640790482729,0.5,0.0,0.5,0.6931471805599453,0,11.830931673298682,0.01108122380741261,4.502503151829819,0.5,0.0,0.5,0.6931471805599453,13.281300474304977,0.0109891889821031,4.510843309276644,0.44108443875717784,0.0,0.5589155612428222,0.8185189507588319,13.115788213441084,0.010867997126065945,4.521932851858083,0.4401488755896221,0.0,0.5598511244103779,0.8206422556857277,0.01829206137535433,12.136249876965108
2025_04_CLE_DET,2025,4,DET,CLE,24,10.0,10.0,44.5,11.817134830026223,0.015992279750878025,4.135649188760577,0.4835416654153794,0.03291666916924113,0.4835416654153794,0.7266177932093001,0,11.851056457877675,0.016008304084838665,4.134647686076608,0.48358874381126654,0.03282251237746697,0.48358874381126654,0.7265204363368966,13.281300474304977,0.015137428022117736,4.190584925052779,0.43315487520142176,0.026591854207671232,0.540253270590907,0.8366599354826812,12.936647974052027,0.015048699046267091,4.196463733632085,0.43179456859395715,0.027236470629934378,0.5409689607761085,0.8398053395031037,0.0608145448715085,9.468361545364075
2025_04_GB_DAL,2025,4,DAL,GB,0,-7.0,-7.0,47.5,11.817134830026223,0.02723352936246004,3.603306367678248,0.4835416654153794,0.03291666916924113,0.4835416654153794,0.7266177932093001,0,11.869286312276445,0.0271582486596047,3.606074460712223,0.4836139332000766,0.032772133599846764,0.4836139332000766,0.7264683492419898,13.281300474304977,0.0038524819259605648,5.559037682290271,0.5192345697640123,0.05372393230418827,0.42704149793179946,0.655399533058381,13.19875062340527,0.0038864799933622384,5.55025141703342,0.5195922524802854,0.05417520809940838,0.42623253942030626,0.6547109048428809,1.9469450493551714,4.05459032808473
2025_04_IND_LA,2025,4,LA,IND,7,3.5,3.5,49.5,11.817134830026223,0.031374069659385384,3.461773534260333,0.5,0.0,0.5,0.6931471805599453,0,11.867880728139085,0.031252737188961044,3.4656483165887573,0.5,0.0,0.5,0.6931471805599453,13.281300474304977,0.051251349790154714,2.9710133239415693,0.46144714627342154,0.0,0.5385528537265785,0.7733877575492437,13.485607543818244,0.050738678835583,2.9810667630770142,0.46140682672199607,0.0,0.5385931732780039,0.7734751376822462,-0.4807067711833186,3.427065556055003
2025_04_JAX_SF,2025,4,SF,JAX,-5,3.5,3.5,45.5,11.817134830026223,0.024946916789699264,3.691005039983854,0.5,0.0,0.5,0.6931471805599453,2,11.813186327422068,0.024950742661170755,3.6908516912488194,0.5,0.0,0.5,0.6931471805599453,13.281300474304977,0.021010273902459835,3.862743727443912,0.46144714627342154,0.0,0.5385528537265785,0.6188696372920004,13.423832242563078,0.02087512253162654,3.869197138483928,0.4612957242334672,0.0,0.5387042757665328,0.6185885121329163,0.178192098500074,4.842047207270085
2025_04_LAC_NYG,2025,4,NYG,LAC,3,-6.0,-6.0,43.5,11.817134830026223,0.024145636522340364,3.7236515975133164,0.4835416654153794,0.03291666916924113,0.4835416654153794,0.7266177932093001,0,11.804156162395786,0.024156160850615227,3.7232158237320574,0.4835235813732558,0.03295283725348841,0.4835235813732558,0.7266551930480095,13.281300474304977,0.06475501544580092,2.737144122779846,0.521181572007351,0.026114742958169915,0.45270368503447894,0.6516567912111756,13.208092983190811,0.06523217539301811,2.7298024441515247,0.5215825381064688,0.026213935829874625,0.4522035260636565,0.6508877464866963,-0.9938491533617917,4.862402795358579
2025_04_MIN_PIT,2025,4,PIT,MIN,3,-2.5,-2.5,41.5,11.817134830026223,0.029259522547047445,3.531550201122491,0.5,0.0,0.5,0.6931471805599453,0,11.74575577841918,0.02939546815821359,3.5269147607974007,0.5,0.0,0.5,0.6931471805599453,13.281300474304977,0.07431412629509439,2.599454220227698,0.48478609800293093,0.0,0.5152139019970691,0.7240475203747178,13.430369620011117,0.07407865352496575,2.6026278647682837,0.4850188891632742,0.0,0.5149811108367258,0.7235674420746576,-0.9289223363542072,3.6325510628849456
2025_04_NO_BUF,2025,4,BUF,NO,12,15.5,15.5,48.5,11.817134830026223,0.03137406965938544,3.461773534260331,0.5,0.0,0.5,0.6931471805599453,2,11.95171551241428,0.031054206307178034,3.472021010947512,0.5,0.0,0.5,0.6931471805599453,13.281300474304977,0.02647881178921282,3.6314104209286877,0.46076567206900376,0.0,0.5392343279309962,0.6176050568500889,12.61011068662773,0.027775948501155282,3.583584794582987,0.46072028805556475,0.0,0.5392797119444352,0.6175208965855252,0.12181126032265599,3.252346873292402
2025_04_NYJ_MIA,2025,4,MIA,NYJ,6,2.5,2.5,44.5,11.817134830026223,0.031374069659385384,3.461773534260333,0.5,0.0,0.5,0.6931471805599453,0,11.790784570372946,0.03143742133413241,3.4597563334193087,0.5,0.0,0.5,0.6931471805599453,13.281300474304977,0.024961655246368186,3.6904144217194523,0.5152139019970692,0.0,0.4847860980029309,0.6631731208660829,13.48154497661363,0.024624675446634093,3.704006271842957,0.5149010597446588,0.0,0.4850989402553412,0.6637805137758983,0.2422327375826243,3.376261479516825
2025_04_PHI_TB,2025,4,TB,PHI,-6,-3.5,-3.5,44.5,11.817134830026223,0.032118700983177706,3.438316833337288,0.5,0.0,0.5,0.6931471805599453,2,11.798803077317208,0.032166123464732466,3.436841446554658,0.5,0.0,0.5,0.6931471805599453,13.281300474304977,0.025452362407219924,3.670946714862581,0.5385528537265785,0.0,0.46144714627342154,0.7733877575492437,13.407586607330522,0.02521337495168878,3.68038067321267,0.5387335632352666,0.0,0.46126643676473345,0.7737794490000263,0.24206383987538205,3.183094390515922
2025_04_SEA_ARI,2025,4,ARI,SEA,-3,-1.5,-1.5,43.5,11.817134830026223,0.03262673103186514,3.4226233562988555,0.5,0.0,0.5,0.6931471805599453,2,11.768099419483244,0.032760174061580716,3.418541706776319,0.5,0.0,0.5,0.6931471805599453,13.281300474304977,0.08053706217002293,2.519037800881395,0.4865129729716564,0.0,0.5134870270283436,0.6665305137528281,13.539133180851147,0.07957639717968326,2.5310377479450827,0.4868419263565311,0.0,0.5131580736434689,0.6671713455181907,-0.8915856083537728,2.910838227579368
2025_04_TEN_HOU,2025,4,HOU,TEN,26,7.5,7.5,39.5,11.817134830026223,0.009865968871614506,4.618663931292687,0.5,0.0,0.5,0.6931471805599453,0,11.75387958317434,0.009804057301481928,4.6249589686289525,0.5,0.0,0.5,0.6931471805599453,13.281300474304977,0.00995025150880105,4.610157450864663,0.44108443875717784,0.0,0.5589155612428222,0.8185189507588319,13.030882475647946,0.009752852646730948,4.630195457613422,0.43993696891610423,0.0,0.5600630310838958,0.8211238147948439,0.011531526320735175,13.000892698467283
2025_04_WAS_ATL,2025,4,ATL,WAS,7,2.5,2.5,43.5,11.817134830026223,0.0304127132189993,3.492894559996972,0.5,0.0,0.5,0.6931471805599453,0,11.776102499036826,0.03050189637582612,3.4899664210450405,0.5,0.0,0.5,0.6931471805599453,13.281300474304977,0.04997186924618281,2.9962950469575844,0.5152139019970692,0.0,0.4847860980029309,0.6631731208660829,13.464858888602034,0.04956831283401052,3.004403503558538,0.5149270687198553,0.0,0.48507293128014467,0.6637300024828328,-0.48849105643843416,3.654674328773277
2025_05_DAL_NYJ,2025,5,NYJ,DAL,-15,1.5,1.5,48.5,11.817134830026223,0.012366600025776261,4.392755986802622,0.5,0.0,0.5,0.6931471805599453,2,11.838502497465385,0.012384272506209021,4.391327957676525,0.5,0.0,0.5,0.6931471805599453,13.281300474304977,0.011877455790979196,4.433113146991438,0.5134870270283437,0.0,0.4865129729716563,0.7204917117883667,13.619640794169408,0.012039717345168916,4.419544315691909,0.5130610273399048,0.0,0.48693897266009517,0.7196164765648001,0.026788328889287172,10.426610131301116
2025_05_DEN_PHI,2025,5,PHI,DEN,-4,3.5,3.5,44.5,11.817134830026223,0.026494890157338635,3.6308033888343187,0.5,0.0,0.5,0.6931471805599453,2,11.798803077317208,0.02651848785987737,3.6299131341484316,0.5,0.0,0.5,0.6931471805599453,13.281300474304977,0.022005458780507466,3.816464730015379,0.46144714627342154,0.0,0.5385528537265785,0.6188696372920004,13.407586607330522,0.02185801963054684,3.823187393633684,0.46126643676473345,0.0,0.5387335632352666,0.6185341471056622,0.19238400479936546,4.363618797600822
2025_05_DET_CIN,2025,5,CIN,DET,-13,-10.5,-10.5,49.5,11.817134830026223,0.032118700983177706,3.438316833337288,0.5,0.0,0.5,0.6931471805599453,2,11.924492684698645,0.03184368197387394,3.446916284808755,0.5,0.0,0.5,0.6931471805599453,13.281300474304977,0.02617967882423113,3.6427717865576397,0.5523579791045776,0.0,0.4476420208954224,0.8037614264874516,12.976188306988426,0.026717370350030873,3.622441350200525,0.5532657680000499,0.0,0.44673423199995016,0.8057914204732576,0.18412451686323683,3.546872493604376
2025_05_HOU_BAL,2025,5,BAL,HOU,-34,-2.5,-2.5,41.5,11.817134830026223,0.001720574380049144,6.36509710201392,0.5,0.0,0.5,0.6931471805599453,2,11.74575577841918,0.0016836233342282531,6.386807061441729,0.5,0.0,0.5,0.6931471805599453,13.281300474304977,0.0018048791670571662,6.31726163289674,0.48478609800293093,0.0,0.5152139019970691,0.6631731208660832,13.430369620011117,0.0018838435842139375,6.274441129515596,0.4850188891632742,0.0,0.5149811108367258,0.6636250569779949,-0.09065597249832447,24.62241026626336
2025_05_KC_JAX,2025,5,JAX,KC,3,-3.5,-3.5,45.5,11.817134830026223,0.02794319149149682,3.5775817050662035,0.5,0.0,0.5,0.6931471805599453,0,11.813186327422068,0.02794951157464265,3.5773555545017808,0.5,0.0,0.5,0.6931471805599453,13.281300474304977,0.07190479942486264,2.632412265094001,0.5385528537265785,0.0,0.46144714627342154,0.6188696372920004,13.423832242563078,0.07175227627684128,2.634535699732867,0.538704275766533,0.0,0.46129572423346704,0.6185885121329159,-0.9430460053333367,3.9321869324428844
2025_05_LV_IND,2025,5,IND,LV,34,7.0,7.0,46.5,11.817134830026223,0.0032699420041198968,5.722983029973406,0.4835416654153794,0.03291666916924113,0.4835416654153794,0.7266177932093001,0,11.855449405740835,0.0032993151293466694,5.71404036861001,0.48359482091386485,0.03281035817227029,0.48359482091386485,0.7265078697408127,13.281300474304977,0.0035495361544803125,5.640938344741438,0.42704149793179935,0.05372393230418827,0.5192345697640124,0.8508740856236652,13.18345675461091,0.0034711966847952827,5.663255878540718,0.42617813303433283,0.05423304405961894,0.5195888229060482,0.8528978674514742,-0.05972715143268825,20.693348910050233
2025_05_MIA_CAR,2025,5,CAR,MIA,3,-1.5,-1.5,44.5,11.817134830026223,0.0304127132189993,3.492894559996972,0.5,0.0,0.5,0.6931471805599453,0,11.782771512833445,0.030487370277099024,3.4904427704028524,0.5,0.0,0.5,0.6931471805599453,13.281300474304977,0.0764115654434124,2.571621214117104,0.4865129729716564,0.0,0.5134870270283436,0.7204917117883664,13.55591131196455,0.07557718901643236,2.5826007739139594,0.48686227354483536,0.0,0.5131377264551646,0.7197740017594275,-0.9102937860830127,3.39814951628797
2025_05_MIN_CLE,2025,5,CLE,MIN,-4,-3.5,-3.5,35.5,11.817134830026223,0.03288430391605246,3.414759819670353,0.5,0.0,0.5,0.6931471805599453,2,11.653550166028111,0.033344675747114805,3.4008571671282395,0.5,0.0,0.5,0.6931471805599453,13.281300474304977,0.02590310365694047,3.6533924851416595,0.5385528537265785,0.0,0.46144714627342154,0.7733877575492437,13.243519196473928,0.025934933758252426,3.6521644253269194,0.539030964150973,0.0,0.4609690358490271,0.774424405597006,0.2374046056565664,2.8405599399237906
2025_05_NE_BUF,2025,5,BUF,NE,-3,7.5,7.5,49.5,11.817134830026223,0.02167922893372448,3.8314006688307853,0.5,0.0,0.5,0.6931471805599453,2,11.900197425228788,0.02164875937243696,3.8328071299891,0.5,0.0,0.5,0.6931471805599453,13.281300474304977,0.059890100307332446,2.815244057847719,0.44108443875717784,0.0,0.5589155612428222,0.5817568704696028,13.19211112741188,0.0603048273702497,2.8083431225619275,0.44033870205585735,0.0,0.5596612979441427,0.5804235033331725,-1.0230575462688578,5.566762654737937
2025_05_NYG_NO,2025,5,NO,NYG,12,1.5,1.5,41.5,11.817134830026223,0.021679228933724426,3.831400668830788,0.5,0.0,0.5,0.6931471805599453,0,11.73777332260077,0.021707085448079977,3.8301165533865373,0.5,0.0,0.5,0.6931471805599453,13.281300474304977,0.018772865837071443,3.9753427582551555,0.5134870270283437,0.0,0.4865129729716563,0.6665305137528279,13.504453663997253,0.018665102208738092,3.981099690673546,0.5132003365462348,0.0,0.4867996634537653,0.66708899046099,0.14969902184275785,6.50415932587842
2025_05_SF_LA,2025,5,LA,SF,-3,8.5,8.5,43.5,11.817134830026223,0.02001894999297621,3.9110759543737883,0.5,0.0,0.5,0.6931471805599453,2,11.824235400993805,0.020018353827344626,3.911105734882201,0.5,0.0,0.5,0.6931471805599453,13.281300474304977,0.056492497816298747,2.873647431658465,0.4431009198099416,0.0,0.5568990801900584,0.5853712400487536,13.027692011447693,0.05695748374037512,2.8654501887605366,0.4420460665894953,0.0,0.5579539334105047,0.5834788766208096,-1.0456257656132517,6.092197409439318
2025_05_TB_SEA,2025,5,SEA,TB,-3,3.5,3.5,44.5,11.817134830026223,0.027943191491496877,3.5775817050662013,0.5,0.0,0.5,0.6931471805599453,2,11.798803077317208,0.02797254719651837,3.5765317070367617,0.5,0.0,0.5,0.6931471805599453,13.281300474304977,0.07190479942486264,2.632412265094001,0.46144714627342154,0.0,0.5385528537265785,0.6188696372920004,13.407586607330522,0.07180911379888742,2.63374387785115,0.46126643676473345,0.0,0.5387335632352666,0.6185341471056622,-0.9438378272150514,3.9300993116084157
2025_05_TEN_ARI,2025,5,ARI,TEN,-1,7.5,7.5,41.5,11.817134830026223,0.024946916789699264,3.691005039983854,0.5,0.0,0.5,0.6931471805599453,2,11.785749560288595,0.024977299446734325,3.6897878887463844,0.5,0.0,0.5,0.6931471805599453,13.281300474304977,0.021294076928533495,3.849326323410351,0.44108443875717784,0.0,0.5589155612428222,0.5817568704696028,13.066001253555534,0.021443699028575756,3.8423244283431077,0.4400247109799772,0.0,0.5599752890200228,0.5798626229765151,0.15131938835925363,4.623048522549602
2025_05_WAS_LAC,2025,5,LAC,WAS,-17,2.5,2.5,47.5,11.817134830026223,0.008760297952110946,4.737525361814206,0.5,0.0,0.5,0.6931471805599453,2,11.833030624090915,0.008776208731152917,4.735710771976541,0.5,0.0,0.5,0.6931471805599453,13.281300474304977,0.008829520310166521,4.729654590851379,0.5152139019970692,0.0,0.4847860980029309,0.7240475203747179,13.529556669425853,0.009007749552689131,4.709670010736723,0.5148267160759881,0.0,0.485173283924012,0.7232491654149937,-0.02785535107748327,12.813896996676728
2025_06_ARI_IND,2025,6,IND,ARI,4,8.5,8.5,46.5,11.817134830026223,0.030412713218999243,3.492894559996974,0.5,0.0,0.5,0.6931471805599453,2,11.867545186550567,0.03030377005571616,3.496483149925811,0.5,0.0,0.5,0.6931471805599453,13.281300474304977,0.024876022646476162,3.6938508853664045,0.4431009198099416,0.0,0.5568990801900584,0.5853712400487536,13.075121042881127,0.02516652161635539,3.6822406750004046,0.44214848116932703,0.0,0.557851518830673,0.5836624472959906,0.1893461150034308,3.197467062587184
2025_06_BUF_ATL,2025,6,ATL,BUF,10,-3.5,-3.5,49.5,11.817134830026223,0.016773073023711893,4.0879804746325465,0.5,0.0,0.5,0.6931471805599453,0,11.867880728139085,0.016792062451287504,4.086848977361175,0.5,0.0,0.5,0.6931471805599453,13.281300474304977,0.015340958581095746,4.17722899600609,0.5385528537265785,0.0,0.46144714627342154,0.6188696372920004,13.485607543818244,0.01534931051708572,4.176684723411449,0.5385931732780038,0.0,0.4614068267219961,0.6187947736236892,0.08870424877890226,7.923121268675763
2025_06_CHI_WAS,2025,6,WAS,CHI,-1,5.5,5.5,49.5,11.817134830026223,0.027943191491496877,3.5775817050662013,0.5,0.0,0.5,0.6931471805599453,2,11.884028091683518,0.027836362407765602,3.5814121126933665,0.5,0.0,0.5,0.6931471805599453,13.281300474304977,0.02304724823709626,3.7702088990046754,0.46484375096624786,0.0,0.5351562490337521,0.625196520456981,13.33805208187141,0.022953191450366665,3.7742982911255147,0.46452902752762126,0.0,0.5354709724723787,0.6246085969643403,0.19671658605931341,3.922553139532474
2025_06_CIN_GB,2025,6,GB,CIN,9,14.0,14.0,44.5,11.817134830026223,0.02985837771126787,3.5112898181772905,0.4835416654153794,0.03291666916924113,0.4835416654153794,0.7266177932093001,2,11.883327341830368,0.029724046057483078,3.5157989291832337,0.4836332819781278,0.032733436043744346,0.4836332819781278,0.7264283413148536,13.281300474304977,0.02528640401361788,3.6774884184609236,0.44308989262678117,0.027201775854756416,0.5297083315184624,0.6354287418061304,12.655098936801911,0.02631649284136079,3.6375594321118614,0.4419918833935766,0.028519625259946273,0.5294884913464771,0.6358438491221577,0.12626961393457092,3.4293166030449496
2025_06_CLE_PIT,2025,6,PIT,CLE,14,5.5,5.5,37.5,11.817134830026223,0.02494691678969918,3.6910050399838576,0.5,0.0,0.5,0.6931471805599453,0,11.70452120882134,0.025055624975644952,3.686656926732878,0.5,0.0,0.5,0.6931471805599453,13.281300474304977,0.02112927915693361,3.8570955626103163,0.46484375096624786,0.0,0.5351562490337521,0.7660539492893822,13.13779016712105,0.02121425393288949,3.8530819679087713,0.4642899741098996,0.0,0.5357100258901004,0.7672459777498197,0.16207692792491368,5.695891073962576
2025_06_DAL_CAR,2025,6,CAR,DAL,3,-3.0,-3.0,47.5,11.817134830026223,0.028619843555756086,3.5536549711246743,0.4835416654153794,0.03291666916924113,0.4835416654153794,0.7266177932093001,0,11.83705355875829,0.028584977977059722,3.554873944703451,0.48356934244887295,0.032861315102254096,0.48356934244887295,0.7265605566908941,13.281300474304977,0.07314631693885662,2.6152935022182118,0.4710202023170914,0.08124712376125284,0.4477326739216557,0.7528542934925962,13.49239475447701,0.07270922939933899,2.621286950652513,0.47157401428460227,0.08049969836480737,0.44792628735059037,0.751679213014735,-0.9323680204721612,3.7858476665532335
2025_06_DEN_NYJ,2025,6,NYJ,DEN,-2,-7.5,-7.5,43.5,11.817134830026223,0.029259522547047445,3.531550201122491,0.5,0.0,0.5,0.6931471805599453,0,11.816199610155353,0.02926129752732687,3.531489539625345,0.5,0.0,0.5,0.6931471805599453,13.281300474304977,0.02405173123527195,3.7275483001865584,0.558915561242822,0.0,0.44108443875717795,0.581756870469603,13.099554822027073,0.024271552520543704,3.7184502925815153,0.5598915800652045,0.0,0.4401084199347956,0.5800121210236224,0.18690009145902442,3.4679391504746975
2025_06_DET_KC,2025,6,KC,DET,13,2.5,2.5,51.5,11.817134830026223,0.021679228933724426,3.831400668830788,0.5,0.0,0.5,0.6931471805599453,0,11.88559593768866,0.021654210574509003,3.8325553596321233,0.5,0.0,0.5,0.6931471805599453,13.281300474304977,0.018797346262167565,3.9740395753774,0.5152139019970692,0.0,0.4847860980029309,0.6631731208660829,13.589294524438095,0.01865570644933423,3.9816032038577567,0.5147352250120184,0.0,0.4852647749879816,0.6641026367168426,0.15020253502696868,6.60551926069404
2025_06_LAC_MIA,2025,6,MIA,LAC,-2,-3.5,-3.5,45.5,11.817134830026223,0.032626731031865086,3.4226233562988573,0.5,0.0,0.5,0.6931471805599453,0,11.813186327422068,0.032637436460616565,3.4222952917801845,0.5,0.0,0.5,0.6931471805599453,13.281300474304977,0.025751919730872527,3.659246101996059,0.5385528537265785,0.0,0.46144714627342154,0.6188696372920004,13.423832242563078,0.025477323135891055,3.6699665112582007,0.538704275766533,0.0,0.46129572423346704,0.6185885121329159,0.24734315495934345,2.88487831160851
2025_06_LA_BAL,2025,6,BAL,LA,-14,-7.0,-7.0,43.5,11.817134830026223,0.027233529362460096,3.6033063676782464,0.4835416654153794,0.03291666916924113,0.4835416654153794,0.7266177932093001,2,11.812183762899753,0.027240684597225895,3.6030436659598792,0.483534771447487,0.032930457105025956,0.483534771447487,0.726632050547458,13.281300474304977,0.02272810775343409,3.784152893442101,0.5192345697640123,0.05372393230418827,0.42704149793179946,0.850874085623665,13.135634743421482,0.022859659426862414,3.7783815189389447,0.5195776709825899,0.05441473218839074,0.42600759682901934,0.8532980999398012,0.17507515126069828,5.030737667110348
2025_06_NE_NO,2025,6,NO,NE,-6,-3.5,-3.5,46.5,11.817134830026223,0.032118700983177706,3.438316833337288,0.5,0.0,0.5,0.6931471805599453,2,11.827273839268974,0.03209253064185902,3.4391319662075173,0.5,0.0,0.5,0.6931471805599453,13.281300474304977,0.025452362407219924,3.670946714862581,0.5385528537265785,0.0,0.46144714627342154,0.7733877575492437,13.439743730660771,0.02516156959138742,3.682437464700356,0.5386756188484927,0.0,0.46132438115150726,0.7736538366793207,0.24412063136306816,3.1892011290987106
2025_06_PHI_NYG,2025,6,NYG,PHI,17,-7.0,-7.0,40.5,11.817134830026223,0.004931119134323758,5.312189311755435,0.4835416654153794,0.03291666916924113,0.4835416654153794,0.7266177932093001,0,11.76600038841759,0.004883875615275812,5.321816190855734,0.4834701855683507,0.03305962886329855,0.4834701855683507,0.7267656297577068,13.281300474304977,0.0052890767565226616,5.242111574520585,0.5192345697640123,0.05372393230418827,0.42704149793179946,0.655399533058381,13.08458656233556,0.005115026878519397,5.275572624749852,0.5195650405905482,0.05461009827391943,0.42582486113553236,0.6547632778376621,-0.03661668700558263,16.439702499065895
2025_06_SEA_JAX,2025,6,JAX,SEA,-8,-1.5,-1.5,47.5,11.817134830026223,0.027943191491496877,3.5775817050662013,0.5,0.0,0.5,0.6931471805599453,2,11.824988855988751,0.027930624835841356,3.578031527780791,0.5,0.0,0.5,0.6931471805599453,13.281300474304977,0.022843388170754264,3.7790935614678753,0.4865129729716564,0.0,0.5134870270283436,0.6665305137528281,13.60418784487148,0.02246074394202106,3.7959862072452797,0.48692045970314635,0.0,0.5130795402968537,0.6673243965186642,0.21840450217907836,4.374190997803423
2025_06_SF_TB,2025,6,TB,SF,11,3.5,3.5,46.5,11.817134830026223,0.026494890157338746,3.6308033888343147,0.5,0.0,0.5,0.6931471805599453,0,11.827273839268974,0.02648184096643935,3.6312960274281463,0.5,0.0,0.5,0.6931471805599453,13.281300474304977,0.022005458780507563,3.8164647300153747,0.46144714627342154,0.0,0.5385528537265785,0.7733877575492437,13.439743730660771,0.0218279096719553,3.824565867839918,0.4613243811515073,0.0,0.5386756188484927,0.7736538366793206,0.19376247900560317,5.029574669739717
2025_06_TEN_LV,2025,6,LV,TEN,10,3.5,3.5,41.5,11.817134830026223,0.02794319149149682,3.5775817050662035,0.5,0.0,0.5,0.6931471805599453,0,11.753743662831175,0.02804484790523787,3.573950339276412,0.5,0.0,0.5,0.6931471805599453,13.281300474304977,0.022917440512894943,3.775857063838271,0.46144714627342154,0.0,0.5385528537265785,0.7733877575492437,13.356691993471394,0.022803258623319927,3.780851831158693,0.4611744967249304,0.0,0.5388255032750696,0.7739787897637967,0.20327012609248962,4.5482715404958265
2025_07_ATL_SF,2025,7,SF,ATL,10,1.5,1.5,46.5,11.817134830026223,0.02494691678969918,3.6910050399838576,0.5,0.0,0.5,0.6931471805599453,0,11.811203590280254,0.024952663442268763,3.690774711288976,0.5,0.0,0.5,0.6931471805599453,13.281300474304977,0.020942384122594634,3.8659802250735162,0.5134870270283437,0.0,0.4865129729716563,0.6665305137528279,13.588424181333181,0.020686501998427288,3.8782738687763922,0.5130984812862502,0.0,0.4869015187137497,0.6672874809172765,0.1872688287925346,5.355439082677965
2025_07_CAR_NYJ,2025,7,NYJ,CAR,-7,1.5,1.5,39.5,11.817134830026223,0.024946916789699264,3.691005039983854,0.5,0.0,0.5,0.6931471805599453,2,11.706033078567073,0.025054171356334615,3.6867149441034184,0.5,0.0,0.5,0.6931471805599453,13.281300474304977,0.04291591932486905,3.148512442047482,0.5134870270283437,0.0,0.4865129729716563,0.7204917117883667,13.468156414380799,0.042738371521823866,3.152658131786527,0.5132448712393101,0.0,0.48675512876068994,0.7199940980402134,-0.5383469081973269,5.006814729922153
2025_07_GB_ARI,2025,7,ARI,GB,-4,-7.0,-7.0,44.5,11.817134830026223,0.031774848755694474,3.449080221770206,0.4835416654153794,0.03291666916924113,0.4835416654153794,0.7266177932093001,0,11.826910819212012,0.03175044606139976,3.44984850456418,0.4835552607706068,0.03288947845878637,0.4835552607706068,0.7265896774023728,13.281300474304977,0.02553539790397875,3.667689636314346,0.5192345697640123,0.05372393230418827,0.42704149793179946,0.655399533058381,13.151912846239364,0.02572196172803956,3.660410110046994,0.5195815402304397,0.054352743675450364,0.4260657160941099,0.6547315217020073,0.21132988827678778,2.957553238539261
2025_07_HOU_SEA,2025,7,SEA,HOU,8,3.0,3.0,41.5,11.817134830026223,0.02985837771126776,3.511289818177294,0.4835416654153794,0.03291666916924113,0.4835416654153794,0.7266177932093001,0,11.749749041820301,0.029996166411898395,3.506685691755396,0.48344733796823436,0.03310532406353128,0.48344733796823436,0.7268128883905569,13.281300474304977,0.024071660183328392,3.726720056431984,0.4477326739216556,0.08124712376125284,0.4710202023170915,0.8035589346657199,13.39348014419568,0.023889184974262817,3.7343294339960353,0.4476505220638299,0.08102977297317944,0.47131970496299064,0.8037424356704844,0.22303961581874132,3.8789451349060178
2025_07_IND_LAC,2025,7,LAC,IND,-14,2.5,2.5,48.5,11.817134830026223,0.012366600025776261,4.392755986802622,0.5,0.0,0.5,0.6931471805599453,2,11.846553455730204,0.012390898108859641,4.390793099377342,0.5,0.0,0.5,0.6931471805599453,13.281300474304977,0.011892944378036022,4.4318099641136826,0.5152139019970692,0.0,0.4847860980029309,0.7240475203747179,13.544924845433131,0.012017438383038603,4.421396485478818,0.5148030727157503,0.0,0.4851969272842497,0.7232004348171883,0.02864049867619567,10.317493006165872
2025_07_LA_JAX,2025,7,JAX,LA,-28,-3.0,-3.0,44.5,11.817134830026223,0.004308707608126596,5.447117278736493,0.4835416654153794,0.03291666916924113,0.4835416654153794,0.7266177932093001,2,11.79479314243792,0.004289156254160226,5.451665242737667,0.4835105105663239,0.03297897886735224,0.4835105105663239,0.7266822258218107,13.281300474304977,0.0045926408603423965,5.383300069523394,0.4710202023170914,0.08124712376125284,0.4477326739216557,0.8035589346657197,13.444514936380896,0.00471980552203054,5.355987683193169,0.4714514982297258,0.08075538107058827,0.44779312069968585,0.8034239373747762,-0.09112959554332356,18.419792316863404
2025_07_LV_KC,2025,7,KC,LV,31,13.5,13.5,44.5,11.817134830026223,0.011068624546949457,4.503640790482729,0.5,0.0,0.5,0.6931471805599453,0,11.879288680579927,0.011124995895163359,4.4985608199039815,0.5,0.0,0.5,0.6931471805599453,13.281300474304977,0.011344487176067442,4.479023364410394,0.45534540967427006,0.0,0.5446545903257299,0.7866990058925817,12.68995469954207,0.010940184988280728,4.51531257278202,0.4547841489513633,0.0,0.5452158510486367,0.7879323705025673,0.01167178229929089,12.253550137619644
2025_07_MIA_CLE,2025,7,CLE,MIA,25,2.5,2.5,34.5,11.817134830026223,0.00601058794741538,5.114232707030971,0.5,0.0,0.5,0.6931471805599453,0,11.62740260324183,0.005822938093428154,5.145950317571586,0.5,0.0,0.5,0.6931471805599453,13.281300474304977,0.0062820208733745785,5.070063555143635,0.5152139019970692,0.0,0.4847860980029309,0.6631731208660829,13.29585521974573,0.006286121894572559,5.06941094935784,0.5151955949708604,0.0,0.48480440502913963,0.6632086543627452,-0.044821757673131124,16.119548633744976
2025_07_NE_TEN,2025,7,TEN,NE,-18,-6.5,-6.5,40.5,11.817134830026223,0.02001894999297621,3.9110759543737883,0.5,0.0,0.5,0.6931471805599453,2,11.762001601842538,0.020023162139007733,3.9108655685663076,0.5,0.0,0.5,0.6931471805599453,13.281300474304977,0.017849481068734834,4.025780842958643,0.5333001619210516,0.0,0.4666998380789485,0.762068972975327,13.12062525686078,0.01786048804204588,4.02516437792472,0.5338059327638476,0.0,0.4661940672361524,0.7631532782526327,0.11408842355093185,7.57196552865507
2025_07_NO_CHI,2025,7,CHI,NO,12,4.5,4.5,43.5,11.817134830026223,0.026494890157338746,3.6308033888343147,0.5,0.0,0.5,0.6931471805599453,0,11.792124989702549,0.02652708558652961,3.6295889703711763,0.5,0.0,0.5,0.6931471805599453,13.281300474304977,0.022061382906175087,3.813926578718394,0.4630852207517355,0.0,0.5369147792482645,0.769844179734472,13.317530452200415,0.02199842240877486,3.8167845368870643,0.46274333101592935,0.0,0.5372566689840707,0.7705827392673235,0.18598114805274957,5.108246248998057
2025_07_NYG_DEN,2025,7,DEN,NYG,1,7.5,7.5,39.5,11.817134830026223,0.027943191491496877,3.5775817050662013,0.5,0.0,0.5,0.6931471805599453,2,11.75387958317434,0.028044629505058982,3.573958126839747,0.5,0.0,0.5,0.6931471805599453,13.281300474304977,0.023227005204798423,3.76243965980471,0.44108443875717784,0.0,0.5589155612428222,0.5817568704696028,13.030882475647946,0.02349947373771103,3.7507772522227323,0.43993696891610423,0.0,0.5600630310838958,0.5797059460798812,0.17319554715653096,3.8108860166056533
2025_07_PHI_MIN,2025,7,MIN,PHI,-6,-2.5,-2.5,43.5,11.817134830026223,0.03137406965938544,3.461773534260331,0.5,0.0,0.5,0.6931471805599453,2,11.776102499036826,0.03147282421132752,3.458630828960523,0.5,0.0,0.5,0.6931471805599453,13.281300474304977,0.024961655246368234,3.6904144217194506,0.48478609800293093,0.0,0.5152139019970691,0.6631731208660832,13.464858888602034,0.02464971015898999,3.702990136818551,0.4850729312801447,0.0,0.5149270687198553,0.6637300024828328,0.24121660255821986,3.3733211494004807
2025_07_PIT_CIN,2025,7,CIN,PIT,2,-5.5,-5.5,45.5,11.817134830026223,0.026494890157338746,3.6308033888343147,0.5,0.0,0.5,0.6931471805599453,0,11.829259274110413,0.026479285856376045,3.631392517447093,0.5,0.0,0.5,0.6931471805599453,13.281300474304977,0.02213010090721872,3.8108165651817787,0.535156249033752,0.0,0.464843750966248,0.6251965204569813,13.276952707383652,0.022106392113436568,3.8118884763769625,0.5355440632582444,0.0,0.4644559367417556,0.624472108150382,0.18108508754264774,4.262380722903103
2025_07_TB_DET,2025,7,DET,TB,15,6.0,6.0,54.5,11.817134830026223,0.024145636522340364,3.7236515975133164,0.4835416654153794,0.03291666916924113,0.4835416654153794,0.7266177932093001,0,11.950947718145395,0.024036169367452898,3.728195526127689,0.4837258279073602,0.03254834418527963,0.4837258279073602,0.726237004036755,13.281300474304977,0.020638667046717386,3.880588921524116,0.45270368503447894,0.02611474295816992,0.5211815720073512,0.7925174844485946,13.371345018886599,0.020550727037344636,3.8848589597195025,0.45251823384818657,0.025922109752534183,0.5215596563992793,0.7929272208569127,0.16120736220618603,6.015498628049264
2025_07_WAS_DAL,2025,7,DAL,WAS,22,1.5,1.5,54.5,11.817134830026223,0.007751020847879153,4.859930721984515,0.5,0.0,0.5,0.6931471805599453,0,11.914442588637945,0.007848672782403088,4.847410833787492,0.5,0.0,0.5,0.6931471805599453,13.281300474304977,0.007908354932343042,4.839835491987105,0.5134870270283437,0.0,0.4865129729716563,0.6665305137528279,13.706476873551011,0.008234813584246941,4.7993845526158045,0.5129579920906437,0.0,0.4870420079093563,0.6675613239271492,-0.0605461693687106,14.093795091565251
2025_08_BUF_CAR,2025,8,CAR,BUF,-31,-7.0,-7.0,47.5,11.817134830026223,0.004931119134323786,5.312189311755429,0.4835416654153794,0.03291666916924113,0.4835416654153794,0.7266177932093001,2,11.869286312276445,0.004979124565238781,5.302501193511163,0.4836139332000766,0.032772133599846764,0.4836139332000766,0.7264683492419898,13.281300474304977,0.005289076756522624,5.242111574520592,0.5192345697640123,0.05372393230418827,0.42704149793179946,0.850874085623665,13.19875062340527,0.00521275200207765,5.256647347303503,0.5195922524802854,0.05417520809940838,0.42623253942030626,0.8527702144602449,-0.055541964451925274,17.85326593738929
2025_08_CHI_BAL,2025,8,BAL,CHI,14,2.5,2.5,45.5,11.817134830026223,0.020018949992976265,3.911075954373785,0.5,0.0,0.5,0.6931471805599453,0,11.805158045571817,0.020019927972480978,3.9110271028797077,0.5,0.0,0.5,0.6931471805599453,13.281300474304977,0.017650270410359232,4.037004175019952,0.5152139019970692,0.0,0.4847860980029309,0.6631731208660829,13.497880225340767,0.017585069637384862,4.0407050530193995,0.5148756835397486,0.0,0.4851243164602515,0.6638297986428967,0.12962909864561434,7.239714565986876
2025_08_CLE_NE,2025,8,NE,CLE,19,7.0,7.0,40.5,11.817134830026223,0.01919391014853411,3.95316223002439,0.4835416654153794,0.03291666916924113,0.4835416654153794,0.7266177932093001,0,11.76600038841759,0.01919128459418684,3.953299030390727,0.4834701855683507,0.03305962886329855,0.4834701855683507,0.7267656297577068,13.281300474304977,0.01729566897313824,4.057299157194301,0.42704149793179935,0.05372393230418827,0.5192345697640124,0.8508740856236652,13.08458656233556,0.017297428493943005,4.057197430495329,0.42582486113553236,0.05461009827391943,0.5195650405905482,0.8537271413424421,0.10403520047093862,7.935825328478699
2025_08_DAL_DEN,2025,8,DEN,DAL,20,3.5,3.5,51.5,11.817134830026223,0.012366600025776164,4.39275598680263,0.5,0.0,0.5,0.6931471805599453,0,11.89367892258201,0.012429318815982526,4.387697176571597,0.5,0.0,0.5,0.6931471805599453,13.281300474304977,0.011915959423339685,4.429876649361833,0.46144714627342154,0.0,0.5385528537265785,0.7733877575492437,13.514745052216718,0.012024586571152894,4.4208018443586505,0.4614590842175834,0.0,0.5385409157824166,0.7733618872196952,0.028045857556020515,10.97758937586406
2025_08_GB_PIT,2025,8,PIT,GB,-10,-3.0,-3.0,46.5,11.817134830026223,0.027233529362460096,3.6033063676782464,0.4835416654153794,0.03291666916924113,0.4835416654153794,0.7266177932093001,2,11.823254228331814,0.0272246876528362,3.603631083035677,0.48355017822127416,0.03289964355745173,0.48355017822127416,0.7266001882507824,13.281300474304977,0.02244936259463418,3.796493057418135,0.4710202023170914,0.08124712376125284,0.4477326739216557,0.8035589346657197,13.476760629628044,0.02222017748875018,3.806754507010018,0.471534128656415,0.08058300127496987,0.44788287006861516,0.8032235314910533,0.20344813933177175,4.74384438281286
2025_08_MIA_ATL,2025,8,ATL,MIA,-24,7.0,7.0,44.5,11.817134830026223,0.0018498009727048476,6.292677228001001,0.4835416654153794,0.03291666916924113,0.4835416654153794,0.7266177932093001,2,11.826910819212012,0.0018551313592501534,6.289799771817962,0.4835552607706068,0.03288947845878637,0.4835552607706068,0.7265896774023728,13.281300474304977,0.001975795786911737,6.226784031701686,0.42704149793179935,0.05372393230418827,0.5192345697640124,0.6553995330583807,13.151912846239364,0.0018998517283823155,6.26597943354836,0.42606571609410987,0.054352743675450364,0.5195815402304398,0.6547315217020071,-0.026697794452640977,23.12404790894901
2025_08_MIN_LAC,2025,8,LAC,MIN,27,3.0,3.0,45.5,11.817134830026223,0.004931119134323758,5.312189311755435,0.4835416654153794,0.03291666916924113,0.4835416654153794,0.7266177932093001,0,11.80917150425912,0.004923772972812102,5.313680177975475,0.48353057429089025,0.03293885141821956,0.48353057429089025,0.7266407307397849,13.281300474304977,0.005224209740033834,5.25445173849662,0.4477326739216556,0.08124712376125284,0.4710202023170915,0.8035589346657199,13.460805316740302,0.005367352029106507,5.227420596526784,0.4478384954510532,0.08066820008461024,0.47149330446433657,0.8033226127886676,-0.08476871522865093,17.4814777028737
2025_08_NYG_PHI,2025,8,PHI,NYG,18,7.0,7.0,43.5,11.817134830026223,0.020848423664393545,3.8704769372216337,0.4835416654153794,0.03291666916924113,0.4835416654153794,0.7266177932093001,0,11.812183762899753,0.02084949942530545,3.870425339404168,0.483534771447487,0.032930457105025956,0.483534771447487,0.726632050547458,13.281300474304977,0.01846997490098675,3.991608843678964,0.42704149793179935,0.05372393230418827,0.5192345697640124,0.8508740856236652,13.135634743421482,0.01849255275482678,3.9903871817375345,0.4260075968290193,0.05441473218839073,0.51957767098259,0.8532980999398013,0.11991024451590082,7.273556533744147
2025_08_NYJ_CIN,2025,8,CIN,NYJ,-1,5.5,5.5,43.5,11.817134830026223,0.027943191491496877,3.5775817050662013,0.5,0.0,0.5,0.6931471805599453,2,11.800144408219877,0.02797039808872176,3.576608539165879,0.5,0.0,0.5,0.6931471805599453,13.281300474304977,0.02304724823709626,3.7702088990046754,0.46484375096624786,0.0,0.5351562490337521,0.625196520456981,13.244471849730784,0.02306048128306895,3.7696348934540334,0.46441713445029453,0.0,0.5355828655497055,0.624399656808838,0.19205318838783203,3.9105410950333632
2025_08_SF_HOU,2025,8,HOU,SF,11,2.5,2.5,41.5,11.817134830026223,0.02494691678969918,3.6910050399838576,0.5,0.0,0.5,0.6931471805599453,0,11.74575577841918,0.02501592094110172,3.6882428191649086,0.5,0.0,0.5,0.6931471805599453,13.281300474304977,0.02096969366980479,3.8646770421957606,0.5152139019970692,0.0,0.4847860980029309,0.6631731208660829,13.430369620011117,0.020830562168543777,3.8713340356651904,0.5149811108367259,0.0,0.4850188891632741,0.6636250569779947,0.18032899568133276,5.44938369824205
2025_08_TB_NO,2025,8,NO,TB,-20,-4.5,-4.5,46.5,11.817134830026223,0.013755540730698068,4.286313573804446,0.5,0.0,0.5,0.6931471805599453,2,11.835317161309657,0.01376847339698234,4.285373836804165,0.5,0.0,0.5,0.6931471805599453,13.281300474304977,0.013062903866769228,4.33797883170488,0.5369147792482645,0.0,0.4630852207517356,0.7698441797344718,13.366014678714068,0.013082329740497995,4.3364928340966555,0.5371834106674226,0.0,0.4628165893325774,0.7704244387290429,0.050179260292209094,10.29889577818987
2025_08_TEN_IND,2025,8,IND,TEN,24,15.5,15.5,47.5,11.817134830026223,0.02494691678969918,3.6910050399838576,0.5,0.0,0.5,0.6931471805599453,0,11.93807263836834,0.02482927327931006,3.695731947739344,0.5,0.0,0.5,0.6931471805599453,13.281300474304977,0.022244220845129822,3.8056730414049977,0.46076567206900376,0.0,0.5392343279309962,0.7748656687534786,12.595803157961841,0.022912193504575504,3.7760860426837213,0.4607289044341428,0.0,0.5392710955658572,0.7749454687562523,0.08508100269986363,5.853179737416094
2025_08_WAS_KC,2025,8,KC,WAS,21,10.5,10.5,48.5,11.817134830026223,0.021679228933724426,3.831400668830788,0.5,0.0,0.5,0.6931471805599453,0,11.911158541410984,0.021644641026669187,3.832997382810187,0.5,0.0,0.5,0.6931471805599453,13.281300474304977,0.0193719074431403,3.9439313323206098,0.4476420208954225,0.0,0.5523579791045775,0.8037614264874514,12.961765744862193,0.019498250569975267,3.9374305317972524,0.44671380374360936,0.0,0.5532861962563906,0.8058371495039949,0.10602986296646444,7.0754417312717255
2025_09_ARI_DAL,2025,9,DAL,ARI,-10,3.5,3.5,53.5,11.817134830026223,0.016773073023711865,4.087980474632548,0.5,0.0,0.5,0.6931471805599453,2,11.918546999747923,0.016810280964576818,4.085764617568228,0.5,0.0,0.5,0.6931471805599453,13.281300474304977,0.015340958581095819,4.177228996006085,0.46144714627342154,0.0,0.5385528537265785,0.6188696372920004,13.542831687726238,0.015355969637833495,4.1762509790639895,0.46150936816678356,0.0,0.5384906318332164,0.6189851793184189,0.08827050443144113,7.918351229102502
2025_09_ATL_NE,2025,9,NE,ATL,1,5.5,5.5,45.5,11.817134830026223,0.030412713218999243,3.492894559996974,0.5,0.0,0.5,0.6931471805599453,2,11.829259274110413,0.030386448183306436,3.4937585534048066,0.5,0.0,0.5,0.6931471805599453,13.281300474304977,0.02457117305019169,3.7061813503981744,0.46484375096624786,0.0,0.5351562490337521,0.625196520456981,13.276952707383652,0.02454651848528595,3.7071852480246954,0.46445593674175556,0.0,0.5355440632582444,0.624472108150382,0.21429068802772155,3.3195520751579926
2025_09_BAL_MIA,2025,9,MIA,BAL,-22,-7.5,-7.5,51.5,11.817134830026223,0.015227996047121176,4.184619700041564,0.5,0.0,0.5,0.6931471805599453,2,11.926065869150483,0.015287756119941237,4.180703024556202,0.5,0.0,0.5,0.6931471805599453,13.281300474304977,0.014366518815972253,4.24285486182513,0.558915561242822,0.0,0.44108443875717795,0.8185189507588316,13.220614496468084,0.014332112923001624,4.245252600488581,0.559590567460672,0.0,0.4404094325393279,0.8200504562446118,0.06063290044701741,9.73596494884496
2025_09_CAR_GB,2025,9,GB,CAR,-3,12.5,12.5,43.5,11.817134830026223,0.013755540730698068,4.286313573804446,0.5,0.0,0.5,0.6931471805599453,2,11.856433250173838,0.01378337116624076,4.2842924013542705,0.5,0.0,0.5,0.6931471805599453,13.281300474304977,0.04252450058928817,3.157674884701255,0.4526939199648258,0.0,0.5473060800351742,0.6027470717487592,12.74416152110961,0.04201376172333161,3.1697580542882853,0.45191643826253836,0.0,0.5480835617374616,0.6013275187363903,-1.1165555195161612,8.65668155732521
2025_09_CHI_CIN,2025,9,CIN,CHI,-5,-3.0,-3.0,51.5,11.817134830026223,0.03240330826085158,3.4294947545799928,0.4835416654153794,0.03291666916924113,0.4835416654153794,0.7266177932093001,2,11.889636743248886,0.03221198629591138,3.4354166504831967,0.48364196157377126,0.032716076852457476,0.48364196157377126,0.7264103948291939,13.281300474304977,0.025593669707810726,3.6654102351132716,0.4710202023170914,0.08124712376125284,0.4477326739216557,0.8035589346657197,13.551968526279328,0.02511561492458718,3.684265517724414,0.47172494778086305,0.08018390260447983,0.4480911496146572,0.802758608300831,0.25477076314442115,3.0891518519109806
2025_09_DEN_HOU,2025,9,HOU,DEN,-3,1.5,1.5,40.5,11.817134830026223,0.030412713218999243,3.492894559996974,0.5,0.0,0.5,0.6931471805599453,2,11.722088406334231,0.030619993842559368,3.486102089844737,0.5,0.0,0.5,0.6931471805599453,13.281300474304977,0.0764115654434124,2.571621214117104,0.5134870270283437,0.0,0.4865129729716563,0.7204917117883667,13.486516909474641,0.07587769277368714,2.5786325406284316,0.513222305363439,0.0,0.486777694636561,0.719947739303594,-0.9142620193685422,3.386540313092111
2025_09_IND_PIT,2025,9,PIT,IND,7,-3.5,-3.5,51.5,11.817134830026223,0.021679228933724426,3.831400668830788,0.5,0.0,0.5,0.6931471805599453,0,11.89367892258201,0.021651197881006334,3.8326944966875156,0.5,0.0,0.5,0.6931471805599453,13.281300474304977,0.03859477101580337,3.254638477599517,0.5385528537265785,0.0,0.46144714627342154,0.6188696372920004,13.514745052216718,0.03850870032349961,3.25687108079002,0.5385409157824166,0.0,0.46145908421758336,0.6188918042462624,-0.5745295880407681,5.92002306844166
2025_09_JAX_LV,2025,9,LV,JAX,-1,-2.5,-2.5,43.5,11.817134830026223,0.032626731031865086,3.4226233562988573,0.5,0.0,0.5,0.6931471805599453,0,11.776102499036826,0.03273832102967045,3.41920899028232,0.5,0.0,0.5,0.6931471805599453,13.281300474304977,0.02570218126012034,3.661179416747908,0.48478609800293093,0.0,0.5152139019970691,0.7240475203747178,13.464858888602034,0.025360933932847756,3.6745453230861718,0.4850729312801447,0.0,0.5149270687198553,0.7234560255761622,0.2519219667873145,2.938897009744517
2025_09_KC_BUF,2025,9,BUF,KC,7,-2.5,-2.5,53.5,11.817134830026223,0.02333141499705782,3.7579545433924855,0.5,0.0,0.5,0.6931471805599453,0,11.910447114424239,0.023269566194364932,3.760608944112229,0.5,0.0,0.5,0.6931471805599453,13.281300474304977,0.04079855295404756,3.199108665013543,0.48478609800293093,0.0,0.5152139019970691,0.7240475203747178,13.617536090273392,0.04051093391818203,3.2061833680174288,0.48530764330647214,0.0,0.5146923566935279,0.7229722730422563,-0.5517711753750567,5.4508595048651785
2025_09_LAC_TEN,2025,9,TEN,LAC,-7,-10.0,-10.0,44.5,11.817134830026223,0.031774848755694474,3.449080221770206,0.4835416654153794,0.03291666916924113,0.4835416654153794,0.7266177932093001,0,11.851056457877675,0.03169032743552602,3.4517437728768328,0.48358874381126654,0.03282251237746697,0.48358874381126654,0.7265204363368966,13.281300474304977,0.053077206280484644,2.9360077031473275,0.5402532705909069,0.026591854207671232,0.43315487520142193,0.6157172297663456,12.936647974052027,0.054495463551103185,2.9096378183718166,0.5409689607761083,0.027236470629934374,0.43179456859395726,0.6143933755780673,-0.5394424033983896,2.9925175559229675
2025_09_MIN_DET,2025,9,DET,MIN,-3,9.5,9.5,47.5,11.817134830026223,0.018376187262139104,3.996699623065031,0.5,0.0,0.5,0.6931471805599453,2,11.889476339295202,0.01838741065125496,3.9960890522775383,0.5,0.0,0.5,0.6931471805599453,13.281300474304977,0.05301889417329325,2.937106935123123,0.44529479779976533,0.0,0.5547052022002347,0.5893184735617618,13.018477253033963,0.05333020350970134,2.931252438331504,0.444330899864415,0.0,0.555669100135585,0.5875823055408628,-1.065447184733527,6.66223723707359
2025_09_NO_LA,2025,9,LA,NO,24,14.0,14.0,44.5,11.817134830026223,0.022508058047041035,3.7938818984629,0.4835416654153794,0.03291666916924113,0.4835416654153794,0.7266177932093001,0,11.883327341830368,0.022474243544182704,3.7953853568468268,0.4836332819781278,0.032733436043744346,0.4836332819781278,0.7264283413148536,13.281300474304977,0.020353642596117272,3.8944953857594475,0.44308989262678117,0.027201775854756416,0.5297083315184624,0.8139826116286413,12.655098936801911,0.020727792495898987,3.8762798465839485,0.4419918833935766,0.028519625259946273,0.5294884913464771,0.8164637604359964,0.08239794812104861,6.747705660426831
2025_09_SEA_WAS,2025,9,WAS,SEA,-24,-2.5,-2.5,47.5,11.817134830026223,0.0068357246775224215,4.985592789916927,0.5,0.0,0.5,0.6931471805599453,2,11.833030624090915,0.006851647966329533,4.983266076616287,0.5,0.0,0.5,0.6931471805599453,13.281300474304977,0.00706899151198058,4.9520374525323945,0.48478609800293093,0.0,0.5152139019970691,0.6631731208660832,13.529556669425853,0.007266030815071983,4.924545104196802,0.48517328392401193,0.0,0.5148267160759881,0.663924908577215,-0.06104768572012542,15.133327988391093
2025_09_SF_NYG,2025,9,NYG,SF,-10,-2.5,-2.5,47.5,11.817134830026223,0.026494890157338635,3.6308033888343187,0.5,0.0,0.5,0.6931471805599453,2,11.833030624090915,0.0264744325872735,3.6315758197442225,0.5,0.0,0.5,0.6931471805599453,13.281300474304977,0.021962956400903098,3.818398044767228,0.48478609800293093,0.0,0.5152139019970691,0.6631731208660832,13.529556669425853,0.02170341594327293,3.8302856140837505,0.48517328392401193,0.0,0.5148267160759881,0.663924908577215,0.1994822252494317,4.9405745697830925
2025_10_ARI_SEA,2025,10,SEA,ARI,22,7.0,7.0,44.5,11.817134830026223,0.0144819257036366,4.234853910284392,0.4835416654153794,0.03291666916924113,0.4835416654153794,0.7266177932093001,0,11.826910819212012,0.014488202980169396,4.234420548272125,0.4835552607706068,0.03288947845878637,0.4835552607706068,0.7265896774023728,13.281300474304977,0.013753614500729318,4.286453616634239,0.42704149793179935,0.05372393230418827,0.5192345697640124,0.8508740856236652,13.151912846239364,0.013689360797608215,4.291136331961897,0.42606571609410987,0.054352743675450364,0.5195815402304398,0.8531616814783867,0.05628242167750486,10.104374751806024
2025_10_ATL_IND,2025,10,IND,ATL,6,6.5,6.5,48.5,11.817134830026223,0.03288430391605246,3.414759819670353,0.5,0.0,0.5,0.6931471805599453,2,11.878812077834322,0.03271400599525076,3.419951974883279,0.5,0.0,0.5,0.6931471805599453,13.281300474304977,0.026144865183912413,3.644102467832201,0.4666998380789483,0.0,0.5333001619210517,0.6286708577546785,13.250137466391358,0.026168902336781076,3.643183506889434,0.46630546262457373,0.0,0.5336945373754263,0.6279316310788688,0.22842368721908102,2.89753074967239
2025_10_BAL_MIN,2025,10,MIN,BAL,-8,-4.5,-4.5,48.5,11.817134830026223,0.03137406965938544,3.461773534260331,0.5,0.0,0.5,0.6931471805599453,2,11.862671801522536,0.03126515110782069,3.465251184844196,0.5,0.0,0.5,0.6931471805599453,13.281300474304977,0.02507352035445545,3.685942955670621,0.5369147792482645,0.0,0.4630852207517356,0.7698441797344718,13.39672035141171,0.02486214743085231,3.6944088156626824,0.537137063035353,0.0,0.462862936964647,0.7703243011959299,0.23263528140235135,3.5058168061909676
2025_10_BUF_MIA,2025,10,MIA,BUF,17,-8.5,-8.5,50.5,11.817134830026223,0.00402441316186386,5.515376177035908,0.5,0.0,0.5,0.6931471805599453,0,11.921354489712954,0.004112710411211196,5.493673000379119,0.5,0.0,0.5,0.6931471805599453,13.281300474304977,0.004381964013262891,5.430258250242654,0.5568990801900584,0.0,0.44310091980994165,0.5853712400487536,13.13404675761351,0.0042571885736160265,5.459146295814887,0.5577244084242257,0.0,0.4422755915757744,0.5838903303183685,-0.05622988122102157,17.65234682607332
2025_10_CLE_NYJ,2025,10,NYJ,CLE,7,-1.5,-1.5,37.5,11.817134830026223,0.02494691678969918,3.6910050399838576,0.5,0.0,0.5,0.6931471805599453,0,11.672735898631144,0.025086147074576792,3.685439494581852,0.5,0.0,0.5,0.6931471805599453,13.281300474304977,0.04291591932486905,3.148512442047482,0.4865129729716564,0.0,0.5134870270283436,0.7204917117883664,13.430078057687453,0.04279648591272497,3.1512992846080476,0.4867080752587146,0.0,0.5132919247412854,0.7200907704194418,-0.53970575537581,5.004228880255212
2025_10_DET_WAS,2025,10,WAS,DET,-22,-8.5,-8.5,49.5,11.817134830026223,0.016773073023711865,4.087980474632548,0.5,0.0,0.5,0.6931471805599453,2,11.908290340091467,0.0168066521198727,4.085980511427974,0.5,0.0,0.5,0.6931471805599453,13.281300474304977,0.01561926226029712,4.15925036614072,0.5568990801900584,0.0,0.44310091980994165,0.8139577249270273,13.11974056245976,0.015580720007870672,4.161721026008462,0.55775525528058,0.0,0.44224474471942005,0.8158918290667299,0.07374055137591373,9.047179187658992
2025_10_JAX_HOU,2025,10,HOU,JAX,7,-1.5,-1.5,37.5,11.817134830026223,0.02494691678969918,3.6910050399838576,0.5,0.0,0.5,0.6931471805599453,0,11.672735898631144,0.025086147074576792,3.685439494581852,0.5,0.0,0.5,0.6931471805599453,13.281300474304977,0.04291591932486905,3.148512442047482,0.4865129729716564,0.0,0.5134870270283436,0.7204917117883664,13.430078057687453,0.04279648591272497,3.1512992846080476,0.4867080752587146,0.0,0.5132919247412854,0.7200907704194418,-0.53970575537581,5.004228880255212
2025_10_LA_SF,2025,10,SF,LA,-16,-5.5,-5.5,49.5,11.817134830026223,0.02167922893372448,3.8314006688307853,0.5,0.0,0.5,0.6931471805599453,2,11.884028091683518,0.021654793519339494,3.832528439371881,0.5,0.0,0.5,0.6931471805599453,13.281300474304977,0.018940399551701174,3.966458095791954,0.535156249033752,0.0,0.464843750966248,0.7660539492893819,13.33805208187141,0.018894106028099496,3.968905255917083,0.5354709724723787,0.0,0.4645290275276212,0.7667312306945193,0.13750458708629765,6.862159616793569
2025_10_LV_DEN,2025,10,DEN,LV,3,9.5,9.5,42.5,11.817134830026223,0.027943191491496877,3.5775817050662013,0.5,0.0,0.5,0.6931471805599453,2,11.817200461555968,0.027943086453242283,3.5775854640660296,0.5,0.0,0.5,0.6931471805599453,13.281300474304977,0.07357171313799493,2.609494659486118,0.44529479779976533,0.0,0.5547052022002347,0.5893184735617618,12.939814809697333,0.07529385978391638,2.5863566908754154,0.44418953496440394,0.0,0.5558104650355961,0.587327933071583,-0.9912250141907859,3.671379602983648
2025_10_NE_TB,2025,10,TB,NE,-5,2.5,2.5,48.5,11.817134830026223,0.026494890157338635,3.6308033888343187,0.5,0.0,0.5,0.6931471805599453,2,11.846553455730204,0.026457032361366484,3.632233282240327,0.5,0.0,0.5,0.6931471805599453,13.281300474304977,0.021962956400903098,3.818398044767228,0.5152139019970692,0.0,0.4847860980029309,0.7240475203747179,13.544924845433131,0.02168921548191687,3.8309401243725527,0.5148030727157503,0.0,0.4851969272842497,0.7232004348171883,0.20013673553823397,4.461990964382782
2025_10_NO_CAR,2025,10,CAR,NO,-10,5.5,5.5,38.5,11.817134830026223,0.013755540730698068,4.286313573804446,0.5,0.0,0.5,0.6931471805599453,2,11.721420075921179,0.013685848325346112,4.291392948981011,0.5,0.0,0.5,0.6931471805599453,13.281300474304977,0.013103592913569563,4.334868818168264,0.46484375096624786,0.0,0.5351562490337521,0.625196520456981,13.156643709927954,0.013031653072303107,4.34037402925351,0.46431241352925323,0.0,0.5356875864707468,0.6242041489029169,0.05406045544906313,9.215275437779738
2025_10_NYG_CHI,2025,10,CHI,NYG,4,4.5,4.5,45.5,11.817134830026223,0.03288430391605246,3.414759819670353,0.5,0.0,0.5,0.6931471805599453,2,11.8212200690306,0.0328729693663905,3.4151045587146722,0.5,0.0,0.5,0.6931471805599453,13.281300474304977,0.025968933160362268,3.650854333844679,0.4630852207517355,0.0,0.5369147792482645,0.6219158949288154,13.350190479403723,0.025815134460535325,3.656794352043701,0.46279268945957996,0.0,0.53720731054042,0.6213712058247199,0.24203453237334793,2.8381170412251073
2025_10_PHI_GB,2025,10,GB,PHI,-3,1.5,1.5,45.5,11.817134830026223,0.030412713218999243,3.492894559996974,0.5,0.0,0.5,0.6931471805599453,2,11.79713521976939,0.030456125031710135,3.4914681545876025,0.5,0.0,0.5,0.6931471805599453,13.281300474304977,0.0764115654434124,2.571621214117104,0.5134870270283437,0.0,0.4865129729716563,0.7204917117883667,13.57233666850848,0.07550638042578926,2.583538117346987,0.5131178697474699,0.0,0.4868821302525301,0.7197332175297672,-0.9093564426499867,3.400902943944791
2025_10_PIT_LAC,2025,10,LAC,PIT,15,3.0,3.0,45.5,11.817134830026223,0.01919391014853411,3.95316223002439,0.4835416654153794,0.03291666916924113,0.4835416654153794,0.7266177932093001,0,11.80917150425912,0.019193546191730193,3.953181192302104,0.48353057429089025,0.03293885141821956,0.48353057429089025,0.7266407307397849,13.281300474304977,0.017083549070911024,4.069639321170335,0.4477326739216556,0.08124712376125284,0.4710202023170915,0.8035589346657199,13.460805316740302,0.017042173212709687,4.072064229755845,0.4478384954510532,0.08066820008461024,0.47149330446433657,0.8033226127886676,0.11890199973145466,7.619566684289097
2025_11_BAL_CLE,2025,11,CLE,BAL,-7,-7.5,-7.5,37.5,11.817134830026223,0.03288430391605246,3.414759819670353,0.5,0.0,0.5,0.6931471805599453,0,11.720446306435804,0.03315486488862618,3.4065658193128403,0.5,0.0,0.5,0.6931471805599453,13.281300474304977,0.05379862885627232,2.9225072980820643,0.558915561242822,0.0,0.44108443875717795,0.581756870469603,12.99404041830393,0.055041827665287174,2.899661879780323,0.5601552188254887,0.0,0.4398447811745113,0.5795413571851573,-0.5150979398900302,2.8697834265743363
2025_11_CAR_ATL,2025,11,ATL,CAR,-3,4.5,4.5,42.5,11.817134830026223,0.026494890157338635,3.6308033888343187,0.5,0.0,0.5,0.6931471805599453,2,11.777099954146664,0.026546432054765035,3.6288599262093375,0.5,0.0,0.5,0.6931471805599453,13.281300474304977,0.06921886900987187,2.6704817799741285,0.4630852207517355,0.0,0.5369147792482645,0.6219158949288154,13.300664245798846,0.06949746160943379,2.6664650506836627,0.46271782545134754,0.0,0.5372821745486525,0.621231857772659,-0.9643383381506561,4.264290201462512
2025_11_CHI_MIN,2025,11,MIN,CHI,-2,3.0,3.0,47.5,11.817134830026223,0.02985837771126787,3.5112898181772905,0.4835416654153794,0.03291666916924113,0.4835416654153794,0.7266177932093001,2,11.83705355875829,0.02981784876271848,3.5126481130017213,0.48356934244887295,0.032861315102254096,0.48356934244887295,0.7265605566908941,13.281300474304977,0.02407166018332844,3.726720056431982,0.4477326739216556,0.08124712376125284,0.4710202023170915,0.752854293492596,13.49239475447701,0.023757745516192506,3.7398466746717576,0.4479262873505905,0.08049969836480739,0.4715740142846021,0.7516792130147354,0.2285568564944671,3.522983980560289
2025_11_CIN_PIT,2025,11,PIT,CIN,22,5.5,5.5,48.5,11.817134830026223,0.012366600025776164,4.39275598680263,0.5,0.0,0.5,0.6931471805599453,0,11.870739196499539,0.012410693406583517,4.389196806501137,0.5,0.0,0.5,0.6931471805599453,13.281300474304977,0.011983453154742571,4.424228484528237,0.46484375096624786,0.0,0.5351562490337521,0.7660539492893822,13.323227321298992,0.011991125697099115,4.423588428019558,0.46451128164002564,0.0,0.5354887183599744,0.7667694333159182,0.030832441216928075,11.16799262301064
2025_11_DAL_LV,2025,11,LV,DAL,-17,-3.5,-3.5,48.5,11.817134830026223,0.016773073023711865,4.087980474632548,0.5,0.0,0.5,0.6931471805599453,2,11.854609889174762,0.016787168618673992,4.087140457093868,0.5,0.0,0.5,0.6931471805599453,13.281300474304977,0.015340958581095819,4.177228996006085,0.5385528537265785,0.0,0.46144714627342154,0.7733877575492437,13.470618780707742,0.015347472442956851,4.176804480203779,0.5386200918160478,0.0,0.46137990818395225,0.7735334795223122,0.08882400557123038,8.705264397223697
2025_11_DET_PHI,2025,11,PHI,DET,7,2.5,2.5,46.5,11.817134830026223,0.0304127132189993,3.492894559996972,0.5,0.0,0.5,0.6931471805599453,0,11.819235983497467,0.030408158670155117,3.4930443292689746,0.5,0.0,0.5,0.6931471805599453,13.281300474304977,0.04997186924618281,2.9962950469575844,0.5152139019970692,0.0,0.4847860980029309,0.6631731208660829,13.513879483724569,0.04942880257734624,3.007221976570361,0.5148509112896436,0.0,0.4851490887103565,0.6638779128709533,-0.4856725834266111,3.662485978174119
2025_11_GB_NYG,2025,11,NYG,GB,-7,-7.5,-7.5,41.5,11.817134830026223,0.03288430391605246,3.414759819670353,0.5,0.0,0.5,0.6931471805599453,0,11.785749560288595,0.032971643800507766,3.412107365679775,0.5,0.0,0.5,0.6931471805599453,13.281300474304977,0.05379862885627232,2.9225072980820643,0.558915561242822,0.0,0.44108443875717795,0.581756870469603,13.066001253555534,0.054761690762571154,2.904764403169818,0.5599752890200229,0.0,0.44002471097997703,0.5798626229765149,-0.5099954165005349,2.885263509581378
2025_11_HOU_TEN,2025,11,TEN,HOU,-3,-5.5,-5.5,37.5,11.817134830026223,0.03211870098317782,3.4383168333372844,0.5,0.0,0.5,0.6931471805599453,0,11.70452120882134,0.032412185989786235,3.4292208160999174,0.5,0.0,0.5,0.6931471805599453,13.281300474304977,0.08031059281021596,2.521853751284717,0.535156249033752,0.0,0.464843750966248,0.6251965204569813,13.13779016712105,0.08147038211180073,2.5075157344557737,0.5357100258901002,0.0,0.4642899741098998,0.6241622607764216,-0.9308010988815107,2.852489444516492
2025_11_KC_DEN,2025,11,DEN,KC,3,-3.5,-3.5,44.5,11.817134830026223,0.02794319149149682,3.5775817050662035,0.5,0.0,0.5,0.6931471805599453,0,11.798803077317208,0.027972547196518316,3.576531707036764,0.5,0.0,0.5,0.6931471805599453,13.281300474304977,0.07190479942486264,2.632412265094001,0.5385528537265785,0.0,0.46144714627342154,0.6188696372920004,13.407586607330522,0.07180911379888726,2.6337438778511526,0.5387335632352666,0.0,0.46126643676473345,0.6185341471056622,-0.9438378272150509,3.9300993116069467
2025_11_LAC_JAX,2025,11,JAX,LAC,29,-3.0,-3.0,43.5,11.817134830026223,0.0016000627506361775,6.437712431357841,0.4835416654153794,0.03291666916924113,0.4835416654153794,0.7266177932093001,0,11.780106079564495,0.001581789086340546,6.4491987394219485,0.4834899655602435,0.03302006887951303,0.4834899655602435,0.7267247180575246,13.281300474304977,0.001670780397153676,6.394464458021001,0.4710202023170914,0.08124712376125284,0.4477326739216557,0.7528542934925962,13.427874680394595,0.0017450772136940493,6.3509564757714125,0.47140866342417503,0.08084463648790623,0.44774670008791867,0.7520299105747871,-0.08675595558642879,24.48375139282956
2025_11_NYJ_NE,2025,11,NE,NYJ,13,12.5,12.5,43.5,11.817134830026223,0.03288430391605246,3.414759819670353,0.5,0.0,0.5,0.6931471805599453,0,11.856433250173838,0.03277559248775286,3.418071172066238,0.5,0.0,0.5,0.6931471805599453,13.281300474304977,0.02694398532460133,3.6139951855853245,0.4526939199648258,0.0,0.5473060800351742,0.7925390552360577,12.74416152110961,0.028029037387846595,3.5745142566054007,0.45191643826253836,0.0,0.5480835617374616,0.7942579873412531,0.15975443693504765,3.1982072127052383
2025_11_SEA_LA,2025,11,LA,SEA,2,3.0,3.0,49.5,11.817134830026223,0.032787433515476305,3.4177099615311533,0.4835416654153794,0.03291666916924113,0.4835416654153794,0.7266177932093001,2,11.863847316566474,0.03265942964406571,3.4216216550318124,0.4836064258767168,0.03278714824656642,0.4836064258767168,0.7264838727435156,13.281300474304977,0.025819329051146152,3.656631879526906,0.4477326739216556,0.08124712376125284,0.4710202023170915,0.752854293492596,13.522750764847302,0.025376786845848476,3.673920426529003,0.4480104079013413,0.08033846205496577,0.47165113004369297,0.7515156979521305,0.25621046499784983,2.8814155471043175
2025_11_SF_ARI,2025,11,ARI,SF,-19,-3.5,-3.5,48.5,11.817134830026223,0.013755540730698068,4.286313573804446,0.5,0.0,0.5,0.6931471805599453,2,11.854609889174762,0.013782089894905786,4.284385363437005,0.5,0.0,0.5,0.6931471805599453,13.281300474304977,0.013029790281798835,4.34051698300186,0.5385528537265785,0.0,0.46144714627342154,0.7733877575492437,13.470618780707742,0.01309261411051546,4.335707016132328,0.5386200918160478,0.0,0.46137990818395225,0.7735334795223122,0.04939344232788123,10.19921259802098
2025_11_TB_BUF,2025,11,BUF,TB,12,6.0,6.0,46.5,11.817134830026223,0.028619843555756086,3.5536549711246743,0.4835416654153794,0.03291666916924113,0.4835416654153794,0.7266177932093001,0,11.847392401757949,0.028566903663306387,3.5555064458158254,0.4835836715969476,0.03283265680610481,0.4835836715969476,0.7265309250858273,13.281300474304977,0.02351095247147757,3.7502889037894045,0.45270368503447894,0.02611474295816992,0.5211815720073512,0.7925174844485946,13.256178788161103,0.02351289143225991,3.750206436656883,0.45229638287486434,0.02612726480622081,0.5215763523189149,0.7934175997116917,0.1965514655322087,4.525926358995798
2025_11_WAS_MIA,2025,11,MIA,WAS,3,2.5,2.5,47.5,11.817134830026223,0.03288430391605246,3.414759819670353,0.5,0.0,0.5,0.6931471805599453,0,11.833030624090915,0.032840244671534013,3.416100544013544,0.5,0.0,0.5,0.6931471805599453,13.281300474304977,0.08111551726961441,2.511881001149238,0.5152139019970692,0.0,0.4847860980029309,0.6631731208660829,13.529556669425853,0.08017690383915659,2.5235197876398674,0.5148267160759881,0.0,0.485173283924012,0.663924908577215,-0.8912400320304856,2.8416681235803374
2025_12_ATL_NO,2025,12,NO,ATL,-14,1.5,1.5,41.5,11.817134830026223,0.013755540730698068,4.286313573804446,0.5,0.0,0.5,0.6931471805599453,2,11.73777332260077,0.013697948845327518,4.290509176676273,0.5,0.0,0.5,0.6931471805599453,13.281300474304977,0.012987687565859586,4.343753480631464,0.5134870270283437,0.0,0.4865129729716563,0.7204917117883667,13.504453663997253,0.013065052626065955,4.337814351998849,0.5132003365462348,0.0,0.4867996634537653,0.7199026092129536,0.05150077819440213,9.661104401422426
2025_12_BUF_HOU,2025,12,HOU,BUF,4,-5.5,-5.5,43.5,11.817134830026223,0.02333141499705782,3.7579545433924855,0.5,0.0,0.5,0.6931471805599453,0,11.800144408219877,0.02334255191499124,3.757477321554206,0.5,0.0,0.5,0.6931471805599453,13.281300474304977,0.020060652522176512,3.9089949684541327,0.535156249033752,0.0,0.464843750966248,0.6251965204569813,13.244471849730784,0.020056862997537672,3.909183889657304,0.5355828655497052,0.0,0.4644171344502948,0.6243996568088385,0.15122934626481843,5.177913410570477
2025_12_CAR_SF,2025,12,SF,CAR,11,7.5,7.5,48.5,11.817134830026223,0.031374069659385384,3.461773534260333,0.5,0.0,0.5,0.6931471805599453,0,11.88689044925797,0.03120751150351686,3.4670964598252816,0.5,0.0,0.5,0.6931471805599453,13.281300474304977,0.02534779074265056,3.6750637029340427,0.44108443875717784,0.0,0.5589155612428222,0.8185189507588319,13.177448574911097,0.025487730128180737,3.6695581140617763,0.4403022829082738,0.0,0.5596977170917262,0.8202937813411296,0.2077845798014435,3.702201999719317
2025_12_CLE_LV,2025,12,LV,CLE,-14,3.0,3.0,35.5,11.817134830026223,0.011705901463374552,4.447662165765609,0.4835416654153794,0.03291666916924113,0.4835416654153794,0.7266177932093001,2,11.649589596725269,0.011555267653717755,4.460613872069475,0.48330511915420354,0.03338976169159297,0.48330511915420354,0.7271071081031812,13.281300474304977,0.011361890401361709,4.4774904709629295,0.4477326739216556,0.08124712376125284,0.4710202023170915,0.752854293492596,13.279995636939725,0.011346062300132203,4.478884529159274,0.4473309800431107,0.08164692010242354,0.47102209985446575,0.7528502649317345,0.03122236339366502,10.710112679324014
2025_12_IND_KC,2025,12,KC,IND,3,3.5,3.5,50.5,11.817134830026223,0.03288430391605246,3.414759819670353,0.5,0.0,0.5,0.6931471805599453,2,11.880900545853839,0.03270827032519502,3.420127317912994,0.5,0.0,0.5,0.6931471805599453,13.281300474304977,0.08127249078647009,2.509947686397389,0.46144714627342154,0.0,0.5385528537265785,0.6188696372920004,13.50031269232101,0.08048214596470436,2.519719908414825,0.4614332118119294,0.0,0.5385667881880706,0.6188437637289333,-0.8950399112555281,2.81663529289513
2025_12_JAX_ARI,2025,12,ARI,JAX,-3,-2.5,-2.5,47.5,11.817134830026223,0.03288430391605246,3.414759819670353,0.5,0.0,0.5,0.6931471805599453,2,11.833030624090915,0.032840244671534013,3.416100544013544,0.5,0.0,0.5,0.6931471805599453,13.281300474304977,0.08111551726961441,2.511881001149238,0.48478609800293093,0.0,0.5152139019970691,0.6631731208660832,13.529556669425853,0.08017690383915674,2.5235197876398656,0.48517328392401193,0.0,0.5148267160759881,0.663924908577215,-0.8912400320304874,2.84166812357914
2025_12_MIN_GB,2025,12,GB,MIN,17,6.5,6.5,41.5,11.817134830026223,0.021679228933724426,3.831400668830788,0.5,0.0,0.5,0.6931471805599453,0,11.777739924559171,0.02169321331578944,3.830755817776786,0.5,0.0,0.5,0.6931471805599453,13.281300474304977,0.01900950344942527,3.9628162433160927,0.4666998380789483,0.0,0.5333001619210517,0.7620689729753274,13.138075383976267,0.019043251640998418,3.961042484735868,0.46620896550414404,0.0,0.533791034495856,0.7631213215397741,0.12964181590507984,6.929710849969876
2025_12_NE_CIN,2025,12,CIN,NE,-6,-7.5,-7.5,50.5,11.817134830026223,0.032626731031865086,3.4226233562988573,0.5,0.0,0.5,0.6931471805599453,0,11.913252696409488,0.03236825902380913,3.430576996123087,0.5,0.0,0.5,0.6931471805599453,13.281300474304977,0.026099772061630198,3.6458286979624983,0.558915561242822,0.0,0.44108443875717795,0.581756870469603,13.206496237801845,0.026203323063126352,3.6418690417874258,0.5596255905724297,0.0,0.44037440942757033,0.5804873071212656,0.2192456854885685,2.9046697184336403
2025_12_NYG_DET,2025,12,DET,NYG,7,14.0,14.0,50.5,11.817134830026223,0.027233529362460096,3.6033063676782464,0.4835416654153794,0.03291666916924113,0.4835416654153794,0.7266177932093001,2,11.966012940205339,0.02701906253966907,3.6112126421049298,0.4837463039854085,0.03250739202918296,0.4837463039854085,0.7261946750075738,13.281300474304977,0.04832560974292496,3.0297936364210427,0.44308989262678117,0.027201775854756416,0.5297083315184624,0.6354287418061304,12.74262086106346,0.04989687912604862,2.997796820744688,0.4420884493397619,0.028323759282245745,0.5295877913779924,0.6356563271590546,-0.6055095469335585,3.9240199429484557
2025_12_NYJ_BAL,2025,12,BAL,NYJ,13,14.0,14.0,44.5,11.817134830026223,0.032787433515476305,3.4177099615311533,0.4835416654153794,0.03291666916924113,0.4835416654153794,0.7266177932093001,2,11.883327341830368,0.03260634307070687,3.4232484368152223,0.4836332819781278,0.032733436043744346,0.4836332819781278,0.7264283413148536,13.281300474304977,0.027122266631197843,3.607400241555848,0.44308989262678117,0.027201775854756416,0.5297083315184624,0.6354287418061304,12.655098936801911,0.028427829616406226,3.560386697548668,0.4419918833935766,0.028519625259946273,0.5294884913464771,0.6358438491221577,0.14267673601751474,3.103881202011197
2025_12_PHI_DAL,2025,12,DAL,PHI,3,-3.0,-3.0,47.5,11.817134830026223,0.028619843555756086,3.5536549711246743,0.4835416654153794,0.03291666916924113,0.4835416654153794,0.7266177932093001,0,11.83705355875829,0.028584977977059722,3.554873944703451,0.48356934244887295,0.032861315102254096,0.48356934244887295,0.7265605566908941,13.281300474304977,0.07314631693885662,2.6152935022182118,0.4710202023170914,0.08124712376125284,0.4477326739216557,0.7528542934925962,13.49239475447701,0.07270922939933899,2.621286950652513,0.47157401428460227,0.08049969836480737,0.44792628735059037,0.751679213014735,-0.9323680204721612,3.7858476665532335
2025_12_PIT_CHI,2025,12,CHI,PIT,3,3.0,3.0,46.5,11.817134830026223,0.03291666916924113,3.41377608784144,0.4835416654153794,0.03291666916924113,0.4835416654153794,3.41377608784144,1,11.823254228331814,0.03289964355745173,3.4142934553895086,0.48355017822127416,0.03289964355745173,0.48355017822127416,3.4142934553895086,13.281300474304977,0.08124712376125284,2.5102598582603837,0.4477326739216556,0.08124712376125284,0.4710202023170915,2.5102598582603837,13.476760629628044,0.08058300127496987,2.51846755400823,0.44788287006861516,0.08058300127496987,0.471534128656415,2.51846755400823,-0.8953085338332096,2.815052060560503
2025_12_SEA_TEN,2025,12,TEN,SEA,-6,-12.5,-12.5,41.5,11.817134830026223,0.02794319149149682,3.5775817050662035,0.5,0.0,0.5,0.6931471805599453,0,11.82587951922642,0.027929200147056132,3.5780825372061145,0.5,0.0,0.5,0.6931471805599453,13.281300474304977,0.023838347289762557,3.736459764281936,0.5473060800351742,0.0,0.4526939199648258,0.6027470717487592,12.711518267043306,0.024584695936191794,3.705631146053501,0.5481025657813494,0.0,0.45189743421865064,0.6012928457125076,0.12804944098729765,3.727270474683747
2025_12_TB_LA,2025,12,LA,TB,27,7.0,7.0,49.5,11.817134830026223,0.00824372326305034,4.798303184803337,0.4835416654153794,0.03291666916924113,0.4835416654153794,0.7266177932093001,0,11.896153030520853,0.008322926372463124,4.788741358531112,0.4836509161189082,0.032698167762183594,0.4836509161189082,0.726391880177957,13.281300474304977,0.008478014327202537,4.770279016125951,0.42704149793179935,0.05372393230418827,0.5192345697640124,0.8508740856236652,13.228445975349077,0.00842517588304378,4.776530926635948,0.4263379947079655,0.05406328105715473,0.5195987242348797,0.8525228324924764,-0.021772258167389147,14.220477165816742
2025_13_ARI_TB,2025,13,TB,ARI,3,4.5,4.5,44.5,11.817134830026223,0.03262673103186514,3.4226233562988555,0.5,0.0,0.5,0.6931471805599453,2,11.806827037372177,0.03265469280217653,3.421766703046547,0.5,0.0,0.5,0.6931471805599453,13.281300474304977,0.08100348083553524,2.5132631519548103,0.4630852207517355,0.0,0.5369147792482645,0.6219158949288154,13.334033966055332,0.08111205879755234,2.5119236384387347,0.4627682775936527,0.0,0.5372317224063473,0.6213257646871906,-0.9106997178601208,2.8119440953589403
2025_13_ATL_NYJ,2025,13,NYJ,ATL,3,-3.0,-3.0,38.5,11.817134830026223,0.028619843555756086,3.5536549711246743,0.4835416654153794,0.03291666916924113,0.4835416654153794,0.7266177932093001,0,11.701515432413132,0.02882335770531186,3.5465691891140745,0.48337915351456784,0.03324169297086432,0.48337915351456784,0.7269539363539302,13.281300474304977,0.07314631693885662,2.6152935022182118,0.4710202023170914,0.08124712376125284,0.4477326739216557,0.7528542934925962,13.338830340381252,0.07328307351683898,2.6134256173992054,0.4711771791736108,0.08132575444533365,0.4474970663810555,0.7525210791129862,-0.9402293537254689,3.76451227212718
2025_13_BUF_PIT,2025,13,PIT,BUF,-19,-3.0,-3.0,44.5,11.817134830026223,0.013050088386330788,4.33896037233746,0.4835416654153794,0.03291666916924113,0.4835416654153794,0.7266177932093001,2,11.79479314243792,0.01303267830852567,4.340295359579762,0.4835105105663239,0.03297897886735224,0.4835105105663239,0.7266822258218107,13.281300474304977,0.01245532490144569,4.385607044582882,0.4710202023170914,0.08124712376125284,0.4477326739216557,0.8035589346657197,13.444514936380896,0.01251822549868438,4.380569656687221,0.4714514982297258,0.08075538107058827,0.44779312069968585,0.8034239373747762,0.041609284349761744,10.550396954199421
2025_13_CHI_PHI,2025,13,PHI,CHI,-9,7.0,7.0,43.5,11.817134830026223,0.013050088386330788,4.33896037233746,0.4835416654153794,0.03291666916924113,0.4835416654153794,0.7266177932093001,2,11.812183762899753,0.013046242625568194,4.339255108083162,0.483534771447487,0.032930457105025956,0.483534771447487,0.726632050547458,13.281300474304977,0.01260997791232395,4.373266880606847,0.42704149793179935,0.05372393230418827,0.5192345697640124,0.6553995330583807,13.135634743421482,0.012522166657221183,4.380254872594,0.4260075968290193,0.05441473218839073,0.51957767098259,0.6547389685836938,0.04129450025653991,9.431568018669305
2025_13_CIN_BAL,2025,13,BAL,CIN,-18,7.0,7.0,52.5,11.817134830026223,0.004308707608126596,5.447117278736493,0.4835416654153794,0.03291666916924113,0.4835416654153794,0.7266177932093001,2,11.934588543536544,0.004411143192510025,5.423621395790444,0.4837035346492371,0.0325929307015258,0.4837035346492371,0.726283091656151,13.281300474304977,0.0046496659273361956,5.37095990554736,0.42704149793179935,0.05372393230418827,0.5192345697640124,0.6553995330583807,13.270927426139963,0.004635510119507681,5.374009027874062,0.42648843764318356,0.05390400492673199,0.5196075574300845,0.654681449583836,-0.07310825086243078,17.30427755665721
2025_13_DEN_WAS,2025,13,WAS,DEN,-1,-6.5,-6.5,43.5,11.817134830026223,0.029259522547047445,3.531550201122491,0.5,0.0,0.5,0.6931471805599453,0,11.808169280467846,0.029276545288351663,3.5309685856360544,0.5,0.0,0.5,0.6931471805599453,13.281300474304977,0.02395266502200189,3.731675686910661,0.5333001619210516,0.0,0.4666998380789485,0.6286708577546786,13.171814039240864,0.02406989095301166,3.726793557608235,0.5337621302724166,0.0,0.4662378697275834,0.6278049881918474,0.1952433564857441,3.540896337994249
2025_13_GB_DET,2025,13,DET,GB,-7,2.5,2.5,48.5,11.817134830026223,0.023331414997057792,3.757954543392487,0.5,0.0,0.5,0.6931471805599453,2,11.846553455730204,0.0233120395945991,3.7587853310664587,0.5,0.0,0.5,0.6931471805599453,13.281300474304977,0.04079855295404761,3.199108665013542,0.5152139019970692,0.0,0.4847860980029309,0.7240475203747179,13.544924845433131,0.04059621205944863,3.204080515755434,0.5148030727157503,0.0,0.4851969272842497,0.7232004348171883,-0.5538740276370526,5.447655300995216
2025_13_HOU_IND,2025,13,IND,HOU,-4,3.0,3.0,44.5,11.817134830026223,0.027233529362460096,3.6033063676782464,0.4835416654153794,0.03291666916924113,0.4835416654153794,0.7266177932093001,2,11.79479314243792,0.02726582868025179,3.6021210575119142,0.4835105105663239,0.03297897886735224,0.4835105105663239,0.7266822258218107,13.281300474304977,0.02244936259463418,3.796493057418135,0.4477326739216556,0.08124712376125284,0.4710202023170915,0.752854293492596,13.444514936380896,0.02225295623557581,3.805280414675335,0.44779312069968574,0.08075538107058829,0.47145149822972593,0.7519390491568961,0.20197404699708876,4.188656166104381
2025_13_JAX_TEN,2025,13,TEN,JAX,-22,-6.0,-6.0,42.5,11.817134830026223,0.013050088386330788,4.33896037233746,0.4835416654153794,0.03291666916924113,0.4835416654153794,0.7266177932093001,2,11.789115797219699,0.013028231161628559,4.340636648278483,0.48350257487221054,0.032994850255578856,0.48350257487221054,0.7266986386175277,13.281300474304977,0.01256101075055271,4.377157647409804,0.521181572007351,0.026114742958169915,0.45270368503447894,0.7925174844485946,13.191365375679405,0.012500523353211114,4.381984767293443,0.5215845787095765,0.026244227718389856,0.45217119357203356,0.7936944240156032,0.043024394955983425,10.82613136223581
2025_13_KC_DAL,2025,13,DAL,KC,3,-3.5,-3.5,53.5,11.817134830026223,0.02794319149149682,3.5775817050662035,0.5,0.0,0.5,0.6931471805599453,0,11.918546999747923,0.027781415581005775,3.583387986114534,0.5,0.0,0.5,0.6931471805599453,13.281300474304977,0.07190479942486264,2.632412265094001,0.5385528537265785,0.0,0.46144714627342154,0.6188696372920004,13.542831687726238,0.07133778239625681,2.640329184532342,0.5384906318332162,0.0,0.4615093681667838,0.6189851793184193,-0.9372525205338613,3.9475881046139203
2025_13_LA_CAR,2025,13,CAR,LA,3,-10.0,-10.0,44.5,11.817134830026223,0.017568435396381088,4.041651430470485,0.4835416654153794,0.03291666916924113,0.4835416654153794,0.7266177932093001,0,11.851056457877675,0.017577681241500942,4.041125292949894,0.48358874381126654,0.03282251237746697,0.48358874381126654,0.7265204363368966,13.281300474304977,0.051265940572019636,2.970728673773546,0.5402532705909069,0.026591854207671232,0.43315487520142193,0.6157172297663456,12.936647974052027,0.051484050033169415,2.9664832273757007,0.5409689607761083,0.027236470629934374,0.43179456859395726,0.6143933755780673,-1.0751682030947842,6.968260712402379
2025_13_LV_LAC,2025,13,LAC,LV,17,10.0,10.0,40.5,11.817134830026223,0.02723352936246004,3.603306367678248,0.4835416654153794,0.03291666916924113,0.4835416654153794,0.7266177932093001,0,11.790021673287454,0.027272730533947742,3.60186795754623,0.4835038416019131,0.032992316796173815,0.4835038416019131,0.7266960187182572,13.281300474304977,0.023053475423775966,3.7699387433011164,0.43315487520142176,0.026591854207671232,0.540253270590907,0.8366599354826812,12.870423657905219,0.023510515758400224,3.7503074788400697,0.43162160111245473,0.027370015182241008,0.5410083837053042,0.8402059979338464,0.14700111116182146,5.136093185646944
2025_13_MIN_SEA,2025,13,SEA,MIN,26,12.5,12.5,42.5,11.817134830026223,0.016773073023711893,4.0879804746325465,0.5,0.0,0.5,0.6931471805599453,0,11.84132627570525,0.016782218992947517,4.087435346343538,0.5,0.0,0.5,0.6931471805599453,13.281300474304977,0.015957414537991422,4.137831696449755,0.4526939199648258,0.0,0.5473060800351742,0.7925390552360577,12.728021467260929,0.0158788619103337,4.142766493846436,0.4519070085792912,0.0,0.5480929914207088,0.7942788535475468,0.05478601921388915,9.118025892967479
2025_13_NO_MIA,2025,13,MIA,NO,4,5.5,5.5,41.5,11.817134830026223,0.03262673103186514,3.4226233562988555,0.5,0.0,0.5,0.6931471805599453,2,11.769735732205602,0.03275570363293928,3.4186781753334285,0.5,0.0,0.5,0.6931471805599453,13.281300474304977,0.02589778235860347,3.6535979371624654,0.46484375096624786,0.0,0.5351562490337521,0.625196520456981,13.210547086705091,0.025988924658581426,3.650084806383583,0.46437664898470143,0.0,0.5356233510152986,0.6243240682527108,0.22746145008472762,2.8343614067555127
2025_13_NYG_NE,2025,13,NE,NYG,18,7.0,7.0,46.5,11.817134830026223,0.020848423664393545,3.8704769372216337,0.4835416654153794,0.03291666916924113,0.4835416654153794,0.7266177932093001,0,11.855449405740835,0.02083991741673319,3.8708850248335565,0.48359482091386485,0.03281035817227029,0.48359482091386485,0.7265078697408127,13.281300474304977,0.01846997490098675,3.991608843678964,0.42704149793179935,0.05372393230418827,0.5192345697640124,0.8508740856236652,13.18345675461091,0.018478076684916817,3.991170293676343,0.42617813303433283,0.05423304405961894,0.5195888229060482,0.8528978674514742,0.12069335645470947,7.2720775965560955
2025_13_SF_CLE,2025,13,CLE,SF,-18,-5.5,-5.5,35.5,11.817134830026223,0.018376187262139104,3.996699623065031,0.5,0.0,0.5,0.6931471805599453,2,11.66940591276375,0.018348774147588592,3.9981925106591665,0.5,0.0,0.5,0.6931471805599453,13.281300474304977,0.016608823733332032,4.09782117464168,0.535156249033752,0.0,0.464843750966248,0.7660539492893819,13.098612592415645,0.01658947963009278,4.098986541751964,0.5357566065080066,0.0,0.46424339349199345,0.7673463093470901,0.10228691868693307,8.189678144385953
2025_14_CHI_GB,2025,14,GB,CHI,7,6.5,6.5,44.5,11.817134830026223,0.03288430391605246,3.414759819670353,0.5,0.0,0.5,0.6931471805599453,0,11.822891331650654,0.03286833467496386,3.4152455565698836,0.5,0.0,0.5,0.6931471805599453,13.281300474304977,0.0535770387184241,2.926634684806167,0.4666998380789483,0.0,0.5333001619210517,0.7620689729753274,13.188136976610613,0.05406378563097106,2.9175907141155215,0.46625190015732276,0.0,0.5337480998426772,0.7630292326279706,-0.4971691055548315,2.9518640047521134
2025_14_CIN_BUF,2025,14,BUF,CIN,5,6.0,6.0,54.5,11.817134830026223,0.032787433515476305,3.4177099615311533,0.4835416654153794,0.03291666916924113,0.4835416654153794,0.7266177932093001,2,11.950947718145395,0.03242339150946244,3.428875156503135,0.4837258279073602,0.03254834418527963,0.4837258279073602,0.726237004036755,13.281300474304977,0.02603841106913729,3.6481824823538287,0.45270368503447894,0.02611474295816992,0.5211815720073512,0.6516567912111754,13.371345018886599,0.025847355860783454,3.6555469710434565,0.45251823384818657,0.025922109752534183,0.5215596563992793,0.6509316172213166,0.23783700951230324,2.8912170763439105
2025_14_DAL_DET,2025,14,DET,DAL,14,3.5,3.5,55.5,11.817134830026223,0.021679228933724426,3.831400668830788,0.5,0.0,0.5,0.6931471805599453,0,11.942551444887147,0.02163272278281847,3.8335481670125002,0.5,0.0,0.5,0.6931471805599453,13.281300474304977,0.01883372260111784,3.972106260625551,0.46144714627342154,0.0,0.5385528537265785,0.7733877575492437,13.569942579594649,0.01869792399869853,3.979342777396719,0.46155782241707,0.0,0.53844217758293,0.7731479405429801,0.14794210856593093,6.699439490090453
2025_14_DEN_LV,2025,14,LV,DEN,-7,-8.5,-8.5,40.5,11.817134830026223,0.032626731031865086,3.4226233562988573,0.5,0.0,0.5,0.6931471805599453,0,11.778004906916621,0.03273313060346039,3.4193675456859793,0.5,0.0,0.5,0.6931471805599453,13.281300474304977,0.05372914490120184,2.92379968910466,0.5568990801900584,0.0,0.44310091980994165,0.5853712400487536,12.97706332132938,0.055037329711456175,2.899743601950817,0.5580633554225161,0.0,0.44193664457748394,0.5832827828623044,-0.5228797543480401,2.878580848270026
2025_14_HOU_KC,2025,14,KC,HOU,-10,4.5,4.5,41.5,11.817134830026223,0.015227996047121176,4.184619700041564,0.5,0.0,0.5,0.6931471805599453,2,11.761736979528543,0.01519624886086006,4.1867066670561845,0.5,0.0,0.5,0.6931471805599453,13.281300474304977,0.01421106894924916,4.25373411456171,0.4630852207517355,0.0,0.5369147792482645,0.6219158949288154,13.28341855481377,0.014193375068163669,4.254979967736183,0.4626917349226608,0.0,0.5373082650773392,0.6211832987538369,0.07036026769461934,8.55419315193221
2025_14_IND_JAX,2025,14,JAX,IND,17,-2.5,-2.5,44.5,11.817134830026223,0.008760297952110974,4.737525361814202,0.5,0.0,0.5,0.6931471805599453,0,11.790784570372946,0.008733810471098225,4.740553524280367,0.5,0.0,0.5,0.6931471805599453,13.281300474304977,0.008829520310166558,4.729654590851375,0.48478609800293093,0.0,0.5152139019970691,0.7240475203747178,13.48154497661363,0.008971881847042869,4.713659831487697,0.4850989402553414,0.0,0.5149010597446586,0.7234024083234547,-0.02386553032650518,12.826937727125824
2025_14_LA_ARI,2025,14,ARI,LA,-28,-9.5,-9.5,49.5,11.817134830026223,0.009865968871614506,4.618663931292687,0.5,0.0,0.5,0.6931471805599453,2,11.916388758667123,0.009961245708658042,4.609053144055968,0.5,0.0,0.5,0.6931471805599453,13.281300474304977,0.010045231353327338,4.600657249290337,0.5547052022002348,0.0,0.4452947977997653,0.80901874918451,13.047767014984291,0.009863527369152388,4.618911428993062,0.5556164163572326,0.0,0.4443835836427675,0.8110671623968021,0.00024749770037502117,13.048245468015137
2025_14_MIA_NYJ,2025,14,NYJ,MIA,-24,-2.5,-2.5,41.5,11.817134830026223,0.0068357246775224215,4.985592789916927,0.5,0.0,0.5,0.6931471805599453,2,11.74575577841918,0.006763791465925796,4.996171678414287,0.5,0.0,0.5,0.6931471805599453,13.281300474304977,0.00706899151198058,4.9520374525323945,0.48478609800293093,0.0,0.5152139019970691,0.6631731208660832,13.430369620011117,0.007184630263559564,4.9358112202659,0.4850188891632742,0.0,0.5149811108367258,0.6636250569779949,-0.04978156965102709,15.167170640417272
2025_14_NO_TB,2025,14,TB,NO,-4,7.5,7.5,41.5,11.817134830026223,0.02001894999297621,3.9110759543737883,0.5,0.0,0.5,0.6931471805599453,2,11.785749560288595,0.02002143884029567,3.9109516375329587,0.5,0.0,0.5,0.6931471805599453,13.281300474304977,0.017923305025137632,4.02165345623454,0.44108443875717784,0.0,0.5589155612428222,0.5817568704696028,13.066001253555534,0.0179482488013685,4.020262728619457,0.4400247109799772,0.0,0.5599752890200228,0.5798626229765151,0.1091867742456687,6.176665795807178
2025_14_PHI_LAC,2025,14,LAC,PHI,3,-1.5,-1.5,41.5,11.817134830026223,0.0304127132189993,3.492894559996972,0.5,0.0,0.5,0.6931471805599453,0,11.73777332260077,0.0305856179141214,3.4872253833162317,0.5,0.0,0.5,0.6931471805599453,13.281300474304977,0.0764115654434124,2.571621214117104,0.4865129729716564,0.0,0.5134870270283436,0.7204917117883664,13.504453663997253,0.07579981016817275,2.579659490714615,0.48679966345376535,0.0,0.5132003365462346,0.7199026092129535,-0.913235069282357,3.389537340331172
2025_14_PIT_BAL,2025,14,BAL,PIT,-5,5.5,5.5,43.5,11.817134830026223,0.02167922893372448,3.8314006688307853,0.5,0.0,0.5,0.6931471805599453,2,11.800144408219877,0.021685297623670108,3.831120776925257,0.5,0.0,0.5,0.6931471805599453,13.281300474304977,0.01894039955170117,3.966458095791954,0.46484375096624786,0.0,0.5351562490337521,0.625196520456981,13.244471849730784,0.018930878655440606,3.9669608988084812,0.46441713445029453,0.0,0.5355828655497055,0.624399656808838,0.1355602299776959,5.744188951532104
2025_14_SEA_ATL,2025,14,ATL,SEA,-28,-7.0,-7.0,44.5,11.817134830026223,0.007281835605052342,4.922372305005239,0.4835416654153794,0.03291666916924113,0.4835416654153794,0.7266177932093001,2,11.826910819212012,0.0072916961811983205,4.921019087707562,0.4835552607706068,0.03288947845878637,0.4835552607706068,0.7265896774023728,13.281300474304977,0.007585751454260538,4.881483599993204,0.5192345697640123,0.05372393230418827,0.42704149793179946,0.850874085623665,13.151912846239364,0.007467309012970846,4.897220583966613,0.5195815402304397,0.054352743675450364,0.4260657160941099,0.8531616814783866,-0.025151721038626285,15.130527395982856
2025_14_TEN_CLE,2025,14,CLE,TEN,-2,4.5,4.5,33.5,11.817134830026223,0.027943191491496877,3.5775817050662013,0.5,0.0,0.5,0.6931471805599453,2,11.624463127784077,0.028253409525623996,3.5665411374997498,0.5,0.0,0.5,0.6931471805599453,13.281300474304977,0.02297568232625611,3.7733189125412903,0.4630852207517355,0.0,0.5369147792482645,0.6219158949288154,13.12931587589245,0.023118821374160815,3.767108215103677,0.46245812206517356,0.0,0.5375418779348264,0.620748609578449,0.18952651003747567,3.900341693321378
2025_14_WAS_MIN,2025,14,MIN,WAS,31,-1.5,-1.5,43.5,11.817134830026223,0.0014877308786023224,6.510503220082941,0.5,0.0,0.5,0.6931471805599453,0,11.768099419483244,0.0014647358131738564,6.526080385079466,0.5,0.0,0.5,0.6931471805599453,13.281300474304977,0.0015406076260702194,6.475578377992608,0.4865129729716564,0.0,0.5134870270283436,0.7204917117883664,13.539133180851147,0.0016674753626695876,6.396444555294389,0.4868419263565311,0.0,0.5131580736434689,0.7198157951260562,-0.1140586647885522,25.107611116837727
2025_15_ARI_HOU,2025,15,HOU,ARI,20,10.5,10.5,42.5,11.817134830026223,0.02333141499705782,3.7579545433924855,0.5,0.0,0.5,0.6931471805599453,0,11.825236933039031,0.023326090448143044,3.758182783153145,0.5,0.0,0.5,0.6931471805599453,13.281300474304977,0.02051768247273848,3.886468204982787,0.4476420208954225,0.0,0.5523579791045775,0.8037614264874514,12.868828316397734,0.02077083034301599,3.8742056638953337,0.4465826763675613,0.0,0.5534173236324387,0.8061307303697194,0.11625112050284825,6.471558286237262
2025_15_ATL_TB,2025,15,TB,ATL,-1,6.0,6.0,43.5,11.817134830026223,0.027233529362460096,3.6033063676782464,0.4835416654153794,0.03291666916924113,0.4835416654153794,0.7266177932093001,2,11.804156162395786,0.02725228905125987,3.6026177595197484,0.4835235813732558,0.03295283725348841,0.4835235813732558,0.7266551930480095,13.281300474304977,0.022639849793201754,3.788043660245058,0.45270368503447894,0.02611474295816992,0.5211815720073512,0.6516567912111754,13.208092983190811,0.022689987514747295,3.785831530444073,0.4522035260636563,0.026213935829874625,0.521582538106469,0.6508877464866959,0.18252516276582664,4.070565263666827
2025_15_BAL_CIN,2025,15,CIN,BAL,-24,-2.5,-2.5,51.5,11.817134830026223,0.0068357246775224215,4.985592789916927,0.5,0.0,0.5,0.6931471805599453,2,11.88559593768866,0.006904053580579189,4.975646564428809,0.5,0.0,0.5,0.6931471805599453,13.281300474304977,0.00706899151198058,4.9520374525323945,0.48478609800293093,0.0,0.5152139019970691,0.6631731208660832,13.589294524438095,0.0073143600844573055,4.917915728246783,0.4852647749879817,0.0,0.5147352250120183,0.6641026367168428,-0.06767706167014431,15.113113676934132
2025_15_BUF_NE,2025,15,NE,BUF,-4,-2.5,-2.5,49.5,11.817134830026223,0.03262673103186514,3.4226233562988555,0.5,0.0,0.5,0.6931471805599453,2,11.859815275786955,0.032511455512744813,3.4261627744367558,0.5,0.0,0.5,0.6931471805599453,13.281300474304977,0.02570218126012029,3.6611794167479097,0.48478609800293093,0.0,0.5152139019970691,0.6631731208660832,13.559996288932705,0.025204750009117517,3.6807228098019262,0.4852200423837628,0.0,0.5147799576162372,0.6640157363874415,0.25809945350307073,2.9784916073365597
2025_15_CAR_NO,2025,15,NO,CAR,3,-2.5,-2.5,41.5,11.817134830026223,0.029259522547047445,3.531550201122491,0.5,0.0,0.5,0.6931471805599453,0,11.74575577841918,0.02939546815821359,3.5269147607974007,0.5,0.0,0.5,0.6931471805599453,13.281300474304977,0.07431412629509439,2.599454220227698,0.48478609800293093,0.0,0.5152139019970691,0.7240475203747178,13.430369620011117,0.07407865352496575,2.6026278647682837,0.4850188891632742,0.0,0.5149811108367258,0.7235674420746576,-0.9289223363542072,3.6325510628849456
2025_15_CLE_CHI,2025,15,CHI,CLE,28,7.5,7.5,38.5,11.817134830026223,0.007751020847879153,4.859930721984515,0.5,0.0,0.5,0.6931471805599453,0,11.737368166027462,0.007669768576047731,4.8704688366725515,0.5,0.0,0.5,0.6931471805599453,13.281300474304977,0.008041162712022503,4.82318159032394,0.44108443875717784,0.0,0.5589155612428222,0.8185189507588319,13.012687671315646,0.007805578824445984,4.852916567041132,0.43989145899866366,0.0,0.5601085410013363,0.8212272665953023,-0.007014154943383311,14.751255767863267
2025_15_DET_LA,2025,15,LA,DET,7,5.5,5.5,54.5,11.817134830026223,0.032626731031865086,3.4226233562988573,0.5,0.0,0.5,0.6931471805599453,0,11.946886075470157,0.03227877047061045,3.433345525816022,0.5,0.0,0.5,0.6931471805599453,13.281300474304977,0.05307070732198692,2.9361301541364293,0.46484375096624786,0.0,0.5351562490337521,0.7660539492893822,13.408173528234697,0.052757077113632374,2.9420573523334417,0.4646130608196176,0.0,0.5353869391803824,0.7665503470745015,-0.4805660039654156,3.0880956097625445
2025_15_GB_DEN,2025,15,DEN,GB,8,-1.5,-1.5,42.5,11.817134830026223,0.02333141499705782,3.7579545433924855,0.5,0.0,0.5,0.6931471805599453,0,11.753104996310379,0.023373178294923358,3.756166140751413,0.5,0.0,0.5,0.6931471805599453,13.281300474304977,0.01988320982220801,3.9178796309173327,0.4865129729716564,0.0,0.5134870270283436,0.7204917117883664,13.521986322013754,0.019722701960051145,3.92598492296374,0.4868210648550799,0.0,0.5131789351449201,0.7198586467115486,0.16803037957125433,5.567078719423904
2025_15_IND_SEA,2025,15,SEA,IND,2,13.5,13.5,41.5,11.817134830026223,0.02001894999297621,3.9110759543737883,0.5,0.0,0.5,0.6931471805599453,2,11.833921893038015,0.020017520986671367,3.911147339601831,0.5,0.0,0.5,0.6931471805599453,13.281300474304977,0.01850279436831614,3.9898335113682903,0.45534540967427006,0.0,0.5446545903257299,0.6076034644606846,12.64178418509841,0.018669341443118884,3.980872595584703,0.45477609318386625,0.0,0.5452239068161338,0.6065587304950555,0.06979664121091478,5.976887775534854
2025_15_LAC_KC,2025,15,KC,LAC,-3,5.5,5.5,41.5,11.817134830026223,0.024946916789699264,3.691005039983854,0.5,0.0,0.5,0.6931471805599453,2,11.769735732205602,0.024992776754984125,3.689168425662828,0.5,0.0,0.5,0.6931471805599453,13.281300474304977,0.06629433941003927,2.7136507638660463,0.46484375096624786,0.0,0.5351562490337521,0.625196520456981,13.210547086705091,0.06679269194348411,2.706161606468028,0.46437664898470143,0.0,0.5356233510152986,0.6243240682527108,-0.984843433515826,4.649136842946552
2025_15_LV_PHI,2025,15,PHI,LV,31,12.5,12.5,37.5,11.817134830026223,0.009865968871614506,4.618663931292687,0.5,0.0,0.5,0.6931471805599453,0,11.760353910666174,0.009810436824223112,4.624308477933117,0.5,0.0,0.5,0.6931471805599453,13.281300474304977,0.01021214525918654,4.584177555341889,0.4526939199648258,0.0,0.5473060800351742,0.7925390552360577,12.641509742318611,0.00971585397894348,4.63399629688233,0.4518575862745383,0.0,0.5481424137254617,0.7943882234101938,0.015332365589642905,13.140666635324418
2025_15_MIA_PIT,2025,15,PIT,MIA,13,3.0,3.0,42.5,11.817134830026223,0.022508058047041035,3.7938818984629,0.4835416654153794,0.03291666916924113,0.4835416654153794,0.7266177932093001,0,11.765096358004378,0.022534130773442018,3.792724195873581,0.4834689162576437,0.033062167484712524,0.4834689162576437,0.7267682551778694,13.281300474304977,0.01937586569457625,3.943727023730506,0.4477326739216556,0.08124712376125284,0.4710202023170915,0.8035589346657199,13.410868726722716,0.01928968577308764,3.948184741824567,0.4476991846876949,0.08093606513273986,0.47136475017956525,0.803633734849909,0.1543028433616671,6.350734087466537
2025_15_MIN_DAL,2025,15,DAL,MIN,-8,5.5,5.5,47.5,11.817134830026223,0.016773073023711865,4.087980474632548,0.5,0.0,0.5,0.6931471805599453,2,11.857188756855804,0.01678812360373025,4.087083570913983,0.5,0.0,0.5,0.6931471805599453,13.281300474304977,0.015427852007059255,4.17158083117249,0.46484375096624786,0.0,0.5351562490337521,0.625196520456981,13.308110685009368,0.01541217468738842,4.172597517777632,0.4644931939146063,0.0,0.5355068060853937,0.6245416793984566,0.08461704314508367,7.690557444790098
2025_15_NYJ_JAX,2025,15,JAX,NYJ,28,13.5,13.5,40.5,11.817134830026223,0.015227996047121217,4.184619700041561,0.5,0.0,0.5,0.6931471805599453,0,11.818108495650314,0.015228545782729697,4.184583600368026,0.5,0.0,0.5,0.6931471805599453,13.281300474304977,0.01483101152759854,4.211034916958873,0.45534540967427006,0.0,0.5446545903257299,0.7866990058925817,12.624993237067653,0.014630786721544288,4.224627290854256,0.4547734578083652,0.0,0.5452265421916348,0.7879558789486935,0.04000759081269489,9.856239955007846
2025_15_TEN_SF,2025,15,SF,TEN,13,12.5,12.5,44.5,11.817134830026223,0.03288430391605246,3.414759819670353,0.5,0.0,0.5,0.6931471805599453,0,11.871215475344282,0.032734885900580046,3.4193139226433455,0.5,0.0,0.5,0.6931471805599453,13.281300474304977,0.02694398532460133,3.6139951855853245,0.4526939199648258,0.0,0.5473060800351742,0.7925390552360577,12.759954497666927,0.02799499471799521,3.5757295448580186,0.4519257280001675,0.0,0.5480742719998325,0.7942374312353836,0.1609697251876656,3.201700698898207
2025_15_WAS_NYG,2025,15,NYG,WAS,-8,2.5,2.5,46.5,11.817134830026223,0.02167922893372448,3.8314006688307853,0.5,0.0,0.5,0.6931471805599453,2,11.819235983497467,0.02167847451902205,3.8314354684000627,0.5,0.0,0.5,0.6931471805599453,13.281300474304977,0.01879734626216759,3.9740395753773985,0.5152139019970692,0.0,0.4847860980029309,0.7240475203747179,13.513879483724569,0.018685072974025174,3.9800303105652852,0.5148509112896436,0.0,0.4851490887103565,0.723299035879373,0.14862964173449988,6.0420747333808755
2025_16_ATL_ARI,2025,16,ARI,ATL,-7,-2.5,-2.5,48.5,11.817134830026223,0.030412713218999243,3.492894559996974,0.5,0.0,0.5,0.6931471805599453,2,11.846553455730204,0.030349052662737686,3.4949899757121354,0.5,0.0,0.5,0.6931471805599453,13.281300474304977,0.04997186924618281,2.9962950469575844,0.48478609800293093,0.0,0.5152139019970691,0.6631731208660832,13.544924845433131,0.04934082248450825,3.009003498289256,0.4851969272842497,0.0,0.5148030727157503,0.6639708345216646,-0.4838910617077179,3.6674421771719263
2025_16_BUF_CLE,2025,16,CLE,BUF,-3,-10.5,-10.5,41.5,11.817134830026223,0.026494890157338746,3.6308033888343147,0.5,0.0,0.5,0.6931471805599453,0,11.809811164763067,0.026504316966593278,3.630447654857695,0.5,0.0,0.5,0.6931471805599453,13.281300474304977,0.07101636021181637,2.6448450029661634,0.5523579791045776,0.0,0.4476420208954224,0.5935589300280312,12.85214254549312,0.07285055575492454,2.6193451176133364,0.5534407701589801,0.0,0.44655922984102,0.5916005422089257,-1.0114582712209783,4.009254876927079
2025_16_CIN_MIA,2025,16,MIA,CIN,-24,-3.5,-3.5,48.5,11.817134830026223,0.007751020847879146,4.859930721984516,0.5,0.0,0.5,0.6931471805599453,2,11.854609889174762,0.007788820013771999,4.855065905056596,0.5,0.0,0.5,0.6931471805599453,13.281300474304977,0.007933991768737169,4.836598994357493,0.5385528537265785,0.0,0.46144714627342154,0.7733877575492437,13.470618780707742,0.008076975879291315,4.818737748871452,0.5386200918160478,0.0,0.46137990818395225,0.7735334795223122,-0.04119297311306447,14.355489200693173
2025_16_GB_CHI,2025,16,CHI,GB,6,1.5,1.5,45.5,11.817134830026223,0.0304127132189993,3.492894559996972,0.5,0.0,0.5,0.6931471805599453,0,11.79713521976939,0.030456125031710135,3.4914681545876025,0.5,0.0,0.5,0.6931471805599453,13.281300474304977,0.024353833395731325,3.7150660128613744,0.5134870270283437,0.0,0.4865129729716563,0.6665305137528279,13.57233666850848,0.023917901974821174,3.733128063829187,0.5131178697474699,0.0,0.4868821302525301,0.6672496946138281,0.24023350383221498,3.615481667709757
2025_16_JAX_DEN,2025,16,DEN,JAX,-14,3.5,3.5,46.5,11.817134830026223,0.011068624546949388,4.503640790482735,0.5,0.0,0.5,0.6931471805599453,2,11.827273839268974,0.011077888268549316,4.502804205308591,0.5,0.0,0.5,0.6931471805599453,13.281300474304977,0.010842727358164923,4.524260713310211,0.46144714627342154,0.0,0.5385528537265785,0.6188696372920004,13.439743730660771,0.010929275479313537,4.516310266336307,0.4613243811515073,0.0,0.5386756188484927,0.6186417095578731,0.012669475853571477,11.023637987296592
2025_16_KC_TEN,2025,16,TEN,KC,17,-3.5,-3.5,37.5,11.817134830026223,0.007751020847879153,4.859930721984515,0.5,0.0,0.5,0.6931471805599453,0,11.688617749353364,0.007619579362692086,4.8770341125537,0.5,0.0,0.5,0.6931471805599453,13.281300474304977,0.007933991768737108,4.836598994357501,0.5385528537265785,0.0,0.46144714627342154,0.6188696372920004,13.283130182677365,0.007925081061221527,4.837722730725801,0.5389588927868034,0.0,0.4610411072131965,0.6181159766831799,-0.022207991258714088,13.630599406210173
2025_16_LAC_DAL,2025,16,DAL,LAC,-17,1.5,1.5,50.5,11.817134830026223,0.009865968871614506,4.618663931292687,0.5,0.0,0.5,0.6931471805599453,2,11.864757431846606,0.0099119674586291,4.614012417688419,0.5,0.0,0.5,0.6931471805599453,13.281300474304977,0.009785913233670772,4.626811352527824,0.5134870270283437,0.0,0.4865129729716563,0.7204917117883667,13.649663201939251,0.01002924497899461,4.602249956113417,0.5130252137856435,0.0,0.4869747862143565,0.7195429309270038,-0.01641397517926979,12.056199882124815
2025_16_LA_SEA,2025,16,SEA,LA,1,1.5,1.5,42.5,11.817134830026223,0.03288430391605246,3.414759819670353,0.5,0.0,0.5,0.6931471805599453,2,11.753104996310379,0.033062981034911676,3.4093410202093697,0.5,0.0,0.5,0.6931471805599453,13.281300474304977,0.025819403843541592,3.6566289827712635,0.5134870270283437,0.0,0.4865129729716563,0.7204917117883667,13.521986322013754,0.025378008818857146,3.67387227450739,0.5131789351449201,0.0,0.4868210648550799,0.7198586467115486,0.25911245483703693,2.909319819840322
2025_16_LV_HOU,2025,16,HOU,LV,2,14.5,14.5,39.5,11.817134830026223,0.018376187262139104,3.996699623065031,0.5,0.0,0.5,0.6931471805599453,2,11.80994773347107,0.01837499451805094,3.996764532220645,0.5,0.0,0.5,0.6931471805599453,13.281300474304977,0.01738197926400755,4.052321283925378,0.45804479258668307,0.0,0.5419552074133169,0.6125719241064858,12.538640492155956,0.017431098000430818,4.049499426573095,0.4577594050465662,0.0,0.5422405949534338,0.6120454739097867,0.0527998035080639,6.591152341024479
2025_16_MIN_NYG,2025,16,NYG,MIN,-3,-2.5,-2.5,41.5,11.817134830026223,0.03288430391605246,3.414759819670353,0.5,0.0,0.5,0.6931471805599453,2,11.74575577841918,0.03308361337498905,3.408717183383587,0.5,0.0,0.5,0.6931471805599453,13.281300474304977,0.08111551726961441,2.511881001149238,0.48478609800293093,0.0,0.5152139019970691,0.6631731208660832,13.430369620011117,0.0807028442093992,2.5169814600968237,0.4850188891632742,0.0,0.5149811108367258,0.6636250569779949,-0.8977783595735294,2.8209879854292916
2025_16_NE_BAL,2025,16,BAL,NE,-4,3.5,3.5,48.5,11.817134830026223,0.026494890157338635,3.6308033888343187,0.5,0.0,0.5,0.6931471805599453,2,11.854609889174762,0.026446667444296246,3.6326251231603734,0.5,0.0,0.5,0.6931471805599453,13.281300474304977,0.022005458780507466,3.816464730015379,0.46144714627342154,0.0,0.5385528537265785,0.6188696372920004,13.470618780707742,0.021799029141127944,3.8258898449894425,0.46137990818395236,0.0,0.5386200918160476,0.6187447955201479,0.19508645615512377,4.3700667362185275
2025_16_NYJ_NO,2025,16,NO,NYJ,23,6.5,6.5,39.5,11.817134830026223,0.012366600025776164,4.39275598680263,0.5,0.0,0.5,0.6931471805599453,0,11.745891606390416,0.012306750734812577,4.397607326932813,0.5,0.0,0.5,0.6931471805599453,13.281300474304977,0.012027174688648265,4.420586632052375,0.4666998380789483,0.0,0.5333001619210517,0.7620689729753274,13.1027628853327,0.011912142473666157,4.430197023155992,0.4661788538160322,0.0,0.5338211461839678,0.7631859120191827,0.03744103635336238,11.273210749293474
2025_16_PHI_WAS,2025,16,WAS,PHI,-11,-7.0,-7.0,43.5,11.817134830026223,0.03091903052239192,3.4763834101402473,0.4835416654153794,0.03291666916924113,0.4835416654153794,0.7266177932093001,2,11.812183762899753,0.03093036851502351,3.476016777871056,0.483534771447487,0.032930457105025956,0.483534771447487,0.726632050547458,13.281300474304977,0.025018645466940923,3.6881339134208404,0.5192345697640123,0.05372393230418827,0.42704149793179946,0.850874085623665,13.135634743421482,0.02521703223338379,3.6802356304931854,0.5195776709825899,0.05441473218839074,0.42600759682901934,0.8532980999398012,0.20385222035293804,3.820206208503048
2025_16_PIT_DET,2025,16,DET,PIT,-5,7.5,7.5,52.5,11.817134830026223,0.018376187262139104,3.996699623065031,0.5,0.0,0.5,0.6931471805599453,2,11.938646005358278,0.018394239032804155,3.995717759435249,0.5,0.0,0.5,0.6931471805599453,13.281300474304977,0.016738364221666684,4.090051935441715,0.44108443875717784,0.0,0.5589155612428222,0.5817568704696028,13.234475893517542,0.016720445976504295,4.091122998445403,0.4404437973360099,0.0,0.5595562026639901,0.5806113046861792,0.09442337538037204,6.816148252320709
2025_16_SF_IND,2025,16,IND,SF,-21,-4.5,-4.5,46.5,11.817134830026223,0.012366600025776261,4.392755986802622,0.5,0.0,0.5,0.6931471805599453,2,11.835317161309657,0.012381646114367928,4.391540054945451,0.5,0.0,0.5,0.6931471805599453,13.281300474304977,0.011946242346267427,4.427338498064853,0.5369147792482645,0.0,0.4630852207517356,0.7698441797344718,13.366014678714068,0.011976901901993037,4.424775325582744,0.5371834106674226,0.0,0.4628165893325774,0.7704244387290429,0.0320193387801222,11.089032985912572
2025_16_TB_CAR,2025,16,CAR,TB,3,-3.0,-3.0,44.5,11.817134830026223,0.028619843555756086,3.5536549711246743,0.4835416654153794,0.03291666916924113,0.4835416654153794,0.7266177932093001,0,11.79479314243792,0.028659018752123733,3.552287094707527,0.4835105105663239,0.03297897886735224,0.4835105105663239,0.7266822258218107,13.281300474304977,0.07314631693885662,2.6152935022182118,0.4710202023170914,0.08124712376125284,0.4477326739216557,0.7528542934925962,13.444514936380896,0.07288741538442088,2.618839283341127,0.4714514982297258,0.08075538107058827,0.44779312069968585,0.7519390491568964,-0.9348156877835474,3.779164719559116
2025_17_ARI_CIN,2025,17,CIN,ARI,23,7.0,7.0,52.5,11.817134830026223,0.013050088386330816,4.338960372337458,0.4835416654153794,0.03291666916924113,0.4835416654153794,0.7266177932093001,0,11.934588543536544,0.013139263763091047,4.332150297701584,0.4837035346492371,0.0325929307015258,0.4837035346492371,0.726283091656151,13.281300474304977,0.012609977912323938,4.373266880606848,0.42704149793179935,0.05372393230418827,0.5192345697640124,0.8508740856236652,13.270927426139963,0.01258971200398091,4.3748753061691765,0.42648843764318356,0.05390400492673199,0.5196075574300845,0.8521700222814612,0.03591493383171862,10.863472813852905
2025_17_BAL_GB,2025,17,GB,BAL,-17,2.5,2.5,38.5,11.817134830026223,0.008760297952110946,4.737525361814206,0.5,0.0,0.5,0.6931471805599453,2,11.697538561660608,0.008638953223985377,4.75147385813731,0.5,0.0,0.5,0.6931471805599453,13.281300474304977,0.008829520310166521,4.729654590851379,0.5152139019970692,0.0,0.4847860980029309,0.7240475203747179,13.375569295003212,0.008891231470806017,4.722689715899486,0.515067771269407,0.0,0.48493222873059305,0.7237461323845361,-0.014835645914719642,12.856033217031566
2025_17_CHI_SF,2025,17,SF,CHI,4,3.5,3.5,51.5,11.817134830026223,0.03288430391605246,3.414759819670353,0.5,0.0,0.5,0.6931471805599453,0,11.89367892258201,0.03267322009020268,3.42119949409397,0.5,0.0,0.5,0.6931471805599453,13.281300474304977,0.02590310365694047,3.6533924851416595,0.46144714627342154,0.0,0.5385528537265785,0.7733877575492437,13.514745052216718,0.025469741355413713,3.670264144914193,0.4614590842175834,0.0,0.5385409157824166,0.7733618872196952,0.25550432524384004,2.896761984452242
2025_17_DAL_WAS,2025,17,WAS,DAL,-7,-8.5,-8.5,50.5,11.817134830026223,0.032626731031865086,3.4226233562988573,0.5,0.0,0.5,0.6931471805599453,0,11.921354489712954,0.032346657620881514,3.4312445826657223,0.5,0.0,0.5,0.6931471805599453,13.281300474304977,0.05372914490120184,2.92379968910466,0.5568990801900584,0.0,0.44310091980994165,0.5853712400487536,13.13404675761351,0.05443045232120497,2.9108314964253257,0.5577244084242257,0.0,0.4422755915757744,0.5838903303183685,-0.5117918598735316,2.9123737181905858
2025_17_DEN_KC,2025,17,KC,DEN,-7,-13.5,-13.5,37.5,11.817134830026223,0.02794319149149682,3.5775817050662035,0.5,0.0,0.5,0.6931471805599453,0,11.768351722765686,0.028021385927467057,3.5747872772170033,0.5,0.0,0.5,0.6931471805599453,13.281300474304977,0.04913655933651304,3.0131519319124256,0.54465459032573,0.0,0.45534540967427,0.6076034644606844,12.572159719940593,0.05130520999411517,2.969962972622737,0.5452342454627815,0.0,0.45476575453721846,0.6065397684713841,-0.6076187324434668,3.727309813025047
2025_17_DET_MIN,2025,17,MIN,DET,13,-7.0,-7.0,45.5,11.817134830026223,0.00824372326305034,4.798303184803337,0.4835416654153794,0.03291666916924113,0.4835416654153794,0.7266177932093001,0,11.841328333867175,0.008268097020558418,4.795350902766246,0.48357527011636187,0.03284945976727632,0.48357527011636187,0.7265482986119843,13.281300474304977,0.008478014327202537,4.770279016125951,0.5192345697640123,0.05372393230418827,0.42704149793179946,0.655399533058381,13.167848688010734,0.008375737091008962,4.782416194276994,0.5195852547458706,0.05429220247341551,0.42612254278071393,0.6547243726755971,-0.015886990526342792,12.782035825389968
2025_17_HOU_LAC,2025,17,LAC,HOU,-4,1.5,1.5,40.5,11.817134830026223,0.0292595225470475,3.531550201122489,0.5,0.0,0.5,0.6931471805599453,2,11.722088406334231,0.029440756068121243,3.525375303789503,0.5,0.0,0.5,0.6931471805599453,13.281300474304977,0.023654493032638915,3.744202201849723,0.5134870270283437,0.0,0.4865129729716563,0.7204917117883667,13.486516909474641,0.023365768255315226,3.7564832227661844,0.513222305363439,0.0,0.486777694636561,0.719947739303594,0.22493302164369533,3.7234285045331
2025_17_JAX_IND,2025,17,IND,JAX,-6,-3.5,-3.5,48.5,11.817134830026223,0.032118700983177706,3.438316833337288,0.5,0.0,0.5,0.6931471805599453,2,11.854609889174762,0.032022178124234635,3.4413265498596717,0.5,0.0,0.5,0.6931471805599453,13.281300474304977,0.025452362407219924,3.670946714862581,0.5385528537265785,0.0,0.46144714627342154,0.7733877575492437,13.470618780707742,0.025112031951156046,3.684408187097163,0.5386200918160478,0.0,0.46137990818395225,0.7735334795223122,0.246091353759875,3.195067502809572
2025_17_LA_ATL,2025,17,ATL,LA,3,-7.5,-7.5,48.5,11.817134830026223,0.021679228933724426,3.831400668830788,0.5,0.0,0.5,0.6931471805599453,0,11.88689044925797,0.021653728909893477,3.8325776033417656,0.5,0.0,0.5,0.6931471805599453,13.281300474304977,0.05989010030733239,2.81524405784772,0.558915561242822,0.0,0.44108443875717795,0.581756870469603,13.177448574911097,0.06032387763934837,2.8080272728766387,0.5596977170917263,0.0,0.44030228290827367,0.5803584319001339,-1.0233733959541493,5.566490142796161
2025_17_NE_NYJ,2025,17,NYJ,NE,-32,-12.5,-12.5,42.5,11.817134830026223,0.008760297952110946,4.737525361814206,0.5,0.0,0.5,0.6931471805599453,2,11.84132627570525,0.008784491943520732,4.734767391283983,0.5,0.0,0.5,0.6931471805599453,13.281300474304977,0.009202096167896037,4.688323976543195,0.5473060800351742,0.0,0.4526939199648258,0.7925390552360577,12.728021467260929,0.008743246052707024,4.739473756355752,0.5480929914207087,0.0,0.4519070085792913,0.7942788535475467,0.0019483945415457171,13.986768728990835
2025_17_NO_TEN,2025,17,TEN,NO,-8,-1.5,-1.5,39.5,11.817134830026223,0.027943191491496877,3.5775817050662013,0.5,0.0,0.5,0.6931471805599453,2,11.706033078567073,0.02812162452026218,3.571216442717521,0.5,0.0,0.5,0.6931471805599453,13.281300474304977,0.022843388170754264,3.7790935614678753,0.4865129729716564,0.0,0.5134870270283436,0.6665305137528281,13.468156414380799,0.022608155584682717,3.7894445712216993,0.48675512876069016,0.0,0.5132448712393098,0.6670022158474691,0.211862866155498,4.358548312220165
2025_17_NYG_LV,2025,17,LV,NYG,-24,-3.0,-3.0,40.5,11.817134830026223,0.007281835605052342,4.922372305005239,0.4835416654153794,0.03291666916924113,0.4835416654153794,0.7266177932093001,2,11.734048122675873,0.0071974357969536926,4.9340304557047805,0.4834252041606157,0.033149591678768575,0.4834252041606157,0.7268586727243922,13.281300474304977,0.007492717246720096,4.893823763969238,0.4710202023170914,0.08124712376125284,0.4477326739216557,0.8035589346657197,13.375690785845672,0.007561396020847366,4.884699446995796,0.4712734702113179,0.08112587385768028,0.44760065593100185,0.8038538371053114,-0.037672858009442756,14.785234718500735
2025_17_PHI_BUF,2025,17,BUF,PHI,-1,3.0,3.0,45.5,11.817134830026223,0.03091903052239192,3.4763834101402473,0.4835416654153794,0.03291666916924113,0.4835416654153794,0.7266177932093001,2,11.80917150425912,0.0309372703205284,3.4757936626637065,0.48353057429089025,0.03293885141821956,0.48353057429089025,0.7266407307397849,13.281300474304977,0.02471180838312837,3.700474077396875,0.4477326739216556,0.08124712376125284,0.4710202023170915,0.752854293492596,13.460805316740302,0.024415585503615993,3.7125336004488316,0.4478384954510532,0.08066820008461024,0.47149330446433657,0.7518503775092693,0.2361501903085843,3.3021829937422496
2025_17_PIT_CLE,2025,17,CLE,PIT,7,-4.5,-4.5,35.5,11.817134830026223,0.020018949992976265,3.911075954373785,0.5,0.0,0.5,0.6931471805599453,0,11.661475344575292,0.02002889816380604,3.910579140113231,0.5,0.0,0.5,0.6931471805599453,13.281300474304977,0.03633168963147643,3.315064925945089,0.5369147792482645,0.0,0.4630852207517356,0.6219158949288154,13.170866612141804,0.036466512963049154,3.311360892578493,0.5374788075486396,0.0,0.4625211924513604,0.6208659475741004,-0.5997150617952922,6.436425290800367
2025_17_SEA_CAR,2025,17,CAR,SEA,-17,-6.5,-6.5,42.5,11.817134830026223,0.02167922893372448,3.8314006688307853,0.5,0.0,0.5,0.6931471805599453,2,11.793123801943503,0.021687788727487722,3.83100590828067,0.5,0.0,0.5,0.6931471805599453,13.281300474304977,0.019009503449425293,3.9628162433160914,0.5333001619210516,0.0,0.4666998380789485,0.762068972975327,13.155132377797226,0.01903655792464498,3.961394047230467,0.5337764378768881,0.0,0.46622356212311195,0.7630900128530078,0.12999337839968161,6.929437281345248
2025_17_TB_MIA,2025,17,MIA,TB,3,-5.5,-5.5,44.5,11.817134830026223,0.02494691678969918,3.6910050399838576,0.5,0.0,0.5,0.6931471805599453,0,11.814856454246327,0.024949124526323807,3.6909165465255453,0.5,0.0,0.5,0.6931471805599453,13.281300474304977,0.06629433941003929,2.713650763866046,0.535156249033752,0.0,0.464843750966248,0.6251965204569813,13.260884827005935,0.06666902302537868,2.7080148563461632,0.5355632630559003,0.0,0.4644367369440997,0.6244362577791144,-0.9829901836376944,4.653025308926736
2025_18_ARI_LA,2025,18,LA,ARI,17,14.5,14.5,49.5,11.817134830026223,0.03211870098317782,3.4383168333372844,0.5,0.0,0.5,0.6931471805599453,0,11.956963538330166,0.03176140082569179,3.4495035369734834,0.5,0.0,0.5,0.6931471805599453,13.281300474304977,0.02678806947802681,3.619798659312685,0.45804479258668307,0.0,0.5419552074133169,0.7807882992424952,12.693778726675445,0.02795919475065181,3.5770091620794755,0.45772304240397244,0.0,0.5422769575960276,0.7814909886876933,0.13869232874219106,3.570363483108255
2025_18_BAL_PIT,2025,18,PIT,BAL,2,-4.5,-4.5,41.5,11.817134830026223,0.02794319149149682,3.5775817050662035,0.5,0.0,0.5,0.6931471805599453,0,11.761736979528543,0.028032007197729247,3.57440830745988,0.5,0.0,0.5,0.6931471805599453,13.281300474304977,0.02297568232625611,3.7733189125412903,0.5369147792482645,0.0,0.4630852207517356,0.6219158949288154,13.28341855481377,0.022943643676049796,3.7747143448437415,0.5373082650773391,0.0,0.4626917349226609,0.6211832987538372,0.19713263977753792,3.919699244793616
2025_18_CAR_TB,2025,18,TB,CAR,2,3.0,3.0,43.5,11.817134830026223,0.032787433515476305,3.4177099615311533,0.4835416654153794,0.03291666916924113,0.4835416654153794,0.7266177932093001,2,11.780106079564495,0.032889613561327635,3.414598368277754,0.4834899655602435,0.03302006887951303,0.4834899655602435,0.7267247180575246,13.281300474304977,0.025819329051146152,3.656631879526906,0.4477326739216556,0.08124712376125284,0.4710202023170915,0.752854293492596,13.427874680394595,0.025535651991180124,3.667679685972542,0.447746700087919,0.08084463648790624,0.47140866342417476,0.7520299105747876,0.24996972444138876,2.8619633117408365
2025_18_CLE_CIN,2025,18,CIN,CLE,-2,9.5,9.5,47.5,11.817134830026223,0.02001894999297621,3.9110759543737883,0.5,0.0,0.5,0.6931471805599453,2,11.889476339295202,0.020012312768586726,3.9114075564264055,0.5,0.0,0.5,0.6931471805599453,13.281300474304977,0.018094391426639968,4.012153254660218,0.44529479779976533,0.0,0.5547052022002347,0.5893184735617618,13.018477253033963,0.018138245259752793,4.009732572174061,0.444330899864415,0.0,0.555669100135585,0.5875823055408628,0.09865661780027235,6.08403044071331
2025_18_DAL_NYG,2025,18,NYG,DAL,17,-3.0,-3.0,50.5,11.817134830026223,0.00824372326305034,4.798303184803337,0.4835416654153794,0.03291666916924113,0.4835416654153794,0.7266177932093001,0,11.87686270937297,0.00830369834495337,4.791054279693213,0.4836243792816363,0.03275124143672731,0.4836243792816363,0.7264467494326661,13.281300474304977,0.008374037107647735,4.782619180101985,0.4710202023170914,0.08124712376125284,0.4477326739216557,0.7528542934925962,13.537496415535774,0.008564514557003165,4.760127826336726,0.4716884340852252,0.08026038171076477,0.44805118420401,0.7514366086337764,-0.03817535846661091,13.181491946015072
2025_18_DET_CHI,2025,18,CHI,DET,-3,3.5,3.5,51.5,11.817134830026223,0.027943191491496877,3.5775817050662013,0.5,0.0,0.5,0.6931471805599453,2,11.89367892258201,0.02782098790549342,3.581964582495709,0.5,0.0,0.5,0.6931471805599453,13.281300474304977,0.07190479942486264,2.632412265094001,0.46144714627342154,0.0,0.5385528537265785,0.6188696372920004,13.514745052216718,0.07143531981010667,2.6389628567364682,0.4614590842175834,0.0,0.5385409157824166,0.6188918042462624,-0.9386188483297331,3.943935847935345
2025_18_GB_MIN,2025,18,MIN,GB,13,12.5,12.5,37.5,11.817134830026223,0.03288430391605246,3.414759819670353,0.5,0.0,0.5,0.6931471805599453,0,11.760353910666174,0.03304265544991203,3.409955962798867,0.5,0.0,0.5,0.6931471805599453,13.281300474304977,0.02694398532460133,3.6139951855853245,0.4526939199648258,0.0,0.5473060800351742,0.7925390552360577,12.641509742318611,0.028252471363830876,3.566574343310488,0.4518575862745383,0.0,0.5481424137254617,0.7943882234101938,0.15181452364013515,3.175479740015771
2025_18_IND_HOU,2025,18,HOU,IND,8,9.5,9.5,37.5,11.817134830026223,0.03262673103186514,3.4226233562988555,0.5,0.0,0.5,0.6931471805599453,2,11.736393071637472,0.032847035411544656,3.41589378434786,0.5,0.0,0.5,0.6931471805599453,13.281300474304977,0.026348906698115595,3.6363284963881783,0.44529479779976533,0.0,0.5547052022002347,0.5893184735617618,12.85186353600562,0.02713951581646523,3.606764464953225,0.44403171645296835,0.0,0.5559682835470316,0.5870440303387833,0.1841411086543694,2.9227473337632253
2025_18_KC_LV,2025,18,LV,KC,2,-3.5,-3.5,36.5,11.817134830026223,0.029259522547047445,3.531550201122491,0.5,0.0,0.5,0.6931471805599453,0,11.671311008300892,0.02953827637698825,3.5220683523629708,0.5,0.0,0.5,0.6931471805599453,13.281300474304977,0.023731174766457187,3.740965704220119,0.5385528537265785,0.0,0.46144714627342154,0.6188696372920004,13.263581247018516,0.02372272250831695,3.7413219345284827,0.5389944402911515,0.0,0.46100555970884843,0.6180500229850555,0.20977173340599187,3.618997672576027
2025_18_LAC_DEN,2025,18,DEN,LAC,16,14.5,14.5,37.5,11.817134830026223,0.032626731031865086,3.4226233562988573,0.5,0.0,0.5,0.6931471805599453,0,11.77635497390205,0.03273763209716529,3.419230034115125,0.5,0.0,0.5,0.6931471805599453,13.281300474304977,0.027103347182715735,3.6080980464461616,0.45804479258668307,0.0,0.5419552074133169,0.7807882992424952,12.5031901446533,0.02874754475572938,3.549202915186265,0.4577689797760319,0.0,0.5422310202239681,0.7813906330953231,0.1265795588874079,3.328966410720926
2025_18_MIA_NE,2025,18,NE,MIA,28,14.0,14.0,44.5,11.817134830026223,0.015992279750878025,4.135649188760577,0.4835416654153794,0.03291666916924113,0.4835416654153794,0.7266177932093001,0,11.883327341830368,0.016023233748986176,4.133715500721907,0.4836332819781278,0.032733436043744346,0.4836332819781278,0.7264283413148536,13.281300474304977,0.015484626264097419,4.167907601198739,0.44308989262678117,0.027201775854756416,0.5297083315184624,0.8139826116286413,12.655098936801911,0.015350935261307274,4.176578877729639,0.4419918833935766,0.028519625259946273,0.5294884913464771,0.8164637604359964,0.04092968896906246,9.4612910877263
2025_18_NO_ATL,2025,18,ATL,NO,2,4.5,4.5,43.5,11.817134830026223,0.032118700983177706,3.438316833337288,0.5,0.0,0.5,0.6931471805599453,2,11.792124989702549,0.032183432856917604,3.4363034663853433,0.5,0.0,0.5,0.6931471805599453,13.281300474304977,0.02551704640803965,3.6684085635656003,0.4630852207517355,0.0,0.5369147792482645,0.6219158949288154,13.317530452200415,0.02542424104383737,3.672052188276248,0.46274333101592935,0.0,0.5372566689840707,0.6212793303507609,0.2337353549389598,2.9481162035579573
2025_18_NYJ_BUF,2025,18,BUF,NYJ,27,12.5,12.5,39.5,11.817134830026223,0.015227996047121217,4.184619700041561,0.5,0.0,0.5,0.6931471805599453,0,11.793901026241674,0.015214793849410158,4.185487044892909,0.5,0.0,0.5,0.6931471805599453,13.281300474304977,0.014744650111384403,4.216874966302349,0.4526939199648258,0.0,0.5473060800351742,0.7925390552360577,12.677352267957161,0.014555667636699155,4.229774832915612,0.45187783127558,0.0,0.54812216872442,0.7943434204719623,0.04515513287405071,9.871347638637207
2025_18_SEA_SF,2025,18,SF,SEA,-10,-2.5,-2.5,47.5,11.817134830026223,0.026494890157338635,3.6308033888343187,0.5,0.0,0.5,0.6931471805599453,2,11.833030624090915,0.0264744325872735,3.6315758197442225,0.5,0.0,0.5,0.6931471805599453,13.281300474304977,0.021962956400903098,3.818398044767228,0.48478609800293093,0.0,0.5152139019970691,0.6631731208660832,13.529556669425853,0.02170341594327293,3.8302856140837505,0.48517328392401193,0.0,0.5148267160759881,0.663924908577215,0.1994822252494317,4.9405745697830925
2025_18_TEN_JAX,2025,18,JAX,TEN,34,12.5,12.5,46.5,11.817134830026223,0.006835724677522359,4.985592789916936,0.5,0.0,0.5,0.6931471805599453,0,11.899860969947579,0.0069182086079526695,4.973598414548757,0.5,0.0,0.5,0.6931471805599453,13.281300474304977,0.0073672790160963595,4.910706838224206,0.4526939199648258,0.0,0.5473060800351742,0.7925390552360577,12.790558322388483,0.0069312069272590435,4.971721321166739,0.4519439054160215,0.0,0.5480560945839785,0.7941972099132274,-0.013871468750196847,15.752840317811572
2025_18_WAS_PHI,2025,18,PHI,WAS,-7,3.0,3.0,38.5,11.817134830026223,0.022508058047041035,3.7938818984629,0.4835416654153794,0.03291666916924113,0.4835416654153794,0.7266177932093001,2,11.701515432413132,0.022565354935110582,3.791339516373718,0.48337915351456784,0.03324169297086432,0.48337915351456784,0.7269539363539302,13.281300474304977,0.039705750984712115,3.226259240704473,0.4477326739216556,0.08124712376125284,0.4710202023170915,0.752854293492596,13.338830340381252,0.0397507007896208,3.2251278081096344,0.44749706638105546,0.08132575444533365,0.4711771791736109,0.7525210791129859,-0.5687540903532655,5.673892239340308
