game_id,season,week,home_win,market_prob,fst_prob,margin_prob,model_margin,margin_sigma,candidate_prob,fit_last_season
2022_01_BUF_LA,2022,1,0,0.473778437623,0.434361357336,0.489363329608,-0.355961909073,13.3492364966,0.432650773532,2021
2022_01_NO_ATL,2022,1,0,0.323382103561,0.286967701865,0.431334093424,-2.30913329189,13.3492364966,0.278864093946,2021
2022_01_CLE_CAR,2022,1,0,0.543147208122,0.51470445801,0.425386249697,-2.51143009276,13.3492364966,0.517091528796,2021
2022_01_SF_CHI,2022,1,1,0.30683501446,0.273968422925,0.401778911871,-3.32055952314,13.3492364966,0.264708704101,2021
2022_01_PIT_CIN,2022,1,0,0.733179868159,0.707141403019,0.624706704713,4.24326829401,13.3492364966,0.712865813527,2021
2022_01_PHI_DET,2022,1,0,0.312960235641,0.277316466617,0.380171235832,-4.07193219278,13.3492364966,0.273028160643,2021
2022_01_IND_HOU,2022,1,0,0.277580071174,0.246605389085,0.337567230963,-5.59482190355,13.3492364966,0.240898879718,2021
2022_01_NE_MIA,2022,1,1,0.593301435407,0.568853197647,0.453400591596,-1.56285238527,13.3492364966,0.570383045817,2021
2022_01_BAL_NYJ,2022,1,0,0.29384534879,0.26880285947,0.316832096707,-6.36192354782,13.3492364966,0.259587965433,2021
2022_01_JAX_WAS,2022,1,1,0.598679827076,0.545973353838,0.685691095502,6.45666806429,13.3492364966,0.549216883357,2021
2022_01_KC_ARI,2022,1,0,0.30320780071,0.27494214734,0.327599453583,-5.96112182693,13.3492364966,0.268170254027,2021
2022_01_LV_LAC,2022,1,1,0.626567084556,0.586720083417,0.628234027892,4.36759971375,13.3492364966,0.588505915809,2021
2022_01_GB_MIN,2022,1,1,0.541984732824,0.532217262261,0.347966700268,-5.21709244555,13.3492364966,0.525147482937,2021
2022_01_NYG_TEN,2022,1,0,0.68538575048,0.630550292554,0.846889356193,13.6587130201,13.3492364966,0.62549967336,2021
2022_01_TB_DAL,2022,1,0,0.443302891933,0.394957061305,0.561737091026,2.07413548638,13.3492364966,0.391451001439,2021
2022_01_DEN_SEA,2022,1,1,0.30297048398,0.240081884273,0.650051682456,5.14559672671,13.3492364966,0.238934151685,2021
2022_02_LAC_KC,2022,2,1,0.63542457846,0.580331046614,0.744778622522,8.78577911679,13.3492364966,0.583606142646,2021
2022_02_MIA_BAL,2022,2,0,0.606393129771,0.576088287967,0.560267155083,2.02436610897,13.3492364966,0.573227381226,2021
2022_02_NYJ_CLE,2022,2,0,0.682900279237,0.640701916652,0.698526744064,6.94384516828,13.3492364966,0.645620025672,2021
2022_02_WAS_DET,2022,2,1,0.480445422298,0.443679913909,0.487986403771,-0.402054610954,13.3492364966,0.440132050278,2021
2022_02_IND_JAX,2022,2,1,0.403491694665,0.381449093584,0.327083122448,-5.98021659868,13.3492364966,0.374729939923,2021
2022_02_TB_NO,2022,2,0,0.435005117707,0.417102016265,0.382188508395,-4.00127334225,13.3492364966,0.40244345796,2021
2022_02_CAR_NYG,2022,2,1,0.480445422298,0.442292905262,0.501143045991,0.0382481699466,13.3492364966,0.438646376098,2021
2022_02_NE_PIT,2022,2,0,0.414937759336,0.379968033256,0.433995227277,-2.21879755638,13.3492364966,0.374856522675,2021
2022_02_ATL_LA,2022,2,1,0.800143004133,0.780043523326,0.715896885404,7.61834605673,13.3492364966,0.782676502959,2021
2022_02_SEA_SF,2022,2,1,0.767838621184,0.75702263849,0.545823703131,1.53672054947,13.3492364966,0.760101923626,2021
2022_02_CIN_DAL,2022,2,1,0.269781764627,0.207940887406,0.654461623258,5.30490985312,13.3492364966,0.207194158647,2021
2022_02_HOU_DEN,2022,2,1,0.802562943681,0.79205080529,0.602643221522,3.47340119707,13.3492364966,0.795182566907,2021
2022_02_ARI_LV,2022,2,0,0.67218438867,0.646030023275,0.595842758798,3.23853853794,13.3492364966,0.64496421863,2021
2022_02_CHI_GB,2022,2,1,0.783477681546,0.755408652864,0.712924740448,7.5015949622,13.3492364966,0.763194371995,2021
2022_02_TEN_BUF,2022,2,1,0.773926149209,0.74835246038,0.711395907607,7.44176302365,13.3492364966,0.752006322962,2021
2022_02_MIN_PHI,2022,2,1,0.57046357852,0.52341079202,0.61512632801,3.90739357361,13.3492364966,0.525881067477,2021
2022_03_PIT_CLE,2022,3,1,0.655785282009,0.622220686941,0.581201794033,2.73617851548,13.3492364966,0.627607679333,2021
2022_03_NO_CAR,2022,3,1,0.460972383,0.440872444341,0.382323434171,-3.99655132682,13.3492364966,0.430871932944,2021
2022_03_HOU_CHI,2022,3,1,0.594911070321,0.560301119233,0.623244989705,4.19185391858,13.3492364966,0.552742318822,2021
2022_03_KC_IND,2022,3,1,0.35166954824,0.330786649548,0.275118389938,-7.97490535778,13.3492364966,0.325260968591,2021
2022_03_BUF_MIA,2022,3,1,0.354491017964,0.321398345442,0.394863038809,-3.55979194903,13.3492364966,0.314746042375,2021
2022_03_DET_MIN,2022,3,1,0.706993723581,0.679903925187,0.613489785115,3.85027103801,13.3492364966,0.683501619822,2021
2022_03_BAL_NE,2022,3,0,0.425964555542,0.366798987585,0.641444893816,4.83674363826,13.3492364966,0.363992754844,2021
2022_03_CIN_NYJ,2022,3,0,0.30508176543,0.267283612626,0.402191102868,-3.3063354753,13.3492364966,0.262883338422,2021
2022_03_LV_TEN,2022,3,1,0.449131029096,0.391351109337,0.615119819891,3.90716627061,13.3492364966,0.391689867935,2021
2022_03_PHI_WAS,2022,3,0,0.313653136531,0.278709534707,0.421736873733,-2.63583502972,13.3492364966,0.269813997785,2021
2022_03_JAX_LAC,2022,3,0,0.696132596685,0.654111065313,0.754973015134,9.21394989014,13.3492364966,0.653867117649,2021
2022_03_LA_ARI,2022,3,0,0.385145602092,0.340559304802,0.540812302079,1.36803465228,13.3492364966,0.332029742998,2021
2022_03_ATL_SEA,2022,3,0,0.502322988292,0.437560754493,0.688901612974,6.57769403402,13.3492364966,0.440373603369,2021
2022_03_GB_TB,2022,3,0,0.539027617,0.49089058927,0.623180804204,4.18959768735,13.3492364966,0.489451623827,2021
2022_03_SF_DEN,2022,3,1,0.489612188366,0.463408089327,0.43443898917,-2.20374345876,13.3492364966,0.456360409178,2021
2022_03_DAL_NYG,2022,3,0,0.532710280374,0.538512104955,0.270671336408,-8.15349833752,13.3492364966,0.525157257334,2021
2022_04_MIA_CIN,2022,4,1,0.63799775309,0.625082928112,0.472275123637,-0.928466022037,13.3492364966,0.619029497422,2021
2022_04_MIN_NO,2022,4,0,0.35166954824,0.300551203659,0.602817447184,3.47943213942,13.3492364966,0.291415906224,2021
2022_04_CLE_ATL,2022,4,1,0.495353375773,0.464419139764,0.483613474535,-0.54847320246,13.3492364966,0.457078017046,2021
2022_04_BUF_BAL,2022,4,0,0.383703870895,0.360301140347,0.404332771348,-3.23248994334,13.3492364966,0.344644087218,2021
2022_04_WAS_DAL,2022,4,1,0.593301435407,0.53240980461,0.679616794299,6.22912079783,13.3492364966,0.54384296945,2021
2022_04_SEA_DET,2022,4,0,0.611939006622,0.603052815771,0.364023651596,-4.64185288957,13.3492364966,0.601731505143,2021
2022_04_LAC_HOU,2022,4,0,0.318793547771,0.285418628015,0.394737074763,-3.56415965565,13.3492364966,0.277627946654,2021
2022_04_TEN_IND,2022,4,0,0.654625750198,0.639903539763,0.475977664507,-0.804311524468,13.3492364966,0.637566213108,2021
2022_04_CHI_NYG,2022,4,1,0.575799721836,0.561947153504,0.384258365179,-3.92888894826,13.3492364966,0.5586505309,2021
2022_04_JAX_PHI,2022,4,1,0.699039632084,0.6658536714,0.680325201555,6.25556389072,13.3492364966,0.666821217362,2021
2022_04_NYJ_PIT,2022,4,0,0.601800289877,0.550926831518,0.706349987931,7.2453353123,13.3492364966,0.550034490389,2021
2022_04_ARI_CAR,2022,4,0,0.51729139283,0.491704219902,0.440814445014,-1.98776308255,13.3492364966,0.48637057888,2021
2022_04_NE_GB,2022,4,1,0.788311636925,0.76747414621,0.68219512284,6.32548184488,13.3492364966,0.771886760597,2021
2022_04_DEN_LV,2022,4,1,0.564242112231,0.525008167612,0.598567489122,3.33251617934,13.3492364966,0.520817993987,2021
2022_04_KC_TB,2022,4,0,0.541984732824,0.504655325293,0.509912677267,0.331727918695,13.3492364966,0.506042736903,2021
2022_04_LA_SF,2022,4,1,0.539927702925,0.50537713526,0.561569250447,2.06845126212,13.3492364966,0.497779859708,2021
2022_05_IND_DEN,2022,5,0,0.623826148142,0.604007578671,0.517024497885,0.569839501244,13.3492364966,0.597982555642,2021
2022_05_NYG_GB,2022,5,0,0.774916556087,0.738879362805,0.781289359668,10.3664181341,13.3492364966,0.745194837462,2021
2022_05_PIT_BUF,2022,5,1,0.854929327173,0.83308525452,0.841212923039,13.3419659571,13.3492364966,0.835771309097,2021
2022_05_LAC_CLE,2022,5,0,0.480445422298,0.437067653436,0.581060931553,2.73136515378,13.3492364966,0.429566970893,2021
2022_05_HOU_JAX,2022,5,0,0.730924978687,0.701045167258,0.672685476225,5.97165748756,13.3492364966,0.705240258862,2021
2022_05_CHI_MIN,2022,5,1,0.770109494241,0.747137574362,0.665083392084,5.69180635224,13.3492364966,0.752117627148,2021
2022_05_DET_NE,2022,5,1,0.581674650833,0.535440998996,0.689130674909,6.58634949726,13.3492364966,0.529291442893,2021
2022_05_SEA_NO,2022,5,1,0.676909328384,0.651163578753,0.539518342623,1.3245159656,13.3492364966,0.656400354027,2021
2022_05_MIA_NYJ,2022,5,1,0.396657179192,0.384514548666,0.297056233068,-7.11362183516,13.3492364966,0.371057959976,2021
2022_05_ATL_TB,2022,5,1,0.786848984516,0.763518542589,0.72833733303,8.11356119966,13.3492364966,0.765626002676,2021
2022_05_TEN_WAS,2022,5,0,0.488372093023,0.473700450403,0.374123335972,-4.28446581686,13.3492364966,0.462123617882,2021
2022_05_SF_CAR,2022,5,0,0.318083120643,0.295023216356,0.348263321114,-5.20638104166,13.3492364966,0.281491182831,2021
2022_05_PHI_ARI,2022,5,0,0.328866737479,0.28785780271,0.505035663333,0.168505694227,13.3492364966,0.277626178252,2021
2022_05_DAL_LA,2022,5,0,0.669762641899,0.64779371478,0.490834199107,-0.306729109348,13.3492364966,0.653266875425,2021
2022_05_CIN_BAL,2022,5,1,0.611413989096,0.577051479311,0.608946195403,3.69204516376,13.3492364966,0.573352002111,2021
2022_05_LV_KC,2022,5,1,0.740883212802,0.699119139539,0.777123809562,10.1790000751,13.3492364966,0.704520926902,2021
2022_06_WAS_CHI,2022,6,0,0.467289719626,0.415618707952,0.562653810846,2.10518852343,13.3492364966,0.417311678219,2021
2022_06_SF_ATL,2022,6,1,0.366748166259,0.331641327344,0.41478431333,-2.87348793883,13.3492364966,0.325580217206,2021
2022_06_NE_CLE,2022,6,0,0.56973825744,0.537811985681,0.530220830959,1.01220565889,13.3492364966,0.534987894216,2021
2022_06_NYJ_GB,2022,6,0,0.760385872102,0.729524133254,0.767848216512,9.76868878401,13.3492364966,0.729313780328,2021
2022_06_JAX_IND,2022,6,1,0.535759096612,0.489048454482,0.595520541937,3.22743577375,13.3492364966,0.489117989182,2021
2022_06_MIN_MIA,2022,6,0,0.379441186616,0.33299817969,0.52896789975,0.970164863511,13.3492364966,0.327285482791,2021
2022_06_CIN_NO,2022,6,0,0.393606870229,0.346793276853,0.547483434596,1.59264062817,13.3492364966,0.340192883487,2021
2022_06_BAL_NYG,2022,6,1,0.318083120643,0.281291373018,0.406240988482,-3.16677719882,13.3492364966,0.275798861378,2021
2022_06_TB_PIT,2022,6,1,0.229377283154,0.20177364395,0.318794859757,-6.2884440575,13.3492364966,0.194255766498,2021
2022_06_CAR_LA,2022,6,1,0.781011615349,0.755857949092,0.65112756894,5.18439570473,13.3492364966,0.766180079777,2021
2022_06_ARI_SEA,2022,6,1,0.437620531078,0.382331814166,0.530892790362,1.03475666334,13.3492364966,0.388730580126,2021
2022_06_BUF_KC,2022,6,0,0.420714187987,0.373569490906,0.57346753911,2.47240194988,13.3492364966,0.366022488049,2021
2022_06_DAL_PHI,2022,6,1,0.723912553527,0.696829179618,0.619889664236,4.07406709987,13.3492364966,0.702547550652,2021
2022_06_DEN_LAC,2022,6,1,0.633690250525,0.586975740148,0.659434537144,5.48547319347,13.3492364966,0.592970681105,2021
2022_07_NO_ARI,2022,7,1,0.568655643422,0.542203092387,0.549219211347,1.65115277226,13.3492364966,0.531581793598,2021
2022_07_CLE_BAL,2022,7,1,0.717472338915,0.691756650571,0.663469005143,5.63270162793,13.3492364966,0.690414785514,2021
2022_07_TB_CAR,2022,7,1,0.155279503106,0.132840374726,0.266671275601,-8.31539555575,13.3492364966,0.126655655088,2021
2022_07_ATL_CIN,2022,7,1,0.709895609337,0.685036628878,0.617436747732,3.98815961454,13.3492364966,0.68646820184,2021
2022_07_DET_DAL,2022,7,1,0.714927826966,0.677437769905,0.747127259099,8.88360918569,13.3492364966,0.677378276469,2021
2022_07_NYG_JAX,2022,7,0,0.606941560368,0.585224233166,0.507556172868,0.252856554346,13.3492364966,0.579784116822,2021
2022_07_IND_TEN,2022,7,1,0.574035444458,0.519821607547,0.663073812213,5.61824997298,13.3492364966,0.523990232187,2021
2022_07_GB_WAS,2022,7,1,0.356560101529,0.329635317155,0.379044400263,-4.11145136656,13.3492364966,0.318577538481,2021
2022_07_NYJ_DEN,2022,7,0,0.45395460454,0.411492104238,0.463288790933,-1.23015367141,13.3492364966,0.41388669694,2021
2022_07_HOU_LV,2022,7,1,0.742969458724,0.709801178144,0.698191193838,6.93099378809,13.3492364966,0.716685036535,2021
2022_07_SEA_LAC,2022,7,0,0.667940083483,0.646092879664,0.533376316095,1.11813009771,13.3492364966,0.646739217538,2021
2022_07_KC_SF,2022,7,0,0.497677011708,0.466147081022,0.44769478177,-1.75525960269,13.3492364966,0.46376289831,2021
2022_07_PIT_MIA,2022,7,1,0.726461570262,0.704768276442,0.609208435152,3.70116309178,13.3492364966,0.706590480268,2021
2022_07_CHI_NE,2022,7,0,0.772836405275,0.742281275898,0.762941486021,9.55533645799,13.3492364966,0.744948768235,2021
2022_08_BAL_TB,2022,8,0,0.548049476689,0.500156552687,0.562180379134,2.08915004975,13.3492364966,0.506831540124,2021
2022_08_DEN_JAX,2022,8,0,0.504646624227,0.449324539479,0.608125460873,3.6635197941,13.3492364966,0.45300293689,2021
2022_08_CAR_ATL,2022,8,1,0.649910442206,0.605459192447,0.695444916371,6.82605261397,13.3492364966,0.60730835999,2021
2022_08_CHI_DAL,2022,8,1,0.786848984516,0.7652180989,0.695619080864,6.83269523284,13.3492364966,0.76889333334,2021
2022_08_MIA_DET,2022,8,0,0.36200224691,0.335444899825,0.35382418038,-5.00618098181,13.3492364966,0.327059544372,2021
2022_08_ARI_MIN,2022,8,1,0.64833045176,0.60745295463,0.617299823203,3.98336905982,13.3492364966,0.614936286203,2021
2022_08_LV_NO,2022,8,1,0.46943325045,0.433020585859,0.501547803687,0.0517920770078,13.3492364966,0.426519776199,2021
2022_08_NE_NYJ,2022,8,0,0.406698564593,0.374893396607,0.474158214839,-0.865312390533,13.3492364966,0.361708942198,2021
2022_08_PIT_PHI,2022,8,1,0.804978018709,0.780502020312,0.761628892747,9.49867646638,13.3492364966,0.783831675683,2021
2022_08_TEN_HOU,2022,8,0,0.478202846975,0.46649510154,0.338525656185,-5.55982662821,13.3492364966,0.455272133805,2021
2022_08_WAS_IND,2022,8,0,0.586736037935,0.548762881129,0.623648733499,4.20604895907,13.3492364966,0.543357887552,2021
2022_08_SF_LA,2022,8,0,0.502322988292,0.460139518489,0.551068102114,1.71351286926,13.3492364966,0.457095779617,2021
2022_08_NYG_SEA,2022,8,1,0.605428349375,0.57123775752,0.648713228766,5.09738952044,13.3492364966,0.561684194333,2021
2022_08_GB_BUF,2022,8,1,0.791527206656,0.761480685371,0.792180434896,10.8664141453,13.3492364966,0.764010374218,2021
2022_08_CIN_CLE,2022,8,1,0.395126275146,0.361319240651,0.398916622508,-3.41943753047,13.3492364966,0.357429908109,2021
2022_09_PHI_HOU,2022,9,0,0.151670455276,0.132019987787,0.282499731309,-7.68157202723,13.3492364966,0.122289183589,2021
2022_09_LAC_ATL,2022,9,0,0.424899457947,0.37334209764,0.582463018833,2.77929131261,13.3492364966,0.369484370869,2021
2022_09_MIA_CHI,2022,9,0,0.358208225341,0.315517086925,0.465243033573,-1.16449801116,13.3492364966,0.31154162507,2021
2022_09_CAR_CIN,2022,9,1,0.745785705017,0.707867320963,0.771861065834,9.94504542042,13.3492364966,0.711157823967,2021
2022_09_GB_DET,2022,9,1,0.3607288955,0.332293420518,0.330842088224,-5.84148034066,13.3492364966,0.328282277819,2021
2022_09_LV_JAX,2022,9,1,0.45110708376,0.416494907296,0.400698957528,-3.35784493916,13.3492364966,0.417885114899,2021
2022_09_IND_NE,2022,9,1,0.661810613944,0.626381548048,0.622610258872,4.16954728466,13.3492364966,0.629956155641,2021
2022_09_BUF_NYJ,2022,9,1,0.193864229765,0.172948230076,0.274619811894,-7.99485669019,13.3492364966,0.163010122977,2021
2022_09_MIN_WAS,2022,9,0,0.388060993378,0.363703892251,0.415884137025,-2.83583493716,13.3492364966,0.34804480587,2021
2022_09_SEA_ARI,2022,9,0,0.548049476689,0.524597840169,0.416345398139,-2.82005016757,13.3492364966,0.523652997207,2021
2022_09_LA_TB,2022,9,1,0.597101630333,0.554581173807,0.646956650402,5.03422328251,13.3492364966,0.552349942248,2021
2022_09_TEN_KC,2022,9,1,0.846189835663,0.832345804893,0.716442332572,7.63983534694,13.3492364966,0.836891766829,2021
2022_09_BAL_NO,2022,9,0,0.460072297075,0.419321216093,0.543880190325,1.47127342741,13.3492364966,0.411573736792,2021
2022_10_ATL_CAR,2022,10,1,0.44522913948,0.420879459659,0.432925276008,-2.25510603323,13.3492364966,0.407780224133,2021
2022_10_SEA_TB,2022,10,1,0.564994882293,0.528272798087,0.519706676991,0.659684825822,13.3492364966,0.530829151808,2021
2022_10_MIN_BUF,2022,10,0,0.705310880829,0.668872753439,0.719790380138,7.77217787999,13.3492364966,0.669452074666,2021
2022_10_DET_CHI,2022,10,0,0.598679827076,0.554491956212,0.637762767524,4.70540742235,13.3492364966,0.55529107887,2021
2022_10_JAX_KC,2022,10,1,0.775898539074,0.741017849123,0.806832756399,11.5642287986,13.3492364966,0.742979807301,2021
2022_10_CLE_MIA,2022,10,1,0.622440912684,0.595007934954,0.577796945719,2.61993069449,13.3492364966,0.589608657975,2021
2022_10_HOU_NYG,2022,10,1,0.67007554345,0.622188450166,0.676271112658,6.10456229235,13.3492364966,0.633298068581,2021
2022_10_NO_PIT,2022,10,1,0.524019391803,0.493922474623,0.406029613009,-3.17405247023,13.3492364966,0.497962525879,2021
2022_10_DEN_TEN,2022,10,1,0.560501215635,0.501016657432,0.751983178669,9.08740942631,13.3492364966,0.496263699668,2021
2022_10_IND_LV,2022,10,0,0.64833045176,0.612338721587,0.597328101518,3.28974873308,13.3492364966,0.617206366513,2021
2022_10_DAL_GB,2022,10,1,0.35166954824,0.322444444814,0.395110195342,-3.55122309276,13.3492364966,0.311758746446,2021
2022_10_ARI_LA,2022,10,0,0.627042698998,0.592987633457,0.551293711363,1.7211248377,13.3492364966,0.597866347165,2021
2022_10_LAC_SF,2022,10,1,0.758474531483,0.733362119784,0.702735112575,7.10557607897,13.3492364966,0.734576238354,2021
2022_10_WAS_PHI,2022,10,0,0.808051612079,0.777798180963,0.772100326313,9.95561516065,13.3492364966,0.786403003631,2021
2022_11_TEN_GB,2022,11,0,0.614854397908,0.585861189688,0.471732213278,-0.946677520176,13.3492364966,0.5927692949,2021
2022_11_CHI_ATL,2022,11,1,0.566089334549,0.526910530155,0.547923541551,1.60747346817,13.3492364966,0.528828492675,2021
2022_11_CAR_BAL,2022,11,1,0.83929988964,0.821091577449,0.777411096804,10.1918611772,13.3492364966,0.823497839757,2021
2022_11_CLE_BUF,2022,11,1,0.756181577446,0.719257963869,0.806252692812,11.5360071608,13.3492364966,0.718950796142,2021
2022_11_WAS_HOU,2022,11,0,0.414937759336,0.388472347137,0.36618216137,-4.56520064714,13.3492364966,0.382487596967,2021
2022_11_PHI_IND,2022,11,0,0.290309925461,0.262681855558,0.392130001663,-3.65464438176,13.3492364966,0.248807466159,2021
2022_11_NYJ_NE,2022,11,1,0.62926931875,0.587459789639,0.658223082682,5.44139476573,13.3492364966,0.587999841451,2021
2022_11_LA_NO,2022,11,1,0.539927702925,0.488392280699,0.610645153711,3.75114776496,13.3492364966,0.49197985445,2021
2022_11_DET_NYG,2022,11,0,0.598679827076,0.54607717507,0.695493691415,6.82791271954,13.3492364966,0.547915005628,2021
2022_11_LV_DEN,2022,11,0,0.577549788775,0.550433623786,0.471711598682,-0.947369054959,13.3492364966,0.550484478453,2021
2022_11_DAL_MIN,2022,11,0,0.447171783654,0.406123218754,0.574799034764,2.51774097957,13.3492364966,0.394159837979,2021
2022_11_CIN_PIT,2022,11,0,0.37073068125,0.346722565527,0.346371563525,-5.27475296572,13.3492364966,0.337187750311,2021
2022_11_KC_LAC,2022,11,0,0.321069325754,0.301818639748,0.284541060147,-7.60110634878,13.3492364966,0.291538124644,2021
2022_11_SF_ARI,2022,11,0,0.2156133829,0.185226198029,0.431469604271,-2.30453067445,13.3492364966,0.172688505728,2021
2022_12_BUF_DET,2022,12,0,0.219456160203,0.192989281694,0.243486982262,-9.27945201909,13.3492364966,0.191044664923,2021
2022_12_NYG_DAL,2022,12,1,0.790539834213,0.765357724971,0.778551035366,10.2429868231,13.3492364966,0.764480562718,2021
2022_12_NE_MIN,2022,12,1,0.562379468922,0.532387739372,0.546360808915,1.55481385054,13.3492364966,0.52481639246,2021
2022_12_DEN_CAR,2022,12,1,0.475980608197,0.433694863189,0.579336272408,2.67246102208,13.3492364966,0.424885255455,2021
2022_12_TB_CLE,2022,12,1,0.388060993378,0.351084790414,0.408366255981,-3.09368009343,13.3492364966,0.348852059009,2021
2022_12_BAL_JAX,2022,12,1,0.394571650625,0.366947530137,0.35032993417,-5.13184519392,13.3492364966,0.362313997312,2021
2022_12_HOU_MIA,2022,12,1,0.864069138977,0.847159859662,0.833685795207,12.9331837615,13.3492364966,0.84784728528,2021
2022_12_CHI_NYJ,2022,12,1,0.766153846154,0.754284600112,0.567497291481,2.26945031656,13.3492364966,0.756330560627,2021
2022_12_CIN_TEN,2022,12,0,0.5,0.456108268784,0.58007975857,2.69784765403,13.3492364966,0.451173378448,2021
2022_12_ATL_WAS,2022,12,1,0.629721702495,0.594169705502,0.627913445834,4.35628430433,13.3492364966,0.592184355887,2021
2022_12_LAC_ARI,2022,12,0,0.437620531078,0.396238754412,0.541492635102,1.39092154361,13.3492364966,0.387570644449,2021
2022_12_LV_SEA,2022,12,0,0.644674925574,0.591877779973,0.753725628199,9.16105602352,13.3492364966,0.593123174745,2021
2022_12_LA_KC,2022,12,1,0.888260169453,0.874010298341,0.844958299397,13.5501030949,13.3492364966,0.876255572872,2021
2022_12_NO_SF,2022,12,1,0.772836405275,0.745319177854,0.664708569412,5.67807371907,13.3492364966,0.755353379473,2021
2022_12_GB_PHI,2022,12,1,0.714927826966,0.678011154417,0.701102071085,7.04269442224,13.3492364966,0.683130430549,2021
2022_12_PIT_IND,2022,12,0,0.548049476689,0.502083413618,0.56145953769,2.06473584429,13.3492364966,0.506915404907,2021
2022_13_BUF_NE,2022,13,0,0.367623347307,0.34061138772,0.346891207891,-5.25595826083,13.3492364966,0.333813656133,2021
2022_13_PIT_ATL,2022,13,0,0.481475621058,0.445962507189,0.501625358012,0.0543871872891,13.3492364966,0.439724828211,2021
2022_13_DEN_BAL,2022,13,1,0.753607690527,0.714012674534,0.811209725375,11.7788720761,13.3492364966,0.715059658227,2021
2022_13_GB_CHI,2022,13,0,0.37073068125,0.337222520679,0.389622173168,-3.74184327078,13.3492364966,0.33243790078,2021
2022_13_JAX_DET,2022,13,1,0.528403928525,0.492043963486,0.563551775579,2.13561729658,13.3492364966,0.484648812083,2021
2022_13_CLE_HOU,2022,13,0,0.255478799428,0.233179459721,0.287116555995,-7.49997682061,13.3492364966,0.223243563508,2021
2022_13_NYJ_MIN,2022,13,1,0.579285812013,0.534416825711,0.64662474441,5.0223006971,13.3492364966,0.532042706261,2021
2022_13_WAS_NYG,2022,13,0,0.458903548308,0.431286792852,0.435455691619,-2.16926356144,13.3492364966,0.422432667634,2021
2022_13_TEN_PHI,2022,13,1,0.662922558342,0.630265943088,0.595138845247,3.21428637518,13.3492364966,0.634319515022,2021
2022_13_SEA_LA,2022,13,0,0.276087446473,0.251845443074,0.314661542644,-6.44340723264,13.3492364966,0.241564538049,2021
2022_13_MIA_SF,2022,13,1,0.671133262521,0.644445266875,0.629548769846,4.41403838204,13.3492364966,0.640003685879,2021
2022_13_KC_CIN,2022,13,1,0.444104134763,0.413587466279,0.404032518859,-3.24283675009,13.3492364966,0.409842016278,2021
2022_13_LAC_LV,2022,13,1,0.566832804712,0.528889978535,0.578428374431,2.64147357563,13.3492364966,0.526126919502,2021
2022_13_IND_DAL,2022,13,1,0.79633401222,0.763788220854,0.818490247249,12.142819594,13.3492364966,0.766434675463,2021
2022_13_NO_TB,2022,13,1,0.63799775309,0.602331730452,0.629416000752,4.40934636125,13.3492364966,0.601570405986,2021
2022_14_LV_LA,2022,14,1,0.281752308088,0.240479554882,0.468525171334,-1.05429229404,13.3492364966,0.233710512574,2021
2022_14_NYJ_BUF,2022,14,1,0.775408594004,0.740259049406,0.820289066881,12.2341383371,13.3492364966,0.740430422685,2021
2022_14_CLE_CIN,2022,14,1,0.65345857462,0.602452270047,0.7186563338,7.72726603601,13.3492364966,0.608399245169,2021
2022_14_HOU_DAL,2022,14,1,0.904626742271,0.89459883957,0.902325154843,17.2861212792,13.3492364966,0.890303060184,2021
2022_14_MIN_DET,2022,14,1,0.55477086052,0.524579733394,0.486986267225,-0.435537235482,13.3492364966,0.523040968871,2021
2022_14_PHI_NYG,2022,14,0,0.269943593876,0.241244963231,0.31409133101,-6.46485301624,13.3492364966,0.235354250256,2021
2022_14_BAL_PIT,2022,14,0,0.539927702925,0.519741469992,0.426905264972,-2.45971265349,13.3492364966,0.513303743617,2021
2022_14_JAX_TEN,2022,14,0,0.611939006622,0.560496435846,0.730931530752,8.21822702847,13.3492364966,0.558293840495,2021
2022_14_KC_DEN,2022,14,0,0.226163551958,0.207095424355,0.176480101414,-12.3996089561,13.3492364966,0.205305815217,2021
2022_14_CAR_SEA,2022,14,0,0.64953271028,0.595006180248,0.767442203805,9.7509404646,13.3492364966,0.59675652777,2021
2022_14_TB_SF,2022,14,1,0.645508982036,0.597122786255,0.712965096651,7.50317636827,13.3492364966,0.599857706803,2021
2022_14_MIA_LAC,2022,14,1,0.39609626796,0.359562242812,0.414872216258,-2.87047770238,13.3492364966,0.356728572357,2021
2022_14_NE_ARI,2022,14,0,0.458015267176,0.426681847335,0.442045907331,-1.94610665653,13.3492364966,0.420712450261,2021
2022_15_SF_SEA,2022,15,0,0.387117200092,0.349766713802,0.432220719544,-2.27902404272,13.3492364966,0.345304918798,2021
2022_15_IND_MIN,2022,15,1,0.636290159628,0.592876477818,0.656276800594,5.37070362527,13.3492364966,0.596371752336,2021
2022_15_BAL_CLE,2022,15,1,0.592293548645,0.58094495895,0.36488368649,-4.61129342895,13.3492364966,0.579530549793,2021
2022_15_MIA_BUF,2022,15,1,0.739712444224,0.704976348974,0.768066109266,9.77822080635,13.3492364966,0.704337836602,2021
2022_15_PIT_CAR,2022,15,0,0.576490924806,0.551921972874,0.489236538874,-0.360206053197,13.3492364966,0.547295010036,2021
2022_15_PHI_CHI,2022,15,0,0.229377283154,0.205816092864,0.259113621919,-8.62468096619,13.3492364966,0.199532979561,2021
2022_15_KC_HOU,2022,15,0,0.144216172452,0.124257075536,0.140885747133,-14.3684286263,13.3492364966,0.126033949453,2021
2022_15_DAL_JAX,2022,15,1,0.363709840372,0.342483079759,0.24951290601,-9.02439574698,13.3492364966,0.341613848391,2021
2022_15_ATL_NO,2022,15,1,0.678930674246,0.649397351078,0.536740852386,1.2311498075,13.3492364966,0.659011594301,2021
2022_15_DET_NYJ,2022,15,0,0.555895865237,0.523100015015,0.465852844099,-1.14401636785,13.3492364966,0.526728615461,2021
2022_15_ARI_DEN,2022,15,1,0.534834771627,0.507921276118,0.468842820964,-1.04363037167,13.3492364966,0.502737120742,2021
2022_15_NE_LV,2022,15,1,0.550036350775,0.518345088312,0.522194779437,0.743055775827,13.3492364966,0.513681800459,2021
2022_15_TEN_LAC,2022,15,1,0.597101630333,0.576332966193,0.466481036223,-1.12292015887,13.3492364966,0.573209917008,2021
2022_15_CIN_TB,2022,15,0,0.390065741417,0.360702820665,0.417886601308,-2.76733726509,13.3492364966,0.349966179848,2021
2022_15_NYG_WAS,2022,15,0,0.652283681432,0.607708164231,0.708332694795,7.32232884018,13.3492364966,0.608401410209,2021
2022_15_LA_GB,2022,15,1,0.757905243263,0.727255340964,0.674964839569,6.05607471777,13.3492364966,0.736791584784,2021
2022_16_JAX_NYJ,2022,16,0,0.562379468922,0.527387116051,0.562882682933,2.11294312481,13.3492364966,0.522904531553,2021
2022_16_ATL_BAL,2022,16,1,0.71233424607,0.675604767529,0.712418823218,7.48177891011,13.3492364966,0.67869754253,2021
2022_16_DET_CAR,2022,16,1,0.449963649225,0.424319297183,0.423201977632,-2.58586365685,13.3492364966,0.414048042089,2021
2022_16_BUF_CHI,2022,16,0,0.24028416214,0.217475324084,0.197441368422,-11.3574757455,13.3492364966,0.217338953506,2021
2022_16_NO_CLE,2022,16,0,0.627922989328,0.601668747,0.596477224131,3.26040713927,13.3492364966,0.593774756206,2021
2022_16_SEA_KC,2022,16,1,0.792369680659,0.765714111382,0.764658703998,9.62972369694,13.3492364966,0.768310343967,2021
2022_16_NYG_MIN,2022,16,1,0.665125179397,0.627633112456,0.66688630953,5.75794562243,13.3492364966,0.628643828105,2021
2022_16_CIN_NE,2022,16,0,0.413263962065,0.386790107805,0.377951997259,-4.14979738369,13.3492364966,0.379313011055,2021
2022_16_HOU_TEN,2022,16,0,0.614340808456,0.551831536096,0.767430951946,9.7504488497,13.3492364966,0.555579043643,2021
2022_16_WAS_SF,2022,16,1,0.715121129894,0.668767027856,0.773003559016,9.99557341365,13.3492364966,0.67404455179,2021
2022_16_PHI_DAL,2022,16,1,0.64953271028,0.622197819028,0.60066817955,3.40508297584,13.3492364966,0.618219085068,2021
2022_16_LV_PIT,2022,16,1,0.57046357852,0.527598777916,0.607765998376,3.65103162389,13.3492364966,0.526766109556,2021
2022_16_GB_MIA,2022,16,0,0.62926931875,0.603065019595,0.519295584328,0.645912560381,13.3492364966,0.603950387391,2021
2022_16_DEN_LA,2022,16,1,0.3822726318,0.33740095258,0.573735555723,2.48152592899,13.3492364966,0.325665159851,2021
2022_16_TB_ARI,2022,16,0,0.260287555776,0.224552192191,0.380677384541,-4.05419271463,13.3492364966,0.219720020523,2021
2022_16_LAC_IND,2022,16,0,0.367623347307,0.320273483521,0.515995795692,0.535387990658,13.3492364966,0.316301126697,2021
2022_17_DAL_TEN,2022,17,0,0.146163511956,0.125392358603,0.296801762035,-7.12343779121,13.3492364966,0.116363305863,2021
2022_17_ARI_ATL,2022,17,1,0.715121129894,0.687333485987,0.63606444841,4.64498470208,13.3492364966,0.690608873714,2021
2022_17_CHI_DET,2022,17,1,0.668695345118,0.617196166441,0.717281525639,7.67293623988,13.3492364966,0.6264865494,2021
2022_17_JAX_HOU,2022,17,0,0.365005277951,0.326927513871,0.365539107708,-4.58802069163,13.3492364966,0.328963493588,2021
2022_17_DEN_KC,2022,17,1,0.849531711516,0.824209332645,0.904686981503,17.4705379616,13.3492364966,0.819431205637,2021
2022_17_MIA_NE,2022,17,1,0.60024600246,0.562763472121,0.583300290084,2.80792797855,13.3492364966,0.563559492273,2021
2022_17_IND_NYG,2022,17,1,0.677634286386,0.646599573006,0.610442088962,3.74407979185,13.3492364966,0.64968905495,2021
2022_17_NO_PHI,2022,17,0,0.673530889001,0.625255193005,0.769029654759,9.82043238736,13.3492364966,0.624910745987,2021
2022_17_CAR_TB,2022,17,1,0.631053834962,0.593619937077,0.608251454194,3.66789771574,13.3492364966,0.596022956361,2021
2022_17_CLE_WAS,2022,17,0,0.526221562377,0.489487286796,0.558907522031,1.97835644081,13.3492364966,0.482751387024,2021
2022_17_SF_LV,2022,17,0,0.205834074659,0.18087899055,0.326375778493,-6.00639522432,13.3492364966,0.170680091406,2021
2022_17_NYJ_SEA,2022,17,1,0.48270860717,0.423824513589,0.66540110967,5.70345150561,13.3492364966,0.421942862763,2021
2022_17_MIN_GB,2022,17,1,0.6177273682,0.58211913787,0.534441865111,1.15391439649,13.3492364966,0.589085260235,2021
2022_17_LA_LAC,2022,17,1,0.717659894436,0.693128419536,0.601456376832,3.43233653325,13.3492364966,0.697139731711,2021
2022_17_PIT_BAL,2022,17,0,0.534834771627,0.490956475966,0.601187540849,3.423039369,13.3492364966,0.487408028417,2021
2022_18_KC_LV,2022,18,0,0.221430256021,0.196665604707,0.276921902292,-7.90288324241,13.3492364966,0.189946748447,2021
2022_18_TEN_JAX,2022,18,1,0.702528507685,0.674369761583,0.616357740153,3.95042243045,13.3492364966,0.678001771934,2021
2022_18_TB_ATL,2022,18,1,0.682900279237,0.678139580669,0.445890870796,-1.81616383678,13.3492364966,0.67283274518,2021
2022_18_NE_BUF,2022,18,1,0.765518882422,0.73020677097,0.835214084674,13.0151942002,13.3492364966,0.725889943781,2021
2022_18_MIN_CHI,2022,18,0,0.297471492315,0.274945580681,0.287859002457,-7.47090388842,13.3492364966,0.26640204042,2021
2022_18_BAL_CIN,2022,18,1,0.831180869407,0.816219785045,0.675241515472,6.06633796694,13.3492364966,0.822574484576,2021
2022_18_HOU_IND,2022,18,0,0.57225678733,0.526751218286,0.609606928253,3.71502177965,13.3492364966,0.528579375209,2021
2022_18_NYJ_MIA,2022,18,1,0.64953271028,0.600683715737,0.679319286903,6.21802287136,13.3492364966,0.608917025455,2021
2022_18_CAR_NO,2022,18,0,0.625201504567,0.592334679196,0.591634635118,3.09371072257,13.3492364966,0.591200231221,2021
2022_18_CLE_PIT,2022,18,1,0.57225678733,0.523318719515,0.643114208308,4.89643953801,13.3492364966,0.52448745002,2021
2022_18_LAC_DEN,2022,18,1,0.697921288869,0.704061603205,0.327471707597,-5.96584494602,13.3492364966,0.70201844859,2021
2022_18_NYG_PHI,2022,18,1,0.89869745305,0.893440436697,0.738232552925,8.51555759788,13.3492364966,0.896157991826,2021
2022_18_LA_SEA,2022,18,1,0.673228981765,0.637707403798,0.657331263308,5.40898406732,13.3492364966,0.63924747075,2021
2022_18_ARI_SF,2022,18,1,0.886302763695,0.871465823712,0.86571867676,14.7693107469,13.3492364966,0.871733201274,2021
2022_18_DAL_WAS,2022,18,1,0.259772389906,0.241520615941,0.251184792691,-8.95421448836,13.3492364966,0.231317599842,2021
2022_18_DET_GB,2022,18,0,0.711525819599,0.694310790385,0.639955131087,4.78355023089,13.3492364966,0.685990524898,2021
2023_01_DET_KC,2023,1,0,0.636904181694,0.609770311175,0.737751261572,8.37907006996,13.1657778874,0.59958249609,2022
2023_01_CAR_ATL,2023,1,1,0.630940343782,0.622621519814,0.53669175216,1.21260282277,13.1657778874,0.622642461677,2022
2023_01_HOU_BAL,2023,1,1,0.8,0.797392114334,0.729908730031,8.06452580874,13.1657778874,0.79433158118,2022
2023_01_CIN_CLE,2023,1,1,0.49567024593,0.481043285097,0.40331732324,-3.22258537025,13.1657778874,0.486275187974,2022
2023_01_JAX_IND,2023,1,0,0.3552708212,0.327491251757,0.355454394691,-4.87970904978,13.1657778874,0.334702610817,2022
2023_01_TB_MIN,2023,1,0,0.6447291788,0.626280427863,0.649995180657,5.07287237376,13.1657778874,0.62286716271,2022
2023_01_TEN_NO,2023,1,1,0.57205963556,0.544238076456,0.645098585054,4.89926122479,13.1657778874,0.538809047383,2022
2023_01_SF_PIT,2023,1,0,0.478260869565,0.459815678271,0.475932945664,-0.794736352601,13.1657778874,0.455962031243,2022
2023_01_ARI_WAS,2023,1,1,0.740871613663,0.730255250598,0.679901113441,6.15397814255,13.1657778874,0.731435395465,2022
2023_01_GB_CHI,2023,1,0,0.517364125716,0.521171920207,0.275682440429,-7.84306624968,13.1657778874,0.531479184687,2022
2023_01_LV_DEN,2023,1,0,0.593369754159,0.584636754097,0.492126525555,-0.259854999386,13.1657778874,0.585481280283,2022
2023_01_MIA_LAC,2023,1,0,0.593369754159,0.570476727237,0.610439020078,3.6925195475,13.1657778874,0.568770205055,2022
2023_01_PHI_NE,2023,1,0,0.377533448139,0.350224980411,0.43339715461,-2.20831909788,13.1657778874,0.348868617612,2022
2023_01_LA_SEA,2023,1,0,0.657475226196,0.635978993525,0.660751507649,5.45741240868,13.1657778874,0.63623454551,2022
2023_01_DAL_NYG,2023,1,0,0.396243029058,0.368599662564,0.464619159132,-1.16916314467,13.1657778874,0.365429161033,2022
2023_01_BUF_NYJ,2023,1,1,0.448558885283,0.448200688086,0.205621609399,-10.8184223839,13.1657778874,0.466478795256,2022
2023_02_MIN_PHI,2023,2,1,0.675031246995,0.665559386417,0.587326561986,2.90533474803,13.1657778874,0.666850048343,2022
2023_02_GB_ATL,2023,2,1,0.57205963556,0.563761829031,0.474897936482,-0.828958437098,13.1657778874,0.563407712724,2022
2023_02_LV_BUF,2023,2,1,0.7477827051,0.734933302585,0.747440684631,8.77443325884,13.1657778874,0.730301363573,2022
2023_02_BAL_CIN,2023,2,0,0.609236234458,0.587115006774,0.585414905464,2.84072660745,13.1657778874,0.590803699181,2022
2023_02_SEA_DET,2023,2,0,0.657475226196,0.638927973489,0.615852207815,3.87870499048,13.1657778874,0.642628902122,2022
2023_02_IND_HOU,2023,2,0,0.5,0.476354656763,0.512474813286,0.41175729865,13.1657778874,0.475510012131,2022
2023_02_KC_JAX,2023,2,0,0.396243029058,0.370467556262,0.414327498079,-2.84942855822,13.1657778874,0.372206416851,2022
2023_02_CHI_TB,2023,2,1,0.551441114717,0.500916887451,0.776218200856,9.99918627856,13.1657778874,0.491946714359,2022
2023_02_LAC_TEN,2023,2,1,0.436507936508,0.420011589256,0.418525554822,-2.70776482724,13.1657778874,0.41682886075,2022
2023_02_NYG_ARI,2023,2,0,0.336351875809,0.302116593555,0.399083323382,-3.36675960914,13.1657778874,0.308096458579,2022
2023_02_SF_LA,2023,2,0,0.259128386337,0.232222113816,0.374680282908,-4.20623726269,13.1657778874,0.228266244999,2022
2023_02_NYJ_DAL,2023,2,1,0.76,0.743771275728,0.79026555839,10.6292989252,13.1657778874,0.738267497202,2022
2023_02_WAS_DEN,2023,2,0,0.636904181694,0.631096185282,0.497293964349,-0.0893044916229,13.1657778874,0.634745689101,2022
2023_02_MIA_NE,2023,2,0,0.457256461233,0.432405733445,0.468112865271,-1.05345302011,13.1657778874,0.433265068839,2022
2023_02_NO_CAR,2023,2,0,0.390763765542,0.358862284524,0.495162437598,-0.159651749467,13.1657778874,0.355363233589,2022
2023_02_CLE_PIT,2023,2,1,0.42794036444,0.388657510907,0.58469777352,2.81650745965,13.1657778874,0.38431332294,2022
2023_03_NYG_SF,2023,3,1,0.808157099698,0.801585504975,0.753954540329,9.04471827954,13.1657778874,0.800990473115,2022
2023_03_IND_BAL,2023,3,0,0.76,0.748651570659,0.736071137781,8.31128697161,13.1657778874,0.74646573062,2022
2023_03_TEN_CLE,2023,3,1,0.622466551861,0.602816909433,0.618735779248,3.97820000918,13.1657778874,0.601414089991,2022
2023_03_ATL_DET,2023,3,1,0.599638771824,0.578764747286,0.586081414721,2.86324473458,13.1657778874,0.579576590886,2022
2023_03_NO_GB,2023,3,1,0.467532467532,0.422998407378,0.607639428783,3.5965194795,13.1657778874,0.425110673116,2022
2023_03_HOU_JAX,2023,3,0,0.76,0.744198902324,0.797110097171,10.9452792419,13.1657778874,0.73711504269,2022
2023_03_DEN_MIA,2023,3,1,0.685393258427,0.665943216281,0.707584509939,7.19301532858,13.1657778874,0.662125435407,2022
2023_03_LAC_MIN,2023,3,0,0.5,0.467843954177,0.573466492491,2.43838858251,13.1657778874,0.466773771229,2022
2023_03_NE_NYJ,2023,3,0,0.436507936508,0.413572350733,0.476721502555,-0.768666711214,13.1657778874,0.408691182713,2022
2023_03_BUF_WAS,2023,3,0,0.319444444444,0.301155643766,0.28231936795,-7.58302927023,13.1657778874,0.305321402257,2022
2023_03_CAR_SEA,2023,3,1,0.663648124191,0.645730602974,0.623889897622,4.15660989979,13.1657778874,0.648712843028,2022
2023_03_DAL_ARI,2023,3,1,0.16835016835,0.14308049479,0.245292967675,-9.07618693281,13.1657778874,0.14732308079,2022
2023_03_CHI_KC,2023,3,1,0.846501128668,0.839199058247,0.905124341554,17.2644838155,13.1657778874,0.823232404052,2022
2023_03_PIT_LV,2023,3,0,0.57205963556,0.555816816817,0.48545352067,-0.48016513286,13.1657778874,0.561925056684,2022
2023_03_PHI_TB,2023,3,0,0.309207116946,0.276017521755,0.474536541575,-0.840909094749,13.1657778874,0.269973546509,2022
2023_03_LA_CIN,2023,3,1,0.593369754159,0.565087947266,0.569687657925,2.31163440821,13.1657778874,0.574651215617,2022
2023_04_DET_GB,2023,4,0,0.436507936508,0.391934448354,0.581192878747,2.6982747387,13.1657778874,0.394284130202,2022
2023_04_ATL_JAX,2023,4,1,0.622466551861,0.604937036021,0.576351408461,2.53530961808,13.1657778874,0.607422137201,2022
2023_04_MIA_BUF,2023,4,1,0.563492063492,0.531907386875,0.702494231851,6.99876652274,13.1657778874,0.519586295346,2022
2023_04_MIN_CAR,2023,4,0,0.336351875809,0.307057017941,0.411679655752,-2.93894910886,13.1657778874,0.306511512672,2022
2023_04_DEN_CHI,2023,4,0,0.406630245841,0.380702331316,0.412598766872,-2.90785981439,13.1657778874,0.384058424404,2022
2023_04_BAL_CLE,2023,4,0,0.448558885283,0.409081821806,0.611399681092,3.72550636418,13.1657778874,0.403377458153,2022
2023_04_PIT_HOU,2023,4,1,0.406630245841,0.383014950756,0.327066071034,-5.89865258738,13.1657778874,0.396542813019,2022
2023_04_LA_IND,2023,4,0,0.489165763814,0.463280872797,0.509599920751,0.316844392594,13.1657778874,0.463585018156,2022
2023_04_TB_NO,2023,4,0,0.6447291788,0.629348916712,0.596142928261,3.20423420102,13.1657778874,0.630519843401,2022
2023_04_WAS_PHI,2023,4,1,0.78674351585,0.776615563664,0.749673854349,8.86667439434,13.1657778874,0.776292437695,2022
2023_04_CIN_TEN,2023,4,1,0.406630245841,0.375996896381,0.477899113705,-0.729740539323,13.1657778874,0.37517467463,2022
2023_04_LV_LAC,2023,4,1,0.725752508361,0.712658092422,0.665037113236,5.61191126646,13.1657778874,0.715691866166,2022
2023_04_NE_DAL,2023,4,1,0.709543568465,0.692605335113,0.723807248178,7.82296444337,13.1657778874,0.688310131551,2022
2023_04_ARI_SF,2023,4,1,0.88,0.879956393929,0.839954799856,13.0903660214,13.1657778874,0.875355624493,2022
2023_04_KC_NYJ,2023,4,0,0.204224122884,0.182070704189,0.187224327954,-11.6934650426,13.1657778874,0.192222496986,2022
2023_04_SEA_NYG,2023,4,0,0.436507936508,0.409302128192,0.456068261982,-1.45276524886,13.1657778874,0.411551976165,2022
2023_05_CHI_WAS,2023,5,0,0.690792883054,0.669568421248,0.728619959831,8.01327872192,13.1657778874,0.665235530414,2022
2023_05_JAX_BUF,2023,5,0,0.685393258427,0.659136291272,0.810136218969,11.5647979957,13.1657778874,0.643816366431,2022
2023_05_HOU_ATL,2023,5,1,0.563492063492,0.538649931283,0.598860094302,3.29668044577,13.1657778874,0.5358651806,2022
2023_05_CAR_DET,2023,5,1,0.78674351585,0.774827568064,0.727093790648,7.95274816289,13.1657778874,0.779172639811,2022
2023_05_TEN_IND,2023,5,1,0.436507936508,0.410253447341,0.440406226719,-1.97406838529,13.1657778874,0.413738917208,2022
2023_05_NYG_MIA,2023,5,1,0.846501128668,0.846890591872,0.750956882408,8.91986713719,13.1657778874,0.84586118164,2022
2023_05_NO_NE,2023,5,0,0.551441114717,0.537321687069,0.514168228496,0.467674117724,13.1657778874,0.534174406082,2022
2023_05_BAL_PIT,2023,5,1,0.330992978937,0.299709358386,0.423260120571,-2.54837099442,13.1657778874,0.299264769451,2022
2023_05_CIN_ARI,2023,5,0,0.396243029058,0.367869441487,0.449655758372,-1.66588062275,13.1657778874,0.367423713356,2022
2023_05_PHI_LA,2023,5,0,0.369059656218,0.343321830519,0.401763640793,-3.27544487004,13.1657778874,0.343697328007,2022
2023_05_NYJ_DEN,2023,5,0,0.551441114717,0.523258953303,0.620155785396,4.02727929475,13.1657778874,0.518777570324,2022
2023_05_KC_MIN,2023,5,0,0.383561643836,0.362286710254,0.389237459886,-3.70362585809,13.1657778874,0.361514619874,2022
2023_05_DAL_SF,2023,5,1,0.616438356164,0.584764184742,0.676161327176,6.01664509417,13.1657778874,0.585705726254,2022
2023_05_GB_LV,2023,5,1,0.517364125716,0.496708843461,0.472934351751,-0.893899015317,13.1657778874,0.500974062697,2022
2023_06_DEN_KC,2023,6,1,0.83164983165,0.825323353002,0.851238466217,13.7155778179,13.1657778874,0.815401374052,2022
2023_06_BAL_TEN,2023,6,0,0.314606741573,0.279947387546,0.446734022688,-1.76312417358,13.1657778874,0.278871690117,2022
2023_06_WAS_ATL,2023,6,0,0.532467532468,0.497325911593,0.599679704916,3.32459781975,13.1657778874,0.500019163053,2022
2023_06_MIN_CHI,2023,6,0,0.400361228176,0.379045949605,0.360333106772,-4.70766818158,13.1657778874,0.384456925619,2022
2023_06_SEA_CIN,2023,6,1,0.582992641047,0.568716385909,0.487497791188,-0.412661841132,13.1657778874,0.574200083182,2022
2023_06_SF_CLE,2023,6,1,0.208638360176,0.18378546395,0.289051001328,-7.32226898474,13.1657778874,0.184553940281,2022
2023_06_NO_HOU,2023,6,1,0.457256461233,0.433901624105,0.451238221162,-1.61325008155,13.1657778874,0.435643646087,2022
2023_06_IND_JAX,2023,6,1,0.6447291788,0.618796294011,0.676807439366,6.04032458387,13.1657778874,0.618838642931,2022
2023_06_CAR_MIA,2023,6,1,0.88,0.881943933929,0.76222143778,9.39334170929,13.1657778874,0.882819405759,2022
2023_06_NE_LV,2023,6,1,0.57205963556,0.533170707902,0.66421537776,5.58222788172,13.1657778874,0.535813456355,2022
2023_06_ARI_LA,2023,6,1,0.740871613663,0.729460921296,0.672993981994,5.90084375478,13.1657778874,0.732317741095,2022
2023_06_PHI_NYJ,2023,6,1,0.277920741122,0.259559487387,0.252628004826,-8.77160287842,13.1657778874,0.26362208773,2022
2023_06_DET_TB,2023,6,0,0.406630245841,0.37555901834,0.510459623304,0.345225023088,13.1657778874,0.370832840081,2022
2023_06_NYG_BUF,2023,6,1,0.886956521739,0.886746620817,0.893598860908,16.4032007857,13.1657778874,0.876468566152,2022
2023_06_DAL_LAC,2023,6,0,0.457256461233,0.422803992483,0.481383064316,-0.614613895533,13.1657778874,0.431404184291,2022
2023_07_JAX_NO,2023,7,0,0.57205963556,0.55591643419,0.471077867249,-0.955317507017,13.1657778874,0.563944715417,2022
2023_07_DET_BAL,2023,7,1,0.593369754159,0.58373461351,0.570496911821,2.33876094373,13.1657778874,0.574536224466,2022
2023_07_LV_CHI,2023,7,1,0.436507936508,0.412932253118,0.424166948633,-2.5178850248,13.1657778874,0.416027730339,2022
2023_07_CLE_IND,2023,7,0,0.383561643836,0.354270896548,0.438194270859,-2.04792334844,13.1657778874,0.354897647783,2022
2023_07_BUF_NE,2023,7,1,0.234097895484,0.210195575809,0.159108107671,-13.1411608474,13.1657778874,0.230069785649,2022
2023_07_WAS_NYG,2023,7,1,0.406630245841,0.369824407557,0.499676395628,-0.0106794991831,13.1657778874,0.372267976424,2022
2023_07_ATL_TB,2023,7,0,0.57205963556,0.543461515804,0.653638789432,5.20263142363,13.1657778874,0.537480790058,2022
2023_07_PIT_LA,2023,7,0,0.609236234458,0.586526201335,0.583458526445,2.77467772312,13.1657778874,0.591081122986,2022
2023_07_ARI_SEA,2023,7,1,0.78674351585,0.777961157,0.775070709866,9.94873079948,13.1657778874,0.772802058562,2022
2023_07_GB_DEN,2023,7,1,0.517364125716,0.508741040983,0.410711939085,-2.97170022874,13.1657778874,0.509971906783,2022
2023_07_LAC_KC,2023,7,1,0.695769952073,0.669223922254,0.790988292963,10.6623734226,13.1657778874,0.660281572499,2022
2023_07_MIA_PHI,2023,7,1,0.582992641047,0.56808865814,0.571038780028,2.35693014117,13.1657778874,0.562452518475,2022
2023_07_SF_MIN,2023,7,1,0.266457680251,0.24191056724,0.372270333736,-4.29001964524,13.1657778874,0.236234589371,2022
2023_08_TB_BUF,2023,8,1,0.795775877116,0.786007596966,0.812806165591,11.6949580516,13.1657778874,0.77794822332,2022
2023_08_HOU_CAR,2023,8,1,0.406630245841,0.377846639488,0.483765952012,-0.535899305838,13.1657778874,0.374390065741,2022
2023_08_LA_DAL,2023,8,1,0.725752508361,0.709681815564,0.722405300054,7.76783349338,13.1657778874,0.707782305075,2022
2023_08_MIN_GB,2023,8,0,0.49567024593,0.470889590028,0.443617880464,-1.86694435883,13.1657778874,0.480398687683,2022
2023_08_NO_IND,2023,8,0,0.457256461233,0.429482775737,0.512000232698,0.396087953643,13.1657778874,0.427127843711,2022
2023_08_NE_MIA,2023,8,1,0.76,0.745643543908,0.801402985198,11.1467162621,13.1657778874,0.736375669368,2022
2023_08_NYJ_NYG,2023,8,0,0.406630245841,0.370957710885,0.509162199512,0.302394846894,13.1657778874,0.37100543587,2022
2023_08_JAX_PIT,2023,8,0,0.448558885283,0.420770455311,0.455461350768,-1.4729183744,13.1657778874,0.425216987202,2022
2023_08_ATL_TEN,2023,8,1,0.457256461233,0.425028364406,0.591157323137,3.0350152861,13.1657778874,0.415985234459,2022
2023_08_PHI_WAS,2023,8,0,0.277920741122,0.25536343254,0.256111020883,-8.62860966866,13.1657778874,0.263114488492,2022
2023_08_CLE_SEA,2023,8,1,0.636904181694,0.605110454736,0.659465596183,5.41120163154,13.1657778874,0.612284564952,2022
2023_08_BAL_ARI,2023,8,0,0.2,0.176638771426,0.217758036919,-10.2665065942,13.1657778874,0.183540794604,2022
2023_08_KC_DEN,2023,8,1,0.259128386337,0.237097587541,0.187171961764,-11.6960290613,13.1657778874,0.253150611976,2022
2023_08_CIN_SF,2023,8,0,0.6447291788,0.614804354123,0.741804284423,8.54350920287,13.1657778874,0.608155945709,2022
2023_08_CHI_LAC,2023,8,1,0.781906300485,0.781829721436,0.64820604758,5.00933708057,13.1657778874,0.782572286192,2022
2023_08_LV_DET,2023,8,1,0.740871613663,0.726818868349,0.689852989828,6.52276988395,13.1657778874,0.730142811787,2022
2023_09_TEN_PIT,2023,9,1,0.609236234458,0.593074084413,0.568396647508,2.26837944644,13.1657778874,0.593203278521,2022
2023_09_MIA_KC,2023,9,1,0.510834236186,0.474750325656,0.686310880756,6.39093579443,13.1657778874,0.46183554861,2022
2023_09_MIN_ATL,2023,9,0,0.630940343782,0.631250580468,0.366025241885,-4.50795193308,13.1657778874,0.645653862119,2022
2023_09_SEA_BAL,2023,9,1,0.700162074554,0.68891117047,0.64560634467,4.91722403297,13.1657778874,0.688371468306,2022
2023_09_ARI_CLE,2023,9,1,0.846501128668,0.848342778787,0.737049253655,8.35072127162,13.1657778874,0.847212969533,2022
2023_09_LA_GB,2023,9,1,0.633366141732,0.621084833256,0.532331396062,1.0681620734,13.1657778874,0.626023384823,2022
2023_09_TB_HOU,2023,9,1,0.57205963556,0.549631153022,0.545902833451,1.5182302198,13.1657778874,0.553408593371,2022
2023_09_WAS_NE,2023,9,0,0.582992641047,0.573325873186,0.43105096502,-2.28688401825,13.1657778874,0.582106694562,2022
2023_09_CHI_NO,2023,9,1,0.781906300485,0.779904535928,0.629263798729,4.34344450362,13.1657778874,0.784556079379,2022
2023_09_IND_CAR,2023,9,0,0.457256461233,0.422832624133,0.548346315752,1.59943665517,13.1657778874,0.422046549853,2022
2023_09_NYG_LV,2023,9,1,0.517364125716,0.48418052235,0.60711120265,3.57842779075,13.1657778874,0.481621793943,2022
2023_09_DAL_PHI,2023,9,1,0.609236234458,0.585513869073,0.640585167035,4.73998756746,13.1657778874,0.582759561238,2022
2023_09_BUF_CIN,2023,9,1,0.532467532468,0.518618342134,0.445409684522,-1.80723324004,13.1657778874,0.522207876466,2022
2023_09_LAC_NYJ,2023,9,0,0.396243029058,0.361099325689,0.517171645859,0.566868794488,13.1657778874,0.358503913942,2022
2023_10_CAR_CHI,2023,10,1,0.616438356164,0.598050429713,0.574516603928,2.47365233714,13.1657778874,0.600690473836,2022
2023_10_IND_NE,2023,10,0,0.482635874284,0.462147238331,0.45903857685,-1.35418100259,13.1657778874,0.463337024165,2022
2023_10_CLE_BAL,2023,10,0,0.690792883054,0.664380097916,0.765052004994,9.51422692357,13.1657778874,0.659086042938,2022
2023_10_HOU_CIN,2023,10,0,0.685393258427,0.668434546264,0.72355123476,7.81288662173,13.1657778874,0.659619976122,2022
2023_10_SF_JAX,2023,10,0,0.396243029058,0.368585775688,0.501702439367,0.0561835827048,13.1657778874,0.360534774161,2022
2023_10_NO_MIN,2023,10,1,0.417007358953,0.369080972517,0.633346539005,4.48597427456,13.1657778874,0.36549017386,2022
2023_10_GB_PIT,2023,10,1,0.599638771824,0.586334555664,0.585904683718,2.85727303463,13.1657778874,0.579601880485,2022
2023_10_TEN_TB,2023,10,1,0.563492063492,0.542662202532,0.505133845633,0.169430366923,13.1657778874,0.549307591005,2022
2023_10_ATL_ARI,2023,10,1,0.457256461233,0.441813195454,0.367957309359,-4.44040014463,13.1657778874,0.447775644575,2022
2023_10_DET_LAC,2023,10,0,0.436507936508,0.408988823048,0.470230267494,-0.983365672868,13.1657778874,0.40958800998,2022
2023_10_NYG_DAL,2023,10,1,0.919708029197,0.925118151081,0.804965030607,11.3158615025,13.1657778874,0.923641989984,2022
2023_10_WAS_SEA,2023,10,1,0.700162074554,0.689785285903,0.65896722649,5.393310057,13.1657778874,0.686568054558,2022
2023_10_NYJ_LV,2023,10,1,0.489165763814,0.455226744906,0.558299523693,1.93088364261,13.1657778874,0.456653311416,2022
2023_10_DEN_BUF,2023,10,0,0.765902104516,0.755934452617,0.753353522492,9.0196212355,13.1657778874,0.751042591469,2022
2023_11_CIN_BAL,2023,11,1,0.6447291788,0.627660832171,0.67063475035,5.81488404763,13.1657778874,0.619781898543,2022
2023_11_DAL_CAR,2023,11,0,0.16835016835,0.143521960418,0.256258530863,-8.62257625836,13.1657778874,0.146281474845,2022
2023_11_PIT_CLE,2023,11,1,0.563492063492,0.543284330062,0.579676432496,2.64718746986,13.1657778874,0.538673049505,2022
2023_11_CHI_DET,2023,11,1,0.781906300485,0.770281951009,0.782485797593,10.2774162822,13.1657778874,0.765916975209,2022
2023_11_LAC_GB,2023,11,1,0.406630245841,0.373353071169,0.512752010546,0.420909857762,13.1657778874,0.370527918058,2022
2023_11_ARI_HOU,2023,11,1,0.685393258427,0.662970003192,0.689336381128,6.50350170602,13.1657778874,0.664882133553,2022
2023_11_TEN_JAX,2023,11,1,0.713551230261,0.701096803936,0.668057500719,5.72126306024,13.1657778874,0.701018809505,2022
2023_11_LV_MIA,2023,11,1,0.88,0.885259339621,0.72243894277,7.76915487968,13.1657778874,0.885854870536,2022
2023_11_NYG_WAS,2023,11,0,0.765902104516,0.757275705145,0.696296777488,6.76430145237,13.1657778874,0.758605556338,2022
2023_11_TB_SF,2023,11,1,0.867716535433,0.868300596672,0.801976315184,11.1738164283,13.1657778874,0.865144762125,2022
2023_11_NYJ_BUF,2023,11,1,0.765902104516,0.752061636602,0.774798200182,9.93676994451,13.1657778874,0.747858296807,2022
2023_11_SEA_LA,2023,11,1,0.551441114717,0.545415318059,0.421757529629,-2.59891564352,13.1657778874,0.547344509147,2022
2023_11_MIN_DEN,2023,11,1,0.563492063492,0.56343945528,0.399420908076,-3.35524973377,13.1657778874,0.564368661225,2022
2023_11_PHI_KC,2023,11,0,0.57205963556,0.552760017349,0.557456723672,1.90277344252,13.1657778874,0.551763019277,2022
2023_12_GB_DET,2023,12,0,0.776833156217,0.768527901773,0.697011114877,6.79121607693,13.1657778874,0.771251453286,2022
2023_12_WAS_DAL,2023,12,1,0.852459016393,0.852122494068,0.782449839159,10.2758069799,13.1657778874,0.849492581456,2022
2023_12_SF_SEA,2023,12,0,0.2522172949,0.223124182602,0.35732132008,-4.8137777176,13.1657778874,0.222880365015,2022
2023_12_MIA_NYJ,2023,12,0,0.2,0.171029023179,0.306962112743,-6.6418695219,13.1657778874,0.173832177955,2022
2023_12_NO_ATL,2023,12,1,0.457256461233,0.43728075235,0.466427485172,-1.10926141275,13.1657778874,0.433501944228,2022
2023_12_PIT_CIN,2023,12,0,0.448558885283,0.402134611038,0.659044673153,5.39608975375,13.1657778874,0.396339981428,2022
2023_12_JAX_HOU,2023,12,0,0.489165763814,0.46593029401,0.453965227919,-1.52261355187,13.1657778874,0.471496649102,2022
2023_12_TB_IND,2023,12,1,0.582992641047,0.56514232476,0.527129753478,0.896019491007,13.1657778874,0.568664788919,2022
2023_12_NE_NYG,2023,12,1,0.342524773804,0.30071460278,0.494064259595,-0.19589681816,13.1657778874,0.303114666465,2022
2023_12_CAR_TEN,2023,12,1,0.609236234458,0.578025563143,0.691920556983,6.60002539632,13.1657778874,0.574728717014,2022
2023_12_LA_ARI,2023,12,0,0.42794036444,0.402432756559,0.429267187171,-2.34667031021,13.1657778874,0.405654528596,2022
2023_12_CLE_DEN,2023,12,1,0.532467532468,0.520121517029,0.430634591254,-2.30083521613,13.1657778874,0.524341321689,2022
2023_12_KC_LV,2023,12,0,0.2,0.174754709762,0.299998689568,-6.90419029536,13.1657778874,0.174507282983,2022
2023_12_BUF_PHI,2023,12,1,0.57205963556,0.54259472298,0.639352167747,4.69659769919,13.1657778874,0.539694361718,2022
2023_12_BAL_LAC,2023,12,0,0.396243029058,0.378515898041,0.318183450483,-6.22457631591,13.1657778874,0.386158306663,2022
2023_12_CHI_MIN,2023,12,0,0.599638771824,0.557699986214,0.740121833123,8.47508843894,13.1657778874,0.555143035629,2022
2023_13_SEA_DAL,2023,13,1,0.8,0.791430394516,0.80518964606,11.3265900292,13.1657778874,0.784265608662,2022
2023_13_DEN_HOU,2023,13,1,0.603756970942,0.59218562626,0.518368981445,0.606422178524,13.1657778874,0.593811677828,2022
2023_13_LAC_NE,2023,13,0,0.336351875809,0.30662926849,0.448036789148,-1.71975288827,13.1657778874,0.302035159572,2022
2023_13_DET_NO,2023,13,0,0.363095818306,0.333143713765,0.446058346342,-1.78562608258,13.1657778874,0.331350700444,2022
2023_13_ATL_NYJ,2023,13,0,0.467532467532,0.444538842919,0.396874107042,-3.4421463385,13.1657778874,0.455149971851,2022
2023_13_ARI_PIT,2023,13,0,0.709543568465,0.682233179885,0.801101213073,11.1324710509,13.1657778874,0.675024796257,2022
2023_13_IND_TEN,2023,13,0,0.473913414738,0.444728413342,0.521307473287,0.70351773102,13.1657778874,0.444628221157,2022
2023_13_MIA_WAS,2023,13,0,0.21325648415,0.181552473738,0.364235827818,-4.57062205679,13.1657778874,0.181984622501,2022
2023_13_CAR_TB,2023,13,1,0.636904181694,0.605786096707,0.723378063677,7.80607243608,13.1657778874,0.602078025489,2022
2023_13_CLE_LA,2023,13,1,0.630940343782,0.623375781414,0.470899838769,-0.961208334425,13.1657778874,0.631423910283,2022
2023_13_SF_PHI,2023,13,0,0.42794036444,0.393432313206,0.54525204685,1.49661191006,13.1657778874,0.389740998928,2022
2023_13_KC_GB,2023,13,1,0.304230047927,0.271162309582,0.404210017441,-3.19223759774,13.1657778874,0.27274326897,2022
2023_13_CIN_JAX,2023,13,0,0.811866859624,0.815673428161,0.585124583981,2.83092064891,13.1657778874,0.822093069651,2022
2023_14_NE_PIT,2023,14,0,0.700162074554,0.678885369454,0.706565612109,7.15400924457,13.1657778874,0.679781823729,2022
2023_14_TB_ATL,2023,14,0,0.532467532468,0.50401158547,0.562906415663,2.08469803646,13.1657778874,0.505403205272,2022
2023_14_LA_BAL,2023,14,1,0.750812567714,0.737108868206,0.818339517923,11.9684194676,13.1657778874,0.722063808508,2022
2023_14_DET_CHI,2023,14,1,0.396243029058,0.3823032543,0.341098201771,-5.39096190912,13.1657778874,0.38266113611,2022
2023_14_IND_CIN,2023,14,1,0.57205963556,0.544481555874,0.634973280964,4.5429102181,13.1657778874,0.540364690677,2022
2023_14_JAX_CLE,2023,14,1,0.563492063492,0.550783214689,0.497706804238,-0.0756798008114,13.1657778874,0.550355267118,2022
2023_14_CAR_NO,2023,14,1,0.680555555556,0.658775211274,0.684775843011,6.33400227942,13.1657778874,0.659849339158,2022
2023_14_HOU_NYJ,2023,14,1,0.390763765542,0.362531703387,0.369929736048,-4.37155761994,13.1657778874,0.37228335025,2022
2023_14_MIN_LV,2023,14,0,0.417007358953,0.393290970727,0.377352556617,-4.11353369579,13.1657778874,0.400739185997,2022
2023_14_SEA_SF,2023,14,1,0.872093023256,0.870907754643,0.861401711438,14.3064419126,13.1657778874,0.863168536433,2022
2023_14_BUF_KC,2023,14,0,0.532467532468,0.503033466595,0.557257703181,1.89613671394,13.1657778874,0.506219688909,2022
2023_14_DEN_LAC,2023,14,0,0.593369754159,0.574414116593,0.599201728821,3.30831530751,13.1657778874,0.57041246696,2022
2023_14_PHI_DAL,2023,14,1,0.609236234458,0.579104456376,0.690057663476,6.53040754881,13.1657778874,0.575032503005,2022
2023_14_TEN_MIA,2023,14,0,0.867716535433,0.868648303349,0.765605342012,9.53795201619,13.1657778874,0.868679275711,2022
2023_14_GB_NYG,2023,14,1,0.304230047927,0.279688341094,0.327986097674,-5.86510375611,13.1657778874,0.282149501267,2022
2023_15_LAC_LV,2023,15,1,0.593369754159,0.589837668605,0.426174364434,-2.45044697233,13.1657778874,0.594647405251,2022
2023_15_MIN_CIN,2023,15,1,0.609236234458,0.585405226399,0.619870942494,4.01742988089,13.1657778874,0.585836176425,2022
2023_15_PIT_IND,2023,15,1,0.526086585262,0.501882783941,0.522885524846,0.755676193238,13.1657778874,0.503835487028,2022
2023_15_DEN_DET,2023,15,1,0.690792883054,0.68357300537,0.62272992447,4.11639196671,13.1657778874,0.680490030474,2022
2023_15_ATL_CAR,2023,15,1,0.417007358953,0.393805007518,0.354536103885,-4.91218376524,13.1657778874,0.404109127467,2022
2023_15_CHI_CLE,2023,15,1,0.57205963556,0.542006079198,0.618868177431,3.98277370481,13.1657778874,0.542800599477,2022
2023_15_TB_GB,2023,15,0,0.657475226196,0.63604235988,0.634396562687,4.52271541995,13.1657778874,0.640035112914,2022
2023_15_NYJ_MIA,2023,15,1,0.744069015097,0.725454617439,0.82214809505,12.1596800017,13.1657778874,0.713046629686,2022
2023_15_KC_NE,2023,15,0,0.204224122884,0.179311059125,0.298881481531,-6.94653049218,13.1657778874,0.178971932711,2022
2023_15_NYG_NO,2023,15,1,0.685393258427,0.676474102789,0.632752172083,4.46519240613,13.1657778874,0.672864615525,2022
2023_15_HOU_TEN,2023,15,0,0.603756970942,0.581493323414,0.588062477752,2.93022502682,13.1657778874,0.584069847743,2022
2023_15_SF_ARI,2023,15,0,0.153498871332,0.133526006667,0.114776481008,-15.8188296752,13.1657778874,0.147977190411,2022
2023_15_WAS_LA,2023,15,1,0.717970521542,0.70489752748,0.663768966798,5.56611416503,13.1657778874,0.706763730501,2022
2023_15_DAL_BUF,2023,15,1,0.551441114717,0.54440516723,0.403535604789,-3.2151631587,13.1657778874,0.549997352947,2022
2023_15_BAL_JAX,2023,15,0,0.336351875809,0.310078713757,0.363612573835,-4.59247436555,13.1657778874,0.31268402579,2022
2023_15_PHI_SEA,2023,15,1,0.324968753005,0.289722110501,0.444405533017,-1.8406915102,13.1657778874,0.290224160143,2022
2023_16_NO_LA,2023,16,1,0.657475226196,0.652247946824,0.557075674309,1.89006702609,13.1657778874,0.650529589339,2022
2023_16_CIN_PIT,2023,16,1,0.417007358953,0.393428534088,0.377721698335,-4.10074395991,13.1657778874,0.400685442833,2022
2023_16_BUF_LAC,2023,16,0,0.147540983607,0.11956017618,0.28989777737,-7.28967233928,13.1657778874,0.122688980344,2022
2023_16_IND_ATL,2023,16,1,0.582992641047,0.575088705941,0.485490659018,-0.478938690496,13.1657778874,0.574479930131,2022
2023_16_GB_CAR,2023,16,0,0.363095818306,0.342183038651,0.323789957363,-6.01842979724,13.1657778874,0.347958589862,2022
2023_16_CLE_HOU,2023,16,0,0.406630245841,0.37429261528,0.521258641468,0.70190390032,13.1657778874,0.369396587161,2022
2023_16_DET_MIN,2023,16,0,0.42794036444,0.392986710001,0.551091289841,1.69073562298,13.1657778874,0.388942386825,2022
2023_16_WAS_NYJ,2023,16,1,0.599638771824,0.58268091572,0.527718153922,0.915483720703,13.1657778874,0.587774716935,2022
2023_16_SEA_TEN,2023,16,0,0.400361228176,0.371161427403,0.474390258224,-0.84574660959,13.1657778874,0.368691613012,2022
2023_16_JAX_TB,2023,16,1,0.467532467532,0.433625075856,0.573875995477,2.45213799306,13.1657778874,0.429982655248,2022
2023_16_ARI_CHI,2023,16,1,0.657475226196,0.64474031625,0.604022009099,3.47275723723,13.1657778874,0.644254347368,2022
2023_16_DAL_MIA,2023,16,1,0.526086585262,0.507522701192,0.491490586161,-0.280846514939,13.1657778874,0.508310151545,2022
2023_16_NE_DEN,2023,16,0,0.740871613663,0.72866645856,0.650260309387,5.08229758865,13.1657778874,0.735145044743,2022
2023_16_LV_KC,2023,16,0,0.822335025381,0.817705150685,0.772888819431,9.8531930931,13.1657778874,0.815347528213,2022
2023_16_NYG_PHI,2023,16,1,0.86301369863,0.866115206015,0.777007925678,10.0339961507,13.1657778874,0.862237562149,2022
2023_16_BAL_SF,2023,16,0,0.744069015097,0.732702023447,0.693155867679,6.6462918113,13.1657778874,0.733459485576,2022
2023_17_NYJ_CLE,2023,17,1,0.741504501888,0.724575737091,0.715773274728,7.5088467724,13.1657778874,0.727391299417,2022
2023_17_DET_DAL,2023,17,1,0.675031246995,0.655725887019,0.702925767129,7.01517466462,13.1657778874,0.650570232435,2022
2023_17_MIA_BAL,2023,17,1,0.616438356164,0.598204756934,0.639409009561,4.69859686653,13.1657778874,0.591342801542,2022
2023_17_NE_BUF,2023,17,1,0.886956521739,0.88789824238,0.851132708972,13.7095743056,13.1657778874,0.882278942156,2022
2023_17_ATL_CHI,2023,17,1,0.582992641047,0.577235339893,0.498616779464,-0.0456487359845,13.1657778874,0.572649718972,2022
2023_17_TEN_HOU,2023,17,1,0.669007021063,0.657971416683,0.526815426626,0.885622394393,13.1657778874,0.667684650104,2022
2023_17_LV_IND,2023,17,1,0.616438356164,0.59419679995,0.566912890715,2.21869676193,13.1657778874,0.601750633898,2022
2023_17_CAR_JAX,2023,17,1,0.630940343782,0.601949972607,0.720053626926,7.67565934464,13.1657778874,0.595591248164,2022
2023_17_LA_NYG,2023,17,0,0.282029478458,0.256691309792,0.309771484432,-6.53678480137,13.1657778874,0.260316121902,2022
2023_17_ARI_PHI,2023,17,0,0.846501128668,0.842898794167,0.807312613027,11.4283655951,13.1657778874,0.839651747941,2022
2023_17_NO_TB,2023,17,0,0.57205963556,0.540467771433,0.629166179823,4.34004288602,13.1657778874,0.541248194389,2022
2023_17_SF_WAS,2023,17,0,0.123822341857,0.104575547786,0.13631560771,-14.4431648457,13.1657778874,0.112706363612,2022
2023_17_PIT_SEA,2023,17,0,0.663648124191,0.654378485094,0.613728636138,3.8055747665,13.1657778874,0.650110242115,2022
2023_17_LAC_DEN,2023,17,1,0.636904181694,0.617716161951,0.620852263819,4.05137191804,13.1657778874,0.617942661138,2022
2023_17_CIN_KC,2023,17,1,0.744069015097,0.744704301336,0.623923360978,4.15777069635,13.1657778874,0.741968475037,2022
2023_17_GB_MIN,2023,17,0,0.50432975407,0.479448040085,0.564055418996,2.12310438598,13.1657778874,0.473064312978,2022
2023_18_PIT_BAL,2023,18,0,0.417007358953,0.351244002308,0.835823792232,12.8687300772,13.1657778874,0.330569577409,2022
2023_18_HOU_IND,2023,18,0,0.467532467532,0.430107315551,0.545705160849,1.5116633552,13.1657778874,0.433980246561,2022
2023_18_TB_CAR,2023,18,0,0.319444444444,0.289974387307,0.313886071244,-6.38362431327,13.1657778874,0.300778413897,2022
2023_18_CLE_CIN,2023,18,1,0.750812567714,0.75539091725,0.578525961455,2.60845608406,13.1657778874,0.754737264333,2022
2023_18_MIN_DET,2023,18,1,0.6447291788,0.616472731183,0.687107311689,6.42052196933,13.1657778874,0.617241341299,2022
2023_18_NYJ_NE,2023,18,0,0.563492063492,0.543975439525,0.546540648676,1.53942160904,13.1657778874,0.543439962731,2022
2023_18_ATL_NO,2023,18,1,0.609236234458,0.5838318819,0.634703713211,4.53346950469,13.1657778874,0.583641134734,2022
2023_18_JAX_TEN,2023,18,1,0.377533448139,0.352890630947,0.403185577643,-3.22706560167,13.1657778874,0.352899100482,2022
2023_18_SEA_ARI,2023,18,0,0.417007358953,0.39300398305,0.390411174884,-3.66334520161,13.1657778874,0.398851458536,2022
2023_18_CHI_GB,2023,18,1,0.57205963556,0.534644570194,0.694935005037,6.71307101837,13.1657778874,0.530808020804,2022
2023_18_KC_LAC,2023,18,0,0.622466551861,0.630565611436,0.293889871515,-7.13659244547,13.1657778874,0.646852433453,2022
2023_18_DEN_LV,2023,18,1,0.609236234458,0.600812264889,0.516504349248,0.544827226629,13.1657778874,0.600377720597,2022
2023_18_PHI_NYG,2023,18,1,0.328729819101,0.311843325376,0.272521749184,-7.967980648,13.1657778874,0.317195547118,2022
2023_18_LA_SF,2023,18,0,0.680555555556,0.652153793771,0.827116133395,12.4130937362,13.1657778874,0.634167445652,2022
2023_18_DAL_WAS,2023,18,0,0.142056074766,0.121356549434,0.18327523497,-11.8880878185,13.1657778874,0.126467824382,2022
2023_18_BUF_MIA,2023,18,0,0.417007358953,0.384827332829,0.509414452838,0.310721895451,13.1657778874,0.382463965866,2022
2024_01_BAL_KC,2024,1,1,0.57205963556,0.591100073448,0.447966228529,-1.73048872905,13.2298998674,0.579615137656,2023
2024_01_GB_PHI,2024,1,1,0.542743538767,0.537581528346,0.533068924432,1.09790513001,13.2298998674,0.529672416884,2023
2024_01_PIT_ATL,2024,1,0,0.630940343782,0.647734715736,0.423702213438,-2.54584598236,13.2298998674,0.652426951268,2023
2024_01_ARI_BUF,2024,1,1,0.725752508361,0.706819906004,0.796570596715,10.9733302261,13.2298998674,0.698984507898,2023
2024_01_TEN_CHI,2024,1,1,0.636904181694,0.622212620808,0.617333105796,3.94891339083,13.2298998674,0.626566388533,2023
2024_01_NE_CIN,2024,1,0,0.757188498403,0.732931823926,0.75136425602,8.98031209995,13.2298998674,0.74713747332,2023
2024_01_HOU_IND,2024,1,0,0.417007358953,0.383486176633,0.532769806644,1.08795174824,13.2298998674,0.382417015811,2023
2024_01_JAX_MIA,2024,1,1,0.616438356164,0.580524258436,0.671831424504,5.88698695832,13.2298998674,0.591682183551,2023
2024_01_CAR_NO,2024,1,1,0.630940343782,0.581006193695,0.778084022886,10.1306427872,13.2298998674,0.585723081739,2023
2024_01_MIN_NYG,2024,1,0,0.489165763814,0.480377900415,0.463377232767,-1.21621121198,13.2298998674,0.478960604101,2023
2024_01_LV_LAC,2024,1,1,0.582992641047,0.577737106346,0.461338527506,-1.28412225558,13.2298998674,0.590092916788,2023
2024_01_DEN_SEA,2024,1,1,0.705033164261,0.705109425999,0.603206486971,3.46167649845,13.2298998674,0.709685992751,2023
2024_01_DAL_CLE,2024,1,0,0.542743538767,0.559122726201,0.388487721239,-3.74753759558,13.2298998674,0.556056142128,2023
2024_01_WAS_TB,2024,1,1,0.636904181694,0.597889230522,0.743053889498,8.63633505569,13.2298998674,0.601477061244,2023
2024_01_LA_DET,2024,1,1,0.663648124191,0.66193064216,0.620294544116,4.05171580867,13.2298998674,0.657961211036,2023
2024_01_NYJ_SF,2024,1,1,0.616438356164,0.551604175021,0.839271556146,13.1170283969,13.2298998674,0.55009317385,2023
2024_02_BUF_MIA,2024,2,0,0.551441114717,0.555050624518,0.473233025673,-0.888325258391,13.2298998674,0.55076879478,2023
2024_02_LV_BAL,2024,2,0,0.78674351585,0.773906471553,0.767383697336,9.66123784434,13.2298998674,0.780068756407,2023
2024_02_LAC_CAR,2024,2,0,0.336351875809,0.315973572585,0.381985310483,-3.97255232931,13.2298998674,0.315349741133,2023
2024_02_NO_DAL,2024,2,0,0.713551230261,0.711984510797,0.661413504117,5.50792376808,13.2298998674,0.710368306205,2023
2024_02_TB_DET,2024,2,0,0.757188498403,0.765310275238,0.653649665938,5.22836005695,13.2298998674,0.762930829709,2023
2024_02_IND_GB,2024,2,1,0.436507936508,0.366039324994,0.668636640478,5.77024240217,13.2298998674,0.380208257093,2023
2024_02_CLE_JAX,2024,2,0,0.603756970942,0.584582459202,0.588647440944,2.96438485305,13.2298998674,0.592161160617,2023
2024_02_SF_MIN,2024,2,1,0.342524773804,0.342200513919,0.333466376185,-5.69363853914,13.2298998674,0.330850057172,2023
2024_02_SEA_NE,2024,2,0,0.396243029058,0.382198211152,0.396564718433,-3.46952872256,13.2298998674,0.38201297827,2023
2024_02_NYJ_TEN,2024,2,0,0.383561643836,0.342344150477,0.553217831628,1.77010021341,13.2298998674,0.340980107305,2023
2024_02_NYG_WAS,2024,2,1,0.532467532468,0.53320384639,0.515705814843,0.520977773944,13.2298998674,0.520643691008,2023
2024_02_LA_ARI,2024,2,1,0.49567024593,0.506221120111,0.391708262572,-3.63649553488,13.2298998674,0.499941506019,2023
2024_02_PIT_DEN,2024,2,0,0.417007358953,0.392915804048,0.437254999476,-2.08943097926,13.2298998674,0.398981513102,2023
2024_02_CIN_KC,2024,2,1,0.713551230261,0.710534085832,0.644055682125,4.88607698709,13.2298998674,0.713218806297,2023
2024_02_CHI_HOU,2024,2,1,0.690792883054,0.683207476869,0.599502366103,3.33471862401,13.2298998674,0.693568048162,2023
2024_02_ATL_PHI,2024,2,0,0.695769952073,0.668012230447,0.735342684421,8.32230269845,13.2298998674,0.675308127442,2023
2024_03_NE_NYJ,2024,3,1,0.709543568465,0.710624114973,0.62326694713,4.15514545449,13.2298998674,0.711822264281,2023
2024_03_NYG_CLE,2024,3,0,0.700162074554,0.69399942799,0.66620796672,5.68179336449,13.2298998674,0.693583484072,2023
2024_03_CHI_IND,2024,3,1,0.532467532468,0.521055583391,0.499327704347,-0.022294975545,13.2298998674,0.523610224113,2023
2024_03_HOU_MIN,2024,3,1,0.448558885283,0.420917173221,0.552813787385,1.75658157343,13.2298998674,0.41531049048,2023
2024_03_PHI_NO,2024,3,0,0.563492063492,0.531073017995,0.632779163691,4.48788757493,13.2298998674,0.535769711238,2023
2024_03_LAC_PIT,2024,3,1,0.57205963556,0.534181789453,0.668766530798,5.77498007147,13.2298998674,0.538877069296,2023
2024_03_DEN_TB,2024,3,0,0.680555555556,0.657102565187,0.667295162408,5.72135594279,13.2298998674,0.669881715637,2023
2024_03_GB_TEN,2024,3,0,0.593369754159,0.622791037998,0.338030823031,-5.52802581912,13.2298998674,0.624521753439,2023
2024_03_CAR_LV,2024,3,0,0.680555555556,0.641931741024,0.774786401443,9.98464531721,13.2298998674,0.647885900899,2023
2024_03_MIA_SEA,2024,3,1,0.6447291788,0.633904572883,0.604679860257,3.51226412041,13.2298998674,0.63814901307,2023
2024_03_DET_ARI,2024,3,0,0.42794036444,0.423851235409,0.418953892365,-2.70644588981,13.2298998674,0.41503090244,2023
2024_03_BAL_DAL,2024,3,0,0.478260869565,0.460415117653,0.511298020963,0.374720050598,13.2298998674,0.457447450029,2023
2024_03_SF_LA,2024,3,1,0.309207116946,0.296634274718,0.353556272858,-4.97096079239,13.2298998674,0.289089779307,2023
2024_03_KC_ATL,2024,3,0,0.396243029058,0.380101979282,0.372791279969,-4.29269986527,13.2298998674,0.386324985248,2023
2024_03_JAX_BUF,2024,3,1,0.657475226196,0.614798270893,0.761397585072,9.40388435351,13.2298998674,0.622511057295,2023
2024_03_WAS_CIN,2024,3,0,0.7477827051,0.734513730504,0.733530324243,8.24917789541,13.2298998674,0.738977470189,2023
2024_04_DAL_NYG,2024,4,0,0.314606741573,0.299177625391,0.357286125325,-4.83847035827,13.2298998674,0.29462240751,2023
2024_04_NO_ATL,2024,4,1,0.563492063492,0.601333964353,0.341939717366,-5.38688496561,13.2298998674,0.589239299306,2023
2024_04_CIN_CAR,2024,4,0,0.3552708212,0.34479243388,0.292636904592,-7.21952485169,13.2298998674,0.353528073004,2023
2024_04_LA_CHI,2024,4,1,0.593369754159,0.598742962739,0.499542509414,-0.0151715079374,13.2298998674,0.59560464071,2023
2024_04_MIN_GB,2024,4,0,0.551441114717,0.520779233419,0.588763226998,2.9683223419,13.2298998674,0.529771746218,2023
2024_04_JAX_HOU,2024,4,1,0.675031246995,0.660228390603,0.625429984661,4.23057150609,13.2298998674,0.670627170364,2023
2024_04_PIT_IND,2024,4,1,0.457256461233,0.450514202768,0.393997209857,-3.55773010971,13.2298998674,0.454129089678,2023
2024_04_DEN_NYJ,2024,4,0,0.776833156217,0.788296889678,0.58312335829,2.77682781602,13.2298998674,0.794633888528,2023
2024_04_PHI_TB,2024,4,1,0.489165763814,0.466060867168,0.511902337328,0.394769134643,13.2298998674,0.470167575059,2023
2024_04_WAS_ARI,2024,4,0,0.616438356164,0.589075971703,0.653393926392,5.2191915544,13.2298998674,0.595292779035,2023
2024_04_NE_SF,2024,4,1,0.811866859624,0.797177812241,0.832522650779,12.7560310154,13.2298998674,0.798493165065,2023
2024_04_KC_LAC,2024,4,0,0.255930984903,0.231676165247,0.400454960537,-3.33617947386,13.2298998674,0.223175533935,2023
2024_04_CLE_LV,2024,4,1,0.448558885283,0.408448991919,0.555305011637,1.83996350273,13.2298998674,0.414866358298,2023
2024_04_BUF_BAL,2024,4,1,0.551441114717,0.537788776038,0.510597800825,0.351490291057,13.2298998674,0.544045986971,2023
2024_04_TEN_MIA,2024,4,0,0.551441114717,0.512683873412,0.657306088785,5.35972373659,13.2298998674,0.516536094398,2023
2024_04_SEA_DET,2024,4,1,0.622466551861,0.619508579087,0.595596962506,3.20119335414,13.2298998674,0.613224092679,2023
2024_05_TB_ATL,2024,5,1,0.563492063492,0.58053026379,0.380870930019,-4.01122905933,13.2298998674,0.581806859305,2023
2024_05_NYJ_MIN,2024,5,1,0.563492063492,0.515267047669,0.669508345923,5.80205154015,13.2298998674,0.528461227211,2023
2024_05_CAR_CHI,2024,5,1,0.636904181694,0.6019155497,0.718853876045,7.66593460576,13.2298998674,0.606818962906,2023
2024_05_BAL_CIN,2024,5,0,0.42794036444,0.422367390302,0.462985765481,-1.22924878658,13.2298998674,0.407180255317,2023
2024_05_BUF_HOU,2024,5,1,0.517364125716,0.531247334452,0.412905767323,-2.91159076797,13.2298998674,0.521567067221,2023
2024_05_IND_JAX,2024,5,1,0.622466551861,0.632466338138,0.492428949873,-0.251089576686,13.2298998674,0.631025667339,2023
2024_05_MIA_NE,2024,5,0,0.457256461233,0.450066538847,0.458600481496,-1.37538253902,13.2298998674,0.442258821168,2023
2024_05_CLE_WAS,2024,5,1,0.582992641047,0.569412146615,0.564295540574,2.14151228114,13.2298998674,0.571828927215,2023
2024_05_LV_DEN,2024,5,1,0.582992641047,0.589159671507,0.564366373091,2.14389227095,13.2298998674,0.571816129626,2023
2024_05_ARI_SF,2024,5,0,0.733542319749,0.716029756575,0.782284124729,10.3184031858,13.2298998674,0.711918626626,2023
2024_05_GB_LA,2024,5,0,0.417007358953,0.388500421341,0.465621617981,-1.1414857615,13.2298998674,0.394007341441,2023
2024_05_NYG_SEA,2024,5,0,0.725752508361,0.71035527333,0.714311551178,7.48845189678,13.2298998674,0.715826141195,2023
2024_05_DAL_PIT,2024,5,0,0.551441114717,0.539324063063,0.532126738824,1.06655523375,13.2298998674,0.540160082255,2023
2024_05_NO_KC,2024,5,1,0.669007021063,0.664042867946,0.618742376806,3.99780425705,13.2298998674,0.664606941591,2023
2024_06_SF_SEA,2024,6,0,0.363095818306,0.343553335638,0.428899661324,-2.37048366147,13.2298998674,0.338143034625,2023
2024_06_JAX_CHI,2024,6,1,0.478260869565,0.435023180941,0.598743801111,3.30875720903,13.2298998674,0.441510126374,2023
2024_06_WAS_BAL,2024,6,1,0.709543568465,0.690250139384,0.751137011607,8.97082604454,13.2298998674,0.688940033328,2023
2024_06_ARI_GB,2024,6,1,0.675031246995,0.657086676027,0.700816520865,6.96885452765,13.2298998674,0.656921433544,2023
2024_06_HOU_NE,2024,6,0,0.304230047927,0.278702349477,0.39186618056,-3.63105727766,13.2298998674,0.27743716475,2023
2024_06_TB_NO,2024,6,0,0.390763765542,0.358906276038,0.553375521338,1.77537674627,13.2298998674,0.3490578665,2023
2024_06_CLE_PHI,2024,6,1,0.776833156217,0.765503434926,0.697722658919,6.85126002433,13.2298998674,0.779407403444,2023
2024_06_IND_TEN,2024,6,0,0.551441114717,0.547775687004,0.512471176035,0.413642022751,13.2298998674,0.543708544249,2023
2024_06_LAC_DEN,2024,6,0,0.417007358953,0.37353444766,0.598097369866,3.28664355643,13.2298998674,0.371074167171,2023
2024_06_PIT_LV,2024,6,0,0.383561643836,0.366954165617,0.409422753985,-3.03004551852,13.2298998674,0.365007292951,2023
2024_06_ATL_CAR,2024,6,0,0.309207116946,0.284684696886,0.341159911489,-5.41499247234,13.2298998674,0.291133074603,2023
2024_06_DET_DAL,2024,6,0,0.383561643836,0.348434153491,0.517763644673,0.589280612568,13.2298998674,0.346817279397,2023
2024_06_CIN_NYG,2024,6,0,0.330992978937,0.2985160837,0.395782814303,-3.49637289666,13.2298998674,0.306988576322,2023
2024_06_BUF_NYJ,2024,6,0,0.473913414738,0.478011721739,0.404077302527,-3.21231754929,13.2298998674,0.47189729569,2023
2024_07_DEN_NO,2024,7,0,0.42794036444,0.394745915412,0.532116659784,1.06621990061,13.2298998674,0.395109500024,2023
2024_07_NE_JAX,2024,7,1,0.717970521542,0.712511973738,0.672472043724,5.91045160276,13.2298998674,0.713777969559,2023
2024_07_SEA_ATL,2024,7,0,0.593369754159,0.593904844818,0.555718598557,1.85381335306,13.2298998674,0.585707456392,2023
2024_07_TEN_BUF,2024,7,1,0.808157099698,0.799633459993,0.764290303489,9.52779717779,13.2298998674,0.806267939429,2023
2024_07_CIN_CLE,2024,7,0,0.330992978937,0.316688634271,0.346699096302,-5.21585722541,13.2298998674,0.315173254037,2023
2024_07_HOU_GB,2024,7,1,0.603756970942,0.58007140257,0.662396563939,5.54349567839,13.2298998674,0.578262697539,2023
2024_07_MIA_IND,2024,7,1,0.582992641047,0.557740300494,0.599489505853,3.3342783832,13.2298998674,0.565388398767,2023
2024_07_DET_MIN,2024,7,0,0.517364125716,0.506018096619,0.510482847961,0.347676842385,13.2298998674,0.503714245572,2023
2024_07_PHI_NYG,2024,7,0,0.400361228176,0.378772399031,0.439453897111,-2.01562719003,13.2298998674,0.379253270294,2023
2024_07_LV_LA,2024,7,1,0.7477827051,0.745735073282,0.615854653409,3.8976803502,13.2298998674,0.757448831455,2023
2024_07_CAR_WAS,2024,7,1,0.808157099698,0.799259276362,0.779187320673,10.1797655661,13.2298998674,0.80385948497,2023
2024_07_KC_SF,2024,7,0,0.563492063492,0.552096981418,0.567865936373,2.26156647706,13.2298998674,0.547974920767,2023
2024_07_NYJ_PIT,2024,7,1,0.400361228176,0.324802930076,0.686531813149,6.43030591708,13.2298998674,0.336461190909,2023
2024_07_BAL_TB,2024,7,0,0.336351875809,0.309583231862,0.441467555657,-1.94809580058,13.2298998674,0.305797072086,2023
2024_07_LAC_ARI,2024,7,1,0.473913414738,0.463869688844,0.454150114855,-1.52385694106,13.2298998674,0.462657856544,2023
2024_08_MIN_LA,2024,8,1,0.417007358953,0.39913817444,0.417427630989,-2.75815148191,13.2298998674,0.402512017381,2023
2024_08_PHI_CIN,2024,8,0,0.57205963556,0.554089033516,0.570584188969,2.35309194387,13.2298998674,0.55767401147,2023
2024_08_BAL_CLE,2024,8,1,0.24,0.223209621495,0.199481408423,-11.1590903826,13.2298998674,0.236975771699,2023
2024_08_TEN_DET,2024,8,1,0.852459016393,0.848682586431,0.825015021554,12.365293716,13.2298998674,0.849576258061,2023
2024_08_IND_HOU,2024,8,1,0.663648124191,0.654924835825,0.600878674709,3.38185480941,13.2298998674,0.661287969815,2023
2024_08_GB_JAX,2024,8,0,0.369059656218,0.350261359892,0.4040158449,-3.21441664703,13.2298998674,0.349181919975,2023
2024_08_ARI_MIA,2024,8,0,0.636904181694,0.638731539544,0.558106373616,1.93381337307,13.2298998674,0.636896930451,2023
2024_08_NYJ_NE,2024,8,1,0.277920741122,0.256776287791,0.363820376635,-4.60751853241,13.2298998674,0.252322279934,2023
2024_08_ATL_TB,2024,8,0,0.473913414738,0.428149471893,0.67120271109,5.86397639253,13.2298998674,0.42250806233,2023
2024_08_NO_LAC,2024,8,1,0.725752508361,0.734429988779,0.625086242275,4.21857593055,13.2298998674,0.730541068547,2023
2024_08_BUF_SEA,2024,8,0,0.396243029058,0.372639760861,0.458289486036,-1.38575221402,13.2298998674,0.371255239492,2023
2024_08_CAR_DEN,2024,8,1,0.846501128668,0.843884300216,0.818778999559,12.048757565,13.2298998674,0.843427606952,2023
2024_08_KC_LV,2024,8,0,0.218093699515,0.202013622899,0.274012985716,-7.94747586115,13.2298998674,0.199198996094,2023
2024_08_CHI_WAS,2024,8,1,0.526086585262,0.497426568086,0.602591583849,3.44057907353,13.2298998674,0.497060348306,2023
2024_08_DAL_SF,2024,8,1,0.675031246995,0.665926670788,0.680367069342,6.20119135873,13.2298998674,0.660825009124,2023
2024_08_NYG_PIT,2024,8,1,0.700162074554,0.670485995999,0.787651093782,10.5613972672,13.2298998674,0.669182244841,2023
2024_09_HOU_NYJ,2024,9,1,0.57205963556,0.582208111542,0.410347499545,-2.99857229312,13.2298998674,0.586391469384,2023
2024_09_DAL_ATL,2024,9,1,0.599638771824,0.592134082578,0.512601651324,0.41797103942,13.2298998674,0.600722727745,2023
2024_09_DEN_BAL,2024,9,1,0.777960526316,0.769554889753,0.719011113811,7.67210296135,13.2298998674,0.777509353034,2023
2024_09_MIA_BUF,2024,9,1,0.709543568465,0.66956455134,0.777655712225,10.1116104666,13.2298998674,0.68318148615,2023
2024_09_NO_CAR,2024,9,1,0.255930984903,0.224841215925,0.405699374079,-3.15694441837,13.2298998674,0.222490692431,2023
2024_09_LV_CIN,2024,9,1,0.771505376344,0.767519071248,0.655614073507,5.29887008545,13.2298998674,0.779227001827,2023
2024_09_LAC_CLE,2024,9,0,0.457256461233,0.440139079909,0.474335420275,-0.851688018145,13.2298998674,0.439431095461,2023
2024_09_WAS_NYG,2024,9,0,0.342524773804,0.321629670419,0.317383632498,-6.28456825247,13.2298998674,0.333799719099,2023
2024_09_NE_TEN,2024,9,1,0.593369754159,0.578293276834,0.585416385652,2.85461219026,13.2298998674,0.580359917438,2023
2024_09_CHI_ARI,2024,9,1,0.521739130435,0.511216292967,0.465480210588,-1.14619273556,13.2298998674,0.517059319603,2023
2024_09_JAX_PHI,2024,9,1,0.740871613663,0.740200603775,0.713900953174,7.47247525417,13.2298998674,0.734108888105,2023
2024_09_DET_GB,2024,9,0,0.417007358953,0.397685244012,0.430334873604,-2.32213407952,13.2298998674,0.400207902268,2023
2024_09_LA_SEA,2024,9,0,0.467532467532,0.440126741575,0.564263993684,2.14045232027,13.2298998674,0.435322081983,2023
2024_09_IND_MIN,2024,9,1,0.717970521542,0.711600061596,0.647781035788,5.01858515805,13.2298998674,0.717840907576,2023
2024_09_TB_KC,2024,9,1,0.776833156217,0.777879200328,0.728880097105,8.06269093126,13.2298998674,0.774614634685,2023
2024_10_CIN_BAL,2024,10,1,0.700162074554,0.671042831263,0.747867661886,8.834856473,13.2298998674,0.678098550066,2023
2024_10_NYG_CAR,2024,10,1,0.282029478458,0.248713856703,0.417098963003,-2.769291349,13.2298998674,0.249206727448,2023
2024_10_NE_CHI,2024,10,0,0.733542319749,0.723746762303,0.685905700076,6.40694920959,13.2298998674,0.730087685117,2023
2024_10_BUF_IND,2024,10,0,0.330992978937,0.333581495878,0.309960006519,-6.5615502585,13.2298998674,0.32173826054,2023
2024_10_MIN_JAX,2024,10,0,0.253416856492,0.219658884665,0.427199014547,-2.42781629491,13.2298998674,0.217054935032,2023
2024_10_DEN_KC,2024,10,1,0.76,0.74826651868,0.755587836643,9.15747146334,13.2298998674,0.749775624362,2023
2024_10_ATL_NO,2024,10,1,0.369059656218,0.351876825175,0.414799505208,-2.84728454473,13.2298998674,0.347345286471,2023
2024_10_SF_TB,2024,10,0,0.282029478458,0.252325008242,0.426693242035,-2.44487577665,13.2298998674,0.247873762889,2023
2024_10_PIT_WAS,2024,10,0,0.526086585262,0.497947985267,0.499866597371,-0.00442395691874,13.2298998674,0.515959941708,2023
2024_10_TEN_LAC,2024,10,1,0.76,0.763758501445,0.661197809023,5.50012419805,13.2298998674,0.765104706621,2023
2024_10_NYJ_ARI,2024,10,1,0.457256461233,0.410163781625,0.597757809702,3.27503128401,13.2298998674,0.417272218311,2023
2024_10_PHI_DAL,2024,10,0,0.249187432286,0.208978007096,0.444769826999,-1.83745758539,13.2298998674,0.210413437815,2023
2024_10_DET_HOU,2024,10,0,0.330992978937,0.318763091255,0.340695480811,-5.43174413351,13.2298998674,0.316216433099,2023
2024_10_MIA_LA,2024,10,0,0.563492063492,0.531285734608,0.635841689658,4.59561303466,13.2298998674,0.535173888725,2023
2024_11_WAS_PHI,2024,11,1,0.669007021063,0.674865083993,0.64035402672,4.75489549161,13.2298998674,0.660848272496,2023
2024_11_GB_CHI,2024,11,0,0.304230047927,0.288623858653,0.366700766268,-4.5061600692,13.2298998674,0.281342650283,2023
2024_11_JAX_DET,2024,11,1,0.872093023256,0.873178755598,0.83354145333,12.8099150905,13.2298998674,0.871687944838,2023
2024_11_LV_MIA,2024,11,1,0.776833156217,0.780013173452,0.666732771765,5.70088442659,13.2298998674,0.783836632949,2023
2024_11_LA_NE,2024,11,0,0.363095818306,0.345321128563,0.420302024564,-2.66080921463,13.2298998674,0.339573423562,2023
2024_11_CLE_NO,2024,11,1,0.489165763814,0.465742574553,0.539314299349,1.30587555364,13.2298998674,0.465200845771,2023
2024_11_IND_NYJ,2024,11,0,0.6447291788,0.64084656662,0.562868573828,2.09358050197,13.2298998674,0.645331218276,2023
2024_11_BAL_PIT,2024,11,1,0.390763765542,0.373516961269,0.457282219694,-1.41934387023,13.2298998674,0.365116834862,2023
2024_11_MIN_TEN,2024,11,0,0.286448769739,0.27919204709,0.328750171767,-5.86570023847,13.2298998674,0.267293800734,2023
2024_11_ATL_DEN,2024,11,1,0.551441114717,0.532867290875,0.584490892581,2.82320576737,13.2298998674,0.53056794404,2023
2024_11_SEA_SF,2024,11,0,0.695769952073,0.67125789821,0.738201900631,8.43818621997,13.2298998674,0.674721363751,2023
2024_11_KC_BUF,2024,11,1,0.563492063492,0.539485064205,0.57096257748,2.36584138425,13.2298998674,0.547407276584,2023
2024_11_CIN_LAC,2024,11,1,0.5,0.489936640881,0.551777029455,1.72190175394,13.2298998674,0.475685433631,2023
2024_11_HOU_DAL,2024,11,0,0.249187432286,0.208195539405,0.476825814052,-0.76894529102,13.2298998674,0.206549588769,2023
2024_12_PIT_CLE,2024,12,1,0.3552708212,0.355673680837,0.274590178871,-7.9245617576,13.2298998674,0.357220631231,2023
2024_12_KC_CAR,2024,12,0,0.16,0.148643798558,0.178814528299,-12.1700826757,13.2298998674,0.149042205696,2023
2024_12_MIN_CHI,2024,12,0,0.390763765542,0.396840105826,0.338760317073,-5.50163821568,13.2298998674,0.386284451496,2023
2024_12_TEN_HOU,2024,12,0,0.757188498403,0.746489529259,0.744571885741,8.69872589973,13.2298998674,0.748370539833,2023
2024_12_DET_IND,2024,12,0,0.242811501597,0.239158037024,0.238229625095,-9.419806764,13.2298998674,0.232829803312,2023
2024_12_NE_MIA,2024,12,1,0.750812567714,0.738251680339,0.72383449742,7.86214318443,13.2298998674,0.744333342124,2023
2024_12_TB_NYG,2024,12,0,0.282029478458,0.262224406758,0.354037905901,-4.95382462667,13.2298998674,0.258367387059,2023
2024_12_DAL_WAS,2024,12,0,0.827123695976,0.829097275784,0.765410736788,9.57601705341,13.2298998674,0.828524125073,2023
2024_12_DEN_LV,2024,12,0,0.294966835739,0.276140766451,0.370543808608,-4.37133620768,13.2298998674,0.270327117892,2023
2024_12_SF_GB,2024,12,1,0.713551230261,0.739595554799,0.500316282556,0.0104887027269,13.2298998674,0.734666114174,2023
2024_12_ARI_SEA,2024,12,1,0.489165763814,0.472137172848,0.502431960849,0.0806502578621,13.2298998674,0.471880384515,2023
2024_12_PHI_LA,2024,12,0,0.396243029058,0.378078940031,0.387582293295,-3.77880339643,13.2298998674,0.383628441086,2023
2024_12_BAL_LAC,2024,12,0,0.400361228176,0.400759069364,0.37741083195,-4.13153888399,13.2298998674,0.390297769083,2023
2024_13_CHI_DET,2024,13,1,0.804292929293,0.782374932255,0.883003998918,15.7454117757,13.2298998674,0.776162274377,2023
2024_13_NYG_DAL,2024,13,1,0.661450015969,0.629643752216,0.67950882251,6.16944288365,13.2298998674,0.644581570575,2023
2024_13_MIA_GB,2024,13,1,0.609236234458,0.591575254676,0.615705825365,3.89252623823,13.2298998674,0.593760374448,2023
2024_13_LV_KC,2024,13,1,0.852459016393,0.85152954307,0.830973607735,12.6745057594,13.2298998674,0.848603553292,2023
2024_13_LAC_ATL,2024,13,0,0.482635874284,0.462026672538,0.480475004862,-0.647755210238,13.2298998674,0.468158379647,2023
2024_13_PIT_CIN,2024,13,0,0.582992641047,0.572140713327,0.46636206379,-1.1168411688,13.2298998674,0.589206170983,2023
2024_13_HOU_JAX,2024,13,0,0.369059656218,0.344219487428,0.457910337838,-1.39839549173,13.2298998674,0.340166725693,2023
2024_13_ARI_MIN,2024,13,1,0.622466551861,0.584997683149,0.691807805663,6.62793045989,13.2298998674,0.594940133646,2023
2024_13_IND_NE,2024,13,0,0.448558885283,0.420930722149,0.504532764221,0.150320760744,13.2298998674,0.423878118949,2023
2024_13_SEA_NYJ,2024,13,0,0.510834236186,0.492281239206,0.500646350395,0.0214345662527,13.2298998674,0.497778375076,2023
2024_13_TEN_WAS,2024,13,1,0.685393258427,0.662628201576,0.705312947521,7.14074922431,13.2298998674,0.668626560504,2023
2024_13_TB_CAR,2024,13,0,0.286448769739,0.280537251197,0.293954111806,-7.16888279077,13.2298998674,0.273104091057,2023
2024_13_LA_NO,2024,13,0,0.436507936508,0.419161568416,0.489938638227,-0.333694695667,13.2298998674,0.412413803503,2023
2024_13_PHI_BAL,2024,13,0,0.593369754159,0.580317931998,0.59410974168,3.15043180144,13.2298998674,0.578771409597,2023
2024_13_SF_BUF,2024,13,1,0.740871613663,0.725259518287,0.741795755259,8.58476997349,13.2298998674,0.729088796521,2023
2024_13_CLE_DEN,2024,13,1,0.713551230261,0.689152894821,0.712268811622,7.40907484339,13.2298998674,0.701448782153,2023
2024_14_GB_DET,2024,14,1,0.603756970942,0.581854412714,0.675592649766,6.02502137618,13.2298998674,0.575623558785,2023
2024_14_NYJ_MIA,2024,14,1,0.717970521542,0.693130744051,0.72567259887,7.93499087057,13.2298998674,0.704294486492,2023
2024_14_ATL_MIN,2024,14,1,0.685393258427,0.659387272035,0.762432764872,9.44813214763,13.2298998674,0.656731154046,2023
2024_14_NO_NYG,2024,14,0,0.319444444444,0.275754971236,0.474825891164,-0.835389709713,13.2298998674,0.281934862884,2023
2024_14_CAR_PHI,2024,14,1,0.867716535433,0.864014977239,0.870189565138,14.9139031235,13.2298998674,0.860248189993,2023
2024_14_CLE_PIT,2024,14,1,0.690792883054,0.658349810219,0.766804381735,9.6361732296,13.2298998674,0.662415642478,2023
2024_14_LV_TB,2024,14,1,0.733542319749,0.713699442262,0.73695011464,8.38737239018,13.2298998674,0.721088782551,2023
2024_14_JAX_TEN,2024,14,0,0.603756970942,0.608177745654,0.536586021356,1.21498747426,13.2298998674,0.601406162374,2023
2024_14_SEA_ARI,2024,14,0,0.609236234458,0.594331938341,0.560507785145,2.01434165601,13.2298998674,0.603704072,2023
2024_14_BUF_LA,2024,14,1,0.369059656218,0.352344417548,0.361540935027,-4.68792198672,13.2298998674,0.356636136073,2023
2024_14_CHI_SF,2024,14,1,0.593369754159,0.556651727545,0.710123124543,7.32598361044,13.2298998674,0.55584035776,2023
2024_14_LAC_KC,2024,14,1,0.675031246995,0.650196381456,0.719772257963,7.70198587372,13.2298998674,0.653143958331,2023
2024_14_CIN_DAL,2024,14,0,0.330992978937,0.293542347965,0.501791213322,0.0594012058317,13.2298998674,0.290637135266,2023
2024_15_LA_SF,2024,15,0,0.582992641047,0.569179854529,0.571614436949,2.38781032881,13.2298998674,0.57050347703,2023
2024_15_DAL_CAR,2024,15,0,0.563492063492,0.564294849881,0.413449459655,-2.89312147094,13.2298998674,0.575785899517,2023
2024_15_KC_CLE,2024,15,0,0.330992978937,0.336621684117,0.236094944564,-9.51124656119,13.2298998674,0.336717005342,2023
2024_15_MIA_HOU,2024,15,1,0.582992641047,0.583082631599,0.515507103207,0.514382964134,13.2298998674,0.580537261516,2023
2024_15_NYJ_JAX,2024,15,0,0.390763765542,0.351291752108,0.541845708857,1.39026034912,13.2298998674,0.350978967708,2023
2024_15_WAS_NO,2024,15,0,0.242811501597,0.213980019653,0.401174908826,-3.31153869963,13.2298998674,0.209057050385,2023
2024_15_BAL_NYG,2024,15,0,0.0875576036866,0.0695859258165,0.192354960155,-11.5001021753,13.2298998674,0.0712014653278,2023
2024_15_CIN_TEN,2024,15,0,0.314606741573,0.306842126894,0.334345923315,-5.66165708903,13.2298998674,0.298461180958,2023
2024_15_NE_ARI,2024,15,1,0.690792883054,0.680980969464,0.643632739187,4.87106439202,13.2298998674,0.686280329868,2023
2024_15_IND_DEN,2024,15,1,0.675031246995,0.649126382328,0.690232204721,6.56875963752,13.2298998674,0.658962317721,2023
2024_15_BUF_DET,2024,15,0,0.542743538767,0.50607288776,0.655836276059,5.30685522305,13.2298998674,0.50646963239,2023
2024_15_TB_LAC,2024,15,0,0.593369754159,0.595508681001,0.528146360443,0.934177729833,13.2298998674,0.590589885348,2023
2024_15_PIT_PHI,2024,15,1,0.695769952073,0.679775480142,0.694262202551,6.72036936032,13.2298998674,0.683283000909,2023
2024_15_GB_SEA,2024,15,0,0.406630245841,0.39327663885,0.430028232015,-2.33246162667,13.2298998674,0.388175590514,2023
2024_15_CHI_MIN,2024,15,1,0.733542319749,0.708290494416,0.815345743893,11.8773990016,13.2298998674,0.704189534389,2023
2024_15_ATL_LV,2024,15,0,0.255930984903,0.224900952326,0.449405399522,-1.68236362371,13.2298998674,0.21693274967,2023
2024_16_DEN_LAC,2024,16,1,0.57205963556,0.58691031935,0.41833453922,-2.7274228647,13.2298998674,0.584942381505,2023
2024_16_HOU_KC,2024,16,1,0.616438356164,0.58206048373,0.718219832789,7.6410782999,13.2298998674,0.582041794117,2023
2024_16_PIT_BAL,2024,16,1,0.744069015097,0.738206456208,0.691748375081,6.62569617689,13.2298998674,0.741652656505,2023
2024_16_NYG_ATL,2024,16,1,0.811866859624,0.814412082392,0.664989738987,5.6375228504,13.2298998674,0.823966140948,2023
2024_16_ARI_CAR,2024,16,1,0.319444444444,0.309101219997,0.330310038025,-5.80868305416,13.2298998674,0.304716164521,2023
2024_16_DET_CHI,2024,16,0,0.259128386337,0.263281184265,0.183809142988,-11.9193941584,13.2298998674,0.263034437639,2023
2024_16_CLE_CIN,2024,16,1,0.817258883249,0.809299877739,0.75873451989,9.2905339884,13.2298998674,0.817894401007,2023
2024_16_TEN_IND,2024,16,1,0.636904181694,0.626274211929,0.623292973601,4.15605220154,13.2298998674,0.625491557985,2023
2024_16_LA_NYJ,2024,16,0,0.406630245841,0.400095335762,0.383416436344,-3.92293203771,13.2298998674,0.396537997642,2023
2024_16_PHI_WAS,2024,16,1,0.342524773804,0.319696335618,0.379799816255,-4.04843646995,13.2298998674,0.322781491432,2023
2024_16_MIN_SEA,2024,16,0,0.42794036444,0.418599303042,0.414056620495,-2.87250280095,13.2298998674,0.415918772828,2023
2024_16_NE_BUF,2024,16,1,0.88,0.880429756342,0.864642443524,14.571639572,13.2298998674,0.876299896532,2023
2024_16_JAX_LV,2024,16,1,0.542743538767,0.536684925558,0.501999273953,0.0663010821982,13.2298998674,0.535294158653,2023
2024_16_SF_MIA,2024,16,1,0.467532467532,0.424165891712,0.603950400897,3.48721208259,13.2298998674,0.428046319455,2023
2024_16_TB_DAL,2024,16,1,0.342524773804,0.321359205089,0.417166516687,-2.76700152554,13.2298998674,0.316626729249,2023
2024_16_NO_GB,2024,16,1,0.867716535433,0.866923107798,0.813740462322,11.797957459,13.2298998674,0.869327763245,2023
2024_17_KC_PIT,2024,17,0,0.406630245841,0.390089230732,0.427924395788,-2.40335654562,13.2298998674,0.388545722672,2023
2024_17_BAL_HOU,2024,17,0,0.319444444444,0.308066664358,0.364045516693,-4.59958637179,13.2298998674,0.299021821316,2023
2024_17_SEA_CHI,2024,17,0,0.369059656218,0.350305864996,0.378600323782,-4.09014144465,13.2298998674,0.353595279345,2023
2024_17_LAC_NE,2024,17,0,0.277920741122,0.244271406505,0.40876045,-3.05259721699,13.2298998674,0.245883928784,2023
2024_17_DEN_CIN,2024,17,1,0.609236234458,0.592441004633,0.57910675028,2.64080520538,13.2298998674,0.600405611984,2023
2024_17_ARI_LA,2024,17,1,0.740871613663,0.739340214106,0.685636963688,6.39693031377,13.2298998674,0.738848399445,2023
2024_17_NYJ_BUF,2024,17,1,0.804292929293,0.792354576558,0.847174930633,13.5526041548,13.2298998674,0.785738076341,2023
2024_17_TEN_JAX,2024,17,1,0.50432975407,0.487587669487,0.543970618769,1.46113798903,13.2298998674,0.482218581712,2023
2024_17_LV_NO,2024,17,0,0.467532467532,0.423830774494,0.589654906735,2.99865416751,13.2298998674,0.430687339417,2023
2024_17_IND_NYG,2024,17,1,0.228494623656,0.191812107661,0.389369203146,-3.71711878318,13.2298998674,0.195354511591,2023
2024_17_DAL_PHI,2024,17,1,0.733542319749,0.713316464381,0.754760023458,9.12261996856,13.2298998674,0.717646478801,2023
2024_17_CAR_TB,2024,17,1,0.8,0.785605231892,0.817383093218,11.9788435432,13.2298998674,0.78688881032,2023
2024_17_MIA_CLE,2024,17,0,0.396243029058,0.394745466835,0.307446195601,-6.65599227173,13.2298998674,0.398950079177,2023
2024_17_GB_MIN,2024,17,1,0.49567024593,0.481101917625,0.552584328714,1.74890509008,13.2298998674,0.470437268248,2023
2024_17_ATL_WAS,2024,17,1,0.630940343782,0.585906797081,0.696573313493,6.80771260901,13.2298998674,0.60423608743,2023
2024_17_DET_SF,2024,17,0,0.330992978937,0.337475828462,0.259111289034,-8.54767522056,13.2298998674,0.331726592588,2023
2024_18_CLE_BAL,2024,18,1,0.925816023739,0.928986688731,0.910222944068,17.7562347498,13.2298998674,0.924295690059,2023
2024_18_CIN_PIT,2024,18,0,0.42794036444,0.40307786637,0.485600433029,-0.477628525325,13.2298998674,0.40321371005,2023
2024_18_CAR_ATL,2024,18,0,0.76,0.755491659874,0.726447249385,7.96576392007,13.2298998674,0.754912606446,2023
2024_18_WAS_DAL,2024,18,0,0.274247491639,0.239447532501,0.435400083093,-2.15173989201,13.2298998674,0.238264246827,2023
2024_18_CHI_GB,2024,18,0,0.771505376344,0.745182620582,0.84827085888,13.6141692667,13.2298998674,0.743781678723,2023
2024_18_JAX_IND,2024,18,1,0.616438356164,0.613464172715,0.561679452854,2.05365896422,13.2298998674,0.612046323497,2023
2024_18_BUF_NE,2024,18,1,0.400361228176,0.426971218207,0.178696587664,-12.1760550983,13.2298998674,0.43532393131,2023
2024_18_NYG_PHI,2024,18,1,0.582992641047,0.512960750718,0.856514807147,14.0870821999,13.2298998674,0.503023087174,2023
2024_18_NO_TB,2024,18,1,0.876177658143,0.876020403893,0.847607151929,13.5768496052,13.2298998674,0.87443752476,2023
2024_18_HOU_TEN,2024,18,0,0.563492063492,0.570232871233,0.400732093494,-3.3266930236,13.2298998674,0.57811922177,2023
2024_18_SF_ARI,2024,18,1,0.630940343782,0.633264822184,0.526054089443,0.864632314636,13.2298998674,0.635293433782,2023
2024_18_KC_DEN,2024,18,1,0.795775877116,0.841523450563,0.385492900251,-3.85103424636,13.2298998674,0.836420408404,2023
2024_18_SEA_LA,2024,18,0,0.249187432286,0.187221172631,0.633673463018,4.51931381333,13.2298998674,0.188145796713,2023
2024_18_LAC_LV,2024,18,0,0.255930984903,0.236522753484,0.379879714301,-4.04565993988,13.2298998674,0.225907737391,2023
2024_18_MIA_NYJ,2024,18,1,0.526086585262,0.54215194273,0.367713643093,-4.47058086309,13.2298998674,0.540437675346,2023
2024_18_MIN_DET,2024,18,1,0.57205963556,0.54041751879,0.649955216072,5.09615163377,13.2298998674,0.542651285944,2023
2025_01_DAL_PHI,2025,1,1,0.776833156217,0.778097766365,0.764997665338,9.53353241152,13.1957219213,0.768637172056,2024
2025_01_KC_LAC,2025,1,1,0.390763765542,0.345457913733,0.553488774421,1.77457026251,13.1957219213,0.353837674342,2024
2025_01_TB_ATL,2025,1,0,0.489165763814,0.485723646164,0.362619938798,-4.63782821359,13.1957219213,0.494905451841,2024
2025_01_CIN_CLE,2025,1,0,0.324968753005,0.298027714172,0.243317330351,-9.17988591358,13.1957219213,0.326063365671,2024
2025_01_MIA_IND,2025,1,1,0.50432975407,0.491569098841,0.459481911327,-1.34251992766,13.1957219213,0.496987325963,2024
2025_01_CAR_JAX,2025,1,1,0.6447291788,0.645714696623,0.603861337029,3.4751532768,13.1957219213,0.637782868975,2024
2025_01_LV_NE,2025,1,0,0.582992641047,0.574987398749,0.552172262896,1.73063851745,13.1957219213,0.573804603021,2024
2025_01_ARI_NO,2025,1,0,0.299837925446,0.267955068029,0.366724128246,-4.49370003682,13.1957219213,0.278611537811,2024
2025_01_PIT_NYJ,2025,1,0,0.417007358953,0.384935762884,0.52028877089,0.671376544143,13.1957219213,0.387950155613,2024
2025_01_NYG_WAS,2025,1,1,0.717970521542,0.713748749854,0.770233364171,9.75976181934,13.1957219213,0.697454333071,2024
2025_01_TEN_DEN,2025,1,1,0.78674351585,0.789310722164,0.777320053398,10.070626112,13.1957219213,0.77849728302,2024
2025_01_SF_SEA,2025,1,0,0.448558885283,0.408152487267,0.628504332618,4.32680634573,13.1957219213,0.407122018676,2024
2025_01_DET_GB,2025,1,1,0.521739130435,0.513935871149,0.478111228083,-0.72437350894,13.1957219213,0.514209737178,2024
2025_01_HOU_LA,2025,1,1,0.599638771824,0.577412019947,0.621448131064,4.08125624447,13.1957219213,0.582468092432,2024
2025_01_BAL_BUF,2025,1,1,0.457256461233,0.428706019746,0.51523399167,0.504013755795,13.1957219213,0.434374708535,2024
2025_01_MIN_CHI,2025,1,0,0.49567024593,0.501479025043,0.314143630366,-6.38856294657,13.1957219213,0.510729071082,2024
2025_02_WAS_GB,2025,2,1,0.622466551861,0.611523465979,0.649924851587,5.08190461547,13.1957219213,0.604642866096,2024
2025_02_CLE_BAL,2025,2,1,0.86301369863,0.870616140733,0.902479708864,17.0991625804,13.1957219213,0.848714626269,2024
2025_02_JAX_CIN,2025,2,1,0.630940343782,0.607880075431,0.739197394209,8.45678164475,13.1957219213,0.599091628213,2024
2025_02_NYG_DAL,2025,2,1,0.675031246995,0.668276775382,0.682504629218,6.26419571839,13.1957219213,0.661235398064,2024
2025_02_CHI_DET,2025,2,1,0.700162074554,0.677959597261,0.826711423652,12.4204631223,13.1957219213,0.66405843666,2024
2025_02_NE_MIA,2025,2,0,0.532467532468,0.495995734727,0.680075090402,6.17439424229,13.1957219213,0.494322297948,2024
2025_02_SF_NO,2025,2,0,0.400361228176,0.387542784101,0.371165806453,-4.33832131316,13.1957219213,0.391263962801,2024
2025_02_BUF_NYJ,2025,2,0,0.286448769739,0.253484321328,0.35728519204,-4.82600372389,13.1957219213,0.265099355893,2024
2025_02_SEA_PIT,2025,2,0,0.630940343782,0.633877023198,0.550682830422,1.68095952282,13.1957219213,0.629572099435,2024
2025_02_LA_TEN,2025,2,0,0.314606741573,0.290617336231,0.366636860399,-4.49675901825,13.1957219213,0.294994806357,2024
2025_02_CAR_ARI,2025,2,1,0.725752508361,0.723030117716,0.750226972602,8.90980652698,13.1957219213,0.710285872108,2024
2025_02_DEN_IND,2025,2,1,0.457256461233,0.440631791744,0.423175445224,-2.55702077624,13.1957219213,0.448405181831,2024
2025_02_PHI_KC,2025,2,0,0.473913414738,0.463656136641,0.44161077315,-1.93827443575,13.1957219213,0.464703859491,2024
2025_02_ATL_MIN,2025,2,0,0.616438356164,0.601392304727,0.651255937809,5.12935472345,13.1957219213,0.597353758042,2024
2025_02_TB_HOU,2025,2,0,0.551441114717,0.562737215505,0.354037216118,-4.94105145515,13.1957219213,0.56796264304,2024
2025_02_LAC_LV,2025,2,0,0.363095818306,0.341682923345,0.415765939414,-2.80722212815,13.1957219213,0.342322590797,2024
2025_03_MIA_BUF,2025,3,1,0.852459016393,0.864354049358,0.765077085481,9.53694306476,13.1957219213,0.85632101001,2024
2025_03_ATL_CAR,2025,3,1,0.336351875809,0.311289646353,0.332357959408,-5.71917633428,13.1957219213,0.324360714083,2024
2025_03_GB_CLE,2025,3,1,0.208638360176,0.183344018552,0.20100588515,-11.05845982,13.1957219213,0.200540160701,2024
2025_03_HOU_JAX,2025,3,1,0.532467532468,0.509108365823,0.575445325308,2.51055148376,13.1957219213,0.511590576524,2024
2025_03_CIN_MIN,2025,3,1,0.593369754159,0.604854973582,0.448895245505,-1.6950300607,13.1957219213,0.601196881067,2024
2025_03_PIT_NE,2025,3,0,0.478260869565,0.46095744458,0.475001927218,-0.827397332739,13.1957219213,0.464567099121,2024
2025_03_LA_PHI,2025,3,1,0.636904181694,0.621183013873,0.703509102477,7.05337768116,13.1957219213,0.612684611225,2024
2025_03_NYJ_TB,2025,3,1,0.744069015097,0.741282627649,0.773800865838,9.91556581156,13.1957219213,0.728156612424,2024
2025_03_IND_TEN,2025,3,0,0.319444444444,0.289792445548,0.383557850592,-3.90791010847,13.1957219213,0.298059095674,2024
2025_03_LV_WAS,2025,3,1,0.582992641047,0.557469403665,0.697530355553,6.82628808725,13.1957219213,0.55014959613,2024
2025_03_DEN_LAC,2025,3,1,0.582992641047,0.575948599177,0.57248118642,2.41078757311,13.1957219213,0.570703417349,2024
2025_03_NO_SEA,2025,3,1,0.757188498403,0.75552563052,0.782654993981,10.3083826644,13.1957219213,0.742360931027,2024
2025_03_DAL_CHI,2025,3,1,0.467532467532,0.454945799886,0.452976302097,-1.55901129885,13.1957219213,0.455611867188,2024
2025_03_ARI_SF,2025,3,1,0.532467532468,0.513928218498,0.542117737369,1.39571673828,13.1957219213,0.51677629346,2024
2025_03_KC_NYG,2025,3,0,0.266457680251,0.23086993859,0.356498779497,-4.85382555647,13.1957219213,0.243344970989,2024
2025_03_DET_BAL,2025,3,0,0.680555555556,0.686530215216,0.6163863434,3.90598152038,13.1957219213,0.677578607192,2024
2025_04_SEA_ARI,2025,4,0,0.467532467532,0.443904905451,0.514727700397,0.487255457934,13.1957219213,0.446202137314,2024
2025_04_MIN_PIT,2025,4,1,0.42794036444,0.405280667612,0.514357505932,0.475002478598,13.1957219213,0.401168193509,2024
2025_04_WAS_ATL,2025,4,1,0.563492063492,0.57640738482,0.394701227223,-3.52440101932,13.1957219213,0.575230045036,2024
2025_04_NO_BUF,2025,4,1,0.893382352941,0.904233447334,0.881785221792,15.623184952,13.1957219213,0.889599668185,2024
2025_04_CLE_DET,2025,4,1,0.811866859624,0.809557760341,0.897121002416,16.6967609543,13.1957219213,0.78536921945,2024
2025_04_TEN_HOU,2025,4,1,0.781906300485,0.796475480626,0.622043891344,4.10193250124,13.1957219213,0.792385869301,2024
2025_04_CAR_NE,2025,4,1,0.695769952073,0.707003809023,0.549722550215,1.64894270944,13.1957219213,0.704043632835,2024
2025_04_LAC_NYG,2025,4,1,0.290456431535,0.269735828036,0.275433163186,-7.87075273331,13.1957219213,0.281150307978,2024
2025_04_PHI_TB,2025,4,0,0.377533448139,0.341853848255,0.512424494151,0.411028587508,13.1957219213,0.344933323192,2024
2025_04_IND_LA,2025,4,1,0.622466551861,0.623292398666,0.563060985672,2.09461677432,13.1957219213,0.617959878063,2024
2025_04_JAX_SF,2025,4,0,0.616438356164,0.599323847538,0.634085320118,4.52208275356,13.1957219213,0.600111787939,2024
2025_04_BAL_KC,2025,4,1,0.42794036444,0.411343580991,0.406516465432,-3.12098852126,13.1957219213,0.417341894498,2024
2025_04_CHI_LV,2025,4,0,0.532467532468,0.51430174642,0.542071276633,1.39417135646,13.1957219213,0.516783468556,2024
2025_04_GB_DAL,2025,4,0,0.255930984903,0.225136047154,0.33461447438,-5.63729778967,13.1957219213,0.234603094771,2024
2025_04_NYJ_MIA,2025,4,1,0.57205963556,0.561355630471,0.594000812236,3.13858648956,13.1957219213,0.554640448213,2024
2025_04_CIN_DEN,2025,4,1,0.791361639824,0.810345404818,0.638671165997,4.68328219411,13.1957219213,0.801134969465,2024
2025_05_SF_LA,2025,5,0,0.781906300485,0.793292952888,0.620035602875,4.03227342709,13.1957219213,0.792601287777,2024
2025_05_MIN_CLE,2025,5,0,0.363095818306,0.346696448315,0.301414656376,-6.86621097635,13.1957219213,0.359820102191,2024
2025_05_HOU_BAL,2025,5,0,0.42794036444,0.361498224179,0.77832979263,10.115373626,13.1957219213,0.357878027622,2024
2025_05_MIA_CAR,2025,5,1,0.478260869565,0.459537783895,0.428180465622,-2.38853737652,13.1957219213,0.471798791082,2024
2025_05_LV_IND,2025,5,1,0.750812567714,0.75329512339,0.743628958083,8.63757616636,13.1957219213,0.741125323251,2024
2025_05_NYG_NO,2025,5,1,0.521739130435,0.495619914381,0.538878133571,1.28800534832,13.1957219213,0.504870750127,2024
2025_05_DAL_NYJ,2025,5,0,0.510834236186,0.487767559582,0.53581391378,1.186204216,13.1957219213,0.492751659394,2024
2025_05_DEN_PHI,2025,5,0,0.657475226196,0.651918248731,0.632311888937,4.45992577086,13.1957219213,0.648390664753,2024
2025_05_TEN_ARI,2025,5,0,0.776833156217,0.773805500848,0.79598355967,10.917616323,13.1957219213,0.763656312972,2024
2025_05_TB_SEA,2025,5,0,0.616438356164,0.608205987642,0.58924058425,2.97684814686,13.1957219213,0.607052190236,2024
2025_05_DET_CIN,2025,5,0,0.182741116751,0.15235564653,0.285540963484,-7.47483291679,13.1957219213,0.161921457655,2024
2025_05_WAS_LAC,2025,5,0,0.582992641047,0.572214450178,0.572451221514,2.40977975822,13.1957219213,0.570708022054,2024
2025_05_NE_BUF,2025,5,0,0.765902104516,0.768569775287,0.778685831705,10.1311795749,13.1957219213,0.753467022688,2024
2025_05_KC_JAX,2025,5,1,0.363095818306,0.329765053362,0.477116690112,-0.757321506601,13.1957219213,0.333783682638,2024
2025_06_PHI_NYG,2025,6,1,0.234097895484,0.208664953584,0.254582159307,-8.71101714476,13.1957219213,0.221091394287,2024
2025_06_DEN_NYJ,2025,6,0,0.234097895484,0.197829881553,0.347193842223,-5.18470021025,13.1957219213,0.209604392725,2024
2025_06_LA_BAL,2025,6,0,0.2522172949,0.202656780583,0.54985390535,1.65332165892,13.1957219213,0.207289808017,2024
2025_06_DAL_CAR,2025,6,1,0.390763765542,0.36111070336,0.43287489282,-2.23086307284,13.1957219213,0.37103636724,2024
2025_06_ARI_IND,2025,6,1,0.791361639824,0.803028852991,0.675503207637,6.00617488586,13.1957219213,0.797103973076,2024
2025_06_SEA_JAX,2025,6,0,0.489165763814,0.481772086794,0.469309650109,-1.01614099771,13.1957219213,0.477991183564,2024
2025_06_LAC_MIA,2025,6,0,0.3552708212,0.319938095796,0.461891068525,-1.26244353938,13.1957219213,0.327183176595,2024
2025_06_NE_NO,2025,6,0,0.369059656218,0.336726043233,0.436504017448,-2.10918876104,13.1957219213,0.346075091057,2024
2025_06_CLE_PIT,2025,6,1,0.705033164261,0.688710958984,0.778676587563,10.130769008,13.1957219213,0.680282903708,2024
2025_06_TEN_LV,2025,6,1,0.622466551861,0.606697461013,0.617879084364,3.95759772701,13.1957219213,0.609701256891,2024
2025_06_CIN_GB,2025,6,1,0.872093023256,0.887920581529,0.751614675898,8.96754430134,13.1957219213,0.879460854779,2024
2025_06_SF_TB,2025,6,1,0.630940343782,0.626169514282,0.595795313145,3.19967955028,13.1957219213,0.622941341914,2024
2025_06_DET_KC,2025,6,1,0.563492063492,0.568755446152,0.427108121146,-2.42460188305,13.1957219213,0.570198716865,2024
2025_06_BUF_ATL,2025,6,1,0.3552708212,0.331522357021,0.377309404636,-4.12438820136,13.1957219213,0.339058633441,2024
2025_06_CHI_WAS,2025,6,0,0.690792883054,0.678009932796,0.731756111311,8.15670904499,13.1957219213,0.67177084926,2024
2025_07_PIT_CIN,2025,7,1,0.319444444444,0.279019371487,0.452184210695,-1.58539774982,13.1957219213,0.289062074542,2024
2025_07_LA_JAX,2025,7,0,0.400361228176,0.37759842672,0.404095957871,-3.20338337616,13.1957219213,0.386201263946,2024
2025_07_NO_CHI,2025,7,1,0.663648124191,0.658571321109,0.638685428955,4.68378463803,13.1957219213,0.654641830395,2024
2025_07_MIA_CLE,2025,7,1,0.57205963556,0.577938180771,0.409804545567,-3.00925517095,13.1957219213,0.582696077131,2024
2025_07_LV_KC,2025,7,1,0.867716535433,0.883197587511,0.823097850665,12.2355412061,13.1957219213,0.867228896489,2024
2025_07_PHI_MIN,2025,7,0,0.42794036444,0.396359812495,0.559108644336,1.96233177346,13.1957219213,0.394544913776,2024
2025_07_CAR_NYJ,2025,7,0,0.50432975407,0.48831680606,0.501177844315,0.0389593417053,13.1957219213,0.490573917517,2024
2025_07_NE_TEN,2025,7,0,0.286448769739,0.254721085015,0.309701560845,-6.55426831817,13.1957219213,0.271559307344,2024
2025_07_NYG_DEN,2025,7,1,0.776833156217,0.781318437131,0.765669537439,9.56240571863,13.1957219213,0.768535028967,2024
2025_07_IND_LAC,2025,7,0,0.551441114717,0.550462808913,0.482053655463,-0.593807453824,13.1957219213,0.547916360471,2024
2025_07_GB_ARI,2025,7,0,0.234097895484,0.200163621014,0.352733589509,-4.98733302673,13.1957219213,0.208985733909,2024
2025_07_WAS_DAL,2025,7,1,0.532467532468,0.537497245816,0.435820744679,-2.13208295786,13.1957219213,0.533121870751,2024
2025_07_ATL_SF,2025,7,1,0.510834236186,0.48636883348,0.577936183907,2.59449708629,13.1957219213,0.486199490144,2024
2025_07_TB_DET,2025,7,1,0.705033164261,0.699342190547,0.708342361741,7.23849462392,13.1957219213,0.692528579741,2024
2025_07_HOU_SEA,2025,7,1,0.599638771824,0.580885000933,0.62381600535,4.16349469304,13.1957219213,0.582091802793,2024
2025_08_MIN_LAC,2025,8,1,0.603756970942,0.599527742774,0.482281765533,-0.586254763117,13.1957219213,0.608191183179,2024
2025_08_MIA_ATL,2025,8,0,0.7477827051,0.752580649118,0.677707977128,6.08717436698,13.1957219213,0.746985446272,2024
2025_08_CHI_BAL,2025,8,1,0.57205963556,0.553337011789,0.642117034011,4.80486992728,13.1957219213,0.546890884241,2024
2025_08_BUF_CAR,2025,8,0,0.234097895484,0.1969721404,0.344444788256,-5.28307156867,13.1957219213,0.209913607327,2024
2025_08_NYJ_CIN,2025,8,0,0.690792883054,0.68711174618,0.641261083254,4.77462993492,13.1957219213,0.685916301731,2024
2025_08_SF_HOU,2025,8,1,0.582992641047,0.584565235461,0.527854338291,0.922081378182,13.1957219213,0.577476496982,2024
2025_08_CLE_NE,2025,8,1,0.76,0.760536475091,0.724312020511,7.8606856086,13.1957219213,0.754800363823,2024
2025_08_NYG_PHI,2025,8,1,0.76,0.757927571399,0.766131108609,9.5822680218,13.1957219213,0.748477690719,2024
2025_08_TB_NO,2025,8,0,0.342524773804,0.319310785946,0.316721906578,-6.29284556702,13.1957219213,0.333789665374,2024
2025_08_DAL_DEN,2025,8,1,0.630940343782,0.621195499632,0.672814608397,5.90770529744,13.1957219213,0.610862039108,2024
2025_08_TEN_IND,2025,8,1,0.908256880734,0.920286525735,0.880030778276,15.5068294497,13.1957219213,0.907341304959,2024
2025_08_GB_PIT,2025,8,0,0.417007358953,0.397226909443,0.43529776034,-2.14961075626,13.1957219213,0.400467520478,2024
2025_08_WAS_KC,2025,8,1,0.84,0.857979608185,0.705067982607,7.11293052491,13.1957219213,0.848389979422,2024
2025_09_BAL_MIA,2025,9,0,0.21325648415,0.172176854194,0.465234545781,-1.15138824671,13.1957219213,0.176334218093,2024
2025_09_CHI_CIN,2025,9,0,0.406630245841,0.365795497525,0.603507972958,3.46305416518,13.1957219213,0.364153382693,2024
2025_09_MIN_DET,2025,9,0,0.811866859624,0.819547932726,0.746958118511,8.77446869695,13.1957219213,0.812069869194,2024
2025_09_CAR_GB,2025,9,0,0.872093023256,0.883233974332,0.823670693529,12.2646952931,13.1957219213,0.872214633326,2024
2025_09_DEN_HOU,2025,9,0,0.532467532468,0.521915888578,0.466118636772,-1.1220366663,13.1957219213,0.528441958659,2024
2025_09_ATL_NE,2025,9,1,0.685393258427,0.677290212371,0.671539035889,5.86110277247,13.1957219213,0.675124690867,2024
2025_09_SF_NYG,2025,9,0,0.42794036444,0.414949183649,0.40486446204,-3.17720986597,13.1957219213,0.417597687865,2024
2025_09_IND_PIT,2025,9,1,0.377533448139,0.348381310718,0.452799461911,-1.5649017224,13.1957219213,0.35327253332,2024
2025_09_LAC_TEN,2025,9,0,0.16835016835,0.13903558081,0.204676908228,-10.8868837139,13.1957219213,0.155620785201,2024
2025_09_NO_LA,2025,9,1,0.886956521739,0.898475472918,0.844501129703,13.3689908638,13.1957219213,0.886907954956,2024
2025_09_JAX_LV,2025,9,0,0.457256461233,0.440334792725,0.432418321383,-2.24618385236,13.1957219213,0.446971890087,2024
2025_09_KC_BUF,2025,9,1,0.448558885283,0.422574756468,0.515030028914,0.49726246947,13.1957219213,0.424484614744,2024
2025_09_SEA_WAS,2025,9,0,0.42794036444,0.404057613166,0.467378977946,-1.0802032422,13.1957219213,0.408124982853,2024
2025_09_ARI_DAL,2025,9,0,0.609236234458,0.596541062941,0.600476528908,3.35937655276,13.1957219213,0.596948298345,2024
2025_10_LV_DEN,2025,10,1,0.8,0.804623609153,0.806471751549,11.4138737318,13.1957219213,0.789687729683,2024
2025_10_ATL_IND,2025,10,1,0.725752508361,0.724272743373,0.763740657061,9.47963539056,13.1957219213,0.707959329787,2024
2025_10_NO_CAR,2025,10,0,0.680555555556,0.672826424136,0.688181190532,6.47515991522,13.1957219213,0.666843446915,2024
2025_10_NYG_CHI,2025,10,1,0.657475226196,0.645298160869,0.674968731212,5.98657327975,13.1957219213,0.64176218735,2024
2025_10_JAX_HOU,2025,10,1,0.489165763814,0.4577216444,0.651220898978,5.12810482347,13.1957219213,0.449469196503,2024
2025_10_BUF_MIA,2025,10,1,0.21325648415,0.181168170546,0.275363706632,-7.87349757431,13.1957219213,0.195567529519,2024
2025_10_BAL_MIN,2025,10,0,0.330992978937,0.289406661268,0.521166334263,0.700442751887,13.1957219213,0.292827296282,2024
2025_10_CLE_NYJ,2025,10,1,0.457256461233,0.416302713767,0.645258261306,4.91606468934,13.1957219213,0.414229699779,2024
2025_10_NE_TB,2025,10,0,0.57205963556,0.554770945008,0.639456842163,4.71096949708,13.1957219213,0.54733048436,2024
2025_10_ARI_SEA,2025,10,1,0.740871613663,0.736005898284,0.737426195482,8.38496563945,13.1957219213,0.730327187724,2024
2025_10_LA_SF,2025,10,0,0.309207116946,0.273480101185,0.416213119484,-2.79209417643,13.1957219213,0.282468320548,2024
2025_10_DET_WAS,2025,10,0,0.21325648415,0.174985719012,0.378196360987,-4.09359317539,13.1957219213,0.184456955185,2024
2025_10_PIT_LAC,2025,10,1,0.593369754159,0.576790157387,0.593889462346,3.13479785669,13.1957219213,0.579475098341,2024
2025_10_PHI_GB,2025,10,0,0.5,0.473141884809,0.594313981636,3.14924333408,13.1957219213,0.471137399726,2024
2025_11_NYJ_NE,2025,11,1,0.867716535433,0.883952349115,0.699194284394,6.88928314696,13.1957219213,0.879023544763,2024
2025_11_WAS_MIA,2025,11,1,0.57205963556,0.560821960464,0.570153987688,2.33255786873,13.1957219213,0.558355346479,2024
2025_11_CAR_ATL,2025,11,0,0.657475226196,0.660494817834,0.564537897594,2.14410243157,13.1957219213,0.658214413578,2024
2025_11_TB_BUF,2025,11,1,0.709543568465,0.707689758861,0.668430272902,5.74782946794,13.1957219213,0.703848141772,2024
2025_11_LAC_JAX,2025,11,1,0.417007358953,0.401992595568,0.3814034908,-3.9824264562,13.1957219213,0.408726095189,2024
2025_11_CHI_MIN,2025,11,0,0.57205963556,0.556643674255,0.557669629855,1.91421753832,13.1957219213,0.560276362626,2024
2025_11_GB_NYG,2025,11,0,0.218093699515,0.189019367358,0.285515711753,-7.47581353655,13.1957219213,0.199572487759,2024
2025_11_CIN_PIT,2025,11,1,0.685393258427,0.691462702028,0.550521080039,1.67556589666,13.1957219213,0.69213337532,2024
2025_11_HOU_TEN,2025,11,0,0.304230047927,0.286256687006,0.231279383348,-9.69410523235,13.1957219213,0.304320897696,2024
2025_11_SF_ARI,2025,11,0,0.369059656218,0.337331714012,0.489700510071,-0.340711709117,13.1957219213,0.338673160457,2024
2025_11_SEA_LA,2025,11,1,0.609236234458,0.596395680034,0.665320654106,5.63494712253,13.1957219213,0.586578006781,2024
2025_11_BAL_CLE,2025,11,0,0.218093699515,0.189448385307,0.266120284419,-8.24190823073,13.1957219213,0.201965099359,2024
2025_11_KC_DEN,2025,11,1,0.342524773804,0.309037279694,0.44629301029,-1.78185395373,13.1957219213,0.315178325712,2024
2025_11_DET_PHI,2025,11,1,0.582992641047,0.580735661909,0.478101394529,-0.724699261812,13.1957219213,0.584918993683,2024
2025_11_DAL_LV,2025,11,0,0.363095818306,0.33178628244,0.384946159488,-3.85995650309,13.1957219213,0.346774897477,2024
2025_12_BUF_HOU,2025,12,1,0.309207116946,0.276852043264,0.414576583609,-2.84747565491,13.1957219213,0.282678046726,2024
2025_12_NYJ_BAL,2025,12,1,0.876177658143,0.891364112187,0.770170338949,9.75702156772,13.1957219213,0.882311038032,2024
2025_12_PIT_CHI,2025,12,1,0.582992641047,0.575220564406,0.524580988711,0.813574844401,13.1957219213,0.577968206681,2024
2025_12_NE_CIN,2025,12,0,0.234097895484,0.194484824252,0.443652164229,-1.87004505925,13.1957219213,0.19948906845,2024
2025_12_NYG_DET,2025,12,1,0.876177658143,0.88889465502,0.821376864291,12.1483108327,13.1957219213,0.87717259102,2024
2025_12_MIN_GB,2025,12,1,0.713551230261,0.703579811887,0.754639824532,9.0940105828,13.1957219213,0.694950722585,2024
2025_12_IND_KC,2025,12,1,0.657475226196,0.65599364671,0.604244666049,3.48828168689,13.1957219213,0.652542783401,2024
2025_12_SEA_TEN,2025,12,0,0.132283464567,0.105746536266,0.177667000869,-12.1967079406,13.1957219213,0.120107897366,2024
2025_12_JAX_ARI,2025,12,0,0.448558885283,0.424178640928,0.525818351518,0.854584666794,13.1957219213,0.422864306015,2024
2025_12_CLE_LV,2025,12,0,0.593369754159,0.58173320677,0.544196401267,1.46487738249,13.1957219213,0.587042905108,2024
2025_12_PHI_DAL,2025,12,1,0.406630245841,0.384417233952,0.391269418816,-3.64217780203,13.1957219213,0.395310803264,2024
2025_12_ATL_NO,2025,12,0,0.526086585262,0.509392497157,0.509072981518,0.3001307949,13.1957219213,0.514480585757,2024
2025_12_TB_LA,2025,12,1,0.757188498403,0.760392091316,0.732239554791,8.17607483971,13.1957219213,0.750357709371,2024
2025_12_CAR_SF,2025,12,1,0.765902104516,0.767223642067,0.73480488047,8.27913343495,13.1957219213,0.760215474129,2024
2025_13_GB_DET,2025,13,0,0.582992641047,0.57098885812,0.604509823262,3.49736492015,13.1957219213,0.565720164573,2024
2025_13_KC_DAL,2025,13,1,0.377533448139,0.351130527407,0.383172272797,-3.92123749392,13.1957219213,0.363393066885,2024
2025_13_CIN_BAL,2025,13,0,0.757188498403,0.761407798965,0.751732991405,8.97247495723,13.1957219213,0.747417132207,2024
2025_13_CHI_PHI,2025,13,0,0.740871613663,0.742468700096,0.732482489922,8.18581299243,13.1957219213,0.731093820965,2024
2025_13_LA_CAR,2025,13,1,0.182741116751,0.153497773349,0.207818504218,-10.7415005951,13.1957219213,0.170884126656,2024
2025_13_SF_CLE,2025,13,0,0.314606741573,0.291210173336,0.306674976607,-6.66776426869,13.1957219213,0.303656309498,2024
2025_13_HOU_IND,2025,13,0,0.603756970942,0.589060140812,0.603785745362,3.47256478868,13.1957219213,0.590047518725,2024
2025_13_NO_MIA,2025,13,1,0.685393258427,0.667779621983,0.745136322617,8.69944182478,13.1957219213,0.662967631197,2024
2025_13_ATL_NYJ,2025,13,1,0.400361228176,0.369517271912,0.512592734412,0.416596168863,13.1957219213,0.370360448737,2024
2025_13_ARI_TB,2025,13,1,0.636904181694,0.627838212887,0.62454162989,4.18872855686,13.1957219213,0.625541678471,2024
2025_13_JAX_TEN,2025,13,0,0.299837925446,0.276962257131,0.256404793643,-8.63619309486,13.1957219213,0.294885689491,2024
2025_13_MIN_SEA,2025,13,1,0.86301369863,0.875203150346,0.779634522808,10.1733668018,13.1957219213,0.866708476901,2024
2025_13_LV_LAC,2025,13,1,0.822335025381,0.827585924007,0.812765578282,11.7195651754,13.1957219213,0.815346928987,2024
2025_13_BUF_PIT,2025,13,0,0.400361228176,0.382129663432,0.387755319108,-3.76308025593,13.1957219213,0.388690746146,2024
2025_13_DEN_WAS,2025,13,0,0.274247491639,0.239058061045,0.370282012819,-4.36918958646,13.1957219213,0.250111011627,2024
2025_13_NYG_NE,2025,13,1,0.757188498403,0.754877201663,0.779576750373,10.1707947555,13.1957219213,0.742889201792,2024
2025_14_DAL_DET,2025,14,1,0.630940343782,0.620296796374,0.695814079379,6.76147376385,13.1957219213,0.606968732636,2024
2025_14_SEA_ATL,2025,14,0,0.2522172949,0.217779359656,0.321786392978,-6.10578261437,13.1957219213,0.232157138695,2024
2025_14_PIT_BAL,2025,14,0,0.700162074554,0.694882771237,0.694384546943,6.70761248516,13.1957219213,0.688969896466,2024
2025_14_CIN_BUF,2025,14,1,0.709543568465,0.706044133142,0.739769000544,8.48001177426,13.1957219213,0.692733984222,2024
2025_14_TEN_CLE,2025,14,0,0.6447291788,0.636408591707,0.655876812865,5.29459875175,13.1957219213,0.629823705159,2024
2025_14_IND_JAX,2025,14,1,0.448558885283,0.428336350692,0.48427535148,-0.520255327912,13.1957219213,0.429106042595,2024
2025_14_WAS_MIN,2025,14,1,0.489165763814,0.467068982536,0.517058887816,0.564424963941,13.1957219213,0.470673630849,2024
2025_14_MIA_NYJ,2025,14,0,0.42794036444,0.410930716342,0.400731377532,-3.31812333176,13.1957219213,0.418239319739,2024
2025_14_NO_TB,2025,14,0,0.776833156217,0.779952563124,0.768043078007,9.66477629071,13.1957219213,0.768172293214,2024
2025_14_DEN_LV,2025,14,0,0.208638360176,0.179329825182,0.251406954989,-8.84204202889,13.1957219213,0.19352427267,2024
2025_14_LA_ARI,2025,14,0,0.2,0.16664375032,0.310598400447,-6.5207304074,13.1957219213,0.177457043152,2024
2025_14_CHI_GB,2025,14,1,0.722079258878,0.721422774971,0.731263049573,8.1369760405,13.1957219213,0.709042162199,2024
2025_14_HOU_KC,2025,14,0,0.657475226196,0.645943213007,0.659927720168,5.44014581434,13.1957219213,0.644150543935,2024
2025_14_PHI_LAC,2025,14,1,0.478260869565,0.452799506765,0.525394022047,0.84052023708,13.1957219213,0.456872696794,2024
2025_15_ATL_TB,2025,15,0,0.705033164261,0.710935745489,0.626205943335,4.24666374998,13.1957219213,0.704532883432,2024
2025_15_CLE_CHI,2025,15,1,0.757188498403,0.754397650073,0.773246928437,9.89128333859,13.1957219213,0.743956949442,2024
2025_15_BAL_CIN,2025,15,0,0.406630245841,0.377468529122,0.463653757054,-1.20388430108,13.1957219213,0.384489950154,2024
2025_15_ARI_HOU,2025,15,1,0.827123695976,0.846551392314,0.720440395909,7.7082846775,13.1957219213,0.832492583583,2024
2025_15_NYJ_JAX,2025,15,1,0.876177658143,0.89071109082,0.778707331981,10.1321345205,13.1957219213,0.881529699108,2024
2025_15_LAC_KC,2025,15,0,0.690792883054,0.69299762298,0.59543613916,3.18744616746,13.1957219213,0.692308124863,2024
2025_15_BUF_NE,2025,15,0,0.436507936508,0.41090674474,0.453543707134,-1.54011352328,13.1957219213,0.419969088681,2024
2025_15_WAS_NYG,2025,15,0,0.57205963556,0.569815957006,0.48122184921,-0.621350102596,13.1957219213,0.571846791409,2024
2025_15_LV_PHI,2025,15,1,0.872093023256,0.886264763457,0.784531758759,10.3928205083,13.1957219213,0.876417112494,2024
2025_15_GB_DEN,2025,15,1,0.473913414738,0.456679495948,0.495837871501,-0.137672263258,13.1957219213,0.456390572861,2024
2025_15_DET_LA,2025,15,1,0.680555555556,0.680101326028,0.623849872577,4.1646720991,13.1957219213,0.676515121376,2024
2025_15_CAR_NO,2025,15,1,0.42794036444,0.403280229882,0.464648687327,-1.17084171779,13.1957219213,0.408531906885,2024
2025_15_IND_SEA,2025,15,1,0.872093023256,0.889393332167,0.739023250288,8.44970962993,13.1957219213,0.88053635942,2024
2025_15_TEN_SF,2025,15,1,0.86301369863,0.870395343805,0.873667059823,15.0945618305,13.1957219213,0.854367381991,2024
2025_15_MIN_DAL,2025,15,0,0.695769952073,0.69272986759,0.625967297539,4.23835142358,13.1957219213,0.693856213791,2024
2025_15_MIA_PIT,2025,15,1,0.609236234458,0.613796242577,0.531981724746,1.05898777046,13.1957219213,0.607221806326,2024
2025_16_LA_SEA,2025,16,1,0.526086585262,0.510623811092,0.538786113742,1.28494713042,13.1957219213,0.50991018741,2024
2025_16_PHI_WAS,2025,16,0,0.24,0.20576186865,0.351457254206,-5.03270520928,13.1957219213,0.215422231369,2024
2025_16_GB_CHI,2025,16,1,0.517364125716,0.520111009465,0.402963440873,-3.24197735331,13.1957219213,0.520872336071,2024
2025_16_TB_CAR,2025,16,1,0.417007358953,0.388590920332,0.419531382748,-2.67995161766,13.1957219213,0.402844515828,2024
2025_16_BUF_CLE,2025,16,0,0.182741116751,0.149930866323,0.151790718158,-13.5755405796,13.1957219213,0.179364933393,2024
2025_16_LAC_DAL,2025,16,0,0.526086585262,0.520788150431,0.463831539482,-1.19797942912,13.1957219213,0.521426470943,2024
2025_16_CIN_MIA,2025,16,0,0.3552708212,0.29852913469,0.679064037772,6.13710769088,13.1957219213,0.297453811127,2024
2025_16_NYJ_NO,2025,16,1,0.717970521542,0.727437639429,0.633506931798,4.50179986304,13.1957219213,0.718469312597,2024
2025_16_MIN_NYG,2025,16,0,0.42794036444,0.419676639811,0.340779193871,-5.41469953153,13.1957219213,0.42788376048,2024
2025_16_KC_TEN,2025,16,1,0.377533448139,0.370094223525,0.224592283958,-9.98619476903,13.1957219213,0.390898204889,2024
2025_16_ATL_ARI,2025,16,0,0.42794036444,0.39871118554,0.49545692715,-0.150273422303,13.1957219213,0.403960065898,2024
2025_16_JAX_DEN,2025,16,0,0.609236234458,0.591724735664,0.62619836376,4.24639971816,13.1957219213,0.592934788435,2024
2025_16_PIT_DET,2025,16,0,0.776833156217,0.79069652433,0.652964271536,5.19035025272,13.1957219213,0.783263087638,2024
2025_16_LV_HOU,2025,16,1,0.90395480226,0.916912474909,0.832185871603,12.7053575083,13.1957219213,0.907489616795,2024
2025_16_NE_BAL,2025,16,0,0.622466551861,0.621961043367,0.573981712544,2.4612731444,13.1957219213,0.616345058119,2024
2025_16_SF_IND,2025,16,0,0.336351875809,0.29394020392,0.495891903743,-0.135884955237,13.1957219213,0.30188007099,2024
2025_17_DAL_WAS,2025,17,0,0.2,0.158221955423,0.499405579709,-0.0196615103152,13.1957219213,0.160339299562,2024
2025_17_DET_MIN,2025,17,1,0.249187432286,0.209738764111,0.448574289892,-1.70573474116,13.1957219213,0.214579232357,2024
2025_17_DEN_KC,2025,17,0,0.12,0.0842059322047,0.451803653913,-1.59807725084,13.1957219213,0.0890274104066,2024
2025_17_HOU_LAC,2025,17,0,0.517364125716,0.486502081115,0.588185487927,2.94106044065,13.1957219213,0.492116937298,2024
2025_17_BAL_GB,2025,17,0,0.563492063492,0.534541290677,0.686153939918,6.3996316853,13.1957219213,0.529342453534,2024
2025_17_SEA_CAR,2025,17,0,0.277920741122,0.256760817433,0.251661050182,-8.83152480698,13.1957219213,0.270706198243,2024
2025_17_ARI_CIN,2025,17,1,0.744069015097,0.744530888385,0.676792607358,6.05351756435,13.1957219213,0.742812442006,2024
2025_17_PIT_CLE,2025,17,1,0.3552708212,0.340857056575,0.23997401394,-9.32127528169,13.1957219213,0.361830682126,2024
2025_17_JAX_IND,2025,17,0,0.336351875809,0.304031245009,0.392292043475,-3.6070522498,13.1957219213,0.315680683704,2024
2025_17_TB_MIA,2025,17,1,0.314606741573,0.267450815752,0.547614524324,1.57869253741,13.1957219213,0.272000889345,2024
2025_17_NE_NYJ,2025,17,0,0.132283464567,0.104106808113,0.218791316483,-10.2435984029,13.1957219213,0.11596105287,2024
2025_17_NO_TEN,2025,17,0,0.478260869565,0.466914138135,0.409366498032,-3.02412798502,13.1957219213,0.474757161223,2024
2025_17_NYG_LV,2025,17,0,0.406630245841,0.366610564126,0.538513952108,1.27590242257,13.1957219213,0.373650488175,2024
2025_17_PHI_BUF,2025,17,0,0.603756970942,0.58372072772,0.630106439765,4.38276463305,13.1957219213,0.585904259795,2024
2025_17_CHI_SF,2025,17,1,0.6447291788,0.634535180527,0.638285660668,4.66970449365,13.1957219213,0.632576833713,2024
2025_17_LA_ATL,2025,17,1,0.24,0.212347969317,0.28684186077,-7.42436981722,13.1957219213,0.223258226385,2024
2025_18_CAR_TB,2025,18,1,0.582992641047,0.557517562123,0.64972689265,5.07485346716,13.1957219213,0.558406813003,2024
2025_18_SEA_SF,2025,18,0,0.42794036444,0.392965043709,0.474898944083,-0.830810412548,13.1957219213,0.407006284298,2024
2025_18_NO_ATL,2025,18,1,0.6447291788,0.640797008767,0.573694268411,2.45159924837,13.1957219213,0.642191320088,2024
2025_18_CLE_CIN,2025,18,0,0.78674351585,0.78647187415,0.797546770293,10.9905920963,13.1957219213,0.775279947774,2024
2025_18_IND_HOU,2025,18,1,0.808157099698,0.819853984249,0.733152300929,8.2126857668,13.1957219213,0.809494288889,2024
2025_18_TEN_JAX,2025,18,1,0.846501128668,0.851536906402,0.865576427881,14.5907915151,13.1957219213,0.835712001731,2024
2025_18_GB_MIN,2025,18,1,0.83164983165,0.860604344276,0.532448775001,1.07448684598,13.1957219213,0.853917488175,2024
2025_18_DAL_NYG,2025,18,1,0.400361228176,0.381640770345,0.42287114273,-2.56727765174,13.1957219213,0.383387456979,2024
2025_18_NYJ_BUF,2025,18,1,0.852459016393,0.86035811313,0.878086185722,15.3792561344,13.1957219213,0.840669732177,2024
2025_18_DET_CHI,2025,18,0,0.616438356164,0.604991355666,0.583801549634,2.79259036945,13.1957219213,0.607873169312,2024
2025_18_LAC_DEN,2025,18,1,0.90395480226,0.924695216702,0.636376101226,4.60252132853,13.1957219213,0.920066307622,2024
2025_18_ARI_LA,2025,18,1,0.893382352941,0.905942072284,0.832831334909,12.7393389483,13.1957219213,0.895539608387,2024
2025_18_KC_LV,2025,18,1,0.336351875809,0.314056965537,0.279288893144,-7.7189072218,13.1957219213,0.332842718434,2024
2025_18_MIA_NE,2025,18,1,0.872093023256,0.88678013147,0.70879076044,7.25574045126,13.1957219213,0.882959338497,2024
2025_18_WAS_PHI,2025,18,0,0.616438356164,0.58984998449,0.805912056705,11.3869859609,13.1957219213,0.56752983961,2024
2025_18_BAL_PIT,2025,18,1,0.336351875809,0.29868128658,0.472024872032,-0.926086519231,13.1957219213,0.304981426032,2024
