logistic,extra_trees,xgboost,catboost,home_win,season
0.599415787611966,0.5768630998952731,0.4960379,0.5797758334815312,1,2018
0.7741151335332949,0.6757782554047254,0.7349709,0.742254458481343,1,2018
0.1778032960842084,0.14423203463203463,0.097943164,0.1839832383229754,0,2018
0.5020461802173262,0.48526710511710486,0.5950911,0.46003150220304695,0,2018
0.48935583338244637,0.4647588383838385,0.69582963,0.5708562756073237,1,2018
0.7367946585918415,0.561110312563254,0.64286786,0.7043009778582909,1,2018
0.9107263928462588,0.8419675324675322,0.88853556,0.8775895416800673,1,2018
0.6775736359290256,0.6760913863913864,0.3962209,0.49640202725014154,0,2018
0.4341883349252107,0.4612259952465833,0.55347025,0.4474323636504265,0,2018
0.5362723649497662,0.5801439130803829,0.58377945,0.5624453477324332,0,2018
0.4784789366008153,0.5468261413527372,0.60713905,0.7402452417677152,0,2018
0.5275587544570423,0.6562084790465668,0.78990805,0.6939716115428395,1,2018
0.36595247877533293,0.46864069264069275,0.39761093,0.33703874117088983,1,2018
0.6927071891881279,0.6067894161394162,0.5844837,0.5896228782792562,1,2018
0.8219957291057095,0.8120114718614718,0.81886613,0.8350280274623698,0,2018
0.5410797310729906,0.5074671437735209,0.48807684,0.45845419742394866,0,2018
0.352262199507532,0.3758399711399716,0.23364274,0.2651894740936768,1,2018
0.6797630681547504,0.6473821789321792,0.79619867,0.7207613572383796,1,2018
0.32052487684357855,0.32515532800532815,0.3251785,0.29270127074043367,0,2018
0.4873095784848879,0.20069556554556564,0.23468001,0.1215637070902769,0,2018
0.8689222683844089,0.8405970418470415,0.8759848,0.8758240632414535,1,2018
0.4961402807349314,0.5327512758694167,0.5288718,0.45974682912253895,0,2018
0.7732448610830429,0.5303774620243723,0.4652322,0.396301477400931,0,2018
0.5752831928253589,0.56694393939394,0.44137582,0.4181591144714921,1,2018
0.6937099783547321,0.7183988455988451,0.758965,0.7965359463596289,1,2018
0.8061756023218813,0.777821201021201,0.8569808,0.7260686295146279,0,2018
0.840568037214536,0.7918815295815292,0.83903086,0.8668703076070673,1,2018
0.5405264356434123,0.6227936951936951,0.3835202,0.4577669147703388,1,2018
0.6241225468471143,0.4878828985100433,0.5141016,0.5701911243088423,1,2018
0.30721544857706334,0.40970067710067715,0.4801966,0.4271339498280241,1,2018
0.7353832005796955,0.8100934544798726,0.7161588,0.8009248621103244,1,2018
0.3572507260947501,0.3930334436805023,0.34509194,0.3314868843761614,1,2018
0.30737467540830776,0.38681301476301466,0.43778425,0.33264525729865196,1,2018
0.5700669645973131,0.6418037377265181,0.6987871,0.7296115087644364,0,2018
0.8042506908874951,0.7347572649572645,0.6874541,0.750454969674801,1,2018
0.6215610772575156,0.633711791775476,0.5804048,0.664688375424007,1,2018
0.5687630492998741,0.5013833680229484,0.52820057,0.6035267695034252,0,2018
0.6877607422813057,0.7097129292929295,0.80294293,0.7325164352150868,0,2018
0.8056228029679107,0.8506424242424238,0.8966769,0.8582690533246436,1,2018
0.5777335476041622,0.6198499865624841,0.5695011,0.6516000039402257,1,2018
0.8396059474308132,0.8866688589188587,0.9041554,0.8794250892437359,0,2018
0.7221008835834613,0.5621451825951826,0.54361653,0.5966454890813234,1,2018
0.6293998558298313,0.5580674603174605,0.7380112,0.6090659499688642,1,2018
0.6777808167055109,0.42634905356081804,0.35394058,0.33406992035073496,1,2018
0.4146057125126742,0.4530521934764585,0.47553492,0.43454831870849414,0,2018
0.6835782928974046,0.587862954229233,0.62058425,0.6451792234238671,1,2018
0.3123125852075977,0.20053045843045847,0.30732015,0.34155758349339654,1,2018
0.5317681539792597,0.5024533993783994,0.42706436,0.42787371975979016,0,2018
0.7883665140029926,0.6790783549783547,0.511084,0.5332978396846568,1,2018
0.6244769533122759,0.6597823868941517,0.5874057,0.6954665640416989,0,2018
0.3679089013215911,0.526201370851371,0.6073675,0.5796618713082914,1,2018
0.5937769140938425,0.5684558310749742,0.48800746,0.544857280052618,1,2018
0.5230352917568478,0.550675249052574,0.41494715,0.44718229438313933,1,2018
0.6572225295319838,0.7301727987698581,0.8517067,0.8023969198340104,0,2018
0.6561808835406105,0.7906169885669884,0.7020881,0.8021489830390407,1,2018
0.7533465643318444,0.6465601731601728,0.73280823,0.7586577955265241,1,2018
0.46832186230694994,0.5310554550712444,0.7118073,0.6198060817374123,1,2018
0.23852665683008326,0.3270248917748917,0.27204576,0.3081039162259888,0,2018
0.6663053505327278,0.5536179479644674,0.74842614,0.7136992314455973,1,2018
0.7491587442685907,0.6529643769532002,0.7409732,0.6555989188467846,1,2018
0.24377406909452456,0.3291727272727275,0.21881807,0.24022083961092275,0,2018
0.6288414862784145,0.6112092968306203,0.6606823,0.6552761233876877,0,2018
0.2747186139280815,0.36777034632034655,0.31095937,0.3293771142652884,0,2018
0.831740287042322,0.782974490713964,0.6586889,0.7583206003770179,1,2018
0.6117793410332263,0.32943217893217897,0.26453924,0.24287367929420098,1,2018
0.8259896483491179,0.802261761849262,0.85833275,0.8165332796616956,1,2018
0.6545572394182628,0.6602118279381433,0.6824601,0.6304286878587259,1,2018
0.13761856602038697,0.10814884559884565,0.10034942,0.10710223000053454,1,2018
0.5085786909023966,0.606984235683524,0.62321895,0.598302618634522,1,2018
0.8403269942954039,0.6797221500721498,0.7984017,0.7974854142548766,1,2018
0.7021474107569958,0.5149077922077924,0.593301,0.5578315186218316,1,2018
0.6088512582735949,0.5462250972544412,0.61747676,0.4946851761973019,1,2018
0.6958160709420134,0.6376044276378179,0.7006272,0.732527612606323,1,2018
0.47580812761619473,0.5630075672960916,0.5756598,0.5265688894435243,0,2018
0.402632086315151,0.25744335109335126,0.17147882,0.11247311414383299,0,2018
0.639570129374379,0.6933187590187588,0.684804,0.6268594267427462,0,2018
0.3938198827343519,0.4903303611421259,0.5570852,0.5217761856582748,1,2018
0.7375404157375038,0.7505559884559888,0.7945138,0.8415980022422102,1,2018
0.3759782848599368,0.4988509023054689,0.6497006,0.49355809734889117,0,2018
0.5110429674571065,0.5687707373723627,0.50341654,0.6235911766944474,1,2018
0.5279488748190873,0.4806633477633475,0.552853,0.5771993486157384,0,2018
0.25938986085226695,0.33220252525252536,0.28018242,0.3259424000472927,0,2018
0.5109915060117036,0.5416037518037516,0.45782173,0.5424325167836773,1,2018
0.35191424021467055,0.4596155122655119,0.6685365,0.49294831799104866,1,2018
0.8259746006856052,0.7543343767343765,0.7637509,0.7969101147555219,1,2018
0.6554063062065444,0.48036101186395314,0.42000893,0.3378368355268136,1,2018
0.44912652153252336,0.32685445928194895,0.4428367,0.4368481485264129,0,2018
0.47073339650236473,0.4374870844360317,0.34976137,0.38597607247557925,1,2018
0.20633321286526562,0.09991384856973097,0.05160312,0.05284327717520499,0,2018
0.6166584883634271,0.5208491616907106,0.5022629,0.6045631430496231,1,2018
0.428586272107201,0.5250875847984546,0.3966803,0.4234055262428915,0,2018
0.581559116153984,0.4617154401154401,0.4997598,0.3886684305872229,1,2018
0.5937644446493103,0.49671676114960667,0.54031146,0.4756467589375232,1,2018
0.5833176427032138,0.6057350879616836,0.6704158,0.7107059926094064,0,2018
0.5289262014044966,0.48739116034292534,0.53113246,0.4378686747314095,0,2018
0.5672506441028935,0.596118831168831,0.4669201,0.4469317578013915,1,2018
0.5434214748130902,0.5440451492951494,0.446066,0.590115405195432,0,2018
0.5673320277360138,0.5998481529581534,0.7257238,0.63082873135563,0,2018
0.33717387638941293,0.4293588362857587,0.49410254,0.48673200718989856,0,2018
0.6666272260657935,0.5963063927797972,0.4961049,0.507444776753589,0,2018
0.8247358433014071,0.6648945360195359,0.5702259,0.5348890925809433,1,2018
0.5798446739667168,0.5553854978354976,0.45246604,0.5831572899277655,0,2018
0.3483712278496084,0.23569069264069262,0.14408855,0.1892509240223401,0,2018
0.4762693574480778,0.5200460719056644,0.7008158,0.6039630092347448,1,2018
0.7939745543935248,0.8175632034632027,0.82475764,0.8671808669732093,1,2018
0.6628003780165044,0.8798861471861468,0.8925685,0.8951661713699385,1,2018
0.7037528332403683,0.8280914862914858,0.9036714,0.8886029640206315,1,2018
0.5229179678574787,0.6223914502164498,0.6044849,0.6303350656230864,1,2018
0.5808800315018923,0.5697297202797204,0.7332339,0.7037846007050902,1,2018
0.7177096962902266,0.7214546731046731,0.7616878,0.7228542820244102,1,2018
0.644258400438856,0.5028625421800427,0.58779913,0.5158104784483943,1,2018
0.42362512667419644,0.6468145370758271,0.70208937,0.6391032519760819,0,2018
0.8637523790878776,0.8677756854256853,0.9149958,0.8916862008150881,1,2018
0.5311754279243097,0.48569303460490904,0.31812268,0.3966206895638672,0,2018
0.9278056577868421,0.8375362193362189,0.86935544,0.858678954085761,1,2018
0.5691532599470464,0.6046487083570644,0.535366,0.4965915769882269,0,2018
0.35626903107819935,0.3906634199134201,0.32718363,0.2775573806908827,1,2018
0.9089680815068758,0.827803823953823,0.9138584,0.928325761392978,1,2018
0.5977687973017516,0.5823723665223665,0.5348998,0.6535119049670434,0,2018
0.3408651783426144,0.3759046065046066,0.38713735,0.33269129267628184,0,2018
0.20345759335668545,0.13790259740259742,0.08780583,0.07742080522503507,0,2018
0.5349091329215099,0.5707090368510438,0.6316518,0.6057731323529556,1,2018
0.5176123221157035,0.5425821480806774,0.45602128,0.5403780882856078,0,2018
0.26077001915479675,0.28268138528138526,0.18226123,0.1250522853980487,0,2018
0.8301711760652718,0.6492005050505048,0.733974,0.7239432559797453,1,2018
0.06222589446158487,0.23063196248196255,0.10171924,0.40649842579586093,0,2018
0.5797102999153432,0.5715729472110279,0.47700283,0.4596804364686311,1,2018
0.716314391529422,0.5719388888888889,0.65936524,0.7083594396590281,1,2018
0.5194797069351546,0.516628354978355,0.5099974,0.5665219734452012,0,2018
0.5654658744306656,0.6285427072927078,0.66315836,0.5741004294015578,0,2018
0.6408754147575283,0.5299568482733382,0.5016416,0.4983242305741463,0,2018
0.5579228122117886,0.6279713341836715,0.6493605,0.710595287483106,1,2018
0.8811278516772972,0.8541333614098318,0.89575714,0.8637733805953903,1,2018
0.6253177708498627,0.6576855879627617,0.692564,0.5879332908857499,0,2018
0.6920029259044765,0.6001345951372236,0.60962635,0.6190104850576474,1,2018
0.653991702579438,0.6718068542568545,0.68621105,0.7119873990588017,1,2018
0.38528677929914723,0.2796518759018759,0.10390387,0.2206784351189126,0,2018
0.1586255360350444,0.15791486291486304,0.0644945,0.10235367988426138,1,2018
0.6433706042117163,0.7829050505050503,0.68361974,0.6685490103627267,1,2018
0.9311243315192143,0.847662337662337,0.8448832,0.8547062260906532,1,2018
0.7244507807915896,0.6668138139638135,0.60049164,0.5972146719316759,0,2018
0.45110970129817174,0.47197552987947716,0.5682489,0.49145384724288216,0,2018
0.3373849712682088,0.2868924242424241,0.4113771,0.39101586947613426,1,2018
0.3382499796474109,0.226369040479615,0.30380264,0.310889195421013,0,2018
0.6848097116432365,0.7077720196470193,0.61170334,0.7246666119944508,1,2018
0.795002926854843,0.7978478354978349,0.7675044,0.8267201421354277,1,2018
0.7465207627090434,0.7380518759018756,0.82429063,0.7508143137369425,0,2018
0.6179087602567465,0.6437957475273264,0.86393094,0.7601263202795757,0,2018
0.5589874671970638,0.6639613190197584,0.7207435,0.7233988318014107,1,2018
0.7310495395004126,0.7748178210678212,0.82432854,0.8119994272634729,0,2018
0.7152003806162949,0.6287551948051948,0.775561,0.7133695238989153,1,2018
0.4417259375512225,0.49035200309494426,0.7643223,0.5976427608897803,1,2018
0.5188509360064675,0.5403051110725023,0.46132174,0.5950044309566054,1,2018
0.2017588699576665,0.3945837273837272,0.44619915,0.44060622099881214,0,2018
0.5464539904763941,0.488779555167055,0.461433,0.44527382190754233,1,2018
0.5814362420824323,0.5063636227223067,0.60088295,0.5647210903777745,0,2018
0.6168036884362535,0.7648350405042968,0.82777476,0.8013962898544266,0,2018
0.7622348370643924,0.7887303631852013,0.7949246,0.7759242374154458,0,2018
0.7529737362772665,0.8267054112554109,0.7795223,0.8582135110660387,1,2018
0.5640240658487189,0.6112369040520201,0.635985,0.6779901538779378,1,2018
0.4890370769003508,0.5154220105820103,0.6275042,0.6394218653804081,1,2018
0.4713790847750428,0.46716480186480214,0.5929383,0.5058511119320075,0,2018
0.5346495896624344,0.6630099063958115,0.6763312,0.7087996977771129,1,2018
0.8348713980290312,0.8873325396825398,0.8867783,0.9243655094629712,1,2018
0.7970398900864123,0.9427361725160953,0.8935233,0.8591708234150284,1,2018
0.5637388406689061,0.4682016983016982,0.35336086,0.3579400035867134,1,2018
0.7340115612926147,0.5951718532205784,0.6371407,0.6520387076373777,0,2018
0.6419993118037007,0.6625480436230432,0.7395154,0.7210083330978604,0,2018
0.15932142801671714,0.16501515151515164,0.17001434,0.25860581564964474,0,2018
0.7453828787474771,0.5821469583718063,0.7382598,0.7225208298761802,1,2018
0.5006365582460118,0.5540479649979657,0.48117375,0.4737693320357515,1,2018
0.8879557679728686,0.7755567821067818,0.8738371,0.8352616883262726,1,2018
0.2237683737468308,0.2184736541236542,0.26684147,0.25493651947900603,1,2018
0.7170135324259161,0.7002480130980129,0.6043732,0.686011098482486,1,2018
0.6204592060403445,0.6164831168831167,0.74505895,0.8250195863499628,1,2018
0.5405396561658861,0.639821528218943,0.5638674,0.5919061652634221,1,2018
0.18442390653436355,0.1531138528138531,0.10346043,0.08994601212474736,1,2018
0.5677345385833374,0.6144910422910422,0.70938164,0.7033228579412926,0,2018
0.5026745253941821,0.47155874125874137,0.7049107,0.5686477016161765,0,2018
0.3020476716938412,0.23712467532467532,0.11036333,0.1389974632321332,0,2018
0.7835614990375898,0.7634336219336217,0.85365343,0.8276226641420187,0,2018
0.6721873162286999,0.6941718218979087,0.80954766,0.7276417942298791,1,2018
0.3891117548648863,0.46774985569985544,0.49020916,0.601314551583698,1,2018
0.5354931353764081,0.5962701550083905,0.7354278,0.6636219517991228,1,2018
0.31956623999797823,0.37582790764790763,0.40086246,0.3838863359489846,1,2018
0.36262683356974934,0.3597119325119325,0.46964693,0.3710870460365604,1,2018
0.19249364213955114,0.27651156679746625,0.3278613,0.32272184515871827,0,2018
0.8482011698043392,0.8050725441225447,0.9188954,0.8198884247981855,1,2018
0.6306958154605052,0.6316426406926403,0.7118972,0.7862506944592462,1,2018
0.7601602156658059,0.7632245310245312,0.82089365,0.8357981768907795,1,2018
0.5403169917442557,0.5282284132798596,0.6999432,0.6440579872690754,0,2018
0.649234258097222,0.6196228715728719,0.62498736,0.5772338703235029,1,2018
0.6572870798838979,0.5592054223554224,0.35964683,0.3715819698668724,1,2018
0.8089004459087629,0.7187030303030298,0.8340435,0.8424435577386432,0,2018
0.36412027874932906,0.41564620246925754,0.19637209,0.25195124607023023,1,2018
0.5475316239906354,0.5539221686537875,0.6674838,0.5660843046363688,1,2018
0.5754394775498355,0.596530845295056,0.40727487,0.47718759006251643,0,2018
0.7861868357661567,0.6610781385281383,0.65521675,0.7275530286112736,1,2018
0.1600434814478218,0.12841255411255414,0.16471732,0.11546936673003595,1,2018
0.163573206199545,0.2149631313131313,0.13521995,0.18267850862335194,0,2018
0.6861046256612303,0.4757616605616606,0.4826928,0.5625865057248176,0,2018
0.8360752375224914,0.8435963924963928,0.8930617,0.929056616376962,1,2018
0.29883261070313205,0.4539010378510378,0.4112399,0.38434947858966767,1,2018
0.4024495441283509,0.4162572380338341,0.30927202,0.3962480435463884,0,2018
0.6015393937623629,0.5822550654760734,0.67231506,0.6852696217801398,1,2018
0.21921850045361227,0.3433129773296209,0.33440867,0.3387803694227723,1,2018
0.37268389860654316,0.5160839826839824,0.47373667,0.4544664373019853,1,2018
0.5091879280708977,0.7227178932178934,0.8041923,0.7063633222655706,1,2018
0.6651680737751176,0.7008400030525026,0.68781585,0.6658465931673676,0,2018
0.3230990195153636,0.22603138528138536,0.10133793,0.0725791035767609,0,2018
0.632072729889442,0.6274489853855297,0.6280322,0.6453685240521316,0,2018
0.8199333324751445,0.6796936868686874,0.8696539,0.8977030625956905,1,2018
0.7837416220040507,0.557648268398269,0.48304713,0.5452703440011746,1,2018
0.5489105196225106,0.5830734660234659,0.70548326,0.6185701826687476,1,2018
0.6159377694361448,0.5100262626262632,0.70645857,0.5514856487715228,1,2018
0.6205389793839177,0.5355345902204233,0.7331206,0.6796296896786332,1,2018
0.43274692569998163,0.5169888777888776,0.4064988,0.40461121507576414,1,2018
0.6291816927933472,0.5903127677061502,0.5440953,0.5721243925705867,0,2018
0.7880074756089304,0.5821533189033192,0.6292657,0.7127802115364503,1,2018
0.4686737648801497,0.47686879429243245,0.4406314,0.5132517485744988,0,2018
0.33535461428235813,0.35150357420357403,0.3145173,0.29891197820441917,1,2018
0.49376087683931,0.5259086802086801,0.6262749,0.564769168902991,1,2018
0.6585533568259408,0.6914783549783544,0.72869307,0.7776586555358597,0,2018
0.3831987441195596,0.3792905483405481,0.42692125,0.3401266268777043,0,2018
0.7544914419362555,0.7290866762866763,0.4771638,0.738322349871789,1,2018
0.6290028757558966,0.6601561327561327,0.7507589,0.7604545306104112,0,2018
0.4755594007099339,0.5415151510311397,0.5845545,0.46653848860747904,0,2018
0.44155343611480374,0.5591993999464588,0.46790645,0.5843116160619137,1,2018
0.7442611037630064,0.6094560563197117,0.7184952,0.7193853355452654,1,2018
0.30940135462368473,0.5051809523809522,0.55841607,0.4725969088819485,0,2018
0.6872128806733934,0.7563885281385283,0.7629014,0.6756913947447771,1,2018
0.6086517882155877,0.5712914141414146,0.6644331,0.6164782641324894,0,2018
0.8580123720467969,0.7570892496392493,0.8130831,0.8031530422591312,1,2018
0.3607475944185738,0.33120288600288633,0.11095678,0.21422459101659222,0,2018
0.7954602233166548,0.5871053487448228,0.8198753,0.6403764229545047,1,2018
0.11758288876516595,0.13477871572871578,0.059769742,0.09181514244094513,0,2018
0.30541222082213254,0.43378930180930164,0.500576,0.47550118905256294,0,2018
0.7790572976374932,0.6428633477633481,0.5667149,0.5995072772233782,1,2018
0.5667238873467979,0.317857613731298,0.22676778,0.20369006827157088,1,2018
0.3560047697086962,0.36862640435805466,0.32444757,0.3654910742885962,1,2018
0.5094681940143837,0.6337024709787656,0.6667057,0.6201258229574103,1,2018
0.6909578291663506,0.7651634199134199,0.7751312,0.8866107782293947,0,2018
0.7108457352373396,0.7323643578643574,0.70280397,0.804254230596676,1,2018
0.8275704353065384,0.7098551171051171,0.75838333,0.6431765295054495,1,2018
0.881939083051272,0.8198950577200583,0.78706694,0.8583659565601152,0,2018
0.41545508543367604,0.43436291715530834,0.49771553,0.4472291409028201,0,2018
0.38034312237294265,0.46528047719738147,0.5260112,0.4467638727190532,0,2018
0.8312271699060081,0.5414734487734492,0.6709703,0.5814078884890372,1,2018
0.3812849561308927,0.22095815295815302,0.18478265,0.27944831398126685,0,2018
0.8706941724183873,0.8945641315926222,0.89200664,0.8638533753700861,1,2018
0.8829551407699957,0.631152453102453,0.8091606,0.7182969123821165,1,2018
0.6839717357966603,0.6023128489560128,0.7520297,0.6550651321186433,0,2018
0.7819379340095093,0.876316766566767,0.7893072,0.8492151105927297,1,2018
0.8812344165282014,0.8712284992784993,0.8853941,0.8915814777752219,1,2018
0.3316031377703067,0.3966352147852148,0.29397067,0.2768747542974063,0,2018
0.6556889780793699,0.44997374406591806,0.55259275,0.5152912887201,0,2018
0.7413667821141443,0.7276709956709958,0.71852034,0.6184588909264791,0,2019
0.3922878872371348,0.39792305472305484,0.43073088,0.3938511786605998,0,2019
0.5887690391085314,0.5451591991341993,0.7043181,0.6366813086081687,0,2019
0.26869722657595485,0.27981630591630596,0.2971902,0.32687560089792056,0,2019
0.32437946149630026,0.2534039682539684,0.24093764,0.24561207572267005,0,2019
0.5416588579153183,0.5534572150072153,0.65400755,0.6762121895628096,1,2019
0.6256825732100996,0.47243954656454634,0.5485605,0.5644741224736349,0,2019
0.8337139401055772,0.8104088023088024,0.8098887,0.8379954231669132,1,2019
0.634941533511481,0.45717730160869524,0.4737576,0.5123223066459428,1,2019
0.8507543275933092,0.8336841991341986,0.844233,0.862299772620902,1,2019
0.3200999382845938,0.27820759240759246,0.15985946,0.11396713837803345,0,2019
0.6393555395016935,0.6544972267841883,0.6687609,0.6919998811147985,1,2019
0.6181907231461373,0.5157106766814198,0.38996422,0.48312045973504564,0,2019
0.6598358953719873,0.526844915409956,0.5597545,0.5301565159809727,1,2019
0.6255447277816327,0.6201447843470348,0.68743235,0.752593394487608,1,2019
0.49822053547706097,0.3492318698892646,0.51464903,0.5131785770231468,1,2019
0.6786199451903053,0.6833450937950938,0.63863546,0.7171751609247214,0,2019
0.9303871107390567,0.884937518037518,0.8697253,0.9253418682991013,1,2019
0.4560340898908999,0.46638373883598316,0.37785292,0.3670268505838069,0,2019
0.5163156540547075,0.47494938884644755,0.47053322,0.5059920559426945,1,2019
0.5258390249963866,0.5023736632236631,0.4827832,0.32642999634755326,1,2019
0.7285489278578366,0.7625669552669551,0.6620664,0.7722921525820874,1,2019
0.257813734519932,0.18058578643578654,0.09139836,0.09740049943550592,0,2019
0.5882006480424763,0.5815738095238098,0.48286584,0.5669477282104337,0,2019
0.6861127794638694,0.5938145937395938,0.7011512,0.7212496194270521,0,2019
0.5752838873813437,0.422914862914863,0.5277211,0.5109799200071028,0,2019
0.41101003504515493,0.4487665945165943,0.59580296,0.425090239630189,0,2019
0.38166526296719483,0.4370868029608232,0.36536872,0.4024760680775926,0,2019
0.41162423603526405,0.3518707237207237,0.35175312,0.2923777882866718,0,2019
0.6843557605946907,0.6202029470529471,0.5493775,0.615100473371751,1,2019
0.39696213848341094,0.49043641358641354,0.27827635,0.30770372112212035,1,2019
0.6255372796342867,0.49621625041625045,0.56163394,0.4477124396402421,0,2019
0.46148387329431595,0.33353383838383865,0.34853697,0.28310031129945,1,2019
0.668511108975548,0.74252369257625,0.80523443,0.8196931447085973,1,2019
0.8324732779728116,0.8449870129870131,0.86049473,0.866138894867188,1,2019
0.6068287600225262,0.6319743829012402,0.6213933,0.6932400445547713,1,2019
0.6780930753944555,0.7814174603174604,0.7027671,0.7458356853064928,1,2019
0.7476422547704837,0.6248487734487732,0.5757597,0.8286749190565366,1,2019
0.7274707005252672,0.8286393947723335,0.72380775,0.7237767699678518,1,2019
0.8824435516881469,0.916819408369408,0.89322287,0.9512004632480648,1,2019
0.775968033809965,0.7818400183150183,0.86585265,0.8255451839008212,0,2019
0.32697057170915056,0.2866706349206348,0.24558783,0.26653248741721913,0,2019
0.5805868576059803,0.6771982651124961,0.7362221,0.779839431179796,0,2019
0.6705211554895352,0.6478101491095405,0.6684357,0.6443299629856232,0,2019
0.5365874509205892,0.6111803174603176,0.42776144,0.5921447587930201,0,2019
0.5828312641063421,0.5215065251481211,0.5829482,0.5239236344190867,1,2019
0.3410787489612396,0.3184697080697084,0.21164553,0.3377067974815795,0,2019
0.31783836466398363,0.2096784271284271,0.19017845,0.1526438962152816,0,2019
0.46116301533191156,0.40192958152958175,0.21742839,0.31821178267392713,0,2019
0.6442390756287691,0.6416729810419468,0.5884059,0.6383918031278121,0,2019
0.871533040348264,0.7484544733044727,0.817117,0.8557377293917816,0,2019
0.19165841900120312,0.25095165945165954,0.16742167,0.0926789124006519,0,2019
0.27030954942407753,0.4356640692640695,0.5122617,0.5473412838798672,0,2019
0.5341327901418841,0.6662999661596011,0.48357743,0.6256422543216483,0,2019
0.7073165095276227,0.7457457238620142,0.80127966,0.7765339106125682,0,2019
0.2646951763016832,0.18305303030303036,0.19518147,0.24615389722806802,0,2019
0.5267427759058638,0.6366417748917748,0.68928105,0.7100877273020197,1,2019
0.3567097586327162,0.44183767898767873,0.5687338,0.5735583831884263,0,2019
0.8352586590930381,0.8252262626262622,0.8611707,0.906914203592058,0,2019
0.6312068613350025,0.6598074953501274,0.6072639,0.6982549043605123,1,2019
0.4040601146589392,0.49208146020646004,0.3953712,0.4980425035399578,0,2019
0.6568407825034085,0.5678362678860228,0.60304034,0.6149150934922707,1,2019
0.7284737585170655,0.6755586083507136,0.77528495,0.7808527030323011,1,2019
0.4740045600373904,0.5634203630113396,0.40332097,0.4082237335161273,1,2019
0.7075704793681381,0.6629486500954244,0.6483846,0.7721740959839871,1,2019
0.5117813038296506,0.5925297633738809,0.7175587,0.6744820997445585,0,2019
0.5132713630678399,0.585588672438672,0.740092,0.7981336442292434,1,2019
0.7852357207939172,0.6210502696143164,0.7270125,0.7094770685044287,1,2019
0.5563329320645624,0.6348149350649351,0.6102994,0.534036805089108,0,2019
0.4320568256206371,0.4484770284020686,0.36874878,0.38655753438661566,1,2019
0.747528556643963,0.8314343434343434,0.8247248,0.8930959264848024,1,2019
0.5705664228088406,0.5395581529581532,0.6225537,0.6036882184623984,0,2019
0.6445296843801869,0.609912322318205,0.7718291,0.704017104080227,0,2019
0.23061740171949338,0.2811772005772008,0.2300748,0.11210475551082373,0,2019
0.8179509512983344,0.8684919628680496,0.7604167,0.7521936531277608,0,2019
0.7828704734011083,0.7033434343434344,0.8408594,0.7525666971572766,0,2019
0.8094648307532336,0.8267562496327197,0.87452906,0.8371168367765408,0,2019
0.8297110335353477,0.5681178844819821,0.4812621,0.5273061329412541,1,2019
0.8761060848799251,0.8088440658126426,0.7138293,0.612506823357851,1,2019
0.4739382568044337,0.45296981906981887,0.39527828,0.4502286066230029,0,2019
0.7794845323464691,0.8037020923520922,0.8745815,0.8640197114047754,1,2019
0.22384428045295704,0.38315333555333553,0.39129585,0.3798941983301004,0,2019
0.347752197520346,0.3019773726273726,0.15177862,0.16901653366355934,0,2019
0.7615883758722307,0.7768816738816737,0.8000998,0.83503197662928,0,2019
0.41586313587882645,0.5103187867687868,0.38144556,0.5682823550162868,0,2019
0.6837165942216737,0.42104233814233805,0.4325834,0.4078403360860295,1,2019
0.29663982868218486,0.37845006660006636,0.25088516,0.3065043844125381,1,2019
0.6528844009931611,0.6807000389791085,0.5977904,0.8066074216331601,0,2019
0.4132927383244893,0.5124641996891997,0.5619475,0.5253901879241821,1,2019
0.17209282771131498,0.19724862914862926,0.15503493,0.16567508147520124,1,2019
0.6368195660057264,0.6250639310611142,0.7400776,0.7215296124838586,0,2019
0.48913680766057355,0.5868621212121211,0.3405544,0.5812687494817663,1,2019
0.31756671302374834,0.376992846042846,0.2510847,0.21665585342736232,0,2019
0.48553272615000287,0.5105282106782107,0.6783937,0.6518352343324524,0,2019
0.8299273787356254,0.8395730880230874,0.857977,0.8877737773817036,1,2019
0.4950669534258089,0.40094790764790755,0.40101817,0.34445160910305006,0,2019
0.3821669919892049,0.44939440836940847,0.4832838,0.4075869551392328,0,2019
0.6531716926780388,0.7386015146596513,0.6611821,0.6454759191223021,1,2019
0.6760567568815653,0.6842633189033182,0.74917364,0.717872992515259,1,2019
0.6952665816846888,0.5372179181929181,0.4862678,0.5371803591389783,0,2019
0.23639988602633188,0.18728549783549794,0.09260697,0.04219854752157003,0,2019
0.5351938413870302,0.45190320773997283,0.22622919,0.35781674427763677,1,2019
0.6790352841961709,0.5183231934731937,0.6091118,0.6240996139925897,0,2019
0.7604237351059402,0.6048214524038052,0.6544484,0.661562742364086,0,2019
0.6434395826794154,0.5424516796799693,0.49783692,0.5284801112188025,1,2019
0.12401399497241275,0.2048321067821068,0.10577533,0.07669888281242128,0,2019
0.9100486200637438,0.9111440836940835,0.8788602,0.911758541364839,1,2019
0.35377806801673956,0.3223970224220223,0.3401341,0.45340851209367206,0,2019
0.5572212324292876,0.5877113275613276,0.7663658,0.6723344824438261,0,2019
0.6477686815138601,0.7032787157287157,0.63182354,0.6970013785067739,0,2019
0.7422343814854858,0.7528718614718614,0.7349341,0.6982935056048604,1,2019
0.8120682467443019,0.8404285714285713,0.83448726,0.8622121222607196,1,2019
0.8025760775161594,0.7499898268398268,0.8051109,0.820190267388945,1,2019
0.8476720240064484,0.8975729437229435,0.89738005,0.9314417649263088,1,2019
0.9434981396710196,0.8131284271284271,0.8762671,0.8490705416110078,1,2019
0.6913682855396943,0.610763026345635,0.56063104,0.5742961257808941,1,2019
0.5961504126437439,0.6034861563361567,0.58185625,0.6024223018728323,1,2019
0.7232060633533369,0.8217135336465884,0.74253607,0.7301534873092123,1,2019
0.8510539064215105,0.764775961293608,0.8037977,0.7685865622825995,1,2019
0.7673133907567723,0.6131812855103553,0.61726564,0.6545898337551042,0,2019
0.9065627003968647,0.8839751082251078,0.93895215,0.9262795925339055,1,2019
0.2926209916098862,0.21896810966810973,0.07266992,0.032169467056761776,0,2019
0.36931331954795915,0.3780067821067823,0.36378032,0.4089817995919696,0,2019
0.721158478571359,0.7518628427128432,0.8574983,0.872136973872761,1,2019
0.6152720761122071,0.5390401875901879,0.43413037,0.477592156977205,1,2019
0.5482894698063349,0.523727935952936,0.54161024,0.41537090699428947,1,2019
0.5890324763400085,0.5896914518230307,0.60664827,0.5540511062158252,1,2019
0.6594127092969294,0.6420131224984165,0.7515082,0.7300760814090068,1,2019
0.591245484021087,0.5525788600288601,0.50072473,0.5260724633208401,1,2019
0.48904892156476065,0.4355843311141314,0.42045403,0.44156583303425057,1,2019
0.7451771350191462,0.7310922484378359,0.61445063,0.7312974005450005,1,2019
0.562357842986076,0.5342050943907352,0.46226192,0.49052709925678717,1,2019
0.6284344788115787,0.6175886724386721,0.7535538,0.6295896672234215,1,2019
0.38947186437790565,0.5617769119769126,0.5314606,0.5826461607557394,1,2019
0.20188537195223552,0.32383549783549787,0.079576306,0.2017720817194184,0,2019
0.5100054422445666,0.385272072422381,0.460708,0.45137731565975775,1,2019
0.4649355807487426,0.6154113275613272,0.68155545,0.5842856194101127,1,2019
0.23275693269955058,0.15953910533910534,0.1702472,0.2099630550122904,0,2019
0.5892287535389463,0.42203780875986774,0.30893213,0.4176109878610869,1,2019
0.9136443800674835,0.8332660920778564,0.86481065,0.8836983672341666,0,2019
0.5030713603275461,0.42358841991342017,0.5413499,0.5044115690789609,1,2019
0.5935808035701939,0.5822646103896101,0.40231627,0.5654271758466756,1,2019
0.42421780998380215,0.4988684704184705,0.5854063,0.49549359779141455,1,2019
0.8496597014113577,0.8809134199134193,0.83672917,0.8383641632838569,0,2019
0.5415069490823795,0.754369913419913,0.7584306,0.793959002494787,1,2019
0.4371452176962601,0.39717662337662346,0.31743813,0.3752837661385063,1,2019
0.6339639173367019,0.5381316951022833,0.6337245,0.5693586438594296,0,2019
0.7091249894584817,0.6799164502164503,0.7556052,0.6667425931533371,0,2019
0.5728051581869893,0.4447616161616162,0.64878017,0.5414436720071093,1,2019
0.6025249406129676,0.5967041514041516,0.6079697,0.6180375116036653,1,2019
0.7773444478064018,0.567868864468864,0.5695616,0.6650329850217027,0,2019
0.39436922666298263,0.3891476967476965,0.5925395,0.4345816167940209,0,2019
0.7415544433520589,0.5922786713286706,0.68658566,0.7206062738730765,1,2019
0.26914357586943044,0.3967949605949604,0.18980093,0.31407784540215844,0,2019
0.8484648699642581,0.8548372294372293,0.89679205,0.8491007560929333,1,2019
0.2540501891326949,0.37453826728826733,0.3764843,0.41164746010590686,0,2019
0.5985941890853703,0.5575370451186246,0.60812795,0.6235741061791574,0,2019
0.8036422801673503,0.8152146797646791,0.8034983,0.7975721590721215,1,2019
0.6718046003122227,0.8983587176695644,0.8216392,0.8110616345362343,1,2019
0.36600090153259623,0.44230954640447023,0.32604885,0.4624966631015883,0,2019
0.718691413554373,0.6215978909978901,0.7026904,0.6636239485879832,1,2019
0.465823021160061,0.4740467976467978,0.44096097,0.3561921485335168,0,2019
0.5955442751910447,0.6476824619824624,0.8223261,0.7886279485251376,1,2019
0.6419432822283094,0.6878677368383248,0.6521839,0.7126118883263065,0,2019
0.7238674437867215,0.6949245865245866,0.61615807,0.6538559375159858,1,2019
0.7831778830095991,0.7569794502882738,0.84254146,0.7618833504133962,1,2019
0.21985560809159296,0.3348948051948053,0.2892962,0.19631424277424117,0,2019
0.7563150702998428,0.7345504689754689,0.7330919,0.7412921106416958,1,2019
0.7523916789558542,0.799596969696969,0.8299096,0.8602141891901088,1,2019
0.4766156412191732,0.3596748631755789,0.37386823,0.41081503318463736,1,2019
0.6107640867529776,0.5096808497058494,0.59862167,0.5344244997756652,0,2019
0.31368920041141174,0.396916064491065,0.45286596,0.5496458703925856,1,2019
0.7139706132096799,0.703389264983383,0.7925325,0.8148032495606355,1,2019
0.7661808474216054,0.560551082251082,0.7110006,0.7195894144522036,1,2019
0.5177967483555859,0.6415341991341988,0.6815891,0.7708076882815686,1,2019
0.4097333770930838,0.5063879953379959,0.5304101,0.542212585607241,0,2019
0.5464771352480673,0.5668340548340551,0.6738875,0.6014020027460313,0,2019
0.7305116451818042,0.7218794427794428,0.8616843,0.8134459578229396,0,2019
0.3166689470899067,0.27301507381507395,0.2867502,0.35399904591018044,0,2019
0.8161287015648557,0.7753906204906205,0.78239447,0.7734449951456545,1,2019
0.8595441262024819,0.7726712842712847,0.8815647,0.7912940767203015,0,2019
0.3309798394171303,0.2534772005772008,0.25926876,0.158032936166964,1,2019
0.5048956033301629,0.503013641913642,0.5269233,0.5929857861985841,0,2019
0.5253321653210925,0.44553023088023114,0.59156007,0.5663445246454927,0,2019
0.2413407017320625,0.24728585858585855,0.27103618,0.24728937111430865,1,2019
0.18156820057243386,0.28336053391053395,0.28462145,0.2963139501893578,0,2019
0.6633987092624308,0.556354906204906,0.64026135,0.4780410689182008,1,2019
0.2994274029445348,0.4444573593073594,0.4017623,0.5379993718907347,0,2019
0.3200863062002469,0.30486255411255403,0.21403638,0.2949687214212591,1,2019
0.8008980399560253,0.8228022254331133,0.76739204,0.7057123256884209,1,2019
0.5028961958719856,0.5305804861804865,0.69446325,0.6375858626496821,1,2019
0.4802896111074152,0.5340597402597405,0.42011738,0.43364525787141756,1,2019
0.4796407612656522,0.47511867755900017,0.34128508,0.45356936697751893,1,2019
0.5588727172245669,0.48432228549240647,0.5286683,0.5170058534528638,1,2019
0.3216808524788313,0.2973215728715725,0.2975947,0.35493980353850957,0,2019
0.7953899551789242,0.8456941404290501,0.8819747,0.8517279133139818,1,2019
0.91755018448647,0.9058314574314575,0.95583206,0.9329533070334299,1,2019
0.8438353941772383,0.8222113997113992,0.77240664,0.8495901653027031,0,2019
0.7513476724846022,0.8081336774336771,0.8239449,0.812502148727184,1,2019
0.5161024026487278,0.6047089897031073,0.7270188,0.6937495244859321,0,2019
0.4574976444233155,0.5646453823953822,0.6113618,0.6272514445059065,1,2019
0.5415773067819123,0.5967095127095132,0.7145275,0.7144257999162986,1,2019
0.23042797956517327,0.3021919913419913,0.36471128,0.30834228138722386,0,2019
0.2838466713840954,0.4332134615384617,0.40750238,0.3755154580880517,0,2019
0.5716017114231924,0.537485064935065,0.69427544,0.6950041496382269,0,2019
0.4717777666052954,0.3522421936561173,0.42421478,0.3961896727802266,0,2019
0.5703936790570742,0.5133730907980909,0.6543615,0.7027950975701287,1,2019
0.8549133766600014,0.8171549062049059,0.85030043,0.8411655982005234,1,2019
0.9538695609151838,0.9070248917748918,0.91468865,0.9260168515312357,1,2019
0.4310345610169745,0.4144544364785539,0.50682527,0.4188390293065484,0,2019
0.22198613080819027,0.33854940059940053,0.39598358,0.3187626849966523,0,2019
0.4577197806419098,0.32518588263588294,0.26549804,0.23744749409609478,0,2019
0.5253982941756611,0.6119134920634923,0.68281245,0.7843145347206688,1,2019
0.8217813273893334,0.7903734977440856,0.8309154,0.8483742206024892,1,2019
0.4258641504948838,0.4406083456017669,0.45124516,0.5606226108847829,1,2019
0.5825007455931515,0.6216221949957802,0.6598013,0.6032630800979824,0,2019
0.1941212380207496,0.24298239538239547,0.14682782,0.21710520868018057,0,2019
0.3908294477022986,0.2932510822510822,0.24961373,0.18966644594664397,1,2019
0.5865318528998545,0.6065040456619403,0.5396631,0.6274531783369567,0,2019
0.6027568125961362,0.6466460099054736,0.6338488,0.6838468009862998,0,2019
0.5172944427189441,0.5079098280946106,0.5783434,0.5819646057350709,1,2019
0.8579916254281043,0.8320795815295811,0.87772894,0.8496356534800542,0,2019
0.5589206425437253,0.5779806637806636,0.6814827,0.6958266702063767,0,2019
0.7826692598453715,0.7918549062049057,0.922435,0.8639037719673336,1,2019
0.6405721426415237,0.5721036768786771,0.57217926,0.6589136209019222,0,2019
0.6084004935128442,0.6237583755055581,0.7831758,0.7513365380471617,1,2019
0.7104272880816708,0.6428076508366899,0.7247621,0.7044741431221598,1,2019
0.7889740948677239,0.7274609668109673,0.78260005,0.8347239513008564,1,2019
0.19012421391300174,0.2217823953823955,0.23773414,0.26100137732642814,0,2019
0.5769214204530607,0.6332073093573094,0.5786717,0.719362926925634,1,2019
0.6530288018340598,0.5603399267399273,0.7111866,0.6574098904183866,1,2019
0.2976857045470333,0.452594227994228,0.7118365,0.5664374442037868,1,2019
0.3362905085253626,0.3967937525035354,0.36273828,0.3544152713139934,0,2019
0.46768633582853664,0.5180305279432217,0.5482675,0.4713473729788504,0,2019
0.6102948354128236,0.6990561577311573,0.74781984,0.6467199445668351,1,2019
0.6884176230814276,0.7454454721594475,0.7361237,0.7208131972400772,0,2019
0.5644603561767849,0.5590606948606953,0.71036255,0.6057503651444855,1,2019
0.863061097771165,0.8809918969918968,0.91285115,0.8651677579733996,0,2019
0.37540527390744605,0.45334206349206374,0.5334599,0.6173669876354712,0,2019
0.7566669870118256,0.7020709235209233,0.8111096,0.7385505462986662,0,2019
0.8105967955254738,0.6575082972582972,0.6911202,0.723976677913615,0,2019
0.1732482031629039,0.24045865800865812,0.2432303,0.1926012361426671,0,2019
0.46002553372426563,0.5150498583116233,0.3461812,0.5103644140120094,1,2019
0.2993383285266929,0.22391313131313142,0.13711266,0.3525364775970452,0,2019
0.8474729684352371,0.8095681707181707,0.84240335,0.851559621897542,1,2019
0.6618537616748313,0.679035092685092,0.6751142,0.7011345835228606,0,2019
0.8267229157882483,0.6918166242254477,0.8450347,0.8052081268680611,0,2019
0.6512475996682223,0.5977665764187499,0.5799618,0.5946925029447591,0,2019
0.8330866558518428,0.8635658730158725,0.90171415,0.8306222023694277,1,2019
0.8343087613511279,0.808379791705879,0.88080454,0.8567652522383122,1,2019
0.6558590071442478,0.6325730692547721,0.6610583,0.6307473103193766,1,2019
0.6251770305790151,0.6253077445430388,0.57589537,0.5618024049748738,0,2019
0.38900762076938517,0.3050795093795098,0.124653675,0.10990854292046702,1,2019
0.8088093154220088,0.7187688311688306,0.604487,0.7231782075502898,1,2019
0.248805658129303,0.2950131535131536,0.26896757,0.3151430584097157,0,2019
0.49802592010126295,0.48625247715247694,0.42029858,0.47353943465537074,0,2019
0.7956655670194253,0.813156854256854,0.8684579,0.8356157993481192,1,2020
0.6194869823705487,0.6633273199980094,0.60111,0.6788422232707378,0,2020
0.8538229387012223,0.8531702020202017,0.88824224,0.9064174395156994,1,2020
0.6565563051882405,0.5757233373351798,0.5587382,0.6219109688777936,1,2020
0.48066124887298955,0.5479959474213586,0.4666959,0.4901336544434701,0,2020
0.36865532082216,0.2956946775446777,0.2896239,0.3242901095215406,0,2020
0.4661702498942841,0.5840295783736961,0.6234689,0.5713997617634977,1,2020
0.5765426643945263,0.5032313131313135,0.47866458,0.5207964106335249,0,2020
0.7135541632894318,0.5525621697016432,0.65345997,0.6545670231097322,1,2020
0.2091998577149147,0.12053564213564215,0.08055033,0.054853711218127946,1,2020
0.4004366511779618,0.40199606145488515,0.39745644,0.448746547789005,0,2020
0.854693683642875,0.7504246031746031,0.85795903,0.8548729248786572,1,2020
0.8020352052585799,0.7757894660894658,0.78414834,0.818024027055858,0,2020
0.6204396016614369,0.5740797322740808,0.5960885,0.6833575209027133,1,2020
0.4180171735687151,0.5847192640692643,0.6711589,0.5468726803287742,0,2020
0.3851277546980655,0.5108514430014435,0.5309564,0.5563679857614104,0,2020
0.636370707665541,0.5665658978276628,0.5029372,0.4718589233269712,1,2020
0.6567967601021634,0.6627337551337549,0.6663345,0.7173316030341562,1,2020
0.6010736061996984,0.514825465174287,0.52387136,0.5070145679025843,1,2020
0.8216380161508997,0.7997266955266956,0.86100304,0.8154946783207248,1,2020
0.55064922238692,0.5883301417536707,0.5589165,0.5575703322878323,1,2020
0.4764256390394273,0.5114279942279948,0.5643855,0.48808899462230665,0,2020
0.31702207389381637,0.3745525974025973,0.31318873,0.23839034639399345,0,2020
0.5227619664456948,0.5973873927242348,0.6057552,0.4411113357039177,0,2020
0.6396925577689992,0.6607661616161619,0.67472243,0.6358039592760047,1,2020
0.7040384683277667,0.6942720057720052,0.594801,0.736313465775198,1,2020
0.7272557210799766,0.8195636363636362,0.6406128,0.8192928680989688,1,2020
0.6877709583662281,0.6863606782106777,0.6199976,0.6506415754979407,1,2020
0.31762160000450584,0.1117375901875902,0.12122557,0.15077991806162333,0,2020
0.36179172462184395,0.30047280497280504,0.33201876,0.3769376777963254,0,2020
0.47573044774240003,0.6079052519593691,0.7194897,0.6033486683880264,1,2020
0.4892152532842865,0.6004319624819627,0.59280944,0.6534067374408081,1,2020
0.7122943053400949,0.5425243010973656,0.5371404,0.5460432182952062,0,2020
0.5871039936008665,0.5276707403707407,0.5363057,0.6618038053334991,0,2020
0.41749908525560353,0.5542492303992304,0.5179407,0.5542976347179202,1,2020
0.6291072714919137,0.6801240981240981,0.5075143,0.5989285525335798,1,2020
0.37170858824282355,0.39987215007215,0.500557,0.40212191894952587,0,2020
0.5402806963118194,0.5751285325785328,0.68504673,0.5823440137582747,1,2020
0.3446534407646982,0.336124902874903,0.34644887,0.3038847868581083,0,2020
0.7185006593887434,0.7267973939437202,0.70546323,0.7512202247158563,0,2020
0.5738710414301496,0.6166872294372296,0.6339918,0.681777925324798,1,2020
0.7553383492361697,0.7086433785949771,0.8347769,0.8034934864559504,1,2020
0.7011412157220087,0.7911298035298036,0.64535975,0.7959251006871766,0,2020
0.7252337664720818,0.8087255522255525,0.73393786,0.8071112319566154,0,2020
0.5458664316374973,0.60454703999704,0.6978849,0.614190396250193,0,2020
0.7073361113047485,0.5960673881673876,0.53009737,0.5462395908359715,1,2020
0.7164776411396799,0.5863487734487732,0.58048,0.5345104560088386,0,2020
0.732699569037942,0.5615916749916748,0.6471296,0.7450922604430901,0,2020
0.32850983499936176,0.5136494926040592,0.6007146,0.5668363160916333,0,2020
0.5673557592475141,0.5012961260961262,0.60980004,0.5214956448896713,1,2020
0.5368814912348905,0.5027421964508922,0.7034385,0.7321577165311832,1,2020
0.6491792373386331,0.5300452265025196,0.52378196,0.6239414948576845,0,2020
0.19790606568753877,0.09420432900432901,0.09399479,0.14784028406090308,0,2020
0.5975572372118446,0.6254253057423271,0.6267732,0.6854558721097831,0,2020
0.37098074771060796,0.4937201591474849,0.3606103,0.3398441029631115,0,2020
0.5938693292211331,0.6255531357531359,0.741763,0.6619060762355655,1,2020
0.19926565813970168,0.08390620490620493,0.05087434,0.03848144669940324,0,2020
0.85724079466943,0.8171853535353533,0.8933116,0.909272561649528,1,2020
0.4846810392080134,0.5380174430933048,0.605925,0.5706195907435223,0,2020
0.6658859963384957,0.7124030472795186,0.81291586,0.7724108222176139,0,2020
0.7525591993999111,0.8808715728715729,0.85488474,0.8487363071240186,0,2020
0.7415370704622923,0.7474430735930732,0.728331,0.6617928606073449,1,2020
0.7848358929097208,0.6904356060606058,0.7437281,0.7256323590088897,1,2020
0.5651512418450372,0.5043445614035085,0.5864464,0.5880888701911002,1,2020
0.5826496224994728,0.5510841803124413,0.44819263,0.49171084325076353,0,2020
0.8155913042651634,0.8197256132756129,0.7759767,0.7695703561399196,1,2020
0.6519002839008516,0.5484567171615852,0.5353724,0.6188175625955157,1,2020
0.7785567016836925,0.7101483405483402,0.8647016,0.7667741505126766,0,2020
0.39937650581357587,0.37424321789321796,0.42677277,0.44452031881184056,0,2020
0.6484477579135365,0.6344191197691197,0.6441386,0.7234019289728982,1,2020
0.2088919646978268,0.2229845598845601,0.18874484,0.2126848911897434,0,2020
0.8108560926430132,0.7210415584415583,0.7193776,0.7063548342488801,0,2020
0.3569666791504865,0.6292202020202021,0.6483717,0.5891999872077237,1,2020
0.8012056611646913,0.7433683261183262,0.85699594,0.8070634770390184,1,2020
0.7672177816164222,0.6907569624819618,0.8165447,0.7931865144308636,1,2020
0.8403292679723501,0.7926811631351107,0.7608701,0.7937601401363609,1,2020
0.7403656530630468,0.7291806637806642,0.82415473,0.7560036017499817,1,2020
0.5447606954860398,0.6310573593073591,0.645164,0.5849896668207566,0,2020
0.8055654267508927,0.7830904761904761,0.78272796,0.7955742809787811,1,2020
0.586840414375368,0.5659062305341719,0.4714965,0.5380047881097805,0,2020
0.664962795753384,0.5472569264069264,0.60797614,0.5712423769119014,0,2020
0.7019463567658367,0.6695802308802304,0.8276151,0.7488273661533731,0,2020
0.5530702438836061,0.6304023088023083,0.66245073,0.6138223441198559,1,2020
0.29730033377033854,0.1912195526695527,0.15391435,0.16890617622040427,0,2020
0.632476413142892,0.6249640692640693,0.7010201,0.6637875367117588,1,2020
0.7758109585992976,0.7844231240981232,0.7081487,0.7602967209296374,1,2020
0.7964135687253275,0.8250202741702737,0.9017475,0.8478761560123753,1,2020
0.3370584360314758,0.46333203463203426,0.4473074,0.34511344325331655,1,2020
0.4913801924296338,0.47551100566100535,0.5005519,0.5557960324203239,1,2020
0.33206515690371263,0.4157407092907095,0.27067348,0.41434647888355414,0,2020
0.6331885358823628,0.5759409422876435,0.50965554,0.5544107809067661,0,2020
0.7450729533227097,0.7119513597513599,0.7052098,0.7193722861686561,1,2020
0.7686455189207878,0.5170118323705281,0.55986243,0.4796739243040943,0,2020
0.4912372757678915,0.562487121914744,0.482027,0.5022629983243254,0,2020
0.3109265505705635,0.33170039960040004,0.32314613,0.37222836628579425,0,2020
0.8345216203169282,0.7501480795348443,0.63648844,0.7584806723732889,1,2020
0.1908807301467552,0.2206427128427129,0.25663316,0.229689793453793,0,2020
0.6338923041055258,0.7360535353535358,0.8539276,0.8636532587278578,0,2020
0.3344031525909053,0.4055396825396822,0.29830042,0.2502999324553666,1,2020
0.710158820993222,0.7018193861693856,0.7872385,0.8246565352891202,0,2020
0.23786228653174477,0.19731255411255427,0.14913438,0.15613089043113124,0,2020
0.7691504208097781,0.6093922965922969,0.6362793,0.6717749870907866,1,2020
0.5822487889681458,0.46660103415103404,0.3677429,0.4285851715090291,0,2020
0.38595693011727106,0.4670705696768152,0.42393485,0.43113674466454555,1,2020
0.6432182900321413,0.7006849206349203,0.72763413,0.7963097750652576,1,2020
0.5391813805204687,0.627191633366633,0.5796257,0.5101159041664798,0,2020
0.686046062349642,0.6817236763236756,0.5885721,0.6466898733425375,0,2020
0.5867614014413097,0.6305443001443001,0.7345098,0.7633283505003527,1,2020
0.39741372323845586,0.32138316128316124,0.38320237,0.42023561383040103,1,2020
0.45864952630364714,0.4535937314319664,0.41281503,0.41506163260317425,0,2020
0.2893301031749251,0.32588441982853783,0.26788458,0.22966679831060144,0,2020
0.8062434561486187,0.7874028860028853,0.8585891,0.8285713456817612,0,2020
0.9559454342870226,0.9422660894660897,0.9274864,0.8732168529305494,1,2020
0.4781245036421706,0.5468736221295049,0.52531695,0.4677176771753758,1,2020
0.5075376414580876,0.456778855355171,0.4361365,0.4513566211591315,1,2020
0.36737822180796387,0.44934574314574327,0.3599488,0.33575811291899904,0,2020
0.6060226315562294,0.5885576938181124,0.68884224,0.5868030971535376,1,2020
0.5748585652711329,0.6610824254598445,0.55575705,0.5355425335091758,1,2020
0.2557622199855461,0.17940317460317465,0.18997243,0.271717548760684,0,2020
0.5892525776674397,0.5347742466683645,0.4333486,0.4925388785414674,0,2020
0.7916908049439596,0.7363292207792206,0.7841484,0.7738662190327218,1,2020
0.48249183849539046,0.4600057400116222,0.5340545,0.5135567312735055,1,2020
0.5397965651836868,0.5229537703037701,0.6117163,0.5290786635198929,0,2020
0.26332324859537865,0.3786478354978355,0.28519142,0.3706564801793407,0,2020
0.8829875395316917,0.8072319624819625,0.8617052,0.8019089864625185,1,2020
0.6876861977531333,0.6448025668775673,0.62035197,0.6485629697036859,1,2020
0.7285821149934596,0.6647115440115443,0.66445786,0.6481691694209276,1,2020
0.5239786181628228,0.5733359196359197,0.54597664,0.5741526926286206,0,2020
0.49863450439812873,0.509461938061938,0.49253535,0.46270845438585584,0,2020
0.5617632135046915,0.6097794423252227,0.60768634,0.6836511334265188,0,2020
0.3363429056947182,0.16917842712842723,0.22477415,0.20276993913470578,0,2020
0.6000458172295098,0.6262911199911197,0.6386786,0.61709053847453,0,2020
0.21462859933560938,0.30058621933621943,0.30775744,0.2794853882147173,0,2020
0.6391962613718825,0.6209469696969696,0.6593415,0.6442718068367329,0,2020
0.3865039922297159,0.42172506790594994,0.47089076,0.5344385961118616,0,2020
0.4914412826416649,0.5883975588738746,0.6412371,0.579899149367949,1,2020
0.6552346388901837,0.5753596750766966,0.5993172,0.551494270752936,1,2020
0.8876587621453539,0.9056986652236658,0.9263537,0.9210269850542031,1,2020
0.41548209828573035,0.46384249376354636,0.46093997,0.42338213208474024,1,2020
0.4827455719011741,0.5163877077171196,0.51561445,0.5073758494457137,1,2020
0.7686171029667932,0.7784628427128426,0.9329796,0.851663386190691,1,2020
0.6493530439195144,0.6411070412044095,0.5070246,0.6404228030939776,1,2020
0.48925579579916084,0.5024660839160839,0.5611728,0.3521047326337704,1,2020
0.7454941002830646,0.7019338023088024,0.69805175,0.7207918295949727,1,2020
0.7861365387807749,0.7565383987357676,0.79811186,0.8373056052153626,1,2020
0.3544310333227299,0.17861082251082258,0.14620309,0.2693474039737411,1,2020
0.48925643931471857,0.5464769841269842,0.34231466,0.25200093655592143,0,2020
0.6227120873643732,0.5894095464625712,0.5608664,0.6129683492097535,1,2020
0.722512202289578,0.6496062049062054,0.5827908,0.5411515439540422,0,2020
0.48648165924375714,0.5596277333777335,0.49948865,0.6137495442301363,1,2020
0.4186011479926568,0.6399202602952597,0.63924736,0.6774370858242182,1,2020
0.40726880276659944,0.5139489148015248,0.45295236,0.34911168210088045,1,2020
0.12879894096123448,0.17199538239538245,0.09426674,0.10750472472955087,0,2020
0.7354753766522485,0.6791565401265407,0.49240878,0.6146909168734588,1,2020
0.4706875885990361,0.5691960456210455,0.31901568,0.4481755810200019,1,2020
0.2741783006306006,0.39118066064370394,0.31608093,0.2613703553576789,1,2020
0.6981753536597718,0.6731009379509378,0.55849314,0.6023131654855869,1,2020
0.7154981787621707,0.5015225187855621,0.35661662,0.4020791046337673,1,2020
0.7426404687828032,0.7659619047619051,0.7435826,0.740684787764952,0,2020
0.2433070709089279,0.42281188811188797,0.29465958,0.32447158425914296,0,2020
0.6087241729156826,0.5224374372117043,0.46563932,0.4836439029157533,0,2020
0.4509895738638444,0.42010975135975137,0.49511203,0.47500059024424973,0,2020
0.5246116946181476,0.46599074863045464,0.34652528,0.42243816239022913,0,2020
0.49800429940177215,0.4710360750360752,0.49822563,0.5103240389602789,1,2020
0.8017935907444467,0.7897014281470162,0.88913697,0.88341465049176,1,2020
0.5115719743475134,0.5463345018500592,0.51474166,0.530220291140264,0,2020
0.6502625349198361,0.6360528715728718,0.6223279,0.6456071922190836,0,2020
0.34795626954011877,0.3690846941946941,0.30782443,0.3113547280058255,0,2020
0.7040681899640822,0.5993265002970884,0.5750757,0.5929233271293076,1,2020
0.658413601312311,0.6297222733406943,0.721244,0.6956015733768068,1,2020
0.3347170093634085,0.2677214285714286,0.19284484,0.23800408206924378,0,2020
0.22820888377746906,0.14196190476190484,0.09308397,0.14519438849188815,0,2020
0.6393285705056437,0.6687953102453107,0.6789545,0.7251835595968706,0,2020
0.3256566150840741,0.28019336219336244,0.13220261,0.26024177312237257,0,2020
0.7977343961012101,0.7810447330447329,0.8762279,0.9021298135853167,1,2020
0.2991875048863974,0.5090766844266846,0.47849092,0.5216071791893739,0,2020
0.537628254252789,0.6499306637806637,0.6416328,0.6845990128799653,1,2020
0.32962840805679755,0.28072063492063504,0.4017015,0.41343190929432916,0,2020
0.659692331564421,0.4610424963924964,0.3285939,0.341723455864211,0,2020
0.5671686095614822,0.5353724990695578,0.43961507,0.4617215878307941,0,2020
0.7268548783312878,0.7476651431901432,0.73650736,0.8593424681043651,1,2020
0.8456164194923869,0.8769517316017318,0.9037891,0.8967095851916845,1,2020
0.23842748112801554,0.2626274170274172,0.17562468,0.17785864749610655,0,2020
0.7662028599161756,0.6724952380952384,0.60243,0.7138991838103825,0,2020
0.5603957144927718,0.5985878787878791,0.5807034,0.5461747143557842,0,2020
0.8073775531584837,0.717095911931206,0.75946504,0.7841810483571394,0,2020
0.8291941546250594,0.8053333333333335,0.79972833,0.8083262972883765,1,2020
0.32093676122431497,0.5337950993450993,0.3503953,0.44344200564549463,0,2020
0.9178470282017775,0.9158307359307353,0.81854665,0.8734061624691897,1,2020
0.8006299098616851,0.7003979858291004,0.6978613,0.717626403629968,0,2020
0.5463245159851067,0.5114364357864359,0.6908377,0.6174981163595905,0,2020
0.8677972516464875,0.8016697691197688,0.8791634,0.807821061800056,1,2020
0.7075965076330453,0.6240780663780667,0.5435076,0.5757923353869425,1,2020
0.7248377430874609,0.6793805916305913,0.6130051,0.598829823595441,0,2020
0.44785562522563627,0.48687221908526246,0.41148847,0.4688945364222134,1,2020
0.4846209095075196,0.5257924366696108,0.62233305,0.525114462690243,0,2020
0.21309313324495777,0.22717478632478647,0.22421649,0.1320646313975583,0,2020
0.29193764596098754,0.33898744588744584,0.24378498,0.35026481850442986,0,2020
0.40522027898303287,0.5347200939583293,0.4708029,0.491493689693127,0,2020
0.7188349700947305,0.6120341407474533,0.66010624,0.6258464325309466,1,2020
0.6163178711997559,0.6228708095997569,0.70396715,0.6030681972942281,0,2020
0.9021252016942265,0.8162368686868684,0.8037527,0.77462678727409,1,2020
0.22352315656431515,0.29573968253968247,0.3311543,0.28644517622203486,0,2020
0.4925881615228519,0.45901969696969747,0.4202368,0.3725127313964701,1,2020
0.23242032811203808,0.10833152958152964,0.05813765,0.060513783288867244,1,2020
0.669110735270418,0.6009269185063298,0.63480645,0.659653498791689,0,2020
0.5719724252070305,0.7197904761904762,0.8009565,0.7695706807775291,1,2020
0.4560713586415776,0.5279194083694085,0.46345797,0.5855557535597126,0,2020
0.6711737456927536,0.7652142857142858,0.7323063,0.7246091089270029,0,2020
0.17606527595762356,0.22153008658008674,0.15106106,0.11926165470164402,0,2020
0.831648932290375,0.7590108946608948,0.7160832,0.7593413635549592,1,2020
0.34816878606828094,0.4542304820384994,0.29492432,0.3390519800273032,0,2020
0.8824294025185982,0.872398629148629,0.8931912,0.9110900740407575,1,2020
0.5004307234452442,0.5280309967809969,0.5213036,0.5193545603070616,1,2020
0.6999846768306841,0.7758091497683605,0.8276959,0.7638308022569793,1,2020
0.6247635185254036,0.6300077422577419,0.5536154,0.7358466994994358,1,2020
0.5776612487162323,0.5576295633125046,0.5258537,0.5794298508150949,0,2020
0.8556613691696847,0.8098603896103902,0.8367144,0.8865081852567172,1,2020
0.4039459327188078,0.39350440115440094,0.22644822,0.3315105276052486,0,2020
0.7328866614960473,0.7389518870018869,0.5437996,0.6455391909471323,1,2020
0.9031219980557412,0.8449359307359304,0.83043814,0.8836359725592919,0,2020
0.5303842835230709,0.534872077922078,0.40283316,0.36337562633004683,0,2020
0.33775055379104707,0.48476392496392534,0.45595604,0.4334210601941838,0,2020
0.14886480920033185,0.15629855699855696,0.091113865,0.12421801257544565,1,2020
0.8082757438784172,0.6293794372294368,0.7121023,0.5106944109845574,1,2020
0.2249104333897409,0.2065378787878789,0.25967762,0.2998067412368571,0,2020
0.6715933083021379,0.6962500520795936,0.73780304,0.6258497744738677,0,2020
0.4932273679882265,0.4161244351377076,0.3206869,0.41490964336053926,0,2020
0.8887758352653281,0.7735297258297259,0.7831584,0.845723041362617,1,2020
0.7142105866516811,0.7101815295815291,0.65051275,0.658720463742503,0,2020
0.16855017517418516,0.20006414141414142,0.16819833,0.3053883483495444,0,2020
0.8620572894721322,0.7606529942279946,0.87541705,0.8758630552923357,1,2020
0.19589427216801972,0.22561755466755473,0.26102266,0.2848219690723446,1,2020
0.6676349333940121,0.5582625541125543,0.57185847,0.41417328015401483,1,2020
0.7265441550472237,0.5534447910861063,0.5800515,0.5954153438418597,1,2020
0.6028796987626105,0.6571926313829544,0.5739414,0.6213645592809374,0,2020
0.5540242683219476,0.6082763514263514,0.5080636,0.58781490555856,1,2020
0.6750873708896694,0.7572881673881674,0.7968812,0.8177033634695899,1,2020
0.6115211596600046,0.5017649806334017,0.47755548,0.37986157806736326,1,2020
0.2972224105849195,0.3428384559884563,0.19590312,0.21260720995840485,0,2020
0.8184949666483318,0.7849843434343431,0.7105132,0.8450122724137187,1,2020
0.2608911846539494,0.2971454545454546,0.32521027,0.3177336966008496,0,2020
0.5451286216002064,0.6896567099567095,0.7563688,0.7145941613430391,1,2020
0.37246318723840927,0.5512554834054835,0.52676433,0.5747638109856038,0,2020
0.750930577770336,0.629246464646465,0.6326932,0.5269936150884617,1,2020
0.403266736980107,0.3776226353791924,0.4642457,0.44692592235310674,1,2020
0.7323711758670305,0.8003636363636357,0.78375375,0.8603204135846287,1,2020
0.22883555543027503,0.17735111163346462,0.15625827,0.20398194109283288,0,2020
0.5874579321930677,0.39994295149295167,0.3251013,0.39173339732383794,0,2020
0.3937488353923133,0.38111161616161576,0.37013194,0.39274540980753947,0,2020
0.3692421872395629,0.35101073371073377,0.34588096,0.37462072029009946,0,2020
0.8857031217587584,0.8845541125541124,0.9340661,0.8780629887512942,1,2020
0.9002056966148669,0.8520977272727273,0.84977925,0.8400666703057288,0,2020
0.6153336236633037,0.6670432900432904,0.7382429,0.6940219722399106,1,2020
0.47962371365983036,0.43066008158508157,0.51475954,0.3553854596904726,0,2020
0.6001877561789161,0.4574770043052652,0.48453057,0.4863521115662748,0,2020
0.7224104566661023,0.784753246753246,0.8110598,0.7650991125223728,1,2021
0.6595653731059792,0.7188823953823955,0.63930905,0.6476771741211144,0,2021
0.735514425398217,0.7915394716394718,0.7868606,0.7971906401514239,0,2021
0.704179894065603,0.6190681733299384,0.50192475,0.6203543529467138,1,2021
0.32036378996301706,0.37911197691197707,0.30286336,0.3483125452284478,1,2021
0.36216229388080196,0.4250810160427812,0.3698764,0.37234957211597497,0,2021
0.6632860559052249,0.7293487012987016,0.8161895,0.792342043861922,1,2021
0.5751605699439278,0.5439618404471348,0.59367824,0.5949805137755485,0,2021
0.6935049040471107,0.7804983405483396,0.85660505,0.8125847014230116,0,2021
0.5847784075163193,0.5832157287157287,0.741987,0.7124271497671769,0,2021
0.696016276950687,0.7066489684835509,0.6863342,0.6624051360338403,1,2021
0.5476095893390135,0.49892813852813794,0.49869266,0.48058313861732593,0,2021
0.6381283679242615,0.6716176767676768,0.7224279,0.7186209063778243,1,2021
0.5140227943878354,0.5130819206936855,0.30341312,0.47681429720354973,0,2021
0.40515336298925,0.6036616883116885,0.5776843,0.5879162724302737,1,2021
0.3365950408278277,0.2888471861471863,0.35078654,0.24811773104101778,1,2021
0.6800924146337655,0.615370562770563,0.52682763,0.59392308688184,1,2021
0.2225487918390197,0.138113924963925,0.15083274,0.14070986458165552,1,2021
0.862593036363557,0.7021734487734479,0.749243,0.6630005821284762,1,2021
0.674814679595838,0.6706378186384272,0.67058146,0.6632326797190848,1,2021
0.6817461462586977,0.6826817460317465,0.7669162,0.7680204378350735,0,2021
0.28102709564478096,0.35100988455988436,0.454149,0.39997097636838436,0,2021
0.3783226144040658,0.29642077922077936,0.3997583,0.2951619307531657,0,2021
0.3245843445467408,0.48759783549783553,0.51910913,0.3830009517607954,0,2021
0.5524327815702489,0.5057393939393943,0.5994816,0.5605253882120249,0,2021
0.6594634449989123,0.6214627147046498,0.66775954,0.6154859927174237,0,2021
0.49428222259183713,0.4854887445887446,0.48179314,0.38409790721186043,1,2021
0.8295083054914485,0.8601432178932178,0.84740347,0.9038981473717593,1,2021
0.4991437738251725,0.5727364688960097,0.48466113,0.5328530945478364,0,2021
0.7536913751156912,0.6209437688423961,0.71801203,0.6508020182872349,0,2021
0.6590477917508519,0.518636113886114,0.54903966,0.47333027151126383,1,2021
0.8700685428554509,0.8296659451659447,0.90571,0.9384182045764313,1,2021
0.48807216228811284,0.447558802308802,0.5001342,0.5443102157191666,0,2021
0.7158367024652444,0.81933821831763,0.79870504,0.807578935811966,1,2021
0.52226571538569,0.7275893939393937,0.7386671,0.7172350880683909,1,2021
0.19304144850429372,0.1695770562770562,0.0874397,0.1368702172045308,0,2021
0.2746515242666987,0.19036320346320365,0.2225784,0.20804140872300217,0,2021
0.805940102771873,0.6541747474747476,0.706844,0.74111442569951,0,2021
0.43845109634361973,0.38963636363636356,0.41702947,0.3838182168645805,0,2021
0.5398732132658298,0.5217432994115855,0.5679105,0.5211866960209397,0,2021
0.7420179330555782,0.7553441387559809,0.7972468,0.7449836874501585,0,2021
0.5222789162576756,0.5525276095589,0.49466732,0.5916312521932097,1,2021
0.7928274203040588,0.760041702741703,0.89163244,0.8711139706022765,1,2021
0.7375233612006064,0.6910174603174601,0.6773299,0.6922503017985853,1,2021
0.42109578723384794,0.42329567099567117,0.32982698,0.3829057792229456,1,2021
0.4095374649958388,0.3543946969696971,0.38144052,0.3085784674133881,1,2021
0.43275096251392625,0.46307381801205333,0.56373966,0.4798836505939748,0,2021
0.6334321101194726,0.6646750137117785,0.61370486,0.6836789967203124,1,2021
0.7169046780008015,0.850669985569985,0.80485874,0.8490049974831441,1,2021
0.444061389700543,0.5195656943415004,0.4019711,0.4718941874569486,0,2021
0.8181707192606007,0.7961947052947056,0.81417835,0.8998843677245589,1,2021
0.7001096250069739,0.6555980063795851,0.845601,0.8025158398085742,1,2021
0.6767720000915849,0.663991341991342,0.6900052,0.6987927727266694,1,2021
0.4330418187117744,0.47453095793095784,0.6009442,0.5143930771514844,0,2021
0.5782805832830358,0.4553726551226548,0.57454616,0.5778771236636753,0,2021
0.8989717980464252,0.7862961538461537,0.8057302,0.847735929513577,0,2021
0.26218186334876253,0.18462272172272176,0.23499244,0.35378428047780436,1,2021
0.21397283883665705,0.15249033189033195,0.17440288,0.17958309819358542,0,2021
0.7410128067932327,0.7431528113648799,0.8351667,0.7988427346450809,0,2021
0.5311367386402465,0.4968369308469309,0.5928642,0.541635162357118,0,2021
0.545601233178435,0.49006839826839815,0.6054218,0.5125796184345461,0,2021
0.7968504002969283,0.7872254023754023,0.8653918,0.8784807957178832,1,2021
0.3965109451242875,0.3903875180375183,0.18693835,0.16330583116068045,0,2021
0.4876010327403574,0.5422772914540662,0.49292985,0.510892814155313,1,2021
0.4184630235416538,0.5189273937532004,0.37933007,0.4550859311500694,0,2021
0.7358549264333479,0.7273142857142854,0.7596889,0.731475747109959,1,2021
0.7021827292093741,0.7134727994227988,0.52229214,0.6350095228850691,0,2021
0.27286721974784534,0.2963381673881672,0.25367498,0.3109496162813227,0,2021
0.2810349203898589,0.3808400432900432,0.43294317,0.40240838988985095,0,2021
0.3141344320334834,0.1993804112554115,0.29203865,0.21399795815478664,0,2021
0.6030793116940353,0.735414213564214,0.78536564,0.7441160074908438,1,2021
0.44771520431090434,0.5181573593073593,0.45015043,0.49570210601655473,1,2021
0.8732548107710095,0.8057418525918527,0.7168254,0.8017630862228812,1,2021
0.3153991370605598,0.37122343212343173,0.1995915,0.3096229491930938,0,2021
0.5705365482960374,0.5500035020535021,0.555083,0.5552707842992364,1,2021
0.6948588744477022,0.6350592469092463,0.6555608,0.7461890054440257,0,2021
0.6390320591405568,0.6747413610898906,0.76553816,0.7290162376922557,1,2021
0.7824692119407851,0.7695218529836176,0.69064337,0.6900213243270233,1,2021
0.5884002521484327,0.556607142857143,0.5223134,0.5674672049659323,0,2021
0.6909142910637469,0.7254019098548508,0.5289103,0.6141948502073307,1,2021
0.18980502857168938,0.2584937229437231,0.16773057,0.1353636577736078,0,2021
0.49115629243563913,0.48441725496725535,0.41206872,0.4065442391328428,1,2021
0.8256680357091128,0.5948851345972035,0.7429664,0.7484564346768753,1,2021
0.690024194932283,0.5913886724386722,0.56669873,0.6105168924277258,0,2021
0.337087623277533,0.4462434343434343,0.29742858,0.2932688329048435,0,2021
0.33384746809849236,0.37157503607503617,0.3255144,0.3103572562720879,0,2021
0.7850245830740115,0.7213424242424237,0.6293731,0.7225973162752558,1,2021
0.16513720737684315,0.23797451992452007,0.13717435,0.22286987772284458,0,2021
0.38208936279456557,0.2108062049062048,0.24253558,0.11706192591785518,0,2021
0.37869268157311453,0.49163354978355,0.43151054,0.5188164483784952,0,2021
0.6912706179036417,0.6919443499147915,0.74622434,0.6702036226115691,0,2021
0.44588621938293754,0.48107655122655113,0.71173084,0.5488690935361344,0,2021
0.4425487164712257,0.5258635281385287,0.52531457,0.5054578761512911,1,2021
0.24573820781231717,0.24800620490620504,0.21636416,0.24308916554607374,1,2021
0.6081168133841702,0.6291428039933925,0.5984268,0.6384304146688351,1,2021
0.8406944465668923,0.8452718614718617,0.89506876,0.824154049098558,0,2021
0.8413285882655869,0.8124841269841272,0.92149866,0.9052763536082153,1,2021
0.49412384892340977,0.4651850649350653,0.43935004,0.5289971698607236,0,2021
0.8015700045995862,0.6829338760654546,0.71881294,0.7785244334474527,1,2021
0.42693767183652576,0.36687431457431474,0.35221717,0.4436430675268947,1,2021
0.4853092919894533,0.46837510822510836,0.45527962,0.5914625139582078,1,2021
0.9344303229233684,0.9086386002886003,0.9066448,0.9296752604886749,1,2021
0.7266762510156828,0.6893364246864245,0.63365066,0.7455540202513881,1,2021
0.9131579326855092,0.7789075757575755,0.8868297,0.9312363151413489,1,2021
0.8729206697863222,0.8562164502164502,0.83546233,0.8626549323624184,1,2021
0.5550525496406564,0.484414862914863,0.67221624,0.5362493883826449,0,2021
0.32304970280741696,0.39149121755437544,0.4311718,0.42692567562653555,0,2021
0.6286750443977008,0.5359948051948052,0.5508567,0.5745564171929605,0,2021
0.6583348475801637,0.6443228715728714,0.5726523,0.4703216554307831,0,2021
0.8473485830335634,0.8733632756132759,0.8473347,0.8712128772904021,1,2021
0.48018087930498604,0.6039403668016567,0.5120282,0.5213594851533988,0,2021
0.6283015275474285,0.6454830447330446,0.6678501,0.6164744737975201,0,2021
0.41454157033700834,0.4069543195553495,0.33205158,0.4853396370235068,0,2021
0.13318985900028255,0.13173174603174606,0.14982162,0.12318478177917767,0,2021
0.4028832035900651,0.5159294427794427,0.495849,0.5040978855446254,0,2021
0.2352006980992926,0.19307034632034642,0.19097933,0.22487676365459708,1,2021
0.43449182920356455,0.50450917970918,0.422267,0.39984511399573525,0,2021
0.7769182411771131,0.6860837440337441,0.74751246,0.7037725600039266,1,2021
0.5850555475808957,0.6226316652301949,0.5968921,0.6139636226129662,1,2021
0.49761549979045483,0.5669343434343435,0.70904243,0.5920238493010646,1,2021
0.38618243561238985,0.3840464646464647,0.4972657,0.30327728226528855,0,2021
0.828670217009455,0.7673712121212117,0.8602511,0.8198855420998139,1,2021
0.7893091333415747,0.7902194083694087,0.8604959,0.8135670511373518,1,2021
0.8409808324220861,0.7933819902319905,0.8364541,0.7470208895362566,1,2021
0.4001001957726781,0.3668740981240983,0.35975575,0.36542445431220866,0,2021
0.5071648152329774,0.5805434676434673,0.5380856,0.5637081140891402,0,2021
0.7003304065114446,0.7781286713286715,0.72987294,0.7108303020878657,0,2021
0.12771604908027645,0.13332503607503607,0.121684484,0.12630541001674828,1,2021
0.7860743346486665,0.6701828659644447,0.6185348,0.6981640353530506,1,2021
0.766397421399188,0.7207245976245976,0.56268054,0.7137993369363678,0,2021
0.2778117305493808,0.3430900581444696,0.22795354,0.1722670553222873,1,2021
0.5413623891877212,0.6468973026973023,0.59520316,0.5709321389689129,0,2021
0.4730087615798921,0.5073938571232689,0.696064,0.6196701438115949,1,2021
0.29691506999890127,0.38683448773448764,0.4177094,0.3960085467288371,0,2021
0.623813911980199,0.6221169515587659,0.6301702,0.6148829461227326,0,2021
0.6199511004931045,0.6611821181742233,0.5376744,0.607449458732085,1,2021
0.3487326056092716,0.22471197691197684,0.32429084,0.2465730705801721,1,2021
0.6294768956644878,0.6358391830391835,0.6286006,0.7361003968525315,1,2021
0.8704701588708874,0.8172403318903313,0.8906163,0.8807969863673146,1,2021
0.6432560318404571,0.5359891293891288,0.5362545,0.5244801826058269,1,2021
0.1790993453159142,0.21670916305916313,0.1508039,0.19233439860901583,0,2021
0.7927798349935655,0.8239202392378856,0.8585315,0.844199454400608,0,2021
0.5934503988214845,0.7694777472527472,0.78921324,0.7963726633977012,1,2021
0.21911036466836697,0.24051554834054842,0.19082762,0.2408171740834586,1,2021
0.8696280070007804,0.9427734487734486,0.9350172,0.9108115566441549,0,2021
0.6435665728668222,0.6276871153186946,0.6955407,0.7222503355375507,0,2021
0.6049305766031128,0.6640764240830355,0.54508835,0.6279289873933657,0,2021
0.7197516810804822,0.7229610007639421,0.71520525,0.7021460325938962,1,2021
0.6319834876547626,0.504156848706849,0.46882895,0.4798664986554444,0,2021
0.3812657875664844,0.46256715630430784,0.5155037,0.4116339062815055,1,2021
0.2724719546063488,0.17742886002885996,0.11931406,0.1673309706357885,0,2021
0.7492475059793398,0.6654141969141969,0.5556949,0.6145106303542285,0,2021
0.6632993965359175,0.518807165057165,0.48079526,0.5644964757769989,0,2021
0.39268977397862637,0.29298766233766227,0.2962682,0.3370465753864747,0,2021
0.8489041600767997,0.8623195526695527,0.89936256,0.8833130079187405,1,2021
0.2103931485499647,0.2427865245865246,0.17178382,0.20718056133839,0,2021
0.30668711960008543,0.3707462344672873,0.33758783,0.37060266278615955,1,2021
0.4364630785355816,0.4465642857142854,0.50812507,0.4887336804306943,0,2021
0.5246549542116614,0.5523222462722464,0.6343034,0.4994280181450217,1,2021
0.8936594747543608,0.8950899711399714,0.89110124,0.8981850097189741,0,2021
0.5924404826284636,0.5150327370410813,0.38847712,0.5901619030424797,0,2021
0.6661796954466039,0.6578949525570216,0.7488609,0.7479842054172118,1,2021
0.4542074986238347,0.43896832611832637,0.23516604,0.2545694359851172,0,2021
0.5202344537425231,0.5366697979797982,0.62129986,0.5874553295782963,1,2021
0.8482372432323533,0.7543142135642136,0.6773094,0.7212026707579358,1,2021
0.27807035220112614,0.34431810050974115,0.3247701,0.2812709110680077,0,2021
0.5591712056493133,0.6370797597827006,0.69636005,0.7490377617630969,0,2021
0.4068608525397108,0.5257535353535353,0.55764645,0.5323846813877915,0,2021
0.6449403085079704,0.6289610842374,0.55242866,0.560077551415758,1,2021
0.4176448824927824,0.5702443722943721,0.7090881,0.6336344343075487,0,2021
0.5260064054250191,0.5954826839826843,0.6990465,0.6944912938824864,0,2021
0.4104600820764152,0.5275214314924841,0.5460475,0.5153084292788996,0,2021
0.502625900091079,0.6046189754689755,0.5595773,0.6504441817909566,1,2021
0.7244714092998227,0.6518921928646064,0.72072834,0.7124487408211769,1,2021
0.19589757246123143,0.3507319624819628,0.30834302,0.2592625651320018,1,2021
0.41165686634703214,0.465246203796204,0.40226662,0.4728390511562077,1,2021
0.6485358575103051,0.76235,0.73842245,0.6864122117255116,1,2021
0.6495645017333062,0.5862737181199164,0.5482354,0.5897141242555283,1,2021
0.685473591287353,0.6358144176085354,0.628801,0.7006985766874605,1,2021
0.5047761083046262,0.5790957750096253,0.63951313,0.6174545450527554,1,2021
0.6598650554927016,0.5508636363636364,0.58998746,0.545247669458111,0,2021
0.16391313912218938,0.13761421356421358,0.07961,0.06781761702722039,0,2021
0.22846295147324183,0.2531689754689755,0.1539196,0.21790690100100027,0,2021
0.6201672521455156,0.6502069375069373,0.5019044,0.6857852422974594,0,2021
0.17434334942134827,0.1892985569985571,0.10323353,0.10166731341183953,1,2021
0.15408350240723825,0.16998520923520932,0.19087853,0.17573595605079304,0,2021
0.6640810080371425,0.6441772369529336,0.6219676,0.6944923371766342,1,2021
0.28327679869095057,0.3664387848463933,0.2706948,0.2775178779467611,0,2021
0.8344159868245647,0.8232795149295153,0.74766934,0.7560279689040683,1,2021
0.42250052927192283,0.5346516361774427,0.51290154,0.508171777780522,0,2021
0.4186256708806093,0.3051395604395604,0.3319832,0.2904126747781683,1,2021
0.4107893552777441,0.36982467532467517,0.564186,0.4188368597426584,1,2021
0.8127814168100537,0.779600096961861,0.57359785,0.6918811567721159,1,2021
0.7184462586709336,0.607673593073593,0.7179841,0.7344073830119157,0,2021
0.6375698685459679,0.553903115185468,0.58856875,0.5781256309994067,1,2021
0.7123554215413783,0.5578855588855592,0.56870663,0.6705578638359407,0,2021
0.44861283239154065,0.3478014430014433,0.21628164,0.2943105346361583,1,2021
0.22198491418108557,0.14341183261183268,0.08037589,0.08928894968197051,0,2021
0.7584225994798454,0.8199254689754686,0.89688736,0.8250571411077607,1,2021
0.29235904708230526,0.5443731823731821,0.51294357,0.5377554885472106,0,2021
0.9032352773609885,0.8449822510822508,0.8405847,0.8535009026987928,1,2021
0.6637093136676728,0.6152364357864363,0.6354518,0.580086098305693,0,2021
0.7841036052557909,0.7884909812409812,0.76926875,0.7423741679239115,1,2021
0.7764668777122822,0.7976010822510821,0.8169749,0.7485899053544371,1,2021
0.4810977746604483,0.52453014091172,0.53015816,0.5127952881214325,0,2021
0.5183628786518129,0.695475685425686,0.76578516,0.7949460166841347,1,2021
0.8458283388407172,0.8989050505050501,0.8758991,0.8647535301079688,1,2021
0.6764383954435187,0.6018144483652548,0.55065763,0.6221227650135129,0,2021
0.35729619818319563,0.3572874070374071,0.5362909,0.4061464504562137,0,2021
0.5795780726192071,0.5664148629148625,0.48980558,0.5059862937095987,1,2021
0.8320414364924114,0.8603654401154396,0.91083914,0.8770488388346304,1,2021
0.15611775764527475,0.17735064935064943,0.27140698,0.268557696252878,1,2021
0.6021587823818119,0.5796343906093909,0.63259286,0.687829708163373,0,2021
0.8273777217693673,0.8148960317460318,0.81322783,0.8069298120984051,1,2021
0.36528446701121176,0.3022017316017318,0.24476224,0.33444751118955013,0,2021
0.4113837296798814,0.37781370851370877,0.25293776,0.25177171909329393,1,2021
0.496836156484106,0.586069326036282,0.61632276,0.6188063286618148,0,2021
0.8350975254128921,0.766892568542569,0.66518164,0.7251186777441179,1,2021
0.4000966347897587,0.43098658008658,0.2576812,0.33844518061860807,0,2021
0.7785013185638835,0.7038580142080144,0.8140893,0.8941994415298676,0,2021
0.6161681909568291,0.6107871572871576,0.69864833,0.6990010231082141,0,2021
0.39715972229382096,0.38022532467532505,0.5122878,0.40727944558185963,0,2021
0.7073368147173149,0.664819985569985,0.5770249,0.6476357929664108,1,2021
0.655262076833257,0.6022068209312711,0.6641688,0.7087120575804436,1,2021
0.5990281941569784,0.5351911976911977,0.37298492,0.6018342095917084,1,2021
0.8938290166932119,0.8591212842712843,0.9036491,0.9016187996675221,1,2021
0.44849728164098424,0.4217439393939392,0.41614056,0.38613046595546624,0,2021
0.5774382099284437,0.5795518027036607,0.5987817,0.6135329447191479,1,2021
0.2886036876305155,0.37515793650793655,0.3213712,0.39148508165775947,0,2021
0.5316623375138327,0.5511725030398656,0.5646564,0.6174599003055167,1,2021
0.22521919657366,0.20890317460317473,0.19442539,0.2233298365735961,1,2021
0.40152379783921105,0.393843805952502,0.49050784,0.4299271612044848,0,2021
0.6862091118000534,0.6681637923480034,0.7337959,0.7188623180660484,0,2021
0.6150765095588548,0.7129409923409924,0.7525683,0.743843841428528,1,2021
0.8051877552833544,0.7651813131313129,0.7586241,0.7977608171658468,1,2021
0.767115659755328,0.760739393939394,0.6141553,0.7233425256277413,0,2021
0.8448534858541599,0.764515995115995,0.88789016,0.8644059280456384,1,2021
0.5138963032978983,0.5008980925205064,0.43855977,0.46423821675905563,1,2021
0.7080871126074658,0.6079096348096349,0.58913654,0.6544320988937267,1,2021
0.5300061035830524,0.46087025197025205,0.54107964,0.5707121701015004,0,2021
0.5273078600913007,0.48811100011100006,0.5679999,0.4711919660290995,0,2021
0.870977910480415,0.745010223110223,0.8227407,0.8069621977916263,1,2021
0.612530789386142,0.6497461038961035,0.72577864,0.618954353295607,1,2021
0.2805079189782663,0.3499274369421424,0.29843414,0.3368016864006226,1,2021
0.7275524941588043,0.8133598124098127,0.8711697,0.8613310049555845,0,2021
0.9189174007261527,0.8165550505050505,0.88505703,0.8883028636143049,1,2021
0.142451926209351,0.21426147186147196,0.1490237,0.20026038579793962,0,2021
0.5090021880801345,0.6095157097288678,0.5302442,0.676270511484661,1,2021
0.3273189330894114,0.3012177489177488,0.39222643,0.3484769596186903,0,2021
0.7015784721138999,0.701629797979798,0.71492344,0.7086955729808807,1,2021
0.8418680235969073,0.8274235209235206,0.8327261,0.8730059284469633,1,2021
0.6931059470973253,0.665072871572872,0.5461108,0.5802126876402313,0,2021
0.5875217705449043,0.6183294372294373,0.6800008,0.7009169335344776,1,2021
0.7578771688680445,0.694104295704296,0.6952353,0.7635683534504427,1,2021
0.8690788273531022,0.7467656565656569,0.77788967,0.8516683174877537,1,2021
0.5382184771380449,0.5161420013715218,0.6191562,0.5376433372336757,1,2021
0.13401539835814522,0.212530735930736,0.16423336,0.09642693913460523,0,2021
0.4557613766937189,0.5872782571229941,0.46378544,0.5442078542377364,0,2021
0.762092675822953,0.6893026695526693,0.59444314,0.6229348597819817,0,2021
0.3322211991457107,0.3945417748917748,0.29683155,0.3223648748846468,1,2021
0.12018062184526121,0.08734992784992789,0.118024856,0.13124820895550385,1,2021
0.2367065100014724,0.22630303030303034,0.25173575,0.17711671220297887,0,2021
0.12022325066070373,0.1543573593073593,0.10388998,0.11067477455362577,1,2021
0.5173489461047194,0.5381993425391257,0.4184686,0.5447424294200954,1,2021
0.319669116784933,0.408295165945166,0.26695135,0.24303353612627906,0,2021
0.5850436122622114,0.5948600767787044,0.72769034,0.6654312234672457,0,2021
0.42929771918905285,0.5368422077922081,0.4602933,0.4168551841605747,0,2021
0.8933034048873484,0.8563632767559236,0.87474173,0.8618167573791369,1,2021
0.5993390793157535,0.5362668650063386,0.4085928,0.5719999778680093,0,2021
0.344757093398197,0.28533946608946603,0.24135223,0.19965683521706754,1,2021
0.8988678824621046,0.920586652236652,0.93636507,0.9234650529027463,1,2021
0.46770832218681163,0.38271118326118353,0.35896558,0.39149660065995273,1,2021
0.494130164088694,0.46248795093795114,0.31167138,0.3811065822493666,0,2022
0.410035332479673,0.36079877344877337,0.3126392,0.3406651582157029,0,2022
0.48859672313897984,0.5194960317460317,0.39427522,0.41754556253563235,0,2022
0.37297002935408463,0.37278373293373296,0.20872572,0.26842998856284733,1,2022
0.681946593328224,0.6939928571428569,0.7376075,0.6975356782748081,0,2022
0.36387428052938153,0.4544094905094903,0.3545757,0.3747898185274986,0,2022
0.39094952668827093,0.3431659451659449,0.1983126,0.23001933634922775,0,2022
0.3957338386299822,0.48321421356421357,0.5136619,0.5712865723453986,1,2022
0.2581227464110298,0.291498545898546,0.17329572,0.2850553419802524,0,2022
0.7536771054447873,0.7176086749851451,0.8711042,0.8420998723044715,1,2022
0.3113404928935137,0.3038580808080808,0.31543148,0.20507024372737048,0,2022
0.6660416804943249,0.6639130591630595,0.7231893,0.7097399459695449,1,2022
0.3136564289579719,0.33426854256854266,0.4409677,0.38020736460806637,1,2022
0.8764988327502946,0.8310590909090906,0.8632645,0.8927404313889813,0,2022
0.5165531887264531,0.4979546958470581,0.61452764,0.58320624549408,0,2022
0.6784459342768747,0.7385982572982569,0.7552846,0.7214686241875258,1,2022
0.774752724660782,0.8354581529581531,0.8963026,0.8598636359948516,1,2022
0.49484792605795574,0.571851165501166,0.650587,0.5486642104712254,0,2022
0.712142417827173,0.7509963536463538,0.7890715,0.73659003290483,0,2022
0.5123850512888781,0.5239411616161614,0.4682703,0.5584725863595109,1,2022
0.3696087077324385,0.33587002164502167,0.32048362,0.3038388693515984,1,2022
0.30114275299979365,0.2901225829725829,0.25548747,0.22569223254424267,0,2022
0.4032722714960742,0.546869250340303,0.441314,0.36896434083108676,1,2022
0.3033409185576284,0.4475880952380955,0.23588358,0.4444170258676261,0,2022
0.7319028216879219,0.6700698412698413,0.6165457,0.7191451010645786,1,2022
0.6129371983463849,0.5038509139009136,0.46128196,0.5712060457285356,1,2022
0.7244620750055623,0.6538743978243979,0.74383473,0.7257061699443703,1,2022
0.6332208375120729,0.5582311981319336,0.5789382,0.5273103486768157,1,2022
0.5215556392376047,0.572210545010545,0.5010509,0.6145746027026794,0,2022
0.7306478864845863,0.734057936507936,0.7356026,0.7040263059850831,1,2022
0.6368945725016346,0.7181933621933622,0.6903218,0.6576461832411731,1,2022
0.6083649820051048,0.6657373737373738,0.64557123,0.5932912391889598,1,2022
0.6295577631711792,0.620285642135642,0.6293287,0.5886775462849009,1,2022
0.4284141644150956,0.26842161727161734,0.51875633,0.30745943596014397,1,2022
0.5917238733143247,0.5574359003569527,0.51888555,0.5802714500024824,1,2022
0.28673070619144053,0.2394873015873017,0.27269444,0.2905499863025203,1,2022
0.4200490504332555,0.37442525252525255,0.4532119,0.37626118258135893,1,2022
0.653313308915132,0.6085710606387077,0.4277901,0.6011808899590823,1,2022
0.7285834916865034,0.6619656232656232,0.6371218,0.592483043645298,0,2022
0.3659266832510774,0.4655469696969695,0.41950676,0.37579742800110405,0,2022
0.8159242355769164,0.6770955667378941,0.7372359,0.7190070730707311,1,2022
0.4135090542284961,0.44366418026418014,0.44990054,0.38670770090007733,0,2022
0.7503051512479971,0.6373252525252523,0.651893,0.6641300865147911,0,2022
0.3697768131781748,0.5361981962481965,0.45380825,0.5837347437173632,0,2022
0.7025615372540728,0.7001594572094572,0.74604183,0.7323335491580434,0,2022
0.6358319880020243,0.6376478410478409,0.63091046,0.6852651447541716,0,2022
0.3908558009792156,0.38403492063492056,0.382929,0.32751366838284557,1,2022
0.1883516535318754,0.1845776334776336,0.14670162,0.08790456529393724,0,2022
0.4517968001256434,0.3875985625485625,0.30566192,0.24795759212921495,1,2022
0.6760595813143541,0.5569277975836802,0.64014244,0.6515228414351047,0,2022
0.4268788937240119,0.4245392572843568,0.27029482,0.37002944508058483,1,2022
0.32817404621347834,0.25576955266955276,0.34528875,0.3327088346522372,0,2022
0.7533507325162676,0.8296707070707069,0.74065095,0.825609945722558,1,2022
0.303383955933578,0.4014851313890788,0.29697064,0.28395217556185876,0,2022
0.36844270172230187,0.435895016095016,0.3882888,0.4272223733722395,0,2022
0.3861365222222606,0.39979841269841293,0.26348782,0.3407541627129616,0,2022
0.3889809769301887,0.47340068820068826,0.29070473,0.2845563811337664,1,2022
0.6726023086262097,0.728293362193362,0.69799095,0.6972770943988393,1,2022
0.749594504043861,0.681252791652791,0.70514894,0.6884199823379139,0,2022
0.6135872416251822,0.47231125541125546,0.44944313,0.43285849172239554,0,2022
0.6924837152977157,0.694417610200256,0.5565319,0.6250788625798399,1,2022
0.5215788217998567,0.6143841269841269,0.6724333,0.6255812739496068,1,2022
0.48048202187955685,0.552730230880231,0.6038137,0.5931289999317765,0,2022
0.5202074204531595,0.49864342753355007,0.4127518,0.51745571927371,1,2022
0.4401074381150859,0.48280396449955293,0.42765638,0.47934487123763153,0,2022
0.8390978470340845,0.8915015873015869,0.85548335,0.8734452633227916,0,2022
0.8751631261440636,0.9347040404040401,0.8865665,0.9007375560960551,1,2022
0.6676671133085993,0.5005484126984129,0.67663544,0.6031942569990602,0,2022
0.7258654846328423,0.6440350012732369,0.809428,0.7445776598764803,0,2022
0.6384953604640113,0.6980877003113845,0.847389,0.7782956479083216,1,2022
0.7343714605879679,0.55421867021867,0.610165,0.7286563063760674,1,2022
0.6419590568318423,0.6068057720057723,0.74355346,0.6270989515231035,1,2022
0.30524612584784777,0.20656118326118325,0.1797825,0.18704760380508306,1,2022
0.7376197261389867,0.6919111111111109,0.731601,0.7068279421453965,1,2022
0.3070629322188986,0.32932929292929286,0.3542631,0.31378554800402225,0,2022
0.400595667719387,0.23442691197691212,0.35471013,0.31984880606863375,0,2022
0.43078967975467874,0.511925324675325,0.43562546,0.44040560193787187,0,2022
0.4873997470364906,0.5799461760461764,0.55356216,0.5183773444498415,0,2022
0.637478588628174,0.5958458874458871,0.57990605,0.6522336127601496,1,2022
0.8272901461516763,0.858545165945166,0.90089333,0.8783347875256351,1,2022
0.6371014638387081,0.5916433187727305,0.47923303,0.624854055163285,0,2022
0.4776472523554947,0.3690246753246755,0.4520684,0.34031508508961766,1,2022
0.6284294903287275,0.46533173043173065,0.45508656,0.4767213249690757,0,2022
0.8351864461905409,0.7561968110321048,0.7943972,0.7868995683472524,0,2022
0.6398695709237374,0.5814291042291044,0.6150506,0.6814583928154224,1,2022
0.4982546216900118,0.5654454489954496,0.5235252,0.5029934750668391,0,2022
0.6542924685363072,0.5635687298209038,0.71913147,0.6574075287507408,0,2022
0.4814356284548224,0.35048192640692644,0.44424683,0.3978529255808966,1,2022
0.3414126516786838,0.3359806637806642,0.51953316,0.3838230375579348,1,2022
0.648525652014549,0.8256357142857144,0.7673766,0.7682737938216675,1,2022
0.5552761341118129,0.6601555555555557,0.7820853,0.6690398579478272,1,2022
0.5093223348838005,0.5534082010582007,0.45218253,0.49423636167781615,0,2022
0.6485292339748844,0.6434231379731381,0.637693,0.6417789749525616,1,2022
0.7118344596064521,0.6825704906204905,0.8196159,0.8035506263988019,1,2022
0.5646956999247342,0.4348347763347763,0.41492653,0.35781578746526543,1,2022
0.6221201777895584,0.7064206016206018,0.6597729,0.5983135082067519,1,2022
0.23108629841445685,0.2833584415584416,0.23388273,0.1834603429598938,1,2022
0.6360947167230061,0.6433366048983697,0.55471236,0.6422432345565994,1,2022
0.690250446366928,0.7340650349650354,0.74576116,0.7881434610460671,1,2022
0.5127233366956115,0.4644753024753024,0.4608989,0.4406709056375209,0,2022
0.668428171478605,0.7089061327561325,0.6808946,0.7758382527895725,1,2022
0.32206123811554255,0.30007298812298844,0.28172293,0.20685929936518693,1,2022
0.5315818415745595,0.5211750672530087,0.5954683,0.5956189442407412,0,2022
0.7854789213345208,0.7637034632034628,0.67505723,0.6916592479222862,1,2022
0.5775266201530022,0.5058040072924568,0.45961073,0.48798162025250186,0,2022
0.4476113752894977,0.5019030747030744,0.48172837,0.4930363331234043,0,2022
0.6497001612654616,0.6465449494949497,0.57969093,0.6534050003767223,1,2022
0.6816051951278335,0.8243430735930728,0.77972376,0.8595812968094779,0,2022
0.666288659374821,0.6347643009320428,0.6985745,0.7688019227345828,0,2022
0.6585322164841695,0.6795882395382392,0.7664205,0.7138903340897698,0,2022
0.6604316790348271,0.7526615440115436,0.83801246,0.8511059257641233,1,2022
0.6898035517984404,0.6550977328227325,0.5878093,0.5745192108026953,1,2022
0.4158302254617532,0.22803831168831196,0.25985482,0.251257299724177,0,2022
0.6719558725997966,0.6369942923261808,0.65685797,0.6977347064856637,1,2022
0.46862611337607435,0.4832506021756025,0.47881812,0.49911431281387425,1,2022
0.349558595908974,0.4256172027972032,0.37445083,0.39369035145683745,0,2022
0.779472602638412,0.7247108225108223,0.77400905,0.864227278407827,1,2022
0.24210818118607358,0.2274279942279942,0.17343023,0.23051627036333985,0,2022
0.6672792804621784,0.5427051948051947,0.5981413,0.648132247688273,0,2022
0.559482937406439,0.49070865800865776,0.47283962,0.5272597448531421,0,2022
0.6372093656221873,0.45786064425770273,0.52927953,0.549440385261181,1,2022
0.7788266324226804,0.8172673881673879,0.84576255,0.8339342007337075,1,2022
0.37243075253783403,0.4111719891219893,0.40931803,0.35432305328030894,1,2022
0.18887918895407302,0.21460086580086588,0.07929958,0.11510481378468185,0,2022
0.5801903945655948,0.6431773837273835,0.72086775,0.607977466347116,0,2022
0.5125876023617102,0.5201396103896105,0.56990635,0.4591599042292634,0,2022
0.8509660473578774,0.847932178932179,0.8927247,0.8808423311168357,1,2022
0.453513695901909,0.31419159451659434,0.3072075,0.28646111897104626,1,2022
0.3764279616423216,0.5266596610800843,0.44639793,0.49795096727362886,1,2022
0.6590931590340018,0.6308397546897545,0.6124294,0.6016716534272203,1,2022
0.16549264540182954,0.18775310245310242,0.20455034,0.188936424229271,1,2022
0.3736352097829006,0.3416013708513709,0.32687935,0.36293987059950555,0,2022
0.4564492035998831,0.4237906926406927,0.32862636,0.3857282216396182,0,2022
0.7371072666550931,0.6204024290524287,0.7816511,0.7159623693497553,1,2022
0.766875124046333,0.7261104617604613,0.7439736,0.8699814439208032,1,2022
0.4695954651539486,0.47501493506493514,0.56730413,0.5378230918266299,0,2022
0.2833848327289509,0.3576712842712844,0.35872662,0.2732827800688098,1,2022
0.5708079211606517,0.5361668831168831,0.6717786,0.5974762432449594,1,2022
0.7916177240451392,0.6137660894660891,0.6070703,0.6858653961005226,0,2022
0.6307675667869027,0.6590407808375196,0.74149126,0.7343037440931356,0,2022
0.8061053116735142,0.8635596681096682,0.84719783,0.8507126069320537,1,2022
0.5274868215462587,0.5289414431973258,0.56182057,0.5602665101690522,1,2022
0.7100009455723104,0.794699350649351,0.88466644,0.8631636335553358,1,2022
0.464412795326298,0.37499040404040407,0.51653266,0.4396226893720038,1,2022
0.6704488099805915,0.7131964535464531,0.71207696,0.5381642311416857,1,2022
0.6074492772086579,0.6809003052503054,0.6450114,0.664839229698522,0,2022
0.3224183213890759,0.2967756021756023,0.3173248,0.2927487623561173,1,2022
0.5169622655549287,0.6368017291695076,0.6447586,0.6485658495153357,0,2022
0.8168578115364507,0.6620499278499278,0.6872567,0.720757725753062,1,2022
0.8623732771605963,0.8629386724386723,0.9248891,0.9137912187304424,0,2022
0.5400241109000107,0.540763775113775,0.5909257,0.6253738288030805,0,2022
0.5754832674837783,0.5455450467660997,0.3670897,0.3856396388805732,1,2022
0.8325898130072381,0.7510994227994228,0.83437055,0.8046973673603856,1,2022
0.8669735570615483,0.7885157287157283,0.84171504,0.8439372890320086,1,2022
0.3914327130712387,0.2643418303918304,0.23229785,0.23083818009699889,0,2022
0.32621315073921764,0.3663650072150071,0.3548412,0.3130278380917337,0,2022
0.7029267160570649,0.6375932129961542,0.5537277,0.6185411142460121,1,2022
0.7069296271641083,0.6869937950937955,0.7154836,0.5241837638391158,1,2022
0.7361918723459928,0.7320133647398354,0.76675224,0.7174575994266419,0,2022
0.49129049227831256,0.43685238095238094,0.41877958,0.49031683757472616,0,2022
0.41682373193467503,0.5144217893217898,0.42731157,0.3997390397454253,0,2022
0.28021973149924534,0.37887122877122864,0.35788992,0.38937828191723556,0,2022
0.1761486244999389,0.22662835497835515,0.17385288,0.21185157339157532,0,2022
0.29734534214043445,0.34859213564213565,0.29024082,0.29640714522641753,0,2022
0.188146471952911,0.32924163059163036,0.23231404,0.20036822175908112,0,2022
0.8142111198695533,0.7464266955266957,0.7469071,0.7555332828588972,1,2022
0.5406078381315949,0.5489567821067824,0.3931076,0.4582765387246462,1,2022
0.5815675431663554,0.4940413313280961,0.46828133,0.5179562697773918,1,2022
0.43974280411639194,0.4416992373639431,0.45700967,0.4780417159743051,1,2022
0.37637814860633945,0.4133878702996351,0.35320324,0.3437022888894969,1,2022
0.8711952552351868,0.8293800865800864,0.89686805,0.9148764064342272,1,2022
0.6030212938908087,0.5486858696858699,0.49790123,0.37163431257201907,1,2022
0.467272375540562,0.5573376623376624,0.4365485,0.49059075248050577,0,2022
0.6765729820557016,0.5251844155844159,0.48523107,0.5322199696791894,1,2022
0.5282291450224672,0.5470678247330493,0.37658936,0.4953116012739946,0,2022
0.7538692009356286,0.7459280663780657,0.7213668,0.7286579588874033,0,2022
0.8719049408599004,0.8926156565656563,0.9198967,0.9271891091122026,1,2022
0.6550503002556091,0.7811156565656565,0.831587,0.8371891236696104,1,2022
0.7517217110140023,0.7977041847041847,0.78973603,0.7903601522613715,1,2022
0.589556174277345,0.6324430735930731,0.7367594,0.6176609311215082,0,2022
0.30035369316061694,0.3387800865800866,0.26103392,0.3324918339058132,0,2022
0.4653381950708525,0.528651021201021,0.40741515,0.4280047689273788,0,2022
0.8150686401278024,0.8514562049062051,0.8921146,0.858954410523964,1,2022
0.3664306259531123,0.3678330447330447,0.4032354,0.40209976234371697,0,2022
0.5815734123251206,0.48685563067965415,0.665253,0.595517086044745,1,2022
0.2288169827059548,0.22658008658008666,0.22687292,0.22770327128782156,0,2022
0.6756513615516564,0.6491856421356426,0.45531672,0.7012493219516971,1,2022
0.4543649572877998,0.3916399927557823,0.44255158,0.373665272595365,0,2022
0.5509298296130105,0.6825875901875899,0.69040555,0.5797838345158698,1,2022
0.2665818487187103,0.26598780663780663,0.27449033,0.20371489543638746,0,2022
0.6278931624986744,0.582720523920524,0.60188204,0.6085450614344667,1,2022
0.36894915830018427,0.49125301642801655,0.5979738,0.49200673142297546,1,2022
0.6333438958072227,0.6036359767472675,0.61461043,0.593334372293866,1,2022
0.8449595191177165,0.9007476911976907,0.92191464,0.9124121820113221,1,2022
0.591336648671922,0.6284176767676768,0.56090605,0.5693936485095036,1,2022
0.43572548437188846,0.46242450882450914,0.4027078,0.4766115590832284,1,2022
0.8700040023514236,0.805167893217893,0.8404444,0.850220273225499,1,2022
0.7092979790082244,0.7813375180375182,0.8330204,0.8136044370458066,1,2022
0.8772850841491805,0.8749194805194802,0.90008485,0.8507800756695082,1,2022
0.364507310745721,0.4950419691419693,0.34892356,0.4535051212263711,1,2022
0.3203301691255603,0.3687566766566766,0.35540503,0.32027439916883915,0,2022
0.40089112853763686,0.4349358308358311,0.43038374,0.3951456613821956,0,2022
0.7847759113664329,0.7090326118326113,0.65732175,0.7831360319897576,0,2022
0.14921779523770692,0.20851774891774894,0.187546,0.17241399404944996,0,2022
0.7610765937277375,0.730276984126984,0.76382315,0.8227923502901088,0,2022
0.6896755541851408,0.778980663780664,0.66971034,0.7706316755964409,1,2022
0.3933139891756483,0.40851796536796536,0.5914176,0.5068630577510973,1,2022
0.3454220662244154,0.4348929903429904,0.39974138,0.3599873123618232,0,2022
0.5275880372359322,0.41201794258373176,0.4045227,0.40189611118779517,0,2022
0.6674377632204861,0.6496963288345641,0.73701423,0.7122418713708405,1,2022
0.2934370614076401,0.3796092962592962,0.25119278,0.22896441270423654,1,2022
0.8216503056512776,0.7756145021645021,0.9038529,0.8369208646433067,1,2022
0.48956627284620413,0.4499450589640246,0.38466,0.3827566089170845,0,2022
0.2756897044314188,0.21706118326118334,0.2099279,0.0927444579506276,0,2022
0.125091766795891,0.2171914862914865,0.2961793,0.19555333923996646,0,2022
0.23137924961810916,0.27923008658008647,0.21775375,0.1562512772330054,1,2022
0.5729845612609465,0.6432636280386277,0.64735395,0.6761596221971529,1,2022
0.5212982119209799,0.5547970418470416,0.6637596,0.6461105880786044,0,2022
0.4554380000865232,0.3640975008651477,0.28392333,0.37586781086662013,1,2022
0.4742063731437597,0.5239322510822509,0.3894447,0.46128100569136826,1,2022
0.42868257471288224,0.46660670995670994,0.40045905,0.3209878643683124,1,2022
0.43533000166758523,0.3810608225108222,0.5382425,0.43423674002144363,0,2022
0.693976975276338,0.6550242812742811,0.6504834,0.6758391875244486,0,2022
0.7357739693086655,0.8073588744588749,0.8625591,0.849885278878112,1,2022
0.5411755639720975,0.5141031746031749,0.60111487,0.6433176579214162,0,2022
0.788616335829399,0.7047971252603602,0.64059794,0.6852466341794325,1,2022
0.4630455662402446,0.37186421356421406,0.28900212,0.35470954754620604,1,2022
0.16364839028520034,0.28221948051948037,0.35453758,0.29421641383505975,0,2022
0.5950191872279207,0.5101102841602844,0.47047043,0.47145340939907676,0,2022
0.767891389807087,0.8261826839826839,0.8030353,0.7875168930426599,1,2022
0.6459052186789017,0.6626405039405039,0.65395796,0.6585222916568161,1,2022
0.36161836741801445,0.33426096681096684,0.22183864,0.293221068989487,0,2022
0.7956706652820219,0.8245593073593068,0.88575935,0.8479432094039492,0,2022
0.7583717113720794,0.8598322510822511,0.81626225,0.8580455768102414,1,2022
0.6618941039205815,0.5055251013040911,0.5530716,0.5437164011020444,1,2022
0.6402501673654434,0.6700257586857586,0.7711824,0.7051751229711323,1,2022
0.4831680823824437,0.5148639929313843,0.6690976,0.6069918141347007,0,2022
0.5746651897745337,0.48888400488400485,0.46029457,0.5011708928853523,1,2022
0.39128393946325946,0.46794498479662394,0.32848328,0.4114317255577039,0,2022
0.5149725895060527,0.5884199855699856,0.50802153,0.471197816814354,0,2022
0.20721744143300552,0.21588593073593082,0.1641642,0.1741393296168749,0,2022
0.6369279505502787,0.7148214285714286,0.5326454,0.5870621362154288,1,2022
0.802513994355522,0.7977187590187583,0.85,0.8164521226607248,1,2022
0.3625703986299644,0.5042518037518038,0.58975327,0.49612093567719306,0,2022
0.91854543783679,0.9384173881673882,0.915434,0.9191454677561341,1,2022
0.5294209806901549,0.5969811688311691,0.61539555,0.5674868736579768,1,2022
0.6194118748631989,0.6754255411255411,0.61481667,0.6862260222109153,1,2022
0.7107199819061395,0.8076280663780663,0.8559177,0.8461505812253217,0,2022
0.6564796621334443,0.5887423673548672,0.70652276,0.6156254975453173,1,2022
0.5893437775917307,0.5087847762750988,0.529583,0.5431178293749813,0,2022
0.32619527500287926,0.16905490620490618,0.15137382,0.1377898192543371,0,2022
0.7367880020181514,0.68230202020202,0.6174402,0.7280960869069398,1,2022
0.532467689346514,0.6057505411255409,0.70417607,0.737341587901319,1,2022
0.6363455871464976,0.563397275166354,0.4627018,0.5984624727430229,1,2022
0.5888735504000902,0.5487575351549034,0.49691176,0.5301735785182943,0,2022
0.19898862138813925,0.3208108946608945,0.2376136,0.29342887043027605,0,2022
0.6079320226788405,0.7576295093795095,0.6725994,0.7626277644804094,1,2022
0.3495854776813871,0.42705454545454546,0.5080781,0.4985817572582687,1,2022
0.8869389761182188,0.7542344155844152,0.6741893,0.7955277564672907,1,2022
0.18918810938711503,0.32540040515040497,0.3047,0.26321134562256493,0,2022
0.6568313276216791,0.7631273088023086,0.7588991,0.7678793819328721,1,2022
0.764631533852855,0.6007562813003984,0.664446,0.6988673079063612,0,2022
0.7562047141021423,0.8193559884559886,0.7172467,0.7904058239147633,1,2022
0.6330493803008156,0.5532627705627705,0.66870975,0.6388074164908454,0,2022
0.6590162156105237,0.6534268398268399,0.6193971,0.7255146271368664,1,2022
0.3200738824836316,0.2609059884559887,0.2629882,0.2882470238955537,1,2022
0.7823881908442502,0.6790273670773669,0.79395413,0.7221601462980319,1,2022
0.5690606153268315,0.6387120823620828,0.57231814,0.5795359191209294,1,2022
0.8763397042436635,0.9361218614718609,0.8825142,0.9552421331975103,1,2022
0.2220041585124432,0.15949292929292927,0.24173832,0.18299628083003977,1,2022
0.5350965760388378,0.4492233044733043,0.42304736,0.4496987607093434,0,2022
0.7283181536892417,0.7252668831168826,0.6711934,0.728701617744979,0,2023
0.5582219723508874,0.46703369284244695,0.44708845,0.4589604527393119,1,2023
0.7735326057330631,0.7086354978354974,0.80003935,0.7995517923424816,1,2023
0.3860674300368256,0.48470887445887456,0.32421347,0.3375778744643711,1,2023
0.3858951368428597,0.426931240981241,0.53765714,0.4306721509122481,0,2023
0.6675475820897908,0.5954768528255374,0.7005226,0.7412506105281009,0,2023
0.6629736789728596,0.5882439893439897,0.44920906,0.5388759637779136,1,2023
0.46051659563930986,0.38288575036074995,0.36360657,0.3634376446617085,0,2023
0.7248292583517143,0.7469190176490182,0.8348187,0.816392702932496,1,2023
0.19259994027972704,0.21478585858585866,0.18438572,0.14042574407401456,0,2023
0.5405216396127143,0.3928149961149959,0.42730778,0.43464354443572173,0,2023
0.5716150989519803,0.6042592513766428,0.5987896,0.678039132114021,0,2023
0.40224448307900823,0.4588379509379507,0.31175652,0.3916202861506167,0,2023
0.6087673094418126,0.6862406738043441,0.67905843,0.6692971436255988,0,2023
0.2863477878303775,0.488640959040959,0.50420374,0.5629672754120918,0,2023
0.15289553957924965,0.1721138528138529,0.26243708,0.1919805277049129,1,2023
0.5456937920074921,0.6610014069264065,0.65455437,0.6349554587488928,1,2023
0.5053016368283957,0.3942436147186148,0.30683595,0.34858708386165776,1,2023
0.809823039138691,0.769555916305916,0.74483156,0.7384110801730163,1,2023
0.6960338808960479,0.5737885981665392,0.50559384,0.5874313610153087,0,2023
0.5720166254359972,0.7382494227994226,0.7148984,0.7430193559446964,0,2023
0.4555673782362818,0.5202224192474192,0.49925688,0.5056426085452359,0,2023
0.4667407071586493,0.39472745587745567,0.3020547,0.3105716817601747,0,2023
0.8485223692217839,0.83786341991342,0.9286872,0.889036294573703,1,2023
0.34695831991370407,0.3197387445887445,0.37225485,0.24426252544093527,1,2023
0.4091739755704136,0.5010711399711403,0.50568616,0.39984486007938225,0,2023
0.3897329740185485,0.20797424242424248,0.26481852,0.2413659370369355,0,2023
0.8207753290047187,0.8451279135896784,0.8339192,0.8600722293701366,1,2023
0.5702529700807173,0.43139108756740324,0.5467162,0.4914183777146531,0,2023
0.5029003897644734,0.45115165945165947,0.41216615,0.4724985326245567,0,2023
0.4979730706455381,0.44328600288600334,0.50096536,0.404551301800863,0,2023
0.6340500087157097,0.5647945887445888,0.46608827,0.6317831293325,1,2023
0.7529068069397195,0.8213247474747475,0.9117161,0.9000952274364693,1,2023
0.7373166482881471,0.8392724714898626,0.8055304,0.8353944186407718,0,2023
0.5721955774936148,0.6118063492063487,0.6187947,0.6004986528154402,1,2023
0.6558171540264697,0.6132847763347766,0.55613977,0.585562905685636,1,2023
0.6914423141409164,0.6383115440115438,0.5937422,0.6296315603293348,1,2023
0.80214340091846,0.7796246642246639,0.880848,0.8735658388192775,0,2023
0.6732786985763082,0.7421839826839824,0.5776483,0.7325587058399103,1,2023
0.5221148541445275,0.525487459616407,0.5976863,0.6466280033176705,0,2023
0.3987144481983777,0.3965243867243868,0.43303767,0.4152277403791273,0,2023
0.18184991710162904,0.20652748917748917,0.15837848,0.1510118019298705,0,2023
0.6865183519678804,0.5932247807747805,0.68493485,0.6858729606585638,1,2023
0.2828103169306434,0.23860699855699852,0.20511323,0.22793663213922574,1,2023
0.8894611633303965,0.9257114718614716,0.92742157,0.9247253493840181,1,2023
0.4964943515203396,0.4392260461760464,0.61017734,0.5214958992090004,0,2023
0.4599369649874609,0.4432540515040515,0.34350643,0.34904243135408786,0,2023
0.650692411048336,0.7186994505494506,0.74623644,0.7540683920673181,1,2023
0.7163382218889807,0.5657335174344486,0.5371114,0.5857804468935903,0,2023
0.697667979584052,0.5525905103155101,0.64115345,0.621459162374796,1,2023
0.6864840185366254,0.6118651859251858,0.5529771,0.5745465531507489,1,2023
0.43837601960580286,0.43739279054279057,0.35874963,0.3311536658679387,0,2023
0.4322452760637854,0.38203694083694056,0.46274674,0.39127594589381054,0,2023
0.49975153342934925,0.5414553468016854,0.49920323,0.47532270302178575,0,2023
0.5047679099168264,0.3510329725829722,0.54043627,0.47346518900707696,1,2023
0.5191973368637819,0.47481810966810967,0.49183178,0.5386680935018078,0,2023
0.6170222934467802,0.5916147664169337,0.6072942,0.5044886167207384,0,2023
0.7424249982617107,0.8828432539682542,0.86036265,0.8467686372371303,1,2023
0.514346372544238,0.42875440115440155,0.4767052,0.42692884646280993,1,2023
0.6813370400768152,0.8054132756132754,0.7025497,0.7930665052160167,1,2023
0.6916294568025712,0.7906047619047617,0.8296477,0.7716740057766337,1,2023
0.8530449998508994,0.8904095238095239,0.8324451,0.8585720986571423,1,2023
0.16014563932512854,0.3299187590187587,0.15136977,0.22205212686898604,0,2023
0.4523552261285906,0.47081180486180496,0.52670836,0.4832893135583669,0,2023
0.7586277076164767,0.8107165945165938,0.7771522,0.7724305621616923,0,2023
0.7764764985513775,0.8454016594516591,0.9082923,0.8882496923396815,0,2023
0.524496964609277,0.5468525252525255,0.4884885,0.48033078069519214,1,2023
0.7706918178072686,0.8300212842712841,0.851805,0.862624688485305,1,2023
0.4512096010875633,0.460166501145913,0.4205753,0.4073418502582272,1,2023
0.7403561060716906,0.8139103174603174,0.8724108,0.7986654401833955,1,2023
0.4719781783250737,0.387661616161616,0.41077954,0.4130936194126976,0,2023
0.28696902721512746,0.434787806637807,0.37101173,0.4237626926748545,1,2023
0.47717539702368017,0.4814787656787655,0.53402627,0.43791688207904766,0,2023
0.3844278093986763,0.36266713330529143,0.3827125,0.3404573577236696,0,2023
0.6226121147892494,0.5574637085137085,0.35229248,0.4616087282813725,0,2023
0.34050998892620155,0.3094432844932846,0.32587558,0.36008710757051343,0,2023
0.7254233627167507,0.7856894660894662,0.89902145,0.8348329883888512,1,2023
0.4917062811995979,0.48654601672836956,0.38693944,0.42429536871852114,1,2023
0.8761272380894572,0.7911128427128433,0.84256303,0.8315677428918526,1,2023
0.41240865460459963,0.4049781385281387,0.4198771,0.38545444537616264,0,2023
0.585769695745818,0.6373500707911463,0.6234459,0.6326094729468904,0,2023
0.39384024013755964,0.3752911976911976,0.38238263,0.2954518764530981,0,2023
0.4788240412162317,0.5369851037851037,0.54637754,0.5377156156403331,1,2023
0.22436661461939816,0.20871392496392507,0.16325258,0.16876250503164317,1,2023
0.4807917594862849,0.4474922799422794,0.5077609,0.3906329034570403,1,2023
0.6836943310117712,0.7346527417027418,0.6638307,0.7621453782624098,1,2023
0.8316919493884951,0.8323603896103894,0.8654143,0.8899525185052117,1,2023
0.6503057951733098,0.8211931457431461,0.80879664,0.8179894898462113,1,2023
0.7212994653878266,0.7555316738816741,0.6818902,0.7267599879030636,1,2023
0.17120955958845704,0.16411305916305927,0.124710694,0.11773053786659568,1,2023
0.5401883406881416,0.5144385281385281,0.6254598,0.5084037465674939,0,2023
0.8841187205767786,0.8989064935064933,0.8569135,0.9106840373233992,1,2023
0.4399517470276312,0.5619985569985568,0.4833778,0.5180308812930077,0,2023
0.5536147129000608,0.4970671717171721,0.5124197,0.42704332889774754,0,2023
0.5759857839170232,0.4302444292438462,0.5272208,0.46951422040735086,1,2023
0.47276194173027764,0.4501924242424242,0.47274333,0.4169313850857762,1,2023
0.4487042255744378,0.3997049062049062,0.2904738,0.31187243209058674,0,2023
0.16374324846386412,0.33361183261183247,0.3255137,0.4121442122891751,1,2023
0.4693681473981936,0.5123685425685425,0.49031758,0.44857391662868423,1,2023
0.6777415684433264,0.6460489497430671,0.66232723,0.6630268950392109,0,2023
0.6411155709269927,0.659873926073926,0.69180197,0.6979823019264274,0,2023
0.8428461354513327,0.7342258907758904,0.7882809,0.768537091841779,1,2023
0.38857561931348433,0.3968609057609059,0.30887002,0.37245567119631656,1,2023
0.8474980936174802,0.8040447607947611,0.8342407,0.8151822231152973,1,2023
0.5785549722571456,0.5286508297258293,0.4741193,0.5010734195223836,1,2023
0.23598250181357652,0.1944188422688424,0.16844979,0.17215495183002996,1,2023
0.8529182307448993,0.7453781385281386,0.76854026,0.8461271413607369,1,2023
0.3869776729526504,0.45013176268176247,0.3974073,0.3373174443121482,1,2023
0.7373734402421424,0.7181115031548669,0.7585037,0.7803878193017051,1,2023
0.4685811574788219,0.46026965811965825,0.53811514,0.5292946343352404,0,2023
0.5108498813257729,0.4980294473500356,0.4341837,0.4674310190732954,0,2023
0.844564679231178,0.7989979076479071,0.8917314,0.854176006643175,1,2023
0.5333847194112513,0.5181564972609088,0.5796846,0.5284843383051916,0,2023
0.4669346942078132,0.5103334151355892,0.5495404,0.5207946314082421,0,2023
0.5512479324317819,0.5312018759018761,0.38713706,0.4600889076597522,1,2023
0.20870454226776086,0.28471204906204883,0.23258013,0.2561532672436133,0,2023
0.720779524882809,0.8225117604617596,0.86550003,0.82038872842404,1,2023
0.22289132984214852,0.20504444444444456,0.12965967,0.1127169368182743,0,2023
0.1712248487749812,0.2943321067821069,0.18190321,0.23741509963938542,1,2023
0.7684003738408657,0.803296753246753,0.7844216,0.8123040627350581,0,2023
0.6789758134987914,0.621726398438163,0.6556897,0.6910279674623545,1,2023
0.7204692954165337,0.8582227272727272,0.7410373,0.8558856702547332,1,2023
0.6520373913077443,0.5234997113997117,0.4961333,0.5377746967980965,1,2023
0.7169392379807847,0.5371129648129647,0.51288706,0.6033620827767842,1,2023
0.38238196649322304,0.47076706822589165,0.40892974,0.4476947020876749,0,2023
0.5733492477003304,0.6556192397748998,0.69322807,0.6680416923513879,1,2023
0.7380666024933455,0.6746625541125546,0.79632723,0.7155005408495636,1,2023
0.5715832041021576,0.5433582956117479,0.5633937,0.5478715571730032,1,2023
0.648446127482449,0.5783722555222554,0.46116298,0.5467692718442246,1,2023
0.3542106475238274,0.4925425685425687,0.49699244,0.5016158831675203,0,2023
0.7523426067318846,0.6715387057387054,0.7093877,0.7063434100257752,1,2023
0.519265983114701,0.476952933273623,0.5719779,0.5065568600688525,0,2023
0.6586342549749926,0.5498569264069265,0.50587887,0.5703184579834404,1,2023
0.5820868712975352,0.6798036186036183,0.7382493,0.7104372403149032,1,2023
0.3752280719491657,0.4991430735930736,0.518877,0.5013616911434357,1,2023
0.47755174864761185,0.5373566378066374,0.51709646,0.3965554154056783,0,2023
0.5692307147656287,0.5427353806324399,0.5740808,0.561916137399903,1,2023
0.3600188272257793,0.47244761904761884,0.398789,0.43385893029545025,0,2023
0.742396064531821,0.8576324675324671,0.82849294,0.8369476952028142,0,2023
0.7209089227918613,0.617117893217893,0.58658737,0.5775130355922166,0,2023
0.3631004665238087,0.45479090909090875,0.3937383,0.3998714614853611,0,2023
0.578036918581602,0.6628567524136173,0.63431054,0.6984105248534876,1,2023
0.5359694931223825,0.48944807648491856,0.4055346,0.5203716801290141,1,2023
0.4767470801108079,0.5570656843156847,0.5691803,0.5636494547315182,1,2023
0.41334720403015646,0.36563013098013086,0.32065025,0.24118895896332251,1,2023
0.48487933676763917,0.49358422632922616,0.48482877,0.5738477254212577,0,2023
0.7998195561703405,0.7755584415584417,0.85614437,0.7956014480893773,1,2023
0.6449620486815887,0.5827051724490342,0.6751271,0.598505468303454,1,2023
0.6338315154429334,0.5757509435009434,0.45493242,0.49221087154457427,1,2023
0.8500997454239911,0.6542373015873014,0.82473224,0.8138830475715889,0,2023
0.7315469985925012,0.7221578643578649,0.7211493,0.7040414020268217,1,2023
0.23157346749361682,0.23525115440115443,0.1768141,0.1701563291743902,0,2023
0.5980739806782243,0.5353979216186117,0.4638439,0.46442777048818995,1,2023
0.806671551033288,0.8532051948051951,0.87241566,0.860296999864776,1,2023
0.5040384295785221,0.47837582972582926,0.5197497,0.48514396545034205,1,2023
0.7449995560289475,0.7549450216450221,0.8681381,0.7911947528898298,1,2023
0.6852092611175397,0.716270651897122,0.58562064,0.6988788939572289,1,2023
0.6717924129047212,0.7478488455988456,0.7457816,0.789512475772107,1,2023
0.762314356867924,0.7302195526695529,0.7267387,0.712043865720275,0,2023
0.8443105686816331,0.8371017316017318,0.8411794,0.8524013491535913,1,2023
0.8318828311834572,0.7770198412698409,0.7533298,0.8629508004358759,1,2023
0.3283227149442306,0.3623448884448885,0.33628944,0.3191431977157494,1,2023
0.3175850020659028,0.2593076479076481,0.2624587,0.21301665123221764,1,2023
0.6055574525106389,0.5194811910311907,0.47102255,0.43290587145127646,0,2023
0.740877932193299,0.7925749195249198,0.80612296,0.8207123299492133,0,2023
0.7256246160627585,0.864449927849928,0.83581895,0.8789257635039127,1,2023
0.3974285449327699,0.27189696969696986,0.3729506,0.28243662835323374,0,2023
0.3078554691970103,0.28800721500721504,0.24333455,0.22193904637060125,0,2023
0.3888792138540818,0.393995364588523,0.3162423,0.36402159330162065,1,2023
0.6423923648800302,0.6915937950937953,0.7874172,0.6766009882203737,0,2023
0.4396706629132309,0.4458457037677205,0.33215982,0.38347643607958054,0,2023
0.5200477430376123,0.5476245542442599,0.48879397,0.5518148548446228,1,2023
0.5352055351848524,0.5825727272727272,0.5090875,0.4716062825001476,1,2023
0.713566993249394,0.7167691919191923,0.6271049,0.7281651686146429,1,2023
0.40760675293613724,0.4431034442681498,0.37559572,0.32721229286669945,0,2023
0.32950382834923225,0.41761735631518215,0.35805306,0.3878931266816259,1,2023
0.3674622438386118,0.2902897546897545,0.3193917,0.3726587760805653,0,2023
0.5831015710239354,0.6259353053808936,0.74808484,0.6736205299173844,1,2023
0.2921312376239523,0.29792243575138344,0.2879897,0.3439739712207946,0,2023
0.7893309392940381,0.862888761238761,0.8426433,0.8476928267062329,0,2023
0.7664711949296678,0.8713482683982682,0.8742326,0.8893824444664842,1,2023
0.5475638874051872,0.4739662037309098,0.5167404,0.5628262983078912,1,2023
0.42281029923491376,0.4064712121212117,0.2647465,0.24182912194568099,0,2023
0.3758069207197435,0.4301693362193361,0.36655393,0.4315996013937794,0,2023
0.4079024807580211,0.4922049062049062,0.53868324,0.43641694820022126,0,2023
0.856164588918644,0.9235363636363633,0.9471181,0.926164939403809,0,2023
0.62792093707486,0.4515430261261528,0.4525405,0.5041992308979476,0,2023
0.40730304302006276,0.3834023088023087,0.2141716,0.27578620807180443,0,2023
0.7309376727597394,0.8418622655122655,0.8202824,0.8476164815640942,1,2023
0.4842909537085193,0.4908976190476191,0.49146664,0.4642323092860219,1,2023
0.5764986724392738,0.4735972582972583,0.46371675,0.4500034876735351,0,2023
0.3635689973243698,0.47194546009545996,0.34780318,0.3942459404781819,1,2023
0.5912589606132012,0.6885026407632896,0.6441159,0.5967475508917747,0,2023
0.776739487918619,0.8017691919191918,0.8512483,0.839995572649898,0,2023
0.6257371591608425,0.6204291474804268,0.55792624,0.5834511044131238,0,2023
0.8059587596098703,0.6777067821067816,0.821801,0.7936996363828435,1,2023
0.2776171982513073,0.23061363636363647,0.17033683,0.27978839004623196,1,2023
0.7536749875667078,0.5960518759018756,0.6632701,0.6128200134483595,1,2023
0.5528672451608098,0.44660533910533945,0.52194726,0.5035085630212651,1,2023
0.712865010245967,0.7916966386554621,0.8134964,0.8555410081540384,1,2023
0.4420875674124258,0.4777632034632033,0.48658836,0.33322971288054226,1,2023
0.3920662145900709,0.4419537994685057,0.40989846,0.41376469595992854,0,2023
0.8436639843582179,0.8777966810966806,0.91342694,0.9267256879667639,1,2023
0.5961438474507459,0.5457451827242521,0.47585964,0.5618279597482432,0,2023
0.6412169023968557,0.509142027253792,0.54991513,0.5848246830331393,0,2023
0.7244649478021835,0.7441986291486287,0.6915339,0.6122221031288322,1,2023
0.7799884778434264,0.8251435064935063,0.6676878,0.7781801061717665,0,2023
0.3593233331621635,0.28324898989899006,0.27940595,0.21597582640818883,1,2023
0.38565345768626,0.46155606060606075,0.36455593,0.42225702512799285,1,2023
0.6440030020309275,0.5928138528138521,0.6397755,0.6935667545334023,1,2023
0.42158295572761056,0.5425216825657998,0.54847956,0.5196441499967007,1,2023
0.6692174415366942,0.5574429292929293,0.65409434,0.5873849179428265,1,2023
0.3131680820656642,0.4475109057609053,0.34457618,0.3715046583745864,1,2023
0.7434437032063685,0.6128865431300723,0.68156666,0.6428307423977015,1,2023
0.6408702723633646,0.7408052669552676,0.7229117,0.7062440470323228,0,2023
0.8582814511227668,0.8373971139971134,0.8710891,0.8475956700257719,1,2023
0.20301181317423334,0.2253772727272728,0.15186377,0.2199774381183467,0,2023
0.6424408989463983,0.6039743145743143,0.66469246,0.5587732615547202,1,2023
0.6850432675127207,0.6040249300507918,0.7398548,0.5801285536351269,0,2023
0.08310840371928772,0.20157534132534144,0.17016165,0.18866050382782612,0,2023
0.6968078172948923,0.732805122655123,0.770666,0.7071958792279989,1,2023
0.35086318293071367,0.42474826839826824,0.384838,0.3850639094503376,1,2023
0.38933826376837244,0.320517748917749,0.41139972,0.3256909821525547,0,2023
0.48357555097868005,0.44515642070347916,0.44024658,0.37814374509960563,1,2023
0.5171272002883025,0.5344946453706202,0.5737015,0.5451042876647562,1,2023
0.3946918527943109,0.33268484848484875,0.47897226,0.501786608075602,1,2023
0.4431170346934955,0.2766556998557,0.4386875,0.29376195719731163,0,2023
0.5316663047511667,0.4096368464868467,0.45513532,0.41282137233642463,1,2023
0.2766690766944884,0.3683778499278497,0.29552284,0.36122118951765253,0,2023
0.5005548875792862,0.43617024877427335,0.3125987,0.41407117395213733,0,2023
0.46380857118313656,0.5335169552669551,0.5694235,0.49686099414077284,0,2023
0.5516743156529911,0.5447007215007215,0.573227,0.4137641489411848,1,2023
0.4930561842237881,0.35842755689387557,0.27512917,0.3313284449669742,0,2023
0.5222149679430413,0.5549588851049143,0.3706155,0.5382252764577012,1,2023
0.5851864959611486,0.6155688367188366,0.6179519,0.598625356974326,1,2023
0.4505962773169194,0.5058984126984128,0.4791658,0.5525229556083067,1,2023
0.6511527916362354,0.7476521978021978,0.68186367,0.7720959961930923,0,2023
0.8255019089298932,0.7955714285714292,0.8008584,0.762930259109126,0,2023
0.7555534301912649,0.6744815295815294,0.74634135,0.7521593933802854,1,2023
0.7496822618241877,0.7726175239792887,0.80762035,0.7841774278008803,0,2023
0.7682297705708799,0.8376857142857146,0.7781457,0.8063159087326626,1,2023
0.6526327099425799,0.6868825396825398,0.8018059,0.7035396250985485,1,2023
0.5982960768615719,0.530583217893218,0.55206907,0.4704359326839727,1,2023
0.8273923334598411,0.8002655844155845,0.84313464,0.8532549154165882,1,2023
0.38570910154909055,0.4149693362193363,0.38407782,0.4882389792074684,1,2023
0.6420694737084244,0.5826800815463611,0.7280315,0.6299273639729305,1,2023
0.7269803852952442,0.5512963536463538,0.64975524,0.60761044806582,1,2023
0.7948142827204511,0.6859272505272506,0.8139337,0.7934777560067728,1,2023
0.28492472187792883,0.2669261904761905,0.26280385,0.20804073330260284,0,2023
0.8572618193098568,0.8150518037518035,0.8654275,0.8530694297206052,0,2023
0.5971799650840643,0.7256688824333566,0.7282892,0.6828217079881399,0,2023
0.08353767727776938,0.18316199356199359,0.122538224,0.13105939177793677,0,2023
0.5728435692787669,0.5692124819624814,0.5657146,0.6668406401386493,0,2023
0.6196436715986698,0.698855555555555,0.696115,0.711922044373654,1,2023
0.6089393882849539,0.490669474969475,0.5472929,0.4730888335278227,1,2023
0.4900647427843391,0.5018279659953572,0.39296404,0.43895029190698664,0,2023
0.8423243594717367,0.8725562049062046,0.895265,0.8611937990543231,0,2023
0.6297912850417899,0.604644805194805,0.52355313,0.6055638792577065,0,2023
0.30703045394125045,0.42113705738705726,0.62429607,0.512358222607511,0,2023
0.5792031917915912,0.470543217893218,0.39443016,0.4594505229989044,1,2023
0.7303253968701805,0.830410606060606,0.8461139,0.8510081036708615,1,2023
0.5336832192859667,0.45469073005410476,0.38380367,0.42498297594551326,0,2023
0.5302151904779029,0.7106764529498929,0.6773902,0.6461080821866991,1,2023
0.3499158667852276,0.2940824929971988,0.30395943,0.2976535139593885,1,2023
0.4003069718672918,0.39983196248196234,0.30377117,0.3047563669316831,0,2023
0.7810674019264146,0.6148880952380957,0.6205704,0.6397122433786847,1,2023
0.3278293038259517,0.32707792207792213,0.2146338,0.36777587512006343,0,2023
0.4465189144318682,0.4711678368884251,0.4774822,0.48806117636024104,1,2023
0.21408696252997916,0.2049805194805195,0.14753093,0.23923931622736216,1,2023
0.8675639473117743,0.7524229437229435,0.7069643,0.7326208170390837,0,2023
0.15748526693019624,0.1451920634920635,0.111501254,0.09468360926115525,0,2023
0.5898575067250431,0.48822171717171714,0.46392328,0.5240564175575698,0,2023
0.3923778878521598,0.35956046176046186,0.36030364,0.31352861946215227,1,2024
0.47032984149316304,0.4505867243867242,0.5891008,0.5068594065029703,1,2024
0.5080588456563004,0.42722593795093783,0.44531107,0.41423428875276513,0,2024
0.7776201222572983,0.7073376198964435,0.59976685,0.586231486716365,1,2024
0.6409668612911424,0.6068902042402047,0.6426068,0.6940634228120032,1,2024
0.8203105690409918,0.8407642135642138,0.83946824,0.8637697814887215,0,2024
0.5861883181331384,0.525996524771525,0.5550404,0.45631497333895743,0,2024
0.777071865035943,0.7359297258297259,0.76086146,0.7217676503194963,1,2024
0.8118386029197807,0.8646810966810972,0.87407255,0.9064359759902086,1,2024
0.46833963626563924,0.5105567044067044,0.52025574,0.49714926981448465,0,2024
0.5101704810158613,0.5899293095793096,0.49383074,0.5344911634918547,1,2024
0.5885168148465421,0.6164637085137087,0.4926844,0.554972545972932,1,2024
0.38372641062662693,0.35693448773448816,0.2612439,0.3239571941192862,0,2024
0.7166854771181433,0.7860512987012982,0.7910754,0.825732570243052,1,2024
0.6069288863707168,0.574578442281888,0.5189537,0.5538096910489321,1,2024
0.886537709309132,0.8683557720057717,0.8785167,0.8930642481230977,1,2024
0.48798351712798554,0.3777337107337109,0.33939895,0.4020501652526768,0,2024
0.8306128764429347,0.7755930014430011,0.8162412,0.8532370622572677,0,2024
0.38622527698863635,0.39547395382395417,0.29190567,0.3121450118545791,0,2024
0.6134687072563386,0.5837677045177048,0.5205512,0.6100044926963859,0,2024
0.6503112123878121,0.705337433399933,0.6529673,0.6986445079397062,0,2024
0.7001071140564931,0.8106619047619048,0.77057356,0.7401002574440232,1,2024
0.6152668323562466,0.6396754358254362,0.55451006,0.5603823347276055,0,2024
0.20730896602096785,0.2785443722943727,0.2546112,0.24779694294895713,1,2024
0.29489764252402545,0.4102853535353536,0.5552531,0.6173096961702752,0,2024
0.5526944124178867,0.48564606782106823,0.39366516,0.46448584673373267,0,2024
0.5081890410181348,0.36078885281385314,0.4237243,0.49822370690823353,1,2024
0.37516771279394057,0.32547070707070713,0.3982421,0.2891460306341442,1,2024
0.47782875346735487,0.47437525252525253,0.52419883,0.45666461343973314,0,2024
0.5735380226588992,0.6590678400546822,0.5987051,0.6659110688138061,1,2024
0.5812331916612521,0.6828386724386718,0.6615553,0.6529162900854681,1,2024
0.7787121081771622,0.7433670995670993,0.8046444,0.6452416903967491,0,2024
0.6539685721535239,0.6444185989449149,0.6928754,0.651464133577251,1,2024
0.5567231351271293,0.7150235718529836,0.68960804,0.774810500172051,0,2024
0.4866824727086098,0.5348251082251081,0.4931791,0.5217692375044677,1,2024
0.5838276451960913,0.44583867243867265,0.2950052,0.38139263452951927,1,2024
0.6770774007060578,0.582526551226551,0.4992867,0.7300726092859405,0,2024
0.6396929669151818,0.7011148240648245,0.7865281,0.7363538290503042,1,2024
0.6733255074199025,0.7901727272727269,0.7490163,0.7542620084771693,0,2024
0.3488191428255048,0.39919942279942267,0.33834648,0.37055970070398364,0,2024
0.8273804440590871,0.8207983405483409,0.93717664,0.8347150078785803,0,2024
0.709742144750741,0.6025205380876435,0.6032814,0.5863035100833065,1,2024
0.40388024561715014,0.3616061993561993,0.43799418,0.49765590141563437,0,2024
0.4611966559338504,0.5031974358822514,0.5199963,0.42619458430031115,0,2024
0.25434371348399043,0.31940209235209255,0.33771533,0.33164657485663157,1,2024
0.35172209703221957,0.4574963203463205,0.43155152,0.4637729423991453,0,2024
0.7489687073733285,0.8397196969696968,0.80178565,0.8369360616608975,1,2024
0.7967411177277028,0.7730651515151511,0.7940875,0.7817722014832454,0,2024
0.34695511123815803,0.3629517316017314,0.32570928,0.33862577623512796,0,2024
0.2765593014952023,0.2882029581529583,0.33806145,0.3249479698060577,1,2024
0.2657244845966239,0.3141891053391055,0.3870471,0.3990093608265986,0,2024
0.5022067562858399,0.4107188311688312,0.5654375,0.46386120307979917,1,2024
0.4992902166520843,0.6411694083694084,0.6459486,0.6352631706947718,0,2024
0.6292131619443121,0.6555550129694868,0.6799088,0.7440930887278556,1,2024
0.3575744488659661,0.47270584970584933,0.44392803,0.40083921357559477,1,2024
0.7298870888516139,0.5549430356193515,0.6328612,0.6797986661155924,0,2024
0.5438027054678112,0.5068695526695525,0.5628073,0.5379160657385474,1,2024
0.6994516249869849,0.6489480519480524,0.6643213,0.5672291550991835,0,2024
0.891530881661636,0.8776803751803749,0.8260504,0.8771743805367918,1,2024
0.31150520215458694,0.3763044011544012,0.29043385,0.32730061245290204,0,2024
0.646407433977034,0.5820430014430018,0.59439117,0.6403558482255376,1,2024
0.5738540850655066,0.5299854881960145,0.53226507,0.5323447186366081,1,2024
0.5799034207347836,0.6648239926739926,0.6767365,0.635526135196185,0,2024
0.4899025997088316,0.5348049462614679,0.47213086,0.5501477056625586,1,2024
0.30922923661035406,0.4846457638766463,0.456693,0.46194367892133065,1,2024
0.6112835871575556,0.7896768398268398,0.76451117,0.7375735711530839,1,2024
0.712733419632186,0.7532692640692642,0.79723746,0.7351333498928829,1,2024
0.4273031245618818,0.3586345598845596,0.2805041,0.3007529382037558,0,2024
0.39608155699294223,0.3341902597402596,0.37172145,0.4264258964969508,1,2024
0.5240215149806728,0.5404929759610874,0.55915046,0.5487181703330721,1,2024
0.46276097012290834,0.4696121933621934,0.4894577,0.36066170426945476,0,2024
0.5123394643056008,0.566937012987013,0.55795985,0.648743846301969,1,2024
0.45310972780452236,0.37448210678210664,0.35224983,0.3697754558552076,1,2024
0.8126222472326179,0.7405882894882896,0.74261075,0.6974551768049776,0,2024
0.5105122959787564,0.5313759018759023,0.5644234,0.5174244120934474,0,2024
0.768966561176582,0.6498485569985569,0.6992223,0.7292372971195377,0,2024
0.5460411281173001,0.5129248917748913,0.6312187,0.5689313626281546,0,2024
0.7135212275352582,0.5327118724412842,0.71518654,0.6670972463885805,1,2024
0.37334728659038385,0.4254026271114507,0.48764536,0.5186200290350143,0,2024
0.661831390131716,0.6357208513708517,0.66561794,0.683022657950491,1,2024
0.7853628239185356,0.6610893939393939,0.7202284,0.646381312602472,1,2024
0.7258950534621703,0.683778506873244,0.66381043,0.6835669459876291,1,2024
0.423046363741703,0.40542590187590183,0.46574244,0.34318909872281883,0,2024
0.45050108441739795,0.5304663131313131,0.5175497,0.5168758432613262,0,2024
0.7213915546063203,0.8199149350649353,0.8168366,0.8312274130296937,1,2024
0.4586551450605455,0.4533192640692643,0.4470251,0.46193541812696465,0,2024
0.5129026798433808,0.629245458789576,0.59434605,0.6984673803408232,0,2024
0.43833718066180566,0.44742186147186186,0.3484887,0.3496894297482451,0,2024
0.432405850161314,0.42113226773226786,0.52358484,0.4732292288197989,0,2024
0.5337056206322742,0.5210447607185595,0.57948583,0.5250268283435584,0,2024
0.3679810563564824,0.5316961038961038,0.37225136,0.4217424665416975,0,2024
0.4411662689651966,0.30751731601731636,0.35187504,0.38397407919026294,0,2024
0.4647571718881553,0.5418469962785754,0.4563843,0.5244238693674975,0,2024
0.7031320755516316,0.6350493506493508,0.70261407,0.6036909439206892,1,2024
0.46294404382243565,0.5001465867465867,0.456585,0.44966385688893457,0,2024
0.8771606779472434,0.747831457431457,0.829798,0.8545467024315961,1,2024
0.25665044369785395,0.3673971861471863,0.25760144,0.28556519541786896,0,2024
0.6348272909352494,0.6190125541125543,0.41859326,0.6007291369269236,1,2024
0.6342179237788758,0.6927945165945169,0.675591,0.6790767076028789,1,2024
0.5849381683562119,0.47534148629148654,0.5153808,0.44389017828925964,0,2024
0.4023250426851255,0.48811050616050594,0.53139627,0.35867040803473826,0,2024
0.6378098191740034,0.7507860028860025,0.7879089,0.6673389205215511,1,2024
0.7379492527608904,0.8549691197691196,0.86524945,0.8871180381169154,1,2024
0.5275243617629863,0.504027161727162,0.49551407,0.47311936895866985,0,2024
0.6433258821399074,0.7994397005772007,0.8177245,0.8069671396704242,1,2024
0.41857878531253784,0.4853502164502164,0.36178327,0.310606311821566,0,2024
0.383421193058268,0.49774704184704155,0.3813064,0.5338635678356288,1,2024
0.44733632053185635,0.4748996392496394,0.46292394,0.4481141111081889,1,2024
0.5745216193784669,0.54580120990121,0.5472519,0.5943986805479354,0,2024
0.178674638244229,0.3442623376623377,0.22585514,0.3120771009639447,1,2024
0.8657186486824489,0.8298963203463201,0.86331755,0.8060484236725043,1,2024
0.6691833683058194,0.5528719190463776,0.49247128,0.541042015613864,1,2024
0.3990661060177584,0.4011344877344879,0.4691123,0.43253838453184007,0,2024
0.5264696731313546,0.5570092352092355,0.78858906,0.6749018088292866,0,2024
0.2697303743535522,0.36276277056277073,0.3070006,0.30139969517790094,1,2024
0.6160224392179865,0.641783621933622,0.52449524,0.6167638133129955,0,2024
0.6068410611034902,0.4994642857142852,0.5824055,0.6138686527495775,1,2024
0.40581486847588666,0.44941053391053376,0.41010702,0.3602507731143192,0,2024
0.8270507660390369,0.7992010101010105,0.873023,0.8687892993216044,1,2024
0.2502219292187487,0.24603708513708528,0.21995696,0.21922664313756646,0,2024
0.6232489521901855,0.6569582251082251,0.521593,0.6084486855569076,1,2024
0.6577208939255039,0.5647770562770561,0.603942,0.6784519111393346,1,2024
0.7825749603539084,0.8047158730158729,0.7731721,0.8183311124267154,1,2024
0.4643804055435178,0.4804500081789556,0.5000047,0.5045948161232012,1,2024
0.5436202288889106,0.5475242086345026,0.5065873,0.5353666716182125,1,2024
0.7256717148186808,0.7711896825396825,0.8134018,0.826495799542501,1,2024
0.8640170047814485,0.8997639249639242,0.8760306,0.8940219854558298,1,2024
0.38425947561263785,0.439130230880231,0.3845247,0.4015297824170402,1,2024
0.6759719059956864,0.7385538239538235,0.68742776,0.764845652315302,1,2024
0.44723273528016433,0.4564618936618935,0.41990438,0.39869082539205847,0,2024
0.26410247452590124,0.45292336552336576,0.5559239,0.512232933411263,0,2024
0.6005296917912006,0.5007441797091801,0.4152888,0.4871503711521084,1,2024
0.5592208455613664,0.49372730880230864,0.34644583,0.42754692499450114,1,2024
0.668297837126481,0.5948888419267582,0.59735036,0.5462010411904464,1,2024
0.43658462915633967,0.35667402597402603,0.3929367,0.35413885971076614,0,2024
0.5567280996856439,0.5118269498367698,0.5333489,0.5106656845659971,0,2024
0.7285659277035132,0.6198129148629146,0.7264409,0.6861566449306928,1,2024
0.8006246337560405,0.6450636724386729,0.66075873,0.7280683178520498,1,2024
0.7846899197119425,0.8695844877344874,0.87301034,0.8565598702567526,1,2024
0.43794508366920903,0.5481097820308344,0.4179266,0.4681243746428282,1,2024
0.6452191686232163,0.7040292929292932,0.7614922,0.7151423771028553,0,2024
0.17053458395323245,0.27262900432900444,0.16021302,0.23032325065059978,0,2024
0.4393400369571221,0.365558152958153,0.27844933,0.32423054630937603,0,2024
0.7599048132807102,0.8118925685425684,0.81700635,0.7953886912062497,1,2024
0.43722503480044755,0.41645693195693173,0.42109016,0.45800822027773075,1,2024
0.33425623280980693,0.4520844155844155,0.47965935,0.42624438410001075,0,2024
0.5370358050862017,0.7035068986568985,0.81291384,0.7392828072676998,0,2024
0.6103199710056946,0.7110904040404038,0.7888649,0.7312887374760898,1,2024
0.6247440121634735,0.6628316350316353,0.635174,0.6491766937728916,1,2024
0.5199437261068375,0.46002907647907615,0.4155547,0.3958482738646553,0,2024
0.35818038745552416,0.29710519480519515,0.22392936,0.2567112402497174,0,2024
0.6266854401633447,0.6152065921007095,0.5840586,0.5978687579119714,0,2024
0.5077541521218328,0.5456497113997111,0.50409436,0.488403643447743,1,2024
0.33437696311553866,0.3436192743764173,0.25709453,0.32041510465328865,0,2024
0.84091875382215,0.8457665945165946,0.79705554,0.8483566523220901,1,2024
0.6925496964840943,0.6904745529435399,0.63245744,0.6853978601654207,1,2024
0.44817777882517507,0.38882355699855714,0.3727785,0.3772357178951679,0,2024
0.5669836649599135,0.4784571262071264,0.552047,0.5733937233003746,1,2024
0.6427820579270457,0.6033726551226554,0.6090341,0.5710453290808019,0,2024
0.339580938401829,0.42091073926073935,0.43538645,0.3687641697640839,1,2024
0.30759611763295946,0.20545512265512275,0.12698373,0.1602880406990298,0,2024
0.6107059524291042,0.568000865800866,0.64657605,0.5265460438923407,1,2024
0.7591599370357694,0.7625811688311692,0.7939256,0.7748694157441023,0,2024
0.6255126683552568,0.552727344877345,0.5675173,0.6084974185965802,1,2024
0.4818947278029327,0.5417466810966816,0.49946693,0.4233424232435568,1,2024
0.46290513618908197,0.4888564213564215,0.43540064,0.39035931225029846,0,2024
0.2862892815268542,0.3617059884559885,0.34521273,0.36658322487860345,1,2024
0.1888909605338592,0.16909220779220793,0.102151886,0.10972061547282369,0,2024
0.3353340668393427,0.2884999278499279,0.39915243,0.34248860880821275,0,2024
0.7776359226930813,0.7514715007215005,0.7605157,0.758329810318449,0,2024
0.1823712288846024,0.15036601731601731,0.14221138,0.10498084841470935,0,2024
0.7608891364517066,0.7242626984126986,0.8150485,0.745195306319357,1,2024
0.3067206537341119,0.41148043623043634,0.46171215,0.4738713355785268,0,2024
0.8162261144546111,0.6992068542568545,0.7381008,0.8240800468637646,0,2024
0.4014469702254966,0.30959675324675323,0.40248463,0.36096532687986443,0,2024
0.45495245986516725,0.5530678654506824,0.48674747,0.49350946246843563,1,2024
0.40707640259590144,0.5655408369408367,0.622632,0.6568803589211559,1,2024
0.4852521086523642,0.4412072871572872,0.4424182,0.4454808422299255,0,2024
0.2808987080840768,0.3595331890331895,0.2759906,0.2803048179734355,0,2024
0.8819787369656723,0.9357762626262627,0.91008574,0.9016027441126134,1,2024
0.7365482223070938,0.7514053973803976,0.7224285,0.7277838325132111,1,2024
0.5270020888300475,0.7046838963477402,0.5084321,0.6304543881844878,1,2024
0.8638228610697831,0.8180430014430012,0.8749232,0.8751998829685433,1,2024
0.5115087392655121,0.5157795454545455,0.50204414,0.526282444383957,0,2024
0.5551861369278498,0.5080637085137083,0.57219183,0.6552714490236675,0,2024
0.49111724269560614,0.3893662337662337,0.34209692,0.3666708617334698,0,2024
0.7173448335027486,0.7938224386724375,0.7655369,0.7693579200782084,1,2024
0.5128302711251255,0.5699410749381335,0.63834596,0.5629135362295203,0,2024
0.6047291451990536,0.5322741759702286,0.62382007,0.4879135943400773,0,2024
0.6990146033194534,0.7132005050505053,0.6911939,0.7251915055685226,1,2024
0.23843004250933839,0.2631251082251082,0.34721544,0.31057507549008834,0,2024
0.43117801197853445,0.41105923520923515,0.45523313,0.4547728406164348,0,2024
0.6227542058411537,0.585702365762892,0.53071606,0.5755422009353877,0,2024
0.7739720033303203,0.8092548840048837,0.73376137,0.8020376015172184,1,2024
0.7268481392504479,0.8398089466089469,0.8453923,0.8289365519614265,1,2024
0.6667592695909993,0.6756269119769116,0.5467617,0.6235238075929815,1,2024
0.8118487365707447,0.8235066378066374,0.8999838,0.8515879570486531,1,2024
0.7715459879619148,0.7378429036105504,0.8322613,0.7887721515192877,1,2024
0.538733424471924,0.5684791374604067,0.41263625,0.40799074212897657,0,2024
0.8857053746604392,0.8231740981240978,0.86989003,0.8764125086021363,1,2024
0.6916980875190242,0.7975074148074144,0.72619724,0.7187416465122773,1,2024
0.785584459134383,0.8251514430014432,0.8249021,0.8203622224525781,1,2024
0.5695051533491433,0.4561504710975297,0.42327553,0.4382465489206952,0,2024
0.5768850872298954,0.6604992784992788,0.49007353,0.5777667412310108,0,2024
0.4519910309506721,0.43588697657691466,0.5071272,0.46433977762164674,1,2024
0.6982093524441567,0.6218120565594251,0.6681952,0.6560189240775085,1,2024
0.7705182010611081,0.7686014430014436,0.8340573,0.8000905332142202,1,2024
0.5322988467077675,0.503797113997114,0.6053539,0.5273849854988871,0,2024
0.5590638492022001,0.4799895382395387,0.3881052,0.4194108973131471,0,2024
0.4468252942275496,0.5121026529026531,0.47060007,0.4377976131330689,0,2024
0.17344808367140682,0.26524812409812426,0.15900974,0.21114064298424068,0,2024
0.4038850826732603,0.39509025974025974,0.38061193,0.4092922432344174,1,2024
0.6139667021008288,0.5216021671139318,0.4910301,0.5411591646037973,0,2024
0.3903020437141939,0.35476046176046167,0.3584501,0.3437965854189209,0,2024
0.1597927142744776,0.2776279942279942,0.191496,0.19509380987413252,0,2024
0.3450437097702117,0.204515367965368,0.3052069,0.26742742800794617,0,2024
0.5947256934945538,0.6762914862914862,0.5474297,0.6393145369361921,1,2024
0.6976281778820401,0.8277056277056276,0.8027471,0.7562199843315998,1,2024
0.7007319302697066,0.5694099756968175,0.6914342,0.5714521989613526,0,2024
0.48718654201205897,0.44939885669885643,0.40129092,0.40980224671417553,0,2024
0.6995732034110321,0.6598741702741704,0.706048,0.741391175485485,1,2024
0.40776177370526623,0.4281911255411256,0.47687873,0.4764774497418753,0,2024
0.7761423963497871,0.8223025974025969,0.8451184,0.8482327690286973,1,2024
0.3959774391807884,0.37189884559884573,0.2977502,0.35948069282063483,0,2024
0.36291321485071837,0.3597761072261074,0.44374806,0.46912212444263934,1,2024
0.7669062566120808,0.7442778499278498,0.715935,0.7382361757561114,1,2024
0.6928454319980739,0.7325072150072153,0.82398814,0.7914193880432763,1,2024
0.6504928922868821,0.8321946778711485,0.82702076,0.7765587044437028,1,2024
0.3392476635523825,0.36002943722943714,0.2723518,0.324674650981325,1,2024
0.18271881710281596,0.19177554112554113,0.16556203,0.1271491801925605,0,2024
0.8025422748687383,0.7823325396825394,0.848451,0.7751700454224452,1,2024
0.6109401467009421,0.5710382589632585,0.58761775,0.5900688563238302,1,2024
0.31318351130180805,0.3528865036923859,0.32762647,0.3523070372140715,0,2024
0.3699030207153148,0.4828976037034861,0.5056564,0.5623724087957248,1,2024
0.45070933359943355,0.3785843434343432,0.32296044,0.3611984000903127,0,2024
0.855739421040625,0.8746050505050504,0.8675478,0.8209497843213099,1,2024
0.4872794987788347,0.5018632034632035,0.64131117,0.5006906566328568,1,2024
0.6683502321877272,0.6399548340548343,0.6638469,0.6870381763903688,1,2024
0.40952905668619666,0.4880748085248088,0.34504846,0.43378983117569186,1,2024
0.8144598048962253,0.8820075757575753,0.8413293,0.8941601488040932,1,2024
0.3734591762381389,0.4494910682884369,0.42987323,0.4747202713328634,0,2024
0.26412468582757753,0.27655916305916317,0.22467718,0.22922814003640082,0,2024
0.3999573712810735,0.3996391053391051,0.4752003,0.4158610252510075,0,2024
0.440423587787573,0.49662032435400827,0.4662166,0.44060649632979487,0,2024
0.5802642437634974,0.6740746753246757,0.7213538,0.6188663328601621,1,2024
0.6211145269217891,0.7010191569868035,0.5578911,0.6817189454404736,1,2024
0.8459459777527883,0.8553989898989893,0.8272082,0.8105001875420925,1,2024
0.5532672483863293,0.5104853063347422,0.3683652,0.506216067305534,1,2024
0.66490969850062,0.5589178210678211,0.5217544,0.524094396143243,0,2024
0.4830305425134372,0.44908681873681866,0.4556322,0.36002558938131884,1,2024
0.8187741130315822,0.8005683982683979,0.8141197,0.8736376732122995,1,2024
0.8363354776612352,0.8222365800865802,0.9278706,0.9273269652297625,1,2024
0.24617176318823306,0.36610959595959597,0.36744946,0.4055679159999088,0,2024
0.519598418734335,0.470848196248196,0.5753544,0.5435389099230404,1,2024
0.8066808474256976,0.7762008658008658,0.7228763,0.7927408320601468,1,2024
0.23150190709707358,0.2266232323232324,0.18313882,0.1926915607227308,0,2024
0.9344742194130505,0.921984487734487,0.9242428,0.9068260568419125,1,2024
0.5104669530213842,0.5037492063492063,0.51279116,0.5193262425248412,0,2024
0.6814549817755529,0.6573965145965145,0.7771798,0.7400763926774779,0,2024
0.45144604384211817,0.48344603174603157,0.60259247,0.5025505308924051,0,2024
0.8508510694742869,0.9346879509379511,0.91126835,0.9080919328050837,0,2024
0.5946018201735849,0.5233006909756909,0.50941396,0.5725300048111628,1,2024
0.167483864669295,0.2399209235209235,0.38321948,0.3216246457007788,1,2024
0.8296191268313977,0.9198192640692644,0.90036404,0.9122909475830043,1,2024
0.8975968866441173,0.8585801587301587,0.8485074,0.8800181106094734,1,2024
0.471877359511112,0.5005897546897546,0.6432367,0.545001126951748,0,2024
0.5777740636123373,0.6128606920856923,0.50746787,0.5586101706570787,1,2024
0.3200650752525111,0.32034658674658695,0.27149153,0.2813574307724565,1,2024
0.595799889580868,0.7145225872167047,0.63760686,0.7153426220545238,0,2024
0.3050612536062036,0.3176540404040403,0.33353892,0.32585875924488167,0,2024
0.3126009762452613,0.41834487734487724,0.38232696,0.3419212303463265,1,2024
0.62405678392638,0.6414112554112553,0.6831097,0.6167116522573072,1,2024
0.7447903104037482,0.8423368686868692,0.88350976,0.8790878265765143,1,2025
0.6121519399734606,0.6138019395637044,0.66834134,0.5851089063552387,1,2025
0.3138294857945794,0.4876737595737597,0.4413858,0.34883980287311334,0,2025
0.18683524221702585,0.44771356421356434,0.37816703,0.44420647727753804,0,2025
0.4408215236764961,0.4560917027417029,0.45604637,0.5252291833041804,1,2025
0.5777425540529358,0.5664545728218143,0.44244736,0.5516523907272702,1,2025
0.5676785689780854,0.5442516761016759,0.47546428,0.5615873519881747,0,2025
0.3387182418272578,0.39136199356199386,0.46900347,0.40523858725700834,0,2025
0.5499091891588831,0.4890887021475255,0.45119497,0.4386203811570327,0,2025
0.7045503346087437,0.6959186147186139,0.67748237,0.7598721246962602,1,2025
0.7843245314356098,0.8625458152958152,0.816881,0.8873770894649402,1,2025
0.651650299235057,0.5758279762720944,0.6925781,0.6942882207608194,0,2025
0.42964792575823146,0.4561067821067819,0.40018564,0.47220713340436454,1,2025
0.6012574032080688,0.7826142857142853,0.74827933,0.7435855181972457,1,2025
0.5398378049490822,0.49062395937395953,0.4913927,0.46246732862050277,1,2025
0.3019981018178701,0.3354848484848487,0.2631073,0.2980037729702905,0,2025
0.6837314802875112,0.4967200410700415,0.6087039,0.6499272667117022,1,2025
0.9122942024732684,0.8809479797979799,0.94033843,0.8972642839951627,1,2025
0.8054359427118498,0.7165788655788659,0.7766092,0.7887302470278109,1,2025
0.7015837628364878,0.6255782106782106,0.66949815,0.6676389136731625,1,2025
0.8568595830234008,0.894670274170274,0.84797645,0.8804445890400531,1,2025
0.7181211427103109,0.7013564510652744,0.6196215,0.7214088813165861,0,2025
0.2808264504314702,0.37678888888888856,0.35777223,0.38606123901451966,0,2025
0.3590564327207148,0.37252937356760873,0.38541752,0.3566008757114255,0,2025
0.479877787372917,0.5509110774283187,0.53507537,0.5597353015242158,0,2025
0.32375819289167185,0.23898611832611838,0.2582533,0.2717046397539779,0,2025
0.7526468850838008,0.6882691197691195,0.797004,0.7614706072184457,1,2025
0.39686661569607123,0.4487468253968255,0.4064337,0.41534692089627734,1,2025
0.3797446963059712,0.4421174603174605,0.47856468,0.4619759528305992,0,2025
0.5779030977452029,0.7121073731823734,0.6992305,0.6115091230267488,0,2025
0.3079289985971087,0.3046700577200578,0.32088065,0.29101171731020764,0,2025
0.37273209973559823,0.34303174603174647,0.29713744,0.37969287254171563,0,2025
0.7945137317886487,0.8328049783549779,0.84220433,0.7928876005890587,1,2025
0.33552254106709184,0.3548697691197692,0.27545235,0.3001117474316709,1,2025
0.18228539118805254,0.23685930735930752,0.22182557,0.17318353691369096,1,2025
0.6196453341565049,0.6680720668220662,0.579386,0.5745390695181418,1,2025
0.3751646062812714,0.4186757575757579,0.37026924,0.4174103534916149,1,2025
0.47292547443800936,0.46367916634019574,0.47332403,0.4939845757580898,0,2025
0.6806369851710791,0.7246319171569177,0.72764397,0.687107728384315,1,2025
0.7614334850699175,0.8106134754134748,0.8479993,0.8968495327165824,1,2025
0.39053650322345035,0.33736075036075064,0.4260868,0.4591894515274823,0,2025
0.677918191569486,0.6320197691197688,0.47788185,0.5919248233282416,1,2025
0.5621188114885735,0.5155072982572985,0.497838,0.5906335532213993,1,2025
0.7775612478675132,0.7754716450216446,0.85415286,0.8092261568000942,1,2025
0.3576350593159913,0.40228232323232294,0.34443992,0.3321721174596772,1,2025
0.646064849246033,0.5048198577566229,0.51230586,0.5074469703852145,1,2025
0.33792549948005274,0.41090580530580517,0.355766,0.25135543511903935,0,2025
0.6238555162406908,0.6069977111532123,0.58010554,0.583693234533947,0,2025
0.5389665369330422,0.4515883601778338,0.4771597,0.4112983633876636,0,2025
0.5106639608051156,0.33619018759018754,0.4053873,0.3869930262699221,1,2025
0.3371882988211308,0.37972640692640686,0.36814147,0.33818592415097914,1,2025
0.8627292637772213,0.8960935786435783,0.86276644,0.8820650884877415,1,2025
0.928291344744529,0.9114191197691195,0.89735824,0.8981893531075739,1,2025
0.6129180587680726,0.6285535353535355,0.66566736,0.5816024420913954,1,2025
0.5749716174428099,0.4679006673543262,0.4780056,0.5114865739871749,1,2025
0.28833358421591143,0.2254520923520924,0.19951378,0.1889503486286787,1,2025
0.44579163445870884,0.5278167363288051,0.338962,0.41878200994071535,0,2025
0.611408888681378,0.5288230158730156,0.6592442,0.5315070162471991,1,2025
0.7363510562470893,0.6489464926377964,0.7465578,0.6746753911578994,0,2025
0.4117145355429853,0.3343086580086579,0.41350752,0.38519679263782164,1,2025
0.5945494320854098,0.5435552710730129,0.55199975,0.5836322456015909,0,2025
0.30461811679441914,0.297401875901876,0.26585877,0.31789881071317766,0,2025
0.4999641461701013,0.49962288210137173,0.45935646,0.5394258612529851,1,2025
0.5620906213123479,0.5529196969696972,0.6204973,0.5840037338250471,1,2025
0.5750763882724041,0.766907431457431,0.74223286,0.7547465368206453,0,2025
0.27786728702432856,0.3930964646464647,0.32932508,0.3473794255061282,0,2025
0.8331701303667052,0.7551185425685427,0.8048828,0.8095750737832784,0,2025
0.48961216731434287,0.482459523809524,0.48787338,0.459525407509595,1,2025
0.7016720491747934,0.7221119769119762,0.7226695,0.7382433291694266,1,2025
0.6351862020375568,0.536237729229844,0.5055744,0.49578208373612614,1,2025
0.5460109733140913,0.5610559718059721,0.57477295,0.4876001912350001,0,2025
0.6808598622865565,0.6615826821326821,0.71232,0.70685217873981,0,2025
0.839003044047084,0.8909702741702742,0.86368054,0.8801323404085872,0,2025
0.6397536499880154,0.5347993571028458,0.57892185,0.6142609698749814,0,2025
0.2113295447338969,0.2399578643578644,0.34590092,0.30937806357238207,0,2025
0.5086551912308246,0.5208234487734489,0.4374656,0.5690269707890684,0,2025
0.7767435623554477,0.7349444444444443,0.7831797,0.7842930139691662,0,2025
0.4092861455696609,0.45895993973346916,0.45960292,0.4753745939516133,1,2025
0.2117029542960547,0.2709256939139291,0.2690238,0.25010457003498837,1,2025
0.3805353218511182,0.3599819624819623,0.4694125,0.3330724868722214,0,2025
0.5090062900773491,0.5936375235875229,0.59931743,0.6674292905662745,0,2025
0.42760126271467747,0.43989538239538206,0.31693518,0.30174371134811934,1,2025
0.6589884488192923,0.7485527417027417,0.6284425,0.6943681745865811,1,2025
0.3378904960779433,0.3809551948051945,0.33445027,0.35695316321930637,0,2025
0.5073283409590538,0.365407792207792,0.38745227,0.33932605753917083,0,2025
0.4298335916754043,0.47498593073593076,0.4384556,0.39414261215104623,0,2025
0.8186203578749844,0.7613047619047615,0.763258,0.8132816513717761,1,2025
0.7214214248075943,0.655190212514553,0.7141358,0.6531134477732123,1,2025
0.8008419535691504,0.7170800144300139,0.8252994,0.8296585583926464,1,2025
0.5113813236181164,0.6310033744033747,0.5736061,0.5646955235317479,1,2025
0.3221615334045514,0.4670694805194801,0.4918136,0.36242829825443945,1,2025
0.3889439274312134,0.3433829867672749,0.39897397,0.3422026156784039,1,2025
0.8026413184733115,0.7763894660894656,0.82526547,0.8307683652894606,0,2025
0.37522232882113793,0.5205210400710399,0.47673038,0.461679587347194,1,2025
0.3651552261508444,0.3916291536050153,0.4328105,0.4472954339491649,0,2025
0.6520024784755508,0.666330736855737,0.70895976,0.6892887962682764,1,2025
0.3730997148119115,0.3912573593073595,0.2779424,0.2614804705486401,1,2025
0.7635238794343522,0.7325386724386723,0.7787761,0.8146800907866151,1,2025
0.4954774878150712,0.5416731601731599,0.5519097,0.5600727723700257,0,2025
0.4844293619829028,0.5532025613275615,0.5230805,0.5113760088901129,0,2025
0.2544245688788979,0.3925585137085134,0.3429181,0.3352622461133937,0,2025
0.7847190828648333,0.7025858585858584,0.8699799,0.8198138235950451,1,2025
0.43164230157080463,0.4677598124098123,0.37002882,0.44914769035719115,0,2025
0.370422357445345,0.23162135642135634,0.25024435,0.2900853113926788,0,2025
0.3084466376107179,0.3008320346320345,0.3276974,0.23632313486839882,1,2025
0.6045982267298445,0.5588911708446594,0.506265,0.573613447959041,1,2025
0.7607327029064211,0.7057492536199435,0.6720341,0.6825350462994575,1,2025
0.7055130717848341,0.6351005772005777,0.5028189,0.5810390588436126,1,2025
0.4115905665078512,0.6057671717171718,0.6274616,0.6401356860320614,1,2025
0.6748770604334177,0.6574155122655123,0.84002715,0.7194149701036394,0,2025
0.69380294979947,0.5383410533910535,0.45333928,0.49624758232217386,1,2025
0.2971352590502785,0.3133042568542569,0.29430857,0.37050203166063295,0,2025
0.6574036503726217,0.6868489177489173,0.7422825,0.6529791788382466,0,2025
0.396526334277028,0.46551753246753264,0.53586495,0.4260089891208347,1,2025
0.7823312952203211,0.7050261183261188,0.8206944,0.830020797500672,1,2025
0.844818374065836,0.7584284992784996,0.82594156,0.7905645555395706,1,2025
0.35918905609337176,0.30940209527314794,0.3692788,0.36940046332746357,0,2025
0.6974911883530878,0.6295196969696975,0.6589066,0.6459129723802,1,2025
0.879481018652564,0.887614574314574,0.9117487,0.9307242970695538,1,2025
0.49895348571785514,0.3708204227145403,0.3992812,0.3616810213823253,0,2025
0.6575141331595229,0.684855266955267,0.75834906,0.6980212803568506,1,2025
0.4437089772615088,0.4375870851370856,0.36345983,0.36114678176645415,0,2025
0.5955977371288124,0.5728588744588742,0.66837454,0.5484406651605799,0,2025
0.6370613966528956,0.8490042568542566,0.7702751,0.8546724452687137,0,2025
0.8338729334398747,0.8755453823953822,0.8935658,0.8700663034134412,0,2025
0.4788275122263695,0.5061442405420666,0.502542,0.4883232717866008,0,2025
0.730054736557941,0.736888311688312,0.8097839,0.8619053440773488,1,2025
0.31382070733265804,0.3831708513708514,0.4396215,0.3741678931256506,0,2025
0.4266255361722964,0.3775319624819628,0.45747808,0.4161309681507692,1,2025
0.19299773621303545,0.273989826839827,0.36075765,0.31787074272468896,0,2025
0.8509818475675204,0.8871860028860026,0.8692133,0.8658540044706363,1,2025
0.43154078667719414,0.4574271395271393,0.50339043,0.4002125170719725,0,2025
0.5336612759362036,0.4652225163725165,0.4054442,0.4167420273841571,1,2025
0.4112973384407564,0.4516121378621376,0.267224,0.37877126047845133,0,2025
0.5411726358772752,0.7146344877344875,0.67500836,0.6853212898641228,0,2025
0.7605631852689143,0.781234199134199,0.8934101,0.859688106517116,1,2025
0.7790087035679267,0.7583398989898986,0.6638911,0.7086002930197748,1,2025
0.6045446576889072,0.7529339105339105,0.8388207,0.8042837160790486,0,2025
0.7069286280233381,0.741643251193251,0.62151855,0.6199403724502681,1,2025
0.6309178982834455,0.5865013878278585,0.49873543,0.5788805944794685,1,2025
0.2451957983045276,0.3142453102453103,0.30783877,0.3330474285911944,1,2025
0.590306804554813,0.5080404761904761,0.52109796,0.5777856484329092,0,2025
0.6950776402013631,0.6363070707070706,0.55780256,0.5945099342857856,1,2025
0.5942993163854495,0.4432854256854261,0.47722682,0.47142733592131447,0,2025
0.7849655480223435,0.827589466089466,0.83047944,0.8193907475065839,1,2025
0.49135853739765584,0.3576259018759021,0.46051922,0.3852454198776161,0,2025
0.37067053873185696,0.3463245310245309,0.5345282,0.4193385327060137,0,2025
0.6889246044026308,0.605180215280215,0.63825667,0.670788111040253,1,2025
0.5499802192912652,0.587745866365194,0.46375313,0.49041546549943027,0,2025
0.7289491491283115,0.7961834776334773,0.77626294,0.8370105098285012,1,2025
0.575852051072738,0.5378494227994232,0.561565,0.5781347185974087,1,2025
0.6529148273657531,0.46108548890623213,0.46527275,0.5252365850248496,0,2025
0.7569827178374036,0.7262378066378062,0.856765,0.7596626691143519,1,2025
0.39779072426703077,0.29632616009721285,0.31845137,0.3604491458509025,1,2025
0.5473625213055253,0.6218589466089465,0.66858053,0.6750292044851283,0,2025
0.2549753738832753,0.24619300144300152,0.23794715,0.2160058781817853,0,2025
0.5083215406697484,0.6890052669552672,0.5367337,0.6395178627751406,1,2025
0.21156100735548092,0.24121854256854292,0.21010819,0.2248171217329557,0,2025
0.41690517057779974,0.3837593795093797,0.41621453,0.3904641364748881,0,2025
0.6701675049811165,0.5805836413395035,0.7312521,0.6369904248116146,1,2025
0.18649655723250524,0.3016518037518039,0.21166994,0.38787263883560474,0,2025
0.3790808504730966,0.4332158730158733,0.5017705,0.5773668030933513,1,2025
0.5568999164217725,0.49364466089466136,0.6392151,0.5351318880487201,1,2025
0.4086448337329326,0.5111780663780661,0.5937307,0.44528488825199625,0,2025
0.3951513267483534,0.3798120490620491,0.4343651,0.44771212273168337,1,2025
0.7963749229219179,0.7343329725829728,0.77024263,0.7727043566311192,1,2025
0.5578733050953766,0.562577998472116,0.6527551,0.6552279766182874,1,2025
0.43659810118155284,0.3712468253968255,0.48759165,0.3242086285834727,0,2025
0.831861203634267,0.8090779942279945,0.83744216,0.7682605302326365,1,2025
0.787123222463231,0.8275590187590184,0.9015678,0.8535837765441929,1,2025
0.673956253202988,0.5941020041362146,0.5985185,0.55741154630521,1,2025
0.18756509436923027,0.1800068542568543,0.2136482,0.2065686957330526,0,2025
0.45761785766470464,0.46312317127317104,0.49952742,0.4379438348292619,0,2025
0.5627604689036191,0.5937598765968333,0.52002865,0.59898451928439,0,2025
0.39245623152137993,0.4236878787878786,0.46830288,0.4820228005784164,1,2025
0.5366193056433003,0.480480447330447,0.62218887,0.6123650838527793,0,2025
0.7366607351280072,0.7060174603174599,0.7681918,0.7493732321571411,1,2025
0.7719838906501629,0.7943693362193363,0.8181999,0.8334722381945646,1,2025
0.6078996391668655,0.5302383909996811,0.6390593,0.5475736231291869,0,2025
0.28730977083450787,0.444669180819181,0.4174595,0.3801390878842724,1,2025
0.7719230943110458,0.6615404448492679,0.7337805,0.6422972184401028,0,2025
0.7298400646269642,0.6738050505050506,0.5697005,0.5604607125707405,0,2025
0.1862962313620382,0.22785779220779226,0.17634806,0.24433059596139572,1,2025
0.28384619747239515,0.3062497113997114,0.21441163,0.3661168621828266,0,2025
0.5441042365363762,0.6645771339771341,0.6214129,0.6798242760001575,0,2025
0.7439285909302152,0.8177318514818517,0.8824306,0.8117746858620281,1,2025
0.5237050072551244,0.45812206682206724,0.41862187,0.38698198333761724,1,2025
0.6290899507819964,0.6770077700077709,0.54877347,0.5777070350917866,1,2025
0.2109394491435188,0.3764639249639249,0.470384,0.33041310815423963,0,2025
0.7820128311945235,0.8299950216450219,0.88285726,0.8840990025774467,1,2025
0.8273972273830151,0.8028465367965365,0.86362505,0.8177507974645795,1,2025
0.3326489065961482,0.385684837384838,0.3572629,0.3457369744755273,0,2025
0.37435821965830185,0.3642949494949496,0.38828513,0.45152398491880114,0,2025
0.7957165381048663,0.8218113053613054,0.87100387,0.8435545856202338,1,2025
0.6725653508900229,0.631876911976912,0.78804046,0.6379426925335131,1,2025
0.4089890892799909,0.3316585688820984,0.5059051,0.42310437204100826,0,2025
0.7712559164520865,0.6612771284271284,0.7728799,0.7341452759368894,0,2025
0.7694062727010961,0.6574893939393947,0.74130726,0.738441345841977,1,2025
0.6884869958784728,0.6341184704184701,0.6670958,0.679525921595167,0,2025
0.43696818888595895,0.37633881673881675,0.39655182,0.4270557542589852,1,2025
0.44061198843544763,0.5230591630591633,0.548946,0.38410315884867724,1,2025
0.4356528586641477,0.4378595407860112,0.4961677,0.4458752317806925,0,2025
0.7904387392431493,0.6984439754689752,0.8132534,0.8002974070137248,0,2025
0.31042723597343064,0.28909963924963916,0.2831986,0.297437386802132,0,2025
0.3812507687976638,0.25376118326118324,0.36574757,0.3160365502965495,0,2025
0.8101840804547868,0.6602973304473304,0.70532835,0.7019711797557827,1,2025
0.6791509898247823,0.7042026695526699,0.8087491,0.7689068778864945,0,2025
0.564325086544169,0.5672998556998552,0.54720825,0.5834550236991706,1,2025
0.6055024071119621,0.6211087634587634,0.57959956,0.5625811658118023,0,2025
0.7895062947831134,0.7997039682539683,0.84630305,0.8583029133874108,1,2025
0.472745227923234,0.542380735930736,0.7313639,0.6572231035763116,0,2025
0.5728599460829892,0.6400095313183554,0.63243824,0.596194765029033,1,2025
0.7197193166400896,0.7813252525252529,0.83691216,0.8059044428488635,1,2025
0.5880183412881587,0.6439433066933072,0.6859333,0.6263701745287491,0,2025
0.406578978309278,0.4424199855699853,0.4739502,0.50091534383732,0,2025
0.3995691636446678,0.4891857753357755,0.48888582,0.5120842890164179,0,2025
0.6914764731394738,0.7706662337662344,0.79910934,0.7500843701367502,1,2025
0.44636067522809453,0.4765764790764791,0.42537373,0.5401434514581683,1,2025
0.6651107420698821,0.6896073593073593,0.686424,0.6780890388714159,1,2025
0.43474459935452886,0.429426984126984,0.4039805,0.42684846531505616,1,2025
0.714445721531115,0.6972800865800867,0.7669177,0.6901625668251018,1,2025
0.8763442419835366,0.9220733766233761,0.9060203,0.8911092999833901,1,2025
0.6889217312114796,0.6429918470418469,0.53622633,0.6803419615710548,0,2025
0.5426072045193462,0.4635225663225664,0.63395536,0.5521581732919093,1,2025
0.5101302057284854,0.5423761904761905,0.6851549,0.6441607284631595,1,2025
0.3548042542784442,0.33335815295815285,0.23921885,0.38355625524848075,0,2025
0.34880544954117493,0.43521796536796536,0.31230256,0.37247216277157935,1,2025
0.3534172479332874,0.5398635225593121,0.49109524,0.47776165884888944,1,2025
0.16061900186403308,0.4714713564213567,0.4949044,0.62960207433821,0,2025
0.4282324096326097,0.40403131313131324,0.46435785,0.43256076478658423,0,2025
0.6746212777403746,0.6314463924963934,0.6663088,0.7174626480032189,0,2025
0.5956562099172641,0.561088167388167,0.5009109,0.500907380374332,1,2025
0.3469718698105314,0.3129916305916307,0.26293996,0.27839146220878713,0,2025
0.2326930665272852,0.2603038961038961,0.27883315,0.31832900639444406,1,2025
0.5003777222492449,0.5359130813630816,0.55112845,0.5330131376661225,0,2025
0.6564480072142596,0.6458781302031299,0.60948604,0.6134000020222728,0,2025
0.6548509706677957,0.6285467130908304,0.6326589,0.6718083329846832,0,2025
0.7630180060923436,0.8590502886002883,0.90334344,0.8918756430161643,1,2025
0.5644501247192677,0.5750475468975464,0.6052724,0.5439434780837161,0,2025
0.5285941906971681,0.49115678210678254,0.37896436,0.49506444807386973,0,2025
0.5114396397127134,0.3589305916305917,0.39067674,0.3819327684942916,0,2025
0.417245105461126,0.4333075757575754,0.40666977,0.37695717728713296,1,2025
0.412510131055855,0.4163295926295923,0.52138287,0.35576319944962637,0,2025
0.6971759754547202,0.669636363636364,0.64670616,0.6446860473494425,0,2025
0.7535510123709329,0.6807873015873013,0.81645674,0.8233626783315495,0,2025
0.24747306203185812,0.2618823232323235,0.18586904,0.1782812549308877,0,2025
0.7067389671241703,0.7250339105339104,0.7765268,0.7382222296532859,1,2025
0.25792713598958056,0.3366254689754692,0.26618558,0.1981913860195596,1,2025
0.3618662654221861,0.4070839105339104,0.5382966,0.2887938227126742,0,2025
0.47933985562603093,0.5516732291401408,0.5939586,0.5929706683685674,1,2025
0.2643758413795607,0.20942886002886027,0.29346812,0.2349400189990523,0,2025
0.4174523759637022,0.3907257233722353,0.39041215,0.4527344802435533,0,2025
0.5892890728524716,0.5140687479187478,0.6559755,0.6013819447283177,0,2025
0.6862751665913351,0.6734990620490621,0.78978616,0.7375671222663943,0,2025
0.6951986261477974,0.6711370851370855,0.7716929,0.7363805858393443,1,2025
0.3201032456892498,0.14042554112554118,0.13285649,0.15601794543821568,1,2025
0.6612534622234032,0.650528065072183,0.7203765,0.6378486072294254,1,2025
0.5104270484026667,0.5801101010101013,0.43726677,0.35104163175671577,0,2025
0.5283469945360645,0.6515460222526014,0.6499405,0.661770428085335,1,2025
0.8236068384630988,0.7977590909090909,0.7821868,0.8394943433616986,0,2025
0.7657089526706318,0.7147366981058156,0.706156,0.7299874150821802,1,2025
0.894021593907643,0.8860046897546895,0.88923967,0.8680944308655347,1,2025
0.3801213709790759,0.48223997113997163,0.3721051,0.3154755230749108,1,2025
0.3364639650625851,0.4321723665223668,0.32601422,0.383975737272207,1,2025
0.850524084551169,0.8893528860028856,0.90626246,0.8746312841214542,1,2025
0.5345814029641145,0.6933867965367967,0.68966585,0.7462693997787735,0,2025
0.6510881013575099,0.5754950937950939,0.61112267,0.6822914975866169,1,2025
0.8456811500418843,0.8408893217893221,0.8206411,0.845934161670193,1,2025
0.25855645638734737,0.4127387057387058,0.33543977,0.3349782521397095,1,2025
0.6997112790158395,0.7883968253968259,0.7835181,0.8506729444323163,1,2025
0.8273732768970243,0.6492745310245315,0.7295927,0.7381425874487433,0,2025
0.5432118680119032,0.43919704184704206,0.44456166,0.5197486039957134,1,2025
