game_id,season,week,gameday,gametime,away_team,home_team,production_final_home_prob,challenger_pure_home_prob,market_home_prob_t120,challenger_final_home_prob,challenger_pick,effective_pure_weight,effective_market_weight,research_candidate,research_method,research_feature_set,challenger_version,selected_shadow_candidate,training_cutoff,training_games,training_first_season,training_last_season,training_data_sha256,stack_intercept,stack_market_logit_coefficient,stack_pure_logit_coefficient,candidate_freeze_utc,candidate_code_sha,shadow_key,shadow_generated_utc,shadow_source_sha,production_snapshot_type,production_model_version,production_prediction_timestamp_utc,production_lock_timestamp_utc,kickoff_utc,minutes_to_kickoff_at_production_lock,shadow_recorded_timestamp_utc,lock_status,actual_home_score,actual_away_score,winner_correct
2026_01_SF_LA,2026,1,2026-09-10,20:35,SF,LA,0.616731904427099,0.5979025508110916,0.6369041816941223,0.5979025508110916,LA,1.0,0.0,Nested PURE,pure,production_compatible,0.8-qb-starter,False,,,,,,,,,,,2026_01_SF_LA::0.8-qb-starter::Nested PURE,2026-09-10T13:32:35.795125+00:00,5b26693e5d97ec49543b1d778baef63a1d600311,FINAL,0.4.0-accountability,2026-09-10T22:41:08.024270+00:00,2026-09-10T22:41:08.100535+00:00,2026-09-11T00:35:00+00:00,113.86499108333334,2026-09-10T22:42:11.092992+00:00,LOCKED,7.0,27.0,False
2026_01_SF_LA,2026,1,2026-09-10,20:35,SF,LA,0.616731904427099,0.5979025508110916,0.6369041816941223,0.6076529585318493,LA,0.75,0.25,Nested 75% PURE / 25% MARKET,fixed,production_compatible,0.8-qb-starter,False,,,,,,,,,,,2026_01_SF_LA::0.8-qb-starter::Nested 75% PURE / 25% MARKET,2026-09-10T13:32:35.795125+00:00,5b26693e5d97ec49543b1d778baef63a1d600311,FINAL,0.4.0-accountability,2026-09-10T22:41:08.024270+00:00,2026-09-10T22:41:08.100535+00:00,2026-09-11T00:35:00+00:00,113.86499108333334,2026-09-10T22:42:11.092992+00:00,LOCKED,7.0,27.0,False
2026_01_SF_LA,2026,1,2026-09-10,20:35,SF,LA,0.616731904427099,0.5979025508110916,0.6369041816941223,0.6271537739733646,LA,0.25,0.75,Hybrid adaptive Brier,linear,production_compatible,0.8-qb-starter,False,,,,,,,,,,,2026_01_SF_LA::0.8-qb-starter::Hybrid adaptive Brier,2026-09-10T13:32:35.795125+00:00,5b26693e5d97ec49543b1d778baef63a1d600311,FINAL,0.4.0-accountability,2026-09-10T22:41:08.024270+00:00,2026-09-10T22:41:08.100535+00:00,2026-09-11T00:35:00+00:00,113.86499108333334,2026-09-10T22:42:11.092992+00:00,LOCKED,7.0,27.0,False
2026_01_SF_LA,2026,1,2026-09-10,20:35,SF,LA,0.616731904427099,0.5979025508110916,0.6369041816941223,0.6272992016827034,LA,0.25,0.75,Logit hybrid adaptive Brier,logit,production_compatible,0.8-qb-starter,False,,,,,,,,,,,2026_01_SF_LA::0.8-qb-starter::Logit hybrid adaptive Brier,2026-09-10T13:32:35.795125+00:00,5b26693e5d97ec49543b1d778baef63a1d600311,FINAL,0.4.0-accountability,2026-09-10T22:41:08.024270+00:00,2026-09-10T22:41:08.100535+00:00,2026-09-11T00:35:00+00:00,113.86499108333334,2026-09-10T22:42:11.092992+00:00,LOCKED,7.0,27.0,False
2026_01_SF_LA,2026,1,2026-09-10,20:35,SF,LA,0.616731904427099,0.5979025508110916,0.6369041816941223,0.6272992016827034,LA,0.25,0.75,Logit hybrid adaptive accuracy,logit,production_compatible,0.8-qb-starter,False,,,,,,,,,,,2026_01_SF_LA::0.8-qb-starter::Logit hybrid adaptive accuracy,2026-09-10T13:32:35.795125+00:00,5b26693e5d97ec49543b1d778baef63a1d600311,FINAL,0.4.0-accountability,2026-09-10T22:41:08.024270+00:00,2026-09-10T22:41:08.100535+00:00,2026-09-11T00:35:00+00:00,113.86499108333334,2026-09-10T22:42:11.092992+00:00,LOCKED,7.0,27.0,False
2026_01_SF_LA,2026,1,2026-09-10,20:35,SF,LA,0.616731904427099,0.6032025553663852,0.6369041816941223,0.6032025553663852,LA,1.0,0.0,Opponent-adjusted Nested PURE,pure,opponent_adjusted,0.8-qb-starter,False,,,,,,,,,,,2026_01_SF_LA::0.8-qb-starter::Opponent-adjusted Nested PURE,2026-09-10T13:32:35.795125+00:00,5b26693e5d97ec49543b1d778baef63a1d600311,FINAL,0.4.0-accountability,2026-09-10T22:41:08.024270+00:00,2026-09-10T22:41:08.100535+00:00,2026-09-11T00:35:00+00:00,113.86499108333334,2026-09-10T22:42:11.092992+00:00,LOCKED,7.0,27.0,False
2026_01_SF_LA,2026,1,2026-09-10,20:35,SF,LA,0.616731904427099,0.6032025553663852,0.6369041816941223,0.6116279619483195,LA,0.75,0.25,Opponent-adjusted 75% PURE / 25% MARKET,fixed,opponent_adjusted,0.8-qb-starter,False,,,,,,,,,,,2026_01_SF_LA::0.8-qb-starter::Opponent-adjusted 75% PURE / 25% MARKET,2026-09-10T13:32:35.795125+00:00,5b26693e5d97ec49543b1d778baef63a1d600311,FINAL,0.4.0-accountability,2026-09-10T22:41:08.024270+00:00,2026-09-10T22:41:08.100535+00:00,2026-09-11T00:35:00+00:00,113.86499108333334,2026-09-10T22:42:11.092992+00:00,LOCKED,7.0,27.0,False
2026_01_SF_LA,2026,1,2026-09-10,20:35,SF,LA,0.616731904427099,0.6032025553663852,0.6369041816941223,0.6284787751121881,LA,0.25,0.75,Opponent-adjusted Hybrid adaptive Brier,linear,opponent_adjusted,0.8-qb-starter,False,,,,,,,,,,,2026_01_SF_LA::0.8-qb-starter::Opponent-adjusted Hybrid adaptive Brier,2026-09-10T13:32:35.795125+00:00,5b26693e5d97ec49543b1d778baef63a1d600311,FINAL,0.4.0-accountability,2026-09-10T22:41:08.024270+00:00,2026-09-10T22:41:08.100535+00:00,2026-09-11T00:35:00+00:00,113.86499108333334,2026-09-10T22:42:11.092992+00:00,LOCKED,7.0,27.0,False
2026_01_SF_LA,2026,1,2026-09-10,20:35,SF,LA,0.616731904427099,0.6032025553663852,0.6369041816941223,0.6285896458903086,LA,0.25,0.75,Opponent-adjusted Logit hybrid adaptive Brier,logit,opponent_adjusted,0.8-qb-starter,False,,,,,,,,,,,2026_01_SF_LA::0.8-qb-starter::Opponent-adjusted Logit hybrid adaptive Brier,2026-09-10T13:32:35.795125+00:00,5b26693e5d97ec49543b1d778baef63a1d600311,FINAL,0.4.0-accountability,2026-09-10T22:41:08.024270+00:00,2026-09-10T22:41:08.100535+00:00,2026-09-11T00:35:00+00:00,113.86499108333334,2026-09-10T22:42:11.092992+00:00,LOCKED,7.0,27.0,False
2026_01_SF_LA,2026,1,2026-09-10,20:35,SF,LA,0.616731904427099,0.6032025553663852,0.6369041816941223,0.6285896458903086,LA,0.25,0.75,Opponent-adjusted Logit hybrid adaptive accuracy,logit,opponent_adjusted,0.8-qb-starter,False,,,,,,,,,,,2026_01_SF_LA::0.8-qb-starter::Opponent-adjusted Logit hybrid adaptive accuracy,2026-09-10T13:32:35.795125+00:00,5b26693e5d97ec49543b1d778baef63a1d600311,FINAL,0.4.0-accountability,2026-09-10T22:41:08.024270+00:00,2026-09-10T22:41:08.100535+00:00,2026-09-11T00:35:00+00:00,113.86499108333334,2026-09-10T22:42:11.092992+00:00,LOCKED,7.0,27.0,False
2026_01_SF_LA,2026,1,2026-09-10,20:35,SF,LA,0.616731904427099,0.6203742320375861,0.6369041816941223,0.6203742320375861,LA,1.0,0.0,QB-aware Nested PURE,pure,qb_aware,0.8-qb-starter,False,,,,,,,,,,,2026_01_SF_LA::0.8-qb-starter::QB-aware Nested PURE,2026-09-10T13:32:35.795125+00:00,5b26693e5d97ec49543b1d778baef63a1d600311,FINAL,0.4.0-accountability,2026-09-10T22:41:08.024270+00:00,2026-09-10T22:41:08.100535+00:00,2026-09-11T00:35:00+00:00,113.86499108333334,2026-09-10T22:42:11.092992+00:00,LOCKED,7.0,27.0,False
2026_01_SF_LA,2026,1,2026-09-10,20:35,SF,LA,0.616731904427099,0.6203742320375861,0.6369041816941223,0.6245067194517202,LA,0.75,0.25,QB-aware 75% PURE / 25% MARKET,fixed,qb_aware,0.8-qb-starter,False,,,,,,,,,,,2026_01_SF_LA::0.8-qb-starter::QB-aware 75% PURE / 25% MARKET,2026-09-10T13:32:35.795125+00:00,5b26693e5d97ec49543b1d778baef63a1d600311,FINAL,0.4.0-accountability,2026-09-10T22:41:08.024270+00:00,2026-09-10T22:41:08.100535+00:00,2026-09-11T00:35:00+00:00,113.86499108333334,2026-09-10T22:42:11.092992+00:00,LOCKED,7.0,27.0,False
2026_01_SF_LA,2026,1,2026-09-10,20:35,SF,LA,0.616731904427099,0.6203742320375861,0.6369041816941223,0.6327716942799883,LA,0.25,0.75,QB-aware Hybrid adaptive Brier,linear,qb_aware,0.8-qb-starter,False,,,,,,,,,,,2026_01_SF_LA::0.8-qb-starter::QB-aware Hybrid adaptive Brier,2026-09-10T13:32:35.795125+00:00,5b26693e5d97ec49543b1d778baef63a1d600311,FINAL,0.4.0-accountability,2026-09-10T22:41:08.024270+00:00,2026-09-10T22:41:08.100535+00:00,2026-09-11T00:35:00+00:00,113.86499108333334,2026-09-10T22:42:11.092992+00:00,LOCKED,7.0,27.0,False
2026_01_SF_LA,2026,1,2026-09-10,20:35,SF,LA,0.616731904427099,0.6203742320375861,0.6369041816941223,0.6328001918692366,LA,0.25,0.75,QB-aware Logit hybrid adaptive Brier,logit,qb_aware,0.8-qb-starter,False,,,,,,,,,,,2026_01_SF_LA::0.8-qb-starter::QB-aware Logit hybrid adaptive Brier,2026-09-10T13:32:35.795125+00:00,5b26693e5d97ec49543b1d778baef63a1d600311,FINAL,0.4.0-accountability,2026-09-10T22:41:08.024270+00:00,2026-09-10T22:41:08.100535+00:00,2026-09-11T00:35:00+00:00,113.86499108333334,2026-09-10T22:42:11.092992+00:00,LOCKED,7.0,27.0,False
2026_01_SF_LA,2026,1,2026-09-10,20:35,SF,LA,0.616731904427099,0.6203742320375861,0.6369041816941223,0.6303284809077407,LA,0.4,0.6,QB-aware Logit hybrid adaptive accuracy,logit,qb_aware,0.8-qb-starter,False,,,,,,,,,,,2026_01_SF_LA::0.8-qb-starter::QB-aware Logit hybrid adaptive accuracy,2026-09-10T13:32:35.795125+00:00,5b26693e5d97ec49543b1d778baef63a1d600311,FINAL,0.4.0-accountability,2026-09-10T22:41:08.024270+00:00,2026-09-10T22:41:08.100535+00:00,2026-09-11T00:35:00+00:00,113.86499108333334,2026-09-10T22:42:11.092992+00:00,LOCKED,7.0,27.0,False
2026_01_SF_LA,2026,1,2026-09-10,20:35,SF,LA,0.616731904427099,0.6300527444068378,0.6369041816941223,0.6300527444068378,LA,1.0,0.0,Opponent-adjusted + QB-aware Nested PURE,pure,opponent_adjusted_qb,0.8-qb-starter,False,,,,,,,,,,,2026_01_SF_LA::0.8-qb-starter::Opponent-adjusted + QB-aware Nested PURE,2026-09-10T13:32:35.795125+00:00,5b26693e5d97ec49543b1d778baef63a1d600311,FINAL,0.4.0-accountability,2026-09-10T22:41:08.024270+00:00,2026-09-10T22:41:08.100535+00:00,2026-09-11T00:35:00+00:00,113.86499108333334,2026-09-10T22:42:11.092992+00:00,LOCKED,7.0,27.0,False
2026_01_SF_LA,2026,1,2026-09-10,20:35,SF,LA,0.616731904427099,0.6300527444068378,0.6369041816941223,0.631765603728659,LA,0.75,0.25,Opponent-adjusted + QB-aware 75% PURE / 25% MARKET,fixed,opponent_adjusted_qb,0.8-qb-starter,False,,,,,,,,,,,2026_01_SF_LA::0.8-qb-starter::Opponent-adjusted + QB-aware 75% PURE / 25% MARKET,2026-09-10T13:32:35.795125+00:00,5b26693e5d97ec49543b1d778baef63a1d600311,FINAL,0.4.0-accountability,2026-09-10T22:41:08.024270+00:00,2026-09-10T22:41:08.100535+00:00,2026-09-11T00:35:00+00:00,113.86499108333334,2026-09-10T22:42:11.092992+00:00,LOCKED,7.0,27.0,False
2026_01_SF_LA,2026,1,2026-09-10,20:35,SF,LA,0.616731904427099,0.6300527444068378,0.6369041816941223,0.6351913223723011,LA,0.25,0.75,Opponent-adjusted + QB-aware Hybrid adaptive Brier,linear,opponent_adjusted_qb,0.8-qb-starter,False,,,,,,,,,,,2026_01_SF_LA::0.8-qb-starter::Opponent-adjusted + QB-aware Hybrid adaptive Brier,2026-09-10T13:32:35.795125+00:00,5b26693e5d97ec49543b1d778baef63a1d600311,FINAL,0.4.0-accountability,2026-09-10T22:41:08.024270+00:00,2026-09-10T22:41:08.100535+00:00,2026-09-11T00:35:00+00:00,113.86499108333334,2026-09-10T22:42:11.092992+00:00,LOCKED,7.0,27.0,False
2026_01_SF_LA,2026,1,2026-09-10,20:35,SF,LA,0.616731904427099,0.6300527444068378,0.6369041816941223,0.6351964008588769,LA,0.25,0.75,Opponent-adjusted + QB-aware Logit hybrid adaptive Brier,logit,opponent_adjusted_qb,0.8-qb-starter,False,,,,,,,,,,,2026_01_SF_LA::0.8-qb-starter::Opponent-adjusted + QB-aware Logit hybrid adaptive Brier,2026-09-10T13:32:35.795125+00:00,5b26693e5d97ec49543b1d778baef63a1d600311,FINAL,0.4.0-accountability,2026-09-10T22:41:08.024270+00:00,2026-09-10T22:41:08.100535+00:00,2026-09-11T00:35:00+00:00,113.86499108333334,2026-09-10T22:42:11.092992+00:00,LOCKED,7.0,27.0,False
2026_01_SF_LA,2026,1,2026-09-10,20:35,SF,LA,0.616731904427099,0.6300527444068378,0.6369041816941223,0.6351964008588769,LA,0.25,0.75,Opponent-adjusted + QB-aware Logit hybrid adaptive accuracy,logit,opponent_adjusted_qb,0.8-qb-starter,False,,,,,,,,,,,2026_01_SF_LA::0.8-qb-starter::Opponent-adjusted + QB-aware Logit hybrid adaptive accuracy,2026-09-10T13:32:35.795125+00:00,5b26693e5d97ec49543b1d778baef63a1d600311,FINAL,0.4.0-accountability,2026-09-10T22:41:08.024270+00:00,2026-09-10T22:41:08.100535+00:00,2026-09-11T00:35:00+00:00,113.86499108333334,2026-09-10T22:42:11.092992+00:00,LOCKED,7.0,27.0,False
2026_01_SF_LA,2026,1,2026-09-10,20:35,SF,LA,0.616731904427099,0.5979025508110918,0.6369041816941223,0.6282314656671684,LA,,,F-ST-01,stack,market_plus_v08_pure_logit_stack,F-ST-01-FROZEN-2026,True,2025.0,1615.0,2020.0,2025.0,6a26713b636a98298bb619982bb38b2e5dbb78816e093e6f910c1cee32ab5aa0,-0.0695435936316663,1.1939087340527093,-0.193427479838034,2026-09-10T05:08:04Z,59830d23e406d32c34e74919b31d0dd9f85b16ca,2026_01_SF_LA::F-ST-01-FROZEN-2026::F-ST-01,2026-09-10T13:32:35.795125+00:00,5b26693e5d97ec49543b1d778baef63a1d600311,FINAL,0.4.0-accountability,2026-09-10T22:41:08.024270+00:00,2026-09-10T22:41:08.100535+00:00,2026-09-11T00:35:00+00:00,113.86499108333334,2026-09-10T22:42:11.092992+00:00,LOCKED,7.0,27.0,False
2026_01_CHI_CAR,2026,1,2026-09-13,13:00,CHI,CAR,0.3739853446451323,0.4266122279155469,0.3962430290578221,0.4266122279155469,CHI,1.0,0.0,Nested PURE,pure,production_compatible,0.8-qb-starter,False,,,,,,,,,,,2026_01_CHI_CAR::0.8-qb-starter::Nested PURE,2026-09-11T22:37:14.224696+00:00,d2c2083fdd2075225075b043579dcd0896098d26,FINAL,0.9.0-fst,2026-09-13T15:37:41.703339+00:00,2026-09-13T15:37:41.752256+00:00,2026-09-13T17:00:00+00:00,82.30412906666668,2026-09-13T15:38:42.066716+00:00,LOCKED,,,
2026_01_CHI_CAR,2026,1,2026-09-13,13:00,CHI,CAR,0.3739853446451323,0.4266122279155469,0.3962430290578221,0.4190199282011157,CHI,0.75,0.25,Nested 75% PURE / 25% MARKET,fixed,production_compatible,0.8-qb-starter,False,,,,,,,,,,,2026_01_CHI_CAR::0.8-qb-starter::Nested 75% PURE / 25% MARKET,2026-09-11T22:37:14.224696+00:00,d2c2083fdd2075225075b043579dcd0896098d26,FINAL,0.9.0-fst,2026-09-13T15:37:41.703339+00:00,2026-09-13T15:37:41.752256+00:00,2026-09-13T17:00:00+00:00,82.30412906666668,2026-09-13T15:38:42.066716+00:00,LOCKED,,,
2026_01_CHI_CAR,2026,1,2026-09-13,13:00,CHI,CAR,0.3739853446451323,0.4266122279155469,0.3962430290578221,0.4038353287722533,CHI,0.25,0.75,Hybrid adaptive Brier,linear,production_compatible,0.8-qb-starter,False,,,,,,,,,,,2026_01_CHI_CAR::0.8-qb-starter::Hybrid adaptive Brier,2026-09-11T22:37:14.224696+00:00,d2c2083fdd2075225075b043579dcd0896098d26,FINAL,0.9.0-fst,2026-09-13T15:37:41.703339+00:00,2026-09-13T15:37:41.752256+00:00,2026-09-13T17:00:00+00:00,82.30412906666668,2026-09-13T15:38:42.066716+00:00,LOCKED,,,
2026_01_CHI_CAR,2026,1,2026-09-13,13:00,CHI,CAR,0.3739853446451323,0.4266122279155469,0.3962430290578221,0.4037703337662639,CHI,0.25,0.75,Logit hybrid adaptive Brier,logit,production_compatible,0.8-qb-starter,False,,,,,,,,,,,2026_01_CHI_CAR::0.8-qb-starter::Logit hybrid adaptive Brier,2026-09-11T22:37:14.224696+00:00,d2c2083fdd2075225075b043579dcd0896098d26,FINAL,0.9.0-fst,2026-09-13T15:37:41.703339+00:00,2026-09-13T15:37:41.752256+00:00,2026-09-13T17:00:00+00:00,82.30412906666668,2026-09-13T15:38:42.066716+00:00,LOCKED,,,
2026_01_CHI_CAR,2026,1,2026-09-13,13:00,CHI,CAR,0.3739853446451323,0.4266122279155469,0.3962430290578221,0.4037703337662639,CHI,0.25,0.75,Logit hybrid adaptive accuracy,logit,production_compatible,0.8-qb-starter,False,,,,,,,,,,,2026_01_CHI_CAR::0.8-qb-starter::Logit hybrid adaptive accuracy,2026-09-11T22:37:14.224696+00:00,d2c2083fdd2075225075b043579dcd0896098d26,FINAL,0.9.0-fst,2026-09-13T15:37:41.703339+00:00,2026-09-13T15:37:41.752256+00:00,2026-09-13T17:00:00+00:00,82.30412906666668,2026-09-13T15:38:42.066716+00:00,LOCKED,,,
2026_01_CHI_CAR,2026,1,2026-09-13,13:00,CHI,CAR,0.3739853446451323,0.4506390854022974,0.3962430290578221,0.4506390854022974,CHI,1.0,0.0,Opponent-adjusted Nested PURE,pure,opponent_adjusted,0.8-qb-starter,False,,,,,,,,,,,2026_01_CHI_CAR::0.8-qb-starter::Opponent-adjusted Nested PURE,2026-09-11T22:37:14.224696+00:00,d2c2083fdd2075225075b043579dcd0896098d26,FINAL,0.9.0-fst,2026-09-13T15:37:41.703339+00:00,2026-09-13T15:37:41.752256+00:00,2026-09-13T17:00:00+00:00,82.30412906666668,2026-09-13T15:38:42.066716+00:00,LOCKED,,,
2026_01_CHI_CAR,2026,1,2026-09-13,13:00,CHI,CAR,0.3739853446451323,0.4506390854022974,0.3962430290578221,0.4370400713161785,CHI,0.75,0.25,Opponent-adjusted 75% PURE / 25% MARKET,fixed,opponent_adjusted,0.8-qb-starter,False,,,,,,,,,,,2026_01_CHI_CAR::0.8-qb-starter::Opponent-adjusted 75% PURE / 25% MARKET,2026-09-11T22:37:14.224696+00:00,d2c2083fdd2075225075b043579dcd0896098d26,FINAL,0.9.0-fst,2026-09-13T15:37:41.703339+00:00,2026-09-13T15:37:41.752256+00:00,2026-09-13T17:00:00+00:00,82.30412906666668,2026-09-13T15:38:42.066716+00:00,LOCKED,,,
2026_01_CHI_CAR,2026,1,2026-09-13,13:00,CHI,CAR,0.3739853446451323,0.4506390854022974,0.3962430290578221,0.4098420431439409,CHI,0.25,0.75,Opponent-adjusted Hybrid adaptive Brier,linear,opponent_adjusted,0.8-qb-starter,False,,,,,,,,,,,2026_01_CHI_CAR::0.8-qb-starter::Opponent-adjusted Hybrid adaptive Brier,2026-09-11T22:37:14.224696+00:00,d2c2083fdd2075225075b043579dcd0896098d26,FINAL,0.9.0-fst,2026-09-13T15:37:41.703339+00:00,2026-09-13T15:37:41.752256+00:00,2026-09-13T17:00:00+00:00,82.30412906666668,2026-09-13T15:38:42.066716+00:00,LOCKED,,,
2026_01_CHI_CAR,2026,1,2026-09-13,13:00,CHI,CAR,0.3739853446451323,0.4506390854022974,0.3962430290578221,0.4096577908144948,CHI,0.25,0.75,Opponent-adjusted Logit hybrid adaptive Brier,logit,opponent_adjusted,0.8-qb-starter,False,,,,,,,,,,,2026_01_CHI_CAR::0.8-qb-starter::Opponent-adjusted Logit hybrid adaptive Brier,2026-09-11T22:37:14.224696+00:00,d2c2083fdd2075225075b043579dcd0896098d26,FINAL,0.9.0-fst,2026-09-13T15:37:41.703339+00:00,2026-09-13T15:37:41.752256+00:00,2026-09-13T17:00:00+00:00,82.30412906666668,2026-09-13T15:38:42.066716+00:00,LOCKED,,,
2026_01_CHI_CAR,2026,1,2026-09-13,13:00,CHI,CAR,0.3739853446451323,0.4506390854022974,0.3962430290578221,0.4096577908144948,CHI,0.25,0.75,Opponent-adjusted Logit hybrid adaptive accuracy,logit,opponent_adjusted,0.8-qb-starter,False,,,,,,,,,,,2026_01_CHI_CAR::0.8-qb-starter::Opponent-adjusted Logit hybrid adaptive accuracy,2026-09-11T22:37:14.224696+00:00,d2c2083fdd2075225075b043579dcd0896098d26,FINAL,0.9.0-fst,2026-09-13T15:37:41.703339+00:00,2026-09-13T15:37:41.752256+00:00,2026-09-13T17:00:00+00:00,82.30412906666668,2026-09-13T15:38:42.066716+00:00,LOCKED,,,
2026_01_CHI_CAR,2026,1,2026-09-13,13:00,CHI,CAR,0.3739853446451323,0.4406976109152342,0.3962430290578221,0.4406976109152342,CHI,1.0,0.0,QB-aware Nested PURE,pure,qb_aware,0.8-qb-starter,False,,,,,,,,,,,2026_01_CHI_CAR::0.8-qb-starter::QB-aware Nested PURE,2026-09-11T22:37:14.224696+00:00,d2c2083fdd2075225075b043579dcd0896098d26,FINAL,0.9.0-fst,2026-09-13T15:37:41.703339+00:00,2026-09-13T15:37:41.752256+00:00,2026-09-13T17:00:00+00:00,82.30412906666668,2026-09-13T15:38:42.066716+00:00,LOCKED,,,
2026_01_CHI_CAR,2026,1,2026-09-13,13:00,CHI,CAR,0.3739853446451323,0.4406976109152342,0.3962430290578221,0.4295839654508812,CHI,0.75,0.25,QB-aware 75% PURE / 25% MARKET,fixed,qb_aware,0.8-qb-starter,False,,,,,,,,,,,2026_01_CHI_CAR::0.8-qb-starter::QB-aware 75% PURE / 25% MARKET,2026-09-11T22:37:14.224696+00:00,d2c2083fdd2075225075b043579dcd0896098d26,FINAL,0.9.0-fst,2026-09-13T15:37:41.703339+00:00,2026-09-13T15:37:41.752256+00:00,2026-09-13T17:00:00+00:00,82.30412906666668,2026-09-13T15:38:42.066716+00:00,LOCKED,,,
2026_01_CHI_CAR,2026,1,2026-09-13,13:00,CHI,CAR,0.3739853446451323,0.4406976109152342,0.3962430290578221,0.4073566745221751,CHI,0.25,0.75,QB-aware Hybrid adaptive Brier,linear,qb_aware,0.8-qb-starter,False,,,,,,,,,,,2026_01_CHI_CAR::0.8-qb-starter::QB-aware Hybrid adaptive Brier,2026-09-11T22:37:14.224696+00:00,d2c2083fdd2075225075b043579dcd0896098d26,FINAL,0.9.0-fst,2026-09-13T15:37:41.703339+00:00,2026-09-13T15:37:41.752256+00:00,2026-09-13T17:00:00+00:00,82.30412906666668,2026-09-13T15:38:42.066716+00:00,LOCKED,,,
2026_01_CHI_CAR,2026,1,2026-09-13,13:00,CHI,CAR,0.3739853446451323,0.4406976109152342,0.3962430290578221,0.4072269788862671,CHI,0.25,0.75,QB-aware Logit hybrid adaptive Brier,logit,qb_aware,0.8-qb-starter,False,,,,,,,,,,,2026_01_CHI_CAR::0.8-qb-starter::QB-aware Logit hybrid adaptive Brier,2026-09-11T22:37:14.224696+00:00,d2c2083fdd2075225075b043579dcd0896098d26,FINAL,0.9.0-fst,2026-09-13T15:37:41.703339+00:00,2026-09-13T15:37:41.752256+00:00,2026-09-13T17:00:00+00:00,82.30412906666668,2026-09-13T15:38:42.066716+00:00,LOCKED,,,
2026_01_CHI_CAR,2026,1,2026-09-13,13:00,CHI,CAR,0.3739853446451323,0.4406976109152342,0.3962430290578221,0.4138629052642123,CHI,0.4,0.6,QB-aware Logit hybrid adaptive accuracy,logit,qb_aware,0.8-qb-starter,False,,,,,,,,,,,2026_01_CHI_CAR::0.8-qb-starter::QB-aware Logit hybrid adaptive accuracy,2026-09-11T22:37:14.224696+00:00,d2c2083fdd2075225075b043579dcd0896098d26,FINAL,0.9.0-fst,2026-09-13T15:37:41.703339+00:00,2026-09-13T15:37:41.752256+00:00,2026-09-13T17:00:00+00:00,82.30412906666668,2026-09-13T15:38:42.066716+00:00,LOCKED,,,
2026_01_CHI_CAR,2026,1,2026-09-13,13:00,CHI,CAR,0.3739853446451323,0.4667386499805085,0.3962430290578221,0.4667386499805085,CHI,1.0,0.0,Opponent-adjusted + QB-aware Nested PURE,pure,opponent_adjusted_qb,0.8-qb-starter,False,,,,,,,,,,,2026_01_CHI_CAR::0.8-qb-starter::Opponent-adjusted + QB-aware Nested PURE,2026-09-11T22:37:14.224696+00:00,d2c2083fdd2075225075b043579dcd0896098d26,FINAL,0.9.0-fst,2026-09-13T15:37:41.703339+00:00,2026-09-13T15:37:41.752256+00:00,2026-09-13T17:00:00+00:00,82.30412906666668,2026-09-13T15:38:42.066716+00:00,LOCKED,,,
2026_01_CHI_CAR,2026,1,2026-09-13,13:00,CHI,CAR,0.3739853446451323,0.4667386499805085,0.3962430290578221,0.4491147447498369,CHI,0.75,0.25,Opponent-adjusted + QB-aware 75% PURE / 25% MARKET,fixed,opponent_adjusted_qb,0.8-qb-starter,False,,,,,,,,,,,2026_01_CHI_CAR::0.8-qb-starter::Opponent-adjusted + QB-aware 75% PURE / 25% MARKET,2026-09-11T22:37:14.224696+00:00,d2c2083fdd2075225075b043579dcd0896098d26,FINAL,0.9.0-fst,2026-09-13T15:37:41.703339+00:00,2026-09-13T15:37:41.752256+00:00,2026-09-13T17:00:00+00:00,82.30412906666668,2026-09-13T15:38:42.066716+00:00,LOCKED,,,
2026_01_CHI_CAR,2026,1,2026-09-13,13:00,CHI,CAR,0.3739853446451323,0.4667386499805085,0.3962430290578221,0.4138669342884937,CHI,0.25,0.75,Opponent-adjusted + QB-aware Hybrid adaptive Brier,linear,opponent_adjusted_qb,0.8-qb-starter,False,,,,,,,,,,,2026_01_CHI_CAR::0.8-qb-starter::Opponent-adjusted + QB-aware Hybrid adaptive Brier,2026-09-11T22:37:14.224696+00:00,d2c2083fdd2075225075b043579dcd0896098d26,FINAL,0.9.0-fst,2026-09-13T15:37:41.703339+00:00,2026-09-13T15:37:41.752256+00:00,2026-09-13T17:00:00+00:00,82.30412906666668,2026-09-13T15:38:42.066716+00:00,LOCKED,,,
2026_01_CHI_CAR,2026,1,2026-09-13,13:00,CHI,CAR,0.3739853446451323,0.4667386499805085,0.3962430290578221,0.4135840581479099,CHI,0.25,0.75,Opponent-adjusted + QB-aware Logit hybrid adaptive Brier,logit,opponent_adjusted_qb,0.8-qb-starter,False,,,,,,,,,,,2026_01_CHI_CAR::0.8-qb-starter::Opponent-adjusted + QB-aware Logit hybrid adaptive Brier,2026-09-11T22:37:14.224696+00:00,d2c2083fdd2075225075b043579dcd0896098d26,FINAL,0.9.0-fst,2026-09-13T15:37:41.703339+00:00,2026-09-13T15:37:41.752256+00:00,2026-09-13T17:00:00+00:00,82.30412906666668,2026-09-13T15:38:42.066716+00:00,LOCKED,,,
2026_01_CHI_CAR,2026,1,2026-09-13,13:00,CHI,CAR,0.3739853446451323,0.4667386499805085,0.3962430290578221,0.4135840581479099,CHI,0.25,0.75,Opponent-adjusted + QB-aware Logit hybrid adaptive accuracy,logit,opponent_adjusted_qb,0.8-qb-starter,False,,,,,,,,,,,2026_01_CHI_CAR::0.8-qb-starter::Opponent-adjusted + QB-aware Logit hybrid adaptive accuracy,2026-09-11T22:37:14.224696+00:00,d2c2083fdd2075225075b043579dcd0896098d26,FINAL,0.9.0-fst,2026-09-13T15:37:41.703339+00:00,2026-09-13T15:37:41.752256+00:00,2026-09-13T17:00:00+00:00,82.30412906666668,2026-09-13T15:38:42.066716+00:00,LOCKED,,,
2026_01_CHI_CAR,2026,1,2026-09-13,13:00,CHI,CAR,0.3739853446451323,0.4266122279155471,0.3962430290578221,0.3739853446451323,CHI,,,F-ST-01,stack,market_plus_v08_pure_logit_stack,F-ST-01-FROZEN-2026,True,2025.0,1615.0,2020.0,2025.0,6a26713b636a98298bb619982bb38b2e5dbb78816e093e6f910c1cee32ab5aa0,-0.0695435936316663,1.1939087340527093,-0.193427479838034,2026-09-10T05:08:04Z,59830d23e406d32c34e74919b31d0dd9f85b16ca,2026_01_CHI_CAR::F-ST-01-FROZEN-2026::F-ST-01,2026-09-11T22:37:14.224696+00:00,d2c2083fdd2075225075b043579dcd0896098d26,FINAL,0.9.0-fst,2026-09-13T15:37:41.703339+00:00,2026-09-13T15:37:41.752256+00:00,2026-09-13T17:00:00+00:00,82.30412906666668,2026-09-13T15:38:42.066716+00:00,LOCKED,,,
2026_01_TB_CIN,2026,1,2026-09-13,13:00,TB,CIN,0.6291415202993883,0.6425443206875979,0.644729178800233,0.6425443206875979,CIN,1.0,0.0,Nested PURE,pure,production_compatible,0.8-qb-starter,False,,,,,,,,,,,2026_01_TB_CIN::0.8-qb-starter::Nested PURE,2026-09-11T22:37:14.224696+00:00,d2c2083fdd2075225075b043579dcd0896098d26,FINAL,0.9.0-fst,2026-09-13T15:37:41.703339+00:00,2026-09-13T15:37:41.752256+00:00,2026-09-13T17:00:00+00:00,82.30412906666668,2026-09-13T15:38:42.066716+00:00,LOCKED,,,
2026_01_TB_CIN,2026,1,2026-09-13,13:00,TB,CIN,0.6291415202993883,0.6425443206875979,0.644729178800233,0.6430905352157568,CIN,0.75,0.25,Nested 75% PURE / 25% MARKET,fixed,production_compatible,0.8-qb-starter,False,,,,,,,,,,,2026_01_TB_CIN::0.8-qb-starter::Nested 75% PURE / 25% MARKET,2026-09-11T22:37:14.224696+00:00,d2c2083fdd2075225075b043579dcd0896098d26,FINAL,0.9.0-fst,2026-09-13T15:37:41.703339+00:00,2026-09-13T15:37:41.752256+00:00,2026-09-13T17:00:00+00:00,82.30412906666668,2026-09-13T15:38:42.066716+00:00,LOCKED,,,
2026_01_TB_CIN,2026,1,2026-09-13,13:00,TB,CIN,0.6291415202993883,0.6425443206875979,0.644729178800233,0.6441829642720742,CIN,0.25,0.75,Hybrid adaptive Brier,linear,production_compatible,0.8-qb-starter,False,,,,,,,,,,,2026_01_TB_CIN::0.8-qb-starter::Hybrid adaptive Brier,2026-09-11T22:37:14.224696+00:00,d2c2083fdd2075225075b043579dcd0896098d26,FINAL,0.9.0-fst,2026-09-13T15:37:41.703339+00:00,2026-09-13T15:37:41.752256+00:00,2026-09-13T17:00:00+00:00,82.30412906666668,2026-09-13T15:38:42.066716+00:00,LOCKED,,,
2026_01_TB_CIN,2026,1,2026-09-13,13:00,TB,CIN,0.6291415202993883,0.6425443206875979,0.644729178800233,0.6441835253625677,CIN,0.25,0.75,Logit hybrid adaptive Brier,logit,production_compatible,0.8-qb-starter,False,,,,,,,,,,,2026_01_TB_CIN::0.8-qb-starter::Logit hybrid adaptive Brier,2026-09-11T22:37:14.224696+00:00,d2c2083fdd2075225075b043579dcd0896098d26,FINAL,0.9.0-fst,2026-09-13T15:37:41.703339+00:00,2026-09-13T15:37:41.752256+00:00,2026-09-13T17:00:00+00:00,82.30412906666668,2026-09-13T15:38:42.066716+00:00,LOCKED,,,
2026_01_TB_CIN,2026,1,2026-09-13,13:00,TB,CIN,0.6291415202993883,0.6425443206875979,0.644729178800233,0.6441835253625677,CIN,0.25,0.75,Logit hybrid adaptive accuracy,logit,production_compatible,0.8-qb-starter,False,,,,,,,,,,,2026_01_TB_CIN::0.8-qb-starter::Logit hybrid adaptive accuracy,2026-09-11T22:37:14.224696+00:00,d2c2083fdd2075225075b043579dcd0896098d26,FINAL,0.9.0-fst,2026-09-13T15:37:41.703339+00:00,2026-09-13T15:37:41.752256+00:00,2026-09-13T17:00:00+00:00,82.30412906666668,2026-09-13T15:38:42.066716+00:00,LOCKED,,,
2026_01_TB_CIN,2026,1,2026-09-13,13:00,TB,CIN,0.6291415202993883,0.6526816888775314,0.644729178800233,0.6526816888775314,CIN,1.0,0.0,Opponent-adjusted Nested PURE,pure,opponent_adjusted,0.8-qb-starter,False,,,,,,,,,,,2026_01_TB_CIN::0.8-qb-starter::Opponent-adjusted Nested PURE,2026-09-11T22:37:14.224696+00:00,d2c2083fdd2075225075b043579dcd0896098d26,FINAL,0.9.0-fst,2026-09-13T15:37:41.703339+00:00,2026-09-13T15:37:41.752256+00:00,2026-09-13T17:00:00+00:00,82.30412906666668,2026-09-13T15:38:42.066716+00:00,LOCKED,,,
2026_01_TB_CIN,2026,1,2026-09-13,13:00,TB,CIN,0.6291415202993883,0.6526816888775314,0.644729178800233,0.6506935613582068,CIN,0.75,0.25,Opponent-adjusted 75% PURE / 25% MARKET,fixed,opponent_adjusted,0.8-qb-starter,False,,,,,,,,,,,2026_01_TB_CIN::0.8-qb-starter::Opponent-adjusted 75% PURE / 25% MARKET,2026-09-11T22:37:14.224696+00:00,d2c2083fdd2075225075b043579dcd0896098d26,FINAL,0.9.0-fst,2026-09-13T15:37:41.703339+00:00,2026-09-13T15:37:41.752256+00:00,2026-09-13T17:00:00+00:00,82.30412906666668,2026-09-13T15:38:42.066716+00:00,LOCKED,,,
2026_01_TB_CIN,2026,1,2026-09-13,13:00,TB,CIN,0.6291415202993883,0.6526816888775314,0.644729178800233,0.6467173063195576,CIN,0.25,0.75,Opponent-adjusted Hybrid adaptive Brier,linear,opponent_adjusted,0.8-qb-starter,False,,,,,,,,,,,2026_01_TB_CIN::0.8-qb-starter::Opponent-adjusted Hybrid adaptive Brier,2026-09-11T22:37:14.224696+00:00,d2c2083fdd2075225075b043579dcd0896098d26,FINAL,0.9.0-fst,2026-09-13T15:37:41.703339+00:00,2026-09-13T15:37:41.752256+00:00,2026-09-13T17:00:00+00:00,82.30412906666668,2026-09-13T15:38:42.066716+00:00,LOCKED,,,
2026_01_TB_CIN,2026,1,2026-09-13,13:00,TB,CIN,0.6291415202993883,0.6526816888775314,0.644729178800233,0.6467250168334691,CIN,0.25,0.75,Opponent-adjusted Logit hybrid adaptive Brier,logit,opponent_adjusted,0.8-qb-starter,False,,,,,,,,,,,2026_01_TB_CIN::0.8-qb-starter::Opponent-adjusted Logit hybrid adaptive Brier,2026-09-11T22:37:14.224696+00:00,d2c2083fdd2075225075b043579dcd0896098d26,FINAL,0.9.0-fst,2026-09-13T15:37:41.703339+00:00,2026-09-13T15:37:41.752256+00:00,2026-09-13T17:00:00+00:00,82.30412906666668,2026-09-13T15:38:42.066716+00:00,LOCKED,,,
2026_01_TB_CIN,2026,1,2026-09-13,13:00,TB,CIN,0.6291415202993883,0.6526816888775314,0.644729178800233,0.6467250168334691,CIN,0.25,0.75,Opponent-adjusted Logit hybrid adaptive accuracy,logit,opponent_adjusted,0.8-qb-starter,False,,,,,,,,,,,2026_01_TB_CIN::0.8-qb-starter::Opponent-adjusted Logit hybrid adaptive accuracy,2026-09-11T22:37:14.224696+00:00,d2c2083fdd2075225075b043579dcd0896098d26,FINAL,0.9.0-fst,2026-09-13T15:37:41.703339+00:00,2026-09-13T15:37:41.752256+00:00,2026-09-13T17:00:00+00:00,82.30412906666668,2026-09-13T15:38:42.066716+00:00,LOCKED,,,
2026_01_TB_CIN,2026,1,2026-09-13,13:00,TB,CIN,0.6291415202993883,0.6554945250377843,0.644729178800233,0.6554945250377843,CIN,1.0,0.0,QB-aware Nested PURE,pure,qb_aware,0.8-qb-starter,False,,,,,,,,,,,2026_01_TB_CIN::0.8-qb-starter::QB-aware Nested PURE,2026-09-11T22:37:14.224696+00:00,d2c2083fdd2075225075b043579dcd0896098d26,FINAL,0.9.0-fst,2026-09-13T15:37:41.703339+00:00,2026-09-13T15:37:41.752256+00:00,2026-09-13T17:00:00+00:00,82.30412906666668,2026-09-13T15:38:42.066716+00:00,LOCKED,,,
2026_01_TB_CIN,2026,1,2026-09-13,13:00,TB,CIN,0.6291415202993883,0.6554945250377843,0.644729178800233,0.6528031884783965,CIN,0.75,0.25,QB-aware 75% PURE / 25% MARKET,fixed,qb_aware,0.8-qb-starter,False,,,,,,,,,,,2026_01_TB_CIN::0.8-qb-starter::QB-aware 75% PURE / 25% MARKET,2026-09-11T22:37:14.224696+00:00,d2c2083fdd2075225075b043579dcd0896098d26,FINAL,0.9.0-fst,2026-09-13T15:37:41.703339+00:00,2026-09-13T15:37:41.752256+00:00,2026-09-13T17:00:00+00:00,82.30412906666668,2026-09-13T15:38:42.066716+00:00,LOCKED,,,
2026_01_TB_CIN,2026,1,2026-09-13,13:00,TB,CIN,0.6291415202993883,0.6554945250377843,0.644729178800233,0.6474205153596208,CIN,0.25,0.75,QB-aware Hybrid adaptive Brier,linear,qb_aware,0.8-qb-starter,False,,,,,,,,,,,2026_01_TB_CIN::0.8-qb-starter::QB-aware Hybrid adaptive Brier,2026-09-11T22:37:14.224696+00:00,d2c2083fdd2075225075b043579dcd0896098d26,FINAL,0.9.0-fst,2026-09-13T15:37:41.703339+00:00,2026-09-13T15:37:41.752256+00:00,2026-09-13T17:00:00+00:00,82.30412906666668,2026-09-13T15:38:42.066716+00:00,LOCKED,,,
2026_01_TB_CIN,2026,1,2026-09-13,13:00,TB,CIN,0.6291415202993883,0.6554945250377843,0.644729178800233,0.6474347885463465,CIN,0.25,0.75,QB-aware Logit hybrid adaptive Brier,logit,qb_aware,0.8-qb-starter,False,,,,,,,,,,,2026_01_TB_CIN::0.8-qb-starter::QB-aware Logit hybrid adaptive Brier,2026-09-11T22:37:14.224696+00:00,d2c2083fdd2075225075b043579dcd0896098d26,FINAL,0.9.0-fst,2026-09-13T15:37:41.703339+00:00,2026-09-13T15:37:41.752256+00:00,2026-09-13T17:00:00+00:00,82.30412906666668,2026-09-13T15:38:42.066716+00:00,LOCKED,,,
2026_01_TB_CIN,2026,1,2026-09-13,13:00,TB,CIN,0.6291415202993883,0.6554945250377843,0.644729178800233,0.6490536400644435,CIN,0.4,0.6,QB-aware Logit hybrid adaptive accuracy,logit,qb_aware,0.8-qb-starter,False,,,,,,,,,,,2026_01_TB_CIN::0.8-qb-starter::QB-aware Logit hybrid adaptive accuracy,2026-09-11T22:37:14.224696+00:00,d2c2083fdd2075225075b043579dcd0896098d26,FINAL,0.9.0-fst,2026-09-13T15:37:41.703339+00:00,2026-09-13T15:37:41.752256+00:00,2026-09-13T17:00:00+00:00,82.30412906666668,2026-09-13T15:38:42.066716+00:00,LOCKED,,,
2026_01_TB_CIN,2026,1,2026-09-13,13:00,TB,CIN,0.6291415202993883,0.6677094380261607,0.644729178800233,0.6677094380261607,CIN,1.0,0.0,Opponent-adjusted + QB-aware Nested PURE,pure,opponent_adjusted_qb,0.8-qb-starter,False,,,,,,,,,,,2026_01_TB_CIN::0.8-qb-starter::Opponent-adjusted + QB-aware Nested PURE,2026-09-11T22:37:14.224696+00:00,d2c2083fdd2075225075b043579dcd0896098d26,FINAL,0.9.0-fst,2026-09-13T15:37:41.703339+00:00,2026-09-13T15:37:41.752256+00:00,2026-09-13T17:00:00+00:00,82.30412906666668,2026-09-13T15:38:42.066716+00:00,LOCKED,,,
2026_01_TB_CIN,2026,1,2026-09-13,13:00,TB,CIN,0.6291415202993883,0.6677094380261607,0.644729178800233,0.6619643732196787,CIN,0.75,0.25,Opponent-adjusted + QB-aware 75% PURE / 25% MARKET,fixed,opponent_adjusted_qb,0.8-qb-starter,False,,,,,,,,,,,2026_01_TB_CIN::0.8-qb-starter::Opponent-adjusted + QB-aware 75% PURE / 25% MARKET,2026-09-11T22:37:14.224696+00:00,d2c2083fdd2075225075b043579dcd0896098d26,FINAL,0.9.0-fst,2026-09-13T15:37:41.703339+00:00,2026-09-13T15:37:41.752256+00:00,2026-09-13T17:00:00+00:00,82.30412906666668,2026-09-13T15:38:42.066716+00:00,LOCKED,,,
2026_01_TB_CIN,2026,1,2026-09-13,13:00,TB,CIN,0.6291415202993883,0.6677094380261607,0.644729178800233,0.6504742436067149,CIN,0.25,0.75,Opponent-adjusted + QB-aware Hybrid adaptive Brier,linear,opponent_adjusted_qb,0.8-qb-starter,False,,,,,,,,,,,2026_01_TB_CIN::0.8-qb-starter::Opponent-adjusted + QB-aware Hybrid adaptive Brier,2026-09-11T22:37:14.224696+00:00,d2c2083fdd2075225075b043579dcd0896098d26,FINAL,0.9.0-fst,2026-09-13T15:37:41.703339+00:00,2026-09-13T15:37:41.752256+00:00,2026-09-13T17:00:00+00:00,82.30412906666668,2026-09-13T15:38:42.066716+00:00,LOCKED,,,
2026_01_TB_CIN,2026,1,2026-09-13,13:00,TB,CIN,0.6291415202993883,0.6677094380261607,0.644729178800233,0.6505421900795416,CIN,0.25,0.75,Opponent-adjusted + QB-aware Logit hybrid adaptive Brier,logit,opponent_adjusted_qb,0.8-qb-starter,False,,,,,,,,,,,2026_01_TB_CIN::0.8-qb-starter::Opponent-adjusted + QB-aware Logit hybrid adaptive Brier,2026-09-11T22:37:14.224696+00:00,d2c2083fdd2075225075b043579dcd0896098d26,FINAL,0.9.0-fst,2026-09-13T15:37:41.703339+00:00,2026-09-13T15:37:41.752256+00:00,2026-09-13T17:00:00+00:00,82.30412906666668,2026-09-13T15:38:42.066716+00:00,LOCKED,,,
2026_01_TB_CIN,2026,1,2026-09-13,13:00,TB,CIN,0.6291415202993883,0.6677094380261607,0.644729178800233,0.6505421900795416,CIN,0.25,0.75,Opponent-adjusted + QB-aware Logit hybrid adaptive accuracy,logit,opponent_adjusted_qb,0.8-qb-starter,False,,,,,,,,,,,2026_01_TB_CIN::0.8-qb-starter::Opponent-adjusted + QB-aware Logit hybrid adaptive accuracy,2026-09-11T22:37:14.224696+00:00,d2c2083fdd2075225075b043579dcd0896098d26,FINAL,0.9.0-fst,2026-09-13T15:37:41.703339+00:00,2026-09-13T15:37:41.752256+00:00,2026-09-13T17:00:00+00:00,82.30412906666668,2026-09-13T15:38:42.066716+00:00,LOCKED,,,
2026_01_TB_CIN,2026,1,2026-09-13,13:00,TB,CIN,0.6291415202993883,0.6425443206875979,0.644729178800233,0.6291415202993883,CIN,,,F-ST-01,stack,market_plus_v08_pure_logit_stack,F-ST-01-FROZEN-2026,True,2025.0,1615.0,2020.0,2025.0,6a26713b636a98298bb619982bb38b2e5dbb78816e093e6f910c1cee32ab5aa0,-0.0695435936316663,1.1939087340527093,-0.193427479838034,2026-09-10T05:08:04Z,59830d23e406d32c34e74919b31d0dd9f85b16ca,2026_01_TB_CIN::F-ST-01-FROZEN-2026::F-ST-01,2026-09-11T22:37:14.224696+00:00,d2c2083fdd2075225075b043579dcd0896098d26,FINAL,0.9.0-fst,2026-09-13T15:37:41.703339+00:00,2026-09-13T15:37:41.752256+00:00,2026-09-13T17:00:00+00:00,82.30412906666668,2026-09-13T15:38:42.066716+00:00,LOCKED,,,
2026_01_NO_DET,2026,1,2026-09-13,13:00,NO,DET,0.7439940570100083,0.59282148085223,0.7335423197492164,0.59282148085223,DET,1.0,0.0,Nested PURE,pure,production_compatible,0.8-qb-starter,False,,,,,,,,,,,2026_01_NO_DET::0.8-qb-starter::Nested PURE,2026-09-11T22:37:14.224696+00:00,d2c2083fdd2075225075b043579dcd0896098d26,FINAL,0.9.0-fst,2026-09-13T15:37:41.703339+00:00,2026-09-13T15:37:41.752256+00:00,2026-09-13T17:00:00+00:00,82.30412906666668,2026-09-13T15:38:42.066716+00:00,LOCKED,,,
2026_01_NO_DET,2026,1,2026-09-13,13:00,NO,DET,0.7439940570100083,0.59282148085223,0.7335423197492164,0.6280016905764766,DET,0.75,0.25,Nested 75% PURE / 25% MARKET,fixed,production_compatible,0.8-qb-starter,False,,,,,,,,,,,2026_01_NO_DET::0.8-qb-starter::Nested 75% PURE / 25% MARKET,2026-09-11T22:37:14.224696+00:00,d2c2083fdd2075225075b043579dcd0896098d26,FINAL,0.9.0-fst,2026-09-13T15:37:41.703339+00:00,2026-09-13T15:37:41.752256+00:00,2026-09-13T17:00:00+00:00,82.30412906666668,2026-09-13T15:38:42.066716+00:00,LOCKED,,,
2026_01_NO_DET,2026,1,2026-09-13,13:00,NO,DET,0.7439940570100083,0.59282148085223,0.7335423197492164,0.6983621100249697,DET,0.25,0.75,Hybrid adaptive Brier,linear,production_compatible,0.8-qb-starter,False,,,,,,,,,,,2026_01_NO_DET::0.8-qb-starter::Hybrid adaptive Brier,2026-09-11T22:37:14.224696+00:00,d2c2083fdd2075225075b043579dcd0896098d26,FINAL,0.9.0-fst,2026-09-13T15:37:41.703339+00:00,2026-09-13T15:37:41.752256+00:00,2026-09-13T17:00:00+00:00,82.30412906666668,2026-09-13T15:38:42.066716+00:00,LOCKED,,,
2026_01_NO_DET,2026,1,2026-09-13,13:00,NO,DET,0.7439940570100083,0.59282148085223,0.7335423197492164,0.7012825634475944,DET,0.25,0.75,Logit hybrid adaptive Brier,logit,production_compatible,0.8-qb-starter,False,,,,,,,,,,,2026_01_NO_DET::0.8-qb-starter::Logit hybrid adaptive Brier,2026-09-11T22:37:14.224696+00:00,d2c2083fdd2075225075b043579dcd0896098d26,FINAL,0.9.0-fst,2026-09-13T15:37:41.703339+00:00,2026-09-13T15:37:41.752256+00:00,2026-09-13T17:00:00+00:00,82.30412906666668,2026-09-13T15:38:42.066716+00:00,LOCKED,,,
2026_01_NO_DET,2026,1,2026-09-13,13:00,NO,DET,0.7439940570100083,0.59282148085223,0.7335423197492164,0.7012825634475944,DET,0.25,0.75,Logit hybrid adaptive accuracy,logit,production_compatible,0.8-qb-starter,False,,,,,,,,,,,2026_01_NO_DET::0.8-qb-starter::Logit hybrid adaptive accuracy,2026-09-11T22:37:14.224696+00:00,d2c2083fdd2075225075b043579dcd0896098d26,FINAL,0.9.0-fst,2026-09-13T15:37:41.703339+00:00,2026-09-13T15:37:41.752256+00:00,2026-09-13T17:00:00+00:00,82.30412906666668,2026-09-13T15:38:42.066716+00:00,LOCKED,,,
2026_01_NO_DET,2026,1,2026-09-13,13:00,NO,DET,0.7439940570100083,0.5914226782025568,0.7335423197492164,0.5914226782025568,DET,1.0,0.0,Opponent-adjusted Nested PURE,pure,opponent_adjusted,0.8-qb-starter,False,,,,,,,,,,,2026_01_NO_DET::0.8-qb-starter::Opponent-adjusted Nested PURE,2026-09-11T22:37:14.224696+00:00,d2c2083fdd2075225075b043579dcd0896098d26,FINAL,0.9.0-fst,2026-09-13T15:37:41.703339+00:00,2026-09-13T15:37:41.752256+00:00,2026-09-13T17:00:00+00:00,82.30412906666668,2026-09-13T15:38:42.066716+00:00,LOCKED,,,
2026_01_NO_DET,2026,1,2026-09-13,13:00,NO,DET,0.7439940570100083,0.5914226782025568,0.7335423197492164,0.6269525885892216,DET,0.75,0.25,Opponent-adjusted 75% PURE / 25% MARKET,fixed,opponent_adjusted,0.8-qb-starter,False,,,,,,,,,,,2026_01_NO_DET::0.8-qb-starter::Opponent-adjusted 75% PURE / 25% MARKET,2026-09-11T22:37:14.224696+00:00,d2c2083fdd2075225075b043579dcd0896098d26,FINAL,0.9.0-fst,2026-09-13T15:37:41.703339+00:00,2026-09-13T15:37:41.752256+00:00,2026-09-13T17:00:00+00:00,82.30412906666668,2026-09-13T15:38:42.066716+00:00,LOCKED,,,
2026_01_NO_DET,2026,1,2026-09-13,13:00,NO,DET,0.7439940570100083,0.5914226782025568,0.7335423197492164,0.6980124093625515,DET,0.25,0.75,Opponent-adjusted Hybrid adaptive Brier,linear,opponent_adjusted,0.8-qb-starter,False,,,,,,,,,,,2026_01_NO_DET::0.8-qb-starter::Opponent-adjusted Hybrid adaptive Brier,2026-09-11T22:37:14.224696+00:00,d2c2083fdd2075225075b043579dcd0896098d26,FINAL,0.9.0-fst,2026-09-13T15:37:41.703339+00:00,2026-09-13T15:37:41.752256+00:00,2026-09-13T17:00:00+00:00,82.30412906666668,2026-09-13T15:38:42.066716+00:00,LOCKED,,,
2026_01_NO_DET,2026,1,2026-09-13,13:00,NO,DET,0.7439940570100083,0.5914226782025568,0.7335423197492164,0.700979149550452,DET,0.25,0.75,Opponent-adjusted Logit hybrid adaptive Brier,logit,opponent_adjusted,0.8-qb-starter,False,,,,,,,,,,,2026_01_NO_DET::0.8-qb-starter::Opponent-adjusted Logit hybrid adaptive Brier,2026-09-11T22:37:14.224696+00:00,d2c2083fdd2075225075b043579dcd0896098d26,FINAL,0.9.0-fst,2026-09-13T15:37:41.703339+00:00,2026-09-13T15:37:41.752256+00:00,2026-09-13T17:00:00+00:00,82.30412906666668,2026-09-13T15:38:42.066716+00:00,LOCKED,,,
2026_01_NO_DET,2026,1,2026-09-13,13:00,NO,DET,0.7439940570100083,0.5914226782025568,0.7335423197492164,0.700979149550452,DET,0.25,0.75,Opponent-adjusted Logit hybrid adaptive accuracy,logit,opponent_adjusted,0.8-qb-starter,False,,,,,,,,,,,2026_01_NO_DET::0.8-qb-starter::Opponent-adjusted Logit hybrid adaptive accuracy,2026-09-11T22:37:14.224696+00:00,d2c2083fdd2075225075b043579dcd0896098d26,FINAL,0.9.0-fst,2026-09-13T15:37:41.703339+00:00,2026-09-13T15:37:41.752256+00:00,2026-09-13T17:00:00+00:00,82.30412906666668,2026-09-13T15:38:42.066716+00:00,LOCKED,,,
2026_01_NO_DET,2026,1,2026-09-13,13:00,NO,DET,0.7439940570100083,0.5968589953003843,0.7335423197492164,0.5968589953003843,DET,1.0,0.0,QB-aware Nested PURE,pure,qb_aware,0.8-qb-starter,False,,,,,,,,,,,2026_01_NO_DET::0.8-qb-starter::QB-aware Nested PURE,2026-09-11T22:37:14.224696+00:00,d2c2083fdd2075225075b043579dcd0896098d26,FINAL,0.9.0-fst,2026-09-13T15:37:41.703339+00:00,2026-09-13T15:37:41.752256+00:00,2026-09-13T17:00:00+00:00,82.30412906666668,2026-09-13T15:38:42.066716+00:00,LOCKED,,,
2026_01_NO_DET,2026,1,2026-09-13,13:00,NO,DET,0.7439940570100083,0.5968589953003843,0.7335423197492164,0.6310298264125923,DET,0.75,0.25,QB-aware 75% PURE / 25% MARKET,fixed,qb_aware,0.8-qb-starter,False,,,,,,,,,,,2026_01_NO_DET::0.8-qb-starter::QB-aware 75% PURE / 25% MARKET,2026-09-11T22:37:14.224696+00:00,d2c2083fdd2075225075b043579dcd0896098d26,FINAL,0.9.0-fst,2026-09-13T15:37:41.703339+00:00,2026-09-13T15:37:41.752256+00:00,2026-09-13T17:00:00+00:00,82.30412906666668,2026-09-13T15:38:42.066716+00:00,LOCKED,,,
2026_01_NO_DET,2026,1,2026-09-13,13:00,NO,DET,0.7439940570100083,0.5968589953003843,0.7335423197492164,0.6993714886370084,DET,0.25,0.75,QB-aware Hybrid adaptive Brier,linear,qb_aware,0.8-qb-starter,False,,,,,,,,,,,2026_01_NO_DET::0.8-qb-starter::QB-aware Hybrid adaptive Brier,2026-09-11T22:37:14.224696+00:00,d2c2083fdd2075225075b043579dcd0896098d26,FINAL,0.9.0-fst,2026-09-13T15:37:41.703339+00:00,2026-09-13T15:37:41.752256+00:00,2026-09-13T17:00:00+00:00,82.30412906666668,2026-09-13T15:38:42.066716+00:00,LOCKED,,,
2026_01_NO_DET,2026,1,2026-09-13,13:00,NO,DET,0.7439940570100083,0.5968589953003843,0.7335423197492164,0.7021591953718574,DET,0.25,0.75,QB-aware Logit hybrid adaptive Brier,logit,qb_aware,0.8-qb-starter,False,,,,,,,,,,,2026_01_NO_DET::0.8-qb-starter::QB-aware Logit hybrid adaptive Brier,2026-09-11T22:37:14.224696+00:00,d2c2083fdd2075225075b043579dcd0896098d26,FINAL,0.9.0-fst,2026-09-13T15:37:41.703339+00:00,2026-09-13T15:37:41.752256+00:00,2026-09-13T17:00:00+00:00,82.30412906666668,2026-09-13T15:38:42.066716+00:00,LOCKED,,,
2026_01_NO_DET,2026,1,2026-09-13,13:00,NO,DET,0.7439940570100083,0.5968589953003843,0.7335423197492164,0.6823428784042274,DET,0.4,0.6,QB-aware Logit hybrid adaptive accuracy,logit,qb_aware,0.8-qb-starter,False,,,,,,,,,,,2026_01_NO_DET::0.8-qb-starter::QB-aware Logit hybrid adaptive accuracy,2026-09-11T22:37:14.224696+00:00,d2c2083fdd2075225075b043579dcd0896098d26,FINAL,0.9.0-fst,2026-09-13T15:37:41.703339+00:00,2026-09-13T15:37:41.752256+00:00,2026-09-13T17:00:00+00:00,82.30412906666668,2026-09-13T15:38:42.066716+00:00,LOCKED,,,
2026_01_NO_DET,2026,1,2026-09-13,13:00,NO,DET,0.7439940570100083,0.593634152780145,0.7335423197492164,0.593634152780145,DET,1.0,0.0,Opponent-adjusted + QB-aware Nested PURE,pure,opponent_adjusted_qb,0.8-qb-starter,False,,,,,,,,,,,2026_01_NO_DET::0.8-qb-starter::Opponent-adjusted + QB-aware Nested PURE,2026-09-11T22:37:14.224696+00:00,d2c2083fdd2075225075b043579dcd0896098d26,FINAL,0.9.0-fst,2026-09-13T15:37:41.703339+00:00,2026-09-13T15:37:41.752256+00:00,2026-09-13T17:00:00+00:00,82.30412906666668,2026-09-13T15:38:42.066716+00:00,LOCKED,,,
2026_01_NO_DET,2026,1,2026-09-13,13:00,NO,DET,0.7439940570100083,0.593634152780145,0.7335423197492164,0.6286111945224129,DET,0.75,0.25,Opponent-adjusted + QB-aware 75% PURE / 25% MARKET,fixed,opponent_adjusted_qb,0.8-qb-starter,False,,,,,,,,,,,2026_01_NO_DET::0.8-qb-starter::Opponent-adjusted + QB-aware 75% PURE / 25% MARKET,2026-09-11T22:37:14.224696+00:00,d2c2083fdd2075225075b043579dcd0896098d26,FINAL,0.9.0-fst,2026-09-13T15:37:41.703339+00:00,2026-09-13T15:37:41.752256+00:00,2026-09-13T17:00:00+00:00,82.30412906666668,2026-09-13T15:38:42.066716+00:00,LOCKED,,,
2026_01_NO_DET,2026,1,2026-09-13,13:00,NO,DET,0.7439940570100083,0.593634152780145,0.7335423197492164,0.6985652780069485,DET,0.25,0.75,Opponent-adjusted + QB-aware Hybrid adaptive Brier,linear,opponent_adjusted_qb,0.8-qb-starter,False,,,,,,,,,,,2026_01_NO_DET::0.8-qb-starter::Opponent-adjusted + QB-aware Hybrid adaptive Brier,2026-09-11T22:37:14.224696+00:00,d2c2083fdd2075225075b043579dcd0896098d26,FINAL,0.9.0-fst,2026-09-13T15:37:41.703339+00:00,2026-09-13T15:37:41.752256+00:00,2026-09-13T17:00:00+00:00,82.30412906666668,2026-09-13T15:38:42.066716+00:00,LOCKED,,,
2026_01_NO_DET,2026,1,2026-09-13,13:00,NO,DET,0.7439940570100083,0.593634152780145,0.7335423197492164,0.7014589082332761,DET,0.25,0.75,Opponent-adjusted + QB-aware Logit hybrid adaptive Brier,logit,opponent_adjusted_qb,0.8-qb-starter,False,,,,,,,,,,,2026_01_NO_DET::0.8-qb-starter::Opponent-adjusted + QB-aware Logit hybrid adaptive Brier,2026-09-11T22:37:14.224696+00:00,d2c2083fdd2075225075b043579dcd0896098d26,FINAL,0.9.0-fst,2026-09-13T15:37:41.703339+00:00,2026-09-13T15:37:41.752256+00:00,2026-09-13T17:00:00+00:00,82.30412906666668,2026-09-13T15:38:42.066716+00:00,LOCKED,,,
2026_01_NO_DET,2026,1,2026-09-13,13:00,NO,DET,0.7439940570100083,0.593634152780145,0.7335423197492164,0.7014589082332761,DET,0.25,0.75,Opponent-adjusted + QB-aware Logit hybrid adaptive accuracy,logit,opponent_adjusted_qb,0.8-qb-starter,False,,,,,,,,,,,2026_01_NO_DET::0.8-qb-starter::Opponent-adjusted + QB-aware Logit hybrid adaptive accuracy,2026-09-11T22:37:14.224696+00:00,d2c2083fdd2075225075b043579dcd0896098d26,FINAL,0.9.0-fst,2026-09-13T15:37:41.703339+00:00,2026-09-13T15:37:41.752256+00:00,2026-09-13T17:00:00+00:00,82.30412906666668,2026-09-13T15:38:42.066716+00:00,LOCKED,,,
2026_01_NO_DET,2026,1,2026-09-13,13:00,NO,DET,0.7439940570100083,0.5928214808522294,0.7335423197492164,0.7439940570100083,DET,,,F-ST-01,stack,market_plus_v08_pure_logit_stack,F-ST-01-FROZEN-2026,True,2025.0,1615.0,2020.0,2025.0,6a26713b636a98298bb619982bb38b2e5dbb78816e093e6f910c1cee32ab5aa0,-0.0695435936316663,1.1939087340527093,-0.193427479838034,2026-09-10T05:08:04Z,59830d23e406d32c34e74919b31d0dd9f85b16ca,2026_01_NO_DET::F-ST-01-FROZEN-2026::F-ST-01,2026-09-11T22:37:14.224696+00:00,d2c2083fdd2075225075b043579dcd0896098d26,FINAL,0.9.0-fst,2026-09-13T15:37:41.703339+00:00,2026-09-13T15:37:41.752256+00:00,2026-09-13T17:00:00+00:00,82.30412906666668,2026-09-13T15:38:42.066716+00:00,LOCKED,,,
2026_01_BUF_HOU,2026,1,2026-09-13,13:00,BUF,HOU,0.4738279785151002,0.51881266469104,0.4956702459300312,0.51881266469104,HOU,1.0,0.0,Nested PURE,pure,production_compatible,0.8-qb-starter,False,,,,,,,,,,,2026_01_BUF_HOU::0.8-qb-starter::Nested PURE,2026-09-11T22:37:14.224696+00:00,d2c2083fdd2075225075b043579dcd0896098d26,FINAL,0.9.0-fst,2026-09-13T15:37:41.703339+00:00,2026-09-13T15:37:41.752256+00:00,2026-09-13T17:00:00+00:00,82.30412906666668,2026-09-13T15:38:42.066716+00:00,LOCKED,,,
2026_01_BUF_HOU,2026,1,2026-09-13,13:00,BUF,HOU,0.4738279785151002,0.51881266469104,0.4956702459300312,0.5130270600007878,HOU,0.75,0.25,Nested 75% PURE / 25% MARKET,fixed,production_compatible,0.8-qb-starter,False,,,,,,,,,,,2026_01_BUF_HOU::0.8-qb-starter::Nested 75% PURE / 25% MARKET,2026-09-11T22:37:14.224696+00:00,d2c2083fdd2075225075b043579dcd0896098d26,FINAL,0.9.0-fst,2026-09-13T15:37:41.703339+00:00,2026-09-13T15:37:41.752256+00:00,2026-09-13T17:00:00+00:00,82.30412906666668,2026-09-13T15:38:42.066716+00:00,LOCKED,,,
2026_01_BUF_HOU,2026,1,2026-09-13,13:00,BUF,HOU,0.4738279785151002,0.51881266469104,0.4956702459300312,0.5014558506202834,HOU,0.25,0.75,Hybrid adaptive Brier,linear,production_compatible,0.8-qb-starter,False,,,,,,,,,,,2026_01_BUF_HOU::0.8-qb-starter::Hybrid adaptive Brier,2026-09-11T22:37:14.224696+00:00,d2c2083fdd2075225075b043579dcd0896098d26,FINAL,0.9.0-fst,2026-09-13T15:37:41.703339+00:00,2026-09-13T15:37:41.752256+00:00,2026-09-13T17:00:00+00:00,82.30412906666668,2026-09-13T15:38:42.066716+00:00,LOCKED,,,
2026_01_BUF_HOU,2026,1,2026-09-13,13:00,BUF,HOU,0.4738279785151002,0.51881266469104,0.4956702459300312,0.5014579865722647,HOU,0.25,0.75,Logit hybrid adaptive Brier,logit,production_compatible,0.8-qb-starter,False,,,,,,,,,,,2026_01_BUF_HOU::0.8-qb-starter::Logit hybrid adaptive Brier,2026-09-11T22:37:14.224696+00:00,d2c2083fdd2075225075b043579dcd0896098d26,FINAL,0.9.0-fst,2026-09-13T15:37:41.703339+00:00,2026-09-13T15:37:41.752256+00:00,2026-09-13T17:00:00+00:00,82.30412906666668,2026-09-13T15:38:42.066716+00:00,LOCKED,,,
2026_01_BUF_HOU,2026,1,2026-09-13,13:00,BUF,HOU,0.4738279785151002,0.51881266469104,0.4956702459300312,0.5014579865722647,HOU,0.25,0.75,Logit hybrid adaptive accuracy,logit,production_compatible,0.8-qb-starter,False,,,,,,,,,,,2026_01_BUF_HOU::0.8-qb-starter::Logit hybrid adaptive accuracy,2026-09-11T22:37:14.224696+00:00,d2c2083fdd2075225075b043579dcd0896098d26,FINAL,0.9.0-fst,2026-09-13T15:37:41.703339+00:00,2026-09-13T15:37:41.752256+00:00,2026-09-13T17:00:00+00:00,82.30412906666668,2026-09-13T15:38:42.066716+00:00,LOCKED,,,
2026_01_BUF_HOU,2026,1,2026-09-13,13:00,BUF,HOU,0.4738279785151002,0.5273691048456205,0.4956702459300312,0.5273691048456205,HOU,1.0,0.0,Opponent-adjusted Nested PURE,pure,opponent_adjusted,0.8-qb-starter,False,,,,,,,,,,,2026_01_BUF_HOU::0.8-qb-starter::Opponent-adjusted Nested PURE,2026-09-11T22:37:14.224696+00:00,d2c2083fdd2075225075b043579dcd0896098d26,FINAL,0.9.0-fst,2026-09-13T15:37:41.703339+00:00,2026-09-13T15:37:41.752256+00:00,2026-09-13T17:00:00+00:00,82.30412906666668,2026-09-13T15:38:42.066716+00:00,LOCKED,,,
2026_01_BUF_HOU,2026,1,2026-09-13,13:00,BUF,HOU,0.4738279785151002,0.5273691048456205,0.4956702459300312,0.5194443901167232,HOU,0.75,0.25,Opponent-adjusted 75% PURE / 25% MARKET,fixed,opponent_adjusted,0.8-qb-starter,False,,,,,,,,,,,2026_01_BUF_HOU::0.8-qb-starter::Opponent-adjusted 75% PURE / 25% MARKET,2026-09-11T22:37:14.224696+00:00,d2c2083fdd2075225075b043579dcd0896098d26,FINAL,0.9.0-fst,2026-09-13T15:37:41.703339+00:00,2026-09-13T15:37:41.752256+00:00,2026-09-13T17:00:00+00:00,82.30412906666668,2026-09-13T15:38:42.066716+00:00,LOCKED,,,
2026_01_BUF_HOU,2026,1,2026-09-13,13:00,BUF,HOU,0.4738279785151002,0.5273691048456205,0.4956702459300312,0.5035949606589285,HOU,0.25,0.75,Opponent-adjusted Hybrid adaptive Brier,linear,opponent_adjusted,0.8-qb-starter,False,,,,,,,,,,,2026_01_BUF_HOU::0.8-qb-starter::Opponent-adjusted Hybrid adaptive Brier,2026-09-11T22:37:14.224696+00:00,d2c2083fdd2075225075b043579dcd0896098d26,FINAL,0.9.0-fst,2026-09-13T15:37:41.703339+00:00,2026-09-13T15:37:41.752256+00:00,2026-09-13T17:00:00+00:00,82.30412906666668,2026-09-13T15:38:42.066716+00:00,LOCKED,,,
2026_01_BUF_HOU,2026,1,2026-09-13,13:00,BUF,HOU,0.4738279785151002,0.5273691048456205,0.4956702459300312,0.5036016632746569,HOU,0.25,0.75,Opponent-adjusted Logit hybrid adaptive Brier,logit,opponent_adjusted,0.8-qb-starter,False,,,,,,,,,,,2026_01_BUF_HOU::0.8-qb-starter::Opponent-adjusted Logit hybrid adaptive Brier,2026-09-11T22:37:14.224696+00:00,d2c2083fdd2075225075b043579dcd0896098d26,FINAL,0.9.0-fst,2026-09-13T15:37:41.703339+00:00,2026-09-13T15:37:41.752256+00:00,2026-09-13T17:00:00+00:00,82.30412906666668,2026-09-13T15:38:42.066716+00:00,LOCKED,,,
2026_01_BUF_HOU,2026,1,2026-09-13,13:00,BUF,HOU,0.4738279785151002,0.5273691048456205,0.4956702459300312,0.5036016632746569,HOU,0.25,0.75,Opponent-adjusted Logit hybrid adaptive accuracy,logit,opponent_adjusted,0.8-qb-starter,False,,,,,,,,,,,2026_01_BUF_HOU::0.8-qb-starter::Opponent-adjusted Logit hybrid adaptive accuracy,2026-09-11T22:37:14.224696+00:00,d2c2083fdd2075225075b043579dcd0896098d26,FINAL,0.9.0-fst,2026-09-13T15:37:41.703339+00:00,2026-09-13T15:37:41.752256+00:00,2026-09-13T17:00:00+00:00,82.30412906666668,2026-09-13T15:38:42.066716+00:00,LOCKED,,,
2026_01_BUF_HOU,2026,1,2026-09-13,13:00,BUF,HOU,0.4738279785151002,0.5637715846546887,0.4956702459300312,0.5637715846546887,HOU,1.0,0.0,QB-aware Nested PURE,pure,qb_aware,0.8-qb-starter,False,,,,,,,,,,,2026_01_BUF_HOU::0.8-qb-starter::QB-aware Nested PURE,2026-09-11T22:37:14.224696+00:00,d2c2083fdd2075225075b043579dcd0896098d26,FINAL,0.9.0-fst,2026-09-13T15:37:41.703339+00:00,2026-09-13T15:37:41.752256+00:00,2026-09-13T17:00:00+00:00,82.30412906666668,2026-09-13T15:38:42.066716+00:00,LOCKED,,,
2026_01_BUF_HOU,2026,1,2026-09-13,13:00,BUF,HOU,0.4738279785151002,0.5637715846546887,0.4956702459300312,0.5467462499735243,HOU,0.75,0.25,QB-aware 75% PURE / 25% MARKET,fixed,qb_aware,0.8-qb-starter,False,,,,,,,,,,,2026_01_BUF_HOU::0.8-qb-starter::QB-aware 75% PURE / 25% MARKET,2026-09-11T22:37:14.224696+00:00,d2c2083fdd2075225075b043579dcd0896098d26,FINAL,0.9.0-fst,2026-09-13T15:37:41.703339+00:00,2026-09-13T15:37:41.752256+00:00,2026-09-13T17:00:00+00:00,82.30412906666668,2026-09-13T15:38:42.066716+00:00,LOCKED,,,
2026_01_BUF_HOU,2026,1,2026-09-13,13:00,BUF,HOU,0.4738279785151002,0.5637715846546887,0.4956702459300312,0.5126955806111956,HOU,0.25,0.75,QB-aware Hybrid adaptive Brier,linear,qb_aware,0.8-qb-starter,False,,,,,,,,,,,2026_01_BUF_HOU::0.8-qb-starter::QB-aware Hybrid adaptive Brier,2026-09-11T22:37:14.224696+00:00,d2c2083fdd2075225075b043579dcd0896098d26,FINAL,0.9.0-fst,2026-09-13T15:37:41.703339+00:00,2026-09-13T15:37:41.752256+00:00,2026-09-13T17:00:00+00:00,82.30412906666668,2026-09-13T15:38:42.066716+00:00,LOCKED,,,
2026_01_BUF_HOU,2026,1,2026-09-13,13:00,BUF,HOU,0.4738279785151002,0.5637715846546887,0.4956702459300312,0.5127800180024069,HOU,0.25,0.75,QB-aware Logit hybrid adaptive Brier,logit,qb_aware,0.8-qb-starter,False,,,,,,,,,,,2026_01_BUF_HOU::0.8-qb-starter::QB-aware Logit hybrid adaptive Brier,2026-09-11T22:37:14.224696+00:00,d2c2083fdd2075225075b043579dcd0896098d26,FINAL,0.9.0-fst,2026-09-13T15:37:41.703339+00:00,2026-09-13T15:37:41.752256+00:00,2026-09-13T17:00:00+00:00,82.30412906666668,2026-09-13T15:38:42.066716+00:00,LOCKED,,,
2026_01_BUF_HOU,2026,1,2026-09-13,13:00,BUF,HOU,0.4738279785151002,0.5637715846546887,0.4956702459300312,0.5230340852556601,HOU,0.4,0.6,QB-aware Logit hybrid adaptive accuracy,logit,qb_aware,0.8-qb-starter,False,,,,,,,,,,,2026_01_BUF_HOU::0.8-qb-starter::QB-aware Logit hybrid adaptive accuracy,2026-09-11T22:37:14.224696+00:00,d2c2083fdd2075225075b043579dcd0896098d26,FINAL,0.9.0-fst,2026-09-13T15:37:41.703339+00:00,2026-09-13T15:37:41.752256+00:00,2026-09-13T17:00:00+00:00,82.30412906666668,2026-09-13T15:38:42.066716+00:00,LOCKED,,,
2026_01_BUF_HOU,2026,1,2026-09-13,13:00,BUF,HOU,0.4738279785151002,0.5571343393203381,0.4956702459300312,0.5571343393203381,HOU,1.0,0.0,Opponent-adjusted + QB-aware Nested PURE,pure,opponent_adjusted_qb,0.8-qb-starter,False,,,,,,,,,,,2026_01_BUF_HOU::0.8-qb-starter::Opponent-adjusted + QB-aware Nested PURE,2026-09-11T22:37:14.224696+00:00,d2c2083fdd2075225075b043579dcd0896098d26,FINAL,0.9.0-fst,2026-09-13T15:37:41.703339+00:00,2026-09-13T15:37:41.752256+00:00,2026-09-13T17:00:00+00:00,82.30412906666668,2026-09-13T15:38:42.066716+00:00,LOCKED,,,
2026_01_BUF_HOU,2026,1,2026-09-13,13:00,BUF,HOU,0.4738279785151002,0.5571343393203381,0.4956702459300312,0.5417683159727613,HOU,0.75,0.25,Opponent-adjusted + QB-aware 75% PURE / 25% MARKET,fixed,opponent_adjusted_qb,0.8-qb-starter,False,,,,,,,,,,,2026_01_BUF_HOU::0.8-qb-starter::Opponent-adjusted + QB-aware 75% PURE / 25% MARKET,2026-09-11T22:37:14.224696+00:00,d2c2083fdd2075225075b043579dcd0896098d26,FINAL,0.9.0-fst,2026-09-13T15:37:41.703339+00:00,2026-09-13T15:37:41.752256+00:00,2026-09-13T17:00:00+00:00,82.30412906666668,2026-09-13T15:38:42.066716+00:00,LOCKED,,,
2026_01_BUF_HOU,2026,1,2026-09-13,13:00,BUF,HOU,0.4738279785151002,0.5571343393203381,0.4956702459300312,0.5110362692776079,HOU,0.25,0.75,Opponent-adjusted + QB-aware Hybrid adaptive Brier,linear,opponent_adjusted_qb,0.8-qb-starter,False,,,,,,,,,,,2026_01_BUF_HOU::0.8-qb-starter::Opponent-adjusted + QB-aware Hybrid adaptive Brier,2026-09-11T22:37:14.224696+00:00,d2c2083fdd2075225075b043579dcd0896098d26,FINAL,0.9.0-fst,2026-09-13T15:37:41.703339+00:00,2026-09-13T15:37:41.752256+00:00,2026-09-13T17:00:00+00:00,82.30412906666668,2026-09-13T15:38:42.066716+00:00,LOCKED,,,
2026_01_BUF_HOU,2026,1,2026-09-13,13:00,BUF,HOU,0.4738279785151002,0.5571343393203381,0.4956702459300312,0.5110970256637855,HOU,0.25,0.75,Opponent-adjusted + QB-aware Logit hybrid adaptive Brier,logit,opponent_adjusted_qb,0.8-qb-starter,False,,,,,,,,,,,2026_01_BUF_HOU::0.8-qb-starter::Opponent-adjusted + QB-aware Logit hybrid adaptive Brier,2026-09-11T22:37:14.224696+00:00,d2c2083fdd2075225075b043579dcd0896098d26,FINAL,0.9.0-fst,2026-09-13T15:37:41.703339+00:00,2026-09-13T15:37:41.752256+00:00,2026-09-13T17:00:00+00:00,82.30412906666668,2026-09-13T15:38:42.066716+00:00,LOCKED,,,
2026_01_BUF_HOU,2026,1,2026-09-13,13:00,BUF,HOU,0.4738279785151002,0.5571343393203381,0.4956702459300312,0.5110970256637855,HOU,0.25,0.75,Opponent-adjusted + QB-aware Logit hybrid adaptive accuracy,logit,opponent_adjusted_qb,0.8-qb-starter,False,,,,,,,,,,,2026_01_BUF_HOU::0.8-qb-starter::Opponent-adjusted + QB-aware Logit hybrid adaptive accuracy,2026-09-11T22:37:14.224696+00:00,d2c2083fdd2075225075b043579dcd0896098d26,FINAL,0.9.0-fst,2026-09-13T15:37:41.703339+00:00,2026-09-13T15:37:41.752256+00:00,2026-09-13T17:00:00+00:00,82.30412906666668,2026-09-13T15:38:42.066716+00:00,LOCKED,,,
2026_01_BUF_HOU,2026,1,2026-09-13,13:00,BUF,HOU,0.4738279785151002,0.5188126646910399,0.4956702459300312,0.4738279785151002,BUF,,,F-ST-01,stack,market_plus_v08_pure_logit_stack,F-ST-01-FROZEN-2026,True,2025.0,1615.0,2020.0,2025.0,6a26713b636a98298bb619982bb38b2e5dbb78816e093e6f910c1cee32ab5aa0,-0.0695435936316663,1.1939087340527093,-0.193427479838034,2026-09-10T05:08:04Z,59830d23e406d32c34e74919b31d0dd9f85b16ca,2026_01_BUF_HOU::F-ST-01-FROZEN-2026::F-ST-01,2026-09-11T22:37:14.224696+00:00,d2c2083fdd2075225075b043579dcd0896098d26,FINAL,0.9.0-fst,2026-09-13T15:37:41.703339+00:00,2026-09-13T15:37:41.752256+00:00,2026-09-13T17:00:00+00:00,82.30412906666668,2026-09-13T15:38:42.066716+00:00,LOCKED,,,
2026_01_BAL_IND,2026,1,2026-09-13,13:00,BAL,IND,0.3701903651781804,0.4125526337262331,0.3907637655417407,0.4125526337262331,BAL,1.0,0.0,Nested PURE,pure,production_compatible,0.8-qb-starter,False,,,,,,,,,,,2026_01_BAL_IND::0.8-qb-starter::Nested PURE,2026-09-11T22:37:14.224696+00:00,d2c2083fdd2075225075b043579dcd0896098d26,FINAL,0.9.0-fst,2026-09-13T15:37:41.703339+00:00,2026-09-13T15:37:41.752256+00:00,2026-09-13T17:00:00+00:00,82.30412906666668,2026-09-13T15:38:42.066716+00:00,LOCKED,,,
2026_01_BAL_IND,2026,1,2026-09-13,13:00,BAL,IND,0.3701903651781804,0.4125526337262331,0.3907637655417407,0.4071054166801099,BAL,0.75,0.25,Nested 75% PURE / 25% MARKET,fixed,production_compatible,0.8-qb-starter,False,,,,,,,,,,,2026_01_BAL_IND::0.8-qb-starter::Nested 75% PURE / 25% MARKET,2026-09-11T22:37:14.224696+00:00,d2c2083fdd2075225075b043579dcd0896098d26,FINAL,0.9.0-fst,2026-09-13T15:37:41.703339+00:00,2026-09-13T15:37:41.752256+00:00,2026-09-13T17:00:00+00:00,82.30412906666668,2026-09-13T15:38:42.066716+00:00,LOCKED,,,
2026_01_BAL_IND,2026,1,2026-09-13,13:00,BAL,IND,0.3701903651781804,0.4125526337262331,0.3907637655417407,0.3962109825878638,BAL,0.25,0.75,Hybrid adaptive Brier,linear,production_compatible,0.8-qb-starter,False,,,,,,,,,,,2026_01_BAL_IND::0.8-qb-starter::Hybrid adaptive Brier,2026-09-11T22:37:14.224696+00:00,d2c2083fdd2075225075b043579dcd0896098d26,FINAL,0.9.0-fst,2026-09-13T15:37:41.703339+00:00,2026-09-13T15:37:41.752256+00:00,2026-09-13T17:00:00+00:00,82.30412906666668,2026-09-13T15:38:42.066716+00:00,LOCKED,,,
2026_01_BAL_IND,2026,1,2026-09-13,13:00,BAL,IND,0.3701903651781804,0.4125526337262331,0.3907637655417407,0.396173923001916,BAL,0.25,0.75,Logit hybrid adaptive Brier,logit,production_compatible,0.8-qb-starter,False,,,,,,,,,,,2026_01_BAL_IND::0.8-qb-starter::Logit hybrid adaptive Brier,2026-09-11T22:37:14.224696+00:00,d2c2083fdd2075225075b043579dcd0896098d26,FINAL,0.9.0-fst,2026-09-13T15:37:41.703339+00:00,2026-09-13T15:37:41.752256+00:00,2026-09-13T17:00:00+00:00,82.30412906666668,2026-09-13T15:38:42.066716+00:00,LOCKED,,,
2026_01_BAL_IND,2026,1,2026-09-13,13:00,BAL,IND,0.3701903651781804,0.4125526337262331,0.3907637655417407,0.396173923001916,BAL,0.25,0.75,Logit hybrid adaptive accuracy,logit,production_compatible,0.8-qb-starter,False,,,,,,,,,,,2026_01_BAL_IND::0.8-qb-starter::Logit hybrid adaptive accuracy,2026-09-11T22:37:14.224696+00:00,d2c2083fdd2075225075b043579dcd0896098d26,FINAL,0.9.0-fst,2026-09-13T15:37:41.703339+00:00,2026-09-13T15:37:41.752256+00:00,2026-09-13T17:00:00+00:00,82.30412906666668,2026-09-13T15:38:42.066716+00:00,LOCKED,,,
2026_01_BAL_IND,2026,1,2026-09-13,13:00,BAL,IND,0.3701903651781804,0.4134134687241082,0.3907637655417407,0.4134134687241082,BAL,1.0,0.0,Opponent-adjusted Nested PURE,pure,opponent_adjusted,0.8-qb-starter,False,,,,,,,,,,,2026_01_BAL_IND::0.8-qb-starter::Opponent-adjusted Nested PURE,2026-09-11T22:37:14.224696+00:00,d2c2083fdd2075225075b043579dcd0896098d26,FINAL,0.9.0-fst,2026-09-13T15:37:41.703339+00:00,2026-09-13T15:37:41.752256+00:00,2026-09-13T17:00:00+00:00,82.30412906666668,2026-09-13T15:38:42.066716+00:00,LOCKED,,,
2026_01_BAL_IND,2026,1,2026-09-13,13:00,BAL,IND,0.3701903651781804,0.4134134687241082,0.3907637655417407,0.4077510429285163,BAL,0.75,0.25,Opponent-adjusted 75% PURE / 25% MARKET,fixed,opponent_adjusted,0.8-qb-starter,False,,,,,,,,,,,2026_01_BAL_IND::0.8-qb-starter::Opponent-adjusted 75% PURE / 25% MARKET,2026-09-11T22:37:14.224696+00:00,d2c2083fdd2075225075b043579dcd0896098d26,FINAL,0.9.0-fst,2026-09-13T15:37:41.703339+00:00,2026-09-13T15:37:41.752256+00:00,2026-09-13T17:00:00+00:00,82.30412906666668,2026-09-13T15:38:42.066716+00:00,LOCKED,,,
2026_01_BAL_IND,2026,1,2026-09-13,13:00,BAL,IND,0.3701903651781804,0.4134134687241082,0.3907637655417407,0.3964261913373326,BAL,0.25,0.75,Opponent-adjusted Hybrid adaptive Brier,linear,opponent_adjusted,0.8-qb-starter,False,,,,,,,,,,,2026_01_BAL_IND::0.8-qb-starter::Opponent-adjusted Hybrid adaptive Brier,2026-09-11T22:37:14.224696+00:00,d2c2083fdd2075225075b043579dcd0896098d26,FINAL,0.9.0-fst,2026-09-13T15:37:41.703339+00:00,2026-09-13T15:37:41.752256+00:00,2026-09-13T17:00:00+00:00,82.30412906666668,2026-09-13T15:38:42.066716+00:00,LOCKED,,,
2026_01_BAL_IND,2026,1,2026-09-13,13:00,BAL,IND,0.3701903651781804,0.4134134687241082,0.3907637655417407,0.3963863036449299,BAL,0.25,0.75,Opponent-adjusted Logit hybrid adaptive Brier,logit,opponent_adjusted,0.8-qb-starter,False,,,,,,,,,,,2026_01_BAL_IND::0.8-qb-starter::Opponent-adjusted Logit hybrid adaptive Brier,2026-09-11T22:37:14.224696+00:00,d2c2083fdd2075225075b043579dcd0896098d26,FINAL,0.9.0-fst,2026-09-13T15:37:41.703339+00:00,2026-09-13T15:37:41.752256+00:00,2026-09-13T17:00:00+00:00,82.30412906666668,2026-09-13T15:38:42.066716+00:00,LOCKED,,,
2026_01_BAL_IND,2026,1,2026-09-13,13:00,BAL,IND,0.3701903651781804,0.4134134687241082,0.3907637655417407,0.3963863036449299,BAL,0.25,0.75,Opponent-adjusted Logit hybrid adaptive accuracy,logit,opponent_adjusted,0.8-qb-starter,False,,,,,,,,,,,2026_01_BAL_IND::0.8-qb-starter::Opponent-adjusted Logit hybrid adaptive accuracy,2026-09-11T22:37:14.224696+00:00,d2c2083fdd2075225075b043579dcd0896098d26,FINAL,0.9.0-fst,2026-09-13T15:37:41.703339+00:00,2026-09-13T15:37:41.752256+00:00,2026-09-13T17:00:00+00:00,82.30412906666668,2026-09-13T15:38:42.066716+00:00,LOCKED,,,
2026_01_BAL_IND,2026,1,2026-09-13,13:00,BAL,IND,0.3701903651781804,0.390684585245578,0.3907637655417407,0.390684585245578,BAL,1.0,0.0,QB-aware Nested PURE,pure,qb_aware,0.8-qb-starter,False,,,,,,,,,,,2026_01_BAL_IND::0.8-qb-starter::QB-aware Nested PURE,2026-09-11T22:37:14.224696+00:00,d2c2083fdd2075225075b043579dcd0896098d26,FINAL,0.9.0-fst,2026-09-13T15:37:41.703339+00:00,2026-09-13T15:37:41.752256+00:00,2026-09-13T17:00:00+00:00,82.30412906666668,2026-09-13T15:38:42.066716+00:00,LOCKED,,,
2026_01_BAL_IND,2026,1,2026-09-13,13:00,BAL,IND,0.3701903651781804,0.390684585245578,0.3907637655417407,0.3907043803196186,BAL,0.75,0.25,QB-aware 75% PURE / 25% MARKET,fixed,qb_aware,0.8-qb-starter,False,,,,,,,,,,,2026_01_BAL_IND::0.8-qb-starter::QB-aware 75% PURE / 25% MARKET,2026-09-11T22:37:14.224696+00:00,d2c2083fdd2075225075b043579dcd0896098d26,FINAL,0.9.0-fst,2026-09-13T15:37:41.703339+00:00,2026-09-13T15:37:41.752256+00:00,2026-09-13T17:00:00+00:00,82.30412906666668,2026-09-13T15:38:42.066716+00:00,LOCKED,,,
2026_01_BAL_IND,2026,1,2026-09-13,13:00,BAL,IND,0.3701903651781804,0.390684585245578,0.3907637655417407,0.3907439704677,BAL,0.25,0.75,QB-aware Hybrid adaptive Brier,linear,qb_aware,0.8-qb-starter,False,,,,,,,,,,,2026_01_BAL_IND::0.8-qb-starter::QB-aware Hybrid adaptive Brier,2026-09-11T22:37:14.224696+00:00,d2c2083fdd2075225075b043579dcd0896098d26,FINAL,0.9.0-fst,2026-09-13T15:37:41.703339+00:00,2026-09-13T15:37:41.752256+00:00,2026-09-13T17:00:00+00:00,82.30412906666668,2026-09-13T15:38:42.066716+00:00,LOCKED,,,
2026_01_BAL_IND,2026,1,2026-09-13,13:00,BAL,IND,0.3701903651781804,0.390684585245578,0.3907637655417407,0.390743969928125,BAL,0.25,0.75,QB-aware Logit hybrid adaptive Brier,logit,qb_aware,0.8-qb-starter,False,,,,,,,,,,,2026_01_BAL_IND::0.8-qb-starter::QB-aware Logit hybrid adaptive Brier,2026-09-11T22:37:14.224696+00:00,d2c2083fdd2075225075b043579dcd0896098d26,FINAL,0.9.0-fst,2026-09-13T15:37:41.703339+00:00,2026-09-13T15:37:41.752256+00:00,2026-09-13T17:00:00+00:00,82.30412906666668,2026-09-13T15:38:42.066716+00:00,LOCKED,,,
2026_01_BAL_IND,2026,1,2026-09-13,13:00,BAL,IND,0.3701903651781804,0.390684585245578,0.3907637655417407,0.3907320927325971,BAL,0.4,0.6,QB-aware Logit hybrid adaptive accuracy,logit,qb_aware,0.8-qb-starter,False,,,,,,,,,,,2026_01_BAL_IND::0.8-qb-starter::QB-aware Logit hybrid adaptive accuracy,2026-09-11T22:37:14.224696+00:00,d2c2083fdd2075225075b043579dcd0896098d26,FINAL,0.9.0-fst,2026-09-13T15:37:41.703339+00:00,2026-09-13T15:37:41.752256+00:00,2026-09-13T17:00:00+00:00,82.30412906666668,2026-09-13T15:38:42.066716+00:00,LOCKED,,,
2026_01_BAL_IND,2026,1,2026-09-13,13:00,BAL,IND,0.3701903651781804,0.4032325245530977,0.3907637655417407,0.4032325245530977,BAL,1.0,0.0,Opponent-adjusted + QB-aware Nested PURE,pure,opponent_adjusted_qb,0.8-qb-starter,False,,,,,,,,,,,2026_01_BAL_IND::0.8-qb-starter::Opponent-adjusted + QB-aware Nested PURE,2026-09-11T22:37:14.224696+00:00,d2c2083fdd2075225075b043579dcd0896098d26,FINAL,0.9.0-fst,2026-09-13T15:37:41.703339+00:00,2026-09-13T15:37:41.752256+00:00,2026-09-13T17:00:00+00:00,82.30412906666668,2026-09-13T15:38:42.066716+00:00,LOCKED,,,
2026_01_BAL_IND,2026,1,2026-09-13,13:00,BAL,IND,0.3701903651781804,0.4032325245530977,0.3907637655417407,0.4001153348002584,BAL,0.75,0.25,Opponent-adjusted + QB-aware 75% PURE / 25% MARKET,fixed,opponent_adjusted_qb,0.8-qb-starter,False,,,,,,,,,,,2026_01_BAL_IND::0.8-qb-starter::Opponent-adjusted + QB-aware 75% PURE / 25% MARKET,2026-09-11T22:37:14.224696+00:00,d2c2083fdd2075225075b043579dcd0896098d26,FINAL,0.9.0-fst,2026-09-13T15:37:41.703339+00:00,2026-09-13T15:37:41.752256+00:00,2026-09-13T17:00:00+00:00,82.30412906666668,2026-09-13T15:38:42.066716+00:00,LOCKED,,,
2026_01_BAL_IND,2026,1,2026-09-13,13:00,BAL,IND,0.3701903651781804,0.4032325245530977,0.3907637655417407,0.3938809552945799,BAL,0.25,0.75,Opponent-adjusted + QB-aware Hybrid adaptive Brier,linear,opponent_adjusted_qb,0.8-qb-starter,False,,,,,,,,,,,2026_01_BAL_IND::0.8-qb-starter::Opponent-adjusted + QB-aware Hybrid adaptive Brier,2026-09-11T22:37:14.224696+00:00,d2c2083fdd2075225075b043579dcd0896098d26,FINAL,0.9.0-fst,2026-09-13T15:37:41.703339+00:00,2026-09-13T15:37:41.752256+00:00,2026-09-13T17:00:00+00:00,82.30412906666668,2026-09-13T15:38:42.066716+00:00,LOCKED,,,
2026_01_BAL_IND,2026,1,2026-09-13,13:00,BAL,IND,0.3701903651781804,0.4032325245530977,0.3907637655417407,0.3938682956358442,BAL,0.25,0.75,Opponent-adjusted + QB-aware Logit hybrid adaptive Brier,logit,opponent_adjusted_qb,0.8-qb-starter,False,,,,,,,,,,,2026_01_BAL_IND::0.8-qb-starter::Opponent-adjusted + QB-aware Logit hybrid adaptive Brier,2026-09-11T22:37:14.224696+00:00,d2c2083fdd2075225075b043579dcd0896098d26,FINAL,0.9.0-fst,2026-09-13T15:37:41.703339+00:00,2026-09-13T15:37:41.752256+00:00,2026-09-13T17:00:00+00:00,82.30412906666668,2026-09-13T15:38:42.066716+00:00,LOCKED,,,
2026_01_BAL_IND,2026,1,2026-09-13,13:00,BAL,IND,0.3701903651781804,0.4032325245530977,0.3907637655417407,0.3938682956358442,BAL,0.25,0.75,Opponent-adjusted + QB-aware Logit hybrid adaptive accuracy,logit,opponent_adjusted_qb,0.8-qb-starter,False,,,,,,,,,,,2026_01_BAL_IND::0.8-qb-starter::Opponent-adjusted + QB-aware Logit hybrid adaptive accuracy,2026-09-11T22:37:14.224696+00:00,d2c2083fdd2075225075b043579dcd0896098d26,FINAL,0.9.0-fst,2026-09-13T15:37:41.703339+00:00,2026-09-13T15:37:41.752256+00:00,2026-09-13T17:00:00+00:00,82.30412906666668,2026-09-13T15:38:42.066716+00:00,LOCKED,,,
2026_01_BAL_IND,2026,1,2026-09-13,13:00,BAL,IND,0.3701903651781804,0.4125526337262332,0.3907637655417407,0.3701903651781802,BAL,,,F-ST-01,stack,market_plus_v08_pure_logit_stack,F-ST-01-FROZEN-2026,True,2025.0,1615.0,2020.0,2025.0,6a26713b636a98298bb619982bb38b2e5dbb78816e093e6f910c1cee32ab5aa0,-0.0695435936316663,1.1939087340527093,-0.193427479838034,2026-09-10T05:08:04Z,59830d23e406d32c34e74919b31d0dd9f85b16ca,2026_01_BAL_IND::F-ST-01-FROZEN-2026::F-ST-01,2026-09-11T22:37:14.224696+00:00,d2c2083fdd2075225075b043579dcd0896098d26,FINAL,0.9.0-fst,2026-09-13T15:37:41.703339+00:00,2026-09-13T15:37:41.752256+00:00,2026-09-13T17:00:00+00:00,82.30412906666668,2026-09-13T15:38:42.066716+00:00,LOCKED,,,
2026_01_CLE_JAX,2026,1,2026-09-13,13:00,CLE,JAX,0.7814204979588254,0.78294939254048,0.7913616398243045,0.78294939254048,JAX,1.0,0.0,Nested PURE,pure,production_compatible,0.8-qb-starter,False,,,,,,,,,,,2026_01_CLE_JAX::0.8-qb-starter::Nested PURE,2026-09-11T22:37:14.224696+00:00,d2c2083fdd2075225075b043579dcd0896098d26,FINAL,0.9.0-fst,2026-09-13T15:37:41.703339+00:00,2026-09-13T15:37:41.752256+00:00,2026-09-13T17:00:00+00:00,82.30412906666668,2026-09-13T15:38:42.066716+00:00,LOCKED,,,
2026_01_CLE_JAX,2026,1,2026-09-13,13:00,CLE,JAX,0.7814204979588254,0.78294939254048,0.7913616398243045,0.7850524543614361,JAX,0.75,0.25,Nested 75% PURE / 25% MARKET,fixed,production_compatible,0.8-qb-starter,False,,,,,,,,,,,2026_01_CLE_JAX::0.8-qb-starter::Nested 75% PURE / 25% MARKET,2026-09-11T22:37:14.224696+00:00,d2c2083fdd2075225075b043579dcd0896098d26,FINAL,0.9.0-fst,2026-09-13T15:37:41.703339+00:00,2026-09-13T15:37:41.752256+00:00,2026-09-13T17:00:00+00:00,82.30412906666668,2026-09-13T15:38:42.066716+00:00,LOCKED,,,
2026_01_CLE_JAX,2026,1,2026-09-13,13:00,CLE,JAX,0.7814204979588254,0.78294939254048,0.7913616398243045,0.7892585780033484,JAX,0.25,0.75,Hybrid adaptive Brier,linear,production_compatible,0.8-qb-starter,False,,,,,,,,,,,2026_01_CLE_JAX::0.8-qb-starter::Hybrid adaptive Brier,2026-09-11T22:37:14.224696+00:00,d2c2083fdd2075225075b043579dcd0896098d26,FINAL,0.9.0-fst,2026-09-13T15:37:41.703339+00:00,2026-09-13T15:37:41.752256+00:00,2026-09-13T17:00:00+00:00,82.30412906666668,2026-09-13T15:38:42.066716+00:00,LOCKED,,,
2026_01_CLE_JAX,2026,1,2026-09-13,13:00,CLE,JAX,0.7814204979588254,0.78294939254048,0.7913616398243045,0.789281323666025,JAX,0.25,0.75,Logit hybrid adaptive Brier,logit,production_compatible,0.8-qb-starter,False,,,,,,,,,,,2026_01_CLE_JAX::0.8-qb-starter::Logit hybrid adaptive Brier,2026-09-11T22:37:14.224696+00:00,d2c2083fdd2075225075b043579dcd0896098d26,FINAL,0.9.0-fst,2026-09-13T15:37:41.703339+00:00,2026-09-13T15:37:41.752256+00:00,2026-09-13T17:00:00+00:00,82.30412906666668,2026-09-13T15:38:42.066716+00:00,LOCKED,,,
2026_01_CLE_JAX,2026,1,2026-09-13,13:00,CLE,JAX,0.7814204979588254,0.78294939254048,0.7913616398243045,0.789281323666025,JAX,0.25,0.75,Logit hybrid adaptive accuracy,logit,production_compatible,0.8-qb-starter,False,,,,,,,,,,,2026_01_CLE_JAX::0.8-qb-starter::Logit hybrid adaptive accuracy,2026-09-11T22:37:14.224696+00:00,d2c2083fdd2075225075b043579dcd0896098d26,FINAL,0.9.0-fst,2026-09-13T15:37:41.703339+00:00,2026-09-13T15:37:41.752256+00:00,2026-09-13T17:00:00+00:00,82.30412906666668,2026-09-13T15:38:42.066716+00:00,LOCKED,,,
2026_01_CLE_JAX,2026,1,2026-09-13,13:00,CLE,JAX,0.7814204979588254,0.7736810308695563,0.7913616398243045,0.7736810308695563,JAX,1.0,0.0,Opponent-adjusted Nested PURE,pure,opponent_adjusted,0.8-qb-starter,False,,,,,,,,,,,2026_01_CLE_JAX::0.8-qb-starter::Opponent-adjusted Nested PURE,2026-09-11T22:37:14.224696+00:00,d2c2083fdd2075225075b043579dcd0896098d26,FINAL,0.9.0-fst,2026-09-13T15:37:41.703339+00:00,2026-09-13T15:37:41.752256+00:00,2026-09-13T17:00:00+00:00,82.30412906666668,2026-09-13T15:38:42.066716+00:00,LOCKED,,,
2026_01_CLE_JAX,2026,1,2026-09-13,13:00,CLE,JAX,0.7814204979588254,0.7736810308695563,0.7913616398243045,0.7781011831082433,JAX,0.75,0.25,Opponent-adjusted 75% PURE / 25% MARKET,fixed,opponent_adjusted,0.8-qb-starter,False,,,,,,,,,,,2026_01_CLE_JAX::0.8-qb-starter::Opponent-adjusted 75% PURE / 25% MARKET,2026-09-11T22:37:14.224696+00:00,d2c2083fdd2075225075b043579dcd0896098d26,FINAL,0.9.0-fst,2026-09-13T15:37:41.703339+00:00,2026-09-13T15:37:41.752256+00:00,2026-09-13T17:00:00+00:00,82.30412906666668,2026-09-13T15:38:42.066716+00:00,LOCKED,,,
2026_01_CLE_JAX,2026,1,2026-09-13,13:00,CLE,JAX,0.7814204979588254,0.7736810308695563,0.7913616398243045,0.7869414875856175,JAX,0.25,0.75,Opponent-adjusted Hybrid adaptive Brier,linear,opponent_adjusted,0.8-qb-starter,False,,,,,,,,,,,2026_01_CLE_JAX::0.8-qb-starter::Opponent-adjusted Hybrid adaptive Brier,2026-09-11T22:37:14.224696+00:00,d2c2083fdd2075225075b043579dcd0896098d26,FINAL,0.9.0-fst,2026-09-13T15:37:41.703339+00:00,2026-09-13T15:37:41.752256+00:00,2026-09-13T17:00:00+00:00,82.30412906666668,2026-09-13T15:38:42.066716+00:00,LOCKED,,,
2026_01_CLE_JAX,2026,1,2026-09-13,13:00,CLE,JAX,0.7814204979588254,0.7736810308695563,0.7913616398243045,0.7870388833210245,JAX,0.25,0.75,Opponent-adjusted Logit hybrid adaptive Brier,logit,opponent_adjusted,0.8-qb-starter,False,,,,,,,,,,,2026_01_CLE_JAX::0.8-qb-starter::Opponent-adjusted Logit hybrid adaptive Brier,2026-09-11T22:37:14.224696+00:00,d2c2083fdd2075225075b043579dcd0896098d26,FINAL,0.9.0-fst,2026-09-13T15:37:41.703339+00:00,2026-09-13T15:37:41.752256+00:00,2026-09-13T17:00:00+00:00,82.30412906666668,2026-09-13T15:38:42.066716+00:00,LOCKED,,,
2026_01_CLE_JAX,2026,1,2026-09-13,13:00,CLE,JAX,0.7814204979588254,0.7736810308695563,0.7913616398243045,0.7870388833210245,JAX,0.25,0.75,Opponent-adjusted Logit hybrid adaptive accuracy,logit,opponent_adjusted,0.8-qb-starter,False,,,,,,,,,,,2026_01_CLE_JAX::0.8-qb-starter::Opponent-adjusted Logit hybrid adaptive accuracy,2026-09-11T22:37:14.224696+00:00,d2c2083fdd2075225075b043579dcd0896098d26,FINAL,0.9.0-fst,2026-09-13T15:37:41.703339+00:00,2026-09-13T15:37:41.752256+00:00,2026-09-13T17:00:00+00:00,82.30412906666668,2026-09-13T15:38:42.066716+00:00,LOCKED,,,
2026_01_CLE_JAX,2026,1,2026-09-13,13:00,CLE,JAX,0.7814204979588254,0.7868782018353796,0.7913616398243045,0.7868782018353796,JAX,1.0,0.0,QB-aware Nested PURE,pure,qb_aware,0.8-qb-starter,False,,,,,,,,,,,2026_01_CLE_JAX::0.8-qb-starter::QB-aware Nested PURE,2026-09-11T22:37:14.224696+00:00,d2c2083fdd2075225075b043579dcd0896098d26,FINAL,0.9.0-fst,2026-09-13T15:37:41.703339+00:00,2026-09-13T15:37:41.752256+00:00,2026-09-13T17:00:00+00:00,82.30412906666668,2026-09-13T15:38:42.066716+00:00,LOCKED,,,
2026_01_CLE_JAX,2026,1,2026-09-13,13:00,CLE,JAX,0.7814204979588254,0.7868782018353796,0.7913616398243045,0.7879990613326108,JAX,0.75,0.25,QB-aware 75% PURE / 25% MARKET,fixed,qb_aware,0.8-qb-starter,False,,,,,,,,,,,2026_01_CLE_JAX::0.8-qb-starter::QB-aware 75% PURE / 25% MARKET,2026-09-11T22:37:14.224696+00:00,d2c2083fdd2075225075b043579dcd0896098d26,FINAL,0.9.0-fst,2026-09-13T15:37:41.703339+00:00,2026-09-13T15:37:41.752256+00:00,2026-09-13T17:00:00+00:00,82.30412906666668,2026-09-13T15:38:42.066716+00:00,LOCKED,,,
2026_01_CLE_JAX,2026,1,2026-09-13,13:00,CLE,JAX,0.7814204979588254,0.7868782018353796,0.7913616398243045,0.7902407803270733,JAX,0.25,0.75,QB-aware Hybrid adaptive Brier,linear,qb_aware,0.8-qb-starter,False,,,,,,,,,,,2026_01_CLE_JAX::0.8-qb-starter::QB-aware Hybrid adaptive Brier,2026-09-11T22:37:14.224696+00:00,d2c2083fdd2075225075b043579dcd0896098d26,FINAL,0.9.0-fst,2026-09-13T15:37:41.703339+00:00,2026-09-13T15:37:41.752256+00:00,2026-09-13T17:00:00+00:00,82.30412906666668,2026-09-13T15:38:42.066716+00:00,LOCKED,,,
2026_01_CLE_JAX,2026,1,2026-09-13,13:00,CLE,JAX,0.7814204979588254,0.7868782018353796,0.7913616398243045,0.7902473287766582,JAX,0.25,0.75,QB-aware Logit hybrid adaptive Brier,logit,qb_aware,0.8-qb-starter,False,,,,,,,,,,,2026_01_CLE_JAX::0.8-qb-starter::QB-aware Logit hybrid adaptive Brier,2026-09-11T22:37:14.224696+00:00,d2c2083fdd2075225075b043579dcd0896098d26,FINAL,0.9.0-fst,2026-09-13T15:37:41.703339+00:00,2026-09-13T15:37:41.752256+00:00,2026-09-13T17:00:00+00:00,82.30412906666668,2026-09-13T15:38:42.066716+00:00,LOCKED,,,
2026_01_CLE_JAX,2026,1,2026-09-13,13:00,CLE,JAX,0.7814204979588254,0.7868782018353796,0.7913616398243045,0.7895766467012786,JAX,0.4,0.6,QB-aware Logit hybrid adaptive accuracy,logit,qb_aware,0.8-qb-starter,False,,,,,,,,,,,2026_01_CLE_JAX::0.8-qb-starter::QB-aware Logit hybrid adaptive accuracy,2026-09-11T22:37:14.224696+00:00,d2c2083fdd2075225075b043579dcd0896098d26,FINAL,0.9.0-fst,2026-09-13T15:37:41.703339+00:00,2026-09-13T15:37:41.752256+00:00,2026-09-13T17:00:00+00:00,82.30412906666668,2026-09-13T15:38:42.066716+00:00,LOCKED,,,
2026_01_CLE_JAX,2026,1,2026-09-13,13:00,CLE,JAX,0.7814204979588254,0.7763797818008843,0.7913616398243045,0.7763797818008843,JAX,1.0,0.0,Opponent-adjusted + QB-aware Nested PURE,pure,opponent_adjusted_qb,0.8-qb-starter,False,,,,,,,,,,,2026_01_CLE_JAX::0.8-qb-starter::Opponent-adjusted + QB-aware Nested PURE,2026-09-11T22:37:14.224696+00:00,d2c2083fdd2075225075b043579dcd0896098d26,FINAL,0.9.0-fst,2026-09-13T15:37:41.703339+00:00,2026-09-13T15:37:41.752256+00:00,2026-09-13T17:00:00+00:00,82.30412906666668,2026-09-13T15:38:42.066716+00:00,LOCKED,,,
2026_01_CLE_JAX,2026,1,2026-09-13,13:00,CLE,JAX,0.7814204979588254,0.7763797818008843,0.7913616398243045,0.7801252463067393,JAX,0.75,0.25,Opponent-adjusted + QB-aware 75% PURE / 25% MARKET,fixed,opponent_adjusted_qb,0.8-qb-starter,False,,,,,,,,,,,2026_01_CLE_JAX::0.8-qb-starter::Opponent-adjusted + QB-aware 75% PURE / 25% MARKET,2026-09-11T22:37:14.224696+00:00,d2c2083fdd2075225075b043579dcd0896098d26,FINAL,0.9.0-fst,2026-09-13T15:37:41.703339+00:00,2026-09-13T15:37:41.752256+00:00,2026-09-13T17:00:00+00:00,82.30412906666668,2026-09-13T15:38:42.066716+00:00,LOCKED,,,
2026_01_CLE_JAX,2026,1,2026-09-13,13:00,CLE,JAX,0.7814204979588254,0.7763797818008843,0.7913616398243045,0.7876161753184495,JAX,0.25,0.75,Opponent-adjusted + QB-aware Hybrid adaptive Brier,linear,opponent_adjusted_qb,0.8-qb-starter,False,,,,,,,,,,,2026_01_CLE_JAX::0.8-qb-starter::Opponent-adjusted + QB-aware Hybrid adaptive Brier,2026-09-11T22:37:14.224696+00:00,d2c2083fdd2075225075b043579dcd0896098d26,FINAL,0.9.0-fst,2026-09-13T15:37:41.703339+00:00,2026-09-13T15:37:41.752256+00:00,2026-09-13T17:00:00+00:00,82.30412906666668,2026-09-13T15:38:42.066716+00:00,LOCKED,,,
2026_01_CLE_JAX,2026,1,2026-09-13,13:00,CLE,JAX,0.7814204979588254,0.7763797818008843,0.7913616398243045,0.7876867389471042,JAX,0.25,0.75,Opponent-adjusted + QB-aware Logit hybrid adaptive Brier,logit,opponent_adjusted_qb,0.8-qb-starter,False,,,,,,,,,,,2026_01_CLE_JAX::0.8-qb-starter::Opponent-adjusted + QB-aware Logit hybrid adaptive Brier,2026-09-11T22:37:14.224696+00:00,d2c2083fdd2075225075b043579dcd0896098d26,FINAL,0.9.0-fst,2026-09-13T15:37:41.703339+00:00,2026-09-13T15:37:41.752256+00:00,2026-09-13T17:00:00+00:00,82.30412906666668,2026-09-13T15:38:42.066716+00:00,LOCKED,,,
2026_01_CLE_JAX,2026,1,2026-09-13,13:00,CLE,JAX,0.7814204979588254,0.7763797818008843,0.7913616398243045,0.7876867389471042,JAX,0.25,0.75,Opponent-adjusted + QB-aware Logit hybrid adaptive accuracy,logit,opponent_adjusted_qb,0.8-qb-starter,False,,,,,,,,,,,2026_01_CLE_JAX::0.8-qb-starter::Opponent-adjusted + QB-aware Logit hybrid adaptive accuracy,2026-09-11T22:37:14.224696+00:00,d2c2083fdd2075225075b043579dcd0896098d26,FINAL,0.9.0-fst,2026-09-13T15:37:41.703339+00:00,2026-09-13T15:37:41.752256+00:00,2026-09-13T17:00:00+00:00,82.30412906666668,2026-09-13T15:38:42.066716+00:00,LOCKED,,,
2026_01_CLE_JAX,2026,1,2026-09-13,13:00,CLE,JAX,0.7814204979588254,0.7829493925404797,0.7913616398243045,0.7814204979588254,JAX,,,F-ST-01,stack,market_plus_v08_pure_logit_stack,F-ST-01-FROZEN-2026,True,2025.0,1615.0,2020.0,2025.0,6a26713b636a98298bb619982bb38b2e5dbb78816e093e6f910c1cee32ab5aa0,-0.0695435936316663,1.1939087340527093,-0.193427479838034,2026-09-10T05:08:04Z,59830d23e406d32c34e74919b31d0dd9f85b16ca,2026_01_CLE_JAX::F-ST-01-FROZEN-2026::F-ST-01,2026-09-11T22:37:14.224696+00:00,d2c2083fdd2075225075b043579dcd0896098d26,FINAL,0.9.0-fst,2026-09-13T15:37:41.703339+00:00,2026-09-13T15:37:41.752256+00:00,2026-09-13T17:00:00+00:00,82.30412906666668,2026-09-13T15:38:42.066716+00:00,LOCKED,,,
2026_01_ATL_PIT,2026,1,2026-09-13,13:00,ATL,PIT,0.7206777703477476,0.6243104749659376,0.7179705215419501,0.6243104749659376,PIT,1.0,0.0,Nested PURE,pure,production_compatible,0.8-qb-starter,False,,,,,,,,,,,2026_01_ATL_PIT::0.8-qb-starter::Nested PURE,2026-09-11T22:37:14.224696+00:00,d2c2083fdd2075225075b043579dcd0896098d26,FINAL,0.9.0-fst,2026-09-13T15:37:41.703339+00:00,2026-09-13T15:37:41.752256+00:00,2026-09-13T17:00:00+00:00,82.30412906666668,2026-09-13T15:38:42.066716+00:00,LOCKED,,,
2026_01_ATL_PIT,2026,1,2026-09-13,13:00,ATL,PIT,0.7206777703477476,0.6243104749659376,0.7179705215419501,0.6477254866099407,PIT,0.75,0.25,Nested 75% PURE / 25% MARKET,fixed,production_compatible,0.8-qb-starter,False,,,,,,,,,,,2026_01_ATL_PIT::0.8-qb-starter::Nested 75% PURE / 25% MARKET,2026-09-11T22:37:14.224696+00:00,d2c2083fdd2075225075b043579dcd0896098d26,FINAL,0.9.0-fst,2026-09-13T15:37:41.703339+00:00,2026-09-13T15:37:41.752256+00:00,2026-09-13T17:00:00+00:00,82.30412906666668,2026-09-13T15:38:42.066716+00:00,LOCKED,,,
2026_01_ATL_PIT,2026,1,2026-09-13,13:00,ATL,PIT,0.7206777703477476,0.6243104749659376,0.7179705215419501,0.6945555098979469,PIT,0.25,0.75,Hybrid adaptive Brier,linear,production_compatible,0.8-qb-starter,False,,,,,,,,,,,2026_01_ATL_PIT::0.8-qb-starter::Hybrid adaptive Brier,2026-09-11T22:37:14.224696+00:00,d2c2083fdd2075225075b043579dcd0896098d26,FINAL,0.9.0-fst,2026-09-13T15:37:41.703339+00:00,2026-09-13T15:37:41.752256+00:00,2026-09-13T17:00:00+00:00,82.30412906666668,2026-09-13T15:38:42.066716+00:00,LOCKED,,,
2026_01_ATL_PIT,2026,1,2026-09-13,13:00,ATL,PIT,0.7206777703477476,0.6243104749659376,0.7179705215419501,0.6958861363620596,PIT,0.25,0.75,Logit hybrid adaptive Brier,logit,production_compatible,0.8-qb-starter,False,,,,,,,,,,,2026_01_ATL_PIT::0.8-qb-starter::Logit hybrid adaptive Brier,2026-09-11T22:37:14.224696+00:00,d2c2083fdd2075225075b043579dcd0896098d26,FINAL,0.9.0-fst,2026-09-13T15:37:41.703339+00:00,2026-09-13T15:37:41.752256+00:00,2026-09-13T17:00:00+00:00,82.30412906666668,2026-09-13T15:38:42.066716+00:00,LOCKED,,,
2026_01_ATL_PIT,2026,1,2026-09-13,13:00,ATL,PIT,0.7206777703477476,0.6243104749659376,0.7179705215419501,0.6958861363620596,PIT,0.25,0.75,Logit hybrid adaptive accuracy,logit,production_compatible,0.8-qb-starter,False,,,,,,,,,,,2026_01_ATL_PIT::0.8-qb-starter::Logit hybrid adaptive accuracy,2026-09-11T22:37:14.224696+00:00,d2c2083fdd2075225075b043579dcd0896098d26,FINAL,0.9.0-fst,2026-09-13T15:37:41.703339+00:00,2026-09-13T15:37:41.752256+00:00,2026-09-13T17:00:00+00:00,82.30412906666668,2026-09-13T15:38:42.066716+00:00,LOCKED,,,
2026_01_ATL_PIT,2026,1,2026-09-13,13:00,ATL,PIT,0.7206777703477476,0.6501749831615747,0.7179705215419501,0.6501749831615747,PIT,1.0,0.0,Opponent-adjusted Nested PURE,pure,opponent_adjusted,0.8-qb-starter,False,,,,,,,,,,,2026_01_ATL_PIT::0.8-qb-starter::Opponent-adjusted Nested PURE,2026-09-11T22:37:14.224696+00:00,d2c2083fdd2075225075b043579dcd0896098d26,FINAL,0.9.0-fst,2026-09-13T15:37:41.703339+00:00,2026-09-13T15:37:41.752256+00:00,2026-09-13T17:00:00+00:00,82.30412906666668,2026-09-13T15:38:42.066716+00:00,LOCKED,,,
2026_01_ATL_PIT,2026,1,2026-09-13,13:00,ATL,PIT,0.7206777703477476,0.6501749831615747,0.7179705215419501,0.6671238677566687,PIT,0.75,0.25,Opponent-adjusted 75% PURE / 25% MARKET,fixed,opponent_adjusted,0.8-qb-starter,False,,,,,,,,,,,2026_01_ATL_PIT::0.8-qb-starter::Opponent-adjusted 75% PURE / 25% MARKET,2026-09-11T22:37:14.224696+00:00,d2c2083fdd2075225075b043579dcd0896098d26,FINAL,0.9.0-fst,2026-09-13T15:37:41.703339+00:00,2026-09-13T15:37:41.752256+00:00,2026-09-13T17:00:00+00:00,82.30412906666668,2026-09-13T15:38:42.066716+00:00,LOCKED,,,
2026_01_ATL_PIT,2026,1,2026-09-13,13:00,ATL,PIT,0.7206777703477476,0.6501749831615747,0.7179705215419501,0.7010216369468562,PIT,0.25,0.75,Opponent-adjusted Hybrid adaptive Brier,linear,opponent_adjusted,0.8-qb-starter,False,,,,,,,,,,,2026_01_ATL_PIT::0.8-qb-starter::Opponent-adjusted Hybrid adaptive Brier,2026-09-11T22:37:14.224696+00:00,d2c2083fdd2075225075b043579dcd0896098d26,FINAL,0.9.0-fst,2026-09-13T15:37:41.703339+00:00,2026-09-13T15:37:41.752256+00:00,2026-09-13T17:00:00+00:00,82.30412906666668,2026-09-13T15:38:42.066716+00:00,LOCKED,,,
2026_01_ATL_PIT,2026,1,2026-09-13,13:00,ATL,PIT,0.7206777703477476,0.6501749831615747,0.7179705215419501,0.7017750404881,PIT,0.25,0.75,Opponent-adjusted Logit hybrid adaptive Brier,logit,opponent_adjusted,0.8-qb-starter,False,,,,,,,,,,,2026_01_ATL_PIT::0.8-qb-starter::Opponent-adjusted Logit hybrid adaptive Brier,2026-09-11T22:37:14.224696+00:00,d2c2083fdd2075225075b043579dcd0896098d26,FINAL,0.9.0-fst,2026-09-13T15:37:41.703339+00:00,2026-09-13T15:37:41.752256+00:00,2026-09-13T17:00:00+00:00,82.30412906666668,2026-09-13T15:38:42.066716+00:00,LOCKED,,,
2026_01_ATL_PIT,2026,1,2026-09-13,13:00,ATL,PIT,0.7206777703477476,0.6501749831615747,0.7179705215419501,0.7017750404881,PIT,0.25,0.75,Opponent-adjusted Logit hybrid adaptive accuracy,logit,opponent_adjusted,0.8-qb-starter,False,,,,,,,,,,,2026_01_ATL_PIT::0.8-qb-starter::Opponent-adjusted Logit hybrid adaptive accuracy,2026-09-11T22:37:14.224696+00:00,d2c2083fdd2075225075b043579dcd0896098d26,FINAL,0.9.0-fst,2026-09-13T15:37:41.703339+00:00,2026-09-13T15:37:41.752256+00:00,2026-09-13T17:00:00+00:00,82.30412906666668,2026-09-13T15:38:42.066716+00:00,LOCKED,,,
2026_01_ATL_PIT,2026,1,2026-09-13,13:00,ATL,PIT,0.7206777703477476,0.6836806644636945,0.7179705215419501,0.6836806644636945,PIT,1.0,0.0,QB-aware Nested PURE,pure,qb_aware,0.8-qb-starter,False,,,,,,,,,,,2026_01_ATL_PIT::0.8-qb-starter::QB-aware Nested PURE,2026-09-11T22:37:14.224696+00:00,d2c2083fdd2075225075b043579dcd0896098d26,FINAL,0.9.0-fst,2026-09-13T15:37:41.703339+00:00,2026-09-13T15:37:41.752256+00:00,2026-09-13T17:00:00+00:00,82.30412906666668,2026-09-13T15:38:42.066716+00:00,LOCKED,,,
2026_01_ATL_PIT,2026,1,2026-09-13,13:00,ATL,PIT,0.7206777703477476,0.6836806644636945,0.7179705215419501,0.6922531287332583,PIT,0.75,0.25,QB-aware 75% PURE / 25% MARKET,fixed,qb_aware,0.8-qb-starter,False,,,,,,,,,,,2026_01_ATL_PIT::0.8-qb-starter::QB-aware 75% PURE / 25% MARKET,2026-09-11T22:37:14.224696+00:00,d2c2083fdd2075225075b043579dcd0896098d26,FINAL,0.9.0-fst,2026-09-13T15:37:41.703339+00:00,2026-09-13T15:37:41.752256+00:00,2026-09-13T17:00:00+00:00,82.30412906666668,2026-09-13T15:38:42.066716+00:00,LOCKED,,,
2026_01_ATL_PIT,2026,1,2026-09-13,13:00,ATL,PIT,0.7206777703477476,0.6836806644636945,0.7179705215419501,0.7093980572723861,PIT,0.25,0.75,QB-aware Hybrid adaptive Brier,linear,qb_aware,0.8-qb-starter,False,,,,,,,,,,,2026_01_ATL_PIT::0.8-qb-starter::QB-aware Hybrid adaptive Brier,2026-09-11T22:37:14.224696+00:00,d2c2083fdd2075225075b043579dcd0896098d26,FINAL,0.9.0-fst,2026-09-13T15:37:41.703339+00:00,2026-09-13T15:37:41.752256+00:00,2026-09-13T17:00:00+00:00,82.30412906666668,2026-09-13T15:38:42.066716+00:00,LOCKED,,,
2026_01_ATL_PIT,2026,1,2026-09-13,13:00,ATL,PIT,0.7206777703477476,0.6836806644636945,0.7179705215419501,0.7096113764268561,PIT,0.25,0.75,QB-aware Logit hybrid adaptive Brier,logit,qb_aware,0.8-qb-starter,False,,,,,,,,,,,2026_01_ATL_PIT::0.8-qb-starter::QB-aware Logit hybrid adaptive Brier,2026-09-11T22:37:14.224696+00:00,d2c2083fdd2075225075b043579dcd0896098d26,FINAL,0.9.0-fst,2026-09-13T15:37:41.703339+00:00,2026-09-13T15:37:41.752256+00:00,2026-09-13T17:00:00+00:00,82.30412906666668,2026-09-13T15:38:42.066716+00:00,LOCKED,,,
2026_01_ATL_PIT,2026,1,2026-09-13,13:00,ATL,PIT,0.7206777703477476,0.6836806644636945,0.7179705215419501,0.7045262564522927,PIT,0.4,0.6,QB-aware Logit hybrid adaptive accuracy,logit,qb_aware,0.8-qb-starter,False,,,,,,,,,,,2026_01_ATL_PIT::0.8-qb-starter::QB-aware Logit hybrid adaptive accuracy,2026-09-11T22:37:14.224696+00:00,d2c2083fdd2075225075b043579dcd0896098d26,FINAL,0.9.0-fst,2026-09-13T15:37:41.703339+00:00,2026-09-13T15:37:41.752256+00:00,2026-09-13T17:00:00+00:00,82.30412906666668,2026-09-13T15:38:42.066716+00:00,LOCKED,,,
2026_01_ATL_PIT,2026,1,2026-09-13,13:00,ATL,PIT,0.7206777703477476,0.6983564662715288,0.7179705215419501,0.6983564662715288,PIT,1.0,0.0,Opponent-adjusted + QB-aware Nested PURE,pure,opponent_adjusted_qb,0.8-qb-starter,False,,,,,,,,,,,2026_01_ATL_PIT::0.8-qb-starter::Opponent-adjusted + QB-aware Nested PURE,2026-09-11T22:37:14.224696+00:00,d2c2083fdd2075225075b043579dcd0896098d26,FINAL,0.9.0-fst,2026-09-13T15:37:41.703339+00:00,2026-09-13T15:37:41.752256+00:00,2026-09-13T17:00:00+00:00,82.30412906666668,2026-09-13T15:38:42.066716+00:00,LOCKED,,,
2026_01_ATL_PIT,2026,1,2026-09-13,13:00,ATL,PIT,0.7206777703477476,0.6983564662715288,0.7179705215419501,0.7032599800891342,PIT,0.75,0.25,Opponent-adjusted + QB-aware 75% PURE / 25% MARKET,fixed,opponent_adjusted_qb,0.8-qb-starter,False,,,,,,,,,,,2026_01_ATL_PIT::0.8-qb-starter::Opponent-adjusted + QB-aware 75% PURE / 25% MARKET,2026-09-11T22:37:14.224696+00:00,d2c2083fdd2075225075b043579dcd0896098d26,FINAL,0.9.0-fst,2026-09-13T15:37:41.703339+00:00,2026-09-13T15:37:41.752256+00:00,2026-09-13T17:00:00+00:00,82.30412906666668,2026-09-13T15:38:42.066716+00:00,LOCKED,,,
2026_01_ATL_PIT,2026,1,2026-09-13,13:00,ATL,PIT,0.7206777703477476,0.6983564662715288,0.7179705215419501,0.7130670077243447,PIT,0.25,0.75,Opponent-adjusted + QB-aware Hybrid adaptive Brier,linear,opponent_adjusted_qb,0.8-qb-starter,False,,,,,,,,,,,2026_01_ATL_PIT::0.8-qb-starter::Opponent-adjusted + QB-aware Hybrid adaptive Brier,2026-09-11T22:37:14.224696+00:00,d2c2083fdd2075225075b043579dcd0896098d26,FINAL,0.9.0-fst,2026-09-13T15:37:41.703339+00:00,2026-09-13T15:37:41.752256+00:00,2026-09-13T17:00:00+00:00,82.30412906666668,2026-09-13T15:38:42.066716+00:00,LOCKED,,,
2026_01_ATL_PIT,2026,1,2026-09-13,13:00,ATL,PIT,0.7206777703477476,0.6983564662715288,0.7179705215419501,0.713140030094371,PIT,0.25,0.75,Opponent-adjusted + QB-aware Logit hybrid adaptive Brier,logit,opponent_adjusted_qb,0.8-qb-starter,False,,,,,,,,,,,2026_01_ATL_PIT::0.8-qb-starter::Opponent-adjusted + QB-aware Logit hybrid adaptive Brier,2026-09-11T22:37:14.224696+00:00,d2c2083fdd2075225075b043579dcd0896098d26,FINAL,0.9.0-fst,2026-09-13T15:37:41.703339+00:00,2026-09-13T15:37:41.752256+00:00,2026-09-13T17:00:00+00:00,82.30412906666668,2026-09-13T15:38:42.066716+00:00,LOCKED,,,
2026_01_ATL_PIT,2026,1,2026-09-13,13:00,ATL,PIT,0.7206777703477476,0.6983564662715288,0.7179705215419501,0.713140030094371,PIT,0.25,0.75,Opponent-adjusted + QB-aware Logit hybrid adaptive accuracy,logit,opponent_adjusted_qb,0.8-qb-starter,False,,,,,,,,,,,2026_01_ATL_PIT::0.8-qb-starter::Opponent-adjusted + QB-aware Logit hybrid adaptive accuracy,2026-09-11T22:37:14.224696+00:00,d2c2083fdd2075225075b043579dcd0896098d26,FINAL,0.9.0-fst,2026-09-13T15:37:41.703339+00:00,2026-09-13T15:37:41.752256+00:00,2026-09-13T17:00:00+00:00,82.30412906666668,2026-09-13T15:38:42.066716+00:00,LOCKED,,,
2026_01_ATL_PIT,2026,1,2026-09-13,13:00,ATL,PIT,0.7206777703477476,0.6243104749659374,0.7179705215419501,0.7206777703477476,PIT,,,F-ST-01,stack,market_plus_v08_pure_logit_stack,F-ST-01-FROZEN-2026,True,2025.0,1615.0,2020.0,2025.0,6a26713b636a98298bb619982bb38b2e5dbb78816e093e6f910c1cee32ab5aa0,-0.0695435936316663,1.1939087340527093,-0.193427479838034,2026-09-10T05:08:04Z,59830d23e406d32c34e74919b31d0dd9f85b16ca,2026_01_ATL_PIT::F-ST-01-FROZEN-2026::F-ST-01,2026-09-11T22:37:14.224696+00:00,d2c2083fdd2075225075b043579dcd0896098d26,FINAL,0.9.0-fst,2026-09-13T15:37:41.703339+00:00,2026-09-13T15:37:41.752256+00:00,2026-09-13T17:00:00+00:00,82.30412906666668,2026-09-13T15:38:42.066716+00:00,LOCKED,,,
2026_01_NYJ_TEN,2026,1,2026-09-13,13:00,NYJ,TEN,0.4906339393488605,0.5653884671612082,0.5173641257162701,0.5653884671612082,TEN,1.0,0.0,Nested PURE,pure,production_compatible,0.8-qb-starter,False,,,,,,,,,,,2026_01_NYJ_TEN::0.8-qb-starter::Nested PURE,2026-09-11T22:37:14.224696+00:00,d2c2083fdd2075225075b043579dcd0896098d26,FINAL,0.9.0-fst,2026-09-13T15:37:41.703339+00:00,2026-09-13T15:37:41.752256+00:00,2026-09-13T17:00:00+00:00,82.30412906666668,2026-09-13T15:38:42.066716+00:00,LOCKED,,,
2026_01_NYJ_TEN,2026,1,2026-09-13,13:00,NYJ,TEN,0.4906339393488605,0.5653884671612082,0.5173641257162701,0.5533823817999737,TEN,0.75,0.25,Nested 75% PURE / 25% MARKET,fixed,production_compatible,0.8-qb-starter,False,,,,,,,,,,,2026_01_NYJ_TEN::0.8-qb-starter::Nested 75% PURE / 25% MARKET,2026-09-11T22:37:14.224696+00:00,d2c2083fdd2075225075b043579dcd0896098d26,FINAL,0.9.0-fst,2026-09-13T15:37:41.703339+00:00,2026-09-13T15:37:41.752256+00:00,2026-09-13T17:00:00+00:00,82.30412906666668,2026-09-13T15:38:42.066716+00:00,LOCKED,,,
2026_01_NYJ_TEN,2026,1,2026-09-13,13:00,NYJ,TEN,0.4906339393488605,0.5653884671612082,0.5173641257162701,0.5293702110775047,TEN,0.25,0.75,Hybrid adaptive Brier,linear,production_compatible,0.8-qb-starter,False,,,,,,,,,,,2026_01_NYJ_TEN::0.8-qb-starter::Hybrid adaptive Brier,2026-09-11T22:37:14.224696+00:00,d2c2083fdd2075225075b043579dcd0896098d26,FINAL,0.9.0-fst,2026-09-13T15:37:41.703339+00:00,2026-09-13T15:37:41.752256+00:00,2026-09-13T17:00:00+00:00,82.30412906666668,2026-09-13T15:38:42.066716+00:00,LOCKED,,,
2026_01_NYJ_TEN,2026,1,2026-09-13,13:00,NYJ,TEN,0.4906339393488605,0.5653884671612082,0.5173641257162701,0.5294355344798903,TEN,0.25,0.75,Logit hybrid adaptive Brier,logit,production_compatible,0.8-qb-starter,False,,,,,,,,,,,2026_01_NYJ_TEN::0.8-qb-starter::Logit hybrid adaptive Brier,2026-09-11T22:37:14.224696+00:00,d2c2083fdd2075225075b043579dcd0896098d26,FINAL,0.9.0-fst,2026-09-13T15:37:41.703339+00:00,2026-09-13T15:37:41.752256+00:00,2026-09-13T17:00:00+00:00,82.30412906666668,2026-09-13T15:38:42.066716+00:00,LOCKED,,,
2026_01_NYJ_TEN,2026,1,2026-09-13,13:00,NYJ,TEN,0.4906339393488605,0.5653884671612082,0.5173641257162701,0.5294355344798903,TEN,0.25,0.75,Logit hybrid adaptive accuracy,logit,production_compatible,0.8-qb-starter,False,,,,,,,,,,,2026_01_NYJ_TEN::0.8-qb-starter::Logit hybrid adaptive accuracy,2026-09-11T22:37:14.224696+00:00,d2c2083fdd2075225075b043579dcd0896098d26,FINAL,0.9.0-fst,2026-09-13T15:37:41.703339+00:00,2026-09-13T15:37:41.752256+00:00,2026-09-13T17:00:00+00:00,82.30412906666668,2026-09-13T15:38:42.066716+00:00,LOCKED,,,
2026_01_NYJ_TEN,2026,1,2026-09-13,13:00,NYJ,TEN,0.4906339393488605,0.5209352460957011,0.5173641257162701,0.5209352460957011,TEN,1.0,0.0,Opponent-adjusted Nested PURE,pure,opponent_adjusted,0.8-qb-starter,False,,,,,,,,,,,2026_01_NYJ_TEN::0.8-qb-starter::Opponent-adjusted Nested PURE,2026-09-11T22:37:14.224696+00:00,d2c2083fdd2075225075b043579dcd0896098d26,FINAL,0.9.0-fst,2026-09-13T15:37:41.703339+00:00,2026-09-13T15:37:41.752256+00:00,2026-09-13T17:00:00+00:00,82.30412906666668,2026-09-13T15:38:42.066716+00:00,LOCKED,,,
2026_01_NYJ_TEN,2026,1,2026-09-13,13:00,NYJ,TEN,0.4906339393488605,0.5209352460957011,0.5173641257162701,0.5200424660008434,TEN,0.75,0.25,Opponent-adjusted 75% PURE / 25% MARKET,fixed,opponent_adjusted,0.8-qb-starter,False,,,,,,,,,,,2026_01_NYJ_TEN::0.8-qb-starter::Opponent-adjusted 75% PURE / 25% MARKET,2026-09-11T22:37:14.224696+00:00,d2c2083fdd2075225075b043579dcd0896098d26,FINAL,0.9.0-fst,2026-09-13T15:37:41.703339+00:00,2026-09-13T15:37:41.752256+00:00,2026-09-13T17:00:00+00:00,82.30412906666668,2026-09-13T15:38:42.066716+00:00,LOCKED,,,
2026_01_NYJ_TEN,2026,1,2026-09-13,13:00,NYJ,TEN,0.4906339393488605,0.5209352460957011,0.5173641257162701,0.5182569058111279,TEN,0.25,0.75,Opponent-adjusted Hybrid adaptive Brier,linear,opponent_adjusted,0.8-qb-starter,False,,,,,,,,,,,2026_01_NYJ_TEN::0.8-qb-starter::Opponent-adjusted Hybrid adaptive Brier,2026-09-11T22:37:14.224696+00:00,d2c2083fdd2075225075b043579dcd0896098d26,FINAL,0.9.0-fst,2026-09-13T15:37:41.703339+00:00,2026-09-13T15:37:41.752256+00:00,2026-09-13T17:00:00+00:00,82.30412906666668,2026-09-13T15:38:42.066716+00:00,LOCKED,,,
2026_01_NYJ_TEN,2026,1,2026-09-13,13:00,NYJ,TEN,0.4906339393488605,0.5209352460957011,0.5173641257162701,0.5182570864004706,TEN,0.25,0.75,Opponent-adjusted Logit hybrid adaptive Brier,logit,opponent_adjusted,0.8-qb-starter,False,,,,,,,,,,,2026_01_NYJ_TEN::0.8-qb-starter::Opponent-adjusted Logit hybrid adaptive Brier,2026-09-11T22:37:14.224696+00:00,d2c2083fdd2075225075b043579dcd0896098d26,FINAL,0.9.0-fst,2026-09-13T15:37:41.703339+00:00,2026-09-13T15:37:41.752256+00:00,2026-09-13T17:00:00+00:00,82.30412906666668,2026-09-13T15:38:42.066716+00:00,LOCKED,,,
2026_01_NYJ_TEN,2026,1,2026-09-13,13:00,NYJ,TEN,0.4906339393488605,0.5209352460957011,0.5173641257162701,0.5182570864004706,TEN,0.25,0.75,Opponent-adjusted Logit hybrid adaptive accuracy,logit,opponent_adjusted,0.8-qb-starter,False,,,,,,,,,,,2026_01_NYJ_TEN::0.8-qb-starter::Opponent-adjusted Logit hybrid adaptive accuracy,2026-09-11T22:37:14.224696+00:00,d2c2083fdd2075225075b043579dcd0896098d26,FINAL,0.9.0-fst,2026-09-13T15:37:41.703339+00:00,2026-09-13T15:37:41.752256+00:00,2026-09-13T17:00:00+00:00,82.30412906666668,2026-09-13T15:38:42.066716+00:00,LOCKED,,,
2026_01_NYJ_TEN,2026,1,2026-09-13,13:00,NYJ,TEN,0.4906339393488605,0.5955946558890918,0.5173641257162701,0.5955946558890918,TEN,1.0,0.0,QB-aware Nested PURE,pure,qb_aware,0.8-qb-starter,False,,,,,,,,,,,2026_01_NYJ_TEN::0.8-qb-starter::QB-aware Nested PURE,2026-09-11T22:37:14.224696+00:00,d2c2083fdd2075225075b043579dcd0896098d26,FINAL,0.9.0-fst,2026-09-13T15:37:41.703339+00:00,2026-09-13T15:37:41.752256+00:00,2026-09-13T17:00:00+00:00,82.30412906666668,2026-09-13T15:38:42.066716+00:00,LOCKED,,,
2026_01_NYJ_TEN,2026,1,2026-09-13,13:00,NYJ,TEN,0.4906339393488605,0.5955946558890918,0.5173641257162701,0.5760370233458864,TEN,0.75,0.25,QB-aware 75% PURE / 25% MARKET,fixed,qb_aware,0.8-qb-starter,False,,,,,,,,,,,2026_01_NYJ_TEN::0.8-qb-starter::QB-aware 75% PURE / 25% MARKET,2026-09-11T22:37:14.224696+00:00,d2c2083fdd2075225075b043579dcd0896098d26,FINAL,0.9.0-fst,2026-09-13T15:37:41.703339+00:00,2026-09-13T15:37:41.752256+00:00,2026-09-13T17:00:00+00:00,82.30412906666668,2026-09-13T15:38:42.066716+00:00,LOCKED,,,
2026_01_NYJ_TEN,2026,1,2026-09-13,13:00,NYJ,TEN,0.4906339393488605,0.5955946558890918,0.5173641257162701,0.5369217582594755,TEN,0.25,0.75,QB-aware Hybrid adaptive Brier,linear,qb_aware,0.8-qb-starter,False,,,,,,,,,,,2026_01_NYJ_TEN::0.8-qb-starter::QB-aware Hybrid adaptive Brier,2026-09-11T22:37:14.224696+00:00,d2c2083fdd2075225075b043579dcd0896098d26,FINAL,0.9.0-fst,2026-09-13T15:37:41.703339+00:00,2026-09-13T15:37:41.752256+00:00,2026-09-13T17:00:00+00:00,82.30412906666668,2026-09-13T15:38:42.066716+00:00,LOCKED,,,
2026_01_NYJ_TEN,2026,1,2026-09-13,13:00,NYJ,TEN,0.4906339393488605,0.5955946558890918,0.5173641257162701,0.5371561243180493,TEN,0.25,0.75,QB-aware Logit hybrid adaptive Brier,logit,qb_aware,0.8-qb-starter,False,,,,,,,,,,,2026_01_NYJ_TEN::0.8-qb-starter::QB-aware Logit hybrid adaptive Brier,2026-09-11T22:37:14.224696+00:00,d2c2083fdd2075225075b043579dcd0896098d26,FINAL,0.9.0-fst,2026-09-13T15:37:41.703339+00:00,2026-09-13T15:37:41.752256+00:00,2026-09-13T17:00:00+00:00,82.30412906666668,2026-09-13T15:38:42.066716+00:00,LOCKED,,,
2026_01_NYJ_TEN,2026,1,2026-09-13,13:00,NYJ,TEN,0.4906339393488605,0.5955946558890918,0.5173641257162701,0.5489793541027692,TEN,0.4,0.6,QB-aware Logit hybrid adaptive accuracy,logit,qb_aware,0.8-qb-starter,False,,,,,,,,,,,2026_01_NYJ_TEN::0.8-qb-starter::QB-aware Logit hybrid adaptive accuracy,2026-09-11T22:37:14.224696+00:00,d2c2083fdd2075225075b043579dcd0896098d26,FINAL,0.9.0-fst,2026-09-13T15:37:41.703339+00:00,2026-09-13T15:37:41.752256+00:00,2026-09-13T17:00:00+00:00,82.30412906666668,2026-09-13T15:38:42.066716+00:00,LOCKED,,,
2026_01_NYJ_TEN,2026,1,2026-09-13,13:00,NYJ,TEN,0.4906339393488605,0.546357609790831,0.5173641257162701,0.546357609790831,TEN,1.0,0.0,Opponent-adjusted + QB-aware Nested PURE,pure,opponent_adjusted_qb,0.8-qb-starter,False,,,,,,,,,,,2026_01_NYJ_TEN::0.8-qb-starter::Opponent-adjusted + QB-aware Nested PURE,2026-09-11T22:37:14.224696+00:00,d2c2083fdd2075225075b043579dcd0896098d26,FINAL,0.9.0-fst,2026-09-13T15:37:41.703339+00:00,2026-09-13T15:37:41.752256+00:00,2026-09-13T17:00:00+00:00,82.30412906666668,2026-09-13T15:38:42.066716+00:00,LOCKED,,,
2026_01_NYJ_TEN,2026,1,2026-09-13,13:00,NYJ,TEN,0.4906339393488605,0.546357609790831,0.5173641257162701,0.5391092387721907,TEN,0.75,0.25,Opponent-adjusted + QB-aware 75% PURE / 25% MARKET,fixed,opponent_adjusted_qb,0.8-qb-starter,False,,,,,,,,,,,2026_01_NYJ_TEN::0.8-qb-starter::Opponent-adjusted + QB-aware 75% PURE / 25% MARKET,2026-09-11T22:37:14.224696+00:00,d2c2083fdd2075225075b043579dcd0896098d26,FINAL,0.9.0-fst,2026-09-13T15:37:41.703339+00:00,2026-09-13T15:37:41.752256+00:00,2026-09-13T17:00:00+00:00,82.30412906666668,2026-09-13T15:38:42.066716+00:00,LOCKED,,,
2026_01_NYJ_TEN,2026,1,2026-09-13,13:00,NYJ,TEN,0.4906339393488605,0.546357609790831,0.5173641257162701,0.5246124967349104,TEN,0.25,0.75,Opponent-adjusted + QB-aware Hybrid adaptive Brier,linear,opponent_adjusted_qb,0.8-qb-starter,False,,,,,,,,,,,2026_01_NYJ_TEN::0.8-qb-starter::Opponent-adjusted + QB-aware Hybrid adaptive Brier,2026-09-11T22:37:14.224696+00:00,d2c2083fdd2075225075b043579dcd0896098d26,FINAL,0.9.0-fst,2026-09-13T15:37:41.703339+00:00,2026-09-13T15:37:41.752256+00:00,2026-09-13T17:00:00+00:00,82.30412906666668,2026-09-13T15:38:42.066716+00:00,LOCKED,,,
2026_01_NYJ_TEN,2026,1,2026-09-13,13:00,NYJ,TEN,0.4906339393488605,0.546357609790831,0.5173641257162701,0.5246311624629046,TEN,0.25,0.75,Opponent-adjusted + QB-aware Logit hybrid adaptive Brier,logit,opponent_adjusted_qb,0.8-qb-starter,False,,,,,,,,,,,2026_01_NYJ_TEN::0.8-qb-starter::Opponent-adjusted + QB-aware Logit hybrid adaptive Brier,2026-09-11T22:37:14.224696+00:00,d2c2083fdd2075225075b043579dcd0896098d26,FINAL,0.9.0-fst,2026-09-13T15:37:41.703339+00:00,2026-09-13T15:37:41.752256+00:00,2026-09-13T17:00:00+00:00,82.30412906666668,2026-09-13T15:38:42.066716+00:00,LOCKED,,,
2026_01_NYJ_TEN,2026,1,2026-09-13,13:00,NYJ,TEN,0.4906339393488605,0.546357609790831,0.5173641257162701,0.5246311624629046,TEN,0.25,0.75,Opponent-adjusted + QB-aware Logit hybrid adaptive accuracy,logit,opponent_adjusted_qb,0.8-qb-starter,False,,,,,,,,,,,2026_01_NYJ_TEN::0.8-qb-starter::Opponent-adjusted + QB-aware Logit hybrid adaptive accuracy,2026-09-11T22:37:14.224696+00:00,d2c2083fdd2075225075b043579dcd0896098d26,FINAL,0.9.0-fst,2026-09-13T15:37:41.703339+00:00,2026-09-13T15:37:41.752256+00:00,2026-09-13T17:00:00+00:00,82.30412906666668,2026-09-13T15:38:42.066716+00:00,LOCKED,,,
2026_01_NYJ_TEN,2026,1,2026-09-13,13:00,NYJ,TEN,0.4906339393488605,0.5653884671612079,0.5173641257162701,0.4906339393488605,NYJ,,,F-ST-01,stack,market_plus_v08_pure_logit_stack,F-ST-01-FROZEN-2026,True,2025.0,1615.0,2020.0,2025.0,6a26713b636a98298bb619982bb38b2e5dbb78816e093e6f910c1cee32ab5aa0,-0.0695435936316663,1.1939087340527093,-0.193427479838034,2026-09-10T05:08:04Z,59830d23e406d32c34e74919b31d0dd9f85b16ca,2026_01_NYJ_TEN::F-ST-01-FROZEN-2026::F-ST-01,2026-09-11T22:37:14.224696+00:00,d2c2083fdd2075225075b043579dcd0896098d26,FINAL,0.9.0-fst,2026-09-13T15:37:41.703339+00:00,2026-09-13T15:37:41.752256+00:00,2026-09-13T17:00:00+00:00,82.30412906666668,2026-09-13T15:38:42.066716+00:00,LOCKED,,,
